{
"type": "FeatureCollection",
"name": "BZ-06",
"crs": { "type": "name", "properties": { "name": "urn:ogc:def:crs:OGC:1.3:CRS84" } },
"features": [
{ "type": "Feature", "properties": { "fid": 5, "GID_3": "BIH.2.2.1_1", "GID_0": "BIH", "COUNTRY": "Bosnia and Herzegovina", "GID_1": "BIH.2_1", "NAME_1": "Federacija Bosna i Hercegovina", "NL_NAME_1": "NA", "GID_2": "BIH.2.2_1", "NAME_2": "Canton 10", "NL_NAME_2": "NA", "NAME_3": "Bosansko Grahovo", "VARNAME_3": "NA", "NL_NAME_3": "NA", "TYPE_3": "Opčine", "ENGTYPE_3": "Commune", "CC_3": "NA", "HASC_3": "NA" }, "geometry": { "type": "MultiPolygon", "coordinates": [ [ [ [ 16.211315155000136, 44.269836427000143 ], [ 16.211843490000035, 44.269905090000066 ], [ 16.21958351000012, 44.272304535000103 ], [ 16.223628997000048, 44.273384094000164 ], [ 16.22495842, 44.273830414000145 ], [ 16.227273941000021, 44.274948119000157 ], [ 16.229217529000096, 44.276374816000157 ], [ 16.23000526400017, 44.277206420000027 ], [ 16.231046677000052, 44.279159547000063 ], [ 16.231225968000103, 44.280212403000178 ], [ 16.230928422000147, 44.282310487000188 ], [ 16.229949951000094, 44.284130097000116 ], [ 16.227363587000184, 44.287528991000158 ], [ 16.225002289000031, 44.291351318000125 ], [ 16.221897126000044, 44.295688629000097 ], [ 16.221240998000098, 44.297687530000189 ], [ 16.221384049000108, 44.299816132000103 ], [ 16.221786499000018, 44.300865174000194 ], [ 16.223251341999969, 44.302818298000147 ], [ 16.226343155000109, 44.305309297000122 ], [ 16.22990226800016, 44.307479859000125 ], [ 16.235872268000094, 44.310314179000159 ], [ 16.237794876, 44.31147766100014 ], [ 16.239145279000127, 44.313056945000085 ], [ 16.241210938000052, 44.317783356000064 ], [ 16.242275238, 44.319644929000162 ], [ 16.246410370000035, 44.324550628999987 ], [ 16.24798965400015, 44.326065064000147 ], [ 16.249006271000155, 44.326717377000023 ], [ 16.250341416000026, 44.327266693000183 ], [ 16.25333023100012, 44.32787322900009 ], [ 16.258241654000187, 44.328063966000173 ], [ 16.272119522000025, 44.327747346000081 ], [ 16.275516511000149, 44.327995300000168 ], [ 16.27875709500006, 44.32867050200008 ], [ 16.28120231500003, 44.329708100000119 ], [ 16.283264159000112, 44.331058503000065 ], [ 16.284919739000145, 44.332611084000177 ], [ 16.288307190000012, 44.336959840000077 ], [ 16.291170120000118, 44.339088440000182 ], [ 16.293563842000083, 44.340137482000102 ], [ 16.294971465000117, 44.34049987800006 ], [ 16.296407700000032, 44.340728759000115 ], [ 16.299276352000049, 44.340839387000187 ], [ 16.302011490000098, 44.340515137000182 ], [ 16.303274154000121, 44.340175628000054 ], [ 16.305372238000132, 44.339099885000167 ], [ 16.310417174000122, 44.334785461000024 ], [ 16.311378479000155, 44.333202362000065 ], [ 16.312805175999983, 44.32985305700015 ], [ 16.314069748000179, 44.32836914 ], [ 16.316011429000184, 44.32732009900019 ], [ 16.320533753000063, 44.325965882000105 ], [ 16.322603225000023, 44.325130463 ], [ 16.325748443000066, 44.322792054000047 ], [ 16.329183578000141, 44.32066345200019 ], [ 16.331956863000187, 44.318111419000104 ], [ 16.335376739000026, 44.315990448000036 ], [ 16.338640214000122, 44.313690185000041 ], [ 16.339855194000108, 44.313205719000109 ], [ 16.342657090000102, 44.312580108000134 ], [ 16.352222443000073, 44.3115654 ], [ 16.355394364000063, 44.31093216000005 ], [ 16.357944489000147, 44.310070038000106 ], [ 16.364864350000062, 44.306987763000109 ], [ 16.366928100000109, 44.305774689000089 ], [ 16.367765426000119, 44.30503845200019 ], [ 16.370632171000068, 44.301639557000044 ], [ 16.374507905000144, 44.297954560000051 ], [ 16.378944398000158, 44.29434585600012 ], [ 16.382492066000054, 44.291778565000016 ], [ 16.3849925990001, 44.290214539000146 ], [ 16.387664794000102, 44.2888679510001 ], [ 16.39916038500013, 44.28453064100006 ], [ 16.402118683000083, 44.283763885000042 ], [ 16.405504227000108, 44.283298493000075 ], [ 16.410747528000059, 44.282989501000088 ], [ 16.422931671000185, 44.282623291000164 ], [ 16.42613983200016, 44.282299041000158 ], [ 16.429025649999971, 44.281661987000177 ], [ 16.431198121000079, 44.280605317000152 ], [ 16.433475495000039, 44.278858185 ], [ 16.436885833000133, 44.276752471000066 ], [ 16.439062120000131, 44.27484512400008 ], [ 16.440834045000088, 44.273654939000096 ], [ 16.44990158000013, 44.269447327000137 ], [ 16.456523895000146, 44.267150879000155 ], [ 16.46398162800017, 44.264259338000102 ], [ 16.475519181000095, 44.261837005000132 ], [ 16.483078002000127, 44.25921630900001 ], [ 16.486289978000173, 44.258579255000086 ], [ 16.491361618000042, 44.258106232000102 ], [ 16.513952254000117, 44.257629394999981 ], [ 16.517253876000098, 44.25723648200011 ], [ 16.520372390000034, 44.256408691000047 ], [ 16.52160072300012, 44.255863190000127 ], [ 16.523704529000099, 44.254489898000031 ], [ 16.525314331000061, 44.252834319999977 ], [ 16.525901794000106, 44.251914978000116 ], [ 16.526636123, 44.249687195000092 ], [ 16.526973724000129, 44.244201661000091 ], [ 16.527423858000077, 44.242168425999978 ], [ 16.527944565000098, 44.241214753000065 ], [ 16.528789520000089, 44.24034118700007 ], [ 16.529850006000117, 44.239700318000075 ], [ 16.531053543000098, 44.23925399899997 ], [ 16.533689499000104, 44.238811493000128 ], [ 16.537881851000066, 44.238983154000039 ], [ 16.540548325000032, 44.239582062000068 ], [ 16.54675102300007, 44.241630554999972 ], [ 16.550024032000067, 44.242225648000101 ], [ 16.553478241000164, 44.242534638000109 ], [ 16.55881118800005, 44.242702483000016 ], [ 16.578702926000119, 44.242782592000026 ], [ 16.579326630000025, 44.242717744000174 ], [ 16.580987930000163, 44.242542268000193 ], [ 16.582059860000072, 44.242202760000168 ], [ 16.583854675000111, 44.241199493000011 ], [ 16.5865001680001, 44.238624572000049 ], [ 16.589691163000055, 44.236228943000185 ], [ 16.593074799000078, 44.232089996000127 ], [ 16.5986175540001, 44.226692200000059 ], [ 16.601108551000095, 44.223777771000073 ], [ 16.602210998000089, 44.221584321000137 ], [ 16.602752685000041, 44.219245911000087 ], [ 16.603122710000036, 44.211017609000123 ], [ 16.603668213000105, 44.207801818000064 ], [ 16.604549407000036, 44.205993653000121 ], [ 16.607057572000144, 44.203311920000033 ], [ 16.607587814000169, 44.202415466000105 ], [ 16.608224869000026, 44.200363159 ], [ 16.608434677000162, 44.198116302000187 ], [ 16.608125687000154, 44.194591522000053 ], [ 16.607473374000108, 44.192256927000074 ], [ 16.606418610000048, 44.190189362000126 ], [ 16.603891373000124, 44.186603547000175 ], [ 16.602834702000166, 44.184558869000114 ], [ 16.602119446000131, 44.182235717000083 ], [ 16.600849151000091, 44.176315307000152 ], [ 16.599948884000128, 44.174045563000107 ], [ 16.599260329000117, 44.172973633000083 ], [ 16.597633363000114, 44.17131805300005 ], [ 16.59561920100009, 44.169952392000141 ], [ 16.59335518000006, 44.168895722000116 ], [ 16.58720016400008, 44.166896821000194 ], [ 16.584255218000123, 44.165138244000048 ], [ 16.582895280000059, 44.163585663000106 ], [ 16.582521439000118, 44.162635804000104 ], [ 16.582435608000026, 44.161666871000136 ], [ 16.582649231000062, 44.160705566000104 ], [ 16.583189011000115, 44.159797668000124 ], [ 16.584955215999969, 44.158477784000183 ], [ 16.592794419000143, 44.155323028999987 ], [ 16.595514298000012, 44.154617310000162 ], [ 16.604318619000082, 44.153171540000073 ], [ 16.607162477000031, 44.152259828000126 ], [ 16.61099624600007, 44.150222779000046 ], [ 16.614299774000017, 44.147724152000194 ], [ 16.616157531000169, 44.145870208000076 ], [ 16.617595673000153, 44.143840791000116 ], [ 16.61843681300013, 44.141738892000035 ], [ 16.620069504000128, 44.135387422000122 ], [ 16.623077393000017, 44.129825592000032 ], [ 16.625137329000097, 44.124008179000157 ], [ 16.626407623999967, 44.122329713000056 ], [ 16.628326416000107, 44.121047973000032 ], [ 16.63502311700006, 44.117889404999971 ], [ 16.644094467000116, 44.114456176000033 ], [ 16.646612168000161, 44.113079072000176 ], [ 16.648960112999987, 44.111526489000028 ], [ 16.653106690000186, 44.108123780000142 ], [ 16.657331467000063, 44.103061677000085 ], [ 16.660459519000028, 44.100448610000115 ], [ 16.664144517000125, 44.095474244000116 ], [ 16.668201447000058, 44.090515137000068 ], [ 16.669754028, 44.088989258000026 ], [ 16.671806335999975, 44.087810517000094 ], [ 16.684101105000025, 44.082096100000058 ], [ 16.685108184000171, 44.081470490000186 ], [ 16.686717987, 44.079944611000144 ], [ 16.690647126000158, 44.074855805000084 ], [ 16.691713334000099, 44.072963715000185 ], [ 16.692125321000162, 44.071781159000068 ], [ 16.692512511000018, 44.069339752000133 ], [ 16.692499161000171, 44.066844940000124 ], [ 16.692193984000028, 44.064334870000096 ], [ 16.691202165000163, 44.060070038000163 ], [ 16.685922623000124, 44.058612824000193 ], [ 16.678737641000168, 44.055885314000136 ], [ 16.673276902000168, 44.054164886000081 ], [ 16.670656205000114, 44.053020477000132 ], [ 16.664564132000123, 44.049877167000147 ], [ 16.662080765000098, 44.048927308000145 ], [ 16.660774231000175, 44.048622131 ], [ 16.659423828000058, 44.048492433000149 ], [ 16.657022476000179, 44.048759460000099 ], [ 16.65238952600015, 44.050117494 ], [ 16.647832870000059, 44.050983428999984 ], [ 16.639642716000083, 44.051700593000191 ], [ 16.636430741000027, 44.051765441000043 ], [ 16.633365632000164, 44.051586150000048 ], [ 16.630510331000039, 44.050926209000068 ], [ 16.629230499000016, 44.050273896000192 ], [ 16.628210068000101, 44.049381257000107 ], [ 16.627077103000033, 44.047340394000116 ], [ 16.626689912000074, 44.045166017000042 ], [ 16.62697982800006, 44.041873932000101 ], [ 16.627782821000153, 44.039833069000053 ], [ 16.628435134000028, 44.038932800000111 ], [ 16.63228988700007, 44.035713196000131 ], [ 16.636907578000091, 44.029865265000069 ], [ 16.638042449000125, 44.028011323000158 ], [ 16.638444900000138, 44.026950836000083 ], [ 16.638828278000062, 44.024768829000095 ], [ 16.638742447000141, 44.022563935000107 ], [ 16.638191222999978, 44.020401001000039 ], [ 16.637710571000014, 44.019355775000065 ], [ 16.636444092000147, 44.017536164000035 ], [ 16.631437302000109, 44.011840820000089 ], [ 16.629779816000109, 44.010498047000056 ], [ 16.627120972, 44.008762360999981 ], [ 16.622386933000087, 44.003906250999989 ], [ 16.615087508000045, 43.9980201730001 ], [ 16.610877991000166, 43.994087219000107 ], [ 16.608879090000073, 43.992954255000143 ], [ 16.601909638, 43.990940094 ], [ 16.600042343000155, 43.989856720000091 ], [ 16.596952438000187, 43.986984253000173 ], [ 16.595046997000168, 43.98564529500004 ], [ 16.592802049000056, 43.9845161450001 ], [ 16.591539382000121, 43.984077454000101 ], [ 16.588676453000119, 43.983554840000011 ], [ 16.58723068300003, 43.983470915999987 ], [ 16.584413528000084, 43.983619690000069 ], [ 16.581850051000174, 43.984191895000095 ], [ 16.58074760400018, 43.984668732000159 ], [ 16.579851150000081, 43.985252382000169 ], [ 16.577791213000069, 43.987083435000045 ], [ 16.574636460000079, 43.989181519000113 ], [ 16.572668075000024, 43.990863800000113 ], [ 16.571767806000082, 43.991363526000043 ], [ 16.570655823000152, 43.991714477000073 ], [ 16.569427491000113, 43.991893768000068 ], [ 16.568136216000141, 43.991893768000068 ], [ 16.565641404000132, 43.991378784000062 ], [ 16.564546585000073, 43.990917205000187 ], [ 16.562585830999978, 43.989749908000135 ], [ 16.560924530000136, 43.988372803000118 ], [ 16.558753968000133, 43.986110687 ], [ 16.556945800999983, 43.984855653000125 ], [ 16.549119949000158, 43.9814529410001 ], [ 16.547485351000091, 43.984924316 ], [ 16.538085937000062, 44.001098632000151 ], [ 16.535907745000145, 44.002601625000068 ], [ 16.525110244000132, 44.010120392000033 ], [ 16.51212120100007, 44.014232635000155 ], [ 16.505126953000058, 44.016479493000077 ], [ 16.502235413000108, 44.01691436800013 ], [ 16.48248481700017, 44.019897460000038 ], [ 16.464294434000124, 44.023315430000025 ], [ 16.456298828000058, 44.028320313000165 ], [ 16.451330185000131, 44.031673432000048 ], [ 16.440916062000042, 44.038696289000143 ], [ 16.42924499500009, 44.04663086000005 ], [ 16.42750930800014, 44.047813416000167 ], [ 16.398654939000039, 44.067432403000112 ], [ 16.396484375, 44.06890869200015 ], [ 16.387832642000149, 44.075702668000076 ], [ 16.384277343000065, 44.078491211000141 ], [ 16.37810134800003, 44.082504272000108 ], [ 16.374694824000073, 44.084716797999988 ], [ 16.365749359, 44.088844299000186 ], [ 16.361331940000184, 44.09091186500001 ], [ 16.358337402000075, 44.092090606000113 ], [ 16.3539333330001, 44.093826294000053 ], [ 16.347829819000083, 44.096229554000104 ], [ 16.345966340000189, 44.105468750000171 ], [ 16.345657348000032, 44.107002259000126 ], [ 16.341125488000046, 44.121788025000171 ], [ 16.332511902000022, 44.123172760000045 ], [ 16.330413819000057, 44.12351226800007 ], [ 16.329433440000059, 44.123752594000052 ], [ 16.319576263000044, 44.126174928000125 ], [ 16.314502716000106, 44.13565445 ], [ 16.310026168000093, 44.149257660000046 ], [ 16.308588028000145, 44.160408020000034 ], [ 16.299980163000157, 44.167255403000183 ], [ 16.262840272000176, 44.187892915000134 ], [ 16.244707107000067, 44.197971344999985 ], [ 16.243425370000125, 44.205608368000128 ], [ 16.243009568, 44.208068848000153 ], [ 16.242029190000096, 44.213867187 ], [ 16.237199783000108, 44.242469787000175 ], [ 16.235492706000173, 44.252578735999975 ], [ 16.223075866000045, 44.25984191900011 ], [ 16.214437484000086, 44.266674042000091 ], [ 16.211315155000136, 44.269836427000143 ] ] ] ] } },
{ "type": "Feature", "properties": { "fid": 6, "GID_3": "BIH.2.2.2_1", "GID_0": "BIH", "COUNTRY": "Bosnia and Herzegovina", "GID_1": "BIH.2_1", "NAME_1": "Federacija Bosna i Hercegovina", "NL_NAME_1": "NA", "GID_2": "BIH.2.2_1", "NAME_2": "Canton 10", "NL_NAME_2": "NA", "NAME_3": "Drvar", "VARNAME_3": "NA", "NL_NAME_3": "NA", "TYPE_3": "Opčine", "ENGTYPE_3": "Commune", "CC_3": "NA", "HASC_3": "NA" }, "geometry": { "type": "MultiPolygon", "coordinates": [ [ [ [ 16.579326630000025, 44.242717744000174 ], [ 16.578702926000119, 44.242782592000026 ], [ 16.55881118800005, 44.242702483000016 ], [ 16.553478241000164, 44.242534638000109 ], [ 16.550024032000067, 44.242225648000101 ], [ 16.54675102300007, 44.241630554999972 ], [ 16.540548325000032, 44.239582062000068 ], [ 16.537881851000066, 44.238983154000039 ], [ 16.533689499000104, 44.238811493000128 ], [ 16.531053543000098, 44.23925399899997 ], [ 16.529850006000117, 44.239700318000075 ], [ 16.528789520000089, 44.24034118700007 ], [ 16.527944565000098, 44.241214753000065 ], [ 16.527423858000077, 44.242168425999978 ], [ 16.526973724000129, 44.244201661000091 ], [ 16.526636123, 44.249687195000092 ], [ 16.525901794000106, 44.251914978000116 ], [ 16.525314331000061, 44.252834319999977 ], [ 16.523704529000099, 44.254489898000031 ], [ 16.52160072300012, 44.255863190000127 ], [ 16.520372390000034, 44.256408691000047 ], [ 16.517253876000098, 44.25723648200011 ], [ 16.513952254000117, 44.257629394999981 ], [ 16.491361618000042, 44.258106232000102 ], [ 16.486289978000173, 44.258579255000086 ], [ 16.483078002000127, 44.25921630900001 ], [ 16.475519181000095, 44.261837005000132 ], [ 16.46398162800017, 44.264259338000102 ], [ 16.456523895000146, 44.267150879000155 ], [ 16.44990158000013, 44.269447327000137 ], [ 16.440834045000088, 44.273654939000096 ], [ 16.439062120000131, 44.27484512400008 ], [ 16.436885833000133, 44.276752471000066 ], [ 16.433475495000039, 44.278858185 ], [ 16.431198121000079, 44.280605317000152 ], [ 16.429025649999971, 44.281661987000177 ], [ 16.42613983200016, 44.282299041000158 ], [ 16.422931671000185, 44.282623291000164 ], [ 16.410747528000059, 44.282989501000088 ], [ 16.405504227000108, 44.283298493000075 ], [ 16.402118683000083, 44.283763885000042 ], [ 16.39916038500013, 44.28453064100006 ], [ 16.387664794000102, 44.2888679510001 ], [ 16.3849925990001, 44.290214539000146 ], [ 16.382492066000054, 44.291778565000016 ], [ 16.378944398000158, 44.29434585600012 ], [ 16.374507905000144, 44.297954560000051 ], [ 16.370632171000068, 44.301639557000044 ], [ 16.367765426000119, 44.30503845200019 ], [ 16.366928100000109, 44.305774689000089 ], [ 16.364864350000062, 44.306987763000109 ], [ 16.357944489000147, 44.310070038000106 ], [ 16.355394364000063, 44.31093216000005 ], [ 16.352222443000073, 44.3115654 ], [ 16.342657090000102, 44.312580108000134 ], [ 16.339855194000108, 44.313205719000109 ], [ 16.338640214000122, 44.313690185000041 ], [ 16.335376739000026, 44.315990448000036 ], [ 16.331956863000187, 44.318111419000104 ], [ 16.329183578000141, 44.32066345200019 ], [ 16.325748443000066, 44.322792054000047 ], [ 16.322603225000023, 44.325130463 ], [ 16.320533753000063, 44.325965882000105 ], [ 16.316011429000184, 44.32732009900019 ], [ 16.314069748000179, 44.32836914 ], [ 16.312805175999983, 44.32985305700015 ], [ 16.311378479000155, 44.333202362000065 ], [ 16.310417174000122, 44.334785461000024 ], [ 16.305372238000132, 44.339099885000167 ], [ 16.303274154000121, 44.340175628000054 ], [ 16.302011490000098, 44.340515137000182 ], [ 16.299276352000049, 44.340839387000187 ], [ 16.296407700000032, 44.340728759000115 ], [ 16.294971465000117, 44.34049987800006 ], [ 16.293563842000083, 44.340137482000102 ], [ 16.291170120000118, 44.339088440000182 ], [ 16.288307190000012, 44.336959840000077 ], [ 16.284919739000145, 44.332611084000177 ], [ 16.283264159000112, 44.331058503000065 ], [ 16.28120231500003, 44.329708100000119 ], [ 16.27875709500006, 44.32867050200008 ], [ 16.275516511000149, 44.327995300000168 ], [ 16.272119522000025, 44.327747346000081 ], [ 16.258241654000187, 44.328063966000173 ], [ 16.25333023100012, 44.32787322900009 ], [ 16.250341416000026, 44.327266693000183 ], [ 16.249006271000155, 44.326717377000023 ], [ 16.24798965400015, 44.326065064000147 ], [ 16.246410370000035, 44.324550628999987 ], [ 16.242275238, 44.319644929000162 ], [ 16.241210938000052, 44.317783356000064 ], [ 16.239145279000127, 44.313056945000085 ], [ 16.237794876, 44.31147766100014 ], [ 16.235872268000094, 44.310314179000159 ], [ 16.22990226800016, 44.307479859000125 ], [ 16.226343155000109, 44.305309297000122 ], [ 16.223251341999969, 44.302818298000147 ], [ 16.221786499000018, 44.300865174000194 ], [ 16.221384049000108, 44.299816132000103 ], [ 16.221240998000098, 44.297687530000189 ], [ 16.221897126000044, 44.295688629000097 ], [ 16.225002289000031, 44.291351318000125 ], [ 16.227363587000184, 44.287528991000158 ], [ 16.229949951000094, 44.284130097000116 ], [ 16.230928422000147, 44.282310487000188 ], [ 16.231225968000103, 44.280212403000178 ], [ 16.231046677000052, 44.279159547000063 ], [ 16.23000526400017, 44.277206420000027 ], [ 16.229217529000096, 44.276374816000157 ], [ 16.227273941000021, 44.274948119000157 ], [ 16.22495842, 44.273830414000145 ], [ 16.223628997000048, 44.273384094000164 ], [ 16.21958351000012, 44.272304535000103 ], [ 16.211843490000035, 44.269905090000066 ], [ 16.211315155000136, 44.269836427000143 ], [ 16.207941055000049, 44.273254395000151 ], [ 16.207496644000116, 44.273704529000099 ], [ 16.204542160000074, 44.276695251000092 ], [ 16.20383834800009, 44.27819824200003 ], [ 16.20012664800015, 44.28641509900018 ], [ 16.199096680000025, 44.288696289000086 ], [ 16.196899415000189, 44.302673341000173 ], [ 16.19756317100007, 44.30677795400004 ], [ 16.198036193000121, 44.309700013000167 ], [ 16.198925017000079, 44.314971925000066 ], [ 16.201341628000137, 44.323669435000113 ], [ 16.202085495000119, 44.326293945000032 ], [ 16.202266694000116, 44.326755524000077 ], [ 16.203205108000134, 44.329147339000031 ], [ 16.206516265000062, 44.337478637000117 ], [ 16.20989608800005, 44.348316192000027 ], [ 16.20998573300011, 44.348537445000147 ], [ 16.211671829000181, 44.352710723000087 ], [ 16.214227677000054, 44.359039307000046 ], [ 16.21352005100016, 44.359504699000013 ], [ 16.212163925000027, 44.360401154000044 ], [ 16.209348678000026, 44.362258911000026 ], [ 16.206514358, 44.364131928000177 ], [ 16.189254761000029, 44.37379074100005 ], [ 16.185495378000155, 44.375892639000085 ], [ 16.168785095000146, 44.384819030000131 ], [ 16.156459807000147, 44.38693618700006 ], [ 16.143648147000079, 44.385356903000115 ], [ 16.141469955000161, 44.387676239000029 ], [ 16.136054993000073, 44.393440247000171 ], [ 16.133810043000153, 44.395832061000192 ], [ 16.135080338000023, 44.396942138000099 ], [ 16.139978410000083, 44.401218414000084 ], [ 16.148485184000151, 44.401405335000163 ], [ 16.155778885000132, 44.406177521000131 ], [ 16.155822755000031, 44.406272888000103 ], [ 16.156406402000073, 44.407512666 ], [ 16.157180786000026, 44.409156800000176 ], [ 16.159751892000145, 44.40663147000015 ], [ 16.16374969400016, 44.401744843000188 ], [ 16.168155670000033, 44.402412415000185 ], [ 16.171051026000157, 44.403209687000071 ], [ 16.180690765000065, 44.407344818000183 ], [ 16.186214447000054, 44.408962249000126 ], [ 16.193782806000172, 44.411731721000137 ], [ 16.200609206000081, 44.413658142000088 ], [ 16.208972931000119, 44.416961669000159 ], [ 16.211149215000091, 44.418064118000132 ], [ 16.212833404000094, 44.419544220000034 ], [ 16.21870231600019, 44.426174163000155 ], [ 16.221107484000072, 44.430068970000093 ], [ 16.225009919000115, 44.435443878 ], [ 16.225891112999989, 44.437496186000033 ], [ 16.227233886000022, 44.441696168000078 ], [ 16.228246689000059, 44.443748474000074 ], [ 16.230829239, 44.446605683000143 ], [ 16.233003616000076, 44.448291778999987 ], [ 16.235420227000077, 44.449813843000186 ], [ 16.239473342000167, 44.451683044000049 ], [ 16.242452622000144, 44.4524688730001 ], [ 16.251188279000189, 44.453548431000115 ], [ 16.254184724000083, 44.45422744800004 ], [ 16.261058806000051, 44.456787110000107 ], [ 16.263242721000154, 44.457866668000065 ], [ 16.264200211000173, 44.458568574000083 ], [ 16.265094758000032, 44.459556580000083 ], [ 16.266166688000055, 44.461795806999987 ], [ 16.266773224000133, 44.465507508000087 ], [ 16.267343520999987, 44.474525451000034 ], [ 16.26796341000005, 44.476882934000173 ], [ 16.269199369999967, 44.47891998200015 ], [ 16.275320052000154, 44.483787538000172 ], [ 16.278882980999981, 44.485786439000094 ], [ 16.281995772000073, 44.488147735000098 ], [ 16.285623550000025, 44.490154266000104 ], [ 16.288864136000086, 44.492538453000122 ], [ 16.292867661000173, 44.494518281000126 ], [ 16.295129775000078, 44.495864869000172 ], [ 16.301477433, 44.497028351000154 ], [ 16.306240081000112, 44.497631074000026 ], [ 16.311021805000166, 44.497692109000184 ], [ 16.314018250000174, 44.497364044000108 ], [ 16.315418243000124, 44.497055054000157 ], [ 16.317890166999973, 44.496025086000031 ], [ 16.318799972000022, 44.495326996000188 ], [ 16.325683594000111, 44.486499787000128 ], [ 16.327312469000162, 44.48502731300016 ], [ 16.329898834000176, 44.483947755000031 ], [ 16.331367493000073, 44.483619690000126 ], [ 16.334493637000094, 44.48327255300012 ], [ 16.339408875, 44.483303070000034 ], [ 16.34268760600014, 44.483673095000029 ], [ 16.345609666000144, 44.484344482000097 ], [ 16.352025986000115, 44.486343385000168 ], [ 16.355182647000049, 44.486873627000193 ], [ 16.360139847000085, 44.48720932100008 ], [ 16.370203018000041, 44.487468720000095 ], [ 16.373474121000072, 44.487735747999977 ], [ 16.376605988000108, 44.488258362000067 ], [ 16.382961273000035, 44.490188598000088 ], [ 16.385740281000096, 44.490768433000028 ], [ 16.390249252000046, 44.491012574000081 ], [ 16.393264771000077, 44.490764617000082 ], [ 16.396184921000099, 44.490135193000185 ], [ 16.39891052300004, 44.489036561000091 ], [ 16.408605575000024, 44.483375549000129 ], [ 16.411359787000151, 44.482234955000081 ], [ 16.418624877000184, 44.479675293000184 ], [ 16.428058624000073, 44.475048066000056 ], [ 16.428586959000029, 44.470119477000026 ], [ 16.429397582000036, 44.467796326000098 ], [ 16.430091857000036, 44.466640472 ], [ 16.432985305000159, 44.463504792000094 ], [ 16.435359954000091, 44.461658478000118 ], [ 16.438001633000056, 44.460037232000047 ], [ 16.440914154000097, 44.458740234000061 ], [ 16.442472457000122, 44.45826339700011 ], [ 16.449918746000094, 44.456554414000038 ], [ 16.454950332000067, 44.454231263000111 ], [ 16.456304550000027, 44.453788757000098 ], [ 16.45935249300004, 44.45317840600012 ], [ 16.467460632999973, 44.452026367000087 ], [ 16.470302581000112, 44.451160431000062 ], [ 16.473957062000068, 44.449005128000124 ], [ 16.479709625000055, 44.446453096000027 ], [ 16.488241197000036, 44.442142486000023 ], [ 16.490064622000034, 44.440799713000047 ], [ 16.493204117000175, 44.437557221000191 ], [ 16.495309830000053, 44.435863495000035 ], [ 16.501693725000052, 44.432186127000023 ], [ 16.504747390000034, 44.429653168000186 ], [ 16.508186341000055, 44.427471161000028 ], [ 16.510459900000171, 44.425594331000127 ], [ 16.512308120000171, 44.424415588000045 ], [ 16.519863129000044, 44.421138763999977 ], [ 16.522895813000162, 44.42005920400004 ], [ 16.526590346000035, 44.419265747 ], [ 16.531579970000053, 44.418632507000041 ], [ 16.536397932999989, 44.415866852000079 ], [ 16.538545609000096, 44.414428710000095 ], [ 16.54276084900016, 44.410472869999978 ], [ 16.546146393000129, 44.408164979000105 ], [ 16.548904419000053, 44.40555954000007 ], [ 16.552236558000175, 44.403369904000101 ], [ 16.555025101000069, 44.400810242000034 ], [ 16.55848312300003, 44.398693085000104 ], [ 16.560775756000055, 44.396919250000167 ], [ 16.562679290000176, 44.395904542000039 ], [ 16.568544387000088, 44.394325256000116 ], [ 16.570718764000105, 44.393531799000073 ], [ 16.574186324000152, 44.391277313000103 ], [ 16.578573227000106, 44.389232634999985 ], [ 16.581132889000173, 44.387832642000092 ], [ 16.586084366000136, 44.384449005000135 ], [ 16.597011566000106, 44.376163482000038 ], [ 16.601980209000089, 44.37296295200008 ], [ 16.605670929000098, 44.371295929000041 ], [ 16.617113113000187, 44.367130279000037 ], [ 16.626972198000146, 44.36512375000018 ], [ 16.630090714000062, 44.364070893000189 ], [ 16.634273530000144, 44.361824035000097 ], [ 16.642459869000049, 44.356334686000025 ], [ 16.654142381000156, 44.348941804000106 ], [ 16.660329818000093, 44.344448091000174 ], [ 16.662946701000124, 44.340679169000111 ], [ 16.666503905000127, 44.334331512000063 ], [ 16.670808792000059, 44.328403474000027 ], [ 16.672138214000086, 44.32512664800015 ], [ 16.672628402000157, 44.320343019 ], [ 16.672290801000031, 44.315631866000047 ], [ 16.671369553000034, 44.312400819000118 ], [ 16.670122147000029, 44.310592652000025 ], [ 16.666831969999976, 44.308315278000066 ], [ 16.663860321000072, 44.305873871000131 ], [ 16.660274506000121, 44.303737641000112 ], [ 16.65640068100015, 44.299816132000103 ], [ 16.649393081000142, 44.293750763000162 ], [ 16.646953584000187, 44.29095458900008 ], [ 16.644174576000069, 44.285446166000042 ], [ 16.642612458000144, 44.283950806000121 ], [ 16.641418457000043, 44.283355713000162 ], [ 16.638669968000102, 44.282680512000184 ], [ 16.62927436800004, 44.282039642000086 ], [ 16.626066208000168, 44.281593323000038 ], [ 16.614095687000088, 44.278034211000033 ], [ 16.609985352000081, 44.276401520000036 ], [ 16.606233596000038, 44.274234771000124 ], [ 16.601821899000129, 44.270977021000192 ], [ 16.597141265000062, 44.26613998400012 ], [ 16.59458160500003, 44.264419556000064 ], [ 16.59307289200018, 44.263141633000089 ], [ 16.579326630000025, 44.242717744000174 ] ] ] ] } },
{ "type": "Feature", "properties": { "fid": 7, "GID_3": "BIH.2.2.3_1", "GID_0": "BIH", "COUNTRY": "Bosnia and Herzegovina", "GID_1": "BIH.2_1", "NAME_1": "Federacija Bosna i Hercegovina", "NL_NAME_1": "NA", "GID_2": "BIH.2.2_1", "NAME_2": "Canton 10", "NL_NAME_2": "NA", "NAME_3": "Glamoč", "VARNAME_3": "NA", "NL_NAME_3": "NA", "TYPE_3": "Opčine", "ENGTYPE_3": "Commune", "CC_3": "NA", "HASC_3": "NA" }, "geometry": { "type": "MultiPolygon", "coordinates": [ [ [ [ 16.691202165000163, 44.060070038000163 ], [ 16.692193984000028, 44.064334870000096 ], [ 16.692499161000171, 44.066844940000124 ], [ 16.692512511000018, 44.069339752000133 ], [ 16.692125321000162, 44.071781159000068 ], [ 16.691713334000099, 44.072963715000185 ], [ 16.690647126000158, 44.074855805000084 ], [ 16.686717987, 44.079944611000144 ], [ 16.685108184000171, 44.081470490000186 ], [ 16.684101105000025, 44.082096100000058 ], [ 16.671806335999975, 44.087810517000094 ], [ 16.669754028, 44.088989258000026 ], [ 16.668201447000058, 44.090515137000068 ], [ 16.664144517000125, 44.095474244000116 ], [ 16.660459519000028, 44.100448610000115 ], [ 16.657331467000063, 44.103061677000085 ], [ 16.653106690000186, 44.108123780000142 ], [ 16.648960112999987, 44.111526489000028 ], [ 16.646612168000161, 44.113079072000176 ], [ 16.644094467000116, 44.114456176000033 ], [ 16.63502311700006, 44.117889404999971 ], [ 16.628326416000107, 44.121047973000032 ], [ 16.626407623999967, 44.122329713000056 ], [ 16.625137329000097, 44.124008179000157 ], [ 16.623077393000017, 44.129825592000032 ], [ 16.620069504000128, 44.135387422000122 ], [ 16.61843681300013, 44.141738892000035 ], [ 16.617595673000153, 44.143840791000116 ], [ 16.616157531000169, 44.145870208000076 ], [ 16.614299774000017, 44.147724152000194 ], [ 16.61099624600007, 44.150222779000046 ], [ 16.607162477000031, 44.152259828000126 ], [ 16.604318619000082, 44.153171540000073 ], [ 16.595514298000012, 44.154617310000162 ], [ 16.592794419000143, 44.155323028999987 ], [ 16.584955215999969, 44.158477784000183 ], [ 16.583189011000115, 44.159797668000124 ], [ 16.582649231000062, 44.160705566000104 ], [ 16.582435608000026, 44.161666871000136 ], [ 16.582521439000118, 44.162635804000104 ], [ 16.582895280000059, 44.163585663000106 ], [ 16.584255218000123, 44.165138244000048 ], [ 16.58720016400008, 44.166896821000194 ], [ 16.59335518000006, 44.168895722000116 ], [ 16.59561920100009, 44.169952392000141 ], [ 16.597633363000114, 44.17131805300005 ], [ 16.599260329000117, 44.172973633000083 ], [ 16.599948884000128, 44.174045563000107 ], [ 16.600849151000091, 44.176315307000152 ], [ 16.602119446000131, 44.182235717000083 ], [ 16.602834702000166, 44.184558869000114 ], [ 16.603891373000124, 44.186603547000175 ], [ 16.606418610000048, 44.190189362000126 ], [ 16.607473374000108, 44.192256927000074 ], [ 16.608125687000154, 44.194591522000053 ], [ 16.608434677000162, 44.198116302000187 ], [ 16.608224869000026, 44.200363159 ], [ 16.607587814000169, 44.202415466000105 ], [ 16.607057572000144, 44.203311920000033 ], [ 16.604549407000036, 44.205993653000121 ], [ 16.603668213000105, 44.207801818000064 ], [ 16.603122710000036, 44.211017609000123 ], [ 16.602752685000041, 44.219245911000087 ], [ 16.602210998000089, 44.221584321000137 ], [ 16.601108551000095, 44.223777771000073 ], [ 16.5986175540001, 44.226692200000059 ], [ 16.593074799000078, 44.232089996000127 ], [ 16.589691163000055, 44.236228943000185 ], [ 16.5865001680001, 44.238624572000049 ], [ 16.583854675000111, 44.241199493000011 ], [ 16.582059860000072, 44.242202760000168 ], [ 16.580987930000163, 44.242542268000193 ], [ 16.579326630000025, 44.242717744000174 ], [ 16.59307289200018, 44.263141633000089 ], [ 16.59458160500003, 44.264419556000064 ], [ 16.597141265000062, 44.26613998400012 ], [ 16.601821899000129, 44.270977021000192 ], [ 16.606233596000038, 44.274234771000124 ], [ 16.609985352000081, 44.276401520000036 ], [ 16.614095687000088, 44.278034211000033 ], [ 16.626066208000168, 44.281593323000038 ], [ 16.62927436800004, 44.282039642000086 ], [ 16.638669968000102, 44.282680512000184 ], [ 16.641418457000043, 44.283355713000162 ], [ 16.642612458000144, 44.283950806000121 ], [ 16.644174576000069, 44.285446166000042 ], [ 16.646953584000187, 44.29095458900008 ], [ 16.649393081000142, 44.293750763000162 ], [ 16.65640068100015, 44.299816132000103 ], [ 16.660274506000121, 44.303737641000112 ], [ 16.663860321000072, 44.305873871000131 ], [ 16.666831969999976, 44.308315278000066 ], [ 16.670122147000029, 44.310592652000025 ], [ 16.671369553000034, 44.312400819000118 ], [ 16.672290801000031, 44.315631866000047 ], [ 16.672628402000157, 44.320343019 ], [ 16.672138214000086, 44.32512664800015 ], [ 16.670808792000059, 44.328403474000027 ], [ 16.666503905000127, 44.334331512000063 ], [ 16.662946701000124, 44.340679169000111 ], [ 16.675573350000093, 44.338008882000054 ], [ 16.688169480000113, 44.336101532000157 ], [ 16.690631866000103, 44.335323334000066 ], [ 16.694278717000145, 44.333328247000111 ], [ 16.695455552000112, 44.332874299000025 ], [ 16.700784684000155, 44.33142471300016 ], [ 16.703237534000039, 44.330451965000123 ], [ 16.706422806000148, 44.328109741000162 ], [ 16.70985221900014, 44.325958252000191 ], [ 16.71267509400019, 44.323398590000181 ], [ 16.716011047000109, 44.321182251000039 ], [ 16.718805313000189, 44.318611145000091 ], [ 16.722137452000084, 44.316413880000084 ], [ 16.724962234000031, 44.313873291000107 ], [ 16.728385925000111, 44.311706544000174 ], [ 16.731513977000077, 44.309200287000181 ], [ 16.737102508000191, 44.306365967000147 ], [ 16.739688874000137, 44.304794313000116 ], [ 16.756149291000042, 44.292858124000077 ], [ 16.760232925000082, 44.290458679000096 ], [ 16.768976212000098, 44.287025453000069 ], [ 16.776012421000075, 44.283485412000175 ], [ 16.780260086000055, 44.28050995000018 ], [ 16.784660339000084, 44.278053285000055 ], [ 16.787687301000062, 44.275440216999982 ], [ 16.791000366, 44.273010254000098 ], [ 16.799249648000057, 44.26229095400015 ], [ 16.80076408400015, 44.260879517000149 ], [ 16.803304673000127, 44.25913238600009 ], [ 16.806447983000169, 44.256599427000026 ], [ 16.819597244000022, 44.250324250000176 ], [ 16.821632384000168, 44.249134064000089 ], [ 16.825529099000107, 44.245014191000166 ], [ 16.828695298000127, 44.242168425999978 ], [ 16.832359314000087, 44.239486695000039 ], [ 16.835056306000126, 44.237911224000186 ], [ 16.847713471000134, 44.232845306000058 ], [ 16.85607719300009, 44.229919434000124 ], [ 16.86466217100002, 44.225654602000191 ], [ 16.866313935000107, 44.224079133000146 ], [ 16.86868858400004, 44.219284058000142 ], [ 16.870016099000168, 44.2177581790001 ], [ 16.875858308000147, 44.212764740000182 ], [ 16.881296158000112, 44.209320069 ], [ 16.883813858000053, 44.208522797000114 ], [ 16.899831771000152, 44.189903259000175 ], [ 16.903114320000043, 44.187496186000089 ], [ 16.905929565000179, 44.184925079000038 ], [ 16.909278869, 44.182750702000192 ], [ 16.912109374000181, 44.180233001000147 ], [ 16.91545295800006, 44.17803573600014 ], [ 16.918258667000146, 44.175430298000038 ], [ 16.921527863000108, 44.173015594999981 ], [ 16.925117493000073, 44.169002532000036 ], [ 16.928356170000086, 44.166500092000092 ], [ 16.933784485000103, 44.163719177000132 ], [ 16.937355042000036, 44.161468507000109 ], [ 16.939977645000056, 44.160530090000179 ], [ 16.946012497000027, 44.15908432000009 ], [ 16.949008941000159, 44.15803527800017 ], [ 16.960081100000082, 44.152153015000067 ], [ 16.963197708000052, 44.151092530000028 ], [ 16.971441269000081, 44.149364472 ], [ 16.974546432000068, 44.148410797000054 ], [ 16.98360824700012, 44.144603729000039 ], [ 16.987205505000077, 44.142372132000048 ], [ 16.989316940000037, 44.141345979000107 ], [ 16.995969773000127, 44.139446260000057 ], [ 17.001930238000057, 44.13645935 ], [ 17.007297517000154, 44.135025025000061 ], [ 17.009782791000077, 44.13407898100013 ], [ 17.016487122000115, 44.129634857000156 ], [ 17.022235870000088, 44.124542236000025 ], [ 17.023387908000188, 44.122699738000165 ], [ 17.025014877000046, 44.118751525000107 ], [ 17.028694152000128, 44.114261627000189 ], [ 17.030807496000023, 44.109382629000095 ], [ 17.032169342000088, 44.107803344999979 ], [ 17.03672027600004, 44.10408783000014 ], [ 17.038576125000191, 44.10288238600009 ], [ 17.047515869, 44.098922731000073 ], [ 17.057386399000109, 44.09568023700001 ], [ 17.063684464000119, 44.091243744000053 ], [ 17.067466736000085, 44.088966369000161 ], [ 17.075567246000105, 44.084877015000018 ], [ 17.07954597500003, 44.084091186000137 ], [ 17.07941818200004, 44.068656922000116 ], [ 17.077171326000098, 44.01812362700008 ], [ 17.076635361000115, 44.011371613000051 ], [ 17.075428009, 44.00618744000019 ], [ 17.074226379999971, 44.003845215000126 ], [ 17.071372987000075, 43.999504090000187 ], [ 17.070434570000145, 43.99711227500012 ], [ 17.069856643000037, 43.994617463000111 ], [ 17.06832313600006, 43.984397889000036 ], [ 17.067544937000036, 43.981956482000101 ], [ 17.063016891000018, 43.972152710000046 ], [ 17.062381745000096, 43.969711303999986 ], [ 17.062229156000171, 43.967220307000048 ], [ 17.06258583000016, 43.964748383000142 ], [ 17.063585282000076, 43.962409974000025 ], [ 17.06834793000013, 43.95578765900018 ], [ 17.071250916, 43.953067779000037 ], [ 17.07257652300018, 43.951450348000037 ], [ 17.075269699000103, 43.944885255000145 ], [ 17.078931809000039, 43.939464569000165 ], [ 17.083173752000107, 43.932525636000094 ], [ 17.08410835300009, 43.930458069000167 ], [ 17.084239960000048, 43.929512025000065 ], [ 17.083904267000037, 43.92771148800017 ], [ 17.08275413500013, 43.926212310000153 ], [ 17.077268601000071, 43.922409057000152 ], [ 17.07174301200007, 43.919967652000025 ], [ 17.069375991000015, 43.918399812000132 ], [ 17.067428589000031, 43.916431427000077 ], [ 17.066156387000092, 43.914058686000146 ], [ 17.065477371000043, 43.911518097000169 ], [ 17.065141677000156, 43.908897399000011 ], [ 17.065155030000142, 43.902194977000079 ], [ 17.065996170000062, 43.897609709999983 ], [ 17.068437577, 43.891300202000025 ], [ 17.050256730000058, 43.889354706000177 ], [ 17.045852661000083, 43.888511658000027 ], [ 17.041776657000128, 43.886867524000081 ], [ 17.034183502000076, 43.882900238000104 ], [ 17.031379700000116, 43.88187027000015 ], [ 17.029750824000132, 43.8814888 ], [ 17.026367188000165, 43.881034851000038 ], [ 17.022890090000033, 43.880851745000143 ], [ 17.017595292000181, 43.880840302000195 ], [ 17.010509490000061, 43.881092071000126 ], [ 17.005283355000131, 43.881515503000173 ], [ 17.001920699999971, 43.882038118000025 ], [ 16.998996735000105, 43.882820129000152 ], [ 16.99276351900005, 43.885074615000178 ], [ 16.984149932000093, 43.886875152000187 ], [ 16.981325150000146, 43.887660981000124 ], [ 16.977373122000188, 43.889488220000032 ], [ 16.971292495000057, 43.893085480000138 ], [ 16.968748092999988, 43.894351960000108 ], [ 16.966062545000057, 43.895282746000191 ], [ 16.959415436000086, 43.896766663000164 ], [ 16.957132339000111, 43.89757537800017 ], [ 16.953645705000099, 43.899814606000177 ], [ 16.948471070000153, 43.902462005000132 ], [ 16.946617126000035, 43.903881074000026 ], [ 16.944486618000155, 43.906402587 ], [ 16.943611145000091, 43.908405304000098 ], [ 16.94210624700014, 43.913589479000109 ], [ 16.940883637000013, 43.915721894000058 ], [ 16.940000534000035, 43.916782379000153 ], [ 16.937923431000058, 43.91877365199997 ], [ 16.935596467000096, 43.920604705000073 ], [ 16.931913377000171, 43.923015595000038 ], [ 16.927631379000104, 43.925411225 ], [ 16.926069260000077, 43.927009583000086 ], [ 16.925218583000117, 43.929012299000078 ], [ 16.924867629, 43.931205749000185 ], [ 16.92474555900003, 43.938220978000061 ], [ 16.924507140000117, 43.940578461000143 ], [ 16.923864365000156, 43.942871094000054 ], [ 16.923290253000062, 43.944026947 ], [ 16.918600083000115, 43.950767518000021 ], [ 16.917043685000124, 43.952175140000179 ], [ 16.914495468000098, 43.953868866000164 ], [ 16.911373139000091, 43.956390382000052 ], [ 16.901399612000091, 43.960914612000124 ], [ 16.89311981200018, 43.963935853000066 ], [ 16.884197236000148, 43.968013764000034 ], [ 16.879732132000186, 43.970790864000151 ], [ 16.877067567000097, 43.971622468000021 ], [ 16.872465134000038, 43.972118379000108 ], [ 16.869319916000052, 43.972076417000039 ], [ 16.866342544000076, 43.971725463000098 ], [ 16.863943100000142, 43.971038818000068 ], [ 16.860342026000069, 43.969020844000056 ], [ 16.859119416000169, 43.968593598000098 ], [ 16.857757569, 43.968276979000052 ], [ 16.854795455999977, 43.967918397000062 ], [ 16.850187302000109, 43.967975617000036 ], [ 16.847272873000065, 43.968490601000155 ], [ 16.845945358000108, 43.968967438999982 ], [ 16.844776153999987, 43.969638825000118 ], [ 16.843395234000127, 43.971252441000047 ], [ 16.841409683000109, 43.976940155000136 ], [ 16.840030671000022, 43.978981018000127 ], [ 16.83820533800008, 43.980930329000046 ], [ 16.833858490000125, 43.984607697000172 ], [ 16.827777862000062, 43.988784790000011 ], [ 16.823839187999965, 43.990818025000124 ], [ 16.81876373200015, 43.992835999000135 ], [ 16.815711974000067, 43.994812012000125 ], [ 16.813541413000166, 43.99725341900006 ], [ 16.812704086000053, 43.999122619000161 ], [ 16.811843873000043, 44.001865388000169 ], [ 16.810895919000131, 44.003570558000035 ], [ 16.810108184000057, 44.004337311000143 ], [ 16.808998107000093, 44.00500488300014 ], [ 16.80772209200012, 44.00549697800011 ], [ 16.804859161000138, 44.006099701000153 ], [ 16.8017425540001, 44.006381989000033 ], [ 16.796810151000102, 44.006446838000159 ], [ 16.791807174000155, 44.006164552000087 ], [ 16.787015915000097, 44.005359649000184 ], [ 16.780763627000056, 44.003219604000151 ], [ 16.778053284000066, 44.002605438000103 ], [ 16.775175095000066, 44.002376557000105 ], [ 16.772367478000035, 44.002552033000029 ], [ 16.769783020000034, 44.00319290200008 ], [ 16.768657684, 44.003742218000014 ], [ 16.767747879000126, 44.004432678000114 ], [ 16.760866164000163, 44.013271332000102 ], [ 16.759239196000181, 44.014720918000137 ], [ 16.758060455000077, 44.015308380000079 ], [ 16.756738662999965, 44.015735626000094 ], [ 16.753828049000049, 44.016254425000113 ], [ 16.742536545000121, 44.016853333000142 ], [ 16.739280700000108, 44.017196656000181 ], [ 16.736133575000053, 44.017890931000181 ], [ 16.733234405000132, 44.019077302000028 ], [ 16.730611801000066, 44.020580292000034 ], [ 16.728143691000128, 44.022266388999981 ], [ 16.718669892000094, 44.029499055000144 ], [ 16.713829040000121, 44.032901765000133 ], [ 16.711347579000062, 44.034370423000155 ], [ 16.705774308000173, 44.037071228000059 ], [ 16.69967842200009, 44.042030335000163 ], [ 16.69863891600005, 44.043693543000074 ], [ 16.696720122999977, 44.049583436000091 ], [ 16.692911148000064, 44.055862428000182 ], [ 16.691202165000163, 44.060070038000163 ] ] ] ] } },
{ "type": "Feature", "properties": { "fid": 32, "GID_3": "BIH.2.5.1_1", "GID_0": "BIH", "COUNTRY": "Bosnia and Herzegovina", "GID_1": "BIH.2_1", "NAME_1": "Federacija Bosna i Hercegovina", "NL_NAME_1": "NA", "GID_2": "BIH.2.5_1", "NAME_2": "Posavina", "NL_NAME_2": "NA", "NAME_3": "Domaljevac-Šamac", "VARNAME_3": "NA", "NL_NAME_3": "NA", "TYPE_3": "Opčine", "ENGTYPE_3": "Commune", "CC_3": "NA", "HASC_3": "NA" }, "geometry": { "type": "MultiPolygon", "coordinates": [ [ [ [ 18.433626176000075, 45.079776763000098 ], [ 18.441217422000079, 45.092815399000131 ], [ 18.448165893000066, 45.088195800000051 ], [ 18.452190399000187, 45.085521697000047 ], [ 18.454580308000118, 45.083934785000054 ], [ 18.467512131000149, 45.074920655000085 ], [ 18.482265473000098, 45.071662903 ], [ 18.48380851800016, 45.071323394000103 ], [ 18.494806290000099, 45.071201324000128 ], [ 18.496961594000084, 45.071372987000188 ], [ 18.508539199000097, 45.072307588000172 ], [ 18.509408950000022, 45.071514131000129 ], [ 18.51427841300017, 45.067081451000035 ], [ 18.515928268000152, 45.064743041000156 ], [ 18.520551682000075, 45.058181763000164 ], [ 18.525541306000093, 45.060234070000035 ], [ 18.527181624999969, 45.068794251000156 ], [ 18.530572891000077, 45.075401306000174 ], [ 18.530775071000107, 45.075569153000117 ], [ 18.53687477200009, 45.080574035000154 ], [ 18.540443421000191, 45.084526063000112 ], [ 18.540033340000093, 45.085693360000164 ], [ 18.539020537000056, 45.08857345500013 ], [ 18.534105302000057, 45.091621398000029 ], [ 18.531717300000025, 45.093101502000081 ], [ 18.523580551000123, 45.09823608500011 ], [ 18.523040771000012, 45.098575592000032 ], [ 18.522630692000121, 45.099975587000131 ], [ 18.522094727000081, 45.101810455000077 ], [ 18.521572112000115, 45.103588104000153 ], [ 18.522068023000031, 45.103748321000182 ], [ 18.527904511000145, 45.105651855000133 ], [ 18.531511308, 45.105270384999983 ], [ 18.540554047000114, 45.104312898000103 ], [ 18.552429198000084, 45.09402465800008 ], [ 18.557580947000076, 45.084510803000114 ], [ 18.557956695000087, 45.083816529000046 ], [ 18.566520691000107, 45.079078675000062 ], [ 18.566740036000056, 45.079242706000059 ], [ 18.57222557100016, 45.083393097000169 ], [ 18.570310593000158, 45.092300415000125 ], [ 18.568954468000129, 45.093284608000147 ], [ 18.562654495000118, 45.097843170000033 ], [ 18.556594848000145, 45.103122712000015 ], [ 18.56112289500004, 45.106922150000173 ], [ 18.566766740000105, 45.106746674000192 ], [ 18.571079254000097, 45.106613160000165 ], [ 18.573722839000027, 45.106533052000145 ], [ 18.574533462000034, 45.105556488000161 ], [ 18.581771851000042, 45.096866609000131 ], [ 18.590364456000032, 45.094291688000169 ], [ 18.594022750000022, 45.093196869000053 ], [ 18.597425461000114, 45.09405136200013 ], [ 18.600923538000075, 45.094928741 ], [ 18.603527070000041, 45.097476960000108 ], [ 18.60719680699998, 45.101066590000073 ], [ 18.611831664000078, 45.104122161000021 ], [ 18.612045289000037, 45.104133607000108 ], [ 18.622421265000071, 45.104770661000032 ], [ 18.623405456000057, 45.099361420000037 ], [ 18.618167876000143, 45.09544754 ], [ 18.610626220000142, 45.091670990000182 ], [ 18.608152389, 45.08951187200006 ], [ 18.605100631000084, 45.086849212000061 ], [ 18.598649979000186, 45.082592010000042 ], [ 18.595832825000116, 45.080730438000046 ], [ 18.593011857000135, 45.081108093000125 ], [ 18.591302872000028, 45.078552246000129 ], [ 18.590084075, 45.075096131000066 ], [ 18.589519501000041, 45.071460722999973 ], [ 18.589275360000158, 45.06650924600018 ], [ 18.589824676000148, 45.058006288000115 ], [ 18.58152198900018, 45.054527282000038 ], [ 18.579158783000025, 45.052883148000035 ], [ 18.57816123900011, 45.051925660000052 ], [ 18.577335358000084, 45.050884247000113 ], [ 18.576305389000026, 45.048713685000109 ], [ 18.574707032000049, 45.04220199700012 ], [ 18.573574066000106, 45.040321349000124 ], [ 18.572660446000157, 45.039531707000151 ], [ 18.571510315000126, 45.038925171000074 ], [ 18.568889617000025, 45.038230896000073 ], [ 18.561752319999982, 45.037517548000039 ], [ 18.559015274000046, 45.036956787000065 ], [ 18.557765961000143, 45.036479949000068 ], [ 18.55587577700004, 45.035232543000063 ], [ 18.552299500000174, 45.032062530000076 ], [ 18.545518874000152, 45.026866914000038 ], [ 18.540056228000026, 45.028549195000039 ], [ 18.53335762, 45.029762269000059 ], [ 18.530094147000113, 45.030544281000118 ], [ 18.527111054000102, 45.03166198800011 ], [ 18.52067566, 45.034477235000111 ], [ 18.518619537000177, 45.035549163000155 ], [ 18.515518188000158, 45.038051605000078 ], [ 18.512058259000128, 45.040172577000078 ], [ 18.508905411, 45.042495728000176 ], [ 18.506486893000101, 45.043449403000125 ], [ 18.502470017000121, 45.044528961000083 ], [ 18.499998093000045, 45.045433044 ], [ 18.495479584000179, 45.04816818200004 ], [ 18.485099793000131, 45.05273437600016 ], [ 18.479446411000083, 45.054882049000128 ], [ 18.475429535000103, 45.057010651000041 ], [ 18.468982696000012, 45.061115266000115 ], [ 18.462327956000081, 45.063167572000111 ], [ 18.448419572000034, 45.069446564000032 ], [ 18.442600249000179, 45.072948456000063 ], [ 18.433626176000075, 45.079776763000098 ] ] ] ] } },
{ "type": "Feature", "properties": { "fid": 34, "GID_3": "BIH.2.5.3_1", "GID_0": "BIH", "COUNTRY": "Bosnia and Herzegovina", "GID_1": "BIH.2_1", "NAME_1": "Federacija Bosna i Hercegovina", "NL_NAME_1": "NA", "GID_2": "BIH.2.5_1", "NAME_2": "Posavina", "NL_NAME_2": "NA", "NAME_3": "Orašje", "VARNAME_3": "NA", "NL_NAME_3": "NA", "TYPE_3": "Opčine", "ENGTYPE_3": "Commune", "CC_3": "NA", "HASC_3": "NA" }, "geometry": { "type": "MultiPolygon", "coordinates": [ [ [ [ 18.775552748999985, 44.981250763000048 ], [ 18.767597198000146, 44.978172302000189 ], [ 18.757770538000159, 44.975288392000095 ], [ 18.754465103000086, 44.974185945000102 ], [ 18.750551224, 44.973213197000121 ], [ 18.748111725000058, 44.972335816000054 ], [ 18.738235475000181, 44.96673965400015 ], [ 18.735792160000074, 44.965793609000116 ], [ 18.734224319000134, 44.965461731000175 ], [ 18.73082733200016, 44.965076446000182 ], [ 18.718454361000056, 44.964340211000092 ], [ 18.71548271100005, 44.963699341 ], [ 18.711492539000119, 44.962127684999984 ], [ 18.707153321000078, 44.961444855000025 ], [ 18.702283860000136, 44.961582184000065 ], [ 18.690778733000059, 44.963508607000051 ], [ 18.686687469000105, 44.968296051000038 ], [ 18.68465614400003, 44.969612121000011 ], [ 18.678110122000191, 44.971679688000108 ], [ 18.672199250000119, 44.974662780000017 ], [ 18.665515900000116, 44.976501466000116 ], [ 18.663394928000173, 44.977523804000157 ], [ 18.65980720500005, 44.979766846000132 ], [ 18.650815963000014, 44.983768464000093 ], [ 18.644014359000039, 44.986225129000047 ], [ 18.63356208800019, 44.990818024000191 ], [ 18.629066467000087, 44.993579864000083 ], [ 18.626592636000169, 44.994499207000047 ], [ 18.622533798000063, 44.995578765 ], [ 18.620054245000119, 44.996505738000053 ], [ 18.615568162000159, 44.999282836000191 ], [ 18.602140427000165, 45.00542068600015 ], [ 18.597537994000106, 45.008136749000073 ], [ 18.59631919900005, 45.008598328000176 ], [ 18.593566896000141, 45.009246825999981 ], [ 18.586143493000122, 45.010276794000163 ], [ 18.583419800000058, 45.010864259000186 ], [ 18.581253051000147, 45.011730194000108 ], [ 18.578495025, 45.013183595000044 ], [ 18.575929642000119, 45.013950348000151 ], [ 18.563358308000034, 45.015716553000175 ], [ 18.557960510000157, 45.017345428000056 ], [ 18.545518874000152, 45.026866914000038 ], [ 18.552299500000174, 45.032062530000076 ], [ 18.55587577700004, 45.035232543000063 ], [ 18.557765961000143, 45.036479949000068 ], [ 18.559015274000046, 45.036956787000065 ], [ 18.561752319999982, 45.037517548000039 ], [ 18.568889617000025, 45.038230896000073 ], [ 18.571510315000126, 45.038925171000074 ], [ 18.572660446000157, 45.039531707000151 ], [ 18.573574066000106, 45.040321349000124 ], [ 18.574707032000049, 45.04220199700012 ], [ 18.576305389000026, 45.048713685000109 ], [ 18.577335358000084, 45.050884247000113 ], [ 18.57816123900011, 45.051925660000052 ], [ 18.579158783000025, 45.052883148000035 ], [ 18.58152198900018, 45.054527282000038 ], [ 18.589824676000148, 45.058006288000115 ], [ 18.589275360000158, 45.06650924600018 ], [ 18.589519501000041, 45.071460722999973 ], [ 18.590084075, 45.075096131000066 ], [ 18.591302872000028, 45.078552246000129 ], [ 18.593011857000135, 45.081108093000125 ], [ 18.595832825000116, 45.080730438000046 ], [ 18.597986221000156, 45.07583999600007 ], [ 18.604148864000138, 45.071968079000044 ], [ 18.616498948000071, 45.071853639000153 ], [ 18.627956390000179, 45.072128297000177 ], [ 18.628393173000177, 45.072074890000067 ], [ 18.639886856000032, 45.070648193000068 ], [ 18.64667892500006, 45.07096481300016 ], [ 18.649120331000063, 45.075576783000031 ], [ 18.648342132999971, 45.077697753 ], [ 18.64680862300014, 45.081878662000179 ], [ 18.646047592000116, 45.083953858000086 ], [ 18.644023895000089, 45.087165832000096 ], [ 18.640684128000089, 45.092468262000068 ], [ 18.641921997000111, 45.095481874000029 ], [ 18.643444061000082, 45.099182130000145 ], [ 18.64895629900019, 45.102516174000129 ], [ 18.650882721000073, 45.103683471000181 ], [ 18.658315658000163, 45.106044769000107 ], [ 18.669849395000142, 45.105342866000058 ], [ 18.672128677000046, 45.105205537000131 ], [ 18.676288605000025, 45.092826844000115 ], [ 18.672529221000161, 45.087245941000106 ], [ 18.66643142800001, 45.082756043000188 ], [ 18.659282685000164, 45.077011108000136 ], [ 18.663839341000084, 45.069103240000061 ], [ 18.673271178, 45.061813354000151 ], [ 18.679920197000115, 45.056110382000099 ], [ 18.681182861000138, 45.055027008000138 ], [ 18.688890457000127, 45.051845551000099 ], [ 18.700811386000169, 45.050361634000126 ], [ 18.705610276000016, 45.047298431000058 ], [ 18.711406708000027, 45.043601990000013 ], [ 18.719846726000071, 45.037437439000087 ], [ 18.72669219900007, 45.031536102000189 ], [ 18.725749969999981, 45.024284363000163 ], [ 18.721851349000076, 45.018249512000068 ], [ 18.718984603000024, 45.012279510000099 ], [ 18.72247123600016, 45.007404327000074 ], [ 18.726455688000101, 45.00627136300011 ], [ 18.728616714000054, 45.006671905000189 ], [ 18.730220794000104, 45.006973267000092 ], [ 18.73462295600018, 45.007789612000067 ], [ 18.742687226000044, 45.010032655000089 ], [ 18.755113601000119, 45.007019043000128 ], [ 18.769321441999978, 45.005382537000116 ], [ 18.781532288000108, 45.006851196000014 ], [ 18.781833648000031, 45.006889343000068 ], [ 18.792419434000124, 45.002273559000059 ], [ 18.787590027000135, 44.997581482000101 ], [ 18.780014038000104, 44.992633820000151 ], [ 18.774763107000012, 44.984428405000074 ], [ 18.775552748999985, 44.981250763000048 ] ] ] ] } },
{ "type": "Feature", "properties": { "fid": 80, "GID_3": "BIH.3.1.1_1", "GID_0": "BIH", "COUNTRY": "Bosnia and Herzegovina", "GID_1": "BIH.3_1", "NAME_1": "Repuplika Srpska", "NL_NAME_1": "NA", "GID_2": "BIH.3.1_1", "NAME_2": "Banja Luka", "NL_NAME_2": "NA", "NAME_3": "Banja Luka", "VARNAME_3": "NA", "NL_NAME_3": "NA", "TYPE_3": "Opčine", "ENGTYPE_3": "Commune", "CC_3": "NA", "HASC_3": "NA" }, "geometry": { "type": "MultiPolygon", "coordinates": [ [ [ [ 17.017713547000085, 44.968818666 ], [ 17.032787324000026, 44.966449738000108 ], [ 17.046041490000164, 44.964927674000137 ], [ 17.050031662000094, 44.964939117000085 ], [ 17.052585602000022, 44.965538025000114 ], [ 17.054584503000115, 44.966575623000153 ], [ 17.056133270000089, 44.96805954000007 ], [ 17.05905342200009, 44.972282410999981 ], [ 17.060001374000024, 44.9729881290001 ], [ 17.062524795000172, 44.973926545000154 ], [ 17.067003250000084, 44.974315644000114 ], [ 17.075227738000081, 44.973476409 ], [ 17.078025818000128, 44.973468781000122 ], [ 17.080705642000169, 44.973773956000059 ], [ 17.085628510000163, 44.974929810000106 ], [ 17.087846756000033, 44.975780487000065 ], [ 17.097341537000034, 44.98156738300014 ], [ 17.099750519000054, 44.982547760000159 ], [ 17.102924348000045, 44.983116151000047 ], [ 17.10638618500019, 44.983276368000077 ], [ 17.109977722999986, 44.983116151000047 ], [ 17.113569259000144, 44.982624053000166 ], [ 17.116914749000046, 44.98173522899998 ], [ 17.12821579000007, 44.977565766000055 ], [ 17.137376785000185, 44.973388673000045 ], [ 17.140289306000057, 44.971630098000105 ], [ 17.144784927000103, 44.967792511000141 ], [ 17.146129608000081, 44.966140748000157 ], [ 17.148668289000113, 44.959674835000101 ], [ 17.153949737000119, 44.95196533100011 ], [ 17.16064453000007, 44.946102142000029 ], [ 17.163921356000117, 44.943683625000176 ], [ 17.169183730000157, 44.938159942000141 ], [ 17.175457001000041, 44.932655334000117 ], [ 17.174373626000033, 44.931571961000088 ], [ 17.173555375000092, 44.930126190000124 ], [ 17.173480987000175, 44.928367615000184 ], [ 17.174339294000049, 44.926826478000123 ], [ 17.179382323000141, 44.922981263000054 ], [ 17.186567307000075, 44.920475006000061 ], [ 17.187658311000121, 44.91978454600013 ], [ 17.189226150000081, 44.917778015000124 ], [ 17.189920425000025, 44.915390015000071 ], [ 17.190120696000179, 44.912803651000104 ], [ 17.189161301000127, 44.897472383000093 ], [ 17.189460755000027, 44.891956329000038 ], [ 17.19083976800016, 44.888179780000087 ], [ 17.195001602000104, 44.882312775000059 ], [ 17.196399688000099, 44.880771638000169 ], [ 17.199712753000085, 44.878383636000137 ], [ 17.202602386000137, 44.875858307000158 ], [ 17.205963134000058, 44.873687743000175 ], [ 17.211757660000046, 44.868686676000152 ], [ 17.212959289000082, 44.866882324000073 ], [ 17.215221405000023, 44.862094880000086 ], [ 17.218185424000012, 44.858322143000123 ], [ 17.220542907000151, 44.850723267000035 ], [ 17.222469330000081, 44.847049713000047 ], [ 17.223850250000169, 44.845291138000107 ], [ 17.225702286000057, 44.843898773000092 ], [ 17.228313446000129, 44.842811584000117 ], [ 17.239320754000119, 44.840892792000147 ], [ 17.241895675000137, 44.839687348000098 ], [ 17.242824554000151, 44.838790893000066 ], [ 17.243919372000107, 44.836727142000086 ], [ 17.245208740000066, 44.831169128000113 ], [ 17.246238708000192, 44.829181670000025 ], [ 17.251806259000148, 44.824043274000132 ], [ 17.255914687000086, 44.82114028899997 ], [ 17.259557725000093, 44.817550660000109 ], [ 17.260940552000022, 44.815498352000077 ], [ 17.261487961000057, 44.811767579000048 ], [ 17.260602951000067, 44.806472778999989 ], [ 17.260669707000034, 44.80377578700012 ], [ 17.261074066000049, 44.802417756000125 ], [ 17.262805940000135, 44.799724580000031 ], [ 17.263984679999965, 44.798511506000068 ], [ 17.266738892000149, 44.796382904000154 ], [ 17.274757385000044, 44.792316438000114 ], [ 17.277681352000116, 44.791458130000137 ], [ 17.282852172000048, 44.791378021000185 ], [ 17.285644532000163, 44.78353118900003 ], [ 17.288484573, 44.773147582000036 ], [ 17.289686202000041, 44.762573242000144 ], [ 17.290338517000123, 44.760047913000164 ], [ 17.292127608999976, 44.756420136000145 ], [ 17.293935776000126, 44.753986359000123 ], [ 17.297126770000034, 44.751598357000034 ], [ 17.302871705000086, 44.746707916000162 ], [ 17.303499222000028, 44.745754243000192 ], [ 17.304132461000108, 44.743618011000194 ], [ 17.30399322500017, 44.741329193000183 ], [ 17.303607942000156, 44.740173340000183 ], [ 17.302968979000127, 44.739036561000034 ], [ 17.300979614000141, 44.73706436100008 ], [ 17.298301696000067, 44.735565186000144 ], [ 17.29675674300006, 44.735012055000084 ], [ 17.294973374, 44.734592438000107 ], [ 17.291305543000192, 44.734195709000062 ], [ 17.280191422000144, 44.734088897000106 ], [ 17.275121689000173, 44.733615875000055 ], [ 17.273637772000029, 44.73324966500013 ], [ 17.268413543000065, 44.731243133000191 ], [ 17.263086318000092, 44.729892730000074 ], [ 17.26052665800006, 44.728816987000187 ], [ 17.259563446000072, 44.728164674000141 ], [ 17.255521773999988, 44.723941804000106 ], [ 17.253221511, 44.720756532000166 ], [ 17.252216339000142, 44.718280793000076 ], [ 17.250684739000064, 44.712074280000195 ], [ 17.249788284999966, 44.709854126000153 ], [ 17.245866776000128, 44.705280304000098 ], [ 17.242574692000062, 44.699661256000184 ], [ 17.240558625000176, 44.697662355000091 ], [ 17.239299774000187, 44.695987701000092 ], [ 17.237054825000143, 44.68923187200005 ], [ 17.236015319000103, 44.687091827000188 ], [ 17.235250473000065, 44.686145783000029 ], [ 17.233636856000032, 44.684875488000046 ], [ 17.228521348000072, 44.681671143000187 ], [ 17.221015929000032, 44.679553986000087 ], [ 17.219850540000152, 44.678966522000167 ], [ 17.218254090000016, 44.677577973000098 ], [ 17.216789246000133, 44.675209045000031 ], [ 17.216323852000187, 44.67351913400006 ], [ 17.216493607000132, 44.671810151000159 ], [ 17.217418671000075, 44.669303894 ], [ 17.218414307000046, 44.667697906000171 ], [ 17.221740723000153, 44.664161682000156 ], [ 17.224380494000116, 44.658912659000066 ], [ 17.226076126000123, 44.656391144000111 ], [ 17.231485367000118, 44.650218964000089 ], [ 17.224672318000103, 44.647228241000164 ], [ 17.219966887999988, 44.644851685 ], [ 17.217300415000068, 44.643108368000071 ], [ 17.214031219000105, 44.640335083000025 ], [ 17.211519241000133, 44.638565063000158 ], [ 17.210056305000023, 44.637115478 ], [ 17.209009171000105, 44.635448457000052 ], [ 17.20794868400003, 44.632900238000104 ], [ 17.207727432000183, 44.63111114600008 ], [ 17.208518981000054, 44.626029968000125 ], [ 17.209615707000182, 44.622844696000186 ], [ 17.213388444000145, 44.618194581000068 ], [ 17.216100694000033, 44.611667633000081 ], [ 17.218601226000146, 44.607261659000187 ], [ 17.219541550000145, 44.604816437000011 ], [ 17.219963075000123, 44.602180481000062 ], [ 17.21991157500014, 44.598163605000082 ], [ 17.219257354000092, 44.594234466000103 ], [ 17.218030929000122, 44.590129853000064 ], [ 17.217786788000069, 44.588066102000084 ], [ 17.218002320000153, 44.586017608000077 ], [ 17.219001770000091, 44.583316804000049 ], [ 17.21989822400019, 44.581542969000111 ], [ 17.221101761, 44.579936981000117 ], [ 17.229904175, 44.572429657000157 ], [ 17.233705521000161, 44.566066743000192 ], [ 17.241510392000123, 44.559104920000152 ], [ 17.242898942000068, 44.557502747000171 ], [ 17.245586395000146, 44.551010133000148 ], [ 17.248628616000019, 44.545417786000087 ], [ 17.24942016500006, 44.542667388999973 ], [ 17.249900818000128, 44.536922455000195 ], [ 17.249740600000052, 44.529651642000147 ], [ 17.249334336000175, 44.525436402000082 ], [ 17.248289107000119, 44.521560670000042 ], [ 17.247663498000122, 44.52041244600008 ], [ 17.246013641000104, 44.51869964600013 ], [ 17.24105835, 44.515403747000164 ], [ 17.23899078400018, 44.514476776000095 ], [ 17.234197617000177, 44.513118745000099 ], [ 17.23216056900003, 44.512008668000192 ], [ 17.231002807000152, 44.510364533000143 ], [ 17.230705261000026, 44.508556366000164 ], [ 17.230861663000042, 44.507247925000172 ], [ 17.224573136000117, 44.505847931000176 ], [ 17.212703705000081, 44.504035949000183 ], [ 17.206188202000192, 44.501365662000126 ], [ 17.198316573, 44.49928283700018 ], [ 17.194450379000045, 44.497482300000172 ], [ 17.191390991000048, 44.496719360999975 ], [ 17.187908172999983, 44.496341706000123 ], [ 17.178451537000058, 44.496318817000088 ], [ 17.174617767000086, 44.496604919000106 ], [ 17.17086601200009, 44.497158052000145 ], [ 17.162689209000064, 44.4993667600001 ], [ 17.158315658000106, 44.501445769999975 ], [ 17.155729295000071, 44.503364563000048 ], [ 17.153644562000181, 44.505588532000104 ], [ 17.152856827000107, 44.506820678999986 ], [ 17.151924134000126, 44.509475709000128 ], [ 17.151603699000134, 44.513584137000066 ], [ 17.151918411000054, 44.517745972000057 ], [ 17.152627945000177, 44.521854401000098 ], [ 17.154298783, 44.527374268000187 ], [ 17.154645919000131, 44.530525208000142 ], [ 17.153158187000145, 44.537918092000041 ], [ 17.152040482000132, 44.541156769000054 ], [ 17.148323060000052, 44.545745849000127 ], [ 17.146461488, 44.549564362000183 ], [ 17.14523696800012, 44.551338196000017 ], [ 17.142284392000079, 44.553794860999972 ], [ 17.136762619000024, 44.559024811000029 ], [ 17.13561248700006, 44.560928345000093 ], [ 17.134073257000068, 44.565326691000053 ], [ 17.132987977000141, 44.567550660000109 ], [ 17.128402709, 44.574279786000034 ], [ 17.12687873800013, 44.575752259000069 ], [ 17.12202453600014, 44.579341888000158 ], [ 17.119611740000153, 44.58046341000005 ], [ 17.11647033700001, 44.581134797000118 ], [ 17.113122940999972, 44.581386566000049 ], [ 17.109764099000074, 44.581275941000058 ], [ 17.106582642000035, 44.580730438000103 ], [ 17.104104996, 44.579696655000134 ], [ 17.098424912000041, 44.57561874400011 ], [ 17.097095490000186, 44.573829652000086 ], [ 17.09441947900001, 44.569164276000038 ], [ 17.091461181000057, 44.566509247000056 ], [ 17.087930680000056, 44.562355042000149 ], [ 17.081850053000096, 44.556442260000097 ], [ 17.079681396000126, 44.555229188000112 ], [ 17.071952819000103, 44.552852631000178 ], [ 17.061164856, 44.546859741000105 ], [ 17.052106857000069, 44.544269562000125 ], [ 17.044961929000067, 44.54021072400019 ], [ 17.039548873, 44.535980226000106 ], [ 17.038053513000136, 44.534393310999974 ], [ 17.03507232600009, 44.527912140000126 ], [ 17.031692505000137, 44.522537231000115 ], [ 17.029731751000099, 44.518211366 ], [ 17.028421402000106, 44.516223908000086 ], [ 17.026439666000101, 44.514682770000093 ], [ 17.022916794000139, 44.513336182000046 ], [ 17.019174576000125, 44.512500763000105 ], [ 17.014822007000134, 44.512336731000062 ], [ 17.005752564000147, 44.513492585000108 ], [ 16.992799760000082, 44.514625550000176 ], [ 16.989509583000086, 44.515312195000035 ], [ 16.988044739000031, 44.515846253000177 ], [ 16.985849380000047, 44.517360688000167 ], [ 16.982595444000083, 44.522590638000167 ], [ 16.976633072000027, 44.527603149000015 ], [ 16.967878342000063, 44.531875611000032 ], [ 16.957014083000104, 44.537582398000154 ], [ 16.954589844000168, 44.540508271000022 ], [ 16.951633453000056, 44.546382904000041 ], [ 16.949214935000157, 44.549232482000093 ], [ 16.948616027000128, 44.550331116 ], [ 16.947904586000163, 44.552814485000056 ], [ 16.947595597000088, 44.559833526000034 ], [ 16.948480606000032, 44.57767868000002 ], [ 16.949159622000082, 44.583343506000176 ], [ 16.950395583000102, 44.587108612000122 ], [ 16.954286575000026, 44.591899872000056 ], [ 16.957870483000079, 44.600727082000162 ], [ 16.961214065000149, 44.604316711000081 ], [ 16.962377549000109, 44.606365203999985 ], [ 16.963094711000167, 44.609851838 ], [ 16.962520599000072, 44.613372803000118 ], [ 16.960985184000151, 44.615497590000132 ], [ 16.958557128000109, 44.616893768000182 ], [ 16.95150947500008, 44.618988038000111 ], [ 16.944280624000157, 44.621795655000142 ], [ 16.941156387000035, 44.622383117000084 ], [ 16.937587738000104, 44.622047424000129 ], [ 16.934286118000102, 44.62097930900012 ], [ 16.932546616000081, 44.619678498000042 ], [ 16.929826736999985, 44.61567688000008 ], [ 16.927778243000148, 44.614433290000193 ], [ 16.925104141000077, 44.613857270000153 ], [ 16.922277450000024, 44.613899232000051 ], [ 16.920904158999974, 44.614143371000068 ], [ 16.918640137000068, 44.615032196000186 ], [ 16.912273407000157, 44.619411468000123 ], [ 16.907205582000131, 44.623931885000161 ], [ 16.905477523000059, 44.626472474000138 ], [ 16.903814315000147, 44.630165100000113 ], [ 16.903242111000054, 44.632736207000164 ], [ 16.903036118000159, 44.636772156000063 ], [ 16.90340804300007, 44.643993228000113 ], [ 16.904100197000162, 44.64549606200012 ], [ 16.906307, 44.650288001000035 ], [ 16.906714629000135, 44.652294267000116 ], [ 16.907329560000107, 44.655323028000169 ], [ 16.907197409000105, 44.659421355000063 ], [ 16.907175000000109, 44.660113999000032 ], [ 16.906425, 44.662262001000101 ], [ 16.90502919700009, 44.663955761000068 ], [ 16.899438858000053, 44.668033599000182 ], [ 16.897289277000084, 44.668872833000137 ], [ 16.896408432000101, 44.669106378000038 ], [ 16.893131257000107, 44.669975280000131 ], [ 16.891992280000125, 44.670396300000164 ], [ 16.890592576000131, 44.670913696000184 ], [ 16.880422592000116, 44.677421569000103 ], [ 16.871591568000042, 44.680446625000116 ], [ 16.867240042000105, 44.683307429000024 ], [ 16.864849090000121, 44.684879303000059 ], [ 16.861949921000132, 44.687393189000034 ], [ 16.858562470000095, 44.68959045400004 ], [ 16.856517214000178, 44.691338582000071 ], [ 16.855634690000159, 44.692092896000133 ], [ 16.852725673000066, 44.693937876000064 ], [ 16.852224350000085, 44.694255830000088 ], [ 16.848679945000185, 44.697342355999979 ], [ 16.846525144000111, 44.699218835000124 ], [ 16.845964432000073, 44.700164795000035 ], [ 16.845516206000127, 44.702228546000185 ], [ 16.845840454000154, 44.70430755600006 ], [ 16.846125180000058, 44.704927681000129 ], [ 16.846290587000169, 44.705287934000182 ], [ 16.847196866000104, 44.706294087 ], [ 16.847691999000119, 44.70684400000016 ], [ 16.856467999000074, 44.712944 ], [ 16.858320000000106, 44.715286000000162 ], [ 16.859509999000068, 44.71783399900005 ], [ 16.859786066000083, 44.719392601000038 ], [ 16.859828949000189, 44.719635010000104 ], [ 16.85954630100008, 44.723597661000156 ], [ 16.859251, 44.727737000000104 ], [ 16.858856001000163, 44.730224999000143 ], [ 16.858089000000177, 44.73252099900003 ], [ 16.857800531, 44.733009290000041 ], [ 16.857486724000069, 44.733539581000116 ], [ 16.854356765000034, 44.737197877000142 ], [ 16.852628707, 44.74111938600015 ], [ 16.852278518000105, 44.741716369000073 ], [ 16.851543000000163, 44.742970000000128 ], [ 16.851533148000044, 44.742981347000125 ], [ 16.848432540000033, 44.746551513000099 ], [ 16.847156274000099, 44.749349990999974 ], [ 16.846235, 44.751368999000078 ], [ 16.845408582000118, 44.752296000000115 ], [ 16.844829559000061, 44.752944946000184 ], [ 16.842818544000068, 44.754440015000171 ], [ 16.840903998999977, 44.755862999000101 ], [ 16.839091999000175, 44.756996000000186 ], [ 16.837421882000115, 44.757537532000185 ], [ 16.836267472000145, 44.757911683000145 ], [ 16.831952357000091, 44.758513752000169 ], [ 16.826616288000082, 44.759258271000192 ], [ 16.823759079000183, 44.760025025000061 ], [ 16.820011138000154, 44.761894226999971 ], [ 16.812553406, 44.764472961000195 ], [ 16.811668344000168, 44.765172186000029 ], [ 16.810564041000191, 44.766044617000034 ], [ 16.809394835999967, 44.768032075000178 ], [ 16.808782711000049, 44.769662055000026 ], [ 16.807743001000176, 44.772430000000156 ], [ 16.804794000000186, 44.778015 ], [ 16.804071, 44.780559999000047 ], [ 16.802858, 44.788029000000108 ], [ 16.801913999000192, 44.790118999000128 ], [ 16.800495608000119, 44.791966616000138 ], [ 16.79900550900004, 44.793907165 ], [ 16.798263549000126, 44.796028137000178 ], [ 16.797143937000044, 44.801097869000102 ], [ 16.795646875000159, 44.805198722 ], [ 16.809282302999975, 44.808689118000132 ], [ 16.820949555000084, 44.810649872000056 ], [ 16.826219559000037, 44.812728882000101 ], [ 16.827629090000016, 44.813110352000024 ], [ 16.830799104000107, 44.813564301000042 ], [ 16.83422851500012, 44.813732147000053 ], [ 16.839534760000106, 44.813632964000135 ], [ 16.846870422000109, 44.813095094 ], [ 16.858201980000104, 44.813343048000092 ], [ 16.867561341000112, 44.812850952000076 ], [ 16.872514724000041, 44.811969756000167 ], [ 16.878992080000046, 44.809204102000137 ], [ 16.882047653000029, 44.808635712000182 ], [ 16.885347367, 44.808410644000048 ], [ 16.888662338000131, 44.808502198000156 ], [ 16.891765595000095, 44.808948517000033 ], [ 16.893144608000057, 44.809333802000026 ], [ 16.897054673000014, 44.811050416000114 ], [ 16.899995804000127, 44.811771392000082 ], [ 16.905168533999984, 44.812202454000044 ], [ 16.910690307000095, 44.812091827000074 ], [ 16.914283753000063, 44.811710359000131 ], [ 16.917566300000146, 44.811008454000046 ], [ 16.918996811000113, 44.81049728500011 ], [ 16.924043656000151, 44.807971954000152 ], [ 16.926832199000046, 44.80716323900009 ], [ 16.934751510000069, 44.805450440000072 ], [ 16.937112808000052, 44.805290223000043 ], [ 16.938339233000022, 44.805423737000069 ], [ 16.93954277, 44.805759430000023 ], [ 16.940654754000036, 44.806346893000068 ], [ 16.941482543, 44.807144165000125 ], [ 16.941955567000093, 44.808010101000036 ], [ 16.942140579000124, 44.808883666999975 ], [ 16.941873551000072, 44.810539246000133 ], [ 16.939722061, 44.814266204000091 ], [ 16.936586381000097, 44.817459106000172 ], [ 16.936090470000181, 44.818340302000024 ], [ 16.935634614000151, 44.820301056000119 ], [ 16.936151505000169, 44.823272706000125 ], [ 16.93720436000018, 44.824825286000134 ], [ 16.939062119000141, 44.826713562000066 ], [ 16.940422058000138, 44.829330445000153 ], [ 16.941011428000024, 44.832679749000135 ], [ 16.940622330000167, 44.835979461000136 ], [ 16.940208435000102, 44.836986541000158 ], [ 16.938911437000115, 44.838611602000071 ], [ 16.931573868000044, 44.844665528000064 ], [ 16.930166245, 44.846321106000062 ], [ 16.929109573000176, 44.849662780000131 ], [ 16.928941727000165, 44.853332519000105 ], [ 16.929700851000064, 44.858165741000164 ], [ 16.93070602500012, 44.860321045000148 ], [ 16.931465149000019, 44.861255646000131 ], [ 16.937835694000171, 44.865982055000131 ], [ 16.94142532300009, 44.867912293000131 ], [ 16.946908950000022, 44.871955872000115 ], [ 16.948471070000153, 44.873615265000183 ], [ 16.949483870999984, 44.875885011000037 ], [ 16.950029373, 44.87840652400007 ], [ 16.950420379000036, 44.882431030000134 ], [ 16.950382231999981, 44.891979218000074 ], [ 16.95000267000006, 44.894508362000067 ], [ 16.949230194000052, 44.896774292000146 ], [ 16.948631288000058, 44.897735595000029 ], [ 16.946212769000056, 44.900371551000148 ], [ 16.945737840000106, 44.901279449000128 ], [ 16.945339203000117, 44.904331207000041 ], [ 16.945949555000141, 44.90635299700017 ], [ 16.947290420000172, 44.907951356000183 ], [ 16.952650071000164, 44.911979675000111 ], [ 16.956375123000157, 44.913894653000114 ], [ 16.958953856999983, 44.915493012000127 ], [ 16.961160660000075, 44.916435241000045 ], [ 16.966621397999972, 44.917640686000027 ], [ 16.969171523000057, 44.918453216000103 ], [ 16.976285934000089, 44.92258453400018 ], [ 16.982433319000108, 44.927413941000168 ], [ 16.985403061000113, 44.931865692000144 ], [ 16.987033845000042, 44.933475495000039 ], [ 16.989383697000164, 44.934535980000135 ], [ 16.995780945000092, 44.936355590000062 ], [ 17.002925872000048, 44.94038772600004 ], [ 17.008363724, 44.944561004000036 ], [ 17.009860992000085, 44.946205139000085 ], [ 17.01041793800016, 44.947261811000146 ], [ 17.01296234199998, 44.955223084000068 ], [ 17.016056059999983, 44.958957672000167 ], [ 17.016746522000119, 44.960239411000089 ], [ 17.017520904000037, 44.96371078400017 ], [ 17.017713547000085, 44.968818666 ] ] ] ] } },
{ "type": "Feature", "properties": { "fid": 81, "GID_3": "BIH.3.1.2_1", "GID_0": "BIH", "COUNTRY": "Bosnia and Herzegovina", "GID_1": "BIH.3_1", "NAME_1": "Repuplika Srpska", "NL_NAME_1": "NA", "GID_2": "BIH.3.1_1", "NAME_2": "Banja Luka", "NL_NAME_2": "NA", "NAME_3": "Bosanska Gradiška", "VARNAME_3": "NA", "NL_NAME_3": "NA", "TYPE_3": "Opčine", "ENGTYPE_3": "Commune", "CC_3": "NA", "HASC_3": "NA" }, "geometry": { "type": "MultiPolygon", "coordinates": [ [ [ [ 17.175457001000041, 44.932655334000117 ], [ 17.169183730000157, 44.938159942000141 ], [ 17.163921356000117, 44.943683625000176 ], [ 17.16064453000007, 44.946102142000029 ], [ 17.153949737000119, 44.95196533100011 ], [ 17.148668289000113, 44.959674835000101 ], [ 17.146129608000081, 44.966140748000157 ], [ 17.144784927000103, 44.967792511000141 ], [ 17.140289306000057, 44.971630098000105 ], [ 17.137376785000185, 44.973388673000045 ], [ 17.12821579000007, 44.977565766000055 ], [ 17.116914749000046, 44.98173522899998 ], [ 17.113569259000144, 44.982624053000166 ], [ 17.109977722999986, 44.983116151000047 ], [ 17.10638618500019, 44.983276368000077 ], [ 17.102924348000045, 44.983116151000047 ], [ 17.099750519000054, 44.982547760000159 ], [ 17.097341537000034, 44.98156738300014 ], [ 17.087846756000033, 44.975780487000065 ], [ 17.085628510000163, 44.974929810000106 ], [ 17.080705642000169, 44.973773956000059 ], [ 17.078025818000128, 44.973468781000122 ], [ 17.075227738000081, 44.973476409 ], [ 17.067003250000084, 44.974315644000114 ], [ 17.062524795000172, 44.973926545000154 ], [ 17.060001374000024, 44.9729881290001 ], [ 17.05905342200009, 44.972282410999981 ], [ 17.056133270000089, 44.96805954000007 ], [ 17.054584503000115, 44.966575623000153 ], [ 17.052585602000022, 44.965538025000114 ], [ 17.050031662000094, 44.964939117000085 ], [ 17.046041490000164, 44.964927674000137 ], [ 17.032787324000026, 44.966449738000108 ], [ 17.017713547000085, 44.968818666 ], [ 17.015785217000087, 44.969066620000092 ], [ 17.014518738000163, 44.969539641999972 ], [ 17.013593674, 44.970264436000093 ], [ 17.012388230000113, 44.972259522000172 ], [ 17.010126114000172, 44.980247497000164 ], [ 17.009265899000127, 44.990558625000119 ], [ 17.008567809000112, 44.992935181000121 ], [ 17.007158280000112, 44.99597930900012 ], [ 17.005596160000152, 44.998233795000147 ], [ 17.004552841000077, 44.99916839600013 ], [ 16.999092102000077, 45.003173828000058 ], [ 16.996059418000129, 45.004371644000059 ], [ 16.990695954000103, 45.005622863000099 ], [ 16.986942291000105, 45.005855561000146 ], [ 16.977537155000164, 45.005214691000049 ], [ 16.973926543, 45.005489349000072 ], [ 16.970708847000083, 45.006378174000133 ], [ 16.968339919000186, 45.00786590600012 ], [ 16.964366913000049, 45.011100770000098 ], [ 16.963121414000113, 45.013210296000011 ], [ 16.96171760600015, 45.016521454000099 ], [ 16.960098267000035, 45.018459320000034 ], [ 16.956165313000042, 45.021553040000185 ], [ 16.953393936000168, 45.022739410000099 ], [ 16.950101852000046, 45.023109435000094 ], [ 16.946847917000071, 45.02277374200014 ], [ 16.945386886000051, 45.022354127000142 ], [ 16.94048500100007, 45.019947052000191 ], [ 16.935155869000027, 45.018562317000089 ], [ 16.932153701000175, 45.018379211000024 ], [ 16.928695679000043, 45.019073486000025 ], [ 16.927621841000189, 45.019584655000131 ], [ 16.925924301000066, 45.020904541999982 ], [ 16.925111771000161, 45.021984100000168 ], [ 16.922426224999981, 45.027416229000096 ], [ 16.917373658000031, 45.031452179000098 ], [ 16.916139603000147, 45.032154084000183 ], [ 16.913917541000103, 45.032909394000114 ], [ 16.904224397000121, 45.034233094000058 ], [ 16.902706146000185, 45.034599304000153 ], [ 16.900333405000083, 45.035720826000045 ], [ 16.898975373000155, 45.037212371000066 ], [ 16.898569107000128, 45.039691925000056 ], [ 16.899188996000134, 45.042758940999988 ], [ 16.900707245000092, 45.045829772000161 ], [ 16.902345657000126, 45.047462464000091 ], [ 16.907915115000151, 45.051448823000101 ], [ 16.914909363000106, 45.058429718000127 ], [ 16.917898178000087, 45.059181213000045 ], [ 16.923021317, 45.062957765000078 ], [ 16.925331116000109, 45.064384461000145 ], [ 16.9308795930001, 45.066917420000038 ], [ 16.93368721000013, 45.068466188000116 ], [ 16.936223984000037, 45.069404602000134 ], [ 16.939521789000139, 45.069938660000105 ], [ 16.944976807000103, 45.070148469000117 ], [ 16.966224670000031, 45.069343567000146 ], [ 16.969942094000146, 45.06937027000015 ], [ 16.973524094000027, 45.069690705000085 ], [ 16.975244522000082, 45.070041657000161 ], [ 16.978059769000083, 45.071155549000139 ], [ 16.979976654000097, 45.072631835999971 ], [ 16.981470109000156, 45.074916840000071 ], [ 16.982254028000057, 45.077369690000126 ], [ 16.984989166000105, 45.090244293000183 ], [ 16.984897614000147, 45.092559814000026 ], [ 16.984321594999983, 45.094699860000162 ], [ 16.98325920100001, 45.096378326000149 ], [ 16.981473922000191, 45.098415374000126 ], [ 16.980508804000124, 45.10031890800002 ], [ 16.97968483000011, 45.103584289000139 ], [ 16.978967667000063, 45.108566284000119 ], [ 16.980356217000178, 45.119529723000142 ], [ 16.981555938000042, 45.146987915000068 ], [ 16.98234176700015, 45.152355194000165 ], [ 16.983329774000083, 45.154720307000048 ], [ 16.984111786000142, 45.155746460000103 ], [ 16.990322114000094, 45.16056823800011 ], [ 16.997556686000053, 45.164405823000095 ], [ 17.003801346000159, 45.166107178000118 ], [ 17.006210325999973, 45.16725158700018 ], [ 17.007904053000061, 45.169200898000099 ], [ 17.008386613000027, 45.170314788000042 ], [ 17.008825301000115, 45.172660828 ], [ 17.00868988000019, 45.175033569000163 ], [ 17.007961273000035, 45.177280427000085 ], [ 17.00666427699997, 45.179023743000073 ], [ 17.003791810000109, 45.181690216000163 ], [ 16.999614715000064, 45.187221528000066 ], [ 16.998275757000101, 45.189430236000192 ], [ 16.99741363600009, 45.192047119000108 ], [ 16.997041701000171, 45.194778442000029 ], [ 16.996961593000094, 45.198978424000074 ], [ 16.998392105000164, 45.225990295000145 ], [ 16.99694061200006, 45.226638795000156 ], [ 17.000228881000055, 45.228744506000055 ], [ 17.001153946000159, 45.230480195000041 ], [ 17.003875732000097, 45.23558044400005 ], [ 17.009069442000111, 45.236354828000174 ], [ 17.007164001000149, 45.22978210499997 ], [ 17.005632401000071, 45.227111817000036 ], [ 17.004270552999969, 45.224739076000105 ], [ 17.003982544000053, 45.219375610000043 ], [ 17.004951477000191, 45.219139099000131 ], [ 17.011550904000103, 45.217525482999974 ], [ 17.017576217999988, 45.219734191000157 ], [ 17.01925087, 45.220344544999989 ], [ 17.026723862000154, 45.223659515 ], [ 17.02989006100006, 45.220661164000035 ], [ 17.03298187300004, 45.217739105000078 ], [ 17.034551621000105, 45.216033935000041 ], [ 17.039068223000072, 45.211135864000028 ], [ 17.039989471000069, 45.210563659000059 ], [ 17.051258087, 45.203544617000148 ], [ 17.06049347000004, 45.196857452000131 ], [ 17.061765671999979, 45.195938111000146 ], [ 17.06346511900017, 45.195091249000086 ], [ 17.063848495000116, 45.194900513000107 ], [ 17.075477599000067, 45.189102173000151 ], [ 17.090593338000076, 45.183975220000036 ], [ 17.106243133000078, 45.179718018000074 ], [ 17.120971679000149, 45.17439651400008 ], [ 17.131311416000074, 45.16937255900018 ], [ 17.140371323000181, 45.16497421300005 ], [ 17.1464176180001, 45.161933900000122 ], [ 17.153139114000112, 45.158554077000133 ], [ 17.157028197999978, 45.156600953 ], [ 17.161083221000069, 45.155742645000089 ], [ 17.178274154000178, 45.152107240000078 ], [ 17.187604904000011, 45.151306152000075 ], [ 17.197227477000126, 45.150478363000047 ], [ 17.225915909000094, 45.149047852000081 ], [ 17.247074128, 45.148307801000044 ], [ 17.253984451000065, 45.153320312000119 ], [ 17.25859260500016, 45.162612915000068 ], [ 17.263700484000083, 45.172542572000168 ], [ 17.27050972100011, 45.185310363000099 ], [ 17.272947312000099, 45.184043884000062 ], [ 17.285316467000087, 45.177604675000055 ], [ 17.2864532480001, 45.177528381000172 ], [ 17.301410676000103, 45.176548005000029 ], [ 17.30152893200011, 45.175941467000143 ], [ 17.303468705000114, 45.165962219000107 ], [ 17.307556152000188, 45.165687561000084 ], [ 17.311401367000087, 45.165431977000082 ], [ 17.311679840000124, 45.165412903000117 ], [ 17.312227248000113, 45.165088653000112 ], [ 17.314403535000167, 45.163806916 ], [ 17.319263458000023, 45.160938264000151 ], [ 17.324359894000168, 45.157871247000173 ], [ 17.32564926200007, 45.157093048000149 ], [ 17.325942993000126, 45.156459809000069 ], [ 17.327390670999989, 45.153343200000052 ], [ 17.327613831000178, 45.152862550000066 ], [ 17.328041077000023, 45.152523042000041 ], [ 17.334590911000134, 45.147300720000146 ], [ 17.348257064000165, 45.141700745000151 ], [ 17.349435807000077, 45.141216279000048 ], [ 17.36507988000011, 45.138328552000132 ], [ 17.386659621000149, 45.136562349000087 ], [ 17.405334473000039, 45.135166168000126 ], [ 17.407590867000067, 45.135356903000172 ], [ 17.417604445999984, 45.136211394999975 ], [ 17.420993805000023, 45.140480042000149 ], [ 17.427530289000117, 45.149284363000049 ], [ 17.434541702000047, 45.156940461000033 ], [ 17.434856415000013, 45.157283783000025 ], [ 17.436731338000186, 45.155414582 ], [ 17.43863868699998, 45.152351379000152 ], [ 17.438556671000129, 45.150833130000194 ], [ 17.438362121000011, 45.147220611000137 ], [ 17.436847688000057, 45.142482759000188 ], [ 17.43831443900018, 45.136974336000151 ], [ 17.437782287000175, 45.134757997000179 ], [ 17.435430526, 45.127868652000075 ], [ 17.428474426000037, 45.123306275000175 ], [ 17.426254272000165, 45.121425629000157 ], [ 17.423343658000022, 45.117477417000146 ], [ 17.419553757000074, 45.111080170000093 ], [ 17.416385651000155, 45.107017517000145 ], [ 17.4099617, 45.102245331000177 ], [ 17.406436920000033, 45.100219725999978 ], [ 17.399934768000094, 45.095523834000119 ], [ 17.398084641000082, 45.093410492000089 ], [ 17.395751952000069, 45.089542388000098 ], [ 17.394493103000116, 45.08524322400001 ], [ 17.394046784000011, 45.080722810000111 ], [ 17.394140244000141, 45.076190950000125 ], [ 17.395042419000049, 45.071853639000153 ], [ 17.397703171000103, 45.066722871000195 ], [ 17.40132522600004, 45.062953950000178 ], [ 17.404438019000111, 45.057540894000113 ], [ 17.407506943000044, 45.053836822000108 ], [ 17.408351898000035, 45.051448823000101 ], [ 17.408248900000046, 45.0488243100001 ], [ 17.407129288000135, 45.046211243000187 ], [ 17.404211044000078, 45.04345321600016 ], [ 17.401769639000122, 45.042072296000129 ], [ 17.397441864000086, 45.040237428000182 ], [ 17.390123368000104, 45.036300658000073 ], [ 17.388128280000046, 45.034240722000163 ], [ 17.387739182000189, 45.033039093000127 ], [ 17.387781143000041, 45.031810759999985 ], [ 17.388265609000143, 45.030632020000155 ], [ 17.389610291000054, 45.029251098000145 ], [ 17.391830444000163, 45.02817535500003 ], [ 17.397451401000069, 45.026542664000033 ], [ 17.398719788000108, 45.025806427000134 ], [ 17.399723053000116, 45.024814605000131 ], [ 17.400838853000039, 45.022430421000024 ], [ 17.401035309000122, 45.021137238000051 ], [ 17.400817872000175, 45.018512727000086 ], [ 17.399738311000135, 45.016017915000077 ], [ 17.398796082000047, 45.01490783800017 ], [ 17.390346526000087, 45.009651184000063 ], [ 17.38294983000003, 45.003414155000144 ], [ 17.382089614000108, 45.002399445000037 ], [ 17.379600525000114, 44.998008729000162 ], [ 17.376705170000093, 44.993991853000182 ], [ 17.376256943000044, 44.991798400000164 ], [ 17.376491547000114, 44.98822784500004 ], [ 17.368944168000098, 44.986053466000158 ], [ 17.363275528000031, 44.984683990000178 ], [ 17.355390548000116, 44.983249665000073 ], [ 17.350725174000104, 44.982860566000113 ], [ 17.347526550000111, 44.983016969000175 ], [ 17.344608308000034, 44.983528138000111 ], [ 17.33826255800011, 44.986213684000063 ], [ 17.335119248000069, 44.986877442000093 ], [ 17.33159828099997, 44.987304687 ], [ 17.322063446000016, 44.98786163300008 ], [ 17.310363769000048, 44.988178253000171 ], [ 17.304788590000157, 44.988067628000181 ], [ 17.299758911000083, 44.987369538000166 ], [ 17.298305511000081, 44.98687362700008 ], [ 17.296367644999975, 44.985797882000156 ], [ 17.292236329000104, 44.983066559000179 ], [ 17.290706635000049, 44.981544495000037 ], [ 17.288141250000137, 44.976825714000142 ], [ 17.284358977000068, 44.972240449000083 ], [ 17.281858445000125, 44.96429061900011 ], [ 17.281299591000106, 44.963237762000119 ], [ 17.279785156000116, 44.961585999000135 ], [ 17.273899079000046, 44.95766067600016 ], [ 17.27138710000014, 44.956794740000078 ], [ 17.266115188000072, 44.95546722500012 ], [ 17.264024734000088, 44.954498292000153 ], [ 17.258066178000036, 44.950687409000068 ], [ 17.255086898000059, 44.948108673000036 ], [ 17.253154754999969, 44.947010041000055 ], [ 17.250665666000032, 44.946289063000108 ], [ 17.249284743999965, 44.946132660000046 ], [ 17.246492385000124, 44.94624710100004 ], [ 17.242948532000071, 44.947189332000107 ], [ 17.239715575000048, 44.948764801000152 ], [ 17.238067628000181, 44.950534822000122 ], [ 17.237600326000063, 44.951618195000151 ], [ 17.236974717000066, 44.957218170000147 ], [ 17.23644828700003, 44.959323884000128 ], [ 17.235147476000179, 44.96096038800016 ], [ 17.233228684000039, 44.961910247000162 ], [ 17.231040954000036, 44.962146759000177 ], [ 17.227840424000078, 44.961734772000113 ], [ 17.225753784000062, 44.961109162000184 ], [ 17.222209930000133, 44.959323884000128 ], [ 17.219333648000031, 44.958564758000193 ], [ 17.215944291000142, 44.958171845000095 ], [ 17.205081940000127, 44.95763015700004 ], [ 17.201768875000027, 44.957153320000089 ], [ 17.200284958000054, 44.95675277800018 ], [ 17.195138930999974, 44.954635621000079 ], [ 17.189933777000078, 44.953258514000083 ], [ 17.187549591000163, 44.952156068000136 ], [ 17.186603546000129, 44.951385499000082 ], [ 17.182872772, 44.946094514000094 ], [ 17.179956435, 44.943412781000177 ], [ 17.178997040000127, 44.942180633000191 ], [ 17.177356721000024, 44.938858032000155 ], [ 17.175457001000041, 44.932655334000117 ] ] ] ] } },
{ "type": "Feature", "properties": { "fid": 82, "GID_3": "BIH.3.1.3_1", "GID_0": "BIH", "COUNTRY": "Bosnia and Herzegovina", "GID_1": "BIH.3_1", "NAME_1": "Repuplika Srpska", "NL_NAME_1": "NA", "GID_2": "BIH.3.1_1", "NAME_2": "Banja Luka", "NL_NAME_2": "NA", "NAME_3": "Bosanska Kostajnica", "VARNAME_3": "Srpska Kostajnica", "NL_NAME_3": "NA", "TYPE_3": "Opčine", "ENGTYPE_3": "Commune", "CC_3": "NA", "HASC_3": "NA" }, "geometry": { "type": "MultiPolygon", "coordinates": [ [ [ [ 16.62980651800018, 45.21450805600017 ], [ 16.622890472000108, 45.213596344000052 ], [ 16.61438369800004, 45.211746217000041 ], [ 16.611694337000188, 45.21088027900015 ], [ 16.608934401999988, 45.209461212000065 ], [ 16.606653213000186, 45.207630157000153 ], [ 16.605741499999965, 45.206565857000044 ], [ 16.604961396000078, 45.205287934000069 ], [ 16.603998184000147, 45.202602386000081 ], [ 16.603149414000086, 45.19550323600015 ], [ 16.603071213000078, 45.186943055000029 ], [ 16.603414536000173, 45.184280395000144 ], [ 16.604261398000062, 45.181842803000109 ], [ 16.605735780000032, 45.180030823000095 ], [ 16.611385345000031, 45.175964355000076 ], [ 16.620281219000162, 45.173194885000044 ], [ 16.626094819000116, 45.169422149000184 ], [ 16.627464295000095, 45.167991639000149 ], [ 16.628265381000119, 45.166362763 ], [ 16.628635406000114, 45.164768218000177 ], [ 16.628458022000189, 45.163135529000158 ], [ 16.628042220000054, 45.162345887000185 ], [ 16.626729966000028, 45.161052704000042 ], [ 16.623296737999965, 45.159175873000095 ], [ 16.620094300000062, 45.156967163000104 ], [ 16.61645698500007, 45.15500640800019 ], [ 16.610097885000073, 45.150253296000187 ], [ 16.608718872000111, 45.148506164000025 ], [ 16.606592178000028, 45.144706726000095 ], [ 16.603185652999969, 45.141193391000115 ], [ 16.599824905000105, 45.135608674000139 ], [ 16.598318100000029, 45.134109497000168 ], [ 16.592773438000108, 45.129974365000123 ], [ 16.586450576000061, 45.126510619999976 ], [ 16.584365844000047, 45.125648500000068 ], [ 16.578193664000082, 45.123935700000118 ], [ 16.576244353000163, 45.122421264000195 ], [ 16.57534408600003, 45.120464325000057 ], [ 16.575342178000028, 45.11842346200018 ], [ 16.576187133000076, 45.116527557999973 ], [ 16.583688737000102, 45.109733582000104 ], [ 16.584936143000107, 45.108089447 ], [ 16.585683823000124, 45.105934144000116 ], [ 16.586841582000091, 45.100086212000122 ], [ 16.587339401000179, 45.098945619000176 ], [ 16.588872910000134, 45.09705352800006 ], [ 16.590919495000094, 45.095775605000085 ], [ 16.592391967000083, 45.095245363000117 ], [ 16.595537185000069, 45.094696045000092 ], [ 16.600374221000038, 45.094718933000081 ], [ 16.605691910000132, 45.095485687000064 ], [ 16.608785630000114, 45.095722198000033 ], [ 16.611850738999976, 45.095565795000141 ], [ 16.614719391000051, 45.094844819000173 ], [ 16.615982055000075, 45.094184875999986 ], [ 16.61698341400006, 45.093326568000066 ], [ 16.618204117000062, 45.091335297000057 ], [ 16.620780945000092, 45.081714631000182 ], [ 16.615377427000112, 45.078876496000134 ], [ 16.613025664000133, 45.077381133000131 ], [ 16.609369278000088, 45.074413299000014 ], [ 16.605781555000021, 45.072284699000136 ], [ 16.599723816000164, 45.067371369000057 ], [ 16.59849357600018, 45.065338134000115 ], [ 16.597854613000152, 45.062988281000116 ], [ 16.597082136999973, 45.052669525000056 ], [ 16.596643449000112, 45.050220490000186 ], [ 16.595733644000063, 45.047992706000059 ], [ 16.594995499, 45.047023773000092 ], [ 16.593376161000151, 45.0457153320001 ], [ 16.588336945000094, 45.042457581000122 ], [ 16.585792541000046, 45.041641236000146 ], [ 16.581712722000077, 45.040802002000191 ], [ 16.579168320000065, 45.040027618000067 ], [ 16.575504303000059, 45.037925720000032 ], [ 16.570707321000157, 45.035564423000153 ], [ 16.566205978000141, 45.032474519000118 ], [ 16.560770035000019, 45.033615112000064 ], [ 16.554662704000179, 45.03653335600012 ], [ 16.548048019000078, 45.038436891000174 ], [ 16.543161393000048, 45.040859222000108 ], [ 16.540302276000034, 45.041713714000139 ], [ 16.528129578000062, 45.043273925000165 ], [ 16.512437821000105, 45.046619416000112 ], [ 16.50015068, 45.04819488600009 ], [ 16.497074128000179, 45.048915864000037 ], [ 16.494794846000048, 45.049980164000033 ], [ 16.488914491000173, 45.053733825000165 ], [ 16.486612320000177, 45.055480957000157 ], [ 16.484598159000086, 45.056564330000185 ], [ 16.478078843000162, 45.058544158000188 ], [ 16.473188401000129, 45.060974122000175 ], [ 16.47184181300014, 45.06145477400014 ], [ 16.459295273000123, 45.063720703000115 ], [ 16.457975388000079, 45.064163209000128 ], [ 16.454177856000115, 45.066028596000024 ], [ 16.451198578000117, 45.066867828 ], [ 16.444044113000132, 45.067634584000075 ], [ 16.430322648000185, 45.068038940000122 ], [ 16.410400391, 45.068267823000156 ], [ 16.395460129000185, 45.067909242000042 ], [ 16.394834518000039, 45.067504883000083 ], [ 16.388183593000122, 45.067695617000027 ], [ 16.384658813000158, 45.068531036000138 ], [ 16.38689231800015, 45.075534821000133 ], [ 16.388059617000181, 45.083595277000029 ], [ 16.39102745100007, 45.095191955000132 ], [ 16.392612458000031, 45.105087281000124 ], [ 16.394811630999982, 45.113262177000081 ], [ 16.401494980000109, 45.120685577000017 ], [ 16.410350799000184, 45.127395629000148 ], [ 16.41491317800012, 45.12970733700007 ], [ 16.419763565000039, 45.132164003000128 ], [ 16.43188858100018, 45.138484954000091 ], [ 16.433366775000081, 45.139255525000181 ], [ 16.43927765, 45.141983033000031 ], [ 16.448966979000147, 45.146450042000083 ], [ 16.451240540000072, 45.147502899000074 ], [ 16.461893082000017, 45.153293610000048 ], [ 16.470802307000099, 45.160228730000085 ], [ 16.474210739, 45.167797090000136 ], [ 16.477401734000182, 45.175861358000134 ], [ 16.481641770000124, 45.187076569000055 ], [ 16.486154556000145, 45.199447633000091 ], [ 16.487752914000055, 45.202095032000045 ], [ 16.49315261900017, 45.21104812699997 ], [ 16.501817703000029, 45.218250274000184 ], [ 16.508510589000082, 45.22116851800007 ], [ 16.51368522700011, 45.22342681900011 ], [ 16.524953842000173, 45.22587585399998 ], [ 16.529138566000029, 45.226787567000031 ], [ 16.543050765000146, 45.226333618000012 ], [ 16.558860779000156, 45.224029540000174 ], [ 16.577497482000012, 45.226295471000185 ], [ 16.580488205000108, 45.226657868000018 ], [ 16.583740234000174, 45.227413178000177 ], [ 16.584058762000041, 45.227489472000116 ], [ 16.593881607000014, 45.22977447400018 ], [ 16.60177421700007, 45.228038788000106 ], [ 16.605318070000123, 45.227260589000082 ], [ 16.613611220999985, 45.222770691000051 ], [ 16.620086670000092, 45.21946716400015 ], [ 16.624938965000069, 45.21699142500006 ], [ 16.62980651800018, 45.21450805600017 ] ] ] ] } },
{ "type": "Feature", "properties": { "fid": 83, "GID_3": "BIH.3.1.4_1", "GID_0": "BIH", "COUNTRY": "Bosnia and Herzegovina", "GID_1": "BIH.3_1", "NAME_1": "Repuplika Srpska", "NL_NAME_1": "NA", "GID_2": "BIH.3.1_1", "NAME_2": "Banja Luka", "NL_NAME_2": "NA", "NAME_3": "Čelinac", "VARNAME_3": "NA", "NL_NAME_3": "NA", "TYPE_3": "Opčine", "ENGTYPE_3": "Commune", "CC_3": "NA", "HASC_3": "NA" }, "geometry": { "type": "MultiPolygon", "coordinates": [ [ [ [ 17.231485367000118, 44.650218964000089 ], [ 17.226076126000123, 44.656391144000111 ], [ 17.224380494000116, 44.658912659000066 ], [ 17.221740723000153, 44.664161682000156 ], [ 17.218414307000046, 44.667697906000171 ], [ 17.217418671000075, 44.669303894 ], [ 17.216493607000132, 44.671810151000159 ], [ 17.216323852000187, 44.67351913400006 ], [ 17.216789246000133, 44.675209045000031 ], [ 17.218254090000016, 44.677577973000098 ], [ 17.219850540000152, 44.678966522000167 ], [ 17.221015929000032, 44.679553986000087 ], [ 17.228521348000072, 44.681671143000187 ], [ 17.233636856000032, 44.684875488000046 ], [ 17.235250473000065, 44.686145783000029 ], [ 17.236015319000103, 44.687091827000188 ], [ 17.237054825000143, 44.68923187200005 ], [ 17.239299774000187, 44.695987701000092 ], [ 17.240558625000176, 44.697662355000091 ], [ 17.242574692000062, 44.699661256000184 ], [ 17.245866776000128, 44.705280304000098 ], [ 17.249788284999966, 44.709854126000153 ], [ 17.250684739000064, 44.712074280000195 ], [ 17.252216339000142, 44.718280793000076 ], [ 17.253221511, 44.720756532000166 ], [ 17.255521773999988, 44.723941804000106 ], [ 17.259563446000072, 44.728164674000141 ], [ 17.26052665800006, 44.728816987000187 ], [ 17.263086318000092, 44.729892730000074 ], [ 17.268413543000065, 44.731243133000191 ], [ 17.273637772000029, 44.73324966500013 ], [ 17.275121689000173, 44.733615875000055 ], [ 17.280191422000144, 44.734088897000106 ], [ 17.291305543000192, 44.734195709000062 ], [ 17.294973374, 44.734592438000107 ], [ 17.29675674300006, 44.735012055000084 ], [ 17.298301696000067, 44.735565186000144 ], [ 17.300979614000141, 44.73706436100008 ], [ 17.302968979000127, 44.739036561000034 ], [ 17.303607942000156, 44.740173340000183 ], [ 17.30399322500017, 44.741329193000183 ], [ 17.304132461000108, 44.743618011000194 ], [ 17.303499222000028, 44.745754243000192 ], [ 17.302871705000086, 44.746707916000162 ], [ 17.297126770000034, 44.751598357000034 ], [ 17.293935776000126, 44.753986359000123 ], [ 17.292127608999976, 44.756420136000145 ], [ 17.290338517000123, 44.760047913000164 ], [ 17.289686202000041, 44.762573242000144 ], [ 17.288484573, 44.773147582000036 ], [ 17.285644532000163, 44.78353118900003 ], [ 17.282852172000048, 44.791378021000185 ], [ 17.288276673000041, 44.7931633 ], [ 17.294254303000116, 44.794097901000157 ], [ 17.304609299000163, 44.794322967000141 ], [ 17.308612824000022, 44.794075013000054 ], [ 17.312372207000124, 44.793529510000155 ], [ 17.315683364999984, 44.792480468000178 ], [ 17.317041395999979, 44.791675568000016 ], [ 17.31878471300007, 44.78964233500011 ], [ 17.321039201000133, 44.78509139900018 ], [ 17.322742463000168, 44.783222199000022 ], [ 17.325075150000032, 44.781608581000114 ], [ 17.328279495, 44.78034210200002 ], [ 17.33215141200003, 44.779647827000076 ], [ 17.336193084000115, 44.779422761000092 ], [ 17.340278625, 44.779579163000051 ], [ 17.344280243000185, 44.780136109000125 ], [ 17.354150773000129, 44.782558441 ], [ 17.358179092000057, 44.782993316000045 ], [ 17.370185852000191, 44.783660890000192 ], [ 17.373743058000173, 44.784202575000165 ], [ 17.380725860000098, 44.78683090300018 ], [ 17.386966705000134, 44.788379669000108 ], [ 17.392404555000098, 44.790546417000144 ], [ 17.395769120000068, 44.791252135999969 ], [ 17.399568558, 44.791522980000025 ], [ 17.405599594000023, 44.791446687000189 ], [ 17.418750762000172, 44.790344237999989 ], [ 17.421951295000042, 44.790786744000059 ], [ 17.423343658000022, 44.791397094999979 ], [ 17.4251480100001, 44.793220520000148 ], [ 17.427362441000128, 44.798603057999969 ], [ 17.429182053000034, 44.800552369000059 ], [ 17.430490495000129, 44.801231385000108 ], [ 17.433597565000127, 44.802024842000151 ], [ 17.437061310000104, 44.802337647000172 ], [ 17.442554473000143, 44.80240631099997 ], [ 17.44804954500006, 44.801933288000043 ], [ 17.451559067, 44.801361084000121 ], [ 17.456560134000028, 44.799915314000032 ], [ 17.458879470000056, 44.799011231000122 ], [ 17.460794450000037, 44.79784011900017 ], [ 17.465841294000029, 44.793415069000162 ], [ 17.468149185000073, 44.788967133000028 ], [ 17.469703675000119, 44.787250518000178 ], [ 17.470954895999967, 44.786537170000145 ], [ 17.473911285000099, 44.785667419000049 ], [ 17.478765487000089, 44.785411834000115 ], [ 17.481933593, 44.785884857000099 ], [ 17.484699250000176, 44.787044526000045 ], [ 17.48638534600002, 44.788742065000065 ], [ 17.488422394, 44.792625427000189 ], [ 17.489957809000146, 44.794551850000175 ], [ 17.492166520000183, 44.796215058000087 ], [ 17.494939805000058, 44.797473907000096 ], [ 17.498123169, 44.798160554000162 ], [ 17.501396180000029, 44.798397065000074 ], [ 17.510986329000104, 44.798194886000147 ], [ 17.515743255000018, 44.799068452000142 ], [ 17.518869401000075, 44.800350189000028 ], [ 17.528055192000068, 44.806274414000029 ], [ 17.530208588000107, 44.807121277000192 ], [ 17.533649444000048, 44.807903291000059 ], [ 17.536060334000013, 44.808090210000159 ], [ 17.53847313000017, 44.807804108000141 ], [ 17.540739058999975, 44.807197570000028 ], [ 17.542959213000188, 44.806251526000096 ], [ 17.543954849000158, 44.80559158300008 ], [ 17.545537948000117, 44.803722382000103 ], [ 17.547836304000043, 44.798393250000061 ], [ 17.551647187000128, 44.792598724000015 ], [ 17.552682876000119, 44.790363311000078 ], [ 17.552972794000141, 44.788974761000134 ], [ 17.552820205000046, 44.786201476000087 ], [ 17.549190522000174, 44.776618957000096 ], [ 17.548709870000039, 44.773853303000067 ], [ 17.548870087000068, 44.771484374000067 ], [ 17.550239564000094, 44.765716554000164 ], [ 17.551475524000068, 44.763317109000127 ], [ 17.552478791000055, 44.762260437000066 ], [ 17.555152894000059, 44.760749816000043 ], [ 17.560787201000039, 44.758789062000176 ], [ 17.564657212000043, 44.756992340000011 ], [ 17.567993163000097, 44.756156921000127 ], [ 17.575811387000044, 44.755508423000094 ], [ 17.592739105000135, 44.755146026000034 ], [ 17.596885682000163, 44.754798890000075 ], [ 17.600866318000158, 44.754077911000195 ], [ 17.603952408000055, 44.753070831 ], [ 17.609445573000073, 44.750564576000045 ], [ 17.612005233000161, 44.748725890000117 ], [ 17.612884522000172, 44.747528076000151 ], [ 17.613725661000046, 44.744956971000136 ], [ 17.613471984000114, 44.741024017000143 ], [ 17.612497329000178, 44.738582612000016 ], [ 17.611743926000088, 44.737503052000079 ], [ 17.608013153000059, 44.733882905000087 ], [ 17.604938507000043, 44.728954316000056 ], [ 17.60396385100006, 44.726173401000096 ], [ 17.603408813000101, 44.72323227000004 ], [ 17.602827073000128, 44.715606690000072 ], [ 17.59882927000001, 44.714614869000172 ], [ 17.595073700000171, 44.714115143000186 ], [ 17.589235306000091, 44.713893890000065 ], [ 17.577665329000126, 44.713943483000037 ], [ 17.574096679000093, 44.713695526000038 ], [ 17.570854187, 44.712982178000175 ], [ 17.569452286000114, 44.712337494999986 ], [ 17.567609788000084, 44.710723877000078 ], [ 17.564702987000032, 44.706386566000106 ], [ 17.561269760000073, 44.702838898000039 ], [ 17.558200837000072, 44.696384430000137 ], [ 17.55480384800012, 44.690990447000161 ], [ 17.554048537000085, 44.688579559000175 ], [ 17.553852081000173, 44.686100006000061 ], [ 17.554183961000092, 44.683639526999968 ], [ 17.555095674000086, 44.681301118000022 ], [ 17.557596206000028, 44.676876068000183 ], [ 17.558708191000107, 44.672920228000066 ], [ 17.55892181300004, 44.667484283000192 ], [ 17.558172226000124, 44.663612367000098 ], [ 17.556934357000102, 44.661308289000033 ], [ 17.55596923700017, 44.6603202820001 ], [ 17.553972244000079, 44.659103393000066 ], [ 17.548507690000179, 44.656776429000104 ], [ 17.544780731000117, 44.657966615000134 ], [ 17.541988372000048, 44.658546447000163 ], [ 17.538167953000084, 44.658973694000053 ], [ 17.532611848000158, 44.658958436000034 ], [ 17.529283524000107, 44.658466338000039 ], [ 17.527841569000088, 44.658031462999986 ], [ 17.524095536, 44.656242371000133 ], [ 17.521919251000156, 44.655574798000032 ], [ 17.518434524000043, 44.654926300000056 ], [ 17.516105652000078, 44.654785156000059 ], [ 17.512699127000076, 44.65527725100003 ], [ 17.509347915000092, 44.656230926000148 ], [ 17.50588607800006, 44.658107759000075 ], [ 17.50375557000018, 44.658962249000126 ], [ 17.501016617000118, 44.659427643000072 ], [ 17.498140335000187, 44.659435273000156 ], [ 17.495424270000058, 44.658946991000107 ], [ 17.49049186700006, 44.656871796000075 ], [ 17.483907700000032, 44.655078889000151 ], [ 17.481803894000052, 44.654048921000026 ], [ 17.479341507000129, 44.652355194000108 ], [ 17.473192216000029, 44.64879608200016 ], [ 17.470781326000179, 44.647838593000074 ], [ 17.465988158000073, 44.647235870000031 ], [ 17.462633133000054, 44.647308350000174 ], [ 17.459388734000072, 44.647708894000061 ], [ 17.456493378000175, 44.648506164000139 ], [ 17.451448440000036, 44.650875092000035 ], [ 17.442281723000121, 44.652873993000128 ], [ 17.43426322900018, 44.654933930000141 ], [ 17.430530549000025, 44.656185150999988 ], [ 17.427150726000093, 44.657627106 ], [ 17.425235749000024, 44.658863067000084 ], [ 17.424419403000115, 44.659717559000057 ], [ 17.421260835000112, 44.665153504000159 ], [ 17.415933610000138, 44.669372559000124 ], [ 17.413745880000135, 44.670471191000047 ], [ 17.412372589000086, 44.670898438000165 ], [ 17.404645919000075, 44.672439575 ], [ 17.39661789000013, 44.674419403000059 ], [ 17.390623092000055, 44.676570891999972 ], [ 17.387659073000066, 44.678245545000095 ], [ 17.386241914000152, 44.679897308000079 ], [ 17.38397789000004, 44.683357239000088 ], [ 17.381771087000118, 44.684852600000056 ], [ 17.378650666000169, 44.685783386000026 ], [ 17.375114440000118, 44.686271668000074 ], [ 17.369449615000121, 44.68655777000015 ], [ 17.361850738000101, 44.686401367000087 ], [ 17.356674194000107, 44.685699464000152 ], [ 17.351142884000183, 44.683586120000086 ], [ 17.348226547000024, 44.682907106000073 ], [ 17.334196090000091, 44.681777955000143 ], [ 17.323768616000109, 44.680175781000116 ], [ 17.320867538000016, 44.679370880000192 ], [ 17.319578170000113, 44.678764344000115 ], [ 17.31706237700007, 44.67663574200003 ], [ 17.311933517000057, 44.670536041000105 ], [ 17.30868339500006, 44.668174743000122 ], [ 17.305809020000027, 44.665596009000069 ], [ 17.302686691000076, 44.66320800800014 ], [ 17.298406601000124, 44.656936646000077 ], [ 17.292224883000074, 44.652133942000091 ], [ 17.288717269000074, 44.650051116000043 ], [ 17.285623551000072, 44.647602082000105 ], [ 17.282152176000181, 44.645286560000045 ], [ 17.277021408000053, 44.639835358000028 ], [ 17.271137238000108, 44.640777589000095 ], [ 17.259901046000152, 44.643100738000157 ], [ 17.256727218000094, 44.644054413000106 ], [ 17.252693176000093, 44.64587020800019 ], [ 17.249519347000103, 44.646827698000152 ], [ 17.238260270000126, 44.64915466400015 ], [ 17.231485367000118, 44.650218964000089 ] ] ] ] } },
{ "type": "Feature", "properties": { "fid": 84, "GID_3": "BIH.3.1.5_1", "GID_0": "BIH", "COUNTRY": "Bosnia and Herzegovina", "GID_1": "BIH.3_1", "NAME_1": "Repuplika Srpska", "NL_NAME_1": "NA", "GID_2": "BIH.3.1_1", "NAME_2": "Banja Luka", "NL_NAME_2": "NA", "NAME_3": "Dubica", "VARNAME_3": "NA", "NL_NAME_3": "NA", "TYPE_3": "Opčine", "ENGTYPE_3": "Commune", "CC_3": "NA", "HASC_3": "NA" }, "geometry": { "type": "MultiPolygon", "coordinates": [ [ [ [ 16.99694061200006, 45.226638795000156 ], [ 16.998392105000164, 45.225990295000145 ], [ 16.996961593000094, 45.198978424000074 ], [ 16.997041701000171, 45.194778442000029 ], [ 16.99741363600009, 45.192047119000108 ], [ 16.998275757000101, 45.189430236000192 ], [ 16.999614715000064, 45.187221528000066 ], [ 17.003791810000109, 45.181690216000163 ], [ 17.00666427699997, 45.179023743000073 ], [ 17.007961273000035, 45.177280427000085 ], [ 17.00868988000019, 45.175033569000163 ], [ 17.008825301000115, 45.172660828 ], [ 17.008386613000027, 45.170314788000042 ], [ 17.007904053000061, 45.169200898000099 ], [ 17.006210325999973, 45.16725158700018 ], [ 17.003801346000159, 45.166107178000118 ], [ 16.997556686000053, 45.164405823000095 ], [ 16.990322114000094, 45.16056823800011 ], [ 16.984111786000142, 45.155746460000103 ], [ 16.983329774000083, 45.154720307000048 ], [ 16.98234176700015, 45.152355194000165 ], [ 16.981555938000042, 45.146987915000068 ], [ 16.980356217000178, 45.119529723000142 ], [ 16.978967667000063, 45.108566284000119 ], [ 16.97968483000011, 45.103584289000139 ], [ 16.980508804000124, 45.10031890800002 ], [ 16.981473922000191, 45.098415374000126 ], [ 16.98325920100001, 45.096378326000149 ], [ 16.984321594999983, 45.094699860000162 ], [ 16.984897614000147, 45.092559814000026 ], [ 16.984989166000105, 45.090244293000183 ], [ 16.982254028000057, 45.077369690000126 ], [ 16.981470109000156, 45.074916840000071 ], [ 16.979976654000097, 45.072631835999971 ], [ 16.978059769000083, 45.071155549000139 ], [ 16.975244522000082, 45.070041657000161 ], [ 16.973524094000027, 45.069690705000085 ], [ 16.969942094000146, 45.06937027000015 ], [ 16.966224670000031, 45.069343567000146 ], [ 16.944976807000103, 45.070148469000117 ], [ 16.939521789000139, 45.069938660000105 ], [ 16.936223984000037, 45.069404602000134 ], [ 16.93368721000013, 45.068466188000116 ], [ 16.9308795930001, 45.066917420000038 ], [ 16.925331116000109, 45.064384461000145 ], [ 16.923021317, 45.062957765000078 ], [ 16.917898178000087, 45.059181213000045 ], [ 16.914909363000106, 45.058429718000127 ], [ 16.897212982999974, 45.057334901000047 ], [ 16.89214515599997, 45.056804657000043 ], [ 16.889219284000035, 45.056095123000148 ], [ 16.885217666000017, 45.054363252000144 ], [ 16.882545471000185, 45.053604126000039 ], [ 16.874881744000163, 45.052070617000027 ], [ 16.867147445000171, 45.049888610000096 ], [ 16.861225127000068, 45.04915618800004 ], [ 16.850885390000144, 45.04904937800012 ], [ 16.788097383000036, 45.050510407000104 ], [ 16.782524109000065, 45.051212312000189 ], [ 16.779388427000129, 45.052215576000037 ], [ 16.773420334999969, 45.05600738600009 ], [ 16.769754411000065, 45.059047699000189 ], [ 16.763132095000174, 45.063411713000164 ], [ 16.755723953000029, 45.066139221000071 ], [ 16.753662109000174, 45.067462921000129 ], [ 16.750011443000062, 45.071865082000159 ], [ 16.748031616000105, 45.07513046300005 ], [ 16.745988845000113, 45.083374024000079 ], [ 16.744232177000072, 45.086826326000107 ], [ 16.742889404000096, 45.088397980000082 ], [ 16.741926193999973, 45.089080811000031 ], [ 16.739509583000142, 45.089965820000145 ], [ 16.73562431400012, 45.090187073000095 ], [ 16.730243682000037, 45.089553834000185 ], [ 16.72573089500014, 45.088779450000061 ], [ 16.723016738000013, 45.087875367000095 ], [ 16.715997697000034, 45.083549500000061 ], [ 16.71303749100008, 45.081031799000186 ], [ 16.709705352000128, 45.078704835000053 ], [ 16.706716537000034, 45.075820923000151 ], [ 16.704542160000187, 45.074172973000032 ], [ 16.700359344000105, 45.072200775000113 ], [ 16.698566437000181, 45.071731568000132 ], [ 16.694799423000063, 45.071197511000037 ], [ 16.69091033899997, 45.071002960000044 ], [ 16.685005187000058, 45.071071625000116 ], [ 16.679225921000068, 45.071445465000124 ], [ 16.675590516000113, 45.071910859000127 ], [ 16.670896531000153, 45.073188782000045 ], [ 16.667194367000036, 45.075225830000193 ], [ 16.665027618000124, 45.076080322000053 ], [ 16.660245895000116, 45.077423095000029 ], [ 16.657617569000081, 45.077854158000093 ], [ 16.653417587000035, 45.077903748000097 ], [ 16.642881393000096, 45.076850891000106 ], [ 16.638891221, 45.077064514000085 ], [ 16.620780945000092, 45.081714631000182 ], [ 16.618204117000062, 45.091335297000057 ], [ 16.61698341400006, 45.093326568000066 ], [ 16.615982055000075, 45.094184875999986 ], [ 16.614719391000051, 45.094844819000173 ], [ 16.611850738999976, 45.095565795000141 ], [ 16.608785630000114, 45.095722198000033 ], [ 16.605691910000132, 45.095485687000064 ], [ 16.600374221000038, 45.094718933000081 ], [ 16.595537185000069, 45.094696045000092 ], [ 16.592391967000083, 45.095245363000117 ], [ 16.590919495000094, 45.095775605000085 ], [ 16.588872910000134, 45.09705352800006 ], [ 16.587339401000179, 45.098945619000176 ], [ 16.586841582000091, 45.100086212000122 ], [ 16.585683823000124, 45.105934144000116 ], [ 16.584936143000107, 45.108089447 ], [ 16.583688737000102, 45.109733582000104 ], [ 16.576187133000076, 45.116527557999973 ], [ 16.575342178000028, 45.11842346200018 ], [ 16.57534408600003, 45.120464325000057 ], [ 16.576244353000163, 45.122421264000195 ], [ 16.578193664000082, 45.123935700000118 ], [ 16.584365844000047, 45.125648500000068 ], [ 16.586450576000061, 45.126510619999976 ], [ 16.592773438000108, 45.129974365000123 ], [ 16.598318100000029, 45.134109497000168 ], [ 16.599824905000105, 45.135608674000139 ], [ 16.603185652999969, 45.141193391000115 ], [ 16.606592178000028, 45.144706726000095 ], [ 16.608718872000111, 45.148506164000025 ], [ 16.610097885000073, 45.150253296000187 ], [ 16.61645698500007, 45.15500640800019 ], [ 16.620094300000062, 45.156967163000104 ], [ 16.623296737999965, 45.159175873000095 ], [ 16.626729966000028, 45.161052704000042 ], [ 16.628042220000054, 45.162345887000185 ], [ 16.628458022000189, 45.163135529000158 ], [ 16.628635406000114, 45.164768218000177 ], [ 16.628265381000119, 45.166362763 ], [ 16.627464295000095, 45.167991639000149 ], [ 16.626094819000116, 45.169422149000184 ], [ 16.620281219000162, 45.173194885000044 ], [ 16.611385345000031, 45.175964355000076 ], [ 16.605735780000032, 45.180030823000095 ], [ 16.604261398000062, 45.181842803000109 ], [ 16.603414536000173, 45.184280395000144 ], [ 16.603071213000078, 45.186943055000029 ], [ 16.603149414000086, 45.19550323600015 ], [ 16.603998184000147, 45.202602386000081 ], [ 16.604961396000078, 45.205287934000069 ], [ 16.605741499999965, 45.206565857000044 ], [ 16.606653213000186, 45.207630157000153 ], [ 16.608934401999988, 45.209461212000065 ], [ 16.611694337000188, 45.21088027900015 ], [ 16.61438369800004, 45.211746217000041 ], [ 16.622890472000108, 45.213596344000052 ], [ 16.62980651800018, 45.21450805600017 ], [ 16.635082245000149, 45.211814880000077 ], [ 16.653329850000148, 45.207092286000147 ], [ 16.665601730000162, 45.205646516000058 ], [ 16.679302215000178, 45.204036713 ], [ 16.698226929000157, 45.20367050100009 ], [ 16.71146965000014, 45.206092835000163 ], [ 16.724767685000018, 45.208744049000131 ], [ 16.729112626000074, 45.207702637000125 ], [ 16.742139817000179, 45.204570771000135 ], [ 16.761667252, 45.198272706000125 ], [ 16.784336089000078, 45.192520141000159 ], [ 16.801147462000074, 45.188880921000134 ], [ 16.815158844000109, 45.18884658900015 ], [ 16.81683158900006, 45.189121247000116 ], [ 16.821674346000123, 45.189922332000037 ], [ 16.828346252000017, 45.191024781000067 ], [ 16.829639435, 45.192054749000192 ], [ 16.837734222, 45.198513032000108 ], [ 16.837806702000137, 45.198570252000081 ], [ 16.838796615999968, 45.202171326000155 ], [ 16.840177536, 45.207199096000124 ], [ 16.841375352000171, 45.216438294 ], [ 16.841491700000063, 45.21669006400009 ], [ 16.846193313000128, 45.226879121000138 ], [ 16.848838807000163, 45.226783752000131 ], [ 16.851810456000123, 45.226676941000107 ], [ 16.86011505200014, 45.227455140000131 ], [ 16.861715317000119, 45.227603913000053 ], [ 16.864702225000144, 45.230377197000053 ], [ 16.866857529000129, 45.232379914000092 ], [ 16.87535858200016, 45.234409332000155 ], [ 16.876497268000037, 45.234832763999975 ], [ 16.884880066000164, 45.237957 ], [ 16.886003493000146, 45.238544465000075 ], [ 16.890834809000182, 45.241065979000155 ], [ 16.893648147000079, 45.242534637000176 ], [ 16.902914048000184, 45.249164581000173 ], [ 16.903158187000031, 45.249382020000155 ], [ 16.907014848000188, 45.252826692000042 ], [ 16.910249709000027, 45.255714417000149 ], [ 16.910556794000172, 45.255989075000173 ], [ 16.917442321000067, 45.265239716000053 ], [ 16.926401139000063, 45.274356843000078 ], [ 16.926717758000052, 45.274681091000048 ], [ 16.927591324000048, 45.274272919000055 ], [ 16.928398132000041, 45.273899078999989 ], [ 16.933864593000123, 45.271362305000082 ], [ 16.936943055000143, 45.269935609000186 ], [ 16.939096451000125, 45.264980316000049 ], [ 16.937421798000059, 45.263370514000087 ], [ 16.931295395, 45.257484435000038 ], [ 16.927322387000117, 45.247875215000079 ], [ 16.924932480000166, 45.239246368000124 ], [ 16.928375244000051, 45.231330872000171 ], [ 16.932004929000129, 45.231124878000173 ], [ 16.935632706000149, 45.230918885000108 ], [ 16.946487427000079, 45.231552125000064 ], [ 16.947479249000082, 45.231609345000038 ], [ 16.95258140500016, 45.230659486000036 ], [ 16.961868286000026, 45.228931427000134 ], [ 16.971588134000058, 45.227104187000123 ], [ 16.97240829499998, 45.22694778400006 ], [ 16.972665787000153, 45.227352143000189 ], [ 16.973487855000144, 45.228645324000183 ], [ 16.975511549999965, 45.231830598000101 ], [ 16.976701736000052, 45.233703613000102 ], [ 16.972503662000179, 45.242660523000097 ], [ 16.970584869000106, 45.249191284000176 ], [ 16.96993255600006, 45.251411438000048 ], [ 16.977714537999987, 45.247653962000186 ], [ 16.981643677000136, 45.240375519000054 ], [ 16.983848571000124, 45.234249116 ], [ 16.98434448200004, 45.23297119200015 ], [ 16.986530304000041, 45.227352143000189 ], [ 16.994693756000117, 45.225196839000034 ], [ 16.99694061200006, 45.226638795000156 ] ] ] ] } },
{ "type": "Feature", "properties": { "fid": 85, "GID_3": "BIH.3.1.6_1", "GID_0": "BIH", "COUNTRY": "Bosnia and Herzegovina", "GID_1": "BIH.3_1", "NAME_1": "Repuplika Srpska", "NL_NAME_1": "NA", "GID_2": "BIH.3.1_1", "NAME_2": "Banja Luka", "NL_NAME_2": "NA", "NAME_3": "Istočni Drvar", "VARNAME_3": "Srpski Drvar", "NL_NAME_3": "NA", "TYPE_3": "Opčine", "ENGTYPE_3": "Commune", "CC_3": "NA", "HASC_3": "NA" }, "geometry": { "type": "MultiPolygon", "coordinates": [ [ [ [ 16.654142381000156, 44.348941804000106 ], [ 16.642459869000049, 44.356334686000025 ], [ 16.634273530000144, 44.361824035000097 ], [ 16.630090714000062, 44.364070893000189 ], [ 16.626972198000146, 44.36512375000018 ], [ 16.617113113000187, 44.367130279000037 ], [ 16.605670929000098, 44.371295929000041 ], [ 16.601980209000089, 44.37296295200008 ], [ 16.597011566000106, 44.376163482000038 ], [ 16.586084366000136, 44.384449005000135 ], [ 16.581132889000173, 44.387832642000092 ], [ 16.578573227000106, 44.389232634999985 ], [ 16.574186324000152, 44.391277313000103 ], [ 16.570718764000105, 44.393531799000073 ], [ 16.568544387000088, 44.394325256000116 ], [ 16.562679290000176, 44.395904542000039 ], [ 16.560775756000055, 44.396919250000167 ], [ 16.55848312300003, 44.398693085000104 ], [ 16.555025101000069, 44.400810242000034 ], [ 16.552236558000175, 44.403369904000101 ], [ 16.548904419000053, 44.40555954000007 ], [ 16.546146393000129, 44.408164979000105 ], [ 16.54276084900016, 44.410472869999978 ], [ 16.538545609000096, 44.414428710000095 ], [ 16.536397932999989, 44.415866852000079 ], [ 16.531579970000053, 44.418632507000041 ], [ 16.535829544000137, 44.421905518000187 ], [ 16.540195466000057, 44.42431259100016 ], [ 16.543449401000089, 44.426750183000024 ], [ 16.547048570000072, 44.428802491000056 ], [ 16.550149917999988, 44.431186676000038 ], [ 16.553716660000077, 44.433212280000134 ], [ 16.556812287000128, 44.435604095000031 ], [ 16.560344696000129, 44.437667847000114 ], [ 16.566448212000125, 44.44253158700019 ], [ 16.567718506000062, 44.44427490400011 ], [ 16.569166184000096, 44.447139740000182 ], [ 16.570482253000023, 44.448909761000152 ], [ 16.576341630000115, 44.452838898000095 ], [ 16.57872009200014, 44.453773499000079 ], [ 16.580186843000035, 44.454067230000135 ], [ 16.583337783, 44.454364777000137 ], [ 16.593257905000144, 44.454624176000038 ], [ 16.596317291000105, 44.455059052000138 ], [ 16.597707749000051, 44.455467223000028 ], [ 16.598941804000106, 44.456050873000038 ], [ 16.599927903000093, 44.456802368000126 ], [ 16.603555680000113, 44.46195602500012 ], [ 16.610126496000078, 44.466537477000088 ], [ 16.611351013000046, 44.467037201000096 ], [ 16.614137649000043, 44.467750549000129 ], [ 16.627620698000158, 44.469848632000094 ], [ 16.627048493000132, 44.459941865000076 ], [ 16.626014710000163, 44.4488563540001 ], [ 16.626251221000075, 44.447200776000045 ], [ 16.626655578000054, 44.446403504000159 ], [ 16.628753661000189, 44.44443130600007 ], [ 16.634622574000048, 44.440738678000059 ], [ 16.63714408900006, 44.439842224000131 ], [ 16.642534256999966, 44.438491821000071 ], [ 16.644704818999969, 44.437568665000072 ], [ 16.647403717000032, 44.436088563000169 ], [ 16.653713226000093, 44.434089661000144 ], [ 16.656028747000107, 44.432914734000178 ], [ 16.657592772999976, 44.431221009000126 ], [ 16.660066604000122, 44.426662446000137 ], [ 16.66253471400006, 44.423896789000025 ], [ 16.663516997999977, 44.421718597000108 ], [ 16.663940430000025, 44.419250488999978 ], [ 16.664031982000154, 44.415264129000036 ], [ 16.662773132999973, 44.394199372000173 ], [ 16.662723541000162, 44.385971069000163 ], [ 16.663045883000166, 44.383438111000032 ], [ 16.663753509000117, 44.381164550999983 ], [ 16.664318085000104, 44.380191803000173 ], [ 16.666597367000065, 44.377532959000064 ], [ 16.667053223000096, 44.376583099000186 ], [ 16.667325974, 44.375560761000145 ], [ 16.667356490000031, 44.373420716000112 ], [ 16.666347503000168, 44.370761872 ], [ 16.663890837999986, 44.368171693000193 ], [ 16.662757874000079, 44.366203308000138 ], [ 16.660692215000097, 44.358860016000051 ], [ 16.659486771000047, 44.356002808000085 ], [ 16.657926560000021, 44.353607178000118 ], [ 16.654142381000156, 44.348941804000106 ] ] ] ] } },
{ "type": "Feature", "properties": { "fid": 86, "GID_3": "BIH.3.1.7_1", "GID_0": "BIH", "COUNTRY": "Bosnia and Herzegovina", "GID_1": "BIH.3_1", "NAME_1": "Repuplika Srpska", "NL_NAME_1": "NA", "GID_2": "BIH.3.1_1", "NAME_2": "Banja Luka", "NL_NAME_2": "NA", "NAME_3": "Jezero", "VARNAME_3": "NA", "NL_NAME_3": "NA", "TYPE_3": "Opčine", "ENGTYPE_3": "Commune", "CC_3": "NA", "HASC_3": "NA" }, "geometry": { "type": "MultiPolygon", "coordinates": [ [ [ [ 17.196222305000106, 44.427406311000141 ], [ 17.196052552000026, 44.420738221000192 ], [ 17.196659088000104, 44.415542602000073 ], [ 17.199478150000118, 44.405258178000167 ], [ 17.203197479000096, 44.39851760900018 ], [ 17.203968047999979, 44.395969390000062 ], [ 17.204212189000032, 44.392089844000054 ], [ 17.203447341000185, 44.388435365000134 ], [ 17.202119826, 44.386352540000189 ], [ 17.196399688000099, 44.382213593000131 ], [ 17.194469452000135, 44.381141663000051 ], [ 17.189849854000158, 44.379150390000063 ], [ 17.186319351000179, 44.376884461000088 ], [ 17.182352064999975, 44.373027802000081 ], [ 17.179250717000059, 44.370414735000168 ], [ 17.177652358999978, 44.367488861000027 ], [ 17.175645828000143, 44.361125947000062 ], [ 17.174579621000134, 44.359508514000083 ], [ 17.171665192000148, 44.357002259000126 ], [ 17.170488357000181, 44.3554649350001 ], [ 17.168987274000074, 44.352153777000012 ], [ 17.168905257000119, 44.350387574000194 ], [ 17.169393540000101, 44.348709106000058 ], [ 17.170236587000147, 44.346988678000173 ], [ 17.171604156000058, 44.345382690000122 ], [ 17.172540664999985, 44.34472274899997 ], [ 17.185703277000187, 44.338493347000053 ], [ 17.187580110000113, 44.33717346200018 ], [ 17.192823410000187, 44.331863404000103 ], [ 17.204298018000088, 44.322219849000078 ], [ 17.208757400000138, 44.317047119000165 ], [ 17.210933684000054, 44.315082550000056 ], [ 17.212209701000063, 44.313331605000087 ], [ 17.21309471100011, 44.309848785000042 ], [ 17.21320915300015, 44.305992127000138 ], [ 17.211608885999965, 44.276012421000075 ], [ 17.210840225000084, 44.267894746000195 ], [ 17.208654405000061, 44.254600526000104 ], [ 17.202104567999982, 44.26174163800016 ], [ 17.196870803000138, 44.268516540000121 ], [ 17.19382476800007, 44.271274567000148 ], [ 17.190147400000058, 44.275302888000112 ], [ 17.18784523000005, 44.277046205000033 ], [ 17.185176850000062, 44.278476715000068 ], [ 17.182182312000066, 44.279384612000115 ], [ 17.171258927000167, 44.279701232000036 ], [ 17.165946961000145, 44.280433654000092 ], [ 17.162967682000101, 44.28176498400012 ], [ 17.161912917000109, 44.282772064000085 ], [ 17.160713196000074, 44.285060883000028 ], [ 17.159500122000054, 44.289894105000087 ], [ 17.158403397000029, 44.292091370000094 ], [ 17.152965545000029, 44.297302247000175 ], [ 17.149700165000013, 44.299526216000061 ], [ 17.144872666000026, 44.303627013000039 ], [ 17.143924714000093, 44.304531098000098 ], [ 17.14259910700008, 44.306709290000072 ], [ 17.141744614, 44.309581757000103 ], [ 17.141721726000071, 44.311344147000113 ], [ 17.143415450000077, 44.319618225000113 ], [ 17.143674850000025, 44.32256317100007 ], [ 17.142997741000045, 44.324501039000154 ], [ 17.141254424000124, 44.326339722000171 ], [ 17.138708115000043, 44.327720642000031 ], [ 17.136940002000017, 44.328243256000064 ], [ 17.133192061000159, 44.328708649000134 ], [ 17.129333496000015, 44.328655243000185 ], [ 17.119457245000092, 44.327625275 ], [ 17.113405227000101, 44.327877045000093 ], [ 17.109817506000127, 44.328559876000156 ], [ 17.095354081000096, 44.332424165000077 ], [ 17.093057633000171, 44.333801270000038 ], [ 17.091871262000154, 44.335372926000048 ], [ 17.091619491000188, 44.336231231000113 ], [ 17.092147828000122, 44.340412140000126 ], [ 17.094133376000059, 44.34564972000004 ], [ 17.102251054000078, 44.352870941000049 ], [ 17.107408523000061, 44.358291627000028 ], [ 17.110342026000012, 44.360942841000167 ], [ 17.114469529000019, 44.367385864000084 ], [ 17.119756699000163, 44.371757508000144 ], [ 17.121593475000054, 44.37293243300013 ], [ 17.125146867000126, 44.374019624000084 ], [ 17.127859116000081, 44.374137879000045 ], [ 17.130460738000011, 44.373832703000176 ], [ 17.141992569000024, 44.371402741 ], [ 17.146324157000095, 44.371353149000186 ], [ 17.149477004000119, 44.372043609000116 ], [ 17.15106010400001, 44.372669221000194 ], [ 17.155138015000034, 44.375213623000036 ], [ 17.15792846800008, 44.378406525000059 ], [ 17.160572052000134, 44.383571624000126 ], [ 17.164438248000067, 44.387889862000179 ], [ 17.166114807000156, 44.392070770000089 ], [ 17.166112898999984, 44.393772125000112 ], [ 17.164937974000054, 44.397064209000177 ], [ 17.163965226000016, 44.39857101500013 ], [ 17.161558151000065, 44.401119232000042 ], [ 17.160766601000148, 44.402976991000173 ], [ 17.160837174000051, 44.406024934000015 ], [ 17.161800384000117, 44.407924653000123 ], [ 17.167665482000132, 44.412719727000194 ], [ 17.171188354000094, 44.414741517000152 ], [ 17.174375534000035, 44.417053223000096 ], [ 17.181623458000047, 44.421340942000029 ], [ 17.196222305000106, 44.427406311000141 ] ] ] ] } },
{ "type": "Feature", "properties": { "fid": 87, "GID_3": "BIH.3.1.8_1", "GID_0": "BIH", "COUNTRY": "Bosnia and Herzegovina", "GID_1": "BIH.3_1", "NAME_1": "Repuplika Srpska", "NL_NAME_1": "NA", "GID_2": "BIH.3.1_1", "NAME_2": "Banja Luka", "NL_NAME_2": "NA", "NAME_3": "Kotor Varoš", "VARNAME_3": "NA", "NL_NAME_3": "NA", "TYPE_3": "Opčine", "ENGTYPE_3": "Commune", "CC_3": "NA", "HASC_3": "NA" }, "geometry": { "type": "MultiPolygon", "coordinates": [ [ [ [ 17.716646194000134, 44.394229889000144 ], [ 17.711648942000181, 44.388687134000065 ], [ 17.708244323000145, 44.386360168000124 ], [ 17.70525169300015, 44.383884429000148 ], [ 17.699127198000099, 44.38031387400008 ], [ 17.696731568000132, 44.379356384000062 ], [ 17.693611145000148, 44.378833770000142 ], [ 17.68840408300008, 44.378639221000128 ], [ 17.669797896000091, 44.379322053000124 ], [ 17.664432525000109, 44.379356384000062 ], [ 17.659513474, 44.378829957000107 ], [ 17.656732559000034, 44.377773285000103 ], [ 17.654930115000127, 44.376106262000064 ], [ 17.652219772000137, 44.371650696000188 ], [ 17.650266648000184, 44.369693756000117 ], [ 17.649049759000093, 44.367996217000098 ], [ 17.647079466999969, 44.361236573000156 ], [ 17.645940781000093, 44.359134674000074 ], [ 17.645015717000092, 44.358222961000195 ], [ 17.642663955000046, 44.357009887 ], [ 17.63636016900017, 44.355163575 ], [ 17.63357925400004, 44.353786469000113 ], [ 17.631126404000099, 44.352924348000101 ], [ 17.62803459200012, 44.352428437000185 ], [ 17.622974395000028, 44.352211 ], [ 17.61781692500017, 44.352405549000082 ], [ 17.612955093000039, 44.353073120000147 ], [ 17.611494064000055, 44.353469849000021 ], [ 17.609170913000128, 44.354545594000115 ], [ 17.606679916000132, 44.356307984000125 ], [ 17.60253143400007, 44.358753204000095 ], [ 17.599630356000034, 44.361316681 ], [ 17.595247268000094, 44.369358063000107 ], [ 17.593812942999989, 44.370922089000032 ], [ 17.588626862000183, 44.375347139000041 ], [ 17.581670761000055, 44.379600526 ], [ 17.572240830000112, 44.382549286000085 ], [ 17.570983886000022, 44.383205414000031 ], [ 17.568866729000092, 44.384811402000025 ], [ 17.568050384000117, 44.385730743000181 ], [ 17.567092896000133, 44.38759994500009 ], [ 17.566812515000095, 44.39177322400019 ], [ 17.566015243000038, 44.394325256000116 ], [ 17.564558030000171, 44.396759032000034 ], [ 17.562959670000112, 44.398231506 ], [ 17.561624527000049, 44.398925781000173 ], [ 17.558538437000095, 44.39978408900015 ], [ 17.546438218, 44.400951385999974 ], [ 17.543264389000058, 44.401584626000158 ], [ 17.540863037000122, 44.402580262000129 ], [ 17.534841536999977, 44.406318665000072 ], [ 17.531988144000081, 44.408802032000153 ], [ 17.528739929000153, 44.411060333000194 ], [ 17.525920869000174, 44.413654327000074 ], [ 17.522615432000123, 44.415893554000149 ], [ 17.519723891000069, 44.418399811000143 ], [ 17.513864517, 44.422222138000109 ], [ 17.511861801000066, 44.423263549000012 ], [ 17.506816863999973, 44.424938203000067 ], [ 17.50447845400015, 44.426124573000152 ], [ 17.502960206000125, 44.427604675000055 ], [ 17.501304626000092, 44.430133819000048 ], [ 17.49869346600002, 44.435710906999986 ], [ 17.497188568000013, 44.438270570000157 ], [ 17.495975494000049, 44.439941406000173 ], [ 17.494308473000046, 44.441413880000141 ], [ 17.492988585999967, 44.442089081000177 ], [ 17.48995971700009, 44.442955017000031 ], [ 17.481445313000108, 44.444087982999974 ], [ 17.478025437000156, 44.444770812000115 ], [ 17.475004195999986, 44.445777894000116 ], [ 17.468479157000047, 44.448474883000074 ], [ 17.466392517000031, 44.44954681400003 ], [ 17.463205338000023, 44.452041625000106 ], [ 17.459829330000161, 44.454254151000043 ], [ 17.456951142000037, 44.456760406 ], [ 17.45109748800013, 44.460556031000124 ], [ 17.449100494000049, 44.461551666000162 ], [ 17.442827224999974, 44.46357345600012 ], [ 17.440855026000122, 44.464946747000113 ], [ 17.439228057000093, 44.467426301000103 ], [ 17.438467026000069, 44.470024108000189 ], [ 17.438634872000137, 44.471824647000062 ], [ 17.439783096000099, 44.475967407000155 ], [ 17.44070243800013, 44.478088378000052 ], [ 17.442104339000025, 44.479953766000051 ], [ 17.450864792000061, 44.486385345000087 ], [ 17.452453614000035, 44.488067628000124 ], [ 17.453067780000083, 44.489181518000066 ], [ 17.453861237000069, 44.491630555000143 ], [ 17.454338075000067, 44.495563507000099 ], [ 17.454093933000138, 44.499465943000075 ], [ 17.453319550000117, 44.501861572000109 ], [ 17.451929092000171, 44.50368118300014 ], [ 17.446891784000115, 44.508113860000151 ], [ 17.439907074000018, 44.512264252000193 ], [ 17.438610078000011, 44.512695312000176 ], [ 17.435731888000078, 44.513187408000192 ], [ 17.432693481000115, 44.513336182000046 ], [ 17.427347183000109, 44.513179780000087 ], [ 17.424976349000019, 44.513347626000098 ], [ 17.420448304000104, 44.514602662000073 ], [ 17.418428422000147, 44.515808106000122 ], [ 17.417533875000117, 44.516819001000044 ], [ 17.416589736000049, 44.519104005000088 ], [ 17.416023254000095, 44.527969361000146 ], [ 17.415468215999965, 44.530326844000058 ], [ 17.414949417000116, 44.531383515000186 ], [ 17.412088395000012, 44.535129546000064 ], [ 17.409780502000103, 44.539928436000139 ], [ 17.40831947300012, 44.54145431500018 ], [ 17.402700425000091, 44.545421601000157 ], [ 17.396760940000036, 44.547554016000106 ], [ 17.394634247000056, 44.548812867000095 ], [ 17.393873214000052, 44.549686433000034 ], [ 17.393360138000048, 44.550655366 ], [ 17.392890930000135, 44.552745819000052 ], [ 17.393329621000078, 44.558441163000055 ], [ 17.392999648000057, 44.560127258000193 ], [ 17.392343522000147, 44.561805726000159 ], [ 17.391294478000191, 44.563453674000073 ], [ 17.38944244400011, 44.564907074000075 ], [ 17.383266449000075, 44.567150117000097 ], [ 17.377735138000048, 44.57003021200012 ], [ 17.3743667600001, 44.570808411000144 ], [ 17.371061325000028, 44.570903778000115 ], [ 17.369972228999984, 44.570659638000166 ], [ 17.368131638000023, 44.569816589000141 ], [ 17.365312576, 44.567493438000042 ], [ 17.359510420999982, 44.563655853 ], [ 17.357517243000132, 44.562595368000132 ], [ 17.350030899000103, 44.560474396000131 ], [ 17.339956283000163, 44.55916595500014 ], [ 17.33577918900005, 44.55823898400007 ], [ 17.331003188000068, 44.556762695000089 ], [ 17.326795578000088, 44.554214478000176 ], [ 17.32391738900003, 44.553295135000042 ], [ 17.321781158000135, 44.553314208000131 ], [ 17.318561555000088, 44.553928375000055 ], [ 17.31651306100008, 44.554637910000054 ], [ 17.313049317000036, 44.556568146000018 ], [ 17.311677932000123, 44.557071687000075 ], [ 17.308420182000077, 44.557746888000054 ], [ 17.300897597000187, 44.558292389000144 ], [ 17.283021927000107, 44.558353424000131 ], [ 17.280769349000082, 44.558761596000181 ], [ 17.278816223000149, 44.559795380000082 ], [ 17.277397156000063, 44.561500549000016 ], [ 17.276969909000115, 44.562568665000128 ], [ 17.275844573000086, 44.56932449400017 ], [ 17.274826050000115, 44.571338653000112 ], [ 17.273418427000081, 44.572673797999983 ], [ 17.268808366000144, 44.576152800999978 ], [ 17.262851715000124, 44.578224183000145 ], [ 17.260580063000077, 44.579456331000131 ], [ 17.259668350000084, 44.580387117000043 ], [ 17.258569717000057, 44.582595825 ], [ 17.257953645000043, 44.587684631000059 ], [ 17.258136749000073, 44.593124389000025 ], [ 17.25872421300005, 44.598495483000193 ], [ 17.259326934000057, 44.601009368000064 ], [ 17.260370255000169, 44.603275299000074 ], [ 17.261928559000125, 44.604949951000037 ], [ 17.266565323000066, 44.608493804000091 ], [ 17.270914076999986, 44.611072540000123 ], [ 17.277280808, 44.615734101000101 ], [ 17.27872085600012, 44.617469787000175 ], [ 17.280969621000111, 44.621212005000189 ], [ 17.284444809000092, 44.624645233000194 ], [ 17.285633087000178, 44.626739502000191 ], [ 17.286197663000166, 44.629085541000052 ], [ 17.286235810000051, 44.63151168800016 ], [ 17.285669326000061, 44.633876801000042 ], [ 17.28508567900019, 44.63498306300005 ], [ 17.283342362000099, 44.636699676000092 ], [ 17.277021408000053, 44.639835358000028 ], [ 17.282152176000181, 44.645286560000045 ], [ 17.285623551000072, 44.647602082000105 ], [ 17.288717269000074, 44.650051116000043 ], [ 17.292224883000074, 44.652133942000091 ], [ 17.298406601000124, 44.656936646000077 ], [ 17.302686691000076, 44.66320800800014 ], [ 17.305809020000027, 44.665596009000069 ], [ 17.30868339500006, 44.668174743000122 ], [ 17.311933517000057, 44.670536041000105 ], [ 17.31706237700007, 44.67663574200003 ], [ 17.319578170000113, 44.678764344000115 ], [ 17.320867538000016, 44.679370880000192 ], [ 17.323768616000109, 44.680175781000116 ], [ 17.334196090000091, 44.681777955000143 ], [ 17.348226547000024, 44.682907106000073 ], [ 17.351142884000183, 44.683586120000086 ], [ 17.356674194000107, 44.685699464000152 ], [ 17.361850738000101, 44.686401367000087 ], [ 17.369449615000121, 44.68655777000015 ], [ 17.375114440000118, 44.686271668000074 ], [ 17.378650666000169, 44.685783386000026 ], [ 17.381771087000118, 44.684852600000056 ], [ 17.38397789000004, 44.683357239000088 ], [ 17.386241914000152, 44.679897308000079 ], [ 17.387659073000066, 44.678245545000095 ], [ 17.390623092000055, 44.676570891999972 ], [ 17.39661789000013, 44.674419403000059 ], [ 17.404645919000075, 44.672439575 ], [ 17.412372589000086, 44.670898438000165 ], [ 17.413745880000135, 44.670471191000047 ], [ 17.415933610000138, 44.669372559000124 ], [ 17.421260835000112, 44.665153504000159 ], [ 17.424419403000115, 44.659717559000057 ], [ 17.425235749000024, 44.658863067000084 ], [ 17.427150726000093, 44.657627106 ], [ 17.430530549000025, 44.656185150999988 ], [ 17.43426322900018, 44.654933930000141 ], [ 17.442281723000121, 44.652873993000128 ], [ 17.451448440000036, 44.650875092000035 ], [ 17.456493378000175, 44.648506164000139 ], [ 17.459388734000072, 44.647708894000061 ], [ 17.462633133000054, 44.647308350000174 ], [ 17.465988158000073, 44.647235870000031 ], [ 17.470781326000179, 44.647838593000074 ], [ 17.473192216000029, 44.64879608200016 ], [ 17.479341507000129, 44.652355194000108 ], [ 17.481803894000052, 44.654048921000026 ], [ 17.483907700000032, 44.655078889000151 ], [ 17.49049186700006, 44.656871796000075 ], [ 17.495424270000058, 44.658946991000107 ], [ 17.498140335000187, 44.659435273000156 ], [ 17.501016617000118, 44.659427643000072 ], [ 17.50375557000018, 44.658962249000126 ], [ 17.50588607800006, 44.658107759000075 ], [ 17.509347915000092, 44.656230926000148 ], [ 17.512699127000076, 44.65527725100003 ], [ 17.516105652000078, 44.654785156000059 ], [ 17.518434524000043, 44.654926300000056 ], [ 17.521919251000156, 44.655574798000032 ], [ 17.524095536, 44.656242371000133 ], [ 17.527841569000088, 44.658031462999986 ], [ 17.529283524000107, 44.658466338000039 ], [ 17.532611848000158, 44.658958436000034 ], [ 17.538167953000084, 44.658973694000053 ], [ 17.541988372000048, 44.658546447000163 ], [ 17.544780731000117, 44.657966615000134 ], [ 17.548507690000179, 44.656776429000104 ], [ 17.550355912000157, 44.652690888000166 ], [ 17.551753997000105, 44.64516067500017 ], [ 17.552495957000019, 44.642913819000057 ], [ 17.55608177199997, 44.638122560000056 ], [ 17.558729172000028, 44.631584168000131 ], [ 17.561805725999989, 44.626060487000075 ], [ 17.562494278000145, 44.623508453000113 ], [ 17.562606811000137, 44.619640351000157 ], [ 17.561784745000125, 44.616008759000067 ], [ 17.560619354999972, 44.613948822000054 ], [ 17.557262420000143, 44.610248566000166 ], [ 17.555929183000046, 44.606716156000118 ], [ 17.555324554000038, 44.601520538999978 ], [ 17.555522919, 44.598968505000073 ], [ 17.556262971000137, 44.596591949000072 ], [ 17.556943892999982, 44.595523834000062 ], [ 17.558427810000126, 44.594104767000147 ], [ 17.562301636000029, 44.591053009000063 ], [ 17.564300538, 44.589916229000153 ], [ 17.571542740000098, 44.58753204400017 ], [ 17.588529588000142, 44.583702087000063 ], [ 17.591011047000165, 44.582523347000063 ], [ 17.591955186000064, 44.581714629000089 ], [ 17.59325027400007, 44.579910279000046 ], [ 17.595220566000023, 44.576324464000095 ], [ 17.597021103000088, 44.574279786000034 ], [ 17.598155976000101, 44.572498322000058 ], [ 17.598857878999979, 44.570224763000169 ], [ 17.600233079000077, 44.562671662000014 ], [ 17.601230621000013, 44.560283660000152 ], [ 17.603744506000112, 44.555778504000102 ], [ 17.605077743000038, 44.55093765200013 ], [ 17.605667114000028, 44.546543121000013 ], [ 17.605628967000143, 44.544738769000162 ], [ 17.604648591000057, 44.542194367000093 ], [ 17.602876663000131, 44.539810181000178 ], [ 17.600900649999971, 44.538520813000105 ], [ 17.596052170000121, 44.53694152900016 ], [ 17.593877793000047, 44.535972596000192 ], [ 17.592235564000134, 44.534557342000141 ], [ 17.589324950000048, 44.531360627000083 ], [ 17.587123872000177, 44.530139923000149 ], [ 17.584394454000119, 44.529441834000011 ], [ 17.577230453000027, 44.528232575000061 ], [ 17.573793412000157, 44.527263642000094 ], [ 17.571643828999981, 44.526340484000116 ], [ 17.569990159000156, 44.524841309000124 ], [ 17.569295884000155, 44.523010253000166 ], [ 17.56944084100013, 44.521190643000068 ], [ 17.570953369000051, 44.517906189000087 ], [ 17.57297897400008, 44.515666962000182 ], [ 17.575399398000116, 44.513965606999989 ], [ 17.578300476000038, 44.51144027600003 ], [ 17.581657409000059, 44.509235383000146 ], [ 17.584554672000024, 44.50674438599998 ], [ 17.590448380000055, 44.502948761000084 ], [ 17.592811584, 44.501899719000164 ], [ 17.595945358000165, 44.501247406000118 ], [ 17.5993747710001, 44.500946045000148 ], [ 17.604705811000144, 44.500911713000107 ], [ 17.612113953000062, 44.501338958000019 ], [ 17.624668121000184, 44.500667572000111 ], [ 17.629520416000105, 44.499866486000087 ], [ 17.630983351999987, 44.499317170000097 ], [ 17.632287979000068, 44.498523713000054 ], [ 17.633270264000032, 44.497512818000189 ], [ 17.634246825000105, 44.49526214600013 ], [ 17.634210586000052, 44.491744996000079 ], [ 17.632974625000031, 44.488449096000068 ], [ 17.632287979000068, 44.48750686700015 ], [ 17.629545212000039, 44.484928131000117 ], [ 17.628364562000058, 44.482944488000044 ], [ 17.627721787000041, 44.480655671000136 ], [ 17.627544404000048, 44.478260041000169 ], [ 17.628242494000062, 44.474811555000088 ], [ 17.629400253000028, 44.473037719000047 ], [ 17.631971359000147, 44.470222472000103 ], [ 17.634458542000118, 44.465827941000043 ], [ 17.639209748000155, 44.453731537000124 ], [ 17.640489577999972, 44.451797486000089 ], [ 17.641445159999989, 44.450977325000167 ], [ 17.644065858000147, 44.449825287000067 ], [ 17.651687622000168, 44.448657989000083 ], [ 17.654701234000072, 44.448005676000037 ], [ 17.657115937000128, 44.446868898000162 ], [ 17.658660889000089, 44.445377350000172 ], [ 17.659448624000163, 44.443500520000157 ], [ 17.659463882000182, 44.441562652000016 ], [ 17.657669068000189, 44.435508728000059 ], [ 17.656627654000147, 44.430034637000176 ], [ 17.656721116000085, 44.428234100000168 ], [ 17.657857894000131, 44.425998688000107 ], [ 17.660926818000064, 44.423141479000037 ], [ 17.667474747000142, 44.41950607299998 ], [ 17.672744751999971, 44.415119172 ], [ 17.673992157999976, 44.413463593000074 ], [ 17.674415588000045, 44.412441254000157 ], [ 17.676094056000181, 44.405891418000181 ], [ 17.677688598000145, 44.40394210900007 ], [ 17.678995132000068, 44.403171540000187 ], [ 17.680494308000107, 44.402622222000048 ], [ 17.68383789100011, 44.401981354000156 ], [ 17.698720932000072, 44.401229859000011 ], [ 17.703834534, 44.400417329000106 ], [ 17.706327438000073, 44.399433135000038 ], [ 17.709074021000049, 44.397823334000179 ], [ 17.716646194000134, 44.394229889000144 ] ] ] ] } },
{ "type": "Feature", "properties": { "fid": 88, "GID_3": "BIH.3.1.9_1", "GID_0": "BIH", "COUNTRY": "Bosnia and Herzegovina", "GID_1": "BIH.3_1", "NAME_1": "Repuplika Srpska", "NL_NAME_1": "NA", "GID_2": "BIH.3.1_1", "NAME_2": "Banja Luka", "NL_NAME_2": "NA", "NAME_3": "Krupa na Uni", "VARNAME_3": "NA", "NL_NAME_3": "NA", "TYPE_3": "Opčine", "ENGTYPE_3": "Commune", "CC_3": "NA", "HASC_3": "NA" }, "geometry": { "type": "MultiPolygon", "coordinates": [ [ [ [ 16.380509999000083, 44.856350002000113 ], [ 16.374759674000074, 44.853466033000132 ], [ 16.372755050000137, 44.852832794000051 ], [ 16.365360260999978, 44.851127624000014 ], [ 16.360300064000057, 44.848854065000126 ], [ 16.35887909000013, 44.848434448000148 ], [ 16.355720520000091, 44.847961425000165 ], [ 16.352361679000069, 44.847877504000053 ], [ 16.347389221000071, 44.848491670000044 ], [ 16.344455719000166, 44.849597932000108 ], [ 16.342639924000082, 44.851005555000143 ], [ 16.333339691000049, 44.860412599000085 ], [ 16.328962326000124, 44.865665435000039 ], [ 16.325744629999974, 44.868125915000064 ], [ 16.322935103000134, 44.870697021000126 ], [ 16.317117691000021, 44.874538421000182 ], [ 16.314981460000126, 44.875621796000019 ], [ 16.307701112000075, 44.877567292000094 ], [ 16.304746628000089, 44.878631592000033 ], [ 16.295173644999977, 44.883815765000065 ], [ 16.292142868000155, 44.885036468000067 ], [ 16.290399551000064, 44.885505677000083 ], [ 16.286754607999967, 44.886104585000112 ], [ 16.282999039, 44.886413575000063 ], [ 16.262285233000171, 44.886985779000156 ], [ 16.258916856000099, 44.887451173000102 ], [ 16.256004334000181, 44.888385772000106 ], [ 16.250379563000081, 44.892459870000039 ], [ 16.2490081790001, 44.894027710999978 ], [ 16.247322082000153, 44.897899628000175 ], [ 16.246267318000093, 44.899715423000032 ], [ 16.242820739000138, 44.903190613000163 ], [ 16.238115311000172, 44.909927369000172 ], [ 16.236988068000073, 44.912162781000177 ], [ 16.235040665000156, 44.917633056999989 ], [ 16.231363296999973, 44.922222138 ], [ 16.229188920000126, 44.927116394000109 ], [ 16.22786903400015, 44.92872238200016 ], [ 16.225620270000093, 44.930671691000043 ], [ 16.222047806000091, 44.934719085999973 ], [ 16.218772887000057, 44.937206269000171 ], [ 16.213447570000085, 44.940071106000175 ], [ 16.210325241000135, 44.94258499200015 ], [ 16.206911086000162, 44.944770814000151 ], [ 16.204036712000175, 44.947273254000095 ], [ 16.198083878000034, 44.951061249000077 ], [ 16.195920944000136, 44.952075959000183 ], [ 16.18859863300014, 44.953739167000151 ], [ 16.185743332000015, 44.954730988000051 ], [ 16.182281495000041, 44.956844330000138 ], [ 16.180593491000025, 44.958576203000121 ], [ 16.179719925000029, 44.960559844000045 ], [ 16.179708481000148, 44.96146011400009 ], [ 16.180164338000111, 44.963111878000177 ], [ 16.181499481000174, 44.965526582000109 ], [ 16.185026168000036, 44.96863937500018 ], [ 16.185714721000068, 44.969570161000092 ], [ 16.186828613000046, 44.972942352000132 ], [ 16.186807632000182, 44.976547241000105 ], [ 16.186147691000031, 44.978752136000026 ], [ 16.185571671000162, 44.979690553000125 ], [ 16.18311500599998, 44.982231140000067 ], [ 16.182617188, 44.983116151000047 ], [ 16.182178497000052, 44.985092164000037 ], [ 16.18251800600018, 44.987136842000098 ], [ 16.183046341000079, 44.98811340300017 ], [ 16.18388176000019, 44.989002227000128 ], [ 16.186201096000104, 44.99018478500011 ], [ 16.192441941000141, 44.991786957000159 ], [ 16.19631767300001, 44.993518829000095 ], [ 16.197729111000115, 44.993915557000093 ], [ 16.200902940000049, 44.99438476600011 ], [ 16.209825515000148, 44.994606019000173 ], [ 16.228429795000068, 44.994110108000086 ], [ 16.233592987000065, 44.993564606000064 ], [ 16.236675263000052, 44.992816926000046 ], [ 16.238023757000065, 44.992252349000125 ], [ 16.243076324000015, 44.988662721000139 ], [ 16.248588562000123, 44.985523224000133 ], [ 16.246204375000104, 44.98016739000002 ], [ 16.24429512100005, 44.973705292000034 ], [ 16.244180680000113, 44.971832275000054 ], [ 16.24496078400017, 44.966598512000189 ], [ 16.245563507000043, 44.964408874000185 ], [ 16.246603011000047, 44.962444305000076 ], [ 16.24977493300014, 44.958854675999987 ], [ 16.252075195000032, 44.954025268000123 ], [ 16.255968093000092, 44.949615478999988 ], [ 16.258230209000033, 44.94478607200017 ], [ 16.261264801000095, 44.94112777800018 ], [ 16.26182556200007, 44.940101623000089 ], [ 16.262466430000131, 44.937786102000075 ], [ 16.26267051700006, 44.935245515000133 ], [ 16.261934280000162, 44.920639038000104 ], [ 16.262479783000117, 44.918251039000154 ], [ 16.263107300000058, 44.917125701000145 ], [ 16.264120102, 44.916088105000085 ], [ 16.266515732000187, 44.914871216 ], [ 16.268117904000064, 44.914459229000101 ], [ 16.271484375000114, 44.914093017000027 ], [ 16.276582717999986, 44.914417267000033 ], [ 16.279680251000059, 44.915309906000061 ], [ 16.286645890000045, 44.91994094800009 ], [ 16.295509338000159, 44.930488587000184 ], [ 16.301324845000181, 44.935703277000187 ], [ 16.303985595000086, 44.937404634000131 ], [ 16.306482315000039, 44.937992096000073 ], [ 16.309230804000038, 44.937835694000114 ], [ 16.310546875000114, 44.937438965000069 ], [ 16.311647414000106, 44.936885835000112 ], [ 16.313255310000102, 44.93540573100006 ], [ 16.313863753000078, 44.93427658000013 ], [ 16.31432533200018, 44.931900024000186 ], [ 16.314155579000101, 44.925628662000122 ], [ 16.314689637000015, 44.921997070000032 ], [ 16.316152573000124, 44.919830323000099 ], [ 16.317279816000053, 44.919033051000042 ], [ 16.319971084000144, 44.917938232000097 ], [ 16.328603744000134, 44.916229249000025 ], [ 16.33142852800006, 44.915927888000056 ], [ 16.334396363000053, 44.915927888000056 ], [ 16.337230683000087, 44.916221619000112 ], [ 16.347723007000127, 44.917987824000136 ], [ 16.350385667000182, 44.918807983000079 ], [ 16.354221344, 44.920677185000159 ], [ 16.35712051500019, 44.921440126000164 ], [ 16.361968995000041, 44.921836854000105 ], [ 16.365222930000073, 44.921604156000058 ], [ 16.366796493000152, 44.921279908000031 ], [ 16.36829948400009, 44.920753479000098 ], [ 16.369653702000051, 44.919960022000055 ], [ 16.370660782000073, 44.918933868000067 ], [ 16.371282577999978, 44.917827607000106 ], [ 16.371746063000046, 44.915519714000027 ], [ 16.371545791000187, 44.913181306000183 ], [ 16.370840073000068, 44.910926818000178 ], [ 16.369613648000097, 44.908924102000185 ], [ 16.366849899000158, 44.90629577600015 ], [ 16.366140365000035, 44.905319213000098 ], [ 16.365133286000116, 44.903038026000047 ], [ 16.364366532000076, 44.899158477000128 ], [ 16.364284516000055, 44.895069122999985 ], [ 16.365007400000025, 44.891010285000107 ], [ 16.366189957000074, 44.888439179000159 ], [ 16.36801300000019, 44.885731000000192 ], [ 16.371851000000106, 44.876883000000134 ], [ 16.374703654000086, 44.870306675000165 ], [ 16.374756000000161, 44.870185999000171 ], [ 16.37766100000016, 44.862457 ], [ 16.378462000000184, 44.86074 ], [ 16.380509999000083, 44.856350002000113 ] ] ] ] } },
{ "type": "Feature", "properties": { "fid": 89, "GID_3": "BIH.3.1.10_1", "GID_0": "BIH", "COUNTRY": "Bosnia and Herzegovina", "GID_1": "BIH.3_1", "NAME_1": "Repuplika Srpska", "NL_NAME_1": "NA", "GID_2": "BIH.3.1_1", "NAME_2": "Banja Luka", "NL_NAME_2": "NA", "NAME_3": "Kupres", "VARNAME_3": "NA", "NL_NAME_3": "NA", "TYPE_3": "Opčine", "ENGTYPE_3": "Commune", "CC_3": "NA", "HASC_3": "NA" }, "geometry": { "type": "MultiPolygon", "coordinates": [ [ [ [ 17.07954597500003, 44.084091186000137 ], [ 17.075567246000105, 44.084877015000018 ], [ 17.067466736000085, 44.088966369000161 ], [ 17.063684464000119, 44.091243744000053 ], [ 17.057386399000109, 44.09568023700001 ], [ 17.080554962000122, 44.102344514000151 ], [ 17.088186265000161, 44.104858399000022 ], [ 17.097305297000048, 44.106781006000062 ], [ 17.102468491000025, 44.108993530000134 ], [ 17.103889466000112, 44.109390259 ], [ 17.108709336000118, 44.109924316000047 ], [ 17.113710403000084, 44.109668732000046 ], [ 17.116779327000188, 44.109008789000086 ], [ 17.1181221, 44.108482361000029 ], [ 17.124826432000134, 44.104152681000073 ], [ 17.127164841000081, 44.102386475000174 ], [ 17.129257202000133, 44.101268768000125 ], [ 17.138103486000034, 44.098907470000142 ], [ 17.145721436000088, 44.096401215000185 ], [ 17.151382446000071, 44.095493317000034 ], [ 17.165094376000184, 44.094764709000117 ], [ 17.170612335000158, 44.094280243000185 ], [ 17.173889161000034, 44.093658447000109 ], [ 17.175315857000101, 44.09320068300002 ], [ 17.179176331000122, 44.091403961000083 ], [ 17.182191850000152, 44.09061050400004 ], [ 17.187524795000058, 44.090007783000033 ], [ 17.200824738000165, 44.089332581000122 ], [ 17.205913544, 44.088462831000072 ], [ 17.208343505000073, 44.087394715000187 ], [ 17.214237214000036, 44.083564759000183 ], [ 17.217050553000036, 44.080944061000025 ], [ 17.220544815000096, 44.078163148000101 ], [ 17.223089219000144, 44.074573516999976 ], [ 17.218372345000148, 44.072563171000127 ], [ 17.215135574000101, 44.071414947000108 ], [ 17.209020614000053, 44.069766999000194 ], [ 17.202877044000161, 44.067764283000031 ], [ 17.197658539000088, 44.066802978000169 ], [ 17.193933487000095, 44.066574097000171 ], [ 17.188230515000043, 44.066543579000154 ], [ 17.163063049000073, 44.067295074000072 ], [ 17.153678894000166, 44.067314147000104 ], [ 17.150182724999979, 44.067089082000052 ], [ 17.147020339000164, 44.066577912000014 ], [ 17.14564705000015, 44.066165924000074 ], [ 17.141803742000093, 44.064395905000083 ], [ 17.140487671000187, 44.063999177000085 ], [ 17.137481690000072, 44.063484193000136 ], [ 17.132446289000086, 44.063198089000082 ], [ 17.125373840000123, 44.063415527000132 ], [ 17.121850967000057, 44.063808441000106 ], [ 17.118448258000171, 44.064510346000191 ], [ 17.104164123000032, 44.069831848000149 ], [ 17.095390320000149, 44.074043275000179 ], [ 17.093507767000062, 44.075305939000032 ], [ 17.090753555000106, 44.077724457000102 ], [ 17.088321686000086, 44.07938385000017 ], [ 17.07954597500003, 44.084091186000137 ] ] ] ] } },
{ "type": "Feature", "properties": { "fid": 90, "GID_3": "BIH.3.1.11_1", "GID_0": "BIH", "COUNTRY": "Bosnia and Herzegovina", "GID_1": "BIH.3_1", "NAME_1": "Repuplika Srpska", "NL_NAME_1": "NA", "GID_2": "BIH.3.1_1", "NAME_2": "Banja Luka", "NL_NAME_2": "NA", "NAME_3": "Laktaši", "VARNAME_3": "NA", "NL_NAME_3": "NA", "TYPE_3": "Opčine", "ENGTYPE_3": "Commune", "CC_3": "NA", "HASC_3": "NA" }, "geometry": { "type": "MultiPolygon", "coordinates": [ [ [ [ 17.282852172000048, 44.791378021000185 ], [ 17.277681352000116, 44.791458130000137 ], [ 17.274757385000044, 44.792316438000114 ], [ 17.266738892000149, 44.796382904000154 ], [ 17.263984679999965, 44.798511506000068 ], [ 17.262805940000135, 44.799724580000031 ], [ 17.261074066000049, 44.802417756000125 ], [ 17.260669707000034, 44.80377578700012 ], [ 17.260602951000067, 44.806472778999989 ], [ 17.261487961000057, 44.811767579000048 ], [ 17.260940552000022, 44.815498352000077 ], [ 17.259557725000093, 44.817550660000109 ], [ 17.255914687000086, 44.82114028899997 ], [ 17.251806259000148, 44.824043274000132 ], [ 17.246238708000192, 44.829181670000025 ], [ 17.245208740000066, 44.831169128000113 ], [ 17.243919372000107, 44.836727142000086 ], [ 17.242824554000151, 44.838790893000066 ], [ 17.241895675000137, 44.839687348000098 ], [ 17.239320754000119, 44.840892792000147 ], [ 17.228313446000129, 44.842811584000117 ], [ 17.225702286000057, 44.843898773000092 ], [ 17.223850250000169, 44.845291138000107 ], [ 17.222469330000081, 44.847049713000047 ], [ 17.220542907000151, 44.850723267000035 ], [ 17.218185424000012, 44.858322143000123 ], [ 17.215221405000023, 44.862094880000086 ], [ 17.212959289000082, 44.866882324000073 ], [ 17.211757660000046, 44.868686676000152 ], [ 17.205963134000058, 44.873687743000175 ], [ 17.202602386000137, 44.875858307000158 ], [ 17.199712753000085, 44.878383636000137 ], [ 17.196399688000099, 44.880771638000169 ], [ 17.195001602000104, 44.882312775000059 ], [ 17.19083976800016, 44.888179780000087 ], [ 17.189460755000027, 44.891956329000038 ], [ 17.189161301000127, 44.897472383000093 ], [ 17.190120696000179, 44.912803651000104 ], [ 17.189920425000025, 44.915390015000071 ], [ 17.189226150000081, 44.917778015000124 ], [ 17.187658311000121, 44.91978454600013 ], [ 17.186567307000075, 44.920475006000061 ], [ 17.179382323000141, 44.922981263000054 ], [ 17.174339294000049, 44.926826478000123 ], [ 17.173480987000175, 44.928367615000184 ], [ 17.173555375000092, 44.930126190000124 ], [ 17.174373626000033, 44.931571961000088 ], [ 17.175457001000041, 44.932655334000117 ], [ 17.177356721000024, 44.938858032000155 ], [ 17.178997040000127, 44.942180633000191 ], [ 17.179956435, 44.943412781000177 ], [ 17.182872772, 44.946094514000094 ], [ 17.186603546000129, 44.951385499000082 ], [ 17.187549591000163, 44.952156068000136 ], [ 17.189933777000078, 44.953258514000083 ], [ 17.195138930999974, 44.954635621000079 ], [ 17.200284958000054, 44.95675277800018 ], [ 17.201768875000027, 44.957153320000089 ], [ 17.205081940000127, 44.95763015700004 ], [ 17.215944291000142, 44.958171845000095 ], [ 17.219333648000031, 44.958564758000193 ], [ 17.222209930000133, 44.959323884000128 ], [ 17.225753784000062, 44.961109162000184 ], [ 17.227840424000078, 44.961734772000113 ], [ 17.231040954000036, 44.962146759000177 ], [ 17.233228684000039, 44.961910247000162 ], [ 17.235147476000179, 44.96096038800016 ], [ 17.23644828700003, 44.959323884000128 ], [ 17.236974717000066, 44.957218170000147 ], [ 17.237600326000063, 44.951618195000151 ], [ 17.238067628000181, 44.950534822000122 ], [ 17.239715575000048, 44.948764801000152 ], [ 17.242948532000071, 44.947189332000107 ], [ 17.246492385000124, 44.94624710100004 ], [ 17.249284743999965, 44.946132660000046 ], [ 17.250665666000032, 44.946289063000108 ], [ 17.253154754999969, 44.947010041000055 ], [ 17.255086898000059, 44.948108673000036 ], [ 17.258066178000036, 44.950687409000068 ], [ 17.264024734000088, 44.954498292000153 ], [ 17.266115188000072, 44.95546722500012 ], [ 17.27138710000014, 44.956794740000078 ], [ 17.273899079000046, 44.95766067600016 ], [ 17.279785156000116, 44.961585999000135 ], [ 17.281299591000106, 44.963237762000119 ], [ 17.281858445000125, 44.96429061900011 ], [ 17.284358977000068, 44.972240449000083 ], [ 17.288141250000137, 44.976825714000142 ], [ 17.290706635000049, 44.981544495000037 ], [ 17.292236329000104, 44.983066559000179 ], [ 17.296367644999975, 44.985797882000156 ], [ 17.298305511000081, 44.98687362700008 ], [ 17.299758911000083, 44.987369538000166 ], [ 17.304788590000157, 44.988067628000181 ], [ 17.310363769000048, 44.988178253000171 ], [ 17.322063446000016, 44.98786163300008 ], [ 17.33159828099997, 44.987304687 ], [ 17.335119248000069, 44.986877442000093 ], [ 17.33826255800011, 44.986213684000063 ], [ 17.344608308000034, 44.983528138000111 ], [ 17.347526550000111, 44.983016969000175 ], [ 17.350725174000104, 44.982860566000113 ], [ 17.355390548000116, 44.983249665000073 ], [ 17.363275528000031, 44.984683990000178 ], [ 17.368944168000098, 44.986053466000158 ], [ 17.376491547000114, 44.98822784500004 ], [ 17.38348579500007, 44.985431672000061 ], [ 17.393684388000054, 44.978622438000116 ], [ 17.396007539000152, 44.977581024000074 ], [ 17.397497177000162, 44.977207184000065 ], [ 17.400718690000133, 44.976795197000172 ], [ 17.405710221000049, 44.976852417000089 ], [ 17.410211562000086, 44.977737427000136 ], [ 17.414131166, 44.979511262000131 ], [ 17.41714096200019, 44.980293274000132 ], [ 17.422395706000145, 44.980831146000071 ], [ 17.427902221000181, 44.980865478000055 ], [ 17.433151244999976, 44.980323792000036 ], [ 17.43622016900008, 44.979373933000034 ], [ 17.438116074, 44.978206636000152 ], [ 17.441101075000176, 44.975868226000102 ], [ 17.44250106800007, 44.974414826000157 ], [ 17.443046571000025, 44.973400116 ], [ 17.44346428, 44.971210480000025 ], [ 17.443193435000069, 44.968929291000052 ], [ 17.442312241000025, 44.966678620000039 ], [ 17.438144684000065, 44.960758209 ], [ 17.437110900000164, 44.958034516000168 ], [ 17.4369297020001, 44.955589294 ], [ 17.438219070000173, 44.953437805000078 ], [ 17.441728592000118, 44.950344085000097 ], [ 17.444408417000091, 44.946121215000062 ], [ 17.447711944000105, 44.938308716000165 ], [ 17.449293136000051, 44.932212831000186 ], [ 17.450193406000096, 44.929801940000118 ], [ 17.457353591000185, 44.919162751000101 ], [ 17.450700760000132, 44.914783479000107 ], [ 17.448989869000059, 44.913173676000099 ], [ 17.447267533, 44.910007478000125 ], [ 17.445178986000144, 44.903785706000122 ], [ 17.44501686100017, 44.901691438 ], [ 17.445690155000079, 44.898696900000061 ], [ 17.448072434000096, 44.894416810000109 ], [ 17.452001573000018, 44.890537263000056 ], [ 17.452932359000158, 44.888221742000042 ], [ 17.452785492000146, 44.885936737000065 ], [ 17.45230293200018, 44.885192872000061 ], [ 17.450796127000103, 44.884017945000096 ], [ 17.448446274000105, 44.883178711000141 ], [ 17.443363190000184, 44.881942750000064 ], [ 17.4421596520001, 44.881439209000064 ], [ 17.440332412999965, 44.880210876000149 ], [ 17.434808732000079, 44.875179291000109 ], [ 17.431064607, 44.871166230000142 ], [ 17.427955628000063, 44.868602753000062 ], [ 17.426298141000132, 44.866153718000191 ], [ 17.425056458000029, 44.862716674000012 ], [ 17.425943374000042, 44.853561402000139 ], [ 17.425577164000117, 44.84986496 ], [ 17.42566680900012, 44.847652436000089 ], [ 17.426258087000065, 44.845520021000141 ], [ 17.426832199000103, 44.844532012000172 ], [ 17.427659987000027, 44.843635560000109 ], [ 17.429901122000103, 44.842361450000169 ], [ 17.436033249000047, 44.840385438000112 ], [ 17.440876006999986, 44.838115692000088 ], [ 17.447242737000124, 44.836170198000048 ], [ 17.448383331000173, 44.835506439000085 ], [ 17.449878693000073, 44.834003449000079 ], [ 17.451406480000117, 44.830642700999988 ], [ 17.451349258000164, 44.827968597999984 ], [ 17.44932174700017, 44.821750642000154 ], [ 17.448118211000065, 44.819862366000052 ], [ 17.445407866999972, 44.817150116000164 ], [ 17.443927765000069, 44.814323426000044 ], [ 17.442962647000172, 44.809238433000019 ], [ 17.442554473000143, 44.80240631099997 ], [ 17.437061310000104, 44.802337647000172 ], [ 17.433597565000127, 44.802024842000151 ], [ 17.430490495000129, 44.801231385000108 ], [ 17.429182053000034, 44.800552369000059 ], [ 17.427362441000128, 44.798603057999969 ], [ 17.4251480100001, 44.793220520000148 ], [ 17.423343658000022, 44.791397094999979 ], [ 17.421951295000042, 44.790786744000059 ], [ 17.418750762000172, 44.790344237999989 ], [ 17.405599594000023, 44.791446687000189 ], [ 17.399568558, 44.791522980000025 ], [ 17.395769120000068, 44.791252135999969 ], [ 17.392404555000098, 44.790546417000144 ], [ 17.386966705000134, 44.788379669000108 ], [ 17.380725860000098, 44.78683090300018 ], [ 17.373743058000173, 44.784202575000165 ], [ 17.370185852000191, 44.783660890000192 ], [ 17.358179092000057, 44.782993316000045 ], [ 17.354150773000129, 44.782558441 ], [ 17.344280243000185, 44.780136109000125 ], [ 17.340278625, 44.779579163000051 ], [ 17.336193084000115, 44.779422761000092 ], [ 17.33215141200003, 44.779647827000076 ], [ 17.328279495, 44.78034210200002 ], [ 17.325075150000032, 44.781608581000114 ], [ 17.322742463000168, 44.783222199000022 ], [ 17.321039201000133, 44.78509139900018 ], [ 17.31878471300007, 44.78964233500011 ], [ 17.317041395999979, 44.791675568000016 ], [ 17.315683364999984, 44.792480468000178 ], [ 17.312372207000124, 44.793529510000155 ], [ 17.308612824000022, 44.794075013000054 ], [ 17.304609299000163, 44.794322967000141 ], [ 17.294254303000116, 44.794097901000157 ], [ 17.288276673000041, 44.7931633 ], [ 17.282852172000048, 44.791378021000185 ] ] ] ] } },
{ "type": "Feature", "properties": { "fid": 91, "GID_3": "BIH.3.1.12_1", "GID_0": "BIH", "COUNTRY": "Bosnia and Herzegovina", "GID_1": "BIH.3_1", "NAME_1": "Repuplika Srpska", "NL_NAME_1": "NA", "GID_2": "BIH.3.1_1", "NAME_2": "Banja Luka", "NL_NAME_2": "NA", "NAME_3": "Mrkonjić Grad", "VARNAME_3": "NA", "NL_NAME_3": "NA", "TYPE_3": "Opčine", "ENGTYPE_3": "Commune", "CC_3": "NA", "HASC_3": "NA" }, "geometry": { "type": "MultiPolygon", "coordinates": [ [ [ [ 16.883813858000053, 44.208522797000114 ], [ 16.881296158000112, 44.209320069 ], [ 16.875858308000147, 44.212764740000182 ], [ 16.870016099000168, 44.2177581790001 ], [ 16.86868858400004, 44.219284058000142 ], [ 16.866313935000107, 44.224079133000146 ], [ 16.86466217100002, 44.225654602000191 ], [ 16.85607719300009, 44.229919434000124 ], [ 16.847713471000134, 44.232845306000058 ], [ 16.835056306000126, 44.237911224000186 ], [ 16.832359314000087, 44.239486695000039 ], [ 16.828695298000127, 44.242168425999978 ], [ 16.825529099000107, 44.245014191000166 ], [ 16.821632384000168, 44.249134064000089 ], [ 16.819597244000022, 44.250324250000176 ], [ 16.806447983000169, 44.256599427000026 ], [ 16.803304673000127, 44.25913238600009 ], [ 16.80076408400015, 44.260879517000149 ], [ 16.799249648000057, 44.26229095400015 ], [ 16.791000366, 44.273010254000098 ], [ 16.787687301000062, 44.275440216999982 ], [ 16.784660339000084, 44.278053285000055 ], [ 16.780260086000055, 44.28050995000018 ], [ 16.776012421000075, 44.283485412000175 ], [ 16.783843994000108, 44.287792206000177 ], [ 16.788597106000111, 44.291610718000072 ], [ 16.792167664000146, 44.293811798000149 ], [ 16.795106889000067, 44.296344757000043 ], [ 16.797502518000101, 44.298053742000093 ], [ 16.798944474000052, 44.299530029000152 ], [ 16.80165863100018, 44.304176331000178 ], [ 16.803190232000134, 44.305641175000062 ], [ 16.809104920000152, 44.309455871000182 ], [ 16.811542511000141, 44.310287475000052 ], [ 16.815443039000115, 44.311264038000161 ], [ 16.817821503000062, 44.312294007 ], [ 16.819540024000048, 44.31388092100002 ], [ 16.822502135000093, 44.318313599000135 ], [ 16.825218200000052, 44.320987701999968 ], [ 16.82634544300015, 44.32306289700017 ], [ 16.826963424000041, 44.325431825000067 ], [ 16.827949522999972, 44.335746766000113 ], [ 16.828800202000139, 44.339332581000065 ], [ 16.829919815000096, 44.341369629000042 ], [ 16.833288193000101, 44.34495926000011 ], [ 16.836412429000177, 44.35139846900006 ], [ 16.839918136000051, 44.356876373000148 ], [ 16.841018677000079, 44.360466004000102 ], [ 16.842039108000051, 44.370201110000153 ], [ 16.842874527000163, 44.372375489000035 ], [ 16.843654633000028, 44.373344422000173 ], [ 16.845499038000128, 44.374504089000141 ], [ 16.846651077000161, 44.374835968000127 ], [ 16.848934174000135, 44.374900818000185 ], [ 16.850994110000045, 44.374519348000035 ], [ 16.853031158000022, 44.373859406000179 ], [ 16.857965469000192, 44.370807648999971 ], [ 16.86014175400004, 44.370018006000123 ], [ 16.86359977800015, 44.369140625000057 ], [ 16.867319107000128, 44.368892669000161 ], [ 16.874811173000069, 44.369407653000167 ], [ 16.879169463000096, 44.370414735000168 ], [ 16.888521194000191, 44.375118256000064 ], [ 16.891780854000046, 44.377788543000122 ], [ 16.893299103000174, 44.380046844000162 ], [ 16.894180299000084, 44.382564545000037 ], [ 16.895574569000132, 44.389053346000026 ], [ 16.896518708000031, 44.391563416000054 ], [ 16.900022507000131, 44.39700317400019 ], [ 16.90312767000006, 44.403427125000121 ], [ 16.906530380000049, 44.407005310000159 ], [ 16.908145905000083, 44.41025924700017 ], [ 16.908912659000066, 44.414077759000122 ], [ 16.909309388000167, 44.418132781000054 ], [ 16.909542084, 44.423591614000088 ], [ 16.909362793000014, 44.427536012000132 ], [ 16.908359528000062, 44.431091309000067 ], [ 16.906978606000052, 44.432842255000139 ], [ 16.901950836000026, 44.437213898000095 ], [ 16.898576737000042, 44.439350128000115 ], [ 16.895658493000155, 44.441810608000139 ], [ 16.892272949000187, 44.443984985000156 ], [ 16.887138366000158, 44.448436737000122 ], [ 16.885667799999965, 44.450092316000053 ], [ 16.883396148000145, 44.454509736000148 ], [ 16.880235673000016, 44.458419799000069 ], [ 16.879068375000088, 44.460834503000058 ], [ 16.878211975000113, 44.464893342000039 ], [ 16.87755966200001, 44.47100830100004 ], [ 16.877668380000159, 44.472694398000158 ], [ 16.878566742000032, 44.474433899000132 ], [ 16.880231858000172, 44.475715637000121 ], [ 16.882455827000058, 44.476432801000158 ], [ 16.884719848000032, 44.476524353000059 ], [ 16.889148713000111, 44.476116181000066 ], [ 16.892263411999977, 44.476062776000163 ], [ 16.895284653000147, 44.476394654000103 ], [ 16.897695541000132, 44.477222443000073 ], [ 16.903865815000131, 44.480987549000076 ], [ 16.912536621000072, 44.49025726300016 ], [ 16.914344788000051, 44.491630555000143 ], [ 16.917005538000126, 44.492721559000131 ], [ 16.924631118000093, 44.494377137000185 ], [ 16.930789947000108, 44.496131896000122 ], [ 16.934215545000029, 44.496799470000155 ], [ 16.939792634000071, 44.497196198000097 ], [ 16.951293945000032, 44.497070313000052 ], [ 16.951576233000139, 44.492321015000073 ], [ 16.952745438000136, 44.489128113 ], [ 16.957996369, 44.483089448000158 ], [ 16.961233138000011, 44.480445861000192 ], [ 16.964004515999989, 44.479034425000123 ], [ 16.965562821000049, 44.478500367000152 ], [ 16.970342635000122, 44.477470399000026 ], [ 16.976980209000089, 44.476623535000101 ], [ 16.979469300000062, 44.476921081000057 ], [ 16.980716706000067, 44.47744369500009 ], [ 16.981914520000032, 44.478401185000109 ], [ 16.982622146000153, 44.479476928000054 ], [ 16.983110428000089, 44.481723786000146 ], [ 16.982763290000094, 44.484001160000105 ], [ 16.981576919000076, 44.486125947000119 ], [ 16.975637436000113, 44.491035462000184 ], [ 16.972202300000106, 44.493202209000117 ], [ 16.969213485000125, 44.495674133000193 ], [ 16.962364196000181, 44.500034332000098 ], [ 16.957946777000188, 44.501541137000174 ], [ 16.955869675000088, 44.520164490000184 ], [ 16.957014083000104, 44.537582398000154 ], [ 16.967878342000063, 44.531875611000032 ], [ 16.976633072000027, 44.527603149000015 ], [ 16.982595444000083, 44.522590638000167 ], [ 16.985849380000047, 44.517360688000167 ], [ 16.988044739000031, 44.515846253000177 ], [ 16.989509583000086, 44.515312195000035 ], [ 16.992799760000082, 44.514625550000176 ], [ 17.005752564000147, 44.513492585000108 ], [ 17.014822007000134, 44.512336731000062 ], [ 17.019174576000125, 44.512500763000105 ], [ 17.022916794000139, 44.513336182000046 ], [ 17.026439666000101, 44.514682770000093 ], [ 17.028421402000106, 44.516223908000086 ], [ 17.029731751000099, 44.518211366 ], [ 17.031692505000137, 44.522537231000115 ], [ 17.03507232600009, 44.527912140000126 ], [ 17.038053513000136, 44.534393310999974 ], [ 17.039548873, 44.535980226000106 ], [ 17.044961929000067, 44.54021072400019 ], [ 17.052106857000069, 44.544269562000125 ], [ 17.061164856, 44.546859741000105 ], [ 17.071952819000103, 44.552852631000178 ], [ 17.079681396000126, 44.555229188000112 ], [ 17.081850053000096, 44.556442260000097 ], [ 17.087930680000056, 44.562355042000149 ], [ 17.091461181000057, 44.566509247000056 ], [ 17.09441947900001, 44.569164276000038 ], [ 17.097095490000186, 44.573829652000086 ], [ 17.098424912000041, 44.57561874400011 ], [ 17.104104996, 44.579696655000134 ], [ 17.106582642000035, 44.580730438000103 ], [ 17.109764099000074, 44.581275941000058 ], [ 17.113122940999972, 44.581386566000049 ], [ 17.11647033700001, 44.581134797000118 ], [ 17.119611740000153, 44.58046341000005 ], [ 17.12202453600014, 44.579341888000158 ], [ 17.12687873800013, 44.575752259000069 ], [ 17.128402709, 44.574279786000034 ], [ 17.132987977000141, 44.567550660000109 ], [ 17.134073257000068, 44.565326691000053 ], [ 17.13561248700006, 44.560928345000093 ], [ 17.136762619000024, 44.559024811000029 ], [ 17.142284392000079, 44.553794860999972 ], [ 17.14523696800012, 44.551338196000017 ], [ 17.146461488, 44.549564362000183 ], [ 17.148323060000052, 44.545745849000127 ], [ 17.152040482000132, 44.541156769000054 ], [ 17.153158187000145, 44.537918092000041 ], [ 17.154645919000131, 44.530525208000142 ], [ 17.154298783, 44.527374268000187 ], [ 17.152627945000177, 44.521854401000098 ], [ 17.151918411000054, 44.517745972000057 ], [ 17.151603699000134, 44.513584137000066 ], [ 17.151924134000126, 44.509475709000128 ], [ 17.152856827000107, 44.506820678999986 ], [ 17.153644562000181, 44.505588532000104 ], [ 17.155729295000071, 44.503364563000048 ], [ 17.158315658000106, 44.501445769999975 ], [ 17.162689209000064, 44.4993667600001 ], [ 17.17086601200009, 44.497158052000145 ], [ 17.174617767000086, 44.496604919000106 ], [ 17.178451537000058, 44.496318817000088 ], [ 17.187908172999983, 44.496341706000123 ], [ 17.191390991000048, 44.496719360999975 ], [ 17.194450379000045, 44.497482300000172 ], [ 17.198316573, 44.49928283700018 ], [ 17.206188202000192, 44.501365662000126 ], [ 17.212703705000081, 44.504035949000183 ], [ 17.224573136000117, 44.505847931000176 ], [ 17.230861663000042, 44.507247925000172 ], [ 17.233613967, 44.503974914000025 ], [ 17.234643935000179, 44.502090455000143 ], [ 17.235671996000065, 44.499279021000063 ], [ 17.235961914000029, 44.496517182000048 ], [ 17.23509788400014, 44.492511749000187 ], [ 17.233884812000156, 44.489295961000039 ], [ 17.232534409000039, 44.487438202000078 ], [ 17.22410392900008, 44.480892182000048 ], [ 17.222612381000147, 44.479274749000069 ], [ 17.221197128000028, 44.47590255800003 ], [ 17.219734192000089, 44.469581605000087 ], [ 17.217069626000068, 44.461009980000085 ], [ 17.213106156000038, 44.457351684000116 ], [ 17.211399078000056, 44.456089020000093 ], [ 17.204200744000048, 44.453411102000189 ], [ 17.202152253000122, 44.451797486000089 ], [ 17.201446532000091, 44.450729371000079 ], [ 17.200311661000057, 44.447048187000121 ], [ 17.199552536000056, 44.43741226200018 ], [ 17.198972701000116, 44.433296204000158 ], [ 17.198190689000057, 44.430690765000122 ], [ 17.196222305000106, 44.427406311000141 ], [ 17.181623458000047, 44.421340942000029 ], [ 17.174375534000035, 44.417053223000096 ], [ 17.171188354000094, 44.414741517000152 ], [ 17.167665482000132, 44.412719727000194 ], [ 17.161800384000117, 44.407924653000123 ], [ 17.160837174000051, 44.406024934000015 ], [ 17.160766601000148, 44.402976991000173 ], [ 17.161558151000065, 44.401119232000042 ], [ 17.163965226000016, 44.39857101500013 ], [ 17.164937974000054, 44.397064209000177 ], [ 17.166112898999984, 44.393772125000112 ], [ 17.166114807000156, 44.392070770000089 ], [ 17.164438248000067, 44.387889862000179 ], [ 17.160572052000134, 44.383571624000126 ], [ 17.15792846800008, 44.378406525000059 ], [ 17.155138015000034, 44.375213623000036 ], [ 17.15106010400001, 44.372669221000194 ], [ 17.149477004000119, 44.372043609000116 ], [ 17.146324157000095, 44.371353149000186 ], [ 17.141992569000024, 44.371402741 ], [ 17.130460738000011, 44.373832703000176 ], [ 17.127859116000081, 44.374137879000045 ], [ 17.125146867000126, 44.374019624000084 ], [ 17.121593475000054, 44.37293243300013 ], [ 17.119756699000163, 44.371757508000144 ], [ 17.114469529000019, 44.367385864000084 ], [ 17.110342026000012, 44.360942841000167 ], [ 17.107408523000061, 44.358291627000028 ], [ 17.102251054000078, 44.352870941000049 ], [ 17.094133376000059, 44.34564972000004 ], [ 17.07836914000012, 44.349040986000148 ], [ 17.070875167999986, 44.351463317000082 ], [ 17.067903519000083, 44.353096009000183 ], [ 17.059274673, 44.359565735000103 ], [ 17.057176589000164, 44.3605041510001 ], [ 17.054885864000084, 44.361175537000065 ], [ 17.051374435000071, 44.36171722500012 ], [ 17.047803880000117, 44.361305236000078 ], [ 17.044357301000161, 44.360183716000165 ], [ 17.042398452000157, 44.358753204000095 ], [ 17.039026261000117, 44.353332520000151 ], [ 17.035665511000047, 44.349800109000171 ], [ 17.033075332000067, 44.345001222 ], [ 17.029569626000068, 44.341556550000121 ], [ 17.026107788000161, 44.335979462000182 ], [ 17.022668839000119, 44.332469940000067 ], [ 17.021972657000049, 44.331447602000026 ], [ 17.021049499000071, 44.329109192000146 ], [ 17.020420074000128, 44.32391738900003 ], [ 17.020568849000085, 44.321304321000184 ], [ 17.021087646000126, 44.31882858300014 ], [ 17.022132874000079, 44.316669464000086 ], [ 17.024644852000108, 44.313861848000158 ], [ 17.025264739000136, 44.3128318790001 ], [ 17.026298522000161, 44.309234619000165 ], [ 17.02646636999998, 44.305332183000075 ], [ 17.026130677000026, 44.302753449000193 ], [ 17.025260926000101, 44.300323486000138 ], [ 17.024520874000132, 44.299209596000026 ], [ 17.022476196000071, 44.297550201000092 ], [ 17.020193101000075, 44.296596526000144 ], [ 17.015390396000157, 44.295219422000059 ], [ 17.007629395000095, 44.293491362999987 ], [ 17.0041332240001, 44.292289734000121 ], [ 17.002054214, 44.291095734000123 ], [ 17.001062392000051, 44.290084839000031 ], [ 16.99986267100013, 44.287750244000051 ], [ 16.999166488000185, 44.28383636600006 ], [ 16.998575211, 44.27568817100007 ], [ 16.997943878000115, 44.273185729000147 ], [ 16.996669769000107, 44.27100753700006 ], [ 16.990610122000135, 44.266067506000127 ], [ 16.987085342000171, 44.264034271000071 ], [ 16.983964921000165, 44.261680603000173 ], [ 16.980390549000163, 44.25965500000018 ], [ 16.977230073000158, 44.257312775000116 ], [ 16.970079423000016, 44.253265381000062 ], [ 16.963766097000075, 44.251422882000099 ], [ 16.961385728000039, 44.250370025000109 ], [ 16.959648132000154, 44.248775482999974 ], [ 16.957273483000051, 44.245189667000147 ], [ 16.95386505100015, 44.24171829200003 ], [ 16.95317077600015, 44.240684509000062 ], [ 16.95226287800017, 44.23832702600015 ], [ 16.951799394000034, 44.235740662000183 ], [ 16.951641084000073, 44.231670379000093 ], [ 16.95185852100019, 44.228931428000067 ], [ 16.952886582000076, 44.224941254000157 ], [ 16.955387115000121, 44.220447540000123 ], [ 16.956432343000074, 44.218029022000053 ], [ 16.957227708000119, 44.214042663000157 ], [ 16.957538605000138, 44.208560943000123 ], [ 16.957458496000186, 44.201789856 ], [ 16.956985474000135, 44.197994233000145 ], [ 16.956117630999984, 44.195667267000147 ], [ 16.955347060000122, 44.194595337000123 ], [ 16.954227447999983, 44.19363403400007 ], [ 16.952798843000039, 44.192905427000085 ], [ 16.951236725000115, 44.192428590000134 ], [ 16.947916032000023, 44.192005158000086 ], [ 16.942665101000159, 44.192188264000151 ], [ 16.939126968000096, 44.192733763999968 ], [ 16.935834885000077, 44.193653107000102 ], [ 16.929964066000082, 44.195861816000161 ], [ 16.921152115000098, 44.198337555000137 ], [ 16.919050217000063, 44.199455262000129 ], [ 16.916709900000171, 44.201198578000117 ], [ 16.910871506000092, 44.204933166000046 ], [ 16.908603667000079, 44.206001281000056 ], [ 16.905534744000136, 44.206722260000106 ], [ 16.902120591000141, 44.207160950000173 ], [ 16.883813858000053, 44.208522797000114 ] ] ] ] } },
{ "type": "Feature", "properties": { "fid": 92, "GID_3": "BIH.3.1.13_1", "GID_0": "BIH", "COUNTRY": "Bosnia and Herzegovina", "GID_1": "BIH.3_1", "NAME_1": "Repuplika Srpska", "NL_NAME_1": "NA", "GID_2": "BIH.3.1_1", "NAME_2": "Banja Luka", "NL_NAME_2": "NA", "NAME_3": "Novi Grad", "VARNAME_3": "NA", "NL_NAME_3": "NA", "TYPE_3": "Opčine", "ENGTYPE_3": "Commune", "CC_3": "NA", "HASC_3": "NA" }, "geometry": { "type": "MultiPolygon", "coordinates": [ [ [ [ 16.248588562000123, 44.985523224000133 ], [ 16.254360200000178, 44.98792648400007 ], [ 16.256908417000091, 44.989208222000059 ], [ 16.260051727000132, 44.991138459000183 ], [ 16.262506484000085, 44.992111207000164 ], [ 16.265642166000191, 44.992691040000125 ], [ 16.276485444000116, 44.99367523300009 ], [ 16.281051636000086, 44.994884490000061 ], [ 16.287778853000077, 44.997352601000046 ], [ 16.289941786999975, 44.998329164000154 ], [ 16.293279648000066, 45.000694275000171 ], [ 16.296905518000187, 45.002677918000074 ], [ 16.300247192000086, 45.004878998000095 ], [ 16.30275154200001, 45.00575256400009 ], [ 16.308143615, 45.007003785000109 ], [ 16.313165665000042, 45.009216309000067 ], [ 16.314544678000061, 45.00962448100006 ], [ 16.317670822000082, 45.010108948000095 ], [ 16.321094512000172, 45.010299682000095 ], [ 16.339603424000018, 45.010257721000073 ], [ 16.354135513000131, 45.010910034000119 ], [ 16.347887040000103, 45.01556777900015 ], [ 16.343868256000121, 45.017959594000047 ], [ 16.337360382000099, 45.020545960000163 ], [ 16.339908601000161, 45.02520370600007 ], [ 16.340835572, 45.035167695000041 ], [ 16.336797715000159, 45.045230866000168 ], [ 16.342132568000068, 45.050609589000146 ], [ 16.343263626, 45.051750182000092 ], [ 16.345878601000095, 45.053215028000125 ], [ 16.355062484000143, 45.058349609000174 ], [ 16.372489930000086, 45.057518005000134 ], [ 16.38458442700005, 45.068298340000069 ], [ 16.384658813000158, 45.068531036000138 ], [ 16.388183593000122, 45.067695617000027 ], [ 16.394834518000039, 45.067504883000083 ], [ 16.395460129000185, 45.067909242000042 ], [ 16.410400391, 45.068267823000156 ], [ 16.430322648000185, 45.068038940000122 ], [ 16.444044113000132, 45.067634584000075 ], [ 16.451198578000117, 45.066867828 ], [ 16.454177856000115, 45.066028596000024 ], [ 16.457975388000079, 45.064163209000128 ], [ 16.459295273000123, 45.063720703000115 ], [ 16.47184181300014, 45.06145477400014 ], [ 16.473188401000129, 45.060974122000175 ], [ 16.478078843000162, 45.058544158000188 ], [ 16.484598159000086, 45.056564330000185 ], [ 16.486612320000177, 45.055480957000157 ], [ 16.488914491000173, 45.053733825000165 ], [ 16.494794846000048, 45.049980164000033 ], [ 16.497074128000179, 45.048915864000037 ], [ 16.50015068, 45.04819488600009 ], [ 16.512437821000105, 45.046619416000112 ], [ 16.528129578000062, 45.043273925000165 ], [ 16.540302276000034, 45.041713714000139 ], [ 16.543161393000048, 45.040859222000108 ], [ 16.548048019000078, 45.038436891000174 ], [ 16.554662704000179, 45.03653335600012 ], [ 16.560770035000019, 45.033615112000064 ], [ 16.566205978000141, 45.032474519000118 ], [ 16.570413590000101, 45.029289245000029 ], [ 16.574865341000134, 45.026607514000091 ], [ 16.577989578000086, 45.024074555000027 ], [ 16.58143806400011, 45.021881105000091 ], [ 16.584411621000015, 45.01941680900012 ], [ 16.587795257000039, 45.017261506000011 ], [ 16.592788696000127, 45.013019562000068 ], [ 16.594001770000091, 45.011352539000086 ], [ 16.594341278000115, 45.010341644000164 ], [ 16.594453811000108, 45.008247376000099 ], [ 16.593818664000082, 45.006210328000122 ], [ 16.592475891000049, 45.004577637000125 ], [ 16.587099074000093, 45.000564576000158 ], [ 16.579608918000133, 44.996673584000121 ], [ 16.576889038000161, 44.995906830000081 ], [ 16.570735932000105, 44.994922639000094 ], [ 16.56762886000007, 44.994178772000112 ], [ 16.560895919000131, 44.99161529700018 ], [ 16.55787468, 44.989772798000047 ], [ 16.556535722000092, 44.987739563000105 ], [ 16.55622863800005, 44.986633301000097 ], [ 16.556175232000101, 44.984363557000052 ], [ 16.556785584000124, 44.982124329000044 ], [ 16.559768676000033, 44.977039336000018 ], [ 16.560424803999979, 44.973716736000085 ], [ 16.559957505000114, 44.971538544000168 ], [ 16.559371948000091, 44.970516205000081 ], [ 16.55848312300003, 44.969581604000098 ], [ 16.557327271000133, 44.968833924000023 ], [ 16.554660797000111, 44.967880249000075 ], [ 16.548759460000042, 44.966670990000125 ], [ 16.542608262000044, 44.965030671000022 ], [ 16.539094925000029, 44.964397431000066 ], [ 16.535266876000151, 44.964118958000029 ], [ 16.529420852000101, 44.964130401000148 ], [ 16.52172851600011, 44.964561462 ], [ 16.513841629000126, 44.96535873400012 ], [ 16.511283874000128, 44.96535873400012 ], [ 16.50756073000008, 44.964874268000131 ], [ 16.505050659000176, 44.964248657000155 ], [ 16.503843308000171, 44.963752746000068 ], [ 16.501905442000066, 44.962432862000128 ], [ 16.500652313000046, 44.960651398000152 ], [ 16.500360490000162, 44.959674835000101 ], [ 16.500377655000023, 44.957717896000077 ], [ 16.50227737400013, 44.953525544000115 ], [ 16.503402710000159, 44.951961518000076 ], [ 16.506099701000096, 44.949279785000101 ], [ 16.507225036000023, 44.947162629000104 ], [ 16.508008958000062, 44.943408966000106 ], [ 16.508766174000186, 44.93392181300004 ], [ 16.509885788000076, 44.928367615000184 ], [ 16.509780884000122, 44.923355103000063 ], [ 16.507587433000083, 44.915500640000062 ], [ 16.506589903000133, 44.909114925000097 ], [ 16.50049989300004, 44.909862681000106 ], [ 16.49857500100012, 44.910099 ], [ 16.497227347000148, 44.910476543000129 ], [ 16.495879999000067, 44.910854 ], [ 16.49201, 44.912666000000172 ], [ 16.49054, 44.913139 ], [ 16.48716, 44.913795000000164 ], [ 16.484701000000143, 44.914049 ], [ 16.484238542000071, 44.914096841000173 ], [ 16.483425141000168, 44.914180756000064 ], [ 16.473403931000064, 44.914653778000172 ], [ 16.45689010500007, 44.914981843000191 ], [ 16.450784683999984, 44.914897919000168 ], [ 16.449973149000073, 44.914828941000167 ], [ 16.44485999900013, 44.914393999000083 ], [ 16.443129387000113, 44.914025585000104 ], [ 16.441350937000095, 44.91364669800015 ], [ 16.438216765999982, 44.91273573899997 ], [ 16.437375106, 44.912491107000164 ], [ 16.433738708000021, 44.911434174000192 ], [ 16.432543693000184, 44.911186570000154 ], [ 16.430768412000134, 44.91081873700017 ], [ 16.426742553000167, 44.909984589000089 ], [ 16.422216088000027, 44.909412979000024 ], [ 16.421045000000106, 44.909265000000119 ], [ 16.413723, 44.90834000000018 ], [ 16.408833, 44.906929000000105 ], [ 16.406586000000175, 44.905899 ], [ 16.406577059000028, 44.90589108000006 ], [ 16.40568396600014, 44.905099870000129 ], [ 16.404640197, 44.904174804000149 ], [ 16.403530120000084, 44.901828767000097 ], [ 16.403076171000066, 44.89928817800012 ], [ 16.402976128999967, 44.896799678000093 ], [ 16.40291411600009, 44.895257166000192 ], [ 16.402757644000133, 44.891365052000026 ], [ 16.402622194000116, 44.890640056999985 ], [ 16.402477303000126, 44.889864529000135 ], [ 16.402292252000166, 44.888874055000088 ], [ 16.401094436000164, 44.886585235000041 ], [ 16.400012970000034, 44.885589601000106 ], [ 16.398622512000088, 44.884826660000158 ], [ 16.398458411000092, 44.884772566000095 ], [ 16.398239398000044, 44.884700370000189 ], [ 16.397071837000112, 44.884315491000052 ], [ 16.393701554000074, 44.883804322000117 ], [ 16.391657828000064, 44.883778659000029 ], [ 16.391040240000166, 44.883770904000187 ], [ 16.388233185000161, 44.883735656999988 ], [ 16.381542971000101, 44.884184598000104 ], [ 16.380756616000156, 44.88423736500016 ], [ 16.380672454000091, 44.884243013000059 ], [ 16.379655758000183, 44.884362498000087 ], [ 16.377670105000107, 44.884595858000068 ], [ 16.36801300000019, 44.885731000000192 ], [ 16.366189957000074, 44.888439179000159 ], [ 16.365007400000025, 44.891010285000107 ], [ 16.364284516000055, 44.895069122999985 ], [ 16.364366532000076, 44.899158477000128 ], [ 16.365133286000116, 44.903038026000047 ], [ 16.366140365000035, 44.905319213000098 ], [ 16.366849899000158, 44.90629577600015 ], [ 16.369613648000097, 44.908924102000185 ], [ 16.370840073000068, 44.910926818000178 ], [ 16.371545791000187, 44.913181306000183 ], [ 16.371746063000046, 44.915519714000027 ], [ 16.371282577999978, 44.917827607000106 ], [ 16.370660782000073, 44.918933868000067 ], [ 16.369653702000051, 44.919960022000055 ], [ 16.36829948400009, 44.920753479000098 ], [ 16.366796493000152, 44.921279908000031 ], [ 16.365222930000073, 44.921604156000058 ], [ 16.361968995000041, 44.921836854000105 ], [ 16.35712051500019, 44.921440126000164 ], [ 16.354221344, 44.920677185000159 ], [ 16.350385667000182, 44.918807983000079 ], [ 16.347723007000127, 44.917987824000136 ], [ 16.337230683000087, 44.916221619000112 ], [ 16.334396363000053, 44.915927888000056 ], [ 16.33142852800006, 44.915927888000056 ], [ 16.328603744000134, 44.916229249000025 ], [ 16.319971084000144, 44.917938232000097 ], [ 16.317279816000053, 44.919033051000042 ], [ 16.316152573000124, 44.919830323000099 ], [ 16.314689637000015, 44.921997070000032 ], [ 16.314155579000101, 44.925628662000122 ], [ 16.31432533200018, 44.931900024000186 ], [ 16.313863753000078, 44.93427658000013 ], [ 16.313255310000102, 44.93540573100006 ], [ 16.311647414000106, 44.936885835000112 ], [ 16.310546875000114, 44.937438965000069 ], [ 16.309230804000038, 44.937835694000114 ], [ 16.306482315000039, 44.937992096000073 ], [ 16.303985595000086, 44.937404634000131 ], [ 16.301324845000181, 44.935703277000187 ], [ 16.295509338000159, 44.930488587000184 ], [ 16.286645890000045, 44.91994094800009 ], [ 16.279680251000059, 44.915309906000061 ], [ 16.276582717999986, 44.914417267000033 ], [ 16.271484375000114, 44.914093017000027 ], [ 16.268117904000064, 44.914459229000101 ], [ 16.266515732000187, 44.914871216 ], [ 16.264120102, 44.916088105000085 ], [ 16.263107300000058, 44.917125701000145 ], [ 16.262479783000117, 44.918251039000154 ], [ 16.261934280000162, 44.920639038000104 ], [ 16.26267051700006, 44.935245515000133 ], [ 16.262466430000131, 44.937786102000075 ], [ 16.26182556200007, 44.940101623000089 ], [ 16.261264801000095, 44.94112777800018 ], [ 16.258230209000033, 44.94478607200017 ], [ 16.255968093000092, 44.949615478999988 ], [ 16.252075195000032, 44.954025268000123 ], [ 16.24977493300014, 44.958854675999987 ], [ 16.246603011000047, 44.962444305000076 ], [ 16.245563507000043, 44.964408874000185 ], [ 16.24496078400017, 44.966598512000189 ], [ 16.244180680000113, 44.971832275000054 ], [ 16.24429512100005, 44.973705292000034 ], [ 16.246204375000104, 44.98016739000002 ], [ 16.248588562000123, 44.985523224000133 ] ] ] ] } },
{ "type": "Feature", "properties": { "fid": 93, "GID_3": "BIH.3.1.14_1", "GID_0": "BIH", "COUNTRY": "Bosnia and Herzegovina", "GID_1": "BIH.3_1", "NAME_1": "Repuplika Srpska", "NL_NAME_1": "NA", "GID_2": "BIH.3.1_1", "NAME_2": "Banja Luka", "NL_NAME_2": "NA", "NAME_3": "Oštra Luka", "VARNAME_3": "Srpski Sanski Most", "NL_NAME_3": "NA", "TYPE_3": "Opčine", "ENGTYPE_3": "Commune", "CC_3": "NA", "HASC_3": "NA" }, "geometry": { "type": "MultiPolygon", "coordinates": [ [ [ [ 16.846270830000037, 44.647706511000138 ], [ 16.842554053000072, 44.652004245000114 ], [ 16.843128204000095, 44.66323852700009 ], [ 16.842755213000032, 44.665720976000046 ], [ 16.842557907000071, 44.667034150000177 ], [ 16.842508445000078, 44.667129711000143 ], [ 16.841436387000158, 44.669200898000042 ], [ 16.839967092, 44.670572106000122 ], [ 16.835893630000101, 44.67437362600009 ], [ 16.833771311000135, 44.675941917000102 ], [ 16.832656861000089, 44.676765443000193 ], [ 16.830205299000113, 44.67949992500013 ], [ 16.829004287000032, 44.680839539000146 ], [ 16.825595219000036, 44.68371844 ], [ 16.824613571000043, 44.684547425000119 ], [ 16.819377899000074, 44.687824249000187 ], [ 16.81115913400015, 44.691280366000058 ], [ 16.805349351000189, 44.694747926000105 ], [ 16.798837661, 44.699760438000055 ], [ 16.797978474000047, 44.700613691000058 ], [ 16.796629000000109, 44.701954000000171 ], [ 16.796297422000066, 44.702408061000028 ], [ 16.794891358000086, 44.70433426000011 ], [ 16.79388175400004, 44.707093265000083 ], [ 16.793564001000107, 44.707962 ], [ 16.792841769000063, 44.711246153000104 ], [ 16.791267394000045, 44.718406677000189 ], [ 16.791255104000129, 44.726356077000105 ], [ 16.791242600000146, 44.734443666000061 ], [ 16.791112528000042, 44.735725663000153 ], [ 16.790977478000059, 44.737056732999974 ], [ 16.789558411000144, 44.744041443000071 ], [ 16.789392860000021, 44.749183607000077 ], [ 16.789245606000122, 44.753757476000089 ], [ 16.788918555000123, 44.755794153000124 ], [ 16.788591386000178, 44.757831574000193 ], [ 16.786808015000133, 44.761363983000194 ], [ 16.782665253, 44.766902924000078 ], [ 16.782060788000024, 44.76743790300003 ], [ 16.781122000000153, 44.768269000000146 ], [ 16.778645, 44.769993000000113 ], [ 16.774125149000042, 44.773876326999982 ], [ 16.773574830000086, 44.77434921300005 ], [ 16.77219390800002, 44.775974274000134 ], [ 16.771688461000053, 44.77698898400007 ], [ 16.770750045000057, 44.780319212999984 ], [ 16.770583746000057, 44.78120960300015 ], [ 16.769586999000069, 44.786549 ], [ 16.769749, 44.78863500000017 ], [ 16.771416000000158, 44.79489500000011 ], [ 16.771409733000098, 44.797809349000147 ], [ 16.771408042000019, 44.798614636000082 ], [ 16.771016623000037, 44.799914668000156 ], [ 16.770666123000183, 44.801078796000184 ], [ 16.770645759000104, 44.801114171 ], [ 16.769998550000139, 44.80223846500013 ], [ 16.767175675000033, 44.80537414500003 ], [ 16.765177656000049, 44.806935065000062 ], [ 16.763679504000038, 44.808105469999987 ], [ 16.762767290000056, 44.80867242700009 ], [ 16.761144637000029, 44.809680939000089 ], [ 16.755453110000076, 44.812362672000177 ], [ 16.752716065000016, 44.813968660000171 ], [ 16.751757420000047, 44.814352116000123 ], [ 16.750284196000166, 44.814941406 ], [ 16.745477676, 44.81574630800003 ], [ 16.733326772000055, 44.816330095000069 ], [ 16.731186, 44.816433000000131 ], [ 16.730024686000036, 44.816570349000074 ], [ 16.726188659, 44.817024231000119 ], [ 16.724580858000138, 44.817469766000158 ], [ 16.723339, 44.817814 ], [ 16.721425385999964, 44.818706644000144 ], [ 16.718269348000149, 44.820178986000144 ], [ 16.716508983999972, 44.820615527000086 ], [ 16.709286, 44.822407000000112 ], [ 16.701921001000073, 44.825089000000105 ], [ 16.692952999000056, 44.827324000000146 ], [ 16.687917810999977, 44.829708064000044 ], [ 16.687907603000042, 44.829711469000074 ], [ 16.686532974000102, 44.830169679000107 ], [ 16.683364868000126, 44.83078765800019 ], [ 16.679866791000165, 44.831130982000161 ], [ 16.67904409800002, 44.831157481000162 ], [ 16.662931443000105, 44.831676482000034 ], [ 16.657896185000084, 44.83217602700006 ], [ 16.655933001000164, 44.832370999000034 ], [ 16.655069159000107, 44.832609665000064 ], [ 16.652994157000023, 44.833183288000157 ], [ 16.650539036000168, 44.834361822000176 ], [ 16.648075, 44.835545001000071 ], [ 16.641531, 44.837475001000087 ], [ 16.639469001, 44.838607999000033 ], [ 16.634190001000036, 44.84289199900013 ], [ 16.633037431000105, 44.844683126000064 ], [ 16.633024216000138, 44.844703675000062 ], [ 16.631792068000152, 44.847614289000035 ], [ 16.631387393000182, 44.848255194000046 ], [ 16.630664826000157, 44.849399567000148 ], [ 16.627735138000048, 44.851886749000073 ], [ 16.626919250000014, 44.852700323000022 ], [ 16.625045777000025, 44.854568482000161 ], [ 16.622765710000067, 44.856303110000169 ], [ 16.621816999000032, 44.857025000000192 ], [ 16.617200958000069, 44.86271289300015 ], [ 16.618005872000083, 44.862941487000057 ], [ 16.621016000000111, 44.863796001000082 ], [ 16.624041540000121, 44.86444835900005 ], [ 16.628149033000113, 44.865333557000099 ], [ 16.631256103000112, 44.866546631000119 ], [ 16.633581162000041, 44.868377687000077 ], [ 16.641685487000132, 44.876918792000083 ], [ 16.642803145000016, 44.877540581000062 ], [ 16.643599001000155, 44.877983 ], [ 16.644701330000146, 44.878208744000062 ], [ 16.647066117000122, 44.878692628000124 ], [ 16.651580868000053, 44.878684948000171 ], [ 16.653795000000116, 44.878681 ], [ 16.661762, 44.878246001000036 ], [ 16.66482573400009, 44.87787644499997 ], [ 16.665616989000114, 44.877780915000073 ], [ 16.668757265000067, 44.877040221000073 ], [ 16.669126548000122, 44.876953106000087 ], [ 16.670265130000189, 44.876372897000124 ], [ 16.671911001000069, 44.875534 ], [ 16.674316135000083, 44.87354526900009 ], [ 16.676860810000051, 44.871440888000166 ], [ 16.679826737000042, 44.866165160999969 ], [ 16.681991782000068, 44.864250099000174 ], [ 16.687318802999982, 44.862022399000068 ], [ 16.692493438000156, 44.861000061000027 ], [ 16.698543549000078, 44.860828401000049 ], [ 16.70243024500013, 44.861334028000044 ], [ 16.704349518000015, 44.86158371099998 ], [ 16.704974413000116, 44.861777032000077 ], [ 16.706100463000041, 44.862125397000057 ], [ 16.708240508000074, 44.863166810000166 ], [ 16.71327590900006, 44.86703109900003 ], [ 16.71367326100011, 44.867207539000105 ], [ 16.715389251000147, 44.867969513000048 ], [ 16.717100143000152, 44.868396760000167 ], [ 16.718898773000092, 44.868625641000165 ], [ 16.722021104000078, 44.868625641000165 ], [ 16.735202789000141, 44.867820741 ], [ 16.737635682000075, 44.867401794999978 ], [ 16.738592001000086, 44.867237001000035 ], [ 16.739553620000152, 44.866815065000139 ], [ 16.739669801000048, 44.866764069000169 ], [ 16.740418178000084, 44.866183189000083 ], [ 16.741399930000114, 44.865421054000137 ], [ 16.74220466700001, 44.864246368000124 ], [ 16.742965698000035, 44.861667633000195 ], [ 16.743001764000155, 44.859927072000175 ], [ 16.743053001000021, 44.857433001000118 ], [ 16.742541075000133, 44.851524453000081 ], [ 16.742000580000081, 44.845291138000107 ], [ 16.741979108000123, 44.842530789000079 ], [ 16.741966248000097, 44.840877533000082 ], [ 16.742232406000085, 44.839668253000184 ], [ 16.742843627000127, 44.836891174000186 ], [ 16.743371163000063, 44.836178808000057 ], [ 16.744411468000067, 44.834774017000086 ], [ 16.748968124000157, 44.830532074000189 ], [ 16.754955292000147, 44.826759339000034 ], [ 16.756042997000122, 44.826293051 ], [ 16.757268906000036, 44.825767518000134 ], [ 16.761854171000095, 44.824985504000097 ], [ 16.773504257000184, 44.824138641000104 ], [ 16.774729214000047, 44.823885634000021 ], [ 16.776478000000111, 44.823524000000134 ], [ 16.778765000000192, 44.822517001000051 ], [ 16.78106756699998, 44.821040354000161 ], [ 16.78465270900017, 44.818740846000139 ], [ 16.790540695000061, 44.813606263000111 ], [ 16.791795730999979, 44.811962128000062 ], [ 16.795646875000159, 44.805198722 ], [ 16.797143937000044, 44.801097869000102 ], [ 16.798263549000126, 44.796028137000178 ], [ 16.79900550900004, 44.793907165 ], [ 16.800495608000119, 44.791966616000138 ], [ 16.801913999000192, 44.790118999000128 ], [ 16.802858, 44.788029000000108 ], [ 16.804071, 44.780559999000047 ], [ 16.804794000000186, 44.778015 ], [ 16.807743001000176, 44.772430000000156 ], [ 16.808782711000049, 44.769662055000026 ], [ 16.809394835999967, 44.768032075000178 ], [ 16.810564041000191, 44.766044617000034 ], [ 16.811668344000168, 44.765172186000029 ], [ 16.812553406, 44.764472961000195 ], [ 16.820011138000154, 44.761894226999971 ], [ 16.823759079000183, 44.760025025000061 ], [ 16.826616288000082, 44.759258271000192 ], [ 16.831952357000091, 44.758513752000169 ], [ 16.836267472000145, 44.757911683000145 ], [ 16.837421882000115, 44.757537532000185 ], [ 16.839091999000175, 44.756996000000186 ], [ 16.840903998999977, 44.755862999000101 ], [ 16.842818544000068, 44.754440015000171 ], [ 16.844829559000061, 44.752944946000184 ], [ 16.845408582000118, 44.752296000000115 ], [ 16.846235, 44.751368999000078 ], [ 16.847156274000099, 44.749349990999974 ], [ 16.848432540000033, 44.746551513000099 ], [ 16.851533148000044, 44.742981347000125 ], [ 16.851543000000163, 44.742970000000128 ], [ 16.852278518000105, 44.741716369000073 ], [ 16.852628707, 44.74111938600015 ], [ 16.854356765000034, 44.737197877000142 ], [ 16.857486724000069, 44.733539581000116 ], [ 16.857800531, 44.733009290000041 ], [ 16.858089000000177, 44.73252099900003 ], [ 16.858856001000163, 44.730224999000143 ], [ 16.859251, 44.727737000000104 ], [ 16.85954630100008, 44.723597661000156 ], [ 16.859828949000189, 44.719635010000104 ], [ 16.859786066000083, 44.719392601000038 ], [ 16.859509999000068, 44.71783399900005 ], [ 16.858320000000106, 44.715286000000162 ], [ 16.856467999000074, 44.712944 ], [ 16.847691999000119, 44.70684400000016 ], [ 16.847196866000104, 44.706294087 ], [ 16.846290587000169, 44.705287934000182 ], [ 16.846125180000058, 44.704927681000129 ], [ 16.845840454000154, 44.70430755600006 ], [ 16.845516206000127, 44.702228546000185 ], [ 16.845964432000073, 44.700164795000035 ], [ 16.846525144000111, 44.699218835000124 ], [ 16.848679945000185, 44.697342355999979 ], [ 16.852224350000085, 44.694255830000088 ], [ 16.852725673000066, 44.693937876000064 ], [ 16.855634690000159, 44.692092896000133 ], [ 16.856517214000178, 44.691338582000071 ], [ 16.858562470000095, 44.68959045400004 ], [ 16.861949921000132, 44.687393189000034 ], [ 16.864849090000121, 44.684879303000059 ], [ 16.867240042000105, 44.683307429000024 ], [ 16.871591568000042, 44.680446625000116 ], [ 16.880422592000116, 44.677421569000103 ], [ 16.890592576000131, 44.670913696000184 ], [ 16.891992280000125, 44.670396300000164 ], [ 16.893131257000107, 44.669975280000131 ], [ 16.896408432000101, 44.669106378000038 ], [ 16.897289277000084, 44.668872833000137 ], [ 16.899438858000053, 44.668033599000182 ], [ 16.90502919700009, 44.663955761000068 ], [ 16.906425, 44.662262001000101 ], [ 16.907175000000109, 44.660113999000032 ], [ 16.907197409000105, 44.659421355000063 ], [ 16.907329560000107, 44.655323028000169 ], [ 16.906714629000135, 44.652294267000116 ], [ 16.906307, 44.650288001000035 ], [ 16.904100197000162, 44.64549606200012 ], [ 16.90340804300007, 44.643993228000113 ], [ 16.897283554000069, 44.646465301000092 ], [ 16.892421722000108, 44.649429322000117 ], [ 16.889736176000156, 44.650169372000107 ], [ 16.886842727000101, 44.650356293000186 ], [ 16.884035111000173, 44.650009155000077 ], [ 16.882766724000078, 44.649612426000033 ], [ 16.874676220000026, 44.644777490000195 ], [ 16.873524, 44.644089 ], [ 16.87115900100008, 44.643101 ], [ 16.870727050000141, 44.64300388200013 ], [ 16.869628906, 44.642757417000098 ], [ 16.866721942000027, 44.642531716000178 ], [ 16.864518999000097, 44.642361001000154 ], [ 16.861581823000051, 44.64252191900016 ], [ 16.859098435000135, 44.642658235000056 ], [ 16.857548025000085, 44.642905042000166 ], [ 16.855527878000032, 44.643226624000135 ], [ 16.848667144000103, 44.644935609000186 ], [ 16.846270830000037, 44.647706511000138 ] ] ], [ [ [ 16.60006420600007, 44.861858221000148 ], [ 16.598925451000071, 44.861551255000165 ], [ 16.59879112200008, 44.861515044999976 ], [ 16.588775635000161, 44.859867096000187 ], [ 16.580944061000025, 44.857677460000161 ], [ 16.577259063000099, 44.857128143000125 ], [ 16.575447276000034, 44.857014115000084 ], [ 16.573461332000022, 44.85688927700005 ], [ 16.573441000000116, 44.856888 ], [ 16.566956, 44.856907 ], [ 16.563489588999971, 44.856916820000151 ], [ 16.561660767000035, 44.856922150000059 ], [ 16.556750468000075, 44.857078213000079 ], [ 16.541922062000083, 44.857549929000186 ], [ 16.541857, 44.857552000000112 ], [ 16.534168, 44.858059000000139 ], [ 16.526493000000187, 44.859112 ], [ 16.523588000000132, 44.859314 ], [ 16.52325155, 44.859306044000107 ], [ 16.520669937000036, 44.859245301000158 ], [ 16.513006210000185, 44.858547211000086 ], [ 16.507392884000069, 44.858402252000133 ], [ 16.474550248000128, 44.858932495000033 ], [ 16.467214584000146, 44.859386443000119 ], [ 16.462352753000118, 44.86023330800009 ], [ 16.45589828400017, 44.863033294000104 ], [ 16.452432350000095, 44.863692812000181 ], [ 16.450073, 44.864142000000186 ], [ 16.443516671000054, 44.865389734000075 ], [ 16.443483753000123, 44.865396845000191 ], [ 16.44246500800017, 44.865754803000129 ], [ 16.44227930500017, 44.865820122000116 ], [ 16.442176818000121, 44.865856171000189 ], [ 16.442084409000188, 44.865903121000144 ], [ 16.441559841000128, 44.866169636000109 ], [ 16.438392639000085, 44.867778779000105 ], [ 16.436754975000099, 44.868258577000177 ], [ 16.435978588000069, 44.868486040000107 ], [ 16.435541152000155, 44.868614198000046 ], [ 16.42873191800004, 44.869415283000137 ], [ 16.425423125000066, 44.869474420000131 ], [ 16.421994125000026, 44.869535706000079 ], [ 16.417846679999968, 44.869609832000151 ], [ 16.416898004000188, 44.869549982000194 ], [ 16.416785943000036, 44.869542912000156 ], [ 16.414400101000183, 44.869392395000034 ], [ 16.411237716000073, 44.868896484000118 ], [ 16.409962567000036, 44.868533146000061 ], [ 16.409855209, 44.868502555000134 ], [ 16.409832000000165, 44.868495942000038 ], [ 16.406235194999965, 44.867001985000115 ], [ 16.404956184000127, 44.866470739000079 ], [ 16.404615403000093, 44.86632919300007 ], [ 16.397132873000032, 44.864788056000179 ], [ 16.394033432000185, 44.863834381000061 ], [ 16.39134681500019, 44.862531131000026 ], [ 16.388389818000064, 44.861096723 ], [ 16.38827700000013, 44.861042 ], [ 16.38093566900011, 44.856605530000138 ], [ 16.380798701000174, 44.856523492000065 ], [ 16.380509999000083, 44.856350002000113 ], [ 16.378462000000184, 44.86074 ], [ 16.37766100000016, 44.862457 ], [ 16.374756000000161, 44.870185999000171 ], [ 16.374703654000086, 44.870306675000165 ], [ 16.371851000000106, 44.876883000000134 ], [ 16.36801300000019, 44.885731000000192 ], [ 16.377670105000107, 44.884595858000068 ], [ 16.379655758000183, 44.884362498000087 ], [ 16.380672454000091, 44.884243013000059 ], [ 16.380756616000156, 44.88423736500016 ], [ 16.381542971000101, 44.884184598000104 ], [ 16.388233185000161, 44.883735656999988 ], [ 16.391040240000166, 44.883770904000187 ], [ 16.391657828000064, 44.883778659000029 ], [ 16.393701554000074, 44.883804322000117 ], [ 16.397071837000112, 44.884315491000052 ], [ 16.398239398000044, 44.884700370000189 ], [ 16.398458411000092, 44.884772566000095 ], [ 16.398622512000088, 44.884826660000158 ], [ 16.400012970000034, 44.885589601000106 ], [ 16.401094436000164, 44.886585235000041 ], [ 16.402292252000166, 44.888874055000088 ], [ 16.402477303000126, 44.889864529000135 ], [ 16.402622194000116, 44.890640056999985 ], [ 16.402757644000133, 44.891365052000026 ], [ 16.40291411600009, 44.895257166000192 ], [ 16.402976128999967, 44.896799678000093 ], [ 16.403076171000066, 44.89928817800012 ], [ 16.403530120000084, 44.901828767000097 ], [ 16.404640197, 44.904174804000149 ], [ 16.40568396600014, 44.905099870000129 ], [ 16.406577059000028, 44.90589108000006 ], [ 16.406586000000175, 44.905899 ], [ 16.408833, 44.906929000000105 ], [ 16.413723, 44.90834000000018 ], [ 16.421045000000106, 44.909265000000119 ], [ 16.422216088000027, 44.909412979000024 ], [ 16.426742553000167, 44.909984589000089 ], [ 16.430768412000134, 44.91081873700017 ], [ 16.432543693000184, 44.911186570000154 ], [ 16.433738708000021, 44.911434174000192 ], [ 16.437375106, 44.912491107000164 ], [ 16.438216765999982, 44.91273573899997 ], [ 16.441350937000095, 44.91364669800015 ], [ 16.443129387000113, 44.914025585000104 ], [ 16.44485999900013, 44.914393999000083 ], [ 16.449973149000073, 44.914828941000167 ], [ 16.450784683999984, 44.914897919000168 ], [ 16.45689010500007, 44.914981843000191 ], [ 16.473403931000064, 44.914653778000172 ], [ 16.483425141000168, 44.914180756000064 ], [ 16.484238542000071, 44.914096841000173 ], [ 16.484701000000143, 44.914049 ], [ 16.48716, 44.913795000000164 ], [ 16.49054, 44.913139 ], [ 16.49201, 44.912666000000172 ], [ 16.495879999000067, 44.910854 ], [ 16.497227347000148, 44.910476543000129 ], [ 16.49857500100012, 44.910099 ], [ 16.50049989300004, 44.909862681000106 ], [ 16.506589903000133, 44.909114925000097 ], [ 16.506942367000022, 44.908993175000148 ], [ 16.5081489640001, 44.908576384000185 ], [ 16.510975000000144, 44.9076 ], [ 16.51382687500012, 44.905717456000048 ], [ 16.515595468000186, 44.904549793000172 ], [ 16.517683029000182, 44.903171540000073 ], [ 16.522626562000028, 44.898656852000101 ], [ 16.523267826000108, 44.89807115900004 ], [ 16.526603724000097, 44.892715438000039 ], [ 16.527129197000136, 44.892308293000042 ], [ 16.527743724000118, 44.89183215200012 ], [ 16.528602600000113, 44.891166687000066 ], [ 16.53123283400015, 44.890098572000056 ], [ 16.534479632000171, 44.88916274900015 ], [ 16.537080900000092, 44.888412606000031 ], [ 16.540021803000172, 44.887377639000078 ], [ 16.542879105000168, 44.886371613000165 ], [ 16.546056748000069, 44.885646821000023 ], [ 16.549324036000087, 44.885383606 ], [ 16.550454372000161, 44.885453439000059 ], [ 16.55160265000012, 44.885524381000039 ], [ 16.552473069000087, 44.885578155000076 ], [ 16.553080045000058, 44.885699079000119 ], [ 16.553303001000018, 44.885743497000078 ], [ 16.553947448000145, 44.885871887000178 ], [ 16.554439960000025, 44.886070946000075 ], [ 16.555289933000097, 44.886414480000042 ], [ 16.556325912000148, 44.88683319200004 ], [ 16.558003043000099, 44.888057075000177 ], [ 16.559958090000123, 44.889483767000058 ], [ 16.561788765000131, 44.890819785000133 ], [ 16.565270661999989, 44.895930261000046 ], [ 16.565310001000171, 44.895988000000102 ], [ 16.566011000000174, 44.896561 ], [ 16.566097140000181, 44.896631479000121 ], [ 16.566286087000094, 44.896785736000027 ], [ 16.567420526999967, 44.897267474000103 ], [ 16.568435, 44.897698 ], [ 16.569134, 44.897995 ], [ 16.569614577000152, 44.898081867000087 ], [ 16.572469711000167, 44.89859771800019 ], [ 16.576695776000122, 44.898754686000018 ], [ 16.577810000000113, 44.898796 ], [ 16.581051905000038, 44.89848301800015 ], [ 16.581282754000028, 44.898460723000142 ], [ 16.583103180000023, 44.898284913000168 ], [ 16.583427626000059, 44.89819178 ], [ 16.58635643000008, 44.897350738000057 ], [ 16.587078075000022, 44.896968460000039 ], [ 16.587796999000034, 44.896587000000125 ], [ 16.588469543000031, 44.895966371000156 ], [ 16.589519500000165, 44.894996644000116 ], [ 16.591863601000057, 44.890564709000159 ], [ 16.59189156400015, 44.890511841000034 ], [ 16.592432022000082, 44.887989044000108 ], [ 16.593208313000105, 44.878902435000157 ], [ 16.594077109000068, 44.876669298000195 ], [ 16.594332370000132, 44.876013180000086 ], [ 16.594766616000186, 44.874897003 ], [ 16.59563643700011, 44.87357692300003 ], [ 16.595667776000141, 44.87352936100018 ], [ 16.59703636200004, 44.871452331000114 ], [ 16.599653353000122, 44.869337245000111 ], [ 16.600538771000174, 44.868621639000025 ], [ 16.601123809000114, 44.8681488040001 ], [ 16.602457045999984, 44.866649628 ], [ 16.602844425000171, 44.865893865000089 ], [ 16.603430069000126, 44.864751292000165 ], [ 16.604324341000051, 44.863006593000136 ], [ 16.60006420600007, 44.861858221000148 ] ] ] ] } },
{ "type": "Feature", "properties": { "fid": 94, "GID_3": "BIH.3.1.15_1", "GID_0": "BIH", "COUNTRY": "Bosnia and Herzegovina", "GID_1": "BIH.3_1", "NAME_1": "Repuplika Srpska", "NL_NAME_1": "NA", "GID_2": "BIH.3.1_1", "NAME_2": "Banja Luka", "NL_NAME_2": "NA", "NAME_3": "Petrovac", "VARNAME_3": "NA", "NL_NAME_3": "NA", "TYPE_3": "Opčine", "ENGTYPE_3": "Commune", "CC_3": "NA", "HASC_3": "NA" }, "geometry": { "type": "MultiPolygon", "coordinates": [ [ [ [ 16.531579970000053, 44.418632507000041 ], [ 16.526590346000035, 44.419265747 ], [ 16.522895813000162, 44.42005920400004 ], [ 16.519863129000044, 44.421138763999977 ], [ 16.512308120000171, 44.424415588000045 ], [ 16.510459900000171, 44.425594331000127 ], [ 16.508186341000055, 44.427471161000028 ], [ 16.504747390000034, 44.429653168000186 ], [ 16.501693725000052, 44.432186127000023 ], [ 16.495309830000053, 44.435863495000035 ], [ 16.493204117000175, 44.437557221000191 ], [ 16.490064622000034, 44.440799713000047 ], [ 16.488241197000036, 44.442142486000023 ], [ 16.479709625000055, 44.446453096000027 ], [ 16.473957062000068, 44.449005128000124 ], [ 16.470302581000112, 44.451160431000062 ], [ 16.467460632999973, 44.452026367000087 ], [ 16.45935249300004, 44.45317840600012 ], [ 16.456304550000027, 44.453788757000098 ], [ 16.454950332000067, 44.454231263000111 ], [ 16.449918746000094, 44.456554414000038 ], [ 16.442472457000122, 44.45826339700011 ], [ 16.440914154000097, 44.458740234000061 ], [ 16.438001633000056, 44.460037232000047 ], [ 16.435359954000091, 44.461658478000118 ], [ 16.432985305000159, 44.463504792000094 ], [ 16.430091857000036, 44.466640472 ], [ 16.429397582000036, 44.467796326000098 ], [ 16.428586959000029, 44.470119477000026 ], [ 16.428058624000073, 44.475048066000056 ], [ 16.428871155000081, 44.486900329000093 ], [ 16.428724288000126, 44.493724823000036 ], [ 16.427782059000037, 44.497341156000175 ], [ 16.42414283800008, 44.50220489600008 ], [ 16.423379898000064, 44.504547120000097 ], [ 16.423034669000174, 44.507087707000096 ], [ 16.423328400000059, 44.512252807000039 ], [ 16.42416953999998, 44.514656067000089 ], [ 16.42489624100017, 44.515750886000035 ], [ 16.425916671000039, 44.516716003 ], [ 16.428367614000081, 44.517929078000122 ], [ 16.43472862200008, 44.519641876000094 ], [ 16.437587738, 44.520927430000029 ], [ 16.440061569000136, 44.521728516000053 ], [ 16.443185806000088, 44.522209168000074 ], [ 16.451389312000117, 44.522983551999971 ], [ 16.454292298000155, 44.523635865000074 ], [ 16.459695817000011, 44.525676728000064 ], [ 16.469312667000111, 44.526866914000152 ], [ 16.472375871000054, 44.527442933000088 ], [ 16.474761963000162, 44.528339386000141 ], [ 16.478624344000082, 44.530345917000147 ], [ 16.486440658, 44.533229827000184 ], [ 16.489538193000044, 44.534168244000114 ], [ 16.495145798000124, 44.53493499700005 ], [ 16.501010895000036, 44.535095215000183 ], [ 16.529022218000023, 44.534374238000112 ], [ 16.538928984999984, 44.534347534 ], [ 16.544700622000164, 44.534626008000146 ], [ 16.552400588000069, 44.535503388000109 ], [ 16.555862428000125, 44.535602571000027 ], [ 16.561048508000056, 44.535308837000059 ], [ 16.56863784899997, 44.534088135000161 ], [ 16.574327468000092, 44.53355407700019 ], [ 16.607669831000123, 44.532531739000149 ], [ 16.611240388000056, 44.53215789900014 ], [ 16.614473342, 44.53149795600018 ], [ 16.615888596000048, 44.531013488000042 ], [ 16.620861054000045, 44.528549195000153 ], [ 16.634815215000117, 44.524543763000054 ], [ 16.637496948000035, 44.524986268000134 ], [ 16.638351441000111, 44.524932861000082 ], [ 16.639375686000051, 44.524509431000013 ], [ 16.639923095000142, 44.523639680000088 ], [ 16.639238357000124, 44.521495819999984 ], [ 16.646181107000132, 44.515522003000171 ], [ 16.650812150000036, 44.509914399000195 ], [ 16.653640747000054, 44.50715255800003 ], [ 16.654247283000132, 44.506160736000027 ], [ 16.654991150000114, 44.503955841000106 ], [ 16.655298233000053, 44.501575471000137 ], [ 16.655227662000129, 44.497894287000065 ], [ 16.65485572900019, 44.495479583000076 ], [ 16.653547288000027, 44.492172241000162 ], [ 16.652009963000125, 44.490535736000027 ], [ 16.646486282000069, 44.486419679000107 ], [ 16.642879486000027, 44.484451294000053 ], [ 16.639722825000092, 44.482135773000039 ], [ 16.636148453000089, 44.480129241999975 ], [ 16.630016328000124, 44.4752120980001 ], [ 16.628826142000094, 44.473419190000072 ], [ 16.627620698000158, 44.469848632000094 ], [ 16.614137649000043, 44.467750549000129 ], [ 16.611351013000046, 44.467037201000096 ], [ 16.610126496000078, 44.466537477000088 ], [ 16.603555680000113, 44.46195602500012 ], [ 16.599927903000093, 44.456802368000126 ], [ 16.598941804000106, 44.456050873000038 ], [ 16.597707749000051, 44.455467223000028 ], [ 16.596317291000105, 44.455059052000138 ], [ 16.593257905000144, 44.454624176000038 ], [ 16.583337783, 44.454364777000137 ], [ 16.580186843000035, 44.454067230000135 ], [ 16.57872009200014, 44.453773499000079 ], [ 16.576341630000115, 44.452838898000095 ], [ 16.570482253000023, 44.448909761000152 ], [ 16.569166184000096, 44.447139740000182 ], [ 16.567718506000062, 44.44427490400011 ], [ 16.566448212000125, 44.44253158700019 ], [ 16.560344696000129, 44.437667847000114 ], [ 16.556812287000128, 44.435604095000031 ], [ 16.553716660000077, 44.433212280000134 ], [ 16.550149917999988, 44.431186676000038 ], [ 16.547048570000072, 44.428802491000056 ], [ 16.543449401000089, 44.426750183000024 ], [ 16.540195466000057, 44.42431259100016 ], [ 16.535829544000137, 44.421905518000187 ], [ 16.531579970000053, 44.418632507000041 ] ] ] ] } },
{ "type": "Feature", "properties": { "fid": 95, "GID_3": "BIH.3.1.16_1", "GID_0": "BIH", "COUNTRY": "Bosnia and Herzegovina", "GID_1": "BIH.3_1", "NAME_1": "Repuplika Srpska", "NL_NAME_1": "NA", "GID_2": "BIH.3.1_1", "NAME_2": "Banja Luka", "NL_NAME_2": "NA", "NAME_3": "Prijedor", "VARNAME_3": "NA", "NL_NAME_3": "NA", "TYPE_3": "Opčine", "ENGTYPE_3": "Commune", "CC_3": "NA", "HASC_3": "NA" }, "geometry": { "type": "MultiPolygon", "coordinates": [ [ [ [ 16.617200958000069, 44.86271289300015 ], [ 16.604324341000051, 44.863006593000136 ], [ 16.603430069000126, 44.864751292000165 ], [ 16.602844425000171, 44.865893865000089 ], [ 16.602457045999984, 44.866649628 ], [ 16.601123809000114, 44.8681488040001 ], [ 16.600538771000174, 44.868621639000025 ], [ 16.599653353000122, 44.869337245000111 ], [ 16.59703636200004, 44.871452331000114 ], [ 16.595667776000141, 44.87352936100018 ], [ 16.59563643700011, 44.87357692300003 ], [ 16.594766616000186, 44.874897003 ], [ 16.594332370000132, 44.876013180000086 ], [ 16.594077109000068, 44.876669298000195 ], [ 16.593208313000105, 44.878902435000157 ], [ 16.592432022000082, 44.887989044000108 ], [ 16.59189156400015, 44.890511841000034 ], [ 16.591863601000057, 44.890564709000159 ], [ 16.589519500000165, 44.894996644000116 ], [ 16.588469543000031, 44.895966371000156 ], [ 16.587796999000034, 44.896587000000125 ], [ 16.587078075000022, 44.896968460000039 ], [ 16.58635643000008, 44.897350738000057 ], [ 16.583427626000059, 44.89819178 ], [ 16.583103180000023, 44.898284913000168 ], [ 16.581282754000028, 44.898460723000142 ], [ 16.581051905000038, 44.89848301800015 ], [ 16.577810000000113, 44.898796 ], [ 16.576695776000122, 44.898754686000018 ], [ 16.572469711000167, 44.89859771800019 ], [ 16.569614577000152, 44.898081867000087 ], [ 16.569134, 44.897995 ], [ 16.568435, 44.897698 ], [ 16.567420526999967, 44.897267474000103 ], [ 16.566286087000094, 44.896785736000027 ], [ 16.566097140000181, 44.896631479000121 ], [ 16.566011000000174, 44.896561 ], [ 16.565310001000171, 44.895988000000102 ], [ 16.565270661999989, 44.895930261000046 ], [ 16.561788765000131, 44.890819785000133 ], [ 16.559958090000123, 44.889483767000058 ], [ 16.558003043000099, 44.888057075000177 ], [ 16.556325912000148, 44.88683319200004 ], [ 16.555289933000097, 44.886414480000042 ], [ 16.554439960000025, 44.886070946000075 ], [ 16.553947448000145, 44.885871887000178 ], [ 16.553303001000018, 44.885743497000078 ], [ 16.553080045000058, 44.885699079000119 ], [ 16.552473069000087, 44.885578155000076 ], [ 16.55160265000012, 44.885524381000039 ], [ 16.550454372000161, 44.885453439000059 ], [ 16.549324036000087, 44.885383606 ], [ 16.546056748000069, 44.885646821000023 ], [ 16.542879105000168, 44.886371613000165 ], [ 16.540021803000172, 44.887377639000078 ], [ 16.537080900000092, 44.888412606000031 ], [ 16.534479632000171, 44.88916274900015 ], [ 16.53123283400015, 44.890098572000056 ], [ 16.528602600000113, 44.891166687000066 ], [ 16.527743724000118, 44.89183215200012 ], [ 16.527129197000136, 44.892308293000042 ], [ 16.526603724000097, 44.892715438000039 ], [ 16.523267826000108, 44.89807115900004 ], [ 16.522626562000028, 44.898656852000101 ], [ 16.517683029000182, 44.903171540000073 ], [ 16.515595468000186, 44.904549793000172 ], [ 16.51382687500012, 44.905717456000048 ], [ 16.510975000000144, 44.9076 ], [ 16.5081489640001, 44.908576384000185 ], [ 16.506942367000022, 44.908993175000148 ], [ 16.506589903000133, 44.909114925000097 ], [ 16.507587433000083, 44.915500640000062 ], [ 16.509780884000122, 44.923355103000063 ], [ 16.509885788000076, 44.928367615000184 ], [ 16.508766174000186, 44.93392181300004 ], [ 16.508008958000062, 44.943408966000106 ], [ 16.507225036000023, 44.947162629000104 ], [ 16.506099701000096, 44.949279785000101 ], [ 16.503402710000159, 44.951961518000076 ], [ 16.50227737400013, 44.953525544000115 ], [ 16.500377655000023, 44.957717896000077 ], [ 16.500360490000162, 44.959674835000101 ], [ 16.500652313000046, 44.960651398000152 ], [ 16.501905442000066, 44.962432862000128 ], [ 16.503843308000171, 44.963752746000068 ], [ 16.505050659000176, 44.964248657000155 ], [ 16.50756073000008, 44.964874268000131 ], [ 16.511283874000128, 44.96535873400012 ], [ 16.513841629000126, 44.96535873400012 ], [ 16.52172851600011, 44.964561462 ], [ 16.529420852000101, 44.964130401000148 ], [ 16.535266876000151, 44.964118958000029 ], [ 16.539094925000029, 44.964397431000066 ], [ 16.542608262000044, 44.965030671000022 ], [ 16.548759460000042, 44.966670990000125 ], [ 16.554660797000111, 44.967880249000075 ], [ 16.557327271000133, 44.968833924000023 ], [ 16.55848312300003, 44.969581604000098 ], [ 16.559371948000091, 44.970516205000081 ], [ 16.559957505000114, 44.971538544000168 ], [ 16.560424803999979, 44.973716736000085 ], [ 16.559768676000033, 44.977039336000018 ], [ 16.556785584000124, 44.982124329000044 ], [ 16.556175232000101, 44.984363557000052 ], [ 16.55622863800005, 44.986633301000097 ], [ 16.556535722000092, 44.987739563000105 ], [ 16.55787468, 44.989772798000047 ], [ 16.560895919000131, 44.99161529700018 ], [ 16.56762886000007, 44.994178772000112 ], [ 16.570735932000105, 44.994922639000094 ], [ 16.576889038000161, 44.995906830000081 ], [ 16.579608918000133, 44.996673584000121 ], [ 16.587099074000093, 45.000564576000158 ], [ 16.592475891000049, 45.004577637000125 ], [ 16.593818664000082, 45.006210328000122 ], [ 16.594453811000108, 45.008247376000099 ], [ 16.594341278000115, 45.010341644000164 ], [ 16.594001770000091, 45.011352539000086 ], [ 16.592788696000127, 45.013019562000068 ], [ 16.587795257000039, 45.017261506000011 ], [ 16.584411621000015, 45.01941680900012 ], [ 16.58143806400011, 45.021881105000091 ], [ 16.577989578000086, 45.024074555000027 ], [ 16.574865341000134, 45.026607514000091 ], [ 16.570413590000101, 45.029289245000029 ], [ 16.566205978000141, 45.032474519000118 ], [ 16.570707321000157, 45.035564423000153 ], [ 16.575504303000059, 45.037925720000032 ], [ 16.579168320000065, 45.040027618000067 ], [ 16.581712722000077, 45.040802002000191 ], [ 16.585792541000046, 45.041641236000146 ], [ 16.588336945000094, 45.042457581000122 ], [ 16.593376161000151, 45.0457153320001 ], [ 16.594995499, 45.047023773000092 ], [ 16.595733644000063, 45.047992706000059 ], [ 16.596643449000112, 45.050220490000186 ], [ 16.597082136999973, 45.052669525000056 ], [ 16.597854613000152, 45.062988281000116 ], [ 16.59849357600018, 45.065338134000115 ], [ 16.599723816000164, 45.067371369000057 ], [ 16.605781555000021, 45.072284699000136 ], [ 16.609369278000088, 45.074413299000014 ], [ 16.613025664000133, 45.077381133000131 ], [ 16.615377427000112, 45.078876496000134 ], [ 16.620780945000092, 45.081714631000182 ], [ 16.638891221, 45.077064514000085 ], [ 16.642881393000096, 45.076850891000106 ], [ 16.653417587000035, 45.077903748000097 ], [ 16.657617569000081, 45.077854158000093 ], [ 16.660245895000116, 45.077423095000029 ], [ 16.665027618000124, 45.076080322000053 ], [ 16.667194367000036, 45.075225830000193 ], [ 16.670896531000153, 45.073188782000045 ], [ 16.675590516000113, 45.071910859000127 ], [ 16.679225921000068, 45.071445465000124 ], [ 16.685005187000058, 45.071071625000116 ], [ 16.69091033899997, 45.071002960000044 ], [ 16.694799423000063, 45.071197511000037 ], [ 16.698566437000181, 45.071731568000132 ], [ 16.700359344000105, 45.072200775000113 ], [ 16.704542160000187, 45.074172973000032 ], [ 16.706716537000034, 45.075820923000151 ], [ 16.709705352000128, 45.078704835000053 ], [ 16.71303749100008, 45.081031799000186 ], [ 16.715997697000034, 45.083549500000061 ], [ 16.723016738000013, 45.087875367000095 ], [ 16.72573089500014, 45.088779450000061 ], [ 16.730243682000037, 45.089553834000185 ], [ 16.73562431400012, 45.090187073000095 ], [ 16.739509583000142, 45.089965820000145 ], [ 16.741926193999973, 45.089080811000031 ], [ 16.742889404000096, 45.088397980000082 ], [ 16.744232177000072, 45.086826326000107 ], [ 16.745988845000113, 45.083374024000079 ], [ 16.748031616000105, 45.07513046300005 ], [ 16.750011443000062, 45.071865082000159 ], [ 16.753662109000174, 45.067462921000129 ], [ 16.755723953000029, 45.066139221000071 ], [ 16.763132095000174, 45.063411713000164 ], [ 16.769754411000065, 45.059047699000189 ], [ 16.773420334999969, 45.05600738600009 ], [ 16.779388427000129, 45.052215576000037 ], [ 16.782524109000065, 45.051212312000189 ], [ 16.788097383000036, 45.050510407000104 ], [ 16.850885390000144, 45.04904937800012 ], [ 16.861225127000068, 45.04915618800004 ], [ 16.867147445000171, 45.049888610000096 ], [ 16.874881744000163, 45.052070617000027 ], [ 16.882545471000185, 45.053604126000039 ], [ 16.885217666000017, 45.054363252000144 ], [ 16.889219284000035, 45.056095123000148 ], [ 16.89214515599997, 45.056804657000043 ], [ 16.897212982999974, 45.057334901000047 ], [ 16.914909363000106, 45.058429718000127 ], [ 16.907915115000151, 45.051448823000101 ], [ 16.902345657000126, 45.047462464000091 ], [ 16.900707245000092, 45.045829772000161 ], [ 16.899188996000134, 45.042758940999988 ], [ 16.898569107000128, 45.039691925000056 ], [ 16.898975373000155, 45.037212371000066 ], [ 16.900333405000083, 45.035720826000045 ], [ 16.902706146000185, 45.034599304000153 ], [ 16.904224397000121, 45.034233094000058 ], [ 16.913917541000103, 45.032909394000114 ], [ 16.916139603000147, 45.032154084000183 ], [ 16.917373658000031, 45.031452179000098 ], [ 16.922426224999981, 45.027416229000096 ], [ 16.925111771000161, 45.021984100000168 ], [ 16.925924301000066, 45.020904541999982 ], [ 16.927621841000189, 45.019584655000131 ], [ 16.928695679000043, 45.019073486000025 ], [ 16.932153701000175, 45.018379211000024 ], [ 16.935155869000027, 45.018562317000089 ], [ 16.94048500100007, 45.019947052000191 ], [ 16.945386886000051, 45.022354127000142 ], [ 16.946847917000071, 45.02277374200014 ], [ 16.950101852000046, 45.023109435000094 ], [ 16.953393936000168, 45.022739410000099 ], [ 16.956165313000042, 45.021553040000185 ], [ 16.960098267000035, 45.018459320000034 ], [ 16.96171760600015, 45.016521454000099 ], [ 16.963121414000113, 45.013210296000011 ], [ 16.964366913000049, 45.011100770000098 ], [ 16.968339919000186, 45.00786590600012 ], [ 16.970708847000083, 45.006378174000133 ], [ 16.973926543, 45.005489349000072 ], [ 16.977537155000164, 45.005214691000049 ], [ 16.986942291000105, 45.005855561000146 ], [ 16.990695954000103, 45.005622863000099 ], [ 16.996059418000129, 45.004371644000059 ], [ 16.999092102000077, 45.003173828000058 ], [ 17.004552841000077, 44.99916839600013 ], [ 17.005596160000152, 44.998233795000147 ], [ 17.007158280000112, 44.99597930900012 ], [ 17.008567809000112, 44.992935181000121 ], [ 17.009265899000127, 44.990558625000119 ], [ 17.010126114000172, 44.980247497000164 ], [ 17.012388230000113, 44.972259522000172 ], [ 17.013593674, 44.970264436000093 ], [ 17.014518738000163, 44.969539641999972 ], [ 17.015785217000087, 44.969066620000092 ], [ 17.017713547000085, 44.968818666 ], [ 17.017520904000037, 44.96371078400017 ], [ 17.016746522000119, 44.960239411000089 ], [ 17.016056059999983, 44.958957672000167 ], [ 17.01296234199998, 44.955223084000068 ], [ 17.01041793800016, 44.947261811000146 ], [ 17.009860992000085, 44.946205139000085 ], [ 17.008363724, 44.944561004000036 ], [ 17.002925872000048, 44.94038772600004 ], [ 16.995780945000092, 44.936355590000062 ], [ 16.989383697000164, 44.934535980000135 ], [ 16.987033845000042, 44.933475495000039 ], [ 16.985403061000113, 44.931865692000144 ], [ 16.982433319000108, 44.927413941000168 ], [ 16.976285934000089, 44.92258453400018 ], [ 16.969171523000057, 44.918453216000103 ], [ 16.966621397999972, 44.917640686000027 ], [ 16.961160660000075, 44.916435241000045 ], [ 16.958953856999983, 44.915493012000127 ], [ 16.956375123000157, 44.913894653000114 ], [ 16.952650071000164, 44.911979675000111 ], [ 16.947290420000172, 44.907951356000183 ], [ 16.945949555000141, 44.90635299700017 ], [ 16.945339203000117, 44.904331207000041 ], [ 16.945737840000106, 44.901279449000128 ], [ 16.946212769000056, 44.900371551000148 ], [ 16.948631288000058, 44.897735595000029 ], [ 16.949230194000052, 44.896774292000146 ], [ 16.95000267000006, 44.894508362000067 ], [ 16.950382231999981, 44.891979218000074 ], [ 16.950420379000036, 44.882431030000134 ], [ 16.950029373, 44.87840652400007 ], [ 16.949483870999984, 44.875885011000037 ], [ 16.948471070000153, 44.873615265000183 ], [ 16.946908950000022, 44.871955872000115 ], [ 16.94142532300009, 44.867912293000131 ], [ 16.937835694000171, 44.865982055000131 ], [ 16.931465149000019, 44.861255646000131 ], [ 16.93070602500012, 44.860321045000148 ], [ 16.929700851000064, 44.858165741000164 ], [ 16.928941727000165, 44.853332519000105 ], [ 16.929109573000176, 44.849662780000131 ], [ 16.930166245, 44.846321106000062 ], [ 16.931573868000044, 44.844665528000064 ], [ 16.938911437000115, 44.838611602000071 ], [ 16.940208435000102, 44.836986541000158 ], [ 16.940622330000167, 44.835979461000136 ], [ 16.941011428000024, 44.832679749000135 ], [ 16.940422058000138, 44.829330445000153 ], [ 16.939062119000141, 44.826713562000066 ], [ 16.93720436000018, 44.824825286000134 ], [ 16.936151505000169, 44.823272706000125 ], [ 16.935634614000151, 44.820301056000119 ], [ 16.936090470000181, 44.818340302000024 ], [ 16.936586381000097, 44.817459106000172 ], [ 16.939722061, 44.814266204000091 ], [ 16.941873551000072, 44.810539246000133 ], [ 16.942140579000124, 44.808883666999975 ], [ 16.941955567000093, 44.808010101000036 ], [ 16.941482543, 44.807144165000125 ], [ 16.940654754000036, 44.806346893000068 ], [ 16.93954277, 44.805759430000023 ], [ 16.938339233000022, 44.805423737000069 ], [ 16.937112808000052, 44.805290223000043 ], [ 16.934751510000069, 44.805450440000072 ], [ 16.926832199000046, 44.80716323900009 ], [ 16.924043656000151, 44.807971954000152 ], [ 16.918996811000113, 44.81049728500011 ], [ 16.917566300000146, 44.811008454000046 ], [ 16.914283753000063, 44.811710359000131 ], [ 16.910690307000095, 44.812091827000074 ], [ 16.905168533999984, 44.812202454000044 ], [ 16.899995804000127, 44.811771392000082 ], [ 16.897054673000014, 44.811050416000114 ], [ 16.893144608000057, 44.809333802000026 ], [ 16.891765595000095, 44.808948517000033 ], [ 16.888662338000131, 44.808502198000156 ], [ 16.885347367, 44.808410644000048 ], [ 16.882047653000029, 44.808635712000182 ], [ 16.878992080000046, 44.809204102000137 ], [ 16.872514724000041, 44.811969756000167 ], [ 16.867561341000112, 44.812850952000076 ], [ 16.858201980000104, 44.813343048000092 ], [ 16.846870422000109, 44.813095094 ], [ 16.839534760000106, 44.813632964000135 ], [ 16.83422851500012, 44.813732147000053 ], [ 16.830799104000107, 44.813564301000042 ], [ 16.827629090000016, 44.813110352000024 ], [ 16.826219559000037, 44.812728882000101 ], [ 16.820949555000084, 44.810649872000056 ], [ 16.809282302999975, 44.808689118000132 ], [ 16.795646875000159, 44.805198722 ], [ 16.791795730999979, 44.811962128000062 ], [ 16.790540695000061, 44.813606263000111 ], [ 16.78465270900017, 44.818740846000139 ], [ 16.78106756699998, 44.821040354000161 ], [ 16.778765000000192, 44.822517001000051 ], [ 16.776478000000111, 44.823524000000134 ], [ 16.774729214000047, 44.823885634000021 ], [ 16.773504257000184, 44.824138641000104 ], [ 16.761854171000095, 44.824985504000097 ], [ 16.757268906000036, 44.825767518000134 ], [ 16.756042997000122, 44.826293051 ], [ 16.754955292000147, 44.826759339000034 ], [ 16.748968124000157, 44.830532074000189 ], [ 16.744411468000067, 44.834774017000086 ], [ 16.743371163000063, 44.836178808000057 ], [ 16.742843627000127, 44.836891174000186 ], [ 16.742232406000085, 44.839668253000184 ], [ 16.741966248000097, 44.840877533000082 ], [ 16.741979108000123, 44.842530789000079 ], [ 16.742000580000081, 44.845291138000107 ], [ 16.742541075000133, 44.851524453000081 ], [ 16.743053001000021, 44.857433001000118 ], [ 16.743001764000155, 44.859927072000175 ], [ 16.742965698000035, 44.861667633000195 ], [ 16.74220466700001, 44.864246368000124 ], [ 16.741399930000114, 44.865421054000137 ], [ 16.740418178000084, 44.866183189000083 ], [ 16.739669801000048, 44.866764069000169 ], [ 16.739553620000152, 44.866815065000139 ], [ 16.738592001000086, 44.867237001000035 ], [ 16.737635682000075, 44.867401794999978 ], [ 16.735202789000141, 44.867820741 ], [ 16.722021104000078, 44.868625641000165 ], [ 16.718898773000092, 44.868625641000165 ], [ 16.717100143000152, 44.868396760000167 ], [ 16.715389251000147, 44.867969513000048 ], [ 16.71367326100011, 44.867207539000105 ], [ 16.71327590900006, 44.86703109900003 ], [ 16.708240508000074, 44.863166810000166 ], [ 16.706100463000041, 44.862125397000057 ], [ 16.704974413000116, 44.861777032000077 ], [ 16.704349518000015, 44.86158371099998 ], [ 16.70243024500013, 44.861334028000044 ], [ 16.698543549000078, 44.860828401000049 ], [ 16.692493438000156, 44.861000061000027 ], [ 16.687318802999982, 44.862022399000068 ], [ 16.681991782000068, 44.864250099000174 ], [ 16.679826737000042, 44.866165160999969 ], [ 16.676860810000051, 44.871440888000166 ], [ 16.674316135000083, 44.87354526900009 ], [ 16.671911001000069, 44.875534 ], [ 16.670265130000189, 44.876372897000124 ], [ 16.669126548000122, 44.876953106000087 ], [ 16.668757265000067, 44.877040221000073 ], [ 16.665616989000114, 44.877780915000073 ], [ 16.66482573400009, 44.87787644499997 ], [ 16.661762, 44.878246001000036 ], [ 16.653795000000116, 44.878681 ], [ 16.651580868000053, 44.878684948000171 ], [ 16.647066117000122, 44.878692628000124 ], [ 16.644701330000146, 44.878208744000062 ], [ 16.643599001000155, 44.877983 ], [ 16.642803145000016, 44.877540581000062 ], [ 16.641685487000132, 44.876918792000083 ], [ 16.633581162000041, 44.868377687000077 ], [ 16.631256103000112, 44.866546631000119 ], [ 16.628149033000113, 44.865333557000099 ], [ 16.624041540000121, 44.86444835900005 ], [ 16.621016000000111, 44.863796001000082 ], [ 16.618005872000083, 44.862941487000057 ], [ 16.617200958000069, 44.86271289300015 ] ] ] ] } },
{ "type": "Feature", "properties": { "fid": 96, "GID_3": "BIH.3.1.17_1", "GID_0": "BIH", "COUNTRY": "Bosnia and Herzegovina", "GID_1": "BIH.3_1", "NAME_1": "Repuplika Srpska", "NL_NAME_1": "NA", "GID_2": "BIH.3.1_1", "NAME_2": "Banja Luka", "NL_NAME_2": "NA", "NAME_3": "Prnjavor", "VARNAME_3": "NA", "NL_NAME_3": "NA", "TYPE_3": "Opčine", "ENGTYPE_3": "Commune", "CC_3": "NA", "HASC_3": "NA" }, "geometry": { "type": "MultiPolygon", "coordinates": [ [ [ [ 17.602827073000128, 44.715606690000072 ], [ 17.603408813000101, 44.72323227000004 ], [ 17.60396385100006, 44.726173401000096 ], [ 17.604938507000043, 44.728954316000056 ], [ 17.608013153000059, 44.733882905000087 ], [ 17.611743926000088, 44.737503052000079 ], [ 17.612497329000178, 44.738582612000016 ], [ 17.613471984000114, 44.741024017000143 ], [ 17.613725661000046, 44.744956971000136 ], [ 17.612884522000172, 44.747528076000151 ], [ 17.612005233000161, 44.748725890000117 ], [ 17.609445573000073, 44.750564576000045 ], [ 17.603952408000055, 44.753070831 ], [ 17.600866318000158, 44.754077911000195 ], [ 17.596885682000163, 44.754798890000075 ], [ 17.592739105000135, 44.755146026000034 ], [ 17.575811387000044, 44.755508423000094 ], [ 17.567993163000097, 44.756156921000127 ], [ 17.564657212000043, 44.756992340000011 ], [ 17.560787201000039, 44.758789062000176 ], [ 17.555152894000059, 44.760749816000043 ], [ 17.552478791000055, 44.762260437000066 ], [ 17.551475524000068, 44.763317109000127 ], [ 17.550239564000094, 44.765716554000164 ], [ 17.548870087000068, 44.771484374000067 ], [ 17.548709870000039, 44.773853303000067 ], [ 17.549190522000174, 44.776618957000096 ], [ 17.552820205000046, 44.786201476000087 ], [ 17.552972794000141, 44.788974761000134 ], [ 17.552682876000119, 44.790363311000078 ], [ 17.551647187000128, 44.792598724000015 ], [ 17.547836304000043, 44.798393250000061 ], [ 17.545537948000117, 44.803722382000103 ], [ 17.543954849000158, 44.80559158300008 ], [ 17.542959213000188, 44.806251526000096 ], [ 17.540739058999975, 44.807197570000028 ], [ 17.53847313000017, 44.807804108000141 ], [ 17.536060334000013, 44.808090210000159 ], [ 17.533649444000048, 44.807903291000059 ], [ 17.530208588000107, 44.807121277000192 ], [ 17.528055192000068, 44.806274414000029 ], [ 17.518869401000075, 44.800350189000028 ], [ 17.515743255000018, 44.799068452000142 ], [ 17.510986329000104, 44.798194886000147 ], [ 17.501396180000029, 44.798397065000074 ], [ 17.498123169, 44.798160554000162 ], [ 17.494939805000058, 44.797473907000096 ], [ 17.492166520000183, 44.796215058000087 ], [ 17.489957809000146, 44.794551850000175 ], [ 17.488422394, 44.792625427000189 ], [ 17.48638534600002, 44.788742065000065 ], [ 17.484699250000176, 44.787044526000045 ], [ 17.481933593, 44.785884857000099 ], [ 17.478765487000089, 44.785411834000115 ], [ 17.473911285000099, 44.785667419000049 ], [ 17.470954895999967, 44.786537170000145 ], [ 17.469703675000119, 44.787250518000178 ], [ 17.468149185000073, 44.788967133000028 ], [ 17.465841294000029, 44.793415069000162 ], [ 17.460794450000037, 44.79784011900017 ], [ 17.458879470000056, 44.799011231000122 ], [ 17.456560134000028, 44.799915314000032 ], [ 17.451559067, 44.801361084000121 ], [ 17.44804954500006, 44.801933288000043 ], [ 17.442554473000143, 44.80240631099997 ], [ 17.442962647000172, 44.809238433000019 ], [ 17.443927765000069, 44.814323426000044 ], [ 17.445407866999972, 44.817150116000164 ], [ 17.448118211000065, 44.819862366000052 ], [ 17.44932174700017, 44.821750642000154 ], [ 17.451349258000164, 44.827968597999984 ], [ 17.451406480000117, 44.830642700999988 ], [ 17.449878693000073, 44.834003449000079 ], [ 17.448383331000173, 44.835506439000085 ], [ 17.447242737000124, 44.836170198000048 ], [ 17.440876006999986, 44.838115692000088 ], [ 17.436033249000047, 44.840385438000112 ], [ 17.429901122000103, 44.842361450000169 ], [ 17.427659987000027, 44.843635560000109 ], [ 17.426832199000103, 44.844532012000172 ], [ 17.426258087000065, 44.845520021000141 ], [ 17.42566680900012, 44.847652436000089 ], [ 17.425577164000117, 44.84986496 ], [ 17.425943374000042, 44.853561402000139 ], [ 17.425056458000029, 44.862716674000012 ], [ 17.426298141000132, 44.866153718000191 ], [ 17.427955628000063, 44.868602753000062 ], [ 17.431064607, 44.871166230000142 ], [ 17.434808732000079, 44.875179291000109 ], [ 17.440332412999965, 44.880210876000149 ], [ 17.4421596520001, 44.881439209000064 ], [ 17.443363190000184, 44.881942750000064 ], [ 17.448446274000105, 44.883178711000141 ], [ 17.450796127000103, 44.884017945000096 ], [ 17.45230293200018, 44.885192872000061 ], [ 17.452785492000146, 44.885936737000065 ], [ 17.452932359000158, 44.888221742000042 ], [ 17.452001573000018, 44.890537263000056 ], [ 17.448072434000096, 44.894416810000109 ], [ 17.445690155000079, 44.898696900000061 ], [ 17.44501686100017, 44.901691438 ], [ 17.445178986000144, 44.903785706000122 ], [ 17.447267533, 44.910007478000125 ], [ 17.448989869000059, 44.913173676000099 ], [ 17.450700760000132, 44.914783479000107 ], [ 17.457353591000185, 44.919162751000101 ], [ 17.465646745000186, 44.919414521000135 ], [ 17.469142913999974, 44.919719694999969 ], [ 17.472398759000157, 44.92058563300003 ], [ 17.474458695000067, 44.921863556000176 ], [ 17.475221634000036, 44.922683717000098 ], [ 17.476078034000011, 44.924617767000086 ], [ 17.476158142000088, 44.925601959000176 ], [ 17.475763321000045, 44.927440644000114 ], [ 17.473417282000128, 44.931407928000112 ], [ 17.470046996000178, 44.934429169000055 ], [ 17.469135283000128, 44.936237335000101 ], [ 17.469043732000102, 44.938247681000178 ], [ 17.469352721, 44.939262391000113 ], [ 17.469957352000051, 44.94025039700017 ], [ 17.470914841000138, 44.941143037000131 ], [ 17.472299576000069, 44.941864013000099 ], [ 17.475471497000058, 44.942531587000076 ], [ 17.478946686000086, 44.942661285000156 ], [ 17.491952895000168, 44.942497253000056 ], [ 17.495435715000042, 44.942928315000017 ], [ 17.497030258000109, 44.943355560000157 ], [ 17.49846267700002, 44.943981170000029 ], [ 17.500221252000131, 44.94533538800016 ], [ 17.504997254000045, 44.951747894000164 ], [ 17.506578445000059, 44.95325088400017 ], [ 17.508672714000056, 44.954399110000111 ], [ 17.511690140000155, 44.955146790000185 ], [ 17.513250351000181, 44.955276489000141 ], [ 17.516315459000111, 44.955093383000076 ], [ 17.519102097000143, 44.954284668000071 ], [ 17.520914077000157, 44.953132629000038 ], [ 17.524543762000178, 44.950145721000183 ], [ 17.52586555400012, 44.948513032000164 ], [ 17.527830124000104, 44.943611145000034 ], [ 17.530672074000051, 44.939880372000175 ], [ 17.533443452000029, 44.93428039500003 ], [ 17.534303665000095, 44.933414459000119 ], [ 17.536323547000052, 44.932250977000137 ], [ 17.53969574000007, 44.931243898000048 ], [ 17.542110443000126, 44.9309844980001 ], [ 17.543348313000081, 44.931056977000139 ], [ 17.546743393000099, 44.931808472000057 ], [ 17.548875810000084, 44.932666779000101 ], [ 17.550624847000108, 44.934017183000094 ], [ 17.553422928000089, 44.938098907000153 ], [ 17.554323197000031, 44.938781739000149 ], [ 17.556411743000183, 44.939571381000121 ], [ 17.559309006000035, 44.939857484000072 ], [ 17.562126160000048, 44.939529419 ], [ 17.56336784400014, 44.939147950000176 ], [ 17.566673279000156, 44.937397004000047 ], [ 17.567840575999981, 44.936996460000159 ], [ 17.570537567000144, 44.936519623000038 ], [ 17.573419570000112, 44.936473848000048 ], [ 17.576175688999967, 44.93691635100015 ], [ 17.580020904000094, 44.938495635000095 ], [ 17.587730408000084, 44.940601349000076 ], [ 17.589828491000048, 44.941967010000155 ], [ 17.591077805, 44.943584443000134 ], [ 17.592109681000125, 44.946079255000143 ], [ 17.592130661999988, 44.947841645000153 ], [ 17.591230392000114, 44.950321197000108 ], [ 17.59028625500008, 44.951931000000172 ], [ 17.586868285000037, 44.955036163000159 ], [ 17.585872651000102, 44.95651626700004 ], [ 17.58509636000008, 44.958866120000039 ], [ 17.585187912000038, 44.960441589000141 ], [ 17.585554123000065, 44.961204528999986 ], [ 17.586788177000187, 44.962482452000131 ], [ 17.590137481, 44.964408874000185 ], [ 17.5964565270001, 44.969009400000175 ], [ 17.597831726000095, 44.970722198000146 ], [ 17.600042343000098, 44.974475861000144 ], [ 17.601537705000055, 44.975967408000145 ], [ 17.60697555500019, 44.98016739000002 ], [ 17.613153457000124, 44.983791352000026 ], [ 17.615320206000092, 44.984764098000028 ], [ 17.620666504000098, 44.986083985000107 ], [ 17.62313270500016, 44.986919404000048 ], [ 17.626565933000165, 44.989032746000078 ], [ 17.632904052000129, 44.99246215900007 ], [ 17.635351182000079, 44.993408203 ], [ 17.640348434000032, 44.994091035000054 ], [ 17.649391175000119, 44.994457245000149 ], [ 17.65282249500018, 44.994792938000103 ], [ 17.655834197000161, 44.995487213000104 ], [ 17.659799575000136, 44.997241973000143 ], [ 17.662544251000043, 44.997966767000094 ], [ 17.671497345999967, 44.998943330000145 ], [ 17.675247192000086, 44.998813629000153 ], [ 17.678781510000135, 44.997997283000132 ], [ 17.681047441000146, 44.997184753000056 ], [ 17.682905198000128, 44.996059418000073 ], [ 17.687358856000174, 44.992485047 ], [ 17.690406799000016, 44.989402771000073 ], [ 17.69211006200004, 44.988426210000171 ], [ 17.693195343000184, 44.98811340300017 ], [ 17.695482255000059, 44.987998962000177 ], [ 17.698801040000092, 44.988674164000088 ], [ 17.700914382000178, 44.989765168000133 ], [ 17.702482223000118, 44.99174499500009 ], [ 17.703210832000138, 44.994022370000096 ], [ 17.70416641200012, 44.998989105000135 ], [ 17.70500755300003, 45.001491547000057 ], [ 17.708303451000063, 45.007019043000128 ], [ 17.710714341000028, 45.012504578000062 ], [ 17.712070465000181, 45.01438903900015 ], [ 17.717739105000021, 45.018608094000058 ], [ 17.719715118000011, 45.019729614000141 ], [ 17.730636597000114, 45.023876191000113 ], [ 17.737581253000087, 45.025650024000072 ], [ 17.751766205000138, 45.020931243000177 ], [ 17.755577088000052, 45.018543244000057 ], [ 17.758180618000154, 45.015583038000045 ], [ 17.760437011000079, 45.010692596000069 ], [ 17.761276245000033, 45.006916046000072 ], [ 17.761365890000093, 45.002628328000014 ], [ 17.760749818000079, 44.991115571000023 ], [ 17.760866166000142, 44.988388061000137 ], [ 17.761354446000041, 44.985836029000041 ], [ 17.76182174600018, 44.984668731000056 ], [ 17.763170242000172, 44.982887268000184 ], [ 17.767984390000038, 44.97843551699998 ], [ 17.770267487000069, 44.976680757000111 ], [ 17.771663667000098, 44.975185394000107 ], [ 17.77416419900004, 44.970474244000059 ], [ 17.777280808000114, 44.966804504000152 ], [ 17.778320312000119, 44.964572907000161 ], [ 17.778789521000135, 44.962070465000068 ], [ 17.778806687000156, 44.95813369800004 ], [ 17.77842140100006, 44.955535889000146 ], [ 17.777631759000087, 44.953098297000054 ], [ 17.776233674000139, 44.95100402900016 ], [ 17.767723083000192, 44.944503784000119 ], [ 17.766256333000172, 44.942874908000135 ], [ 17.765104294000139, 44.939529419 ], [ 17.765108108000106, 44.935974122000118 ], [ 17.766250611000032, 44.932750701000089 ], [ 17.769193649000044, 44.928871154000035 ], [ 17.770137788000056, 44.925106048000089 ], [ 17.770307540999966, 44.919437409000068 ], [ 17.769487380000101, 44.903240203000166 ], [ 17.770038606000014, 44.897834777000071 ], [ 17.771057129000042, 44.895530702000087 ], [ 17.774055481000119, 44.891857147000167 ], [ 17.776470185000051, 44.887145996000186 ], [ 17.777854920000152, 44.885646821000023 ], [ 17.785030366, 44.879444123000042 ], [ 17.786926270000038, 44.876815797000177 ], [ 17.789495468000155, 44.868225097000106 ], [ 17.789939881000066, 44.865596772000117 ], [ 17.790094376000184, 44.861518860000047 ], [ 17.789810180000075, 44.854587556000126 ], [ 17.781948088999968, 44.851291656000114 ], [ 17.776302337000061, 44.847370147999982 ], [ 17.774408341000026, 44.84553527900016 ], [ 17.770885468000131, 44.840332030000127 ], [ 17.764816284000119, 44.835472107000101 ], [ 17.76140975900006, 44.833324432000097 ], [ 17.755271911000079, 44.828437805000192 ], [ 17.750593185000071, 44.82204437300004 ], [ 17.747940063000101, 44.82025146400008 ], [ 17.741960525000025, 44.818275452000194 ], [ 17.739198685000133, 44.816932679000047 ], [ 17.738109589000089, 44.815952301000095 ], [ 17.736629485000037, 44.813606263000111 ], [ 17.734485627000083, 44.807010651000098 ], [ 17.732252120000112, 44.801624299000139 ], [ 17.732086182000103, 44.799697876000153 ], [ 17.733289719000084, 44.795734405000019 ], [ 17.736335754000152, 44.791912079000156 ], [ 17.737554551000187, 44.789680482000165 ], [ 17.742937088000133, 44.774501801000042 ], [ 17.743682861000082, 44.769962310000096 ], [ 17.744401932000187, 44.758197784000117 ], [ 17.737815856000054, 44.755008697000108 ], [ 17.733362197000076, 44.752510070000085 ], [ 17.728401185000109, 44.748653412000181 ], [ 17.724817277000056, 44.746479035000107 ], [ 17.721719742000175, 44.74408340500014 ], [ 17.717466355000056, 44.741413117000036 ], [ 17.712987900000144, 44.737762451000094 ], [ 17.711559296000075, 44.736122132000048 ], [ 17.710592270000177, 44.733982087000129 ], [ 17.709297180000135, 44.72937011800019 ], [ 17.708368301000064, 44.727188111000032 ], [ 17.707000731999983, 44.725463868000134 ], [ 17.70473289600011, 44.723495483000079 ], [ 17.70186233600009, 44.720458985000164 ], [ 17.699804307000079, 44.71875 ], [ 17.697433471000011, 44.717239380000137 ], [ 17.691799164000031, 44.714694978000125 ], [ 17.688947678000034, 44.713157654000099 ], [ 17.686534881000114, 44.712238313000171 ], [ 17.683555603000173, 44.711631775000058 ], [ 17.673006059000045, 44.710128784000119 ], [ 17.664447785000164, 44.709262848000094 ], [ 17.659803390000036, 44.708488465000016 ], [ 17.65357017600013, 44.706771852000031 ], [ 17.64866828900017, 44.704322815000182 ], [ 17.640817643000048, 44.702083587000175 ], [ 17.635971069000163, 44.699928284000066 ], [ 17.633268357000134, 44.699378968000133 ], [ 17.630371094000168, 44.699337006000178 ], [ 17.627565383999979, 44.699802400000181 ], [ 17.625339508000025, 44.700763703 ], [ 17.619775772000139, 44.704612732999976 ], [ 17.617015838000043, 44.707214355000133 ], [ 17.613758088000111, 44.709594727000081 ], [ 17.610754012000086, 44.712364196000181 ], [ 17.608926774000054, 44.713577271000077 ], [ 17.606672288000027, 44.714557649000028 ], [ 17.602827073000128, 44.715606690000072 ] ] ] ] } },
{ "type": "Feature", "properties": { "fid": 97, "GID_3": "BIH.3.1.18_1", "GID_0": "BIH", "COUNTRY": "Bosnia and Herzegovina", "GID_1": "BIH.3_1", "NAME_1": "Repuplika Srpska", "NL_NAME_1": "NA", "GID_2": "BIH.3.1_1", "NAME_2": "Banja Luka", "NL_NAME_2": "NA", "NAME_3": "Ribnik", "VARNAME_3": "Srpski Ključ", "NL_NAME_3": "NA", "TYPE_3": "Opčine", "ENGTYPE_3": "Commune", "CC_3": "NA", "HASC_3": "NA" }, "geometry": { "type": "MultiPolygon", "coordinates": [ [ [ [ 16.662946701000124, 44.340679169000111 ], [ 16.660329818000093, 44.344448091000174 ], [ 16.654142381000156, 44.348941804000106 ], [ 16.657926560000021, 44.353607178000118 ], [ 16.659486771000047, 44.356002808000085 ], [ 16.660692215000097, 44.358860016000051 ], [ 16.662757874000079, 44.366203308000138 ], [ 16.663890837999986, 44.368171693000193 ], [ 16.666347503000168, 44.370761872 ], [ 16.667356490000031, 44.373420716000112 ], [ 16.667325974, 44.375560761000145 ], [ 16.667053223000096, 44.376583099000186 ], [ 16.666597367000065, 44.377532959000064 ], [ 16.664318085000104, 44.380191803000173 ], [ 16.663753509000117, 44.381164550999983 ], [ 16.663045883000166, 44.383438111000032 ], [ 16.662723541000162, 44.385971069000163 ], [ 16.662773132999973, 44.394199372000173 ], [ 16.664031982000154, 44.415264129000036 ], [ 16.663940430000025, 44.419250488999978 ], [ 16.663516997999977, 44.421718597000108 ], [ 16.66253471400006, 44.423896789000025 ], [ 16.660066604000122, 44.426662446000137 ], [ 16.657592772999976, 44.431221009000126 ], [ 16.656028747000107, 44.432914734000178 ], [ 16.653713226000093, 44.434089661000144 ], [ 16.647403717000032, 44.436088563000169 ], [ 16.644704818999969, 44.437568665000072 ], [ 16.642534256999966, 44.438491821000071 ], [ 16.63714408900006, 44.439842224000131 ], [ 16.634622574000048, 44.440738678000059 ], [ 16.628753661000189, 44.44443130600007 ], [ 16.626655578000054, 44.446403504000159 ], [ 16.626251221000075, 44.447200776000045 ], [ 16.626014710000163, 44.4488563540001 ], [ 16.627048493000132, 44.459941865000076 ], [ 16.627620698000158, 44.469848632000094 ], [ 16.628826142000094, 44.473419190000072 ], [ 16.630016328000124, 44.4752120980001 ], [ 16.636148453000089, 44.480129241999975 ], [ 16.639722825000092, 44.482135773000039 ], [ 16.642879486000027, 44.484451294000053 ], [ 16.646486282000069, 44.486419679000107 ], [ 16.652009963000125, 44.490535736000027 ], [ 16.653547288000027, 44.492172241000162 ], [ 16.65485572900019, 44.495479583000076 ], [ 16.655227662000129, 44.497894287000065 ], [ 16.655298233000053, 44.501575471000137 ], [ 16.654991150000114, 44.503955841000106 ], [ 16.654247283000132, 44.506160736000027 ], [ 16.653640747000054, 44.50715255800003 ], [ 16.650812150000036, 44.509914399000195 ], [ 16.646181107000132, 44.515522003000171 ], [ 16.639238357000124, 44.521495819999984 ], [ 16.651399612000148, 44.522010804000161 ], [ 16.661413193999977, 44.522121429000151 ], [ 16.681274415000132, 44.521774293000021 ], [ 16.693019867000089, 44.521198273000152 ], [ 16.698623658000031, 44.520454406000169 ], [ 16.708003997000162, 44.517692566000107 ], [ 16.711307525000109, 44.517116547000114 ], [ 16.716423034000172, 44.516834259000063 ], [ 16.725271224000039, 44.517417909000187 ], [ 16.728199006000182, 44.517360688000167 ], [ 16.745948790999989, 44.515144346999989 ], [ 16.75032234300005, 44.513923645000091 ], [ 16.753900528000088, 44.511924744000169 ], [ 16.756034850999981, 44.511138917000096 ], [ 16.76061248700006, 44.510143280000193 ], [ 16.762996674000021, 44.510082245000035 ], [ 16.766502381000123, 44.510578156000122 ], [ 16.768836975, 44.511135102000026 ], [ 16.775024415000189, 44.513721466000163 ], [ 16.78760719200011, 44.515666962000182 ], [ 16.79001998800004, 44.51656341600011 ], [ 16.79396247800014, 44.518543244000114 ], [ 16.804943085000161, 44.522315978000165 ], [ 16.808420180000155, 44.522922516999984 ], [ 16.817115783000133, 44.523719789000097 ], [ 16.820249557000068, 44.524219513000048 ], [ 16.825696945000118, 44.526229859000125 ], [ 16.828628540000125, 44.526901246000136 ], [ 16.840854644999979, 44.52794265700004 ], [ 16.858598708999978, 44.53072738700007 ], [ 16.870826722, 44.531600953000066 ], [ 16.873817444, 44.532390595000038 ], [ 16.875804900000162, 44.533439637000129 ], [ 16.880008697000051, 44.536159515000122 ], [ 16.881576538000047, 44.537895203 ], [ 16.882116318000101, 44.538993835000156 ], [ 16.882688523000127, 44.541332244000102 ], [ 16.882732392000094, 44.543746948000035 ], [ 16.882251740000129, 44.546092987000122 ], [ 16.881771087000061, 44.547187806000181 ], [ 16.880376817000183, 44.548912049000137 ], [ 16.875242234000154, 44.55323028700019 ], [ 16.871917725000117, 44.555587770000102 ], [ 16.869869232000042, 44.557926179000049 ], [ 16.866958618000069, 44.561820984000178 ], [ 16.86564064099997, 44.564052582000045 ], [ 16.864786149000167, 44.566764831000057 ], [ 16.864435195000112, 44.569587708000086 ], [ 16.864578247, 44.578289031000168 ], [ 16.865554810000106, 44.58694839400016 ], [ 16.866769792000071, 44.591072083000029 ], [ 16.871963500000106, 44.602142334000177 ], [ 16.872678756000141, 44.605987549000133 ], [ 16.87240982100019, 44.609691620000092 ], [ 16.871393204000185, 44.611911774000077 ], [ 16.870496749000154, 44.612865449000026 ], [ 16.868219375000024, 44.614128113000049 ], [ 16.863319398000044, 44.615680696000027 ], [ 16.861333846999969, 44.616645813000048 ], [ 16.855400086000088, 44.620300292000138 ], [ 16.849660873000118, 44.625389098000028 ], [ 16.848545075, 44.627517700000112 ], [ 16.84795760999998, 44.631217956 ], [ 16.848041534000174, 44.636577607 ], [ 16.848667144000103, 44.644935609000186 ], [ 16.855527878000032, 44.643226624000135 ], [ 16.857548025000085, 44.642905042000166 ], [ 16.859098435000135, 44.642658235000056 ], [ 16.861581823000051, 44.64252191900016 ], [ 16.864518999000097, 44.642361001000154 ], [ 16.866721942000027, 44.642531716000178 ], [ 16.869628906, 44.642757417000098 ], [ 16.870727050000141, 44.64300388200013 ], [ 16.87115900100008, 44.643101 ], [ 16.873524, 44.644089 ], [ 16.874676220000026, 44.644777490000195 ], [ 16.882766724000078, 44.649612426000033 ], [ 16.884035111000173, 44.650009155000077 ], [ 16.886842727000101, 44.650356293000186 ], [ 16.889736176000156, 44.650169372000107 ], [ 16.892421722000108, 44.649429322000117 ], [ 16.897283554000069, 44.646465301000092 ], [ 16.90340804300007, 44.643993228000113 ], [ 16.903036118000159, 44.636772156000063 ], [ 16.903242111000054, 44.632736207000164 ], [ 16.903814315000147, 44.630165100000113 ], [ 16.905477523000059, 44.626472474000138 ], [ 16.907205582000131, 44.623931885000161 ], [ 16.912273407000157, 44.619411468000123 ], [ 16.918640137000068, 44.615032196000186 ], [ 16.920904158999974, 44.614143371000068 ], [ 16.922277450000024, 44.613899232000051 ], [ 16.925104141000077, 44.613857270000153 ], [ 16.927778243000148, 44.614433290000193 ], [ 16.929826736999985, 44.61567688000008 ], [ 16.932546616000081, 44.619678498000042 ], [ 16.934286118000102, 44.62097930900012 ], [ 16.937587738000104, 44.622047424000129 ], [ 16.941156387000035, 44.622383117000084 ], [ 16.944280624000157, 44.621795655000142 ], [ 16.95150947500008, 44.618988038000111 ], [ 16.958557128000109, 44.616893768000182 ], [ 16.960985184000151, 44.615497590000132 ], [ 16.962520599000072, 44.613372803000118 ], [ 16.963094711000167, 44.609851838 ], [ 16.962377549000109, 44.606365203999985 ], [ 16.961214065000149, 44.604316711000081 ], [ 16.957870483000079, 44.600727082000162 ], [ 16.954286575000026, 44.591899872000056 ], [ 16.950395583000102, 44.587108612000122 ], [ 16.949159622000082, 44.583343506000176 ], [ 16.948480606000032, 44.57767868000002 ], [ 16.947595597000088, 44.559833526000034 ], [ 16.947904586000163, 44.552814485000056 ], [ 16.948616027000128, 44.550331116 ], [ 16.949214935000157, 44.549232482000093 ], [ 16.951633453000056, 44.546382904000041 ], [ 16.954589844000168, 44.540508271000022 ], [ 16.957014083000104, 44.537582398000154 ], [ 16.955869675000088, 44.520164490000184 ], [ 16.957946777000188, 44.501541137000174 ], [ 16.962364196000181, 44.500034332000098 ], [ 16.969213485000125, 44.495674133000193 ], [ 16.972202300000106, 44.493202209000117 ], [ 16.975637436000113, 44.491035462000184 ], [ 16.981576919000076, 44.486125947000119 ], [ 16.982763290000094, 44.484001160000105 ], [ 16.983110428000089, 44.481723786000146 ], [ 16.982622146000153, 44.479476928000054 ], [ 16.981914520000032, 44.478401185000109 ], [ 16.980716706000067, 44.47744369500009 ], [ 16.979469300000062, 44.476921081000057 ], [ 16.976980209000089, 44.476623535000101 ], [ 16.970342635000122, 44.477470399000026 ], [ 16.965562821000049, 44.478500367000152 ], [ 16.964004515999989, 44.479034425000123 ], [ 16.961233138000011, 44.480445861000192 ], [ 16.957996369, 44.483089448000158 ], [ 16.952745438000136, 44.489128113 ], [ 16.951576233000139, 44.492321015000073 ], [ 16.951293945000032, 44.497070313000052 ], [ 16.939792634000071, 44.497196198000097 ], [ 16.934215545000029, 44.496799470000155 ], [ 16.930789947000108, 44.496131896000122 ], [ 16.924631118000093, 44.494377137000185 ], [ 16.917005538000126, 44.492721559000131 ], [ 16.914344788000051, 44.491630555000143 ], [ 16.912536621000072, 44.49025726300016 ], [ 16.903865815000131, 44.480987549000076 ], [ 16.897695541000132, 44.477222443000073 ], [ 16.895284653000147, 44.476394654000103 ], [ 16.892263411999977, 44.476062776000163 ], [ 16.889148713000111, 44.476116181000066 ], [ 16.884719848000032, 44.476524353000059 ], [ 16.882455827000058, 44.476432801000158 ], [ 16.880231858000172, 44.475715637000121 ], [ 16.878566742000032, 44.474433899000132 ], [ 16.877668380000159, 44.472694398000158 ], [ 16.87755966200001, 44.47100830100004 ], [ 16.878211975000113, 44.464893342000039 ], [ 16.879068375000088, 44.460834503000058 ], [ 16.880235673000016, 44.458419799000069 ], [ 16.883396148000145, 44.454509736000148 ], [ 16.885667799999965, 44.450092316000053 ], [ 16.887138366000158, 44.448436737000122 ], [ 16.892272949000187, 44.443984985000156 ], [ 16.895658493000155, 44.441810608000139 ], [ 16.898576737000042, 44.439350128000115 ], [ 16.901950836000026, 44.437213898000095 ], [ 16.906978606000052, 44.432842255000139 ], [ 16.908359528000062, 44.431091309000067 ], [ 16.909362793000014, 44.427536012000132 ], [ 16.909542084, 44.423591614000088 ], [ 16.909309388000167, 44.418132781000054 ], [ 16.908912659000066, 44.414077759000122 ], [ 16.908145905000083, 44.41025924700017 ], [ 16.906530380000049, 44.407005310000159 ], [ 16.90312767000006, 44.403427125000121 ], [ 16.900022507000131, 44.39700317400019 ], [ 16.896518708000031, 44.391563416000054 ], [ 16.895574569000132, 44.389053346000026 ], [ 16.894180299000084, 44.382564545000037 ], [ 16.893299103000174, 44.380046844000162 ], [ 16.891780854000046, 44.377788543000122 ], [ 16.888521194000191, 44.375118256000064 ], [ 16.879169463000096, 44.370414735000168 ], [ 16.874811173000069, 44.369407653000167 ], [ 16.867319107000128, 44.368892669000161 ], [ 16.86359977800015, 44.369140625000057 ], [ 16.86014175400004, 44.370018006000123 ], [ 16.857965469000192, 44.370807648999971 ], [ 16.853031158000022, 44.373859406000179 ], [ 16.850994110000045, 44.374519348000035 ], [ 16.848934174000135, 44.374900818000185 ], [ 16.846651077000161, 44.374835968000127 ], [ 16.845499038000128, 44.374504089000141 ], [ 16.843654633000028, 44.373344422000173 ], [ 16.842874527000163, 44.372375489000035 ], [ 16.842039108000051, 44.370201110000153 ], [ 16.841018677000079, 44.360466004000102 ], [ 16.839918136000051, 44.356876373000148 ], [ 16.836412429000177, 44.35139846900006 ], [ 16.833288193000101, 44.34495926000011 ], [ 16.829919815000096, 44.341369629000042 ], [ 16.828800202000139, 44.339332581000065 ], [ 16.827949522999972, 44.335746766000113 ], [ 16.826963424000041, 44.325431825000067 ], [ 16.82634544300015, 44.32306289700017 ], [ 16.825218200000052, 44.320987701999968 ], [ 16.822502135000093, 44.318313599000135 ], [ 16.819540024000048, 44.31388092100002 ], [ 16.817821503000062, 44.312294007 ], [ 16.815443039000115, 44.311264038000161 ], [ 16.811542511000141, 44.310287475000052 ], [ 16.809104920000152, 44.309455871000182 ], [ 16.803190232000134, 44.305641175000062 ], [ 16.80165863100018, 44.304176331000178 ], [ 16.798944474000052, 44.299530029000152 ], [ 16.797502518000101, 44.298053742000093 ], [ 16.795106889000067, 44.296344757000043 ], [ 16.792167664000146, 44.293811798000149 ], [ 16.788597106000111, 44.291610718000072 ], [ 16.783843994000108, 44.287792206000177 ], [ 16.776012421000075, 44.283485412000175 ], [ 16.768976212000098, 44.287025453000069 ], [ 16.760232925000082, 44.290458679000096 ], [ 16.756149291000042, 44.292858124000077 ], [ 16.739688874000137, 44.304794313000116 ], [ 16.737102508000191, 44.306365967000147 ], [ 16.731513977000077, 44.309200287000181 ], [ 16.728385925000111, 44.311706544000174 ], [ 16.724962234000031, 44.313873291000107 ], [ 16.722137452000084, 44.316413880000084 ], [ 16.718805313000189, 44.318611145000091 ], [ 16.716011047000109, 44.321182251000039 ], [ 16.71267509400019, 44.323398590000181 ], [ 16.70985221900014, 44.325958252000191 ], [ 16.706422806000148, 44.328109741000162 ], [ 16.703237534000039, 44.330451965000123 ], [ 16.700784684000155, 44.33142471300016 ], [ 16.695455552000112, 44.332874299000025 ], [ 16.694278717000145, 44.333328247000111 ], [ 16.690631866000103, 44.335323334000066 ], [ 16.688169480000113, 44.336101532000157 ], [ 16.675573350000093, 44.338008882000054 ], [ 16.662946701000124, 44.340679169000111 ] ] ] ] } },
{ "type": "Feature", "properties": { "fid": 98, "GID_3": "BIH.3.1.19_1", "GID_0": "BIH", "COUNTRY": "Bosnia and Herzegovina", "GID_1": "BIH.3_1", "NAME_1": "Repuplika Srpska", "NL_NAME_1": "NA", "GID_2": "BIH.3.1_1", "NAME_2": "Banja Luka", "NL_NAME_2": "NA", "NAME_3": "Šipovo", "VARNAME_3": "NA", "NL_NAME_3": "NA", "TYPE_3": "Opčine", "ENGTYPE_3": "Commune", "CC_3": "NA", "HASC_3": "NA" }, "geometry": { "type": "MultiPolygon", "coordinates": [ [ [ [ 17.057386399000109, 44.09568023700001 ], [ 17.047515869, 44.098922731000073 ], [ 17.038576125000191, 44.10288238600009 ], [ 17.03672027600004, 44.10408783000014 ], [ 17.032169342000088, 44.107803344999979 ], [ 17.030807496000023, 44.109382629000095 ], [ 17.028694152000128, 44.114261627000189 ], [ 17.025014877000046, 44.118751525000107 ], [ 17.023387908000188, 44.122699738000165 ], [ 17.022235870000088, 44.124542236000025 ], [ 17.016487122000115, 44.129634857000156 ], [ 17.009782791000077, 44.13407898100013 ], [ 17.007297517000154, 44.135025025000061 ], [ 17.001930238000057, 44.13645935 ], [ 16.995969773000127, 44.139446260000057 ], [ 16.989316940000037, 44.141345979000107 ], [ 16.987205505000077, 44.142372132000048 ], [ 16.98360824700012, 44.144603729000039 ], [ 16.974546432000068, 44.148410797000054 ], [ 16.971441269000081, 44.149364472 ], [ 16.963197708000052, 44.151092530000028 ], [ 16.960081100000082, 44.152153015000067 ], [ 16.949008941000159, 44.15803527800017 ], [ 16.946012497000027, 44.15908432000009 ], [ 16.939977645000056, 44.160530090000179 ], [ 16.937355042000036, 44.161468507000109 ], [ 16.933784485000103, 44.163719177000132 ], [ 16.928356170000086, 44.166500092000092 ], [ 16.925117493000073, 44.169002532000036 ], [ 16.921527863000108, 44.173015594999981 ], [ 16.918258667000146, 44.175430298000038 ], [ 16.91545295800006, 44.17803573600014 ], [ 16.912109374000181, 44.180233001000147 ], [ 16.909278869, 44.182750702000192 ], [ 16.905929565000179, 44.184925079000038 ], [ 16.903114320000043, 44.187496186000089 ], [ 16.899831771000152, 44.189903259000175 ], [ 16.883813858000053, 44.208522797000114 ], [ 16.902120591000141, 44.207160950000173 ], [ 16.905534744000136, 44.206722260000106 ], [ 16.908603667000079, 44.206001281000056 ], [ 16.910871506000092, 44.204933166000046 ], [ 16.916709900000171, 44.201198578000117 ], [ 16.919050217000063, 44.199455262000129 ], [ 16.921152115000098, 44.198337555000137 ], [ 16.929964066000082, 44.195861816000161 ], [ 16.935834885000077, 44.193653107000102 ], [ 16.939126968000096, 44.192733763999968 ], [ 16.942665101000159, 44.192188264000151 ], [ 16.947916032000023, 44.192005158000086 ], [ 16.951236725000115, 44.192428590000134 ], [ 16.952798843000039, 44.192905427000085 ], [ 16.954227447999983, 44.19363403400007 ], [ 16.955347060000122, 44.194595337000123 ], [ 16.956117630999984, 44.195667267000147 ], [ 16.956985474000135, 44.197994233000145 ], [ 16.957458496000186, 44.201789856 ], [ 16.957538605000138, 44.208560943000123 ], [ 16.957227708000119, 44.214042663000157 ], [ 16.956432343000074, 44.218029022000053 ], [ 16.955387115000121, 44.220447540000123 ], [ 16.952886582000076, 44.224941254000157 ], [ 16.95185852100019, 44.228931428000067 ], [ 16.951641084000073, 44.231670379000093 ], [ 16.951799394000034, 44.235740662000183 ], [ 16.95226287800017, 44.23832702600015 ], [ 16.95317077600015, 44.240684509000062 ], [ 16.95386505100015, 44.24171829200003 ], [ 16.957273483000051, 44.245189667000147 ], [ 16.959648132000154, 44.248775482999974 ], [ 16.961385728000039, 44.250370025000109 ], [ 16.963766097000075, 44.251422882000099 ], [ 16.970079423000016, 44.253265381000062 ], [ 16.977230073000158, 44.257312775000116 ], [ 16.980390549000163, 44.25965500000018 ], [ 16.983964921000165, 44.261680603000173 ], [ 16.987085342000171, 44.264034271000071 ], [ 16.990610122000135, 44.266067506000127 ], [ 16.996669769000107, 44.27100753700006 ], [ 16.997943878000115, 44.273185729000147 ], [ 16.998575211, 44.27568817100007 ], [ 16.999166488000185, 44.28383636600006 ], [ 16.99986267100013, 44.287750244000051 ], [ 17.001062392000051, 44.290084839000031 ], [ 17.002054214, 44.291095734000123 ], [ 17.0041332240001, 44.292289734000121 ], [ 17.007629395000095, 44.293491362999987 ], [ 17.015390396000157, 44.295219422000059 ], [ 17.020193101000075, 44.296596526000144 ], [ 17.022476196000071, 44.297550201000092 ], [ 17.024520874000132, 44.299209596000026 ], [ 17.025260926000101, 44.300323486000138 ], [ 17.026130677000026, 44.302753449000193 ], [ 17.02646636999998, 44.305332183000075 ], [ 17.026298522000161, 44.309234619000165 ], [ 17.025264739000136, 44.3128318790001 ], [ 17.024644852000108, 44.313861848000158 ], [ 17.022132874000079, 44.316669464000086 ], [ 17.021087646000126, 44.31882858300014 ], [ 17.020568849000085, 44.321304321000184 ], [ 17.020420074000128, 44.32391738900003 ], [ 17.021049499000071, 44.329109192000146 ], [ 17.021972657000049, 44.331447602000026 ], [ 17.022668839000119, 44.332469940000067 ], [ 17.026107788000161, 44.335979462000182 ], [ 17.029569626000068, 44.341556550000121 ], [ 17.033075332000067, 44.345001222 ], [ 17.035665511000047, 44.349800109000171 ], [ 17.039026261000117, 44.353332520000151 ], [ 17.042398452000157, 44.358753204000095 ], [ 17.044357301000161, 44.360183716000165 ], [ 17.047803880000117, 44.361305236000078 ], [ 17.051374435000071, 44.36171722500012 ], [ 17.054885864000084, 44.361175537000065 ], [ 17.057176589000164, 44.3605041510001 ], [ 17.059274673, 44.359565735000103 ], [ 17.067903519000083, 44.353096009000183 ], [ 17.070875167999986, 44.351463317000082 ], [ 17.07836914000012, 44.349040986000148 ], [ 17.094133376000059, 44.34564972000004 ], [ 17.092147828000122, 44.340412140000126 ], [ 17.091619491000188, 44.336231231000113 ], [ 17.091871262000154, 44.335372926000048 ], [ 17.093057633000171, 44.333801270000038 ], [ 17.095354081000096, 44.332424165000077 ], [ 17.109817506000127, 44.328559876000156 ], [ 17.113405227000101, 44.327877045000093 ], [ 17.119457245000092, 44.327625275 ], [ 17.129333496000015, 44.328655243000185 ], [ 17.133192061000159, 44.328708649000134 ], [ 17.136940002000017, 44.328243256000064 ], [ 17.138708115000043, 44.327720642000031 ], [ 17.141254424000124, 44.326339722000171 ], [ 17.142997741000045, 44.324501039000154 ], [ 17.143674850000025, 44.32256317100007 ], [ 17.143415450000077, 44.319618225000113 ], [ 17.141721726000071, 44.311344147000113 ], [ 17.141744614, 44.309581757000103 ], [ 17.14259910700008, 44.306709290000072 ], [ 17.143924714000093, 44.304531098000098 ], [ 17.144872666000026, 44.303627013000039 ], [ 17.149700165000013, 44.299526216000061 ], [ 17.152965545000029, 44.297302247000175 ], [ 17.158403397000029, 44.292091370000094 ], [ 17.159500122000054, 44.289894105000087 ], [ 17.160713196000074, 44.285060883000028 ], [ 17.161912917000109, 44.282772064000085 ], [ 17.162967682000101, 44.28176498400012 ], [ 17.165946961000145, 44.280433654000092 ], [ 17.171258927000167, 44.279701232000036 ], [ 17.182182312000066, 44.279384612000115 ], [ 17.185176850000062, 44.278476715000068 ], [ 17.18784523000005, 44.277046205000033 ], [ 17.190147400000058, 44.275302888000112 ], [ 17.19382476800007, 44.271274567000148 ], [ 17.196870803000138, 44.268516540000121 ], [ 17.202104567999982, 44.26174163800016 ], [ 17.208654405000061, 44.254600526000104 ], [ 17.214057923000041, 44.251190186000031 ], [ 17.220418930999983, 44.245361328000058 ], [ 17.221731185000067, 44.243766785000162 ], [ 17.223545075, 44.239936828999987 ], [ 17.224697114000037, 44.238155365000068 ], [ 17.230291366000188, 44.233058929000094 ], [ 17.237874984000086, 44.227798462000123 ], [ 17.253601074000073, 44.22023391800019 ], [ 17.259582519000162, 44.214935302000185 ], [ 17.264785767000092, 44.211376190000067 ], [ 17.273532867000142, 44.20078277600004 ], [ 17.275026321999974, 44.199424743000179 ], [ 17.277479172000085, 44.197669983000139 ], [ 17.283130645000085, 44.192520142000092 ], [ 17.284263610000096, 44.190433502000076 ], [ 17.284801483000081, 44.188053132000164 ], [ 17.285551071000157, 44.177684784000064 ], [ 17.284662247000142, 44.172473907000096 ], [ 17.283454895000091, 44.162246703000164 ], [ 17.282873153000082, 44.159721375000117 ], [ 17.281911850000029, 44.157302857000047 ], [ 17.278293610000162, 44.151893616000052 ], [ 17.275184632000105, 44.145454406000169 ], [ 17.271038056000066, 44.141002655000136 ], [ 17.268552779, 44.135650635000161 ], [ 17.267232895000063, 44.133453369000051 ], [ 17.260480881000092, 44.124382019 ], [ 17.254831314000057, 44.118041992000087 ], [ 17.251083373000029, 44.114738464000141 ], [ 17.249841690000039, 44.112697601000093 ], [ 17.249128341000073, 44.110347749000027 ], [ 17.248594284000035, 44.106517792000147 ], [ 17.247886658000141, 44.088832856000067 ], [ 17.248098373000118, 44.082073211000022 ], [ 17.24927711600003, 44.076786041000105 ], [ 17.238508224000043, 44.075168610000105 ], [ 17.223089219000144, 44.074573516999976 ], [ 17.220544815000096, 44.078163148000101 ], [ 17.217050553000036, 44.080944061000025 ], [ 17.214237214000036, 44.083564759000183 ], [ 17.208343505000073, 44.087394715000187 ], [ 17.205913544, 44.088462831000072 ], [ 17.200824738000165, 44.089332581000122 ], [ 17.187524795000058, 44.090007783000033 ], [ 17.182191850000152, 44.09061050400004 ], [ 17.179176331000122, 44.091403961000083 ], [ 17.175315857000101, 44.09320068300002 ], [ 17.173889161000034, 44.093658447000109 ], [ 17.170612335000158, 44.094280243000185 ], [ 17.165094376000184, 44.094764709000117 ], [ 17.151382446000071, 44.095493317000034 ], [ 17.145721436000088, 44.096401215000185 ], [ 17.138103486000034, 44.098907470000142 ], [ 17.129257202000133, 44.101268768000125 ], [ 17.127164841000081, 44.102386475000174 ], [ 17.124826432000134, 44.104152681000073 ], [ 17.1181221, 44.108482361000029 ], [ 17.116779327000188, 44.109008789000086 ], [ 17.113710403000084, 44.109668732000046 ], [ 17.108709336000118, 44.109924316000047 ], [ 17.103889466000112, 44.109390259 ], [ 17.102468491000025, 44.108993530000134 ], [ 17.097305297000048, 44.106781006000062 ], [ 17.088186265000161, 44.104858399000022 ], [ 17.080554962000122, 44.102344514000151 ], [ 17.057386399000109, 44.09568023700001 ] ] ] ] } },
{ "type": "Feature", "properties": { "fid": 99, "GID_3": "BIH.3.1.20_1", "GID_0": "BIH", "COUNTRY": "Bosnia and Herzegovina", "GID_1": "BIH.3_1", "NAME_1": "Repuplika Srpska", "NL_NAME_1": "NA", "GID_2": "BIH.3.1_1", "NAME_2": "Banja Luka", "NL_NAME_2": "NA", "NAME_3": "Skender Vakuf / Kneževo", "VARNAME_3": "NA", "NL_NAME_3": "NA", "TYPE_3": "Opčine", "ENGTYPE_3": "Commune", "CC_3": "NA", "HASC_3": "NA" }, "geometry": { "type": "MultiPolygon", "coordinates": [ [ [ [ 17.497257233000141, 44.371669769000107 ], [ 17.48627471900005, 44.373123170000156 ], [ 17.474660872000186, 44.374347687000125 ], [ 17.471832275, 44.374866485999974 ], [ 17.469373702000098, 44.375736237000126 ], [ 17.467607499000053, 44.376922608000143 ], [ 17.463087082000015, 44.38053894 ], [ 17.462451935000161, 44.381427766 ], [ 17.460844040000097, 44.385318756000117 ], [ 17.459751129000153, 44.387126923000039 ], [ 17.456815719000076, 44.389606477000029 ], [ 17.454118729000072, 44.392238618000135 ], [ 17.450786591000053, 44.394435883000142 ], [ 17.447946548000175, 44.396965027000135 ], [ 17.444499969, 44.399131776000104 ], [ 17.441341401000159, 44.401645661000146 ], [ 17.435693741000023, 44.404476166000165 ], [ 17.426563263000048, 44.410091400000056 ], [ 17.419605255000079, 44.413661957000159 ], [ 17.416456222000022, 44.4161796570001 ], [ 17.413034439000171, 44.418346406000069 ], [ 17.41021919200017, 44.420871735000048 ], [ 17.40690612700007, 44.42306137200012 ], [ 17.40414238000011, 44.425670624000134 ], [ 17.400875092000092, 44.428100586000141 ], [ 17.396366119000163, 44.433284759000173 ], [ 17.394208907, 44.435199738000051 ], [ 17.390613556000176, 44.437896730000091 ], [ 17.386741638000103, 44.44017410400005 ], [ 17.382331848000092, 44.442211152000027 ], [ 17.378719329000035, 44.44443130600007 ], [ 17.37610816900019, 44.445331573000033 ], [ 17.370206833000054, 44.446762085000103 ], [ 17.367389678000109, 44.447887421000132 ], [ 17.363910675000113, 44.450248719000115 ], [ 17.359981536000191, 44.454174043000137 ], [ 17.357936860000109, 44.455375671000127 ], [ 17.351612091, 44.458179475000122 ], [ 17.348623276000069, 44.459075927000185 ], [ 17.347211838000192, 44.459289550000051 ], [ 17.344373701999984, 44.459346772000117 ], [ 17.341514588000052, 44.458911897000121 ], [ 17.336025238000104, 44.457595825000112 ], [ 17.333583831000112, 44.457542420000038 ], [ 17.331384658000161, 44.457981111000038 ], [ 17.32707977400014, 44.46018600400015 ], [ 17.32370567300012, 44.461151122000047 ], [ 17.320251464000023, 44.461696625000172 ], [ 17.316707611000027, 44.461372375000167 ], [ 17.314306257999988, 44.460865021000075 ], [ 17.312084199000083, 44.460067749000189 ], [ 17.308801650000191, 44.457820893000076 ], [ 17.305219650000083, 44.45579910400005 ], [ 17.301931381000088, 44.453403474000083 ], [ 17.294145584000091, 44.450061797999979 ], [ 17.286588669000025, 44.446483612000065 ], [ 17.266124725000054, 44.443813325000178 ], [ 17.259422301000029, 44.443725586000141 ], [ 17.253023147000135, 44.444309235000162 ], [ 17.249204635000183, 44.445304872000065 ], [ 17.246301651000181, 44.446979523000152 ], [ 17.238393783000106, 44.455539704000103 ], [ 17.235891341000183, 44.457302094000056 ], [ 17.230981826000118, 44.459209443000077 ], [ 17.227172852000081, 44.460128784000176 ], [ 17.217069626000068, 44.461009980000085 ], [ 17.219734192000089, 44.469581605000087 ], [ 17.221197128000028, 44.47590255800003 ], [ 17.222612381000147, 44.479274749000069 ], [ 17.22410392900008, 44.480892182000048 ], [ 17.232534409000039, 44.487438202000078 ], [ 17.233884812000156, 44.489295961000039 ], [ 17.23509788400014, 44.492511749000187 ], [ 17.235961914000029, 44.496517182000048 ], [ 17.235671996000065, 44.499279021000063 ], [ 17.234643935000179, 44.502090455000143 ], [ 17.233613967, 44.503974914000025 ], [ 17.230861663000042, 44.507247925000172 ], [ 17.230705261000026, 44.508556366000164 ], [ 17.231002807000152, 44.510364533000143 ], [ 17.23216056900003, 44.512008668000192 ], [ 17.234197617000177, 44.513118745000099 ], [ 17.23899078400018, 44.514476776000095 ], [ 17.24105835, 44.515403747000164 ], [ 17.246013641000104, 44.51869964600013 ], [ 17.247663498000122, 44.52041244600008 ], [ 17.248289107000119, 44.521560670000042 ], [ 17.249334336000175, 44.525436402000082 ], [ 17.249740600000052, 44.529651642000147 ], [ 17.249900818000128, 44.536922455000195 ], [ 17.24942016500006, 44.542667388999973 ], [ 17.248628616000019, 44.545417786000087 ], [ 17.245586395000146, 44.551010133000148 ], [ 17.242898942000068, 44.557502747000171 ], [ 17.241510392000123, 44.559104920000152 ], [ 17.233705521000161, 44.566066743000192 ], [ 17.229904175, 44.572429657000157 ], [ 17.221101761, 44.579936981000117 ], [ 17.21989822400019, 44.581542969000111 ], [ 17.219001770000091, 44.583316804000049 ], [ 17.218002320000153, 44.586017608000077 ], [ 17.217786788000069, 44.588066102000084 ], [ 17.218030929000122, 44.590129853000064 ], [ 17.219257354000092, 44.594234466000103 ], [ 17.21991157500014, 44.598163605000082 ], [ 17.219963075000123, 44.602180481000062 ], [ 17.219541550000145, 44.604816437000011 ], [ 17.218601226000146, 44.607261659000187 ], [ 17.216100694000033, 44.611667633000081 ], [ 17.213388444000145, 44.618194581000068 ], [ 17.209615707000182, 44.622844696000186 ], [ 17.208518981000054, 44.626029968000125 ], [ 17.207727432000183, 44.63111114600008 ], [ 17.20794868400003, 44.632900238000104 ], [ 17.209009171000105, 44.635448457000052 ], [ 17.210056305000023, 44.637115478 ], [ 17.211519241000133, 44.638565063000158 ], [ 17.214031219000105, 44.640335083000025 ], [ 17.217300415000068, 44.643108368000071 ], [ 17.219966887999988, 44.644851685 ], [ 17.224672318000103, 44.647228241000164 ], [ 17.231485367000118, 44.650218964000089 ], [ 17.238260270000126, 44.64915466400015 ], [ 17.249519347000103, 44.646827698000152 ], [ 17.252693176000093, 44.64587020800019 ], [ 17.256727218000094, 44.644054413000106 ], [ 17.259901046000152, 44.643100738000157 ], [ 17.271137238000108, 44.640777589000095 ], [ 17.277021408000053, 44.639835358000028 ], [ 17.283342362000099, 44.636699676000092 ], [ 17.28508567900019, 44.63498306300005 ], [ 17.285669326000061, 44.633876801000042 ], [ 17.286235810000051, 44.63151168800016 ], [ 17.286197663000166, 44.629085541000052 ], [ 17.285633087000178, 44.626739502000191 ], [ 17.284444809000092, 44.624645233000194 ], [ 17.280969621000111, 44.621212005000189 ], [ 17.27872085600012, 44.617469787000175 ], [ 17.277280808, 44.615734101000101 ], [ 17.270914076999986, 44.611072540000123 ], [ 17.266565323000066, 44.608493804000091 ], [ 17.261928559000125, 44.604949951000037 ], [ 17.260370255000169, 44.603275299000074 ], [ 17.259326934000057, 44.601009368000064 ], [ 17.25872421300005, 44.598495483000193 ], [ 17.258136749000073, 44.593124389000025 ], [ 17.257953645000043, 44.587684631000059 ], [ 17.258569717000057, 44.582595825 ], [ 17.259668350000084, 44.580387117000043 ], [ 17.260580063000077, 44.579456331000131 ], [ 17.262851715000124, 44.578224183000145 ], [ 17.268808366000144, 44.576152800999978 ], [ 17.273418427000081, 44.572673797999983 ], [ 17.274826050000115, 44.571338653000112 ], [ 17.275844573000086, 44.56932449400017 ], [ 17.276969909000115, 44.562568665000128 ], [ 17.277397156000063, 44.561500549000016 ], [ 17.278816223000149, 44.559795380000082 ], [ 17.280769349000082, 44.558761596000181 ], [ 17.283021927000107, 44.558353424000131 ], [ 17.300897597000187, 44.558292389000144 ], [ 17.308420182000077, 44.557746888000054 ], [ 17.311677932000123, 44.557071687000075 ], [ 17.313049317000036, 44.556568146000018 ], [ 17.31651306100008, 44.554637910000054 ], [ 17.318561555000088, 44.553928375000055 ], [ 17.321781158000135, 44.553314208000131 ], [ 17.32391738900003, 44.553295135000042 ], [ 17.326795578000088, 44.554214478000176 ], [ 17.331003188000068, 44.556762695000089 ], [ 17.33577918900005, 44.55823898400007 ], [ 17.339956283000163, 44.55916595500014 ], [ 17.350030899000103, 44.560474396000131 ], [ 17.357517243000132, 44.562595368000132 ], [ 17.359510420999982, 44.563655853 ], [ 17.365312576, 44.567493438000042 ], [ 17.368131638000023, 44.569816589000141 ], [ 17.369972228999984, 44.570659638000166 ], [ 17.371061325000028, 44.570903778000115 ], [ 17.3743667600001, 44.570808411000144 ], [ 17.377735138000048, 44.57003021200012 ], [ 17.383266449000075, 44.567150117000097 ], [ 17.38944244400011, 44.564907074000075 ], [ 17.391294478000191, 44.563453674000073 ], [ 17.392343522000147, 44.561805726000159 ], [ 17.392999648000057, 44.560127258000193 ], [ 17.393329621000078, 44.558441163000055 ], [ 17.392890930000135, 44.552745819000052 ], [ 17.393360138000048, 44.550655366 ], [ 17.393873214000052, 44.549686433000034 ], [ 17.394634247000056, 44.548812867000095 ], [ 17.396760940000036, 44.547554016000106 ], [ 17.402700425000091, 44.545421601000157 ], [ 17.40831947300012, 44.54145431500018 ], [ 17.409780502000103, 44.539928436000139 ], [ 17.412088395000012, 44.535129546000064 ], [ 17.414949417000116, 44.531383515000186 ], [ 17.415468215999965, 44.530326844000058 ], [ 17.416023254000095, 44.527969361000146 ], [ 17.416589736000049, 44.519104005000088 ], [ 17.417533875000117, 44.516819001000044 ], [ 17.418428422000147, 44.515808106000122 ], [ 17.420448304000104, 44.514602662000073 ], [ 17.424976349000019, 44.513347626000098 ], [ 17.427347183000109, 44.513179780000087 ], [ 17.432693481000115, 44.513336182000046 ], [ 17.435731888000078, 44.513187408000192 ], [ 17.438610078000011, 44.512695312000176 ], [ 17.439907074000018, 44.512264252000193 ], [ 17.446891784000115, 44.508113860000151 ], [ 17.451929092000171, 44.50368118300014 ], [ 17.453319550000117, 44.501861572000109 ], [ 17.454093933000138, 44.499465943000075 ], [ 17.454338075000067, 44.495563507000099 ], [ 17.453861237000069, 44.491630555000143 ], [ 17.453067780000083, 44.489181518000066 ], [ 17.452453614000035, 44.488067628000124 ], [ 17.450864792000061, 44.486385345000087 ], [ 17.442104339000025, 44.479953766000051 ], [ 17.44070243800013, 44.478088378000052 ], [ 17.439783096000099, 44.475967407000155 ], [ 17.438634872000137, 44.471824647000062 ], [ 17.438467026000069, 44.470024108000189 ], [ 17.439228057000093, 44.467426301000103 ], [ 17.440855026000122, 44.464946747000113 ], [ 17.442827224999974, 44.46357345600012 ], [ 17.449100494000049, 44.461551666000162 ], [ 17.45109748800013, 44.460556031000124 ], [ 17.456951142000037, 44.456760406 ], [ 17.459829330000161, 44.454254151000043 ], [ 17.463205338000023, 44.452041625000106 ], [ 17.466392517000031, 44.44954681400003 ], [ 17.468479157000047, 44.448474883000074 ], [ 17.475004195999986, 44.445777894000116 ], [ 17.478025437000156, 44.444770812000115 ], [ 17.481445313000108, 44.444087982999974 ], [ 17.48995971700009, 44.442955017000031 ], [ 17.492988585999967, 44.442089081000177 ], [ 17.494308473000046, 44.441413880000141 ], [ 17.495975494000049, 44.439941406000173 ], [ 17.497188568000013, 44.438270570000157 ], [ 17.49869346600002, 44.435710906999986 ], [ 17.501304626000092, 44.430133819000048 ], [ 17.502960206000125, 44.427604675000055 ], [ 17.50447845400015, 44.426124573000152 ], [ 17.506816863999973, 44.424938203000067 ], [ 17.511861801000066, 44.423263549000012 ], [ 17.513864517, 44.422222138000109 ], [ 17.519723891000069, 44.418399811000143 ], [ 17.522615432000123, 44.415893554000149 ], [ 17.525920869000174, 44.413654327000074 ], [ 17.528739929000153, 44.411060333000194 ], [ 17.531988144000081, 44.408802032000153 ], [ 17.534841536999977, 44.406318665000072 ], [ 17.540863037000122, 44.402580262000129 ], [ 17.543264389000058, 44.401584626000158 ], [ 17.546438218, 44.400951385999974 ], [ 17.558538437000095, 44.39978408900015 ], [ 17.561624527000049, 44.398925781000173 ], [ 17.562959670000112, 44.398231506 ], [ 17.564558030000171, 44.396759032000034 ], [ 17.566015243000038, 44.394325256000116 ], [ 17.566812515000095, 44.39177322400019 ], [ 17.567092896000133, 44.38759994500009 ], [ 17.568050384000117, 44.385730743000181 ], [ 17.568866729000092, 44.384811402000025 ], [ 17.570983886000022, 44.383205414000031 ], [ 17.572240830000112, 44.382549286000085 ], [ 17.581670761000055, 44.379600526 ], [ 17.588626862000183, 44.375347139000041 ], [ 17.593812942999989, 44.370922089000032 ], [ 17.595247268000094, 44.369358063000107 ], [ 17.599630356000034, 44.361316681 ], [ 17.585247039000024, 44.358711242000027 ], [ 17.564159393000125, 44.356586457000162 ], [ 17.557928086000175, 44.356403351000097 ], [ 17.549633025000105, 44.356876373000148 ], [ 17.529485703000034, 44.359836579000159 ], [ 17.52694511500016, 44.360679627000081 ], [ 17.522123336000107, 44.36341095 ], [ 17.51186561600008, 44.368007660000046 ], [ 17.501201631000185, 44.37142181500019 ], [ 17.499473572000113, 44.371677399000191 ], [ 17.497257233000141, 44.371669769000107 ] ] ] ] } },
{ "type": "Feature", "properties": { "fid": 100, "GID_3": "BIH.3.1.21_1", "GID_0": "BIH", "COUNTRY": "Bosnia and Herzegovina", "GID_1": "BIH.3_1", "NAME_1": "Repuplika Srpska", "NL_NAME_1": "NA", "GID_2": "BIH.3.1_1", "NAME_2": "Banja Luka", "NL_NAME_2": "NA", "NAME_3": "Srbac", "VARNAME_3": "NA", "NL_NAME_3": "NA", "TYPE_3": "Opčine", "ENGTYPE_3": "Commune", "CC_3": "NA", "HASC_3": "NA" }, "geometry": { "type": "MultiPolygon", "coordinates": [ [ [ [ 17.376491547000114, 44.98822784500004 ], [ 17.376256943000044, 44.991798400000164 ], [ 17.376705170000093, 44.993991853000182 ], [ 17.379600525000114, 44.998008729000162 ], [ 17.382089614000108, 45.002399445000037 ], [ 17.38294983000003, 45.003414155000144 ], [ 17.390346526000087, 45.009651184000063 ], [ 17.398796082000047, 45.01490783800017 ], [ 17.399738311000135, 45.016017915000077 ], [ 17.400817872000175, 45.018512727000086 ], [ 17.401035309000122, 45.021137238000051 ], [ 17.400838853000039, 45.022430421000024 ], [ 17.399723053000116, 45.024814605000131 ], [ 17.398719788000108, 45.025806427000134 ], [ 17.397451401000069, 45.026542664000033 ], [ 17.391830444000163, 45.02817535500003 ], [ 17.389610291000054, 45.029251098000145 ], [ 17.388265609000143, 45.030632020000155 ], [ 17.387781143000041, 45.031810759999985 ], [ 17.387739182000189, 45.033039093000127 ], [ 17.388128280000046, 45.034240722000163 ], [ 17.390123368000104, 45.036300658000073 ], [ 17.397441864000086, 45.040237428000182 ], [ 17.401769639000122, 45.042072296000129 ], [ 17.404211044000078, 45.04345321600016 ], [ 17.407129288000135, 45.046211243000187 ], [ 17.408248900000046, 45.0488243100001 ], [ 17.408351898000035, 45.051448823000101 ], [ 17.407506943000044, 45.053836822000108 ], [ 17.404438019000111, 45.057540894000113 ], [ 17.40132522600004, 45.062953950000178 ], [ 17.397703171000103, 45.066722871000195 ], [ 17.395042419000049, 45.071853639000153 ], [ 17.394140244000141, 45.076190950000125 ], [ 17.394046784000011, 45.080722810000111 ], [ 17.394493103000116, 45.08524322400001 ], [ 17.395751952000069, 45.089542388000098 ], [ 17.398084641000082, 45.093410492000089 ], [ 17.399934768000094, 45.095523834000119 ], [ 17.406436920000033, 45.100219725999978 ], [ 17.4099617, 45.102245331000177 ], [ 17.416385651000155, 45.107017517000145 ], [ 17.419553757000074, 45.111080170000093 ], [ 17.423343658000022, 45.117477417000146 ], [ 17.426254272000165, 45.121425629000157 ], [ 17.428474426000037, 45.123306275000175 ], [ 17.435430526, 45.127868652000075 ], [ 17.437782287000175, 45.134757997000179 ], [ 17.43831443900018, 45.136974336000151 ], [ 17.438400268000066, 45.136650086000145 ], [ 17.442598342000167, 45.130725860000041 ], [ 17.450267792000034, 45.127906801000165 ], [ 17.453304291000165, 45.126789093000014 ], [ 17.461778641000024, 45.127288819000171 ], [ 17.463464737000095, 45.127388001000043 ], [ 17.470718385000055, 45.129760743000077 ], [ 17.476703643, 45.13270187300003 ], [ 17.476873398000123, 45.132785797000054 ], [ 17.480997086000059, 45.134811402000082 ], [ 17.479692458000159, 45.13253021200012 ], [ 17.478586196000094, 45.130599977000031 ], [ 17.476856232000102, 45.127578735000156 ], [ 17.472801208000135, 45.123394012000063 ], [ 17.472164155000144, 45.117771148000031 ], [ 17.471960068000044, 45.115985870000145 ], [ 17.478319168000041, 45.110725403000174 ], [ 17.481498718000182, 45.110324859000059 ], [ 17.491897583000025, 45.109012603 ], [ 17.501815797000177, 45.107288360000098 ], [ 17.515451431000031, 45.10580063000009 ], [ 17.527702332000047, 45.109409332000098 ], [ 17.536540984, 45.116744995000147 ], [ 17.541046143000187, 45.122753144000114 ], [ 17.542161942000064, 45.12362671000011 ], [ 17.543933868000124, 45.125015258000076 ], [ 17.548526764000144, 45.128612519000114 ], [ 17.549314498000115, 45.125335693000011 ], [ 17.550065993000032, 45.12221527100013 ], [ 17.550159455000141, 45.121826173000102 ], [ 17.550283431000082, 45.118083953000053 ], [ 17.550355912000157, 45.115932465000071 ], [ 17.55529213, 45.113658906000126 ], [ 17.560226439000189, 45.111389160000101 ], [ 17.563430787000073, 45.112293244000114 ], [ 17.568126679000159, 45.113616944000057 ], [ 17.57171630800002, 45.114627838000047 ], [ 17.582847593999986, 45.115089417000092 ], [ 17.591762542000083, 45.112079621000134 ], [ 17.600221633000046, 45.111236572000109 ], [ 17.60080528300017, 45.111263276000159 ], [ 17.609674454000128, 45.111675263000052 ], [ 17.619842530000142, 45.116249085000163 ], [ 17.629198074000101, 45.124221803000069 ], [ 17.634866714000168, 45.127567292000037 ], [ 17.642934800000148, 45.132331848000092 ], [ 17.658563615, 45.135334016000115 ], [ 17.659078599000168, 45.135433198000158 ], [ 17.667867661000116, 45.134548187000064 ], [ 17.671230316000106, 45.132137299000078 ], [ 17.674650191000183, 45.129684449000138 ], [ 17.680986405000056, 45.124408722000169 ], [ 17.691120147999982, 45.119064331000175 ], [ 17.692348480000192, 45.118415833000029 ], [ 17.69334793000013, 45.117889404000039 ], [ 17.706354142000123, 45.110565186000144 ], [ 17.716922760000102, 45.104614257000094 ], [ 17.72810363800005, 45.098320007000098 ], [ 17.733446121000043, 45.09531021100014 ], [ 17.736505509000096, 45.093589783000084 ], [ 17.744733810000071, 45.088954925999985 ], [ 17.754737854000041, 45.08953476 ], [ 17.762987138000142, 45.0900077820001 ], [ 17.764608384000155, 45.089729309000063 ], [ 17.767593384000065, 45.088191987000187 ], [ 17.779106141000057, 45.08227539000012 ], [ 17.77702522300018, 45.079727173000038 ], [ 17.763862609000171, 45.063594817000194 ], [ 17.762384415000099, 45.062095642000031 ], [ 17.755884170000058, 45.057346344000052 ], [ 17.752342224000074, 45.055332185000111 ], [ 17.749197007000191, 45.05303955 ], [ 17.745668411000054, 45.051044464000142 ], [ 17.740289689000178, 45.046878814000081 ], [ 17.738744737000047, 45.045127869000055 ], [ 17.737413407000076, 45.041431426000031 ], [ 17.736946105000129, 45.037284852000141 ], [ 17.736946105000129, 45.031486512000185 ], [ 17.737581253000087, 45.025650024000072 ], [ 17.730636597000114, 45.023876191000113 ], [ 17.719715118000011, 45.019729614000141 ], [ 17.717739105000021, 45.018608094000058 ], [ 17.712070465000181, 45.01438903900015 ], [ 17.710714341000028, 45.012504578000062 ], [ 17.708303451000063, 45.007019043000128 ], [ 17.70500755300003, 45.001491547000057 ], [ 17.70416641200012, 44.998989105000135 ], [ 17.703210832000138, 44.994022370000096 ], [ 17.702482223000118, 44.99174499500009 ], [ 17.700914382000178, 44.989765168000133 ], [ 17.698801040000092, 44.988674164000088 ], [ 17.695482255000059, 44.987998962000177 ], [ 17.693195343000184, 44.98811340300017 ], [ 17.69211006200004, 44.988426210000171 ], [ 17.690406799000016, 44.989402771000073 ], [ 17.687358856000174, 44.992485047 ], [ 17.682905198000128, 44.996059418000073 ], [ 17.681047441000146, 44.997184753000056 ], [ 17.678781510000135, 44.997997283000132 ], [ 17.675247192000086, 44.998813629000153 ], [ 17.671497345999967, 44.998943330000145 ], [ 17.662544251000043, 44.997966767000094 ], [ 17.659799575000136, 44.997241973000143 ], [ 17.655834197000161, 44.995487213000104 ], [ 17.65282249500018, 44.994792938000103 ], [ 17.649391175000119, 44.994457245000149 ], [ 17.640348434000032, 44.994091035000054 ], [ 17.635351182000079, 44.993408203 ], [ 17.632904052000129, 44.99246215900007 ], [ 17.626565933000165, 44.989032746000078 ], [ 17.62313270500016, 44.986919404000048 ], [ 17.620666504000098, 44.986083985000107 ], [ 17.615320206000092, 44.984764098000028 ], [ 17.613153457000124, 44.983791352000026 ], [ 17.60697555500019, 44.98016739000002 ], [ 17.601537705000055, 44.975967408000145 ], [ 17.600042343000098, 44.974475861000144 ], [ 17.597831726000095, 44.970722198000146 ], [ 17.5964565270001, 44.969009400000175 ], [ 17.590137481, 44.964408874000185 ], [ 17.586788177000187, 44.962482452000131 ], [ 17.585554123000065, 44.961204528999986 ], [ 17.585187912000038, 44.960441589000141 ], [ 17.58509636000008, 44.958866120000039 ], [ 17.585872651000102, 44.95651626700004 ], [ 17.586868285000037, 44.955036163000159 ], [ 17.59028625500008, 44.951931000000172 ], [ 17.591230392000114, 44.950321197000108 ], [ 17.592130661999988, 44.947841645000153 ], [ 17.592109681000125, 44.946079255000143 ], [ 17.591077805, 44.943584443000134 ], [ 17.589828491000048, 44.941967010000155 ], [ 17.587730408000084, 44.940601349000076 ], [ 17.580020904000094, 44.938495635000095 ], [ 17.576175688999967, 44.93691635100015 ], [ 17.573419570000112, 44.936473848000048 ], [ 17.570537567000144, 44.936519623000038 ], [ 17.567840575999981, 44.936996460000159 ], [ 17.566673279000156, 44.937397004000047 ], [ 17.56336784400014, 44.939147950000176 ], [ 17.562126160000048, 44.939529419 ], [ 17.559309006000035, 44.939857484000072 ], [ 17.556411743000183, 44.939571381000121 ], [ 17.554323197000031, 44.938781739000149 ], [ 17.553422928000089, 44.938098907000153 ], [ 17.550624847000108, 44.934017183000094 ], [ 17.548875810000084, 44.932666779000101 ], [ 17.546743393000099, 44.931808472000057 ], [ 17.543348313000081, 44.931056977000139 ], [ 17.542110443000126, 44.9309844980001 ], [ 17.53969574000007, 44.931243898000048 ], [ 17.536323547000052, 44.932250977000137 ], [ 17.534303665000095, 44.933414459000119 ], [ 17.533443452000029, 44.93428039500003 ], [ 17.530672074000051, 44.939880372000175 ], [ 17.527830124000104, 44.943611145000034 ], [ 17.52586555400012, 44.948513032000164 ], [ 17.524543762000178, 44.950145721000183 ], [ 17.520914077000157, 44.953132629000038 ], [ 17.519102097000143, 44.954284668000071 ], [ 17.516315459000111, 44.955093383000076 ], [ 17.513250351000181, 44.955276489000141 ], [ 17.511690140000155, 44.955146790000185 ], [ 17.508672714000056, 44.954399110000111 ], [ 17.506578445000059, 44.95325088400017 ], [ 17.504997254000045, 44.951747894000164 ], [ 17.500221252000131, 44.94533538800016 ], [ 17.49846267700002, 44.943981170000029 ], [ 17.497030258000109, 44.943355560000157 ], [ 17.495435715000042, 44.942928315000017 ], [ 17.491952895000168, 44.942497253000056 ], [ 17.478946686000086, 44.942661285000156 ], [ 17.475471497000058, 44.942531587000076 ], [ 17.472299576000069, 44.941864013000099 ], [ 17.470914841000138, 44.941143037000131 ], [ 17.469957352000051, 44.94025039700017 ], [ 17.469352721, 44.939262391000113 ], [ 17.469043732000102, 44.938247681000178 ], [ 17.469135283000128, 44.936237335000101 ], [ 17.470046996000178, 44.934429169000055 ], [ 17.473417282000128, 44.931407928000112 ], [ 17.475763321000045, 44.927440644000114 ], [ 17.476158142000088, 44.925601959000176 ], [ 17.476078034000011, 44.924617767000086 ], [ 17.475221634000036, 44.922683717000098 ], [ 17.474458695000067, 44.921863556000176 ], [ 17.472398759000157, 44.92058563300003 ], [ 17.469142913999974, 44.919719694999969 ], [ 17.465646745000186, 44.919414521000135 ], [ 17.457353591000185, 44.919162751000101 ], [ 17.450193406000096, 44.929801940000118 ], [ 17.449293136000051, 44.932212831000186 ], [ 17.447711944000105, 44.938308716000165 ], [ 17.444408417000091, 44.946121215000062 ], [ 17.441728592000118, 44.950344085000097 ], [ 17.438219070000173, 44.953437805000078 ], [ 17.4369297020001, 44.955589294 ], [ 17.437110900000164, 44.958034516000168 ], [ 17.438144684000065, 44.960758209 ], [ 17.442312241000025, 44.966678620000039 ], [ 17.443193435000069, 44.968929291000052 ], [ 17.44346428, 44.971210480000025 ], [ 17.443046571000025, 44.973400116 ], [ 17.44250106800007, 44.974414826000157 ], [ 17.441101075000176, 44.975868226000102 ], [ 17.438116074, 44.978206636000152 ], [ 17.43622016900008, 44.979373933000034 ], [ 17.433151244999976, 44.980323792000036 ], [ 17.427902221000181, 44.980865478000055 ], [ 17.422395706000145, 44.980831146000071 ], [ 17.41714096200019, 44.980293274000132 ], [ 17.414131166, 44.979511262000131 ], [ 17.410211562000086, 44.977737427000136 ], [ 17.405710221000049, 44.976852417000089 ], [ 17.400718690000133, 44.976795197000172 ], [ 17.397497177000162, 44.977207184000065 ], [ 17.396007539000152, 44.977581024000074 ], [ 17.393684388000054, 44.978622438000116 ], [ 17.38348579500007, 44.985431672000061 ], [ 17.376491547000114, 44.98822784500004 ] ] ] ] } },
{ "type": "Feature", "properties": { "fid": 101, "GID_3": "BIH.3.1.22_1", "GID_0": "BIH", "COUNTRY": "Bosnia and Herzegovina", "GID_1": "BIH.3_1", "NAME_1": "Repuplika Srpska", "NL_NAME_1": "NA", "GID_2": "BIH.3.1_1", "NAME_2": "Banja Luka", "NL_NAME_2": "NA", "NAME_3": "Teslić", "VARNAME_3": "NA", "NL_NAME_3": "NA", "TYPE_3": "Opčine", "ENGTYPE_3": "Commune", "CC_3": "NA", "HASC_3": "NA" }, "geometry": { "type": "MultiPolygon", "coordinates": [ [ [ [ 17.726409912000065, 44.396320344000173 ], [ 17.720571517999986, 44.395320892000086 ], [ 17.716646194000134, 44.394229889000144 ], [ 17.709074021000049, 44.397823334000179 ], [ 17.706327438000073, 44.399433135000038 ], [ 17.703834534, 44.400417329000106 ], [ 17.698720932000072, 44.401229859000011 ], [ 17.68383789100011, 44.401981354000156 ], [ 17.680494308000107, 44.402622222000048 ], [ 17.678995132000068, 44.403171540000187 ], [ 17.677688598000145, 44.40394210900007 ], [ 17.676094056000181, 44.405891418000181 ], [ 17.674415588000045, 44.412441254000157 ], [ 17.673992157999976, 44.413463593000074 ], [ 17.672744751999971, 44.415119172 ], [ 17.667474747000142, 44.41950607299998 ], [ 17.660926818000064, 44.423141479000037 ], [ 17.657857894000131, 44.425998688000107 ], [ 17.656721116000085, 44.428234100000168 ], [ 17.656627654000147, 44.430034637000176 ], [ 17.657669068000189, 44.435508728000059 ], [ 17.659463882000182, 44.441562652000016 ], [ 17.659448624000163, 44.443500520000157 ], [ 17.658660889000089, 44.445377350000172 ], [ 17.657115937000128, 44.446868898000162 ], [ 17.654701234000072, 44.448005676000037 ], [ 17.651687622000168, 44.448657989000083 ], [ 17.644065858000147, 44.449825287000067 ], [ 17.641445159999989, 44.450977325000167 ], [ 17.640489577999972, 44.451797486000089 ], [ 17.639209748000155, 44.453731537000124 ], [ 17.634458542000118, 44.465827941000043 ], [ 17.631971359000147, 44.470222472000103 ], [ 17.629400253000028, 44.473037719000047 ], [ 17.628242494000062, 44.474811555000088 ], [ 17.627544404000048, 44.478260041000169 ], [ 17.627721787000041, 44.480655671000136 ], [ 17.628364562000058, 44.482944488000044 ], [ 17.629545212000039, 44.484928131000117 ], [ 17.632287979000068, 44.48750686700015 ], [ 17.632974625000031, 44.488449096000068 ], [ 17.634210586000052, 44.491744996000079 ], [ 17.634246825000105, 44.49526214600013 ], [ 17.633270264000032, 44.497512818000189 ], [ 17.632287979000068, 44.498523713000054 ], [ 17.630983351999987, 44.499317170000097 ], [ 17.629520416000105, 44.499866486000087 ], [ 17.624668121000184, 44.500667572000111 ], [ 17.612113953000062, 44.501338958000019 ], [ 17.604705811000144, 44.500911713000107 ], [ 17.5993747710001, 44.500946045000148 ], [ 17.595945358000165, 44.501247406000118 ], [ 17.592811584, 44.501899719000164 ], [ 17.590448380000055, 44.502948761000084 ], [ 17.584554672000024, 44.50674438599998 ], [ 17.581657409000059, 44.509235383000146 ], [ 17.578300476000038, 44.51144027600003 ], [ 17.575399398000116, 44.513965606999989 ], [ 17.57297897400008, 44.515666962000182 ], [ 17.570953369000051, 44.517906189000087 ], [ 17.56944084100013, 44.521190643000068 ], [ 17.569295884000155, 44.523010253000166 ], [ 17.569990159000156, 44.524841309000124 ], [ 17.571643828999981, 44.526340484000116 ], [ 17.573793412000157, 44.527263642000094 ], [ 17.577230453000027, 44.528232575000061 ], [ 17.584394454000119, 44.529441834000011 ], [ 17.587123872000177, 44.530139923000149 ], [ 17.589324950000048, 44.531360627000083 ], [ 17.592235564000134, 44.534557342000141 ], [ 17.593877793000047, 44.535972596000192 ], [ 17.596052170000121, 44.53694152900016 ], [ 17.600900649999971, 44.538520813000105 ], [ 17.602876663000131, 44.539810181000178 ], [ 17.604648591000057, 44.542194367000093 ], [ 17.605628967000143, 44.544738769000162 ], [ 17.605667114000028, 44.546543121000013 ], [ 17.605077743000038, 44.55093765200013 ], [ 17.603744506000112, 44.555778504000102 ], [ 17.601230621000013, 44.560283660000152 ], [ 17.600233079000077, 44.562671662000014 ], [ 17.598857878999979, 44.570224763000169 ], [ 17.598155976000101, 44.572498322000058 ], [ 17.597021103000088, 44.574279786000034 ], [ 17.595220566000023, 44.576324464000095 ], [ 17.59325027400007, 44.579910279000046 ], [ 17.591955186000064, 44.581714629000089 ], [ 17.591011047000165, 44.582523347000063 ], [ 17.588529588000142, 44.583702087000063 ], [ 17.571542740000098, 44.58753204400017 ], [ 17.564300538, 44.589916229000153 ], [ 17.562301636000029, 44.591053009000063 ], [ 17.558427810000126, 44.594104767000147 ], [ 17.556943892999982, 44.595523834000062 ], [ 17.556262971000137, 44.596591949000072 ], [ 17.555522919, 44.598968505000073 ], [ 17.555324554000038, 44.601520538999978 ], [ 17.555929183000046, 44.606716156000118 ], [ 17.557262420000143, 44.610248566000166 ], [ 17.560619354999972, 44.613948822000054 ], [ 17.561784745000125, 44.616008759000067 ], [ 17.562606811000137, 44.619640351000157 ], [ 17.562494278000145, 44.623508453000113 ], [ 17.561805725999989, 44.626060487000075 ], [ 17.558729172000028, 44.631584168000131 ], [ 17.55608177199997, 44.638122560000056 ], [ 17.552495957000019, 44.642913819000057 ], [ 17.551753997000105, 44.64516067500017 ], [ 17.550355912000157, 44.652690888000166 ], [ 17.548507690000179, 44.656776429000104 ], [ 17.553972244000079, 44.659103393000066 ], [ 17.55596923700017, 44.6603202820001 ], [ 17.556934357000102, 44.661308289000033 ], [ 17.558172226000124, 44.663612367000098 ], [ 17.55892181300004, 44.667484283000192 ], [ 17.558708191000107, 44.672920228000066 ], [ 17.557596206000028, 44.676876068000183 ], [ 17.555095674000086, 44.681301118000022 ], [ 17.554183961000092, 44.683639526999968 ], [ 17.553852081000173, 44.686100006000061 ], [ 17.554048537000085, 44.688579559000175 ], [ 17.55480384800012, 44.690990447000161 ], [ 17.558200837000072, 44.696384430000137 ], [ 17.561269760000073, 44.702838898000039 ], [ 17.564702987000032, 44.706386566000106 ], [ 17.567609788000084, 44.710723877000078 ], [ 17.569452286000114, 44.712337494999986 ], [ 17.570854187, 44.712982178000175 ], [ 17.574096679000093, 44.713695526000038 ], [ 17.577665329000126, 44.713943483000037 ], [ 17.589235306000091, 44.713893890000065 ], [ 17.595073700000171, 44.714115143000186 ], [ 17.59882927000001, 44.714614869000172 ], [ 17.602827073000128, 44.715606690000072 ], [ 17.606672288000027, 44.714557649000028 ], [ 17.608926774000054, 44.713577271000077 ], [ 17.610754012000086, 44.712364196000181 ], [ 17.613758088000111, 44.709594727000081 ], [ 17.617015838000043, 44.707214355000133 ], [ 17.619775772000139, 44.704612732999976 ], [ 17.625339508000025, 44.700763703 ], [ 17.627565383999979, 44.699802400000181 ], [ 17.630371094000168, 44.699337006000178 ], [ 17.633268357000134, 44.699378968000133 ], [ 17.635971069000163, 44.699928284000066 ], [ 17.640817643000048, 44.702083587000175 ], [ 17.64866828900017, 44.704322815000182 ], [ 17.65357017600013, 44.706771852000031 ], [ 17.659803390000036, 44.708488465000016 ], [ 17.664447785000164, 44.709262848000094 ], [ 17.673006059000045, 44.710128784000119 ], [ 17.683555603000173, 44.711631775000058 ], [ 17.686534881000114, 44.712238313000171 ], [ 17.688947678000034, 44.713157654000099 ], [ 17.691799164000031, 44.714694978000125 ], [ 17.697433471000011, 44.717239380000137 ], [ 17.699804307000079, 44.71875 ], [ 17.70186233600009, 44.720458985000164 ], [ 17.70473289600011, 44.723495483000079 ], [ 17.707000731999983, 44.725463868000134 ], [ 17.708368301000064, 44.727188111000032 ], [ 17.709297180000135, 44.72937011800019 ], [ 17.710592270000177, 44.733982087000129 ], [ 17.711559296000075, 44.736122132000048 ], [ 17.712987900000144, 44.737762451000094 ], [ 17.717466355000056, 44.741413117000036 ], [ 17.721719742000175, 44.74408340500014 ], [ 17.724817277000056, 44.746479035000107 ], [ 17.728401185000109, 44.748653412000181 ], [ 17.733362197000076, 44.752510070000085 ], [ 17.737815856000054, 44.755008697000108 ], [ 17.744401932000187, 44.758197784000117 ], [ 17.751266479000151, 44.748722077000082 ], [ 17.754201889, 44.741767884000126 ], [ 17.755388259000142, 44.737197877000142 ], [ 17.756217956000114, 44.735103607000042 ], [ 17.757585525000025, 44.733428956000125 ], [ 17.762123108000026, 44.729927064000094 ], [ 17.764404297000056, 44.728984833000027 ], [ 17.765787124000155, 44.728717805000144 ], [ 17.768640517999984, 44.728591919000053 ], [ 17.771368026000061, 44.728939056000058 ], [ 17.772577285000011, 44.729290009000067 ], [ 17.776052475000142, 44.730922699000132 ], [ 17.777254104000178, 44.731262207000157 ], [ 17.781408311000121, 44.731571199000143 ], [ 17.784204482000064, 44.731193543000188 ], [ 17.786483764000025, 44.73036193900009 ], [ 17.790113449000046, 44.72834777800017 ], [ 17.799081802000046, 44.724666595000144 ], [ 17.807674406999979, 44.72224044900014 ], [ 17.810127259000069, 44.720924377000131 ], [ 17.811069489000033, 44.719936371000074 ], [ 17.811704636000115, 44.718841552000185 ], [ 17.812295914, 44.716472626000098 ], [ 17.812049866999985, 44.712711335000051 ], [ 17.810674667000058, 44.708972932000052 ], [ 17.806905746000098, 44.703575134 ], [ 17.805751800000166, 44.700992584000062 ], [ 17.804780959000027, 44.69691085900007 ], [ 17.804477692000091, 44.691513062000126 ], [ 17.804882049000071, 44.688999176000152 ], [ 17.806013107000012, 44.686748506000072 ], [ 17.810451507000096, 44.683032989000083 ], [ 17.812292098000057, 44.681926727000189 ], [ 17.813623428000085, 44.681468964000089 ], [ 17.816497803000118, 44.68103027300009 ], [ 17.820842744, 44.681331635000163 ], [ 17.823190689000057, 44.682109833000084 ], [ 17.827014923000092, 44.68386077800011 ], [ 17.832332610000151, 44.685203553000065 ], [ 17.834869384000115, 44.686138153000115 ], [ 17.841413498000122, 44.690837860000045 ], [ 17.842681885000161, 44.692604065000069 ], [ 17.844652175000135, 44.696380615000123 ], [ 17.846103668000069, 44.697906494000165 ], [ 17.849958421000053, 44.700706482000157 ], [ 17.851804733000051, 44.701766967000083 ], [ 17.853134155000077, 44.702198030000147 ], [ 17.85601425200008, 44.702560425000172 ], [ 17.858940124000071, 44.702377321000142 ], [ 17.861650466000128, 44.701652527000192 ], [ 17.866081239000039, 44.698993682000037 ], [ 17.870626449000042, 44.696670533000088 ], [ 17.875917435000133, 44.692966462000129 ], [ 17.882627487000036, 44.686866761000033 ], [ 17.88021278400015, 44.685157776000096 ], [ 17.875112534000039, 44.682388306000121 ], [ 17.873422623000124, 44.680950164000137 ], [ 17.872037888000023, 44.679187774000127 ], [ 17.869306565000045, 44.674636841000108 ], [ 17.866498946000036, 44.668125153000119 ], [ 17.863164902000051, 44.664497376000043 ], [ 17.86248970000014, 44.663471223000158 ], [ 17.861282349000135, 44.659870149000085 ], [ 17.860862732000157, 44.655933380000022 ], [ 17.86110687300004, 44.652038574000187 ], [ 17.861804961000018, 44.649662018000186 ], [ 17.862400053999977, 44.648605346000181 ], [ 17.865476608000165, 44.644966126000156 ], [ 17.867263794000053, 44.64109420900013 ], [ 17.868446350000056, 44.639251710000053 ], [ 17.871404648, 44.636600494000049 ], [ 17.874145507000037, 44.633453369000165 ], [ 17.876115799, 44.631614685000102 ], [ 17.87844085800009, 44.629894256999989 ], [ 17.881698607999965, 44.627944946000127 ], [ 17.885347367000179, 44.625347138000109 ], [ 17.890052795000145, 44.622608185000047 ], [ 17.893056870000066, 44.620014191 ], [ 17.896345139000118, 44.617588043000183 ], [ 17.902057647000049, 44.610225678000063 ], [ 17.905994414000133, 44.604148865000013 ], [ 17.914049149000164, 44.596141815000124 ], [ 17.917612076000182, 44.591926575000059 ], [ 17.921506881000084, 44.588535309000122 ], [ 17.929088592000085, 44.578994752000028 ], [ 17.932426453000119, 44.569660187000125 ], [ 17.93489646900008, 44.56125640800019 ], [ 17.935867309000116, 44.559329987000012 ], [ 17.938171387000125, 44.556438447000062 ], [ 17.939107896000053, 44.554225921000125 ], [ 17.939649581000026, 44.55038833600014 ], [ 17.939758301000154, 44.542057038000053 ], [ 17.940158845000099, 44.537887573000091 ], [ 17.940891267000097, 44.535213470000087 ], [ 17.944179536000149, 44.528198242000144 ], [ 17.944723129000067, 44.525413513000046 ], [ 17.944993972000191, 44.521110534000115 ], [ 17.944391251000127, 44.506481171000132 ], [ 17.94322586100003, 44.49936294500003 ], [ 17.940101623000146, 44.492042542000036 ], [ 17.935964584000033, 44.483665467000094 ], [ 17.93382835400007, 44.480068206000112 ], [ 17.929660798000043, 44.474163057000112 ], [ 17.910076141000047, 44.470466614000031 ], [ 17.907184600000164, 44.469646455000145 ], [ 17.905883789000086, 44.469051362000187 ], [ 17.90320396400017, 44.46698379500009 ], [ 17.895132065000098, 44.458644867000089 ], [ 17.891782761000115, 44.456283569000107 ], [ 17.888757705999978, 44.453735352000194 ], [ 17.885290146000159, 44.451393127000131 ], [ 17.881120681000027, 44.447357178000061 ], [ 17.877162933000136, 44.444129944000167 ], [ 17.867399216000081, 44.44102478100001 ], [ 17.857843398000114, 44.438579559000061 ], [ 17.850179671000035, 44.435909272000174 ], [ 17.844621658000165, 44.434356689000026 ], [ 17.837022782000076, 44.431827545000033 ], [ 17.82782936100017, 44.430061340000179 ], [ 17.82137107900013, 44.427383422000105 ], [ 17.812124253000093, 44.425640106000117 ], [ 17.804485320000026, 44.423301696000067 ], [ 17.795238494000159, 44.421543121000127 ], [ 17.793949126000086, 44.421131134000063 ], [ 17.79002571000018, 44.419357301000105 ], [ 17.788688660000048, 44.418975831000182 ], [ 17.784042359000068, 44.418395996000072 ], [ 17.772247313999969, 44.417980194000165 ], [ 17.769205093999972, 44.417522430000076 ], [ 17.767854691000082, 44.417129517000035 ], [ 17.76276397700002, 44.414924621000182 ], [ 17.757314682000072, 44.413684845000091 ], [ 17.754791259000115, 44.412815095000099 ], [ 17.75139427199997, 44.410636902000078 ], [ 17.747678756000028, 44.408737183000028 ], [ 17.744235992000142, 44.406612396000128 ], [ 17.741729737000128, 44.405799866000052 ], [ 17.737630845000126, 44.404914857000108 ], [ 17.735092163, 44.404060364000031 ], [ 17.728435516, 44.399520874000132 ], [ 17.727266312000097, 44.39799118000019 ], [ 17.726409912000065, 44.396320344000173 ] ] ] ] } },
{ "type": "Feature", "properties": { "fid": 105, "GID_3": "BIH.3.3.1_1", "GID_0": "BIH", "COUNTRY": "Bosnia and Herzegovina", "GID_1": "BIH.3_1", "NAME_1": "Repuplika Srpska", "NL_NAME_1": "NA", "GID_2": "BIH.3.3_1", "NAME_2": "Doboj", "NL_NAME_2": "NA", "NAME_3": "Bosanski Brod", "VARNAME_3": "Srpski Brod", "NL_NAME_3": "NA", "TYPE_3": "Opčine", "ENGTYPE_3": "Commune", "CC_3": "NA", "HASC_3": "NA" }, "geometry": { "type": "MultiPolygon", "coordinates": [ [ [ [ 18.169557572000144, 45.08846664500004 ], [ 18.174968720000038, 45.085807801000101 ], [ 18.179304124000112, 45.084232331000123 ], [ 18.179201126000123, 45.084182739000141 ], [ 18.186780929000122, 45.080684663000056 ], [ 18.193649290999986, 45.077938078999978 ], [ 18.197984696000162, 45.07498550400004 ], [ 18.203731536000134, 45.07179641700003 ], [ 18.205863953000062, 45.071273804000043 ], [ 18.208826065000039, 45.071342468000068 ], [ 18.213195801999973, 45.062900544000058 ], [ 18.214431762000117, 45.059635162000063 ], [ 18.215036393000162, 45.056835175000117 ], [ 18.215345383000113, 45.052680969000107 ], [ 18.215066910000075, 45.048690796000074 ], [ 18.214403153000148, 45.046203613999978 ], [ 18.21302032400007, 45.04395675700016 ], [ 18.210557938000079, 45.042270660000042 ], [ 18.207542419000049, 45.041404725000064 ], [ 18.197605134000185, 45.040069580000136 ], [ 18.185985564000134, 45.038936614000193 ], [ 18.180677413000126, 45.037391662000118 ], [ 18.177820206000092, 45.035839081000177 ], [ 18.176761627000189, 45.034770966000167 ], [ 18.175434112, 45.03235244800004 ], [ 18.173461915000189, 45.025688171000127 ], [ 18.172222137000063, 45.023281097999984 ], [ 18.167371750000143, 45.016979218000131 ], [ 18.162414550000108, 45.012519836000081 ], [ 18.158407212000043, 45.007701873000144 ], [ 18.150596619000112, 45.006641388000105 ], [ 18.144313812000121, 45.006221771000071 ], [ 18.122629166000024, 45.006305695000094 ], [ 18.116132736000054, 45.006103516000167 ], [ 18.109861375000094, 45.005504608000194 ], [ 18.099496841000189, 45.004062653000119 ], [ 18.093494415, 45.007106780000015 ], [ 18.088529587000096, 45.010227204000103 ], [ 18.085386276000179, 45.01124572700013 ], [ 18.08180999800004, 45.011814118000132 ], [ 18.076023102000136, 45.012214662000076 ], [ 18.051670075000175, 45.012981415000183 ], [ 18.038259507000078, 45.01453018300009 ], [ 18.03310966600003, 45.014564515000075 ], [ 18.022661208999978, 45.013706207000098 ], [ 18.019519806000062, 45.01394653300008 ], [ 18.016595840000036, 45.014686585000049 ], [ 18.014347076000149, 45.016002655000079 ], [ 18.012355805000141, 45.01840210000006 ], [ 18.01086044300007, 45.02093505800002 ], [ 18.007482530000061, 45.028324127000076 ], [ 18.005838395000012, 45.030841827000017 ], [ 17.999309539000024, 45.036685944000169 ], [ 17.994457244999978, 45.039840699000138 ], [ 17.992210389000093, 45.040748597000118 ], [ 17.990844727000024, 45.041027070000155 ], [ 17.987995147000163, 45.041206360000047 ], [ 17.985204696000153, 45.040924072000166 ], [ 17.982906341000103, 45.040237428000182 ], [ 17.980113983000024, 45.038974761000077 ], [ 17.977487564000057, 45.038230896000073 ], [ 17.965482712000096, 45.036289215000068 ], [ 17.961835861000054, 45.035907745000145 ], [ 17.948776246000136, 45.035190583000144 ], [ 17.936441421000154, 45.033351898000149 ], [ 17.933542252, 45.032737731000054 ], [ 17.928281784000148, 45.03064346300016 ], [ 17.925350189000142, 45.029994965000128 ], [ 17.922103882000044, 45.029724122000175 ], [ 17.918762207000043, 45.029766082000094 ], [ 17.914001464000023, 45.03042221000004 ], [ 17.907436372000063, 45.032962799000188 ], [ 17.897001267000064, 45.035041809000063 ], [ 17.894359589000146, 45.036373139000091 ], [ 17.893354417000126, 45.037368775000061 ], [ 17.892221451000125, 45.039661408000143 ], [ 17.891782761000115, 45.043491363000044 ], [ 17.892253875000165, 45.048988343000133 ], [ 17.893617629, 45.056152344000168 ], [ 17.896438599000192, 45.064170837000063 ], [ 17.898349761000077, 45.075450897999986 ], [ 17.900304795000181, 45.076450347 ], [ 17.917314530000056, 45.087593079000044 ], [ 17.924600601000122, 45.101936341 ], [ 17.925090788999967, 45.112567902000137 ], [ 17.928380966000191, 45.121349336000151 ], [ 17.942499160000182, 45.124832154000046 ], [ 17.946065902000043, 45.12571334800009 ], [ 17.957090378000089, 45.133514404000039 ], [ 17.961662293000074, 45.145423889000028 ], [ 17.965202331000057, 45.149024963000045 ], [ 17.970790863000104, 45.154708862000064 ], [ 17.98199272100004, 45.16080856300016 ], [ 17.991212845000121, 45.163642883000193 ], [ 18.003261567000152, 45.160324097000057 ], [ 18.013521195000123, 45.149890901000106 ], [ 18.02717590300017, 45.139640808000138 ], [ 18.034494400000028, 45.14730835000006 ], [ 18.043073655000171, 45.153572083000086 ], [ 18.053382873000146, 45.153373719000172 ], [ 18.059020994999969, 45.146526336000193 ], [ 18.067718505000187, 45.135391236000089 ], [ 18.064367295000011, 45.130138398000156 ], [ 18.063295365000158, 45.128459931000066 ], [ 18.063615800000093, 45.126602172000105 ], [ 18.064390182000068, 45.122093201000155 ], [ 18.06831550600009, 45.120552064000094 ], [ 18.070079803000169, 45.119861604000164 ], [ 18.079641341000126, 45.11610794000012 ], [ 18.089290618000121, 45.108150481999985 ], [ 18.096895217000053, 45.097892762000185 ], [ 18.0999641410001, 45.097476960000108 ], [ 18.117137908000075, 45.095157624000194 ], [ 18.11780738900012, 45.095214844000168 ], [ 18.14324378900011, 45.097446441000159 ], [ 18.143732072000148, 45.097274780000077 ], [ 18.14838028000014, 45.095626831000061 ], [ 18.157230377000076, 45.092494963999968 ], [ 18.168912887000033, 45.088356018000184 ], [ 18.169557572000144, 45.08846664500004 ] ] ] ] } },
{ "type": "Feature", "properties": { "fid": 106, "GID_3": "BIH.3.3.2_1", "GID_0": "BIH", "COUNTRY": "Bosnia and Herzegovina", "GID_1": "BIH.3_1", "NAME_1": "Repuplika Srpska", "NL_NAME_1": "NA", "GID_2": "BIH.3.3_1", "NAME_2": "Doboj", "NL_NAME_2": "NA", "NAME_3": "Derventa", "VARNAME_3": "NA", "NL_NAME_3": "NA", "TYPE_3": "Opčine", "ENGTYPE_3": "Commune", "CC_3": "NA", "HASC_3": "NA" }, "geometry": { "type": "MultiPolygon", "coordinates": [ [ [ [ 17.789810180000075, 44.854587556000126 ], [ 17.790094376000184, 44.861518860000047 ], [ 17.789939881000066, 44.865596772000117 ], [ 17.789495468000155, 44.868225097000106 ], [ 17.786926270000038, 44.876815797000177 ], [ 17.785030366, 44.879444123000042 ], [ 17.777854920000152, 44.885646821000023 ], [ 17.776470185000051, 44.887145996000186 ], [ 17.774055481000119, 44.891857147000167 ], [ 17.771057129000042, 44.895530702000087 ], [ 17.770038606000014, 44.897834777000071 ], [ 17.769487380000101, 44.903240203000166 ], [ 17.770307540999966, 44.919437409000068 ], [ 17.770137788000056, 44.925106048000089 ], [ 17.769193649000044, 44.928871154000035 ], [ 17.766250611000032, 44.932750701000089 ], [ 17.765108108000106, 44.935974122000118 ], [ 17.765104294000139, 44.939529419 ], [ 17.766256333000172, 44.942874908000135 ], [ 17.767723083000192, 44.944503784000119 ], [ 17.776233674000139, 44.95100402900016 ], [ 17.777631759000087, 44.953098297000054 ], [ 17.77842140100006, 44.955535889000146 ], [ 17.778806687000156, 44.95813369800004 ], [ 17.778789521000135, 44.962070465000068 ], [ 17.778320312000119, 44.964572907000161 ], [ 17.777280808000114, 44.966804504000152 ], [ 17.77416419900004, 44.970474244000059 ], [ 17.771663667000098, 44.975185394000107 ], [ 17.770267487000069, 44.976680757000111 ], [ 17.767984390000038, 44.97843551699998 ], [ 17.763170242000172, 44.982887268000184 ], [ 17.76182174600018, 44.984668731000056 ], [ 17.761354446000041, 44.985836029000041 ], [ 17.760866166000142, 44.988388061000137 ], [ 17.760749818000079, 44.991115571000023 ], [ 17.761365890000093, 45.002628328000014 ], [ 17.761276245000033, 45.006916046000072 ], [ 17.760437011000079, 45.010692596000069 ], [ 17.758180618000154, 45.015583038000045 ], [ 17.755577088000052, 45.018543244000057 ], [ 17.751766205000138, 45.020931243000177 ], [ 17.737581253000087, 45.025650024000072 ], [ 17.736946105000129, 45.031486512000185 ], [ 17.736946105000129, 45.037284852000141 ], [ 17.737413407000076, 45.041431426000031 ], [ 17.738744737000047, 45.045127869000055 ], [ 17.740289689000178, 45.046878814000081 ], [ 17.745668411000054, 45.051044464000142 ], [ 17.749197007000191, 45.05303955 ], [ 17.752342224000074, 45.055332185000111 ], [ 17.755884170000058, 45.057346344000052 ], [ 17.762384415000099, 45.062095642000031 ], [ 17.763862609000171, 45.063594817000194 ], [ 17.77702522300018, 45.079727173000038 ], [ 17.779106141000057, 45.08227539000012 ], [ 17.78317260700004, 45.080184937000126 ], [ 17.78649330200011, 45.077823639000144 ], [ 17.800287246000096, 45.068012237000119 ], [ 17.818191527000124, 45.058555603000173 ], [ 17.837959289000025, 45.054286956 ], [ 17.855636597, 45.055335998000146 ], [ 17.881397247, 45.066791534000117 ], [ 17.898227691999978, 45.075389862000122 ], [ 17.898349761000077, 45.075450897999986 ], [ 17.896438599000192, 45.064170837000063 ], [ 17.893617629, 45.056152344000168 ], [ 17.892253875000165, 45.048988343000133 ], [ 17.891782761000115, 45.043491363000044 ], [ 17.892221451000125, 45.039661408000143 ], [ 17.893354417000126, 45.037368775000061 ], [ 17.894359589000146, 45.036373139000091 ], [ 17.897001267000064, 45.035041809000063 ], [ 17.907436372000063, 45.032962799000188 ], [ 17.914001464000023, 45.03042221000004 ], [ 17.918762207000043, 45.029766082000094 ], [ 17.922103882000044, 45.029724122000175 ], [ 17.925350189000142, 45.029994965000128 ], [ 17.928281784000148, 45.03064346300016 ], [ 17.933542252, 45.032737731000054 ], [ 17.936441421000154, 45.033351898000149 ], [ 17.948776246000136, 45.035190583000144 ], [ 17.961835861000054, 45.035907745000145 ], [ 17.965482712000096, 45.036289215000068 ], [ 17.977487564000057, 45.038230896000073 ], [ 17.980113983000024, 45.038974761000077 ], [ 17.982906341000103, 45.040237428000182 ], [ 17.985204696000153, 45.040924072000166 ], [ 17.987995147000163, 45.041206360000047 ], [ 17.990844727000024, 45.041027070000155 ], [ 17.992210389000093, 45.040748597000118 ], [ 17.994457244999978, 45.039840699000138 ], [ 17.999309539000024, 45.036685944000169 ], [ 18.005838395000012, 45.030841827000017 ], [ 18.007482530000061, 45.028324127000076 ], [ 18.01086044300007, 45.02093505800002 ], [ 18.012355805000141, 45.01840210000006 ], [ 18.014347076000149, 45.016002655000079 ], [ 18.016595840000036, 45.014686585000049 ], [ 18.019519806000062, 45.01394653300008 ], [ 18.022661208999978, 45.013706207000098 ], [ 18.03310966600003, 45.014564515000075 ], [ 18.038259507000078, 45.01453018300009 ], [ 18.051670075000175, 45.012981415000183 ], [ 18.076023102000136, 45.012214662000076 ], [ 18.08180999800004, 45.011814118000132 ], [ 18.085386276000179, 45.01124572700013 ], [ 18.088529587000096, 45.010227204000103 ], [ 18.093494415, 45.007106780000015 ], [ 18.099496841000189, 45.004062653000119 ], [ 18.092023849000043, 44.987823487000128 ], [ 18.088626862000069, 44.982311248000144 ], [ 18.083702087000177, 44.977256774000068 ], [ 18.080936432000044, 44.972564697000109 ], [ 18.076780318999965, 44.9682617200001 ], [ 18.074571609000031, 44.964527130000192 ], [ 18.073211670000035, 44.962806702000137 ], [ 18.070089341000084, 44.960433961000035 ], [ 18.064260483000055, 44.955387116000168 ], [ 18.062999726000101, 44.953445435000162 ], [ 18.060976029000074, 44.947910309000122 ], [ 18.059747696000159, 44.94585418700018 ], [ 18.058862685, 44.944965363 ], [ 18.056985855000164, 44.943813324000189 ], [ 18.048635483000055, 44.940189362000183 ], [ 18.04672431900002, 44.938591004000102 ], [ 18.045972824000103, 44.937511444000108 ], [ 18.044923782000183, 44.935123444000055 ], [ 18.042184831000156, 44.925708771000131 ], [ 18.041820526000095, 44.921695710000165 ], [ 18.04188919000012, 44.915283203000115 ], [ 18.041210175000174, 44.913711549000084 ], [ 18.040473938000048, 44.912986755000134 ], [ 18.039197921000095, 44.912281037000184 ], [ 18.036163331000182, 44.911602020000089 ], [ 18.032775880000145, 44.911468506 ], [ 18.023803712000131, 44.911674501000107 ], [ 18.020412446000023, 44.91139602800007 ], [ 18.018829346000132, 44.910995484000125 ], [ 18.017385484000044, 44.910293579000097 ], [ 18.015733719000025, 44.908443452000029 ], [ 18.015279770000063, 44.906391143000121 ], [ 18.01576233000003, 44.904407501000151 ], [ 18.016344070000173, 44.903514863000169 ], [ 18.024202346000038, 44.897220611000193 ], [ 18.025455475000115, 44.895641327000078 ], [ 18.02604675200007, 44.893630983000037 ], [ 18.025938034000148, 44.891548158000091 ], [ 18.025123596000071, 44.889595031000056 ], [ 18.022668839000119, 44.886974336000037 ], [ 18.019048692000126, 44.88173675500019 ], [ 18.017009736000034, 44.88033676200007 ], [ 18.014688492000175, 44.879520417000094 ], [ 18.011085511000033, 44.878841400000169 ], [ 18.00853919900004, 44.878780365000182 ], [ 18.001251219999972, 44.879745484000182 ], [ 17.996358871000098, 44.88072204600013 ], [ 17.989036560000102, 44.88330841100003 ], [ 17.985971452000172, 44.884109497000054 ], [ 17.981157304000078, 44.884437562000073 ], [ 17.978044510000132, 44.883968353000057 ], [ 17.975482940000063, 44.882839202000184 ], [ 17.973730088000025, 44.88140487700008 ], [ 17.970420838000109, 44.877769470000089 ], [ 17.968961715000091, 44.875568389000136 ], [ 17.967981339000119, 44.872936248000087 ], [ 17.967515945000173, 44.870212555000194 ], [ 17.967401504000065, 44.866104125999982 ], [ 17.967901230000166, 44.862182616999974 ], [ 17.968708038000159, 44.859836579000046 ], [ 17.971748353000066, 44.855995179000161 ], [ 17.972990036000056, 44.852779389000034 ], [ 17.973102569000048, 44.849212646000012 ], [ 17.972007752000138, 44.845813752000026 ], [ 17.970476151000128, 44.844112397000174 ], [ 17.964492798000094, 44.840282440000124 ], [ 17.955421448000038, 44.837768555000025 ], [ 17.948144912000146, 44.833835601000033 ], [ 17.944961547999981, 44.831535340000073 ], [ 17.941450118000091, 44.829494477000026 ], [ 17.935413360000098, 44.824512482000046 ], [ 17.934091568000156, 44.822250366000105 ], [ 17.933248519000131, 44.818267822000109 ], [ 17.93308067300012, 44.806831360000103 ], [ 17.932689667000091, 44.803043365000121 ], [ 17.931686401000036, 44.800834657000166 ], [ 17.930650712000045, 44.799858094000115 ], [ 17.929298401000153, 44.799156188000097 ], [ 17.926288604999968, 44.798568726000155 ], [ 17.923301697000113, 44.798866272000112 ], [ 17.921907425000029, 44.799331666000057 ], [ 17.919811249000134, 44.800781250000114 ], [ 17.918764114999988, 44.80245971800008 ], [ 17.917440415000101, 44.806102754000051 ], [ 17.916637419999972, 44.812133789000143 ], [ 17.915887833000056, 44.814472199000193 ], [ 17.91516113300014, 44.815570832000049 ], [ 17.913482665000174, 44.81698226900005 ], [ 17.912412643000096, 44.817520141000159 ], [ 17.909856795000053, 44.818183900000065 ], [ 17.904445649000138, 44.818161011000029 ], [ 17.895080565000114, 44.817417144000046 ], [ 17.89157295300015, 44.816783904000033 ], [ 17.885900498000012, 44.814666748000036 ], [ 17.882581712000047, 44.813915252000186 ], [ 17.878816605, 44.813560486000142 ], [ 17.872774125000092, 44.813499450000108 ], [ 17.864572526000131, 44.814086915000132 ], [ 17.856412888000023, 44.815399170000035 ], [ 17.852296830000171, 44.815826417000153 ], [ 17.829086303000054, 44.817218780000132 ], [ 17.820941926000046, 44.818466186000137 ], [ 17.811241149000068, 44.819599151000034 ], [ 17.807767869000088, 44.820362091999982 ], [ 17.806228637000117, 44.820934296000075 ], [ 17.799184799000102, 44.825202941000043 ], [ 17.794561385000179, 44.829456329999971 ], [ 17.79309272800009, 44.831611634000183 ], [ 17.792539597000086, 44.834133148000092 ], [ 17.792909622000025, 44.838035583000078 ], [ 17.793819428000177, 44.84041595400015 ], [ 17.796819686000106, 44.844009400000118 ], [ 17.797363281, 44.845035553000173 ], [ 17.797771453000053, 44.847328186000084 ], [ 17.797609330000057, 44.848514556000168 ], [ 17.796407698999985, 44.850746156000071 ], [ 17.795343399000046, 44.851650238000104 ], [ 17.789810180000075, 44.854587556000126 ] ] ] ] } },
{ "type": "Feature", "properties": { "fid": 107, "GID_3": "BIH.3.3.3_1", "GID_0": "BIH", "COUNTRY": "Bosnia and Herzegovina", "GID_1": "BIH.3_1", "NAME_1": "Repuplika Srpska", "NL_NAME_1": "NA", "GID_2": "BIH.3.3_1", "NAME_2": "Doboj", "NL_NAME_2": "NA", "NAME_3": "Doboj", "VARNAME_3": "NA", "NL_NAME_3": "NA", "TYPE_3": "Opčine", "ENGTYPE_3": "Commune", "CC_3": "NA", "HASC_3": "NA" }, "geometry": { "type": "MultiPolygon", "coordinates": [ [ [ [ 18.176395417000037, 44.783443452000142 ], [ 18.155069351000179, 44.784187317000146 ], [ 18.147672654000019, 44.784255982000047 ], [ 18.142616272000168, 44.783737183000028 ], [ 18.141105651000146, 44.783306123000045 ], [ 18.139749528000095, 44.782669068000189 ], [ 18.138713837000125, 44.781887054000151 ], [ 18.13731193600006, 44.780120849000127 ], [ 18.135149002000162, 44.77665328900008 ], [ 18.132482529000072, 44.774024963000045 ], [ 18.131834029000061, 44.773033142000145 ], [ 18.130985260000045, 44.770774841000048 ], [ 18.130517960000134, 44.768291474000193 ], [ 18.130067826000186, 44.762969970000086 ], [ 18.129425049000019, 44.745311738000112 ], [ 18.129980087000149, 44.741645813000105 ], [ 18.131019591000154, 44.739513398000156 ], [ 18.13382339500015, 44.736755372000175 ], [ 18.137275697000177, 44.732547760000045 ], [ 18.139318465000088, 44.730628966999973 ], [ 18.142816544000027, 44.727890014000138 ], [ 18.146627425000133, 44.725463868000134 ], [ 18.152366639000036, 44.722751618000075 ], [ 18.156082153000114, 44.720611572999985 ], [ 18.158946990000118, 44.719787599000028 ], [ 18.168567658000143, 44.718433381000068 ], [ 18.171377182000072, 44.717525483000088 ], [ 18.17317771900008, 44.716384887000061 ], [ 18.177829741999972, 44.712699890000067 ], [ 18.179180145000089, 44.710411072000056 ], [ 18.179906845000176, 44.70821762200012 ], [ 18.178848267000149, 44.69418716500013 ], [ 18.177795410000158, 44.690128327000082 ], [ 18.176317214000051, 44.687816621000081 ], [ 18.174169541000083, 44.686096193000026 ], [ 18.169668197000135, 44.683166503000109 ], [ 18.160945893000019, 44.680397033000133 ], [ 18.153942108000081, 44.676254272000108 ], [ 18.150720597000088, 44.673912049000194 ], [ 18.148742676000097, 44.672954560000107 ], [ 18.145879745000116, 44.672294616000045 ], [ 18.144109727, 44.672206879000157 ], [ 18.14114379800003, 44.672523499000022 ], [ 18.135854720000111, 44.67404556300005 ], [ 18.130823135000071, 44.676563264000094 ], [ 18.127641677999975, 44.677448273000039 ], [ 18.122060776000069, 44.677825928000118 ], [ 18.117450715000132, 44.677318574000026 ], [ 18.110605240000098, 44.675914766000062 ], [ 18.103881837000074, 44.673446655000021 ], [ 18.101377486999979, 44.671733857000049 ], [ 18.095523835000051, 44.665706635000163 ], [ 18.092794418000096, 44.664234161000195 ], [ 18.089395523000178, 44.663414002000138 ], [ 18.076566697000089, 44.66189193800011 ], [ 18.068122863999974, 44.66010666 ], [ 18.06420898500005, 44.658935548000102 ], [ 18.05798721400015, 44.66369628800004 ], [ 18.057296754000049, 44.666919709000183 ], [ 18.056585311000049, 44.668945312000176 ], [ 18.053949357000079, 44.674922944000059 ], [ 18.050626754000064, 44.680461884000067 ], [ 18.049892425000166, 44.682914734000121 ], [ 18.049518585000158, 44.688060760000155 ], [ 18.050016403000143, 44.70103836100003 ], [ 18.049570084000038, 44.704582214000027 ], [ 18.048658372000091, 44.706626892000088 ], [ 18.045642853000118, 44.710170746000074 ], [ 18.043750762000116, 44.713836670000148 ], [ 18.042098999000132, 44.715515137000011 ], [ 18.039680481000062, 44.716564178000056 ], [ 18.036859512000149, 44.717124938999973 ], [ 18.030681610000045, 44.717815399000131 ], [ 18.027524949000053, 44.718349457000045 ], [ 18.025974274000134, 44.718757631000074 ], [ 18.023048402000143, 44.71993255600006 ], [ 18.020357133000118, 44.721435546000066 ], [ 18.016618727999969, 44.724033356000064 ], [ 18.009813309000094, 44.729854583000076 ], [ 17.997665405000021, 44.731563568000126 ], [ 17.980806350000023, 44.732894898000154 ], [ 17.976232528000082, 44.733997345000148 ], [ 17.972467421999966, 44.735862732000044 ], [ 17.969610215000102, 44.736690521000071 ], [ 17.964523315, 44.737377166000101 ], [ 17.957082748000175, 44.73778915500003 ], [ 17.945545197000058, 44.737926484000127 ], [ 17.93802452000017, 44.737407685000051 ], [ 17.934589386000141, 44.736698151000155 ], [ 17.928403854000123, 44.734928131000061 ], [ 17.919296265000185, 44.733093262000068 ], [ 17.917020798000124, 44.732063294000113 ], [ 17.911205291000044, 44.728107452000188 ], [ 17.909822464000115, 44.726348877000078 ], [ 17.907785416000138, 44.722587585000099 ], [ 17.904539108000108, 44.719036102000132 ], [ 17.903913499000168, 44.718048094999972 ], [ 17.903091431000178, 44.715808868000067 ], [ 17.902647018000096, 44.713352203000113 ], [ 17.901718139000025, 44.703079224000192 ], [ 17.901065825999979, 44.700733186000093 ], [ 17.899854659000027, 44.69866943400001 ], [ 17.892190933000109, 44.692123413000104 ], [ 17.888332367000089, 44.689815522 ], [ 17.882627487000036, 44.686866761000033 ], [ 17.875917435000133, 44.692966462000129 ], [ 17.870626449000042, 44.696670533000088 ], [ 17.866081239000039, 44.698993682000037 ], [ 17.861650466000128, 44.701652527000192 ], [ 17.858940124000071, 44.702377321000142 ], [ 17.85601425200008, 44.702560425000172 ], [ 17.853134155000077, 44.702198030000147 ], [ 17.851804733000051, 44.701766967000083 ], [ 17.849958421000053, 44.700706482000157 ], [ 17.846103668000069, 44.697906494000165 ], [ 17.844652175000135, 44.696380615000123 ], [ 17.842681885000161, 44.692604065000069 ], [ 17.841413498000122, 44.690837860000045 ], [ 17.834869384000115, 44.686138153000115 ], [ 17.832332610000151, 44.685203553000065 ], [ 17.827014923000092, 44.68386077800011 ], [ 17.823190689000057, 44.682109833000084 ], [ 17.820842744, 44.681331635000163 ], [ 17.816497803000118, 44.68103027300009 ], [ 17.813623428000085, 44.681468964000089 ], [ 17.812292098000057, 44.681926727000189 ], [ 17.810451507000096, 44.683032989000083 ], [ 17.806013107000012, 44.686748506000072 ], [ 17.804882049000071, 44.688999176000152 ], [ 17.804477692000091, 44.691513062000126 ], [ 17.804780959000027, 44.69691085900007 ], [ 17.805751800000166, 44.700992584000062 ], [ 17.806905746000098, 44.703575134 ], [ 17.810674667000058, 44.708972932000052 ], [ 17.812049866999985, 44.712711335000051 ], [ 17.812295914, 44.716472626000098 ], [ 17.811704636000115, 44.718841552000185 ], [ 17.811069489000033, 44.719936371000074 ], [ 17.810127259000069, 44.720924377000131 ], [ 17.807674406999979, 44.72224044900014 ], [ 17.799081802000046, 44.724666595000144 ], [ 17.790113449000046, 44.72834777800017 ], [ 17.786483764000025, 44.73036193900009 ], [ 17.784204482000064, 44.731193543000188 ], [ 17.781408311000121, 44.731571199000143 ], [ 17.777254104000178, 44.731262207000157 ], [ 17.776052475000142, 44.730922699000132 ], [ 17.772577285000011, 44.729290009000067 ], [ 17.771368026000061, 44.728939056000058 ], [ 17.768640517999984, 44.728591919000053 ], [ 17.765787124000155, 44.728717805000144 ], [ 17.764404297000056, 44.728984833000027 ], [ 17.762123108000026, 44.729927064000094 ], [ 17.757585525000025, 44.733428956000125 ], [ 17.756217956000114, 44.735103607000042 ], [ 17.755388259000142, 44.737197877000142 ], [ 17.754201889, 44.741767884000126 ], [ 17.751266479000151, 44.748722077000082 ], [ 17.744401932000187, 44.758197784000117 ], [ 17.743682861000082, 44.769962310000096 ], [ 17.742937088000133, 44.774501801000042 ], [ 17.737554551000187, 44.789680482000165 ], [ 17.736335754000152, 44.791912079000156 ], [ 17.733289719000084, 44.795734405000019 ], [ 17.732086182000103, 44.799697876000153 ], [ 17.732252120000112, 44.801624299000139 ], [ 17.734485627000083, 44.807010651000098 ], [ 17.736629485000037, 44.813606263000111 ], [ 17.738109589000089, 44.815952301000095 ], [ 17.739198685000133, 44.816932679000047 ], [ 17.741960525000025, 44.818275452000194 ], [ 17.747940063000101, 44.82025146400008 ], [ 17.750593185000071, 44.82204437300004 ], [ 17.755271911000079, 44.828437805000192 ], [ 17.76140975900006, 44.833324432000097 ], [ 17.764816284000119, 44.835472107000101 ], [ 17.770885468000131, 44.840332030000127 ], [ 17.774408341000026, 44.84553527900016 ], [ 17.776302337000061, 44.847370147999982 ], [ 17.781948088999968, 44.851291656000114 ], [ 17.789810180000075, 44.854587556000126 ], [ 17.795343399000046, 44.851650238000104 ], [ 17.796407698999985, 44.850746156000071 ], [ 17.797609330000057, 44.848514556000168 ], [ 17.797771453000053, 44.847328186000084 ], [ 17.797363281, 44.845035553000173 ], [ 17.796819686000106, 44.844009400000118 ], [ 17.793819428000177, 44.84041595400015 ], [ 17.792909622000025, 44.838035583000078 ], [ 17.792539597000086, 44.834133148000092 ], [ 17.79309272800009, 44.831611634000183 ], [ 17.794561385000179, 44.829456329999971 ], [ 17.799184799000102, 44.825202941000043 ], [ 17.806228637000117, 44.820934296000075 ], [ 17.807767869000088, 44.820362091999982 ], [ 17.811241149000068, 44.819599151000034 ], [ 17.820941926000046, 44.818466186000137 ], [ 17.829086303000054, 44.817218780000132 ], [ 17.852296830000171, 44.815826417000153 ], [ 17.856412888000023, 44.815399170000035 ], [ 17.864572526000131, 44.814086915000132 ], [ 17.872774125000092, 44.813499450000108 ], [ 17.878816605, 44.813560486000142 ], [ 17.882581712000047, 44.813915252000186 ], [ 17.885900498000012, 44.814666748000036 ], [ 17.89157295300015, 44.816783904000033 ], [ 17.895080565000114, 44.817417144000046 ], [ 17.904445649000138, 44.818161011000029 ], [ 17.909856795000053, 44.818183900000065 ], [ 17.912412643000096, 44.817520141000159 ], [ 17.913482665000174, 44.81698226900005 ], [ 17.91516113300014, 44.815570832000049 ], [ 17.915887833000056, 44.814472199000193 ], [ 17.916637419999972, 44.812133789000143 ], [ 17.917440415000101, 44.806102754000051 ], [ 17.918764114999988, 44.80245971800008 ], [ 17.919811249000134, 44.800781250000114 ], [ 17.921907425000029, 44.799331666000057 ], [ 17.923301697000113, 44.798866272000112 ], [ 17.926288604999968, 44.798568726000155 ], [ 17.929298401000153, 44.799156188000097 ], [ 17.930650712000045, 44.799858094000115 ], [ 17.931686401000036, 44.800834657000166 ], [ 17.932689667000091, 44.803043365000121 ], [ 17.93308067300012, 44.806831360000103 ], [ 17.933248519000131, 44.818267822000109 ], [ 17.934091568000156, 44.822250366000105 ], [ 17.935413360000098, 44.824512482000046 ], [ 17.941450118000091, 44.829494477000026 ], [ 17.944961547999981, 44.831535340000073 ], [ 17.948144912000146, 44.833835601000033 ], [ 17.955421448000038, 44.837768555000025 ], [ 17.964492798000094, 44.840282440000124 ], [ 17.970476151000128, 44.844112397000174 ], [ 17.972007752000138, 44.845813752000026 ], [ 17.973102569000048, 44.849212646000012 ], [ 17.972990036000056, 44.852779389000034 ], [ 17.971748353000066, 44.855995179000161 ], [ 17.968708038000159, 44.859836579000046 ], [ 17.967901230000166, 44.862182616999974 ], [ 17.967401504000065, 44.866104125999982 ], [ 17.967515945000173, 44.870212555000194 ], [ 17.967981339000119, 44.872936248000087 ], [ 17.968961715000091, 44.875568389000136 ], [ 17.970420838000109, 44.877769470000089 ], [ 17.973730088000025, 44.88140487700008 ], [ 17.975482940000063, 44.882839202000184 ], [ 17.978044510000132, 44.883968353000057 ], [ 17.981157304000078, 44.884437562000073 ], [ 17.985971452000172, 44.884109497000054 ], [ 17.989036560000102, 44.88330841100003 ], [ 17.996358871000098, 44.88072204600013 ], [ 18.001251219999972, 44.879745484000182 ], [ 18.00853919900004, 44.878780365000182 ], [ 18.011085511000033, 44.878841400000169 ], [ 18.014688492000175, 44.879520417000094 ], [ 18.017009736000034, 44.88033676200007 ], [ 18.019048692000126, 44.88173675500019 ], [ 18.022668839000119, 44.886974336000037 ], [ 18.025123596000071, 44.889595031000056 ], [ 18.025938034000148, 44.891548158000091 ], [ 18.02604675200007, 44.893630983000037 ], [ 18.025455475000115, 44.895641327000078 ], [ 18.024202346000038, 44.897220611000193 ], [ 18.016344070000173, 44.903514863000169 ], [ 18.01576233000003, 44.904407501000151 ], [ 18.015279770000063, 44.906391143000121 ], [ 18.015733719000025, 44.908443452000029 ], [ 18.017385484000044, 44.910293579000097 ], [ 18.018829346000132, 44.910995484000125 ], [ 18.020412446000023, 44.91139602800007 ], [ 18.023803712000131, 44.911674501000107 ], [ 18.032775880000145, 44.911468506 ], [ 18.036163331000182, 44.911602020000089 ], [ 18.039197921000095, 44.912281037000184 ], [ 18.040473938000048, 44.912986755000134 ], [ 18.041210175000174, 44.913711549000084 ], [ 18.04188919000012, 44.915283203000115 ], [ 18.041820526000095, 44.921695710000165 ], [ 18.042184831000156, 44.925708771000131 ], [ 18.044923782000183, 44.935123444000055 ], [ 18.045972824000103, 44.937511444000108 ], [ 18.04672431900002, 44.938591004000102 ], [ 18.048635483000055, 44.940189362000183 ], [ 18.056985855000164, 44.943813324000189 ], [ 18.058862685, 44.944965363 ], [ 18.059747696000159, 44.94585418700018 ], [ 18.060976029000074, 44.947910309000122 ], [ 18.062999726000101, 44.953445435000162 ], [ 18.064260483000055, 44.955387116000168 ], [ 18.070089341000084, 44.960433961000035 ], [ 18.073211670000035, 44.962806702000137 ], [ 18.074571609000031, 44.964527130000192 ], [ 18.076780318999965, 44.9682617200001 ], [ 18.080936432000044, 44.972564697000109 ], [ 18.083702087000177, 44.977256774000068 ], [ 18.088626862000069, 44.982311248000144 ], [ 18.092023849000043, 44.987823487000128 ], [ 18.099496841000189, 45.004062653000119 ], [ 18.106250763000162, 44.992156982000154 ], [ 18.109979630000055, 44.984104157000047 ], [ 18.112625122000111, 44.979640961000086 ], [ 18.113634108999975, 44.977142334 ], [ 18.114252090000036, 44.972984314000087 ], [ 18.114244460000123, 44.968715669000119 ], [ 18.112731934000067, 44.953624726000157 ], [ 18.113401413000076, 44.951057434 ], [ 18.114591599000164, 44.948532105000083 ], [ 18.117677688000185, 44.94514846900006 ], [ 18.118255615000123, 44.944164276000095 ], [ 18.119029999000077, 44.94076919600019 ], [ 18.118623733, 44.937206269000171 ], [ 18.117626191000056, 44.935012817000029 ], [ 18.116041184000096, 44.933368683000083 ], [ 18.112464904000149, 44.931045533000088 ], [ 18.110883713000135, 44.929641723000088 ], [ 18.108942032000186, 44.926967620000084 ], [ 18.10685539200017, 44.923229217000141 ], [ 18.105993271000159, 44.920608522000066 ], [ 18.104722976000119, 44.912490844000047 ], [ 18.103767394000101, 44.90874481100019 ], [ 18.102592469000172, 44.906654358000139 ], [ 18.099958420000064, 44.903953552000132 ], [ 18.098470688000077, 44.900764465000179 ], [ 18.098089218000155, 44.89838028000014 ], [ 18.098161697000023, 44.895980835000103 ], [ 18.09881782500014, 44.893707276000043 ], [ 18.099451065000096, 44.892684936000194 ], [ 18.105169297000032, 44.887561798000149 ], [ 18.111970901000063, 44.883186341000055 ], [ 18.114454270000067, 44.882232666000107 ], [ 18.119791030000044, 44.880779266000104 ], [ 18.126140595000038, 44.877971649000074 ], [ 18.137228012000037, 44.876094819000173 ], [ 18.140007020000098, 44.875183106000179 ], [ 18.146970749000104, 44.870933532000095 ], [ 18.150207520000151, 44.868659972999978 ], [ 18.15882873400011, 44.865531921000184 ], [ 18.162006378000115, 44.863246919000119 ], [ 18.167917252000166, 44.859500886000035 ], [ 18.170240402000161, 44.858428956000182 ], [ 18.173379899000111, 44.85772705 ], [ 18.178684235000105, 44.857238770000095 ], [ 18.190044402000069, 44.857097626000154 ], [ 18.202459336, 44.857585906000054 ], [ 18.212488174000043, 44.856395721000069 ], [ 18.215360641000132, 44.855667114000084 ], [ 18.217622757000072, 44.854606629000045 ], [ 18.224205018000191, 44.85038375900001 ], [ 18.227632523000182, 44.847011566000162 ], [ 18.235450745000094, 44.843616486000087 ], [ 18.240940094000166, 44.84149551500019 ], [ 18.245628357000044, 44.838928222000163 ], [ 18.252843857000187, 44.836585999000079 ], [ 18.253898621000076, 44.835872651000045 ], [ 18.255176544, 44.833969117000095 ], [ 18.255392074000099, 44.832931519000056 ], [ 18.255125045999989, 44.83084869400011 ], [ 18.253931046000162, 44.828926086000195 ], [ 18.25220680200016, 44.827655791000154 ], [ 18.247339249, 44.824768066000047 ], [ 18.239397049000104, 44.818744659 ], [ 18.246965409000154, 44.815956116000109 ], [ 18.251356125000029, 44.81483459500015 ], [ 18.265533447000109, 44.813117980000129 ], [ 18.281600952000019, 44.810626983000191 ], [ 18.297405243000014, 44.807674408000025 ], [ 18.303131104000101, 44.805980683000143 ], [ 18.301103591000128, 44.801925660000109 ], [ 18.296150207000096, 44.79458618200016 ], [ 18.28738021800001, 44.794502258000136 ], [ 18.282289505000051, 44.794052124000189 ], [ 18.279066086000114, 44.793373107000093 ], [ 18.272825241000191, 44.7916183480001 ], [ 18.267562866999981, 44.790920257000153 ], [ 18.258314133000169, 44.790695192000101 ], [ 18.241519929000106, 44.791122437000183 ], [ 18.236246108999978, 44.791526796000142 ], [ 18.233026504000179, 44.792011261000027 ], [ 18.230249406000041, 44.792812348000098 ], [ 18.226516724000135, 44.794696809000186 ], [ 18.223720550000053, 44.795516968000072 ], [ 18.211528779, 44.797206879000044 ], [ 18.20669555700016, 44.798252106000064 ], [ 18.200925827000049, 44.799804688000108 ], [ 18.191932678000171, 44.798004151999976 ], [ 18.18897628700006, 44.79714965900007 ], [ 18.186775207000039, 44.796192169000108 ], [ 18.184909821000019, 44.7946167 ], [ 18.184255601000075, 44.793590545000143 ], [ 18.183502198000042, 44.791389465000066 ], [ 18.183050157000025, 44.787914276000038 ], [ 18.180866242000036, 44.787239075000059 ], [ 18.178911210000138, 44.786296845000038 ], [ 18.177473068000154, 44.7849617010001 ], [ 18.176395417000037, 44.783443452000142 ] ] ] ] } },
{ "type": "Feature", "properties": { "fid": 108, "GID_3": "BIH.3.3.4_1", "GID_0": "BIH", "COUNTRY": "Bosnia and Herzegovina", "GID_1": "BIH.3_1", "NAME_1": "Repuplika Srpska", "NL_NAME_1": "NA", "GID_2": "BIH.3.3_1", "NAME_2": "Doboj", "NL_NAME_2": "NA", "NAME_3": "Donji Žabar", "VARNAME_3": "Srpsko Orašje", "NL_NAME_3": "NA", "TYPE_3": "Opčine", "ENGTYPE_3": "Commune", "CC_3": "NA", "HASC_3": "NA" }, "geometry": { "type": "MultiPolygon", "coordinates": [ [ [ [ 18.690778733000059, 44.963508607000051 ], [ 18.681982040999969, 44.954242706000173 ], [ 18.678964615000098, 44.947959901000161 ], [ 18.675525666000055, 44.94264984199998 ], [ 18.672941208000054, 44.937721254000053 ], [ 18.670991896999965, 44.935577393000074 ], [ 18.668155671000136, 44.934055329000046 ], [ 18.664234162000128, 44.932685853000066 ], [ 18.648029328000121, 44.928600311000082 ], [ 18.640651702000071, 44.925376893000191 ], [ 18.633981705, 44.925960540000062 ], [ 18.630996705000143, 44.926559448000035 ], [ 18.629688263000048, 44.927005769000118 ], [ 18.624767303, 44.929405212000177 ], [ 18.618068694000101, 44.931236267000031 ], [ 18.61685943700013, 44.931720733000134 ], [ 18.613306046, 44.933742523000092 ], [ 18.607070923000038, 44.935768127000188 ], [ 18.60476112300006, 44.936969756000053 ], [ 18.603231430999983, 44.938720703000058 ], [ 18.601039886000137, 44.943603517000156 ], [ 18.599063873000148, 44.946849824000083 ], [ 18.598295212000039, 44.949131011000077 ], [ 18.597515106000174, 44.952796935000151 ], [ 18.597663880000027, 44.957218170000147 ], [ 18.598596574000112, 44.961475372000109 ], [ 18.599798203000148, 44.963947295000082 ], [ 18.603204727000104, 44.969455719000052 ], [ 18.605386734999968, 44.976459504000047 ], [ 18.605852127000105, 44.979187012000125 ], [ 18.605049134000012, 44.982009889000153 ], [ 18.603824616000111, 44.9835701 ], [ 18.597293853000053, 44.989959717000147 ], [ 18.590478896000093, 44.994533539000031 ], [ 18.58800697300012, 44.995502472 ], [ 18.582719802999975, 44.996990203999985 ], [ 18.576284408000163, 44.999687195000149 ], [ 18.566797255999973, 45.001140595000152 ], [ 18.56376266400008, 45.001808167000149 ], [ 18.561384200000077, 45.002849578000053 ], [ 18.557332992999989, 45.005619050000064 ], [ 18.555814744000088, 45.006938935000107 ], [ 18.554801942000097, 45.00857925400004 ], [ 18.55416870200014, 45.011985779000042 ], [ 18.554752350000115, 45.013854981000179 ], [ 18.555397034000123, 45.014785767000092 ], [ 18.557960510000157, 45.017345428000056 ], [ 18.563358308000034, 45.015716553000175 ], [ 18.575929642000119, 45.013950348000151 ], [ 18.578495025, 45.013183595000044 ], [ 18.581253051000147, 45.011730194000108 ], [ 18.583419800000058, 45.010864259000186 ], [ 18.586143493000122, 45.010276794000163 ], [ 18.593566896000141, 45.009246825999981 ], [ 18.59631919900005, 45.008598328000176 ], [ 18.597537994000106, 45.008136749000073 ], [ 18.602140427000165, 45.00542068600015 ], [ 18.615568162000159, 44.999282836000191 ], [ 18.620054245000119, 44.996505738000053 ], [ 18.622533798000063, 44.995578765 ], [ 18.626592636000169, 44.994499207000047 ], [ 18.629066467000087, 44.993579864000083 ], [ 18.63356208800019, 44.990818024000191 ], [ 18.644014359000039, 44.986225129000047 ], [ 18.650815963000014, 44.983768464000093 ], [ 18.65980720500005, 44.979766846000132 ], [ 18.663394928000173, 44.977523804000157 ], [ 18.665515900000116, 44.976501466000116 ], [ 18.672199250000119, 44.974662780000017 ], [ 18.678110122000191, 44.971679688000108 ], [ 18.68465614400003, 44.969612121000011 ], [ 18.686687469000105, 44.968296051000038 ], [ 18.690778733000059, 44.963508607000051 ] ] ] ] } },
{ "type": "Feature", "properties": { "fid": 109, "GID_3": "BIH.3.3.5_1", "GID_0": "BIH", "COUNTRY": "Bosnia and Herzegovina", "GID_1": "BIH.3_1", "NAME_1": "Repuplika Srpska", "NL_NAME_1": "NA", "GID_2": "BIH.3.3_1", "NAME_2": "Doboj", "NL_NAME_2": "NA", "NAME_3": "Modriča", "VARNAME_3": "NA", "NL_NAME_3": "NA", "TYPE_3": "Opčine", "ENGTYPE_3": "Commune", "CC_3": "NA", "HASC_3": "NA" }, "geometry": { "type": "MultiPolygon", "coordinates": [ [ [ [ 18.099496841000189, 45.004062653000119 ], [ 18.109861375000094, 45.005504608000194 ], [ 18.116132736000054, 45.006103516000167 ], [ 18.122629166000024, 45.006305695000094 ], [ 18.144313812000121, 45.006221771000071 ], [ 18.150596619000112, 45.006641388000105 ], [ 18.158407212000043, 45.007701873000144 ], [ 18.165666580000106, 45.00241851800007 ], [ 18.171676635999972, 44.999370575000057 ], [ 18.174278258000129, 44.997657775000107 ], [ 18.17669868400003, 44.996620179000047 ], [ 18.179845809000085, 44.995994567000139 ], [ 18.184892655000056, 44.995788575000176 ], [ 18.189687728000024, 44.996448518000136 ], [ 18.192052841000077, 44.997447968000074 ], [ 18.201507569000057, 45.003303527000014 ], [ 18.203887938000094, 45.004104614000141 ], [ 18.207012177000024, 45.004665376 ], [ 18.211921692000089, 45.005180360000168 ], [ 18.214475632000187, 45.005382537000116 ], [ 18.217088699000158, 45.005332947000113 ], [ 18.224187852000171, 45.004291536000153 ], [ 18.228370666000046, 45.002979279000044 ], [ 18.230390548, 45.001449585000103 ], [ 18.233459474000085, 44.996040344000107 ], [ 18.238426209000068, 44.991653443000132 ], [ 18.241464614000051, 44.990135193000128 ], [ 18.244943619000026, 44.98929214500015 ], [ 18.248554228999978, 44.989120485000171 ], [ 18.25203323400018, 44.989734651000163 ], [ 18.255313873000091, 44.990795136000088 ], [ 18.259716034000064, 44.993087768000066 ], [ 18.261886596000068, 44.993610383000032 ], [ 18.265087128000062, 44.993934631000059 ], [ 18.266145706000088, 44.99385833700012 ], [ 18.268075943000156, 44.993324278999978 ], [ 18.272041322000064, 44.990909576000149 ], [ 18.273347855000111, 44.990379334000124 ], [ 18.276498795, 44.989643097000055 ], [ 18.281967162000115, 44.989036561000148 ], [ 18.297687531000122, 44.987998962000177 ], [ 18.309036255000137, 44.986366272999987 ], [ 18.314241409000033, 44.986293793000073 ], [ 18.318937302000165, 44.986900331000129 ], [ 18.325080872000115, 44.98863220200019 ], [ 18.336685181000064, 44.995464325000171 ], [ 18.345649719000164, 44.998153686000194 ], [ 18.352773667000179, 45.002246856999989 ], [ 18.355871200000081, 45.00461578400018 ], [ 18.359350205000055, 45.006698609000125 ], [ 18.362403869000104, 45.009143830000028 ], [ 18.365934372000083, 45.0113563540001 ], [ 18.370847702000049, 45.015239716000053 ], [ 18.37531471300008, 45.017745971000068 ], [ 18.381923676000042, 45.020927430000143 ], [ 18.384130477000099, 45.016895294000108 ], [ 18.385431289999985, 45.01383590800009 ], [ 18.387208939000118, 45.003871918000073 ], [ 18.388332366000043, 45.001773835000108 ], [ 18.389808655000081, 45.000389100000064 ], [ 18.393711091, 44.997467041000107 ], [ 18.396041870000033, 44.996406556000011 ], [ 18.399053574, 44.995735170000103 ], [ 18.408571244000029, 44.994354248000036 ], [ 18.410999298000036, 44.99349975500013 ], [ 18.41385078400009, 44.992145538999978 ], [ 18.421539307000046, 44.989803314000085 ], [ 18.423601151000071, 44.988418578999983 ], [ 18.425340653000148, 44.986007691000168 ], [ 18.426023483000165, 44.98439025800019 ], [ 18.426176072000089, 44.982559205000143 ], [ 18.425472259, 44.980739594000113 ], [ 18.424764633000109, 44.979934692000143 ], [ 18.423858643000074, 44.979278564000026 ], [ 18.421798707000164, 44.978374481000117 ], [ 18.412975311000025, 44.975551606000067 ], [ 18.407720565000091, 44.972312927000019 ], [ 18.406045914000174, 44.971015931000181 ], [ 18.4052581790001, 44.970024110000111 ], [ 18.404684067000062, 44.968936921000136 ], [ 18.404050828000152, 44.966598512000189 ], [ 18.404117584000176, 44.962993623000045 ], [ 18.404882432000022, 44.96074295000011 ], [ 18.405548095000142, 44.959735870000088 ], [ 18.415126801000042, 44.951416016000053 ], [ 18.417812348000098, 44.947105408000084 ], [ 18.419185639000148, 44.944259643000066 ], [ 18.417587280000134, 44.942901612000071 ], [ 18.415676117000032, 44.941776276000041 ], [ 18.413076401000069, 44.940910341000063 ], [ 18.411514282000041, 44.940631867000093 ], [ 18.406608582000047, 44.940429688000165 ], [ 18.398008347000143, 44.941406249000067 ], [ 18.395101548000071, 44.941497803000175 ], [ 18.382696152, 44.940380096000126 ], [ 18.377601623000089, 44.939598084000124 ], [ 18.369850158000077, 44.937351227000079 ], [ 18.36065864700015, 44.93548965400015 ], [ 18.358299256000066, 44.934562683000138 ], [ 18.355417251000063, 44.933052063000162 ], [ 18.349409102000038, 44.930850982000038 ], [ 18.340654372000074, 44.927230835000103 ], [ 18.338836669000045, 44.926029206000067 ], [ 18.337677002000135, 44.924549104000164 ], [ 18.337285996000105, 44.92294311600017 ], [ 18.33696556100017, 44.915187836000086 ], [ 18.336215974000027, 44.91293716500013 ], [ 18.33452987700008, 44.910987854000041 ], [ 18.333251953, 44.910278320000145 ], [ 18.330324173000065, 44.909458160000156 ], [ 18.320987701000092, 44.908359528000176 ], [ 18.314138412000148, 44.906112670000084 ], [ 18.304685592000112, 44.904930115000013 ], [ 18.30176925700016, 44.90415954600013 ], [ 18.299554824000154, 44.902790070000151 ], [ 18.295793533000051, 44.897663117000036 ], [ 18.290885925000111, 44.894317627000191 ], [ 18.289001464000023, 44.893280029000152 ], [ 18.286148071000127, 44.892509460000042 ], [ 18.278078080000057, 44.891773223000143 ], [ 18.274986267000145, 44.891281128 ], [ 18.27357482900004, 44.890838624000025 ], [ 18.271619797000085, 44.889816284000176 ], [ 18.267559052000138, 44.887123108000083 ], [ 18.266237260000025, 44.885478973000033 ], [ 18.265863418000151, 44.884483337000063 ], [ 18.265697479000039, 44.882434846000137 ], [ 18.266202926000176, 44.880493165000132 ], [ 18.266706467000176, 44.879642487000069 ], [ 18.269027710000159, 44.877216339000086 ], [ 18.269788741000127, 44.875423432000161 ], [ 18.269819260000077, 44.873432159000174 ], [ 18.269529342000055, 44.872440338000047 ], [ 18.268186569000079, 44.870639801000038 ], [ 18.265947341000071, 44.869487762000176 ], [ 18.259838105000142, 44.867744447000121 ], [ 18.252660751000121, 44.863803863000044 ], [ 18.249488830000132, 44.861476899000024 ], [ 18.245887756000059, 44.859447479000153 ], [ 18.242576599000131, 44.857048036000151 ], [ 18.238037109000061, 44.854694366000103 ], [ 18.23539734000002, 44.853031158000135 ], [ 18.227632523000182, 44.847011566000162 ], [ 18.224205018000191, 44.85038375900001 ], [ 18.217622757000072, 44.854606629000045 ], [ 18.215360641000132, 44.855667114000084 ], [ 18.212488174000043, 44.856395721000069 ], [ 18.202459336, 44.857585906000054 ], [ 18.190044402000069, 44.857097626000154 ], [ 18.178684235000105, 44.857238770000095 ], [ 18.173379899000111, 44.85772705 ], [ 18.170240402000161, 44.858428956000182 ], [ 18.167917252000166, 44.859500886000035 ], [ 18.162006378000115, 44.863246919000119 ], [ 18.15882873400011, 44.865531921000184 ], [ 18.150207520000151, 44.868659972999978 ], [ 18.146970749000104, 44.870933532000095 ], [ 18.140007020000098, 44.875183106000179 ], [ 18.137228012000037, 44.876094819000173 ], [ 18.126140595000038, 44.877971649000074 ], [ 18.119791030000044, 44.880779266000104 ], [ 18.114454270000067, 44.882232666000107 ], [ 18.111970901000063, 44.883186341000055 ], [ 18.105169297000032, 44.887561798000149 ], [ 18.099451065000096, 44.892684936000194 ], [ 18.09881782500014, 44.893707276000043 ], [ 18.098161697000023, 44.895980835000103 ], [ 18.098089218000155, 44.89838028000014 ], [ 18.098470688000077, 44.900764465000179 ], [ 18.099958420000064, 44.903953552000132 ], [ 18.102592469000172, 44.906654358000139 ], [ 18.103767394000101, 44.90874481100019 ], [ 18.104722976000119, 44.912490844000047 ], [ 18.105993271000159, 44.920608522000066 ], [ 18.10685539200017, 44.923229217000141 ], [ 18.108942032000186, 44.926967620000084 ], [ 18.110883713000135, 44.929641723000088 ], [ 18.112464904000149, 44.931045533000088 ], [ 18.116041184000096, 44.933368683000083 ], [ 18.117626191000056, 44.935012817000029 ], [ 18.118623733, 44.937206269000171 ], [ 18.119029999000077, 44.94076919600019 ], [ 18.118255615000123, 44.944164276000095 ], [ 18.117677688000185, 44.94514846900006 ], [ 18.114591599000164, 44.948532105000083 ], [ 18.113401413000076, 44.951057434 ], [ 18.112731934000067, 44.953624726000157 ], [ 18.114244460000123, 44.968715669000119 ], [ 18.114252090000036, 44.972984314000087 ], [ 18.113634108999975, 44.977142334 ], [ 18.112625122000111, 44.979640961000086 ], [ 18.109979630000055, 44.984104157000047 ], [ 18.106250763000162, 44.992156982000154 ], [ 18.099496841000189, 45.004062653000119 ] ] ] ] } },
{ "type": "Feature", "properties": { "fid": 110, "GID_3": "BIH.3.3.6_1", "GID_0": "BIH", "COUNTRY": "Bosnia and Herzegovina", "GID_1": "BIH.3_1", "NAME_1": "Repuplika Srpska", "NL_NAME_1": "NA", "GID_2": "BIH.3.3_1", "NAME_2": "Doboj", "NL_NAME_2": "NA", "NAME_3": "Pelagićevo", "VARNAME_3": "NA", "NL_NAME_3": "NA", "TYPE_3": "Opčine", "ENGTYPE_3": "Commune", "CC_3": "NA", "HASC_3": "NA" }, "geometry": { "type": "MultiPolygon", "coordinates": [ [ [ [ 18.640651702000071, 44.925376893000191 ], [ 18.640003204000038, 44.920242310000162 ], [ 18.638780594000139, 44.91656494199998 ], [ 18.637331009000036, 44.91436767700003 ], [ 18.632776261000117, 44.908954621000134 ], [ 18.631052017000059, 44.907627106000177 ], [ 18.624803542000109, 44.903953552000132 ], [ 18.62227630600006, 44.903160095000146 ], [ 18.616930008, 44.901966096000194 ], [ 18.61473846500013, 44.901031495000041 ], [ 18.608545303000028, 44.897235871000078 ], [ 18.606988907000016, 44.895755767000139 ], [ 18.603139877000046, 44.891136171000028 ], [ 18.601680756, 44.88893890300011 ], [ 18.600421905000076, 44.885143280000023 ], [ 18.599273681000113, 44.87175750800003 ], [ 18.598327636000079, 44.867881776 ], [ 18.596290588000102, 44.864467621000074 ], [ 18.591693878000058, 44.859066010000163 ], [ 18.58428192100007, 44.853683471000011 ], [ 18.580739975000142, 44.851642608000191 ], [ 18.577665328000023, 44.849254608000138 ], [ 18.574153900999988, 44.847198487000071 ], [ 18.570161819000077, 44.844287873000155 ], [ 18.563774110000111, 44.840785981000124 ], [ 18.560947417000136, 44.840000152000187 ], [ 18.556724549000137, 44.839439393000077 ], [ 18.552940369, 44.842586518000132 ], [ 18.548276901000179, 44.845348358000024 ], [ 18.544927597000139, 44.847686766999971 ], [ 18.542444230000115, 44.848625184000127 ], [ 18.538377762000096, 44.849681854000153 ], [ 18.5358867650001, 44.850582123000095 ], [ 18.531341553000118, 44.853309631000172 ], [ 18.526531220000095, 44.855323793000025 ], [ 18.517820359000098, 44.859363557000165 ], [ 18.515964507000035, 44.860561371000131 ], [ 18.511375427000132, 44.864273072 ], [ 18.509996415000046, 44.865848541000105 ], [ 18.508348465000154, 44.869796753000116 ], [ 18.507333755, 44.871639252000023 ], [ 18.504751206000094, 44.874336243000187 ], [ 18.504177094000056, 44.875225068000077 ], [ 18.502542495000057, 44.879184723000037 ], [ 18.501373291000164, 44.881015777000016 ], [ 18.498310090000075, 44.883449555000141 ], [ 18.495538712000098, 44.886039734000121 ], [ 18.492168427000024, 44.888225555000076 ], [ 18.489423751000174, 44.890830994000112 ], [ 18.486415862000058, 44.893272401000047 ], [ 18.485286712000061, 44.895080566000161 ], [ 18.484115600000166, 44.898040772000115 ], [ 18.482980729000133, 44.899871825 ], [ 18.476852417000032, 44.904914856000119 ], [ 18.467199327000174, 44.909519195000144 ], [ 18.462442399000054, 44.911579132000099 ], [ 18.45698738100009, 44.915092468000012 ], [ 18.448041916000022, 44.919139863000169 ], [ 18.441196441000045, 44.921554566 ], [ 18.433822633000091, 44.924453734999986 ], [ 18.424806595000177, 44.926654815000063 ], [ 18.423595429000159, 44.927127838 ], [ 18.419956208000031, 44.929141999000137 ], [ 18.418657302000042, 44.929611206000118 ], [ 18.414033890000155, 44.93045806900011 ], [ 18.408855438000103, 44.930786134000186 ], [ 18.403482436, 44.930786134000186 ], [ 18.398164749000102, 44.930332185 ], [ 18.394821168000135, 44.929603576000034 ], [ 18.388650894000136, 44.927707672000054 ], [ 18.380851746000189, 44.926258087000065 ], [ 18.3781681050001, 44.92539215100004 ], [ 18.374706268000068, 44.923198701000103 ], [ 18.371084213000131, 44.921222688000114 ], [ 18.368047713000067, 44.918811798000092 ], [ 18.364492416000189, 44.9167861950001 ], [ 18.361427308000032, 44.914386750000062 ], [ 18.35786056600017, 44.912361145000091 ], [ 18.354888916000164, 44.909877777000133 ], [ 18.352458953000053, 44.908172607000097 ], [ 18.351024628000175, 44.906623841 ], [ 18.350120545000038, 44.904647827000133 ], [ 18.348758697000164, 44.899284363000106 ], [ 18.347934723000037, 44.897304535000046 ], [ 18.347339630000079, 44.89643096900005 ], [ 18.344572068000048, 44.893806458000086 ], [ 18.343919755000172, 44.892951966000055 ], [ 18.34188652000006, 44.889076234000186 ], [ 18.340576171000123, 44.887279510000042 ], [ 18.336645127000111, 44.884075165000013 ], [ 18.328020095, 44.874443054000039 ], [ 18.324211121000189, 44.871147157000109 ], [ 18.323558808000087, 44.870273591000114 ], [ 18.322641373000124, 44.868297578000124 ], [ 18.321117400999981, 44.862987519000171 ], [ 18.320241928000144, 44.861053466000101 ], [ 18.319643020000115, 44.86021804700016 ], [ 18.316860199000189, 44.857616425000174 ], [ 18.316225052000107, 44.856731416000059 ], [ 18.315076828000144, 44.853580476000104 ], [ 18.314800263000109, 44.850082397000165 ], [ 18.315107345000115, 44.847698213000058 ], [ 18.315988541000024, 44.845359803000179 ], [ 18.316743851000126, 44.844219208000084 ], [ 18.318700791000083, 44.842140198000152 ], [ 18.321012497000027, 44.840270997000118 ], [ 18.324789046000092, 44.837791444000061 ], [ 18.33050346400006, 44.834754944000167 ], [ 18.332164764000026, 44.833129883000083 ], [ 18.333080292000091, 44.831066131000057 ], [ 18.333391189000167, 44.828857422000169 ], [ 18.333242417000122, 44.826633453000113 ], [ 18.332622528000059, 44.824504853 ], [ 18.33137130700004, 44.822624208000093 ], [ 18.324981690000072, 44.817916870000033 ], [ 18.321245193000095, 44.816036224000186 ], [ 18.317775727000082, 44.813945771000135 ], [ 18.315265655000076, 44.813129425000113 ], [ 18.311183929000038, 44.812175751000098 ], [ 18.308652877000043, 44.81117630100016 ], [ 18.306915283000137, 44.809833526000148 ], [ 18.303131104000101, 44.805980683000143 ], [ 18.297405243000014, 44.807674408000025 ], [ 18.281600952000019, 44.810626983000191 ], [ 18.265533447000109, 44.813117980000129 ], [ 18.251356125000029, 44.81483459500015 ], [ 18.246965409000154, 44.815956116000109 ], [ 18.239397049000104, 44.818744659 ], [ 18.247339249, 44.824768066000047 ], [ 18.25220680200016, 44.827655791000154 ], [ 18.253931046000162, 44.828926086000195 ], [ 18.255125045999989, 44.83084869400011 ], [ 18.255392074000099, 44.832931519000056 ], [ 18.255176544, 44.833969117000095 ], [ 18.253898621000076, 44.835872651000045 ], [ 18.252843857000187, 44.836585999000079 ], [ 18.245628357000044, 44.838928222000163 ], [ 18.240940094000166, 44.84149551500019 ], [ 18.235450745000094, 44.843616486000087 ], [ 18.227632523000182, 44.847011566000162 ], [ 18.23539734000002, 44.853031158000135 ], [ 18.238037109000061, 44.854694366000103 ], [ 18.242576599000131, 44.857048036000151 ], [ 18.245887756000059, 44.859447479000153 ], [ 18.249488830000132, 44.861476899000024 ], [ 18.252660751000121, 44.863803863000044 ], [ 18.259838105000142, 44.867744447000121 ], [ 18.265947341000071, 44.869487762000176 ], [ 18.268186569000079, 44.870639801000038 ], [ 18.269529342000055, 44.872440338000047 ], [ 18.269819260000077, 44.873432159000174 ], [ 18.269788741000127, 44.875423432000161 ], [ 18.269027710000159, 44.877216339000086 ], [ 18.266706467000176, 44.879642487000069 ], [ 18.266202926000176, 44.880493165000132 ], [ 18.265697479000039, 44.882434846000137 ], [ 18.265863418000151, 44.884483337000063 ], [ 18.266237260000025, 44.885478973000033 ], [ 18.267559052000138, 44.887123108000083 ], [ 18.271619797000085, 44.889816284000176 ], [ 18.27357482900004, 44.890838624000025 ], [ 18.274986267000145, 44.891281128 ], [ 18.278078080000057, 44.891773223000143 ], [ 18.286148071000127, 44.892509460000042 ], [ 18.289001464000023, 44.893280029000152 ], [ 18.290885925000111, 44.894317627000191 ], [ 18.295793533000051, 44.897663117000036 ], [ 18.299554824000154, 44.902790070000151 ], [ 18.30176925700016, 44.90415954600013 ], [ 18.304685592000112, 44.904930115000013 ], [ 18.314138412000148, 44.906112670000084 ], [ 18.320987701000092, 44.908359528000176 ], [ 18.330324173000065, 44.909458160000156 ], [ 18.333251953, 44.910278320000145 ], [ 18.33452987700008, 44.910987854000041 ], [ 18.336215974000027, 44.91293716500013 ], [ 18.33696556100017, 44.915187836000086 ], [ 18.337285996000105, 44.92294311600017 ], [ 18.337677002000135, 44.924549104000164 ], [ 18.338836669000045, 44.926029206000067 ], [ 18.340654372000074, 44.927230835000103 ], [ 18.349409102000038, 44.930850982000038 ], [ 18.355417251000063, 44.933052063000162 ], [ 18.358299256000066, 44.934562683000138 ], [ 18.36065864700015, 44.93548965400015 ], [ 18.369850158000077, 44.937351227000079 ], [ 18.377601623000089, 44.939598084000124 ], [ 18.382696152, 44.940380096000126 ], [ 18.395101548000071, 44.941497803000175 ], [ 18.398008347000143, 44.941406249000067 ], [ 18.406608582000047, 44.940429688000165 ], [ 18.411514282000041, 44.940631867000093 ], [ 18.413076401000069, 44.940910341000063 ], [ 18.415676117000032, 44.941776276000041 ], [ 18.417587280000134, 44.942901612000071 ], [ 18.419185639000148, 44.944259643000066 ], [ 18.433643342000096, 44.943943023000145 ], [ 18.441333770000142, 44.943298340000183 ], [ 18.446157456000094, 44.942119598000033 ], [ 18.451385498000093, 44.939781190000133 ], [ 18.456312179000179, 44.938873291000107 ], [ 18.463546753000116, 44.938495635000095 ], [ 18.46711540300015, 44.938648225000122 ], [ 18.470458984000118, 44.939155579000158 ], [ 18.473079682000105, 44.940071106000175 ], [ 18.480211259000157, 44.943550110000047 ], [ 18.482664109000041, 44.94503402700019 ], [ 18.484821320000094, 44.946830750000061 ], [ 18.486431123000159, 44.948776245000033 ], [ 18.489042283, 44.953586580000035 ], [ 18.490764618000185, 44.958805084000176 ], [ 18.484363556000062, 44.961513519000164 ], [ 18.482622147000143, 44.96307754500009 ], [ 18.482086182000103, 44.964080811000144 ], [ 18.481800079000152, 44.966205596000179 ], [ 18.482700348000094, 44.968341828000177 ], [ 18.483739852000156, 44.969303131000061 ], [ 18.485170364000055, 44.970027923000146 ], [ 18.48671340900006, 44.970436097000174 ], [ 18.489967346000071, 44.970691681000176 ], [ 18.493400574000134, 44.970516205000081 ], [ 18.498653411000134, 44.969646455000031 ], [ 18.504072190000045, 44.967746736000151 ], [ 18.512460708000106, 44.967571258000191 ], [ 18.518524169000102, 44.966960907000043 ], [ 18.522306442000115, 44.965972900000111 ], [ 18.525726319, 44.964191437000068 ], [ 18.527128220000122, 44.963088990000074 ], [ 18.529214858000103, 44.960678100000052 ], [ 18.533479689999979, 44.953369142000156 ], [ 18.53751754700005, 44.948253632000046 ], [ 18.542455673000063, 44.939720155000145 ], [ 18.544969559000037, 44.93744659400005 ], [ 18.546556473000066, 44.936523438000052 ], [ 18.550235748000148, 44.935367584000176 ], [ 18.552137375000029, 44.935180665000075 ], [ 18.555946350000113, 44.935470581000118 ], [ 18.56087112400013, 44.936786652000194 ], [ 18.5635643, 44.938163757000154 ], [ 18.569124223000074, 44.941795350000177 ], [ 18.57218170100009, 44.944179534000114 ], [ 18.579402924000078, 44.948314668000137 ], [ 18.582490922000147, 44.949295044000053 ], [ 18.591627120000055, 44.951141358000029 ], [ 18.597515106000174, 44.952796935000151 ], [ 18.598295212000039, 44.949131011000077 ], [ 18.599063873000148, 44.946849824000083 ], [ 18.601039886000137, 44.943603517000156 ], [ 18.603231430999983, 44.938720703000058 ], [ 18.60476112300006, 44.936969756000053 ], [ 18.607070923000038, 44.935768127000188 ], [ 18.613306046, 44.933742523000092 ], [ 18.61685943700013, 44.931720733000134 ], [ 18.618068694000101, 44.931236267000031 ], [ 18.624767303, 44.929405212000177 ], [ 18.629688263000048, 44.927005769000118 ], [ 18.630996705000143, 44.926559448000035 ], [ 18.633981705, 44.925960540000062 ], [ 18.640651702000071, 44.925376893000191 ] ] ] ] } },
{ "type": "Feature", "properties": { "fid": 111, "GID_3": "BIH.3.3.7_1", "GID_0": "BIH", "COUNTRY": "Bosnia and Herzegovina", "GID_1": "BIH.3_1", "NAME_1": "Repuplika Srpska", "NL_NAME_1": "NA", "GID_2": "BIH.3.3_1", "NAME_2": "Doboj", "NL_NAME_2": "NA", "NAME_3": "Petrovo", "VARNAME_3": "NA", "NL_NAME_3": "NA", "TYPE_3": "Opčine", "ENGTYPE_3": "Commune", "CC_3": "NA", "HASC_3": "NA" }, "geometry": { "type": "MultiPolygon", "coordinates": [ [ [ [ 18.179906845000176, 44.70821762200012 ], [ 18.192106246000151, 44.705162049000137 ], [ 18.197418213000105, 44.704402923000032 ], [ 18.206813813000167, 44.703498841 ], [ 18.209453584000187, 44.703491211000085 ], [ 18.215120315000149, 44.704010010000104 ], [ 18.224256515000093, 44.705307008000148 ], [ 18.237268447000019, 44.703227998000102 ], [ 18.240226746000133, 44.702480316000049 ], [ 18.242450715000189, 44.701419831000123 ], [ 18.250703812000154, 44.695941924000124 ], [ 18.25281333900017, 44.694847108000147 ], [ 18.261650085000156, 44.692497253000113 ], [ 18.269050598999968, 44.689891816000113 ], [ 18.277105332000019, 44.688335418000122 ], [ 18.285381317000088, 44.688320160000103 ], [ 18.290334702000052, 44.687927246000129 ], [ 18.293527604000076, 44.687175750999984 ], [ 18.296319962000041, 44.685913087000188 ], [ 18.299587250000172, 44.683425903000057 ], [ 18.30230140700013, 44.680377960000044 ], [ 18.306070329000022, 44.676921845000152 ], [ 18.310909271000014, 44.670185090000075 ], [ 18.314489364000053, 44.664066315000184 ], [ 18.319446563000099, 44.657417297000165 ], [ 18.320991516000163, 44.65599823000008 ], [ 18.325820922000048, 44.652458192000097 ], [ 18.327903747000164, 44.651355743000124 ], [ 18.334421157000122, 44.649433137000187 ], [ 18.339395523000121, 44.647125244000108 ], [ 18.342479705000017, 44.646324159000187 ], [ 18.347866058000136, 44.645786286000146 ], [ 18.361085892000062, 44.645221710000158 ], [ 18.36449050900012, 44.644653321000135 ], [ 18.366031646000181, 44.644157410000048 ], [ 18.367393493000122, 44.643451692000099 ], [ 18.369108199999971, 44.641750335000097 ], [ 18.371538162000149, 44.63723373300013 ], [ 18.37326812800012, 44.635177612000064 ], [ 18.374319077000109, 44.633346558000085 ], [ 18.374845504000064, 44.63099670400004 ], [ 18.375343323000095, 44.622104644000046 ], [ 18.376245500000095, 44.619758607000165 ], [ 18.377090453999983, 44.61869812000009 ], [ 18.377996444000189, 44.617954255000086 ], [ 18.380123139000034, 44.616806031000124 ], [ 18.386142731000177, 44.614677429000039 ], [ 18.395471573, 44.61276626700004 ], [ 18.404293061000033, 44.612277984 ], [ 18.399116516000049, 44.605060578000064 ], [ 18.397428512000033, 44.60351562600016 ], [ 18.394887924000159, 44.601806641000053 ], [ 18.391859054000179, 44.599334717000147 ], [ 18.388330458999974, 44.597290039000086 ], [ 18.385278701000061, 44.594886779000035 ], [ 18.38176345800008, 44.592834473000039 ], [ 18.378692627000135, 44.590435028000172 ], [ 18.372493744000167, 44.586853027000188 ], [ 18.370121003, 44.585887910000167 ], [ 18.367040634000148, 44.585315704999971 ], [ 18.360473633000083, 44.584693909000066 ], [ 18.357412337000142, 44.58420181300005 ], [ 18.35605430600009, 44.583824158000141 ], [ 18.352111816000047, 44.582122803000118 ], [ 18.350715638000167, 44.58172989000002 ], [ 18.347543717000178, 44.581249237000179 ], [ 18.33853340200011, 44.581039430000089 ], [ 18.315677642000139, 44.581634523000048 ], [ 18.310268403000123, 44.58151626700004 ], [ 18.306936264, 44.581192017000035 ], [ 18.304023743000187, 44.58052444600014 ], [ 18.300081253000087, 44.578853608000088 ], [ 18.297330857000077, 44.578243256000064 ], [ 18.294197083000142, 44.577949525000179 ], [ 18.284210205000022, 44.577545166 ], [ 18.28107261700012, 44.577091217000032 ], [ 18.279619217000118, 44.57669067400019 ], [ 18.277309418000073, 44.575504303000173 ], [ 18.272769928000173, 44.571037294000121 ], [ 18.264978408000104, 44.574611664000145 ], [ 18.261487960000125, 44.576869965000185 ], [ 18.258995056000117, 44.577777862000062 ], [ 18.254936218000012, 44.578834534000123 ], [ 18.252502441, 44.579784394000171 ], [ 18.249366760000157, 44.582122803000118 ], [ 18.245918273000029, 44.584247590000189 ], [ 18.242856979000067, 44.586772919000111 ], [ 18.240797043000157, 44.587844849000192 ], [ 18.234323502000166, 44.590614319000167 ], [ 18.229721069000107, 44.592044831000067 ], [ 18.216480256000125, 44.593570710000108 ], [ 18.213306427000191, 44.594333648000145 ], [ 18.211772918000065, 44.594924928000069 ], [ 18.208988190000014, 44.596408844999985 ], [ 18.205354690000149, 44.599044801000161 ], [ 18.202308654000149, 44.601852418000192 ], [ 18.200090408000108, 44.604366303000063 ], [ 18.198404311000161, 44.605777741000168 ], [ 18.197166443000015, 44.606391908000091 ], [ 18.194286346000013, 44.607204438000167 ], [ 18.189393996999968, 44.607788086000141 ], [ 18.176786423000067, 44.608104706000063 ], [ 18.167917252000166, 44.607772828000122 ], [ 18.164785386000176, 44.607273102000192 ], [ 18.163408279, 44.606868745000043 ], [ 18.160488129000157, 44.605541230000028 ], [ 18.158262253000032, 44.604789733000132 ], [ 18.155508041000076, 44.604324341000165 ], [ 18.148080826000069, 44.603603363000047 ], [ 18.145320892000143, 44.603042603000176 ], [ 18.14310646000007, 44.602088929000104 ], [ 18.137952804000122, 44.598815918000128 ], [ 18.136316298999986, 44.597560882000039 ], [ 18.13310623100017, 44.594474792000142 ], [ 18.130706787, 44.592933655000081 ], [ 18.129331589000117, 44.592281341999978 ], [ 18.12784385700013, 44.591739654000094 ], [ 18.124757768000109, 44.591075898000099 ], [ 18.115327836000063, 44.590248109000072 ], [ 18.112497330000167, 44.589733125000123 ], [ 18.11124038700018, 44.589321136000194 ], [ 18.107452392000027, 44.587249756000062 ], [ 18.102972032000025, 44.585380554000096 ], [ 18.098129272000108, 44.583068848000153 ], [ 18.094306946000188, 44.58169937100007 ], [ 18.0916252130001, 44.581508637000127 ], [ 18.08812522900007, 44.582145692000154 ], [ 18.085905075000028, 44.583015442000033 ], [ 18.084077834000084, 44.584506990000136 ], [ 18.081184388000167, 44.590034484000057 ], [ 18.077663421000068, 44.593444824000187 ], [ 18.073827744000027, 44.598854065000182 ], [ 18.072834015000126, 44.600914001000092 ], [ 18.072719574000189, 44.602806092000037 ], [ 18.073421477000068, 44.604545594000115 ], [ 18.074056625000026, 44.605266570000083 ], [ 18.076288224000052, 44.607006074000083 ], [ 18.080303192000088, 44.610694885000044 ], [ 18.082609177000165, 44.61220169000012 ], [ 18.087190628000087, 44.614398956000173 ], [ 18.089101792000122, 44.615573883000138 ], [ 18.089929581000149, 44.616477966000105 ], [ 18.090852737000148, 44.618522644000166 ], [ 18.090919495000151, 44.620658874000128 ], [ 18.090616226000179, 44.62170028800017 ], [ 18.090049744000055, 44.622684479000156 ], [ 18.088575362000086, 44.624034882000046 ], [ 18.084682465000128, 44.626781464000146 ], [ 18.082410813000081, 44.627811432000101 ], [ 18.079578400000116, 44.628398896000192 ], [ 18.076477050000051, 44.62868881300011 ], [ 18.066904069000145, 44.628921509000179 ], [ 18.065919876000123, 44.644134522000115 ], [ 18.066423417000124, 44.650157929000102 ], [ 18.066352844000107, 44.652568817000088 ], [ 18.065572739000118, 44.656154632000039 ], [ 18.06420898500005, 44.658935548000102 ], [ 18.068122863999974, 44.66010666 ], [ 18.076566697000089, 44.66189193800011 ], [ 18.089395523000178, 44.663414002000138 ], [ 18.092794418000096, 44.664234161000195 ], [ 18.095523835000051, 44.665706635000163 ], [ 18.101377486999979, 44.671733857000049 ], [ 18.103881837000074, 44.673446655000021 ], [ 18.110605240000098, 44.675914766000062 ], [ 18.117450715000132, 44.677318574000026 ], [ 18.122060776000069, 44.677825928000118 ], [ 18.127641677999975, 44.677448273000039 ], [ 18.130823135000071, 44.676563264000094 ], [ 18.135854720000111, 44.67404556300005 ], [ 18.14114379800003, 44.672523499000022 ], [ 18.144109727, 44.672206879000157 ], [ 18.145879745000116, 44.672294616000045 ], [ 18.148742676000097, 44.672954560000107 ], [ 18.150720597000088, 44.673912049000194 ], [ 18.153942108000081, 44.676254272000108 ], [ 18.160945893000019, 44.680397033000133 ], [ 18.169668197000135, 44.683166503000109 ], [ 18.174169541000083, 44.686096193000026 ], [ 18.176317214000051, 44.687816621000081 ], [ 18.177795410000158, 44.690128327000082 ], [ 18.178848267000149, 44.69418716500013 ], [ 18.179906845000176, 44.70821762200012 ] ] ] ] } },
{ "type": "Feature", "properties": { "fid": 112, "GID_3": "BIH.3.3.8_1", "GID_0": "BIH", "COUNTRY": "Bosnia and Herzegovina", "GID_1": "BIH.3_1", "NAME_1": "Repuplika Srpska", "NL_NAME_1": "NA", "GID_2": "BIH.3.3_1", "NAME_2": "Doboj", "NL_NAME_2": "NA", "NAME_3": "Šamac", "VARNAME_3": "NA", "NL_NAME_3": "NA", "TYPE_3": "Opčine", "ENGTYPE_3": "Commune", "CC_3": "NA", "HASC_3": "NA" }, "geometry": { "type": "MultiPolygon", "coordinates": [ [ [ [ 18.433626176000075, 45.079776763000098 ], [ 18.442600249000179, 45.072948456000063 ], [ 18.448419572000034, 45.069446564000032 ], [ 18.462327956000081, 45.063167572000111 ], [ 18.468982696000012, 45.061115266000115 ], [ 18.475429535000103, 45.057010651000041 ], [ 18.479446411000083, 45.054882049000128 ], [ 18.485099793000131, 45.05273437600016 ], [ 18.495479584000179, 45.04816818200004 ], [ 18.499998093000045, 45.045433044 ], [ 18.502470017000121, 45.044528961000083 ], [ 18.506486893000101, 45.043449403000125 ], [ 18.508905411, 45.042495728000176 ], [ 18.512058259000128, 45.040172577000078 ], [ 18.515518188000158, 45.038051605000078 ], [ 18.518619537000177, 45.035549163000155 ], [ 18.52067566, 45.034477235000111 ], [ 18.527111054000102, 45.03166198800011 ], [ 18.530094147000113, 45.030544281000118 ], [ 18.53335762, 45.029762269000059 ], [ 18.540056228000026, 45.028549195000039 ], [ 18.545518874000152, 45.026866914000038 ], [ 18.557960510000157, 45.017345428000056 ], [ 18.555397034000123, 45.014785767000092 ], [ 18.554752350000115, 45.013854981000179 ], [ 18.55416870200014, 45.011985779000042 ], [ 18.554801942000097, 45.00857925400004 ], [ 18.555814744000088, 45.006938935000107 ], [ 18.557332992999989, 45.005619050000064 ], [ 18.561384200000077, 45.002849578000053 ], [ 18.56376266400008, 45.001808167000149 ], [ 18.566797255999973, 45.001140595000152 ], [ 18.576284408000163, 44.999687195000149 ], [ 18.582719802999975, 44.996990203999985 ], [ 18.58800697300012, 44.995502472 ], [ 18.590478896000093, 44.994533539000031 ], [ 18.597293853000053, 44.989959717000147 ], [ 18.603824616000111, 44.9835701 ], [ 18.605049134000012, 44.982009889000153 ], [ 18.605852127000105, 44.979187012000125 ], [ 18.605386734999968, 44.976459504000047 ], [ 18.603204727000104, 44.969455719000052 ], [ 18.599798203000148, 44.963947295000082 ], [ 18.598596574000112, 44.961475372000109 ], [ 18.597663880000027, 44.957218170000147 ], [ 18.597515106000174, 44.952796935000151 ], [ 18.591627120000055, 44.951141358000029 ], [ 18.582490922000147, 44.949295044000053 ], [ 18.579402924000078, 44.948314668000137 ], [ 18.57218170100009, 44.944179534000114 ], [ 18.569124223000074, 44.941795350000177 ], [ 18.5635643, 44.938163757000154 ], [ 18.56087112400013, 44.936786652000194 ], [ 18.555946350000113, 44.935470581000118 ], [ 18.552137375000029, 44.935180665000075 ], [ 18.550235748000148, 44.935367584000176 ], [ 18.546556473000066, 44.936523438000052 ], [ 18.544969559000037, 44.93744659400005 ], [ 18.542455673000063, 44.939720155000145 ], [ 18.53751754700005, 44.948253632000046 ], [ 18.533479689999979, 44.953369142000156 ], [ 18.529214858000103, 44.960678100000052 ], [ 18.527128220000122, 44.963088990000074 ], [ 18.525726319, 44.964191437000068 ], [ 18.522306442000115, 44.965972900000111 ], [ 18.518524169000102, 44.966960907000043 ], [ 18.512460708000106, 44.967571258000191 ], [ 18.504072190000045, 44.967746736000151 ], [ 18.498653411000134, 44.969646455000031 ], [ 18.493400574000134, 44.970516205000081 ], [ 18.489967346000071, 44.970691681000176 ], [ 18.48671340900006, 44.970436097000174 ], [ 18.485170364000055, 44.970027923000146 ], [ 18.483739852000156, 44.969303131000061 ], [ 18.482700348000094, 44.968341828000177 ], [ 18.481800079000152, 44.966205596000179 ], [ 18.482086182000103, 44.964080811000144 ], [ 18.482622147000143, 44.96307754500009 ], [ 18.484363556000062, 44.961513519000164 ], [ 18.490764618000185, 44.958805084000176 ], [ 18.489042283, 44.953586580000035 ], [ 18.486431123000159, 44.948776245000033 ], [ 18.484821320000094, 44.946830750000061 ], [ 18.482664109000041, 44.94503402700019 ], [ 18.480211259000157, 44.943550110000047 ], [ 18.473079682000105, 44.940071106000175 ], [ 18.470458984000118, 44.939155579000158 ], [ 18.46711540300015, 44.938648225000122 ], [ 18.463546753000116, 44.938495635000095 ], [ 18.456312179000179, 44.938873291000107 ], [ 18.451385498000093, 44.939781190000133 ], [ 18.446157456000094, 44.942119598000033 ], [ 18.441333770000142, 44.943298340000183 ], [ 18.433643342000096, 44.943943023000145 ], [ 18.419185639000148, 44.944259643000066 ], [ 18.417812348000098, 44.947105408000084 ], [ 18.415126801000042, 44.951416016000053 ], [ 18.405548095000142, 44.959735870000088 ], [ 18.404882432000022, 44.96074295000011 ], [ 18.404117584000176, 44.962993623000045 ], [ 18.404050828000152, 44.966598512000189 ], [ 18.404684067000062, 44.968936921000136 ], [ 18.4052581790001, 44.970024110000111 ], [ 18.406045914000174, 44.971015931000181 ], [ 18.407720565000091, 44.972312927000019 ], [ 18.412975311000025, 44.975551606000067 ], [ 18.421798707000164, 44.978374481000117 ], [ 18.423858643000074, 44.979278564000026 ], [ 18.424764633000109, 44.979934692000143 ], [ 18.425472259, 44.980739594000113 ], [ 18.426176072000089, 44.982559205000143 ], [ 18.426023483000165, 44.98439025800019 ], [ 18.425340653000148, 44.986007691000168 ], [ 18.423601151000071, 44.988418578999983 ], [ 18.421539307000046, 44.989803314000085 ], [ 18.41385078400009, 44.992145538999978 ], [ 18.410999298000036, 44.99349975500013 ], [ 18.408571244000029, 44.994354248000036 ], [ 18.399053574, 44.995735170000103 ], [ 18.396041870000033, 44.996406556000011 ], [ 18.393711091, 44.997467041000107 ], [ 18.389808655000081, 45.000389100000064 ], [ 18.388332366000043, 45.001773835000108 ], [ 18.387208939000118, 45.003871918000073 ], [ 18.385431289999985, 45.01383590800009 ], [ 18.384130477000099, 45.016895294000108 ], [ 18.381923676000042, 45.020927430000143 ], [ 18.360971451000069, 45.026756286000136 ], [ 18.361700058000054, 45.037509918000126 ], [ 18.362270355000078, 45.041271211000037 ], [ 18.363176345000056, 45.043560028000115 ], [ 18.36395454400008, 45.044601440000122 ], [ 18.365058898000143, 45.045520783000086 ], [ 18.366498948000128, 45.046226501000035 ], [ 18.368076324000072, 45.04668045 ], [ 18.371454238000126, 45.047084809000182 ], [ 18.376840592000121, 45.047042847000057 ], [ 18.38972282400016, 45.046291351000093 ], [ 18.39197158900015, 45.046634675000064 ], [ 18.393939972000055, 45.04742813200005 ], [ 18.397325515000148, 45.049652099000127 ], [ 18.40299606300016, 45.052276612000128 ], [ 18.405628204000095, 45.053764344000115 ], [ 18.411725997000019, 45.058090209 ], [ 18.416704178000089, 45.063079833000018 ], [ 18.42079544, 45.06635284400005 ], [ 18.425691604000122, 45.072029115000134 ], [ 18.433511733000159, 45.079578399000184 ], [ 18.433626176000075, 45.079776763000098 ] ] ] ] } },
{ "type": "Feature", "properties": { "fid": 113, "GID_3": "BIH.2.5.2_1", "GID_0": "BIH", "COUNTRY": "Bosnia and Herzegovina", "GID_1": "BIH.2_1", "NAME_1": "Federacija Bosna i Hercegovina", "NL_NAME_1": "NA", "GID_2": "BIH.2.5_1", "NAME_2": "Posavina", "NL_NAME_2": "NA", "NAME_3": "Odžak", "VARNAME_3": "NA", "NL_NAME_3": "NA", "TYPE_3": "Opčine", "ENGTYPE_3": "Commune", "CC_3": "NA", "HASC_3": "NA" }, "geometry": { "type": "MultiPolygon", "coordinates": [ [ [ [ 18.441217422000079, 45.092815399000131 ], [ 18.433626176000075, 45.079776763000098 ], [ 18.433511733000159, 45.079578399000184 ], [ 18.425691604000122, 45.072029115000134 ], [ 18.42079544, 45.06635284400005 ], [ 18.416704178000089, 45.063079833000018 ], [ 18.411725997000019, 45.058090209 ], [ 18.405628204000095, 45.053764344000115 ], [ 18.40299606300016, 45.052276612000128 ], [ 18.397325515000148, 45.049652099000127 ], [ 18.393939972000055, 45.04742813200005 ], [ 18.39197158900015, 45.046634675000064 ], [ 18.38972282400016, 45.046291351000093 ], [ 18.376840592000121, 45.047042847000057 ], [ 18.371454238000126, 45.047084809000182 ], [ 18.368076324000072, 45.04668045 ], [ 18.366498948000128, 45.046226501000035 ], [ 18.365058898000143, 45.045520783000086 ], [ 18.36395454400008, 45.044601440000122 ], [ 18.363176345000056, 45.043560028000115 ], [ 18.362270355000078, 45.041271211000037 ], [ 18.361700058000054, 45.037509918000126 ], [ 18.360971451000069, 45.026756286000136 ], [ 18.358633042000122, 45.026638031 ], [ 18.357196807000037, 45.026302337000118 ], [ 18.355617523000092, 45.025398255000141 ], [ 18.353162766000139, 45.023464204000049 ], [ 18.35084152200011, 45.022090912000124 ], [ 18.348041535000164, 45.021022797000114 ], [ 18.344869614000174, 45.020526886000027 ], [ 18.341707229000065, 45.020565033000082 ], [ 18.338823319000028, 45.021064759000012 ], [ 18.337591171000042, 45.021492004000095 ], [ 18.334213257000158, 45.023380280000026 ], [ 18.331701278000025, 45.024101257000098 ], [ 18.328851699000097, 45.024360656000169 ], [ 18.327400207999972, 45.024299621000182 ], [ 18.324640274000046, 45.023704528000053 ], [ 18.322753906000116, 45.022682190000182 ], [ 18.318086624000159, 45.019180298000151 ], [ 18.316867828, 45.017124177000142 ], [ 18.315490723000039, 45.011280061000093 ], [ 18.314668655000048, 45.009048461000191 ], [ 18.313337327, 45.007289886000081 ], [ 18.311113358000114, 45.005313874000194 ], [ 18.307401656000138, 45.001342773000147 ], [ 18.305038453000122, 44.999740600000052 ], [ 18.30215835600012, 44.998535156000116 ], [ 18.298896790000072, 44.997978210000042 ], [ 18.295675277000043, 44.998058319 ], [ 18.294139862000122, 44.998329164000154 ], [ 18.292699815000049, 44.99879074100005 ], [ 18.291418075000081, 44.999473572000113 ], [ 18.290447234000112, 45.000335693000125 ], [ 18.289787293000131, 45.001258851000159 ], [ 18.287704468000015, 45.005836488000114 ], [ 18.285396575000107, 45.008655548000092 ], [ 18.284517289, 45.010776520000093 ], [ 18.283292771000106, 45.017826080000191 ], [ 18.282228469000188, 45.019897462000188 ], [ 18.276569366000103, 45.025028230000146 ], [ 18.273136138000098, 45.027179718000184 ], [ 18.269989012999986, 45.029636383000138 ], [ 18.264678954000033, 45.032512666000173 ], [ 18.262435914000093, 45.03419113200016 ], [ 18.260526657000128, 45.036132813000108 ], [ 18.257070541000132, 45.04096221900005 ], [ 18.249029159000031, 45.049003601000152 ], [ 18.246206284000152, 45.052467346000128 ], [ 18.242252351000104, 45.055633544000045 ], [ 18.23953056300013, 45.058288574000187 ], [ 18.236335754000038, 45.060680390000186 ], [ 18.232690811000168, 45.064586639000026 ], [ 18.229114533000029, 45.066986084000064 ], [ 18.226196288999972, 45.068134308000026 ], [ 18.221458434000112, 45.069187164000084 ], [ 18.208826065000039, 45.071342468000068 ], [ 18.205863953000062, 45.071273804000043 ], [ 18.203731536000134, 45.07179641700003 ], [ 18.197984696000162, 45.07498550400004 ], [ 18.193649290999986, 45.077938078999978 ], [ 18.186780929000122, 45.080684663000056 ], [ 18.179201126000123, 45.084182739000141 ], [ 18.179304124000112, 45.084232331000123 ], [ 18.174968720000038, 45.085807801000101 ], [ 18.169557572000144, 45.08846664500004 ], [ 18.189022064000028, 45.091827393000074 ], [ 18.19755363400003, 45.096534728000108 ], [ 18.205097198000146, 45.10070037800017 ], [ 18.213047027000016, 45.112545013000101 ], [ 18.213016510999978, 45.122325897000053 ], [ 18.211256028000093, 45.124900818000185 ], [ 18.206989287999988, 45.131145478000121 ], [ 18.207273484000098, 45.135047913000164 ], [ 18.207624436000174, 45.139862061000088 ], [ 18.220155716000136, 45.148761750000062 ], [ 18.222154617000058, 45.150180817000148 ], [ 18.224054336000108, 45.150440217000096 ], [ 18.235776900000189, 45.152053832000092 ], [ 18.2546997070001, 45.152606963000153 ], [ 18.262975692000168, 45.139125824000189 ], [ 18.266012192, 45.135643006000123 ], [ 18.269428254000047, 45.131721497000115 ], [ 18.271657943999969, 45.129161835000048 ], [ 18.287555694000162, 45.12970733700007 ], [ 18.299253464000117, 45.12783050500002 ], [ 18.302877427000169, 45.127246857000046 ], [ 18.307912827000052, 45.119564057000161 ], [ 18.308809280000105, 45.118194581000182 ], [ 18.339403153000035, 45.117561341000169 ], [ 18.374986648000174, 45.121131898000101 ], [ 18.37997055000011, 45.121559143000184 ], [ 18.389957427000127, 45.12241745100016 ], [ 18.404901505000112, 45.123699189000149 ], [ 18.42367744500018, 45.113983154000152 ], [ 18.427747726000064, 45.103309631000116 ], [ 18.439857483000083, 45.093719484000076 ], [ 18.441217422000079, 45.092815399000131 ] ] ] ] } },
{ "type": "Feature", "properties": { "fid": 114, "GID_3": "BIH.3.3.9_1", "GID_0": "BIH", "COUNTRY": "Bosnia and Herzegovina", "GID_1": "BIH.3_1", "NAME_1": "Repuplika Srpska", "NL_NAME_1": "NA", "GID_2": "BIH.3.3_1", "NAME_2": "Doboj", "NL_NAME_2": "NA", "NAME_3": "Vukosavlje", "VARNAME_3": "NA", "NL_NAME_3": "NA", "TYPE_3": "Opčine", "ENGTYPE_3": "Commune", "CC_3": "NA", "HASC_3": "NA" }, "geometry": { "type": "MultiPolygon", "coordinates": [ [ [ [ 18.208826065000039, 45.071342468000068 ], [ 18.221458434000112, 45.069187164000084 ], [ 18.226196288999972, 45.068134308000026 ], [ 18.229114533000029, 45.066986084000064 ], [ 18.232690811000168, 45.064586639000026 ], [ 18.236335754000038, 45.060680390000186 ], [ 18.23953056300013, 45.058288574000187 ], [ 18.242252351000104, 45.055633544000045 ], [ 18.246206284000152, 45.052467346000128 ], [ 18.249029159000031, 45.049003601000152 ], [ 18.257070541000132, 45.04096221900005 ], [ 18.260526657000128, 45.036132813000108 ], [ 18.262435914000093, 45.03419113200016 ], [ 18.264678954000033, 45.032512666000173 ], [ 18.269989012999986, 45.029636383000138 ], [ 18.273136138000098, 45.027179718000184 ], [ 18.276569366000103, 45.025028230000146 ], [ 18.282228469000188, 45.019897462000188 ], [ 18.283292771000106, 45.017826080000191 ], [ 18.284517289, 45.010776520000093 ], [ 18.285396575000107, 45.008655548000092 ], [ 18.287704468000015, 45.005836488000114 ], [ 18.289787293000131, 45.001258851000159 ], [ 18.290447234000112, 45.000335693000125 ], [ 18.291418075000081, 44.999473572000113 ], [ 18.292699815000049, 44.99879074100005 ], [ 18.294139862000122, 44.998329164000154 ], [ 18.295675277000043, 44.998058319 ], [ 18.298896790000072, 44.997978210000042 ], [ 18.30215835600012, 44.998535156000116 ], [ 18.305038453000122, 44.999740600000052 ], [ 18.307401656000138, 45.001342773000147 ], [ 18.311113358000114, 45.005313874000194 ], [ 18.313337327, 45.007289886000081 ], [ 18.314668655000048, 45.009048461000191 ], [ 18.315490723000039, 45.011280061000093 ], [ 18.316867828, 45.017124177000142 ], [ 18.318086624000159, 45.019180298000151 ], [ 18.322753906000116, 45.022682190000182 ], [ 18.324640274000046, 45.023704528000053 ], [ 18.327400207999972, 45.024299621000182 ], [ 18.328851699000097, 45.024360656000169 ], [ 18.331701278000025, 45.024101257000098 ], [ 18.334213257000158, 45.023380280000026 ], [ 18.337591171000042, 45.021492004000095 ], [ 18.338823319000028, 45.021064759000012 ], [ 18.341707229000065, 45.020565033000082 ], [ 18.344869614000174, 45.020526886000027 ], [ 18.348041535000164, 45.021022797000114 ], [ 18.35084152200011, 45.022090912000124 ], [ 18.353162766000139, 45.023464204000049 ], [ 18.355617523000092, 45.025398255000141 ], [ 18.357196807000037, 45.026302337000118 ], [ 18.358633042000122, 45.026638031 ], [ 18.360971451000069, 45.026756286000136 ], [ 18.381923676000042, 45.020927430000143 ], [ 18.37531471300008, 45.017745971000068 ], [ 18.370847702000049, 45.015239716000053 ], [ 18.365934372000083, 45.0113563540001 ], [ 18.362403869000104, 45.009143830000028 ], [ 18.359350205000055, 45.006698609000125 ], [ 18.355871200000081, 45.00461578400018 ], [ 18.352773667000179, 45.002246856999989 ], [ 18.345649719000164, 44.998153686000194 ], [ 18.336685181000064, 44.995464325000171 ], [ 18.325080872000115, 44.98863220200019 ], [ 18.318937302000165, 44.986900331000129 ], [ 18.314241409000033, 44.986293793000073 ], [ 18.309036255000137, 44.986366272999987 ], [ 18.297687531000122, 44.987998962000177 ], [ 18.281967162000115, 44.989036561000148 ], [ 18.276498795, 44.989643097000055 ], [ 18.273347855000111, 44.990379334000124 ], [ 18.272041322000064, 44.990909576000149 ], [ 18.268075943000156, 44.993324278999978 ], [ 18.266145706000088, 44.99385833700012 ], [ 18.265087128000062, 44.993934631000059 ], [ 18.261886596000068, 44.993610383000032 ], [ 18.259716034000064, 44.993087768000066 ], [ 18.255313873000091, 44.990795136000088 ], [ 18.25203323400018, 44.989734651000163 ], [ 18.248554228999978, 44.989120485000171 ], [ 18.244943619000026, 44.98929214500015 ], [ 18.241464614000051, 44.990135193000128 ], [ 18.238426209000068, 44.991653443000132 ], [ 18.233459474000085, 44.996040344000107 ], [ 18.230390548, 45.001449585000103 ], [ 18.228370666000046, 45.002979279000044 ], [ 18.224187852000171, 45.004291536000153 ], [ 18.217088699000158, 45.005332947000113 ], [ 18.214475632000187, 45.005382537000116 ], [ 18.211921692000089, 45.005180360000168 ], [ 18.207012177000024, 45.004665376 ], [ 18.203887938000094, 45.004104614000141 ], [ 18.201507569000057, 45.003303527000014 ], [ 18.192052841000077, 44.997447968000074 ], [ 18.189687728000024, 44.996448518000136 ], [ 18.184892655000056, 44.995788575000176 ], [ 18.179845809000085, 44.995994567000139 ], [ 18.17669868400003, 44.996620179000047 ], [ 18.174278258000129, 44.997657775000107 ], [ 18.171676635999972, 44.999370575000057 ], [ 18.165666580000106, 45.00241851800007 ], [ 18.158407212000043, 45.007701873000144 ], [ 18.162414550000108, 45.012519836000081 ], [ 18.167371750000143, 45.016979218000131 ], [ 18.172222137000063, 45.023281097999984 ], [ 18.173461915000189, 45.025688171000127 ], [ 18.175434112, 45.03235244800004 ], [ 18.176761627000189, 45.034770966000167 ], [ 18.177820206000092, 45.035839081000177 ], [ 18.180677413000126, 45.037391662000118 ], [ 18.185985564000134, 45.038936614000193 ], [ 18.197605134000185, 45.040069580000136 ], [ 18.207542419000049, 45.041404725000064 ], [ 18.210557938000079, 45.042270660000042 ], [ 18.21302032400007, 45.04395675700016 ], [ 18.214403153000148, 45.046203613999978 ], [ 18.215066910000075, 45.048690796000074 ], [ 18.215345383000113, 45.052680969000107 ], [ 18.215036393000162, 45.056835175000117 ], [ 18.214431762000117, 45.059635162000063 ], [ 18.213195801999973, 45.062900544000058 ], [ 18.208826065000039, 45.071342468000068 ] ] ] ] } }
]
}
