{
"type": "FeatureCollection",
"name": "CG-07",
"crs": { "type": "name", "properties": { "name": "urn:ogc:def:crs:OGC:1.3:CRS84" } },
"features": [
{ "type": "Feature", "properties": { "fid": 2, "GID_1": "MNE.2_1", "GID_0": "MNE", "COUNTRY": "Montenegro", "NAME_1": "Bar", "VARNAME_1": "NA", "NL_NAME_1": "NA", "TYPE_1": "Opština", "ENGTYPE_1": "Municipality", "CC_1": "NA", "HASC_1": "ME.BA", "ISO_1": "ME-02" }, "geometry": { "type": "MultiPolygon", "coordinates": [ [ [ [ 19.287149429000181, 42.181301117000089 ], [ 19.28578567500017, 42.18000602800015 ], [ 19.321535110000184, 42.152797699000189 ], [ 19.341726304000133, 42.141105652000078 ], [ 19.386220932000128, 42.112953187000187 ], [ 19.372070313, 42.106689454000161 ], [ 19.349914550000108, 42.095520020000038 ], [ 19.344590403000041, 42.093427195000174 ], [ 19.330505371000129, 42.087890625 ], [ 19.322341664000135, 42.085651024000072 ], [ 19.316711427000087, 42.084106446000192 ], [ 19.313110351000034, 42.083496094000111 ], [ 19.289489746000129, 42.081726074000073 ], [ 19.279479980000019, 42.080078124000124 ], [ 19.272888183000077, 42.079895020000095 ], [ 19.268920898000147, 42.080322266000053 ], [ 19.267374512000117, 42.080681249000179 ], [ 19.265502930000139, 42.081115723000096 ], [ 19.260070800000108, 42.083312988000102 ], [ 19.254699706000167, 42.08673095600011 ], [ 19.248474122000175, 42.091674805000139 ], [ 19.24389648500005, 42.094726563000052 ], [ 19.241335048000167, 42.096007690000079 ], [ 19.237917000000152, 42.097717000000102 ], [ 19.234678, 42.098877000000186 ], [ 19.234376159000192, 42.098965849000137 ], [ 19.230529786000147, 42.100097657000163 ], [ 19.227294922, 42.100280761000079 ], [ 19.224121093000065, 42.100280761000079 ], [ 19.222106934000124, 42.099914551000154 ], [ 19.219116211000028, 42.098876953000058 ], [ 19.217536783000071, 42.097736254000097 ], [ 19.216919000000189, 42.097290000000157 ], [ 19.216588111000078, 42.096842440000046 ], [ 19.21588134700005, 42.095886230000133 ], [ 19.215515137000125, 42.093688965000183 ], [ 19.215515137000125, 42.091491699000073 ], [ 19.215595966000137, 42.091267866000123 ], [ 19.216309, 42.089294 ], [ 19.217529, 42.087891000000127 ], [ 19.218482824000091, 42.087083795000069 ], [ 19.219909668000184, 42.085876466000059 ], [ 19.222161493000101, 42.084622609000178 ], [ 19.225280762000182, 42.08288574300019 ], [ 19.227722167000081, 42.080871582000043 ], [ 19.22816924600005, 42.080424066000148 ], [ 19.229673386000172, 42.078918456999986 ], [ 19.230194289, 42.078064594000125 ], [ 19.230529786000147, 42.077514649000193 ], [ 19.230975887, 42.076022461000036 ], [ 19.231077194000136, 42.075683593000065 ], [ 19.230926793000037, 42.07406242400009 ], [ 19.230895996000072, 42.073730469000111 ], [ 19.230285644000048, 42.072509765000177 ], [ 19.225280762000182, 42.06469726600011 ], [ 19.22463369899998, 42.063028525000107 ], [ 19.224121093000065, 42.061706543000184 ], [ 19.223965317000136, 42.059292004000156 ], [ 19.223877014000038, 42.057922211000061 ], [ 19.224486657000114, 42.056358342000067 ], [ 19.225281000000166, 42.054321 ], [ 19.226929, 42.052307 ], [ 19.230491346000179, 42.049041381000109 ], [ 19.231323130000078, 42.048278912000171 ], [ 19.231877926000152, 42.047905359000083 ], [ 19.237487792000138, 42.044128417000024 ], [ 19.243794998000112, 42.040440306000164 ], [ 19.244689942000093, 42.03991699200003 ], [ 19.245161138000185, 42.039534701000093 ], [ 19.247924804000036, 42.037292482000112 ], [ 19.248788513000022, 42.036096576000091 ], [ 19.249511718000065, 42.035095214000023 ], [ 19.251527787000157, 42.030700683000134 ], [ 19.251919014000123, 42.028806320000172 ], [ 19.252687454000124, 42.02508545000012 ], [ 19.252828832000091, 42.023126200000036 ], [ 19.252929688000052, 42.02172851500012 ], [ 19.252762115000166, 42.019454313000097 ], [ 19.252502441000161, 42.015930176000097 ], [ 19.25179501100007, 42.013485722000155 ], [ 19.251283646000104, 42.011718751000046 ], [ 19.250305121000054, 42.010442413000135 ], [ 19.249879837000037, 42.009887695000089 ], [ 19.247907592000047, 42.008298941000078 ], [ 19.247682572000087, 42.008117675000165 ], [ 19.247415737000097, 42.00796685500012 ], [ 19.246278764000067, 42.007324220000157 ], [ 19.244239841000081, 42.006791219000036 ], [ 19.242309570000145, 42.006286621000186 ], [ 19.240403838000191, 42.006113455000047 ], [ 19.238279342000112, 42.005920410000158 ], [ 19.233886718000065, 42.005676270000038 ], [ 19.230518112000084, 42.00591020100012 ], [ 19.225097656000116, 42.006286621000186 ], [ 19.21307373000019, 42.008483887000068 ], [ 19.203308105000133, 42.011291504000155 ], [ 19.189162523000164, 42.016863023000099 ], [ 19.187502, 42.017517000000112 ], [ 19.183109775000105, 42.019042967000132 ], [ 19.173095702000126, 42.022521972000163 ], [ 19.166688919000023, 42.024108887000068 ], [ 19.157714844000111, 42.025878907000163 ], [ 19.150589843000091, 42.027510586000062 ], [ 19.149719250000089, 42.027709943000161 ], [ 19.149805707000041, 42.027565092000145 ], [ 19.150083541000072, 42.027099609000061 ], [ 19.150083541000072, 42.02648925800014 ], [ 19.148927689, 42.026306152000075 ], [ 19.148927689, 42.025970459000121 ], [ 19.148750306000181, 42.025970459000121 ], [ 19.148750306000181, 42.026248932000158 ], [ 19.148195268000109, 42.026248932000158 ], [ 19.148202895999987, 42.026542662999987 ], [ 19.147916795000071, 42.026527404999968 ], [ 19.147916795000071, 42.026672363999978 ], [ 19.147916795000071, 42.026805878 ], [ 19.147449493000124, 42.026805878 ], [ 19.146528244000024, 42.026805878 ], [ 19.146482468000102, 42.027099609000061 ], [ 19.14541626, 42.027084351000042 ], [ 19.145404815000063, 42.027305604000162 ], [ 19.145114898000145, 42.027362824000079 ], [ 19.144306183000083, 42.027362824000079 ], [ 19.144306183000083, 42.027526857000112 ], [ 19.144306183000083, 42.027637482000102 ], [ 19.144134522000172, 42.027637482000102 ], [ 19.143747329000064, 42.027637482000102 ], [ 19.143747329000064, 42.02791595500014 ], [ 19.143665312999985, 42.02791595500014 ], [ 19.14347267100004, 42.02791595500014 ], [ 19.143537521999974, 42.028221132000056 ], [ 19.142917633000138, 42.028194428000177 ], [ 19.142881394000085, 42.028503418000128 ], [ 19.142360687000064, 42.028472901000043 ], [ 19.142360687000064, 42.02875137400008 ], [ 19.142274856000142, 42.02875137400008 ], [ 19.142076493000161, 42.02875137400008 ], [ 19.141525268000123, 42.02875137400008 ], [ 19.141525268000123, 42.028930665000075 ], [ 19.141525268000123, 42.029026032000047 ], [ 19.141338349000023, 42.029026032000047 ], [ 19.140972137000119, 42.029026032000047 ], [ 19.140922547000059, 42.029304505000084 ], [ 19.140693664000082, 42.029304505000084 ], [ 19.140644074000022, 42.029582978000121 ], [ 19.140415191000045, 42.029582978000121 ], [ 19.140415191000045, 42.029769897000051 ], [ 19.140415191000045, 42.029861451000158 ], [ 19.140245438000079, 42.029861451000158 ], [ 19.139862059999984, 42.029861451000158 ], [ 19.139831543000071, 42.030082704000108 ], [ 19.139303208000115, 42.030139924000025 ], [ 19.139280320000182, 42.030517579000104 ], [ 19.139028548000113, 42.030418397000062 ], [ 19.139028548000113, 42.030693055000029 ], [ 19.138750075000075, 42.030693055000029 ], [ 19.138750075000075, 42.030971528000066 ], [ 19.139099121000186, 42.030971528000066 ], [ 19.139099121000186, 42.031250001000103 ], [ 19.140415191000045, 42.031311036000091 ], [ 19.140415191000045, 42.03152847400014 ], [ 19.140630723000072, 42.031558991000111 ], [ 19.140693664000082, 42.031681061000086 ], [ 19.140693664000082, 42.031806945000028 ], [ 19.140928267000049, 42.031806945000028 ], [ 19.141250610000156, 42.031806945000028 ], [ 19.141250610000156, 42.031978608000088 ], [ 19.141250610000156, 42.03208160500003 ], [ 19.141525268000123, 42.03212356500012 ], [ 19.141525268000123, 42.032360078000067 ], [ 19.14180755600006, 42.032360078000067 ], [ 19.14180755600006, 42.032638549000069 ], [ 19.142005920000088, 42.032638549000069 ], [ 19.142084121000096, 42.032638549000069 ], [ 19.142084121000096, 42.032917022000106 ], [ 19.142360687000064, 42.032917022000106 ], [ 19.142360687000064, 42.033283234000066 ], [ 19.142360687000064, 42.03347396800018 ], [ 19.142517089000023, 42.03350830200003 ], [ 19.142639160000101, 42.03347396800018 ], [ 19.142639160000101, 42.033748625999976 ], [ 19.142517089000023, 42.033748625999976 ], [ 19.142360687000064, 42.033748625999976 ], [ 19.142360687000064, 42.034145355000078 ], [ 19.142360687000064, 42.034305572000051 ], [ 19.142269135000106, 42.034305572000051 ], [ 19.142084121000096, 42.034305572000051 ], [ 19.142030716000022, 42.034584045000088 ], [ 19.14180755600006, 42.034584045000088 ], [ 19.14180755600006, 42.034740447000104 ], [ 19.14180755600006, 42.034862518000125 ], [ 19.140884400000061, 42.034862518000125 ], [ 19.140502930000082, 42.034862518000125 ], [ 19.140415191000045, 42.034862518000125 ], [ 19.14039039700009, 42.035137176000148 ], [ 19.140138625000077, 42.035137176000148 ], [ 19.140151978000176, 42.035701752000136 ], [ 19.140157699000042, 42.035911560000102 ], [ 19.140352250000035, 42.035972595000089 ], [ 19.140693664000082, 42.035972595000089 ], [ 19.140693664000082, 42.036075592000145 ], [ 19.140693664000082, 42.036251068000126 ], [ 19.14094352800015, 42.036251068000126 ], [ 19.141250610000156, 42.036251068000126 ], [ 19.141296387000125, 42.036499024000193 ], [ 19.141366958000162, 42.036529541000164 ], [ 19.142360687000064, 42.036529541000164 ], [ 19.142360687000064, 42.037082672000167 ], [ 19.142639160000101, 42.037082672000167 ], [ 19.142633437000086, 42.037292482000112 ], [ 19.142360687000064, 42.037361145000034 ], [ 19.142353059000129, 42.037639618000071 ], [ 19.142084121000096, 42.037639618000071 ], [ 19.142089844000111, 42.038513184000067 ], [ 19.142700195000089, 42.038513184000067 ], [ 19.142639160000101, 42.038749695000149 ], [ 19.142827989000182, 42.038749695000149 ], [ 19.142917633000138, 42.038749695000149 ], [ 19.142917633000138, 42.038913728000125 ], [ 19.142917633000138, 42.039028168000186 ], [ 19.143032073000029, 42.039028168000186 ], [ 19.143194198000174, 42.039028168000186 ], [ 19.143194198000174, 42.039192201 ], [ 19.143194198000174, 42.039306641000053 ], [ 19.143310546000066, 42.039306641000053 ], [ 19.14347267100004, 42.039306641000053 ], [ 19.143493652000075, 42.03991699200003 ], [ 19.143194198000174, 42.039859772000113 ], [ 19.143194198000174, 42.040416718000188 ], [ 19.142917633000138, 42.040416718000188 ], [ 19.142896652000104, 42.041801453000062 ], [ 19.142639160000101, 42.041805268000132 ], [ 19.142639160000101, 42.042362214000036 ], [ 19.142084121000096, 42.042362214000036 ], [ 19.142084121000096, 42.042640687000073 ], [ 19.141525268000123, 42.042640687000073 ], [ 19.141477585000189, 42.04291534500004 ], [ 19.141250610000156, 42.04291534500004 ], [ 19.141296387000125, 42.043518066000104 ], [ 19.140972137000119, 42.043472291000114 ], [ 19.140972137000119, 42.043750762000172 ], [ 19.140693664000082, 42.043750762000172 ], [ 19.140693664000082, 42.044029235000039 ], [ 19.140415191000045, 42.044029235000039 ], [ 19.140415191000045, 42.044208526000034 ], [ 19.140415191000045, 42.044303894999985 ], [ 19.139862059999984, 42.04437255900018 ], [ 19.139862059999984, 42.044582366000043 ], [ 19.139757157000133, 42.044582366000043 ], [ 19.139583587000118, 42.044582366000043 ], [ 19.139583587000118, 42.044757844000173 ], [ 19.139583587000118, 42.04486083900008 ], [ 19.139425276999987, 42.04486083900008 ], [ 19.139028548000113, 42.04486083900008 ], [ 19.139039994000029, 42.045108796000079 ], [ 19.138750075000075, 42.045139312000117 ], [ 19.138742447000027, 42.045410157000049 ], [ 19.138673782000069, 42.045471192000036 ], [ 19.138193131000037, 42.045417785000154 ], [ 19.138223648000178, 42.045753479000041 ], [ 19.137916566000172, 42.045696258000191 ], [ 19.137882232000152, 42.045921326000155 ], [ 19.137815476000128, 42.045970916000158 ], [ 19.137361527000166, 42.045970916000158 ], [ 19.137361527000166, 42.046249389000025 ], [ 19.13652801600017, 42.046249389000025 ], [ 19.13652801600017, 42.045970916000158 ], [ 19.134862900000087, 42.045970916000158 ], [ 19.134862900000087, 42.046249389000025 ], [ 19.134582520000151, 42.046249389000025 ], [ 19.134559631000116, 42.046478272000058 ], [ 19.134450913000023, 42.046527862000062 ], [ 19.134027481000146, 42.046527862000062 ], [ 19.133995057000106, 42.046806335000099 ], [ 19.13375091600011, 42.046806335000099 ], [ 19.133726120000176, 42.04711914000012 ], [ 19.133472443000073, 42.047084808000136 ], [ 19.133472443000073, 42.04735946600016 ], [ 19.132360458000164, 42.04735946600016 ], [ 19.132360458000164, 42.047637938999969 ], [ 19.131805420000035, 42.047637938999969 ], [ 19.131818770999985, 42.047946931000183 ], [ 19.131528854000067, 42.047916412 ], [ 19.131494523000185, 42.048088073000088 ], [ 19.130971908, 42.048194885000044 ], [ 19.130973816000164, 42.048526763000154 ], [ 19.129861831000085, 42.048473358000081 ], [ 19.129861831000085, 42.048564910000039 ], [ 19.129861831000085, 42.048751831000118 ], [ 19.129768372000115, 42.048751831000118 ], [ 19.129583358000048, 42.048751831000118 ], [ 19.129562377000184, 42.049026489000141 ], [ 19.129306793000183, 42.049026489000141 ], [ 19.129270553000026, 42.049316406000059 ], [ 19.129028320000145, 42.049304962000178 ], [ 19.129028320000145, 42.049583435000045 ], [ 19.128471374000071, 42.049583435000045 ], [ 19.128477095999983, 42.049926759000186 ], [ 19.127914429999976, 42.049861908000082 ], [ 19.127893449000112, 42.050140381000119 ], [ 19.127361297000164, 42.050140381000119 ], [ 19.127361297000164, 42.050415039000086 ], [ 19.1265277870001, 42.050415039000086 ], [ 19.126525880000031, 42.050720216 ], [ 19.125692368000159, 42.050693512000123 ], [ 19.125669480000056, 42.05097198500016 ], [ 19.125583648000031, 42.05097198500016 ], [ 19.125139237000155, 42.05097198500016 ], [ 19.125120164000066, 42.05133056700015 ], [ 19.124860764000118, 42.051250458000027 ], [ 19.124860764000118, 42.051406861000089 ], [ 19.124860764000118, 42.051528931000064 ], [ 19.124305725999989, 42.051570893000132 ], [ 19.124305725999989, 42.051807404000101 ], [ 19.124208451000072, 42.051807404000101 ], [ 19.124027253000179, 42.051807404000101 ], [ 19.124084473000096, 42.052124024000193 ], [ 19.123750686999983, 42.052082062000068 ], [ 19.123798370000145, 42.052410125000165 ], [ 19.123472214000174, 42.052360535000105 ], [ 19.123472214000174, 42.052917481000179 ], [ 19.123193741000136, 42.052917481000179 ], [ 19.123193741000136, 42.053195954000046 ], [ 19.122917176000044, 42.053195954000046 ], [ 19.122924804000149, 42.053527833000089 ], [ 19.12236023000014, 42.053470612000069 ], [ 19.122400284000094, 42.053794860000039 ], [ 19.122083664000172, 42.053749085000106 ], [ 19.122068406000153, 42.054077148000147 ], [ 19.121528626000099, 42.054027558000143 ], [ 19.121519088000184, 42.054321290000075 ], [ 19.120695114000057, 42.054306031000181 ], [ 19.120668411000054, 42.054538727000022 ], [ 19.120595932000185, 42.054584502000182 ], [ 19.120138168000153, 42.054584502000182 ], [ 19.12011528000005, 42.054870606000065 ], [ 19.119861603000118, 42.054862975000049 ], [ 19.119861603000118, 42.055007935000162 ], [ 19.119861603000118, 42.055137635000051 ], [ 19.119623183999977, 42.055137635000051 ], [ 19.119304657000043, 42.055137635000051 ], [ 19.119304657000043, 42.055309296000132 ], [ 19.119304657000043, 42.055416108000088 ], [ 19.119104385000128, 42.055416108000088 ], [ 19.118473053000116, 42.055416108000088 ], [ 19.11853027300009, 42.055725098000039 ], [ 19.118194580000079, 42.05569457900009 ], [ 19.118194580000079, 42.055973052000127 ], [ 19.117916107000042, 42.055973052000127 ], [ 19.117919922000112, 42.056274414000029 ], [ 19.117361068000037, 42.056251525 ], [ 19.117364883000107, 42.056541444000118 ], [ 19.116525651000131, 42.056526183000187 ], [ 19.116525651000131, 42.056701661000147 ], [ 19.116525651000131, 42.056804656000054 ], [ 19.116325379000102, 42.056804656000054 ], [ 19.115695953000056, 42.056804656000054 ], [ 19.115722656000059, 42.057128906000059 ], [ 19.11541748000019, 42.057083129000091 ], [ 19.11541748000019, 42.057361602000128 ], [ 19.115137101000187, 42.057361602000128 ], [ 19.115112305000082, 42.057678222 ], [ 19.114585876000149, 42.057640075000165 ], [ 19.114610672000026, 42.057964325000171 ], [ 19.114307405000091, 42.057918548000032 ], [ 19.114267350000034, 42.058147431 ], [ 19.113750458000084, 42.058193206000169 ], [ 19.113769532000106, 42.058521271000075 ], [ 19.113193512, 42.058471679000036 ], [ 19.113201141000047, 42.058765411000024 ], [ 19.112638474000107, 42.058750152000073 ], [ 19.112670898000147, 42.059082031000059 ], [ 19.112083435000102, 42.05902862500011 ], [ 19.112121582000157, 42.059326172000112 ], [ 19.111511231000179, 42.059326172000112 ], [ 19.111528397000029, 42.059581756000114 ], [ 19.111381530000187, 42.059581756000114 ], [ 19.111249924000163, 42.059581756000114 ], [ 19.111232758000142, 42.059860229000151 ], [ 19.110971451000125, 42.059860229000151 ], [ 19.110971451000125, 42.060134887000174 ], [ 19.110694885000157, 42.060176849000072 ], [ 19.110694885000157, 42.060417175000055 ], [ 19.110597611000117, 42.060417175000055 ], [ 19.11041641200012, 42.060417175000055 ], [ 19.11047363300014, 42.060729980000076 ], [ 19.110139847000028, 42.060695649000024 ], [ 19.110137939000083, 42.060974122000061 ], [ 19.109306334999985, 42.060974122000061 ], [ 19.109312058000057, 42.061279296000066 ], [ 19.108472824000046, 42.061248779000152 ], [ 19.108520508000083, 42.061523437000119 ], [ 19.107084274000101, 42.061527252000189 ], [ 19.107084274000101, 42.061710358000028 ], [ 19.107084274000101, 42.061805725 ], [ 19.106552124000132, 42.061805725 ], [ 19.105972289000022, 42.061805725 ], [ 19.105972289000022, 42.062362672000177 ], [ 19.104860305000045, 42.062362672000177 ], [ 19.104919433000134, 42.062683106000065 ], [ 19.10430526600004, 42.062637329000097 ], [ 19.104307173999985, 42.062927246000186 ], [ 19.104028701000118, 42.062915802000134 ], [ 19.104028701000118, 42.063194276000047 ], [ 19.103471757000079, 42.063194276000047 ], [ 19.103515624000067, 42.063476564000155 ], [ 19.103195191000111, 42.063472749000084 ], [ 19.103195191000111, 42.063751222000121 ], [ 19.102636338000138, 42.063751222000121 ], [ 19.102636338000138, 42.064025879000042 ], [ 19.102361680000172, 42.064029694999988 ], [ 19.102361680000172, 42.064304353000182 ], [ 19.102119446000188, 42.064334869000049 ], [ 19.102083207000135, 42.064582826000048 ], [ 19.10197830200002, 42.064582826000048 ], [ 19.101806641000167, 42.064582826000048 ], [ 19.101768494000112, 42.064811706000114 ], [ 19.101701737000155, 42.064861299000086 ], [ 19.10152626100006, 42.064861299000086 ], [ 19.10152626100006, 42.064983367000025 ], [ 19.10152626100006, 42.065139772000123 ], [ 19.101306916000112, 42.065139772000123 ], [ 19.10097313000017, 42.065139772000123 ], [ 19.10097313000017, 42.065567017000035 ], [ 19.10097313000017, 42.065692903000127 ], [ 19.100873948000128, 42.065692903000127 ], [ 19.100696564000032, 42.065692903000127 ], [ 19.100635529000044, 42.065971376000164 ], [ 19.100414276000151, 42.065971376000164 ], [ 19.100433350000117, 42.066261291999979 ], [ 19.100139618000128, 42.06624984900003 ], [ 19.100139618000128, 42.066528320000089 ], [ 19.099914550000165, 42.066528320000089 ], [ 19.099861145000091, 42.066608428000109 ], [ 19.099861145000091, 42.066806793000126 ], [ 19.099729539000066, 42.066806793000126 ], [ 19.099582672000054, 42.066806793000126 ], [ 19.099582672000054, 42.066940308000028 ], [ 19.099582672000054, 42.067081453000071 ], [ 19.099304199000017, 42.067077637000125 ], [ 19.099304199000017, 42.067359924000129 ], [ 19.099185944000112, 42.067359924000129 ], [ 19.099027634000151, 42.067359924000129 ], [ 19.098993302000167, 42.067581176000147 ], [ 19.098897934999968, 42.067638397000167 ], [ 19.098472595000146, 42.067638397000167 ], [ 19.09851074200003, 42.067871095000044 ], [ 19.09819221500004, 42.067916870000033 ], [ 19.09819221500004, 42.06819534300007 ], [ 19.097639084000036, 42.06819534300007 ], [ 19.097717284999987, 42.068481446000192 ], [ 19.097082138000133, 42.068473816000107 ], [ 19.097106934000067, 42.068725587000074 ], [ 19.097007752000025, 42.068748474000074 ], [ 19.096250534000035, 42.068748474000074 ], [ 19.096183778000068, 42.069026947000111 ], [ 19.095970153000053, 42.069026947000111 ], [ 19.095928191000098, 42.069255830000145 ], [ 19.095872879000183, 42.069305420000148 ], [ 19.095693588000188, 42.069305420000148 ], [ 19.095745087000068, 42.069606781000118 ], [ 19.095417022, 42.069583893000186 ], [ 19.095417022, 42.070137024000019 ], [ 19.095138549000183, 42.070137024000019 ], [ 19.095138549000183, 42.070415497000056 ], [ 19.094860076000145, 42.070415497000056 ], [ 19.094909668000128, 42.070678711000028 ], [ 19.094583511000053, 42.070693970000093 ], [ 19.094583511000053, 42.07097244300013 ], [ 19.093471526000144, 42.07097244300013 ], [ 19.093505860000164, 42.071289062000176 ], [ 19.091806413000143, 42.071250916 ], [ 19.091800690000127, 42.071483612000065 ], [ 19.091403961000083, 42.071529389000034 ], [ 19.089582444000087, 42.071529389000034 ], [ 19.089597702000106, 42.07182312000009 ], [ 19.089307786000063, 42.071804047000057 ], [ 19.089294433000134, 42.072082520000095 ], [ 19.089025498000183, 42.072082520000095 ], [ 19.089025498000183, 42.072360993000132 ], [ 19.088750839999989, 42.072360993000132 ], [ 19.088684082000157, 42.072692871000015 ], [ 19.088195800999983, 42.072639466000169 ], [ 19.088195800999983, 42.072917939000035 ], [ 19.08803749100008, 42.072917939000035 ], [ 19.087915421000105, 42.072917939000035 ], [ 19.087915421000105, 42.073059083000146 ], [ 19.087915421000105, 42.073192597000173 ], [ 19.087802888000112, 42.073192597000173 ], [ 19.087638855000137, 42.073192597000173 ], [ 19.087591171000099, 42.073425293000071 ], [ 19.087360382000099, 42.073471070000039 ], [ 19.087316513000076, 42.073707581000178 ], [ 19.087085724000076, 42.073749543000076 ], [ 19.087097167000081, 42.074279785000044 ], [ 19.086803436000025, 42.074306489000151 ], [ 19.086803436000025, 42.074584962000188 ], [ 19.085971832000098, 42.074584962000188 ], [ 19.085971832000098, 42.074859620000154 ], [ 19.085416794000025, 42.074859620000154 ], [ 19.085416794000025, 42.075073242000087 ], [ 19.08486175500019, 42.075160981000124 ], [ 19.08486175500019, 42.075416566000058 ], [ 19.084753037000098, 42.075416566000058 ], [ 19.084583282000153, 42.075416566000058 ], [ 19.084583282000153, 42.075546265000071 ], [ 19.084583282000153, 42.075695039000095 ], [ 19.084096909000152, 42.075714112000185 ], [ 19.084028244000081, 42.075942993000183 ], [ 19.084028244000081, 42.076248170000156 ], [ 19.083923341000173, 42.076293945000089 ], [ 19.083749771000043, 42.076248170000156 ], [ 19.083723069000143, 42.076793670000143 ], [ 19.084028244000081, 42.076805116 ], [ 19.084028244000081, 42.07708358900004 ], [ 19.084106445000032, 42.07708358900004 ], [ 19.084583282000153, 42.077087402000132 ], [ 19.084583282000153, 42.077640533000135 ], [ 19.084304809000116, 42.077640533000135 ], [ 19.084274291999975, 42.077915193000138 ], [ 19.084028244000081, 42.077915193000138 ], [ 19.084028244000081, 42.078193666000175 ], [ 19.083194732000038, 42.078193666000175 ], [ 19.083223343000157, 42.078533172 ], [ 19.082916259000172, 42.078472137 ], [ 19.082916259000172, 42.078674316000161 ], [ 19.082916259000172, 42.078750610000043 ], [ 19.082695008000087, 42.078750610000043 ], [ 19.082361221000042, 42.078750610000043 ], [ 19.082361221000042, 42.078884126000105 ], [ 19.082361221000042, 42.07902908300008 ], [ 19.081527709, 42.07902908300008 ], [ 19.081527709, 42.078918456999986 ], [ 19.081527709, 42.078750610000043 ], [ 19.080688477000024, 42.078674316000161 ], [ 19.080694199000163, 42.07902908300008 ], [ 19.080537795000168, 42.07902908300008 ], [ 19.080417634000128, 42.07902908300008 ], [ 19.080417634000128, 42.079162599000142 ], [ 19.080415726000126, 42.079303741000103 ], [ 19.080217362000042, 42.079303741000103 ], [ 19.079860688000053, 42.079303741000103 ], [ 19.07980537300017, 42.079582214000141 ], [ 19.079305649000048, 42.079582214000141 ], [ 19.07928466900006, 42.079895020000095 ], [ 19.078750611000089, 42.079895020000095 ], [ 19.078750611000089, 42.080417633000081 ], [ 19.07855415400013, 42.080417633000081 ], [ 19.078472138000052, 42.080417633000081 ], [ 19.078491211000141, 42.080688478000184 ], [ 19.078193665000015, 42.080696106000119 ], [ 19.078193665000015, 42.080970764000085 ], [ 19.077917099000047, 42.080970764000085 ], [ 19.077880860000164, 42.081298829000161 ], [ 19.077362061000144, 42.081249237000122 ], [ 19.077362061000144, 42.081527710000159 ], [ 19.077251434000118, 42.081527710000159 ], [ 19.077083588000107, 42.081527710000159 ], [ 19.07712555, 42.081825256000059 ], [ 19.076528549000102, 42.081806183000026 ], [ 19.07647705, 42.082092286000147 ], [ 19.075696945000061, 42.082084656000063 ], [ 19.075696945000061, 42.08227539 ], [ 19.075696945000061, 42.08235931400003 ], [ 19.075496674000078, 42.08235931400003 ], [ 19.075136184000087, 42.08235931400003 ], [ 19.075136184000087, 42.082519531000059 ], [ 19.075136184000087, 42.082637787000067 ], [ 19.074924469000052, 42.082637787000067 ], [ 19.074583053000083, 42.082637787000067 ], [ 19.074583053000083, 42.082916260000104 ], [ 19.074491501000125, 42.082916260000104 ], [ 19.074304580000046, 42.082916260000104 ], [ 19.074260711000022, 42.083148956000173 ], [ 19.074026107000179, 42.083194733000141 ], [ 19.07398033200019, 42.083423613999969 ], [ 19.073926925000137, 42.083473206000178 ], [ 19.073749542000144, 42.083473206000178 ], [ 19.073711395000089, 42.083675385000106 ], [ 19.07369613700007, 42.083751679000045 ], [ 19.07347488400012, 42.083751679000045 ], [ 19.073438645000067, 42.084304810000049 ], [ 19.072914123000032, 42.084304810000049 ], [ 19.072914123000032, 42.084472657 ], [ 19.072914123000032, 42.084583283000086 ], [ 19.072732926000185, 42.084583283000086 ], [ 19.072360992000142, 42.084583283000086 ], [ 19.072326660000158, 42.084899903000178 ], [ 19.072082519000105, 42.084861756000123 ], [ 19.072082519000105, 42.08569336000005 ], [ 19.071804046000068, 42.08569336000005 ], [ 19.071804046000068, 42.086250306000125 ], [ 19.071250915000064, 42.086250306000125 ], [ 19.071289062000119, 42.086486817000036 ], [ 19.070972442000027, 42.086528779000162 ], [ 19.070972442000027, 42.086807252000028 ], [ 19.070692063000024, 42.086807252000028 ], [ 19.070678710000038, 42.087097168000184 ], [ 19.070417403000022, 42.087081910000165 ], [ 19.070390702000054, 42.087326049000012 ], [ 19.070138930000155, 42.087360383000032 ], [ 19.07013511700012, 42.087524413000097 ], [ 19.07013130200005, 42.087638856000069 ], [ 19.069860459000097, 42.087638856000069 ], [ 19.069860459000097, 42.088195802000143 ], [ 19.070137025000065, 42.088195802000143 ], [ 19.070138930000155, 42.08832931600017 ], [ 19.070138930000155, 42.08847046000011 ], [ 19.070259093000061, 42.08847046000011 ], [ 19.070417403000022, 42.08847046000011 ], [ 19.070463180000161, 42.088710786000092 ], [ 19.070695876000059, 42.088748933000147 ], [ 19.071250915000064, 42.088748933000147 ], [ 19.071250915000064, 42.088928223999972 ], [ 19.071250915000064, 42.089027406000184 ], [ 19.072008133000168, 42.089027406000184 ], [ 19.074026107000179, 42.089027406000184 ], [ 19.074026107000179, 42.089305877000072 ], [ 19.074583053000083, 42.089298249000137 ], [ 19.074583053000083, 42.089027406000184 ], [ 19.075136184000087, 42.089027406000184 ], [ 19.075126649000083, 42.089351654000041 ], [ 19.075696945000061, 42.089305877000072 ], [ 19.075696945000061, 42.089485168000067 ], [ 19.075696945000061, 42.089584350000109 ], [ 19.075971603000028, 42.089641572000062 ], [ 19.075971603000028, 42.09041595400015 ], [ 19.076234818000046, 42.09041976900005 ], [ 19.076250076000065, 42.090515136000192 ], [ 19.076250076000065, 42.090972900000054 ], [ 19.076471329000185, 42.090995788000157 ], [ 19.076528549000102, 42.091148376000035 ], [ 19.076528549000102, 42.091251373000091 ], [ 19.07680511500007, 42.09126663100011 ], [ 19.07680511500007, 42.091804504000095 ], [ 19.077053069000158, 42.091804504000095 ], [ 19.077362061000144, 42.091804504000095 ], [ 19.077362061000144, 42.092155458000036 ], [ 19.077362061000144, 42.09236145 ], [ 19.077543259000038, 42.09236145 ], [ 19.077638626, 42.09236145 ], [ 19.077638626, 42.092605591000051 ], [ 19.077638626, 42.093193054000096 ], [ 19.077871322000078, 42.093208312000115 ], [ 19.077917099000047, 42.093322755000088 ], [ 19.077917099000047, 42.093750000000171 ], [ 19.078128815000184, 42.093753815000184 ], [ 19.078193665000015, 42.096023559000059 ], [ 19.078193665000015, 42.09986114600008 ], [ 19.078308105000076, 42.099914551000154 ], [ 19.079027176000181, 42.099914551000154 ], [ 19.079027176000181, 42.099304200000176 ], [ 19.07928466900006, 42.099304200000176 ], [ 19.07928466900006, 42.093688965000183 ], [ 19.079027176000181, 42.093750000000171 ], [ 19.079027176000181, 42.093002320000096 ], [ 19.079027176000181, 42.092639923000036 ], [ 19.078889847000085, 42.092639923000036 ], [ 19.078750611000089, 42.092639923000036 ], [ 19.078750611000089, 42.09229278600003 ], [ 19.078750611000089, 42.092082977000132 ], [ 19.078674317000036, 42.092102050000051 ], [ 19.078472138000052, 42.092082977000132 ], [ 19.078472138000052, 42.091674805000139 ], [ 19.078472138000052, 42.091526031000058 ], [ 19.07837867600017, 42.091526031000058 ], [ 19.078193665000015, 42.091526031000058 ], [ 19.078193665000015, 42.0912323 ], [ 19.078193665000015, 42.091125489000149 ], [ 19.078193665000015, 42.090972900000054 ], [ 19.078081130000044, 42.090972900000054 ], [ 19.077917099000047, 42.090972900000054 ], [ 19.077917099000047, 42.090747834000069 ], [ 19.077638626, 42.090694427000187 ], [ 19.077638626, 42.090290070000037 ], [ 19.077638626, 42.090137483000149 ], [ 19.077543259000038, 42.090137483000149 ], [ 19.077362061000144, 42.090137483000149 ], [ 19.077360152999972, 42.089859010000112 ], [ 19.077360152999972, 42.089584350000109 ], [ 19.077230453000084, 42.089584350000109 ], [ 19.077083588000107, 42.089584350000109 ], [ 19.077047349000054, 42.089050292000138 ], [ 19.07680511500007, 42.089027406000184 ], [ 19.07680511500007, 42.088642121000191 ], [ 19.07680511500007, 42.08847046000011 ], [ 19.076721191000047, 42.088500977000081 ], [ 19.076528549000102, 42.08847046000011 ], [ 19.076528549000102, 42.088020324000183 ], [ 19.07647705, 42.087890625 ], [ 19.07680511500007, 42.087917329000106 ], [ 19.07680511500007, 42.08774948100006 ], [ 19.07680511500007, 42.087638856000069 ], [ 19.076904297000112, 42.087707519000162 ], [ 19.077083588000107, 42.087638856000069 ], [ 19.077087403000178, 42.087348938000048 ], [ 19.077917099000047, 42.087360383000032 ], [ 19.077917099000047, 42.087280274000079 ], [ 19.077917099000047, 42.087081910000165 ], [ 19.079305649000048, 42.087081910000165 ], [ 19.079305649000048, 42.087280274000079 ], [ 19.079305649000048, 42.087360383000032 ], [ 19.079584122000085, 42.087360383000032 ], [ 19.079584122000085, 42.087638856000069 ], [ 19.079799653000066, 42.087654114000088 ], [ 19.079860688000053, 42.087917329000106 ], [ 19.080139161000091, 42.087917329000106 ], [ 19.080139161000091, 42.087783813000044 ], [ 19.080139161000091, 42.087638856000069 ], [ 19.080444336000028, 42.087638856000069 ], [ 19.080694199000163, 42.087638856000069 ], [ 19.080694199000163, 42.087524413000097 ], [ 19.080694199000163, 42.087360383000032 ], [ 19.081100464000087, 42.087360383000032 ], [ 19.081232070000169, 42.087272644000166 ], [ 19.081249238000169, 42.087081910000165 ], [ 19.081804276000071, 42.087123872000063 ], [ 19.081764222000118, 42.088195802000143 ], [ 19.081527709, 42.088195802000143 ], [ 19.081527709, 42.08847046000011 ], [ 19.081249238000169, 42.08847046000011 ], [ 19.081249238000169, 42.089305877000072 ], [ 19.08097267200003, 42.089305877000072 ], [ 19.08097267200003, 42.089584350000109 ], [ 19.081405640000128, 42.089584350000109 ], [ 19.081527709, 42.089584350000109 ], [ 19.081527709, 42.089706421000187 ], [ 19.081527709, 42.089862823000146 ], [ 19.081726073000084, 42.089904785000044 ], [ 19.081806182000037, 42.089862823000146 ], [ 19.081806182000037, 42.090042114000141 ], [ 19.081806182000037, 42.09041595400015 ], [ 19.082038880000141, 42.090442658000086 ], [ 19.082082748, 42.090515136000192 ], [ 19.082082748, 42.090972900000054 ], [ 19.082229614000084, 42.090972900000054 ], [ 19.082361221000042, 42.090972900000054 ], [ 19.08239364700006, 42.091197968000188 ], [ 19.082916259000172, 42.091251373000091 ], [ 19.082916259000172, 42.091526031000058 ], [ 19.083471298000177, 42.091526031000058 ], [ 19.083471298000177, 42.091804504000095 ], [ 19.08486175500019, 42.091804504000095 ], [ 19.08486175500019, 42.091918946000192 ], [ 19.08486175500019, 42.09236145 ], [ 19.085186005000025, 42.092327118000185 ], [ 19.085138321000159, 42.092639923000036 ], [ 19.08538436900011, 42.092655181000055 ], [ 19.085416794000025, 42.092723847000059 ], [ 19.085416794000025, 42.093193054000096 ], [ 19.085643769000058, 42.093215942000029 ], [ 19.085693359000061, 42.093322755000088 ], [ 19.085693359000061, 42.093471527000133 ], [ 19.086177826000096, 42.093471527000133 ], [ 19.087085724000076, 42.093471527000133 ], [ 19.087085724000076, 42.093750000000171 ], [ 19.088195800999983, 42.093688965000183 ], [ 19.088195800999983, 42.094028473000037 ], [ 19.08840560900012, 42.094043731000056 ], [ 19.088472367000179, 42.094306946000074 ], [ 19.088750839999989, 42.094306946000074 ], [ 19.088716508000175, 42.094604492000144 ], [ 19.089025498000183, 42.094581604000041 ], [ 19.089025498000183, 42.094860077000078 ], [ 19.089307786000063, 42.094860077000078 ], [ 19.089307786000063, 42.095417023000152 ], [ 19.089582444000087, 42.095417023000152 ], [ 19.089548112000102, 42.095710754000038 ], [ 19.089860917000124, 42.095695496000189 ], [ 19.089860917000124, 42.095973969000056 ], [ 19.090139390000161, 42.095973969000056 ], [ 19.090114594000056, 42.096134187000132 ], [ 19.090095520000091, 42.096248627000193 ], [ 19.089860917000124, 42.096248627000193 ], [ 19.089860917000124, 42.096805573000097 ], [ 19.090131759000144, 42.096805573000097 ], [ 19.090139390000161, 42.096939087000123 ], [ 19.090139390000161, 42.097084046000134 ], [ 19.090587616000107, 42.097084046000134 ], [ 19.091249467000068, 42.097084046000134 ], [ 19.091279983000106, 42.097305299000084 ], [ 19.091489793000051, 42.097415924000074 ], [ 19.091529845000025, 42.097637177000195 ], [ 19.091806413000143, 42.097637177000195 ], [ 19.091827392000027, 42.09792327800011 ], [ 19.091529845000025, 42.09791565 ], [ 19.091579437000178, 42.098495485000115 ], [ 19.091249467000068, 42.098472596000079 ], [ 19.091245652, 42.09872055 ], [ 19.090961456000116, 42.098751069000116 ], [ 19.087360382000099, 42.098751069000116 ], [ 19.087360382000099, 42.099029541999982 ], [ 19.087638855000137, 42.099029541999982 ], [ 19.087638855000137, 42.099109651000163 ], [ 19.087638855000137, 42.099464417000036 ], [ 19.08767509400019, 42.099571228000059 ], [ 19.090139390000161, 42.099582673000043 ], [ 19.09013557500009, 42.099670410000101 ], [ 19.090087890000177, 42.100971223000158 ], [ 19.089860917000124, 42.100971223000158 ], [ 19.089904786000091, 42.102905274000022 ], [ 19.089582444000087, 42.102916717000028 ], [ 19.089530944000103, 42.103439331000118 ], [ 19.089477539000029, 42.103515625000171 ], [ 19.089307786000063, 42.103473663000102 ], [ 19.089309693000132, 42.10458374000018 ], [ 19.088472367000179, 42.10458374000018 ], [ 19.088499070000125, 42.104919433000191 ], [ 19.087915421000105, 42.104862213000047 ], [ 19.087890625000171, 42.105102539000029 ], [ 19.087764741000058, 42.105140686000084 ], [ 19.087360382000099, 42.105140686000084 ], [ 19.087360382000099, 42.105262757000162 ], [ 19.087360382000099, 42.106529236000029 ], [ 19.087274551000178, 42.106529236000029 ], [ 19.087085724000076, 42.106529236000029 ], [ 19.087097167000081, 42.107116699000073 ], [ 19.086803436000025, 42.107082367000089 ], [ 19.086803436000025, 42.107360840000126 ], [ 19.086526871000103, 42.107360840000126 ], [ 19.086559295000143, 42.107944488000101 ], [ 19.086250305000135, 42.10791778600003 ], [ 19.086250305000135, 42.108196259000067 ], [ 19.085971832000098, 42.108196259000067 ], [ 19.085929870000029, 42.109027863000108 ], [ 19.085693359000061, 42.109027863000108 ], [ 19.085721970000066, 42.109592437000117 ], [ 19.085416794000025, 42.109584809000182 ], [ 19.085416794000025, 42.110237122000058 ], [ 19.085416794000025, 42.110416413000053 ], [ 19.085327149000136, 42.110416413000053 ], [ 19.085138321000159, 42.110416413000053 ], [ 19.085077285000068, 42.110973359000127 ], [ 19.084583282000153, 42.110973359000127 ], [ 19.084583282000153, 42.111251830000185 ], [ 19.084028244000081, 42.111251830000185 ], [ 19.084028244000081, 42.111526490000188 ], [ 19.083911896000188, 42.111526490000188 ], [ 19.083749771000043, 42.111526490000188 ], [ 19.083717346000071, 42.111804963 ], [ 19.083471298000177, 42.111804963 ], [ 19.083496094000111, 42.112121583000089 ], [ 19.083194732000038, 42.112083436000034 ], [ 19.083246232000022, 42.112663269000166 ], [ 19.082916259000172, 42.11264038000013 ], [ 19.082925797000087, 42.112957 ], [ 19.082361221000042, 42.112915040000132 ], [ 19.082361221000042, 42.113079071000129 ], [ 19.082361221000042, 42.113193511000134 ], [ 19.082117081000092, 42.113235473000088 ], [ 19.082082748, 42.113471984 ], [ 19.08184623600016, 42.113471984 ], [ 19.081527709, 42.113471984 ], [ 19.081527709, 42.113750457000037 ], [ 19.081438065000043, 42.113750457000037 ], [ 19.08097267200003, 42.113750457000037 ], [ 19.08097267200003, 42.114028930000075 ], [ 19.080694199000163, 42.114028930000075 ], [ 19.080709458000115, 42.11436081 ], [ 19.080139161000091, 42.114307403000112 ], [ 19.080104827000071, 42.114524841000161 ], [ 19.080005645000028, 42.114582061000135 ], [ 19.079584122000085, 42.114582061000135 ], [ 19.079584122000085, 42.114860534000172 ], [ 19.079305649000048, 42.114860534000172 ], [ 19.079305649000048, 42.115127564000034 ], [ 19.079181671000072, 42.115139007000039 ], [ 19.077083588000107, 42.115139007000039 ], [ 19.077083588000107, 42.115299225000115 ], [ 19.077083588000107, 42.115417480000076 ], [ 19.076976776000151, 42.115417480000076 ], [ 19.07680511500007, 42.115417480000076 ], [ 19.076761245000171, 42.115657807000105 ], [ 19.076528549000102, 42.115695953000113 ], [ 19.07647705, 42.11597061100008 ], [ 19.076250076000065, 42.11597061100008 ], [ 19.076238633000116, 42.116249084000117 ], [ 19.075971603000028, 42.116249084000117 ], [ 19.076023101000033, 42.116561889000138 ], [ 19.075696945000061, 42.116527557000154 ], [ 19.075668334000056, 42.116806030000191 ], [ 19.07486152600012, 42.116806030000191 ], [ 19.074890138000171, 42.117126465000126 ], [ 19.073196411000083, 42.117084503000058 ], [ 19.073213577000104, 42.117385865000131 ], [ 19.072914123000032, 42.117362976000095 ], [ 19.072875976000148, 42.117675781000116 ], [ 19.072639465000179, 42.117637634000062 ], [ 19.072639465000179, 42.117809295000143 ], [ 19.072639465000179, 42.117916107000099 ], [ 19.072448731000065, 42.117916107000099 ], [ 19.072082519000105, 42.117916107000099 ], [ 19.072038651000071, 42.118148803000167 ], [ 19.071804046000068, 42.118194580000136 ], [ 19.071756363000134, 42.118427276000034 ], [ 19.0715274800001, 42.118473053000173 ], [ 19.07143402100013, 42.11875152600004 ], [ 19.070972442000027, 42.11875152600004 ], [ 19.070972442000027, 42.119026184 ], [ 19.070692063000024, 42.119026184 ], [ 19.070692063000024, 42.119304657000043 ], [ 19.070417403000022, 42.119304657000043 ], [ 19.070388794000053, 42.11958313000008 ], [ 19.069305421000024, 42.11958313000008 ], [ 19.069274902000075, 42.119873047 ], [ 19.068471909000152, 42.119861603000118 ], [ 19.068481445000089, 42.120117188000052 ], [ 19.068195344000117, 42.120140075999984 ], [ 19.068210602000136, 42.120975495000096 ], [ 19.067916871000079, 42.120971680000082 ], [ 19.067916871000079, 42.121250153000119 ], [ 19.067638398000042, 42.121250153000119 ], [ 19.067617417000179, 42.121482849000188 ], [ 19.067506789000049, 42.121528626000156 ], [ 19.067083359000037, 42.121528626000156 ], [ 19.067083359000037, 42.121704102000081 ], [ 19.067083359000037, 42.121807099000193 ], [ 19.066169739000088, 42.121807099000193 ], [ 19.063749313000017, 42.121807099000193 ], [ 19.063749313000017, 42.12208175700016 ], [ 19.062500000000114, 42.12208175700016 ], [ 19.062360763000072, 42.12208175700016 ], [ 19.062360763000072, 42.121807099000193 ], [ 19.061250686000164, 42.121807099000193 ], [ 19.061250686000164, 42.121528626000156 ], [ 19.060972213000127, 42.121528626000156 ], [ 19.060972213000127, 42.121807099000193 ], [ 19.06069374000009, 42.121807099000193 ], [ 19.06069374000009, 42.12208175700016 ], [ 19.060972213000127, 42.12208175700016 ], [ 19.060972213000127, 42.122917176000101 ], [ 19.061250686000164, 42.122917176000101 ], [ 19.061250686000164, 42.123195647000159 ], [ 19.061523437000062, 42.123107911000147 ], [ 19.061525344000131, 42.123470307000105 ], [ 19.061832428000173, 42.123451234000072 ], [ 19.061807632000068, 42.123748780000142 ], [ 19.062072754000155, 42.123718262000125 ], [ 19.062084198000036, 42.12402725100003 ], [ 19.062313081000013, 42.124061585 ], [ 19.062360763000072, 42.124130249000189 ], [ 19.062360763000072, 42.124305724000067 ], [ 19.062500000000114, 42.124328613000102 ], [ 19.062639236000109, 42.124305724000067 ], [ 19.062639236000109, 42.124454499000194 ], [ 19.062639236000109, 42.124584197000104 ], [ 19.06278419500012, 42.124584197000104 ], [ 19.062917709000146, 42.124584197000104 ], [ 19.062917709000146, 42.124702453000111 ], [ 19.062917709000146, 42.125137328000108 ], [ 19.063194275000114, 42.125198364000028 ], [ 19.063194275000114, 42.126251221000189 ], [ 19.063476563000052, 42.126281739000035 ], [ 19.063476563000052, 42.127361298000096 ], [ 19.063194275000114, 42.127361298000096 ], [ 19.063194275000114, 42.127822876000096 ], [ 19.063194275000114, 42.12791824400017 ], [ 19.062999726000101, 42.12791824400017 ], [ 19.062639236000109, 42.12791824400017 ], [ 19.062614440000175, 42.128105165000079 ], [ 19.062601089000054, 42.128192901000091 ], [ 19.062360763000072, 42.128192901000091 ], [ 19.062322616000188, 42.128471375 ], [ 19.062084198000036, 42.128471375 ], [ 19.062040328000137, 42.128749848000041 ], [ 19.061807632000068, 42.128749848000041 ], [ 19.061706543000128, 42.129028321000078 ], [ 19.061525344000131, 42.129028321000078 ], [ 19.061525344000131, 42.129859925000176 ], [ 19.061706543000128, 42.129859925000176 ], [ 19.061807632000068, 42.129859925000176 ], [ 19.061807632000068, 42.130264283000031 ], [ 19.061807632000068, 42.130973817000154 ], [ 19.061990738000077, 42.130973817000154 ], [ 19.062084198000036, 42.130973817000154 ], [ 19.062072754000155, 42.131286621000072 ], [ 19.061807632000068, 42.13124847500012 ], [ 19.061807632000068, 42.131866456000182 ], [ 19.061807632000068, 42.132083894000061 ], [ 19.061704635000126, 42.132083894000061 ], [ 19.061525344000131, 42.132083894000061 ], [ 19.061525344000131, 42.132362367000098 ], [ 19.061250686000164, 42.132362367000098 ], [ 19.061250686000164, 42.132915498000102 ], [ 19.060972213000127, 42.132915498000102 ], [ 19.060987473000125, 42.133758545000148 ], [ 19.06069374000009, 42.133750917000043 ], [ 19.060697555000104, 42.134037018000186 ], [ 19.060138702000188, 42.13402939000008 ], [ 19.060165405000134, 42.134349823000036 ], [ 19.059585571000127, 42.134304048000047 ], [ 19.059585571000127, 42.134582521000084 ], [ 19.059303285000055, 42.134582521000084 ], [ 19.059331894000024, 42.13489914000013 ], [ 19.058750152000187, 42.134860994000121 ], [ 19.058759689, 42.135169983000026 ], [ 19.058193208000148, 42.135139465000179 ], [ 19.058174134000126, 42.135349274000021 ], [ 19.057962417000113, 42.135417938000046 ], [ 19.057081223000068, 42.135417938000046 ], [ 19.057130813000072, 42.135681152000132 ], [ 19.056249618999971, 42.135692598000048 ], [ 19.056274413000097, 42.135925294000117 ], [ 19.056175231000054, 42.13597106900005 ], [ 19.055416108000031, 42.13597106900005 ], [ 19.055482864000055, 42.136291504000042 ], [ 19.054861069000026, 42.136249542000087 ], [ 19.054870605000133, 42.13647461000005 ], [ 19.054576873000144, 42.136528015000124 ], [ 19.053472519000081, 42.136528015000124 ], [ 19.053451538000047, 42.136745452000127 ], [ 19.053279877000136, 42.136806488000161 ], [ 19.052360535000105, 42.136806488000161 ], [ 19.052364350000119, 42.137107849000131 ], [ 19.050971985000103, 42.137084961000028 ], [ 19.050975800000174, 42.137371063999979 ], [ 19.050138473000061, 42.137359619000051 ], [ 19.050109864000092, 42.137695312000176 ], [ 19.049028396000153, 42.137638092000088 ], [ 19.04907226500012, 42.137329102000081 ], [ 19.048749923000116, 42.137359619000051 ], [ 19.048749923000116, 42.137084961000028 ], [ 19.048471450000079, 42.137084961000028 ], [ 19.048471450000079, 42.136806488000161 ], [ 19.048196792000113, 42.136806488000161 ], [ 19.048196792000113, 42.136619569000061 ], [ 19.048196792000113, 42.136528015000124 ], [ 19.047901153000055, 42.136528015000124 ], [ 19.047727585000075, 42.136528015000124 ], [ 19.047637938000037, 42.136528015000124 ], [ 19.047637938000037, 42.136249542000087 ], [ 19.047119141, 42.136291504000042 ], [ 19.047082902000113, 42.13597106900005 ], [ 19.046424866000052, 42.13597106900005 ], [ 19.046327592000182, 42.13597106900005 ], [ 19.046249390000071, 42.13597106900005 ], [ 19.046249390000071, 42.135692598000048 ], [ 19.044212340000115, 42.135692598000048 ], [ 19.044126511, 42.135692598000048 ], [ 19.043865204000156, 42.135692598000048 ], [ 19.038473129000181, 42.135692598000048 ], [ 19.038513183000077, 42.135925294000117 ], [ 19.038194656000144, 42.13597106900005 ], [ 19.038194656000144, 42.136341096000024 ], [ 19.038194656000144, 42.136528015000124 ], [ 19.038053512000147, 42.136528015000124 ], [ 19.037916183000107, 42.136528015000124 ], [ 19.037887574000138, 42.136806488000161 ], [ 19.037639617000139, 42.136806488000161 ], [ 19.037651063000169, 42.137054444000114 ], [ 19.037361144000101, 42.137084961000028 ], [ 19.037361144000101, 42.136920930000031 ], [ 19.037361144000101, 42.136806488000161 ], [ 19.037115097000083, 42.136806488000161 ], [ 19.036806106000142, 42.136806488000161 ], [ 19.036806106000142, 42.136718751000103 ], [ 19.036806106000142, 42.136528015000124 ], [ 19.035417556000027, 42.136528015000124 ], [ 19.035417556000027, 42.136718751000103 ], [ 19.035417556000027, 42.136806488000161 ], [ 19.034025193, 42.136806488000161 ], [ 19.034025193, 42.136680604000048 ], [ 19.034025193, 42.136528015000124 ], [ 19.03350830100004, 42.13647461000005 ], [ 19.033472062000158, 42.136249542000087 ], [ 19.033258436999972, 42.136249542000087 ], [ 19.032915116000083, 42.136249542000087 ], [ 19.03289795000012, 42.135925294000117 ], [ 19.032638550000115, 42.135932922 ], [ 19.032638550000115, 42.135692598000048 ], [ 19.030971527000133, 42.135692598000048 ], [ 19.030971527000133, 42.13597106900005 ], [ 19.030838013000107, 42.13597106900005 ], [ 19.030416489000061, 42.13597106900005 ], [ 19.030416489000061, 42.136249542000087 ], [ 19.030138016000024, 42.136249542000087 ], [ 19.030090331000054, 42.137084961000028 ], [ 19.029861450000055, 42.137084961000028 ], [ 19.029861450000055, 42.137359619000051 ], [ 19.030090331000054, 42.137359619000051 ], [ 19.030090331000054, 42.137638092000088 ], [ 19.029842377000136, 42.137638092000088 ], [ 19.029306412000096, 42.137638092000088 ], [ 19.029306412000096, 42.137516021000181 ], [ 19.029306412000096, 42.137359619000051 ], [ 19.02917289800007, 42.137359619000051 ], [ 19.029027939000059, 42.137359619000051 ], [ 19.029027939000059, 42.137195588000054 ], [ 19.029027939000059, 42.137084961000028 ], [ 19.028930664000086, 42.137084961000028 ], [ 19.028749466000022, 42.137084961000028 ], [ 19.028749466000022, 42.136806488000161 ], [ 19.028097153000147, 42.136806488000161 ], [ 19.0279464730001, 42.136741639000036 ], [ 19.02791595399998, 42.136528015000124 ], [ 19.027629853000064, 42.136528015000124 ], [ 19.027360916000077, 42.136528015000124 ], [ 19.027360916000077, 42.136344911000094 ], [ 19.027360916000077, 42.13597106900005 ], [ 19.027187347, 42.13597106900005 ], [ 19.02708244300004, 42.13597106900005 ], [ 19.027099609000061, 42.135681152000132 ], [ 19.026527404000035, 42.135692598000048 ], [ 19.026500703000067, 42.135372163000056 ], [ 19.02625083900017, 42.135417938000046 ], [ 19.02625083900017, 42.135276796000085 ], [ 19.02625083900017, 42.135139465000179 ], [ 19.025695800000165, 42.135070800999983 ], [ 19.025693893000096, 42.134860994000121 ], [ 19.025085449000187, 42.134887695000145 ], [ 19.025140762000035, 42.135185242000148 ], [ 19.025140762000035, 42.136249542000087 ], [ 19.025329590000069, 42.136249542000087 ], [ 19.025417327000127, 42.136249542000087 ], [ 19.025489808000145, 42.13734817500017 ], [ 19.025140762000035, 42.137359619000051 ], [ 19.025091172000032, 42.137638092000088 ], [ 19.024902343000122, 42.137638092000088 ], [ 19.024583816000188, 42.137638092000088 ], [ 19.02458572300003, 42.137920380000139 ], [ 19.02430534500013, 42.137916565000126 ], [ 19.024303437000128, 42.138122559000067 ], [ 19.024303437000128, 42.138195038000163 ], [ 19.024028777000183, 42.138195038000163 ], [ 19.024028777000183, 42.139026642000033 ], [ 19.02430534500013, 42.139026642000033 ], [ 19.02430534500013, 42.13930511500007 ], [ 19.024473190000094, 42.13930511500007 ], [ 19.024583816000188, 42.13930511500007 ], [ 19.024583816000188, 42.140140534000182 ], [ 19.024473190000094, 42.140140534000182 ], [ 19.02430534500013, 42.140140534000182 ], [ 19.024293899000043, 42.140350341000044 ], [ 19.02391242900012, 42.140415192000148 ], [ 19.02236175600018, 42.140415192000148 ], [ 19.022359849000111, 42.140678406000063 ], [ 19.022277832000157, 42.140693665000185 ], [ 19.021528245000013, 42.140693665000185 ], [ 19.021528245000013, 42.14051437400019 ], [ 19.021249771999976, 42.140415192000148 ], [ 19.021211625000149, 42.140174865000063 ], [ 19.020971299000109, 42.140140534000182 ], [ 19.020971299000109, 42.140060425 ], [ 19.020971299000109, 42.139862061000144 ], [ 19.019287110000164, 42.139892577000182 ], [ 19.019304276000128, 42.139583588000107 ], [ 19.017587662000039, 42.139583588000107 ], [ 19.017368317000091, 42.139545441000053 ], [ 19.017360687000178, 42.138748169000166 ], [ 19.017105102000073, 42.138748169000166 ], [ 19.016805649000105, 42.138748169000166 ], [ 19.016805649000105, 42.138626098000088 ], [ 19.016805649000105, 42.138473510999972 ], [ 19.015930175000108, 42.138488769 ], [ 19.015970229000061, 42.138195038000163 ], [ 19.015754699000183, 42.138160706000122 ], [ 19.015693664000025, 42.138050081000131 ], [ 19.015693664000025, 42.137638092000088 ], [ 19.015504837000094, 42.137638092000088 ], [ 19.015417098000057, 42.137638092000088 ], [ 19.015417098000057, 42.137359619000051 ], [ 19.015075683000134, 42.137329102000081 ], [ 19.015138625000191, 42.137084961000028 ], [ 19.014970780000056, 42.137084961000028 ], [ 19.014860152000153, 42.137084961000028 ], [ 19.014860152000153, 42.136829376000094 ], [ 19.014860152000153, 42.136528015000124 ], [ 19.014732361000142, 42.136528015000124 ], [ 19.014583587000061, 42.136528015000124 ], [ 19.014583587000061, 42.136390686000084 ], [ 19.014583587000061, 42.136249542000087 ], [ 19.014432907000071, 42.136249542000087 ], [ 19.014305114000024, 42.136249542000087 ], [ 19.014305114000024, 42.136131286000079 ], [ 19.014240266000172, 42.136001587000123 ], [ 19.014028548000056, 42.13597106900005 ], [ 19.014028548000056, 42.135551454000051 ], [ 19.013977051000154, 42.135440826000149 ], [ 19.013750075000019, 42.135417938000046 ], [ 19.013750075000019, 42.135200500000167 ], [ 19.013471601999981, 42.135139465000179 ], [ 19.013471601999981, 42.135005951000153 ], [ 19.013471601999981, 42.134860994000121 ], [ 19.013307572000087, 42.134860994000121 ], [ 19.013221741, 42.134815216999982 ], [ 19.013195037000116, 42.134582521000084 ], [ 19.012889862000179, 42.134628296000074 ], [ 19.012916566000058, 42.134304048000047 ], [ 19.012477875000116, 42.134304048000047 ], [ 19.012361527000053, 42.134304048000047 ], [ 19.012361527000053, 42.134185792000039 ], [ 19.012361527000053, 42.13402939000008 ], [ 19.012203218000025, 42.13402939000008 ], [ 19.012083054000016, 42.13402939000008 ], [ 19.012083054000016, 42.133911132000094 ], [ 19.012083054000016, 42.133750917000043 ], [ 19.011806489000151, 42.133750917000043 ], [ 19.011804580999978, 42.133472444000176 ], [ 19.011474609000061, 42.133483887000182 ], [ 19.011529923000182, 42.133193971000139 ], [ 19.011249543000076, 42.133193971000139 ], [ 19.011291505000031, 42.134094238000102 ], [ 19.010972977000108, 42.13402939000008 ], [ 19.010972977000108, 42.134582521000084 ], [ 19.010694504000071, 42.134582521000084 ], [ 19.010673523000037, 42.135139465000179 ], [ 19.010417939000035, 42.135139465000179 ], [ 19.010393143000101, 42.135417938000046 ], [ 19.010139466000169, 42.135417938000046 ], [ 19.010166167000136, 42.135978699000191 ], [ 19.009860993000132, 42.13597106900005 ], [ 19.009860993000132, 42.136528015000124 ], [ 19.009582520000095, 42.136528015000124 ], [ 19.009635925000168, 42.137111664000031 ], [ 19.009307862000128, 42.137084961000028 ], [ 19.009307862000128, 42.137359619000051 ], [ 19.009025574000191, 42.137359619000051 ], [ 19.009025574000191, 42.137786866000113 ], [ 19.009025574000191, 42.137916565000126 ], [ 19.008886337000149, 42.137916565000126 ], [ 19.008750916000054, 42.137916565000126 ], [ 19.008750916000054, 42.138153076000037 ], [ 19.008750916000054, 42.138473510999972 ], [ 19.008562087000143, 42.138473510999972 ], [ 19.008472443000187, 42.138473510999972 ], [ 19.008447647000082, 42.138668060000043 ], [ 19.008438110999975, 42.138748169000166 ], [ 19.008195877000048, 42.138748169000166 ], [ 19.008195877000048, 42.139160156000059 ], [ 19.008195877000048, 42.13930511500007 ], [ 19.008108139000058, 42.13930511500007 ], [ 19.007917404000182, 42.13930511500007 ], [ 19.007873535000158, 42.139892577000182 ], [ 19.007638931000145, 42.139862061000144 ], [ 19.007638931000145, 42.140232086000083 ], [ 19.007638931000145, 42.140415192000148 ], [ 19.007511138000098, 42.140415192000148 ], [ 19.007360458000107, 42.140415192000148 ], [ 19.007318496000153, 42.140693665000185 ], [ 19.007085800000084, 42.140693665000185 ], [ 19.007085800000084, 42.14100265400009 ], [ 19.007085800000084, 42.141250611000089 ], [ 19.006864548000067, 42.141292572999987 ], [ 19.006803512000033, 42.141368866 ], [ 19.006803512000033, 42.141529084000126 ], [ 19.006683349000127, 42.141529084000126 ], [ 19.006526947000111, 42.141529084000126 ], [ 19.006526947000111, 42.141788483000028 ], [ 19.006526947000111, 42.14208221500013 ], [ 19.006351471000187, 42.14208221500013 ], [ 19.006250380999973, 42.14208221500013 ], [ 19.006238938000024, 42.14226913400006 ], [ 19.00623130800011, 42.142360688 ], [ 19.005971908000106, 42.142360688 ], [ 19.005971908000106, 42.142787933000079 ], [ 19.005893707000155, 42.142917634000071 ], [ 19.005693435000069, 42.142917634000071 ], [ 19.005693435000069, 42.143177033000143 ], [ 19.005693435000069, 42.143470765000131 ], [ 19.005416870000033, 42.143539428 ], [ 19.005416870000033, 42.143749238000169 ], [ 19.005285263000076, 42.143749238000169 ], [ 19.005138397000167, 42.143749238000169 ], [ 19.005109788000027, 42.144306184000072 ], [ 19.004861831000028, 42.144306184000072 ], [ 19.004827500000147, 42.144584657000109 ], [ 19.004583358000161, 42.144584657000109 ], [ 19.004571915000042, 42.144844054000146 ], [ 19.004516602000137, 42.144897462000131 ], [ 19.004304885000124, 42.144859315000076 ], [ 19.004304885000124, 42.145160676000046 ], [ 19.004304885000124, 42.14541626100015 ], [ 19.004072189000055, 42.145450593000135 ], [ 19.004028320000089, 42.145507813000108 ], [ 19.004028320000089, 42.145694734000188 ], [ 19.003894806000062, 42.145694734000188 ], [ 19.003749847000051, 42.145694734000188 ], [ 19.003707885000097, 42.145870210000112 ], [ 19.003683091000028, 42.145973205000018 ], [ 19.003471374000185, 42.145973205000018 ], [ 19.003454208000164, 42.146526338000058 ], [ 19.003194808000046, 42.146526338000058 ], [ 19.003194808000046, 42.146804811000095 ], [ 19.00291633500018, 42.146804811000095 ], [ 19.00291633500018, 42.147083282000153 ], [ 19.002639770000144, 42.147083282000153 ], [ 19.002603531000034, 42.147605896000016 ], [ 19.002500533000045, 42.147705078000058 ], [ 19.002361297000107, 42.147640228000057 ], [ 19.002361297000107, 42.147819519000052 ], [ 19.002361297000107, 42.147914886000194 ], [ 19.002241133999973, 42.147914886000194 ], [ 19.00208282400007, 42.147914886000194 ], [ 19.00205040000003, 42.148067475000119 ], [ 19.002023696000151, 42.148193359000061 ], [ 19.001806258000101, 42.148193359000061 ], [ 19.001783372000148, 42.148750305000135 ], [ 19.001527785000064, 42.148750305000135 ], [ 19.001527785000064, 42.149028778000172 ], [ 19.001771927000163, 42.149047851000091 ], [ 19.001806258000101, 42.149112702000025 ], [ 19.001806258000101, 42.149307251000039 ], [ 19.001905440000087, 42.149307251000039 ], [ 19.00208282400007, 42.149307251000039 ], [ 19.002132416000052, 42.149532319000173 ], [ 19.002361297000107, 42.149581909 ], [ 19.002361297000107, 42.1497612 ], [ 19.002361297000107, 42.15013885500008 ], [ 19.002689362000126, 42.150089265000076 ], [ 19.002639770000144, 42.150417328000117 ], [ 19.002946854000129, 42.150409698000033 ], [ 19.00291633500018, 42.151248932000044 ], [ 19.003112792000024, 42.151248932000044 ], [ 19.003194808000046, 42.151248932000044 ], [ 19.003194808000046, 42.151660919000108 ], [ 19.003194808000046, 42.152915955000026 ], [ 19.003479004000098, 42.152893066000161 ], [ 19.003471374000185, 42.155139924000082 ], [ 19.003732681000031, 42.155139924000082 ], [ 19.00374793900005, 42.155273438000108 ], [ 19.003723145000151, 42.156806947000064 ], [ 19.00291633500018, 42.156806947000064 ], [ 19.002882004000071, 42.15710067800012 ], [ 19.002851487000157, 42.157360078000124 ], [ 19.002639770000144, 42.157360078000124 ], [ 19.002685547000112, 42.15789794900013 ], [ 19.002361297000107, 42.157917022000163 ], [ 19.002424240000039, 42.158767701000158 ], [ 19.00208282400007, 42.15874862600009 ], [ 19.00208282400007, 42.159027099000127 ], [ 19.001249314000177, 42.159027099000127 ], [ 19.001281738000046, 42.159301759000073 ], [ 19.000972749000141, 42.159305572000164 ], [ 19.000972749000141, 42.159584044999974 ], [ 19.000694276000104, 42.159584044999974 ], [ 19.000694276000104, 42.159862518000011 ], [ 19.000139237000099, 42.159862518000011 ], [ 19.00010681100008, 42.160137176000035 ], [ 18.999860764000061, 42.160137176000035 ], [ 18.999877930000025, 42.160705567000093 ], [ 18.999305726000102, 42.160694122000109 ], [ 18.999305726000102, 42.160892486000193 ], [ 18.999305726000102, 42.160972595000146 ], [ 18.99848938000008, 42.160972595000146 ], [ 18.997360230000083, 42.160972595000146 ], [ 18.997360230000083, 42.161071777000188 ], [ 18.997360230000083, 42.161251068000183 ], [ 18.996250153000176, 42.161251068000183 ], [ 18.996250153000176, 42.161071777000188 ], [ 18.996250153000176, 42.160972595000146 ], [ 18.996107101000064, 42.160972595000146 ], [ 18.995695114000171, 42.160972595000146 ], [ 18.995727537999983, 42.160705567000093 ], [ 18.995418549000135, 42.160694122000109 ], [ 18.995418549000135, 42.160614013000156 ], [ 18.995418549000135, 42.160415649000072 ], [ 18.995136261000027, 42.160415649000072 ], [ 18.995136261000027, 42.160137176000035 ], [ 18.994579315000124, 42.16009521400008 ], [ 18.994583130000024, 42.159862518000011 ], [ 18.994270325000116, 42.159915925000121 ], [ 18.994306564000055, 42.159584044999974 ], [ 18.993701936000093, 42.159584044999974 ], [ 18.993473053000059, 42.159584044999974 ], [ 18.993473053000059, 42.159484863000159 ], [ 18.993473053000059, 42.159305572000164 ], [ 18.99291419900004, 42.159305572000164 ], [ 18.99291419900004, 42.159027099000127 ], [ 18.991249084000174, 42.159027099000127 ], [ 18.991249084000174, 42.159118653000064 ], [ 18.991249084000174, 42.159862518000011 ], [ 18.991462708000086, 42.15987777600003 ], [ 18.99152755700004, 42.160137176000035 ], [ 18.991804122000076, 42.160137176000035 ], [ 18.991804122000076, 42.160415649000072 ], [ 18.992082595000113, 42.160415649000072 ], [ 18.992082595000113, 42.160705567000093 ], [ 18.992082595000113, 42.160972595000146 ], [ 18.991937638000138, 42.160972595000146 ], [ 18.991804122000076, 42.160972595000146 ], [ 18.99176406800018, 42.161220551000042 ], [ 18.991697312000156, 42.161315918000014 ], [ 18.99152755700004, 42.161251068000183 ], [ 18.991550445000144, 42.161811829000101 ], [ 18.989860536000037, 42.161804199000187 ], [ 18.989860536000037, 42.162082672000054 ], [ 18.989582063000171, 42.162082672000054 ], [ 18.989582063000171, 42.163749695000035 ], [ 18.987514496000074, 42.163749695000035 ], [ 18.987361909000185, 42.163749695000035 ], [ 18.987361909000185, 42.162918091000165 ], [ 18.98767089800009, 42.162902833000146 ], [ 18.98763847400005, 42.162082672000054 ], [ 18.987304688000165, 42.16210937600016 ], [ 18.987361909000185, 42.161804199000187 ], [ 18.987083436000148, 42.161804199000187 ], [ 18.987083436000148, 42.16152954100005 ], [ 18.986249924000106, 42.16152954100005 ], [ 18.986249924000106, 42.161804199000187 ], [ 18.985971451000069, 42.161804199000187 ], [ 18.98595619300005, 42.162036895000085 ], [ 18.985717774000136, 42.16210937600016 ], [ 18.985717774000136, 42.162639618000128 ], [ 18.98541641300011, 42.162639618000128 ], [ 18.98541641300011, 42.163192749000132 ], [ 18.985139846999971, 42.163192749000132 ], [ 18.985174179000182, 42.163776399000142 ], [ 18.984861374000104, 42.163749695000035 ], [ 18.984861374000104, 42.16430664100011 ], [ 18.984582901000067, 42.16430664100011 ], [ 18.984582901000067, 42.164585114000147 ], [ 18.984306336000031, 42.164585114000147 ], [ 18.984306336000031, 42.16485977200017 ], [ 18.983749389000025, 42.16485977200017 ], [ 18.983749389000025, 42.165138245000037 ], [ 18.982917786000087, 42.165138245000037 ], [ 18.982917786000087, 42.165416718000074 ], [ 18.981807709000179, 42.165416718000074 ], [ 18.981807709000179, 42.165138245000037 ], [ 18.980415343000061, 42.165138245000037 ], [ 18.980415343000061, 42.165416718000074 ], [ 18.979860305000159, 42.165416718000074 ], [ 18.979919433000077, 42.16571044900013 ], [ 18.979303361000063, 42.165695191000111 ], [ 18.979267119999975, 42.165935517000094 ], [ 18.978750228000024, 42.165973664000148 ], [ 18.978750228000024, 42.166248322000115 ], [ 18.978471757000023, 42.166248322000115 ], [ 18.978479385000128, 42.166557312000123 ], [ 18.977916718000188, 42.166526795000152 ], [ 18.977916718000188, 42.166687013000058 ], [ 18.977916718000188, 42.166805268000189 ], [ 18.977785110000127, 42.166805268000189 ], [ 18.977361680000058, 42.166805268000189 ], [ 18.977382661000149, 42.167144776000043 ], [ 18.976804733999984, 42.167083741000056 ], [ 18.976812362000089, 42.167377472000112 ], [ 18.976249694999979, 42.167362214000093 ], [ 18.976249694999979, 42.16764068700013 ], [ 18.975694657000076, 42.16764068700013 ], [ 18.975694657000076, 42.167915345000097 ], [ 18.975416184000039, 42.167915345000097 ], [ 18.975439071999972, 42.168235778000053 ], [ 18.974861145000034, 42.168193818000134 ], [ 18.97491455100004, 42.168518066000161 ], [ 18.974306107000132, 42.168472291000171 ], [ 18.974254607000148, 42.168750762000059 ], [ 18.973749161000057, 42.168750762000059 ], [ 18.973749161000057, 42.169029235000096 ], [ 18.973194122000052, 42.169029235000096 ], [ 18.973188400000083, 42.169288635000044 ], [ 18.973085402000095, 42.169311523000147 ], [ 18.972917557000187, 42.169303895000041 ], [ 18.972917557000187, 42.169479371000193 ], [ 18.972917557000187, 42.169582368000079 ], [ 18.97281265200013, 42.169582368000079 ], [ 18.972360611000113, 42.169582368000079 ], [ 18.972360611000113, 42.170139312000174 ], [ 18.972084045000145, 42.170139312000174 ], [ 18.972084045000145, 42.170417785000041 ], [ 18.971805572000108, 42.170417785000041 ], [ 18.971805572000108, 42.170696258000078 ], [ 18.97152709900007, 42.170696258000078 ], [ 18.97152709900007, 42.170970916000044 ], [ 18.971250533999978, 42.170970916000044 ], [ 18.971250533999978, 42.171249389000081 ], [ 18.970693588000074, 42.171249389000081 ], [ 18.970693588000074, 42.171527862000119 ], [ 18.970138549000069, 42.171527862000119 ], [ 18.970138549000069, 42.171726226000033 ], [ 18.970138549000069, 42.171806335000156 ], [ 18.969299, 42.171806 ], [ 18.97692861000013, 42.175720164999973 ], [ 18.976887449000174, 42.175737589 ], [ 18.976602554000181, 42.175857545000156 ], [ 18.976667845000122, 42.175893157000075 ], [ 18.976686477999976, 42.175903320000145 ], [ 18.983888626000123, 42.180297853000013 ], [ 18.987146940000059, 42.182596768999986 ], [ 18.990722656000173, 42.185119629000042 ], [ 18.991569434000041, 42.18565661100007 ], [ 18.995727537999983, 42.188293457999976 ], [ 18.997451840000053, 42.189557944000171 ], [ 18.998474, 42.190308 ], [ 19.000149399, 42.191837219000035 ], [ 19.001281738000046, 42.1928710950001 ], [ 19.002586374000145, 42.194538129000193 ], [ 19.003479, 42.195679 ], [ 19.004222378000122, 42.197661040000071 ], [ 19.005126954000048, 42.200073242000144 ], [ 19.005233408000151, 42.20085390700018 ], [ 19.005676000000165, 42.204102 ], [ 19.005676000000165, 42.20587200000017 ], [ 19.005308, 42.207703 ], [ 19.005292827000176, 42.207741632000136 ], [ 19.004516602000137, 42.209716797000056 ], [ 19.002459367000029, 42.212864989000082 ], [ 19.000488281000173, 42.215881347999982 ], [ 18.998944859, 42.218842143000131 ], [ 18.998292923000065, 42.220092773000033 ], [ 18.997711735000109, 42.220926601000087 ], [ 18.997314000000188, 42.221497000000113 ], [ 18.994873, 42.224121 ], [ 18.988708280000083, 42.23010272800019 ], [ 18.987400817000037, 42.231243126000038 ], [ 18.977722, 42.239685 ], [ 18.97520798000005, 42.241446334000159 ], [ 18.966308594, 42.247680665000019 ], [ 18.964219406000154, 42.249231729000144 ], [ 18.962280273000033, 42.250671388000114 ], [ 18.958923339000137, 42.253906250000114 ], [ 18.95713498900011, 42.256042335000188 ], [ 18.956726073000027, 42.256530763000114 ], [ 18.956260492000126, 42.257229135000159 ], [ 18.954895020000151, 42.259277344000054 ], [ 18.953667241000062, 42.262186234000069 ], [ 18.950927734000174, 42.268676757000151 ], [ 18.947692870000026, 42.275512695000032 ], [ 18.94531250100016, 42.279296875000114 ], [ 18.941284148000022, 42.284301816000095 ], [ 18.94109991300013, 42.284630235000179 ], [ 18.938476563000165, 42.289306641 ], [ 18.936203634000094, 42.294447787000138 ], [ 18.935913085000152, 42.295104980000076 ], [ 18.933128357000101, 42.302429199000073 ], [ 18.941835403000027, 42.299736022000104 ], [ 18.94437408400006, 42.298950195000145 ], [ 18.947565079000185, 42.298069001000101 ], [ 18.956298828000115, 42.2957153320001 ], [ 18.966375350000192, 42.291942597000173 ], [ 18.96855545000011, 42.291141510000045 ], [ 18.969404220000172, 42.290752411000085 ], [ 18.977514267000174, 42.287048340000126 ], [ 18.990512849000083, 42.280128478999984 ], [ 18.996452332000104, 42.277656555000135 ], [ 18.998947144000113, 42.277011872000173 ], [ 18.999975205000169, 42.276744843000188 ], [ 19.002166748000036, 42.27643966800008 ], [ 19.007141113000159, 42.275745393000079 ], [ 19.010665893000123, 42.275505067000097 ], [ 19.013040542000056, 42.275512695000032 ], [ 19.017883301000097, 42.275512695000032 ], [ 19.019517898000061, 42.275688171000127 ], [ 19.021301269000105, 42.275878907000106 ], [ 19.022508621000156, 42.276084899000125 ], [ 19.024902343000122, 42.276489258000083 ], [ 19.026601792000179, 42.277053834000071 ], [ 19.027303695000057, 42.277271272000121 ], [ 19.028379441000084, 42.277759552000191 ], [ 19.030515671000046, 42.27868652300009 ], [ 19.031217576000131, 42.279167176000158 ], [ 19.032287599000142, 42.279907226000091 ], [ 19.035278321000135, 42.282470703000172 ], [ 19.036682130000031, 42.284118653000121 ], [ 19.037149429000067, 42.284709931000179 ], [ 19.038085938000165, 42.28588867100018 ], [ 19.038463593000074, 42.287132264000149 ], [ 19.038520813, 42.287269593000019 ], [ 19.038566588000151, 42.287563324000075 ], [ 19.038879395000038, 42.289123535000158 ], [ 19.038696289000143, 42.291076661000091 ], [ 19.037902832000157, 42.292907715000069 ], [ 19.032716751000123, 42.299316407000106 ], [ 19.031499862000032, 42.302112579000152 ], [ 19.031471253000063, 42.302368163000153 ], [ 19.03131294300016, 42.30407714800009 ], [ 19.03148078900017, 42.305953979000037 ], [ 19.032321930000023, 42.308395386000143 ], [ 19.033264160000044, 42.309795379000093 ], [ 19.033323288000133, 42.309875488000046 ], [ 19.034143448000123, 42.310504914000092 ], [ 19.03570556700015, 42.311706543000128 ], [ 19.037475587000017, 42.312683106000179 ], [ 19.039672852000024, 42.313476563 ], [ 19.042970657000126, 42.314125061000027 ], [ 19.04370117100018, 42.314270021000141 ], [ 19.048706056000128, 42.314880372000061 ], [ 19.049381255000128, 42.314933777000135 ], [ 19.051832200000149, 42.314979554000104 ], [ 19.055053711000141, 42.314849853000112 ], [ 19.05807113700007, 42.314487458000087 ], [ 19.059579850000091, 42.314304352000192 ], [ 19.060249329000158, 42.314167023000152 ], [ 19.081115722000106, 42.310302735000164 ], [ 19.096496583000089, 42.309692384000186 ], [ 19.109527588000105, 42.312576294000053 ], [ 19.113941193000187, 42.297439575000055 ], [ 19.12921142600004, 42.266902924000021 ], [ 19.168909073000066, 42.242473602000075 ], [ 19.201738357000124, 42.236366273000044 ], [ 19.236093521000157, 42.218044282000108 ], [ 19.280374527000049, 42.188266754000097 ], [ 19.284790039000029, 42.184402465000176 ], [ 19.286703110000133, 42.182727814000089 ], [ 19.286569595000174, 42.1826019290001 ], [ 19.286001205000048, 42.182056428000124 ], [ 19.287149429000181, 42.181301117000089 ] ] ] ] } },
{ "type": "Feature", "properties": { "fid": 5, "GID_1": "MNE.5_1", "GID_0": "MNE", "COUNTRY": "Montenegro", "NAME_1": "Budva", "VARNAME_1": "NA", "NL_NAME_1": "NA", "TYPE_1": "Opština", "ENGTYPE_1": "Municipality", "CC_1": "NA", "HASC_1": "ME.BU", "ISO_1": "ME-05" }, "geometry": { "type": "MultiPolygon", "coordinates": [ [ [ [ 18.847638999000139, 42.270695000999979 ], [ 18.847898000000157, 42.270695000999979 ], [ 18.847918001000153, 42.270415999000193 ], [ 18.848206, 42.270432 ], [ 18.848194001000081, 42.270138 ], [ 18.849356, 42.270138 ], [ 18.849577001000114, 42.2701 ], [ 18.849583000000166, 42.269859 ], [ 18.850187, 42.269859 ], [ 18.850415999000063, 42.269859 ], [ 18.850415999000063, 42.269760001000066 ], [ 18.850415999000063, 42.269585001000166 ], [ 18.850636001000112, 42.269585001000166 ], [ 18.85069500100002, 42.269305998999982 ], [ 18.850876001000074, 42.269305998999982 ], [ 18.850973, 42.269305998999982 ], [ 18.850973, 42.268993000000137 ], [ 18.850973, 42.268749000000184 ], [ 18.851048999, 42.268749000000184 ], [ 18.852083001000153, 42.268749000000184 ], [ 18.852083001000153, 42.268677001000185 ], [ 18.852083001000153, 42.268471 ], [ 18.85239, 42.268536000000154 ], [ 18.852362, 42.268196000999978 ], [ 18.853472001000114, 42.268196000999978 ], [ 18.853472001000114, 42.267639 ], [ 18.853699000000177, 42.267639 ], [ 18.853750000000105, 42.267082001 ], [ 18.854029000000139, 42.267082001 ], [ 18.854029000000139, 42.266528999000116 ], [ 18.85412399900008, 42.266528999000116 ], [ 18.854584001000148, 42.266528999000116 ], [ 18.854584001000148, 42.26633500000014 ], [ 18.854584001000148, 42.265972 ], [ 18.855160001000172, 42.266006 ], [ 18.855139000000122, 42.265694001000099 ], [ 18.855715, 42.265685999000141 ], [ 18.855693999000152, 42.265414999000143 ], [ 18.8562510000001, 42.265414999000143 ], [ 18.8562510000001, 42.265140998999982 ], [ 18.856477999000163, 42.265140998999982 ], [ 18.856527, 42.264862000000107 ], [ 18.857119001000058, 42.264893 ], [ 18.857081999000059, 42.264305001000139 ], [ 18.857291998999983, 42.264305001000139 ], [ 18.857350999000118, 42.263309001000152 ], [ 18.857346000000121, 42.263195 ], [ 18.857081999000059, 42.263195 ], [ 18.857081999000059, 42.26236 ], [ 18.857407, 42.262405001000104 ], [ 18.857361001000015, 42.262085000000184 ], [ 18.857725, 42.262085000000184 ], [ 18.857639, 42.261806 ], [ 18.857792, 42.261806 ], [ 18.857916, 42.261806 ], [ 18.85791, 42.261292001000015 ], [ 18.858192000000145, 42.261249999000142 ], [ 18.858192000000145, 42.2611500000001 ], [ 18.858192000000145, 42.260971 ], [ 18.858414001000142, 42.260971 ], [ 18.858475000999988, 42.260693000000117 ], [ 18.858692000000133, 42.260693000000117 ], [ 18.858749001000149, 42.260139001000027 ], [ 18.85906400000016, 42.260165999000151 ], [ 18.859058, 42.260074999000039 ], [ 18.859071999000037, 42.259094000000175 ], [ 18.859071999000037, 42.259003000000121 ], [ 18.858749001000149, 42.259029001000044 ], [ 18.858749001000149, 42.258732 ], [ 18.857916, 42.258750999000142 ], [ 18.857899001000135, 42.259304000000157 ], [ 18.857639, 42.259304000000157 ], [ 18.857639, 42.259583000000134 ], [ 18.857081999000059, 42.259583000000134 ], [ 18.857119001000058, 42.25988800000016 ], [ 18.85680599900013, 42.259860999000125 ], [ 18.85677, 42.260139001000027 ], [ 18.856527, 42.260139001000027 ], [ 18.856527, 42.260314999 ], [ 18.856527, 42.260418000000129 ], [ 18.856361001000096, 42.260418000000129 ], [ 18.855972001000055, 42.260418000000129 ], [ 18.855972001000055, 42.260693000000117 ], [ 18.855886000000112, 42.260693000000117 ], [ 18.855693999000152, 42.260693000000117 ], [ 18.855646000000149, 42.260971 ], [ 18.855417, 42.260971 ], [ 18.855385, 42.261191999000118 ], [ 18.855284, 42.261249999000142 ], [ 18.85486000100002, 42.261249999000142 ], [ 18.854876999000055, 42.261478 ], [ 18.854584001000148, 42.261528001000045 ], [ 18.854584001000148, 42.261806 ], [ 18.853472001000114, 42.261806 ], [ 18.853516000000127, 42.262085000000184 ], [ 18.852905000000192, 42.262085000000184 ], [ 18.852916999000058, 42.26236 ], [ 18.852787, 42.26236 ], [ 18.852638000000127, 42.26236 ], [ 18.852638000000127, 42.262549999000043 ], [ 18.852638000000127, 42.262637999000049 ], [ 18.852449000000149, 42.262637999000049 ], [ 18.851804999000024, 42.262637999000049 ], [ 18.851802999000085, 42.262890001000073 ], [ 18.851282, 42.262935998999978 ], [ 18.85125, 42.263195 ], [ 18.851136999, 42.263195 ], [ 18.850973, 42.263195 ], [ 18.850937000999977, 42.263435000000186 ], [ 18.85069500100002, 42.263474 ], [ 18.850681, 42.263672001000145 ], [ 18.850677, 42.263748000000135 ], [ 18.850415999000063, 42.263748000000135 ], [ 18.850415999000063, 42.264026999 ], [ 18.849861, 42.264026999 ], [ 18.849915, 42.264282 ], [ 18.849583000000166, 42.264305001000139 ], [ 18.849583000000166, 42.264732 ], [ 18.849583000000166, 42.264862000000107 ], [ 18.849487001000114, 42.264862000000107 ], [ 18.849306001000059, 42.264862000000107 ], [ 18.849330999000188, 42.265423001000045 ], [ 18.849027999000157, 42.265414999000143 ], [ 18.848976001000096, 42.265972 ], [ 18.848749, 42.265972 ], [ 18.848749, 42.266129000000149 ], [ 18.848749, 42.266251000000125 ], [ 18.847717000000102, 42.266251000000125 ], [ 18.847638999000139, 42.266251000000125 ], [ 18.847638999000139, 42.267082001 ], [ 18.847900000000152, 42.26709 ], [ 18.847918001000153, 42.267639 ], [ 18.847775000000127, 42.267639 ], [ 18.847638999000139, 42.267639 ], [ 18.847717000000102, 42.267882999000051 ], [ 18.847361000000149, 42.267917999000076 ], [ 18.84739100000013, 42.268536000000154 ], [ 18.847086000000104, 42.268471 ], [ 18.847059, 42.268702999000027 ], [ 18.846978999000044, 42.268749000000184 ], [ 18.846524999000167, 42.268749000000184 ], [ 18.846483000000148, 42.269027999000116 ], [ 18.845972000000131, 42.269027999000116 ], [ 18.845972000000131, 42.269305998999982 ], [ 18.845879, 42.269305998999982 ], [ 18.845694, 42.269305998999982 ], [ 18.845749001000058, 42.269608001000108 ], [ 18.845138999000085, 42.269585001000166 ], [ 18.845093, 42.269897000000128 ], [ 18.84486399900004, 42.269859 ], [ 18.84486399900004, 42.270415999000193 ], [ 18.845138999000085, 42.270415999000193 ], [ 18.845166999000071, 42.270638001000066 ], [ 18.845280000000116, 42.270695000999979 ], [ 18.845415001000163, 42.270695000999979 ], [ 18.845415001000163, 42.270836 ], [ 18.845415001000163, 42.270973 ], [ 18.845552, 42.270973 ], [ 18.845694, 42.270973 ], [ 18.845694, 42.271118001 ], [ 18.845694, 42.271252000000175 ], [ 18.845881, 42.271252000000175 ], [ 18.846250999000063, 42.271252000000175 ], [ 18.846250999000063, 42.271526000000108 ], [ 18.847361000000149, 42.271526000000108 ], [ 18.847361000000149, 42.271319999000184 ], [ 18.847471001000088, 42.271293999000193 ], [ 18.847638999000139, 42.271252000000175 ], [ 18.847638999000139, 42.271057001000088 ], [ 18.847638999000139, 42.270695000999979 ] ] ], [ [ [ 18.935913085000152, 42.295104980000076 ], [ 18.936203634000094, 42.294447787000138 ], [ 18.938476563000165, 42.289306641 ], [ 18.94109991300013, 42.284630235000179 ], [ 18.941284148000022, 42.284301816000095 ], [ 18.94531250100016, 42.279296875000114 ], [ 18.947692870000026, 42.275512695000032 ], [ 18.950927734000174, 42.268676757000151 ], [ 18.953667241000062, 42.262186234000069 ], [ 18.954895020000151, 42.259277344000054 ], [ 18.956260492000126, 42.257229135000159 ], [ 18.956726073000027, 42.256530763000114 ], [ 18.95713498900011, 42.256042335000188 ], [ 18.958923339000137, 42.253906250000114 ], [ 18.962280273000033, 42.250671388000114 ], [ 18.964219406000154, 42.249231729000144 ], [ 18.966308594, 42.247680665000019 ], [ 18.97520798000005, 42.241446334000159 ], [ 18.977722, 42.239685 ], [ 18.987400817000037, 42.231243126000038 ], [ 18.988708280000083, 42.23010272800019 ], [ 18.994873, 42.224121 ], [ 18.997314000000188, 42.221497000000113 ], [ 18.997711735000109, 42.220926601000087 ], [ 18.998292923000065, 42.220092773000033 ], [ 18.998944859, 42.218842143000131 ], [ 19.000488281000173, 42.215881347999982 ], [ 19.002459367000029, 42.212864989000082 ], [ 19.004516602000137, 42.209716797000056 ], [ 19.005292827000176, 42.207741632000136 ], [ 19.005308, 42.207703 ], [ 19.005676000000165, 42.20587200000017 ], [ 19.005676000000165, 42.204102 ], [ 19.005233408000151, 42.20085390700018 ], [ 19.005126954000048, 42.200073242000144 ], [ 19.004222378000122, 42.197661040000071 ], [ 19.003479, 42.195679 ], [ 19.002586374000145, 42.194538129000193 ], [ 19.001281738000046, 42.1928710950001 ], [ 19.000149399, 42.191837219000035 ], [ 18.998474, 42.190308 ], [ 18.997451840000053, 42.189557944000171 ], [ 18.995727537999983, 42.188293457999976 ], [ 18.991569434000041, 42.18565661100007 ], [ 18.990722656000173, 42.185119629000042 ], [ 18.987146940000059, 42.182596768999986 ], [ 18.983888626000123, 42.180297853000013 ], [ 18.976686477999976, 42.175903320000145 ], [ 18.976667845000122, 42.175893157000075 ], [ 18.976602554000181, 42.175857545000156 ], [ 18.976887449000174, 42.175737589 ], [ 18.97692861000013, 42.175720164999973 ], [ 18.969299, 42.171806 ], [ 18.96875, 42.171806 ], [ 18.968687000000159, 42.17211900000018 ], [ 18.968197000000146, 42.172085 ], [ 18.968231000000117, 42.172394 ], [ 18.967915, 42.172359000000142 ], [ 18.96789600000011, 42.172729 ], [ 18.966805, 42.172638000000177 ], [ 18.966816, 42.172943000000146 ], [ 18.966249, 42.172916 ], [ 18.966223, 42.173157000000117 ], [ 18.96569600000015, 42.173195 ], [ 18.965698000000145, 42.173523 ], [ 18.965088, 42.173523 ], [ 18.965139, 42.17375200000015 ], [ 18.965012, 42.17375200000015 ], [ 18.964861000000155, 42.17375200000015 ], [ 18.964905, 42.174072000000137 ], [ 18.964582000000178, 42.174026 ], [ 18.964582000000178, 42.17514 ], [ 18.964745000000164, 42.17514 ], [ 18.96569600000015, 42.17514 ], [ 18.965698000000145, 42.175476000000117 ], [ 18.965414, 42.175423000000194 ], [ 18.965351000000169, 42.175972000000115 ], [ 18.965139, 42.175972000000115 ], [ 18.965139, 42.176529 ], [ 18.965277000000128, 42.176529 ], [ 18.965414, 42.176529 ], [ 18.965414, 42.176849 ], [ 18.965414, 42.177361000000133 ], [ 18.965649000000155, 42.17738 ], [ 18.96569600000015, 42.177490000000148 ], [ 18.96569600000015, 42.178471000000116 ], [ 18.965881, 42.178528 ], [ 18.965975000000128, 42.178471000000116 ], [ 18.965975000000128, 42.178646 ], [ 18.965975000000128, 42.179028 ], [ 18.966309, 42.179077000000177 ], [ 18.966249, 42.179306000000111 ], [ 18.966566000000171, 42.179249 ], [ 18.966528, 42.179863 ], [ 18.966805, 42.179863 ], [ 18.966805, 42.18041600000015 ], [ 18.966919, 42.180481 ], [ 18.967361, 42.18041600000015 ], [ 18.96728300000018, 42.180725000000109 ], [ 18.967915, 42.180695000000128 ], [ 18.967915, 42.180973 ], [ 18.968197000000146, 42.180973 ], [ 18.968239, 42.181202000000155 ], [ 18.968328, 42.18121 ], [ 18.96875, 42.181252 ], [ 18.968687000000159, 42.181519 ], [ 18.969307000000128, 42.181526000000133 ], [ 18.969299, 42.181702000000143 ], [ 18.969307000000128, 42.181805000000111 ], [ 18.969616, 42.181805000000111 ], [ 18.969862, 42.181805000000111 ], [ 18.969862, 42.181885000000193 ], [ 18.96991, 42.182678 ], [ 18.970139, 42.182640000000106 ], [ 18.970177000000149, 42.182858 ], [ 18.970278000000178, 42.18292200000019 ], [ 18.970419000000106, 42.182919 ], [ 18.970419000000106, 42.183250000000157 ], [ 18.970419000000106, 42.183750000000146 ], [ 18.970640000000117, 42.183773 ], [ 18.970694000000151, 42.183899 ], [ 18.970694000000151, 42.184582 ], [ 18.970861, 42.184582 ], [ 18.970972, 42.184582 ], [ 18.970972, 42.185974000000101 ], [ 18.970737000000156, 42.185978 ], [ 18.970703000000185, 42.186279000000127 ], [ 18.970419000000106, 42.186249000000146 ], [ 18.970419000000106, 42.186527 ], [ 18.970139, 42.186527 ], [ 18.970085, 42.187084 ], [ 18.969862, 42.187084 ], [ 18.969862, 42.187458000000163 ], [ 18.969862, 42.187637 ], [ 18.969727, 42.187683000000106 ], [ 18.969584000000111, 42.187637 ], [ 18.969538, 42.187870000000146 ], [ 18.969307000000128, 42.187916 ], [ 18.969288000000176, 42.188110000000108 ], [ 18.96928, 42.188194000000124 ], [ 18.969028000000151, 42.188194000000124 ], [ 18.969028000000151, 42.188751 ], [ 18.96875, 42.188751 ], [ 18.968687000000159, 42.189087 ], [ 18.968472000000133, 42.189030000000173 ], [ 18.968412000000171, 42.189548 ], [ 18.968197000000146, 42.189583 ], [ 18.968163000000175, 42.189861000000178 ], [ 18.967915, 42.189861000000178 ], [ 18.967886000000135, 42.19014 ], [ 18.967636, 42.19014 ], [ 18.967636, 42.190517000000114 ], [ 18.967636, 42.190693000000124 ], [ 18.967524, 42.190693000000124 ], [ 18.967361, 42.190693000000124 ], [ 18.967361, 42.191223 ], [ 18.967361, 42.191807 ], [ 18.967184000000145, 42.191807 ], [ 18.967085000000111, 42.191807 ], [ 18.967102000000125, 42.192078000000151 ], [ 18.966805, 42.192085000000191 ], [ 18.966805, 42.192638000000102 ], [ 18.966249, 42.192638000000102 ], [ 18.966309, 42.192871 ], [ 18.965975000000128, 42.192917 ], [ 18.965975000000128, 42.193195000000173 ], [ 18.965139, 42.193195000000173 ], [ 18.965088, 42.193481 ], [ 18.964582000000178, 42.193474 ], [ 18.964588000000106, 42.193768000000148 ], [ 18.964027, 42.193748 ], [ 18.963970000000131, 42.194027000000119 ], [ 18.963751000000116, 42.194027000000119 ], [ 18.963751000000116, 42.194210000000169 ], [ 18.963751000000116, 42.194305 ], [ 18.963636, 42.194305 ], [ 18.963194, 42.194305 ], [ 18.963135000000136, 42.194584000000191 ], [ 18.96236000000016, 42.194584000000191 ], [ 18.962358000000165, 42.194859000000179 ], [ 18.962280000000135, 42.194885 ], [ 18.961805, 42.194862000000114 ], [ 18.961809, 42.195152000000121 ], [ 18.960972, 42.195137000000102 ], [ 18.960949000000141, 42.195415 ], [ 18.960417000000177, 42.195415 ], [ 18.960417000000177, 42.195694000000174 ], [ 18.959717000000126, 42.195694000000174 ], [ 18.959587, 42.195671 ], [ 18.959583, 42.195415 ], [ 18.95875, 42.195415 ], [ 18.95875, 42.195137000000102 ], [ 18.958496, 42.195129000000179 ], [ 18.958471, 42.194862000000114 ], [ 18.957886, 42.194885 ], [ 18.957916000000182, 42.194584000000191 ], [ 18.955139, 42.194584000000191 ], [ 18.95507600000019, 42.194885 ], [ 18.954102, 42.194862000000114 ], [ 18.954025000000115, 42.194862000000114 ], [ 18.954025000000115, 42.194584000000191 ], [ 18.953444000000161, 42.194584000000191 ], [ 18.953308000000106, 42.194584000000191 ], [ 18.95323400000018, 42.194530000000157 ], [ 18.95319400000011, 42.194305 ], [ 18.952915, 42.194305 ], [ 18.952915, 42.194027000000119 ], [ 18.951529000000164, 42.194027000000119 ], [ 18.951529000000164, 42.194275000000175 ], [ 18.951529000000164, 42.194584000000191 ], [ 18.951250000000186, 42.194584000000191 ], [ 18.951250000000186, 42.194283000000155 ], [ 18.950693000000115, 42.194305 ], [ 18.950693000000115, 42.194027000000119 ], [ 18.950138, 42.194027000000119 ], [ 18.950073000000145, 42.194092000000126 ], [ 18.950073000000145, 42.194584000000191 ], [ 18.950417000000186, 42.194584000000191 ], [ 18.950417000000186, 42.194862000000114 ], [ 18.9505, 42.194862000000114 ], [ 18.950693000000115, 42.194862000000114 ], [ 18.950693000000115, 42.195137000000102 ], [ 18.950693000000115, 42.195415 ], [ 18.950932000000137, 42.195446000000118 ], [ 18.950928, 42.197083000000191 ], [ 18.950693000000115, 42.197083000000191 ], [ 18.950693000000115, 42.198608 ], [ 18.950693000000115, 42.199585 ], [ 18.950546, 42.199585 ], [ 18.950417000000186, 42.199585 ], [ 18.950417000000186, 42.200684 ], [ 18.949028000000169, 42.200695 ], [ 18.949028000000169, 42.200417000000186 ], [ 18.948183, 42.200417000000186 ], [ 18.947916000000191, 42.200417000000186 ], [ 18.947916000000191, 42.200329000000181 ], [ 18.947916000000191, 42.200138 ], [ 18.946527000000174, 42.200138 ], [ 18.946527000000174, 42.200317 ], [ 18.946527000000174, 42.200417000000186 ], [ 18.946325000000172, 42.200417000000186 ], [ 18.945972, 42.200417000000186 ], [ 18.94591000000014, 42.200695 ], [ 18.945694000000174, 42.200695 ], [ 18.9456330000001, 42.200974 ], [ 18.945417000000191, 42.200974 ], [ 18.945417000000191, 42.201134 ], [ 18.945417000000191, 42.201248000000191 ], [ 18.945038, 42.201248000000191 ], [ 18.944305, 42.201248000000191 ], [ 18.944275, 42.201477000000125 ], [ 18.944159000000184, 42.201527000000169 ], [ 18.94375, 42.201527000000169 ], [ 18.943707, 42.201717 ], [ 18.943687, 42.201805 ], [ 18.943472, 42.201805 ], [ 18.943480000000136, 42.20227100000011 ], [ 18.943481, 42.202362000000164 ], [ 18.943195000000173, 42.202362000000164 ], [ 18.943195000000173, 42.202641000000142 ], [ 18.943481, 42.202698 ], [ 18.943472, 42.202770000000157 ], [ 18.943472, 42.204029 ], [ 18.943308000000115, 42.204029 ], [ 18.943195000000173, 42.204029 ], [ 18.943146, 42.204254 ], [ 18.942919, 42.204304 ], [ 18.942869, 42.204529 ], [ 18.942587000000174, 42.204582000000187 ], [ 18.941528000000119, 42.204582000000187 ], [ 18.941528000000119, 42.204895000000135 ], [ 18.940697000000114, 42.204861000000164 ], [ 18.940674000000172, 42.205078000000185 ], [ 18.94054, 42.205139 ], [ 18.94014, 42.205139 ], [ 18.94014, 42.205322000000137 ], [ 18.94014, 42.205418 ], [ 18.939917, 42.205418 ], [ 18.939304000000106, 42.205418 ], [ 18.939304000000106, 42.20569600000016 ], [ 18.938293000000158, 42.20569600000016 ], [ 18.938192000000129, 42.20569600000016 ], [ 18.938192000000129, 42.205418 ], [ 18.937813, 42.205418 ], [ 18.937639, 42.205418 ], [ 18.937639, 42.205322000000137 ], [ 18.937639, 42.205139 ], [ 18.933472, 42.205139 ], [ 18.933456000000149, 42.205322000000137 ], [ 18.93344900000011, 42.205418 ], [ 18.933195, 42.205418 ], [ 18.933195, 42.205971000000147 ], [ 18.932917000000145, 42.205971000000147 ], [ 18.93292200000019, 42.206299000000115 ], [ 18.932638000000111, 42.206249 ], [ 18.932638000000111, 42.206360000000188 ], [ 18.932638000000111, 42.206528 ], [ 18.931885, 42.206528 ], [ 18.931805000000111, 42.206528 ], [ 18.931805000000111, 42.206249 ], [ 18.929861, 42.206249 ], [ 18.929852, 42.206528 ], [ 18.92958300000015, 42.206528 ], [ 18.92958300000015, 42.206806000000142 ], [ 18.929308000000105, 42.206806000000142 ], [ 18.92932100000013, 42.207092 ], [ 18.927639, 42.20708500000012 ], [ 18.927639, 42.207275 ], [ 18.927639, 42.207359 ], [ 18.926331000000175, 42.207359 ], [ 18.92625, 42.207359 ], [ 18.92625, 42.20819500000016 ], [ 18.925972000000172, 42.20819500000016 ], [ 18.925936, 42.20871000000011 ], [ 18.925694, 42.208752 ], [ 18.92572, 42.20929000000018 ], [ 18.925417, 42.209305000000143 ], [ 18.925417, 42.209862 ], [ 18.925697000000127, 42.209862 ], [ 18.925694, 42.209957 ], [ 18.925694, 42.210415000000182 ], [ 18.925467, 42.210438000000124 ], [ 18.925417, 42.210541 ], [ 18.925417, 42.210693 ], [ 18.925112, 42.210693 ], [ 18.925138, 42.210972 ], [ 18.92499, 42.210972 ], [ 18.924864000000127, 42.210972 ], [ 18.92484300000018, 42.211250000000121 ], [ 18.924583000000155, 42.211250000000121 ], [ 18.924545, 42.211529000000155 ], [ 18.923750000000155, 42.211529000000155 ], [ 18.923683, 42.211807 ], [ 18.922916, 42.211807 ], [ 18.922913000000165, 42.212097 ], [ 18.921528000000137, 42.212082 ], [ 18.921528000000137, 42.21228 ], [ 18.921528000000137, 42.21236000000016 ], [ 18.92124600000011, 42.21236000000016 ], [ 18.920694, 42.21236000000016 ], [ 18.920694, 42.212528000000191 ], [ 18.920694, 42.212639000000138 ], [ 18.920141000000172, 42.212639000000138 ], [ 18.918751, 42.212639000000138 ], [ 18.918678, 42.212917 ], [ 18.91736, 42.212917 ], [ 18.91736, 42.213116000000184 ], [ 18.91736, 42.213196 ], [ 18.917143, 42.213196 ], [ 18.916805000000181, 42.213196 ], [ 18.916805000000181, 42.213318000000186 ], [ 18.916805000000181, 42.213463000000104 ], [ 18.916805000000181, 42.213749000000121 ], [ 18.916676000000166, 42.213749000000121 ], [ 18.916529, 42.213749000000121 ], [ 18.916529, 42.214584000000116 ], [ 18.916250000000105, 42.214584000000116 ], [ 18.916250000000105, 42.215416 ], [ 18.915695, 42.215416 ], [ 18.915710000000161, 42.215698 ], [ 18.913473000000181, 42.215694000000155 ], [ 18.913485, 42.215881000000138 ], [ 18.913490000000138, 42.215977000000123 ], [ 18.913197, 42.215973000000133 ], [ 18.913197, 42.216526 ], [ 18.912914000000114, 42.216526 ], [ 18.912914000000114, 42.216805 ], [ 18.912640000000181, 42.216805 ], [ 18.912640000000181, 42.216972000000169 ], [ 18.912640000000181, 42.217083000000116 ], [ 18.912086000000158, 42.217083000000116 ], [ 18.911249000000169, 42.217083000000116 ], [ 18.911249000000169, 42.217251 ], [ 18.911249000000169, 42.217361 ], [ 18.911049000000162, 42.217361 ], [ 18.910973, 42.217361 ], [ 18.910973, 42.217609000000152 ], [ 18.910973, 42.217918000000111 ], [ 18.910879000000136, 42.217918000000111 ], [ 18.910692, 42.217918000000111 ], [ 18.910751000000175, 42.218216 ], [ 18.910139000000186, 42.218193000000156 ], [ 18.910095, 42.218506000000104 ], [ 18.909861, 42.218506000000104 ], [ 18.909861, 42.218193000000156 ], [ 18.909306000000186, 42.218193000000156 ], [ 18.909304000000191, 42.218506000000104 ], [ 18.908751000000109, 42.218472000000133 ], [ 18.908691, 42.21875 ], [ 18.90847, 42.21875 ], [ 18.90843000000018, 42.21899400000018 ], [ 18.908194, 42.219028000000151 ], [ 18.908194, 42.219196000000181 ], [ 18.908194, 42.219307000000128 ], [ 18.908007000000168, 42.219307000000128 ], [ 18.907639, 42.219307000000128 ], [ 18.907639, 42.219498000000101 ], [ 18.907639, 42.219582000000116 ], [ 18.907206000000144, 42.219582000000116 ], [ 18.905416, 42.219582000000116 ], [ 18.905416, 42.21986 ], [ 18.90514, 42.21986 ], [ 18.90514, 42.220417000000111 ], [ 18.905416, 42.220417000000111 ], [ 18.905416, 42.221249 ], [ 18.905701000000136, 42.22131300000018 ], [ 18.905695, 42.223473000000183 ], [ 18.905884000000185, 42.223511000000144 ], [ 18.90597200000019, 42.223473000000183 ], [ 18.90597200000019, 42.223797 ], [ 18.90597200000019, 42.224304 ], [ 18.906128000000137, 42.224304 ], [ 18.906252000000109, 42.224304 ], [ 18.906252000000109, 42.225140000000124 ], [ 18.906128000000137, 42.225140000000124 ], [ 18.90597200000019, 42.225140000000124 ], [ 18.90597200000019, 42.226173000000131 ], [ 18.90597200000019, 42.22736 ], [ 18.905762, 42.227371000000119 ], [ 18.905712000000165, 42.227642000000174 ], [ 18.905416, 42.227638000000184 ], [ 18.905416, 42.228195 ], [ 18.90514, 42.228195 ], [ 18.905111, 42.230415000000107 ], [ 18.904861, 42.230415000000107 ], [ 18.904795000000149, 42.230972000000179 ], [ 18.904583, 42.230972000000179 ], [ 18.904583, 42.231163 ], [ 18.904583, 42.231251 ], [ 18.904339, 42.231304000000137 ], [ 18.904299000000151, 42.232117 ], [ 18.90403, 42.232082 ], [ 18.903982, 42.23263900000012 ], [ 18.903749000000118, 42.23263900000012 ], [ 18.903706000000113, 42.233456 ], [ 18.903194, 42.233471000000179 ], [ 18.903191000000106, 42.233734 ], [ 18.902639, 42.233749000000103 ], [ 18.902639, 42.233471000000179 ], [ 18.902361, 42.233471000000179 ], [ 18.902361, 42.233749000000103 ], [ 18.901808, 42.233749000000103 ], [ 18.901808, 42.234028 ], [ 18.900696, 42.234028 ], [ 18.900696, 42.233749000000103 ], [ 18.899586000000113, 42.233749000000103 ], [ 18.899586000000113, 42.234028 ], [ 18.899303000000145, 42.234028 ], [ 18.899303000000145, 42.23513800000012 ], [ 18.899475000000166, 42.23513800000012 ], [ 18.899586000000113, 42.23513800000012 ], [ 18.899586000000113, 42.235397 ], [ 18.899586000000113, 42.235695000000192 ], [ 18.899900000000116, 42.235718000000134 ], [ 18.89986, 42.235973 ], [ 18.899979, 42.235973 ], [ 18.900139, 42.235973 ], [ 18.900139, 42.236252 ], [ 18.900063000000102, 42.236252 ], [ 18.89986, 42.236252 ], [ 18.89986, 42.236435000000142 ], [ 18.89986, 42.236526 ], [ 18.899662, 42.236526 ], [ 18.899303000000145, 42.236526 ], [ 18.899303000000145, 42.236694 ], [ 18.899303000000145, 42.236805000000174 ], [ 18.89847200000014, 42.236805000000174 ], [ 18.89847200000014, 42.236694 ], [ 18.89847200000014, 42.236526 ], [ 18.897638, 42.236526 ], [ 18.897638, 42.236717000000169 ], [ 18.897638, 42.236805000000174 ], [ 18.897388000000149, 42.236805000000174 ], [ 18.896528, 42.236805000000174 ], [ 18.8964840000001, 42.237122000000113 ], [ 18.896250000000123, 42.237083 ], [ 18.896242, 42.237362 ], [ 18.895971000000145, 42.237362 ], [ 18.895903, 42.237640000000169 ], [ 18.895416, 42.237640000000169 ], [ 18.895416, 42.237915 ], [ 18.895508000000177, 42.237915 ], [ 18.896299000000113, 42.237915 ], [ 18.896250000000123, 42.238750000000152 ], [ 18.896805, 42.238750000000152 ], [ 18.896803, 42.23904 ], [ 18.896912, 42.239075 ], [ 18.897081000000128, 42.239029000000187 ], [ 18.897081000000128, 42.239185 ], [ 18.897081000000128, 42.239307 ], [ 18.897278, 42.239307 ], [ 18.897364, 42.239307 ], [ 18.897364, 42.239582 ], [ 18.897917, 42.239582 ], [ 18.897917, 42.239861 ], [ 18.89847200000014, 42.239861 ], [ 18.898499, 42.240112 ], [ 18.89875, 42.24013900000017 ], [ 18.898726000000181, 42.240437000000156 ], [ 18.899027, 42.240417 ], [ 18.899027, 42.240696 ], [ 18.898926000000188, 42.240723000000173 ], [ 18.898315, 42.240696 ], [ 18.898193000000106, 42.240696 ], [ 18.898193000000106, 42.241249000000153 ], [ 18.898499, 42.241272 ], [ 18.89847200000014, 42.242085 ], [ 18.89863, 42.242085 ], [ 18.89875, 42.242085 ], [ 18.89875, 42.242363000000125 ], [ 18.898676000000137, 42.242363000000125 ], [ 18.89847200000014, 42.242363000000125 ], [ 18.898514, 42.243755 ], [ 18.897638, 42.243752000000143 ], [ 18.897650000000112, 42.24390000000011 ], [ 18.897703, 42.244583000000148 ], [ 18.897364, 42.244583000000148 ], [ 18.897364, 42.244839000000184 ], [ 18.897364, 42.24514 ], [ 18.896299000000113, 42.245117000000107 ], [ 18.896299000000113, 42.245728 ], [ 18.895695, 42.245693000000188 ], [ 18.895695, 42.245972000000165 ], [ 18.895971000000145, 42.245972000000165 ], [ 18.895971000000145, 42.246151 ], [ 18.895971000000145, 42.24625 ], [ 18.895416, 42.24625 ], [ 18.895416, 42.246529 ], [ 18.895695, 42.246529 ], [ 18.895695, 42.247082000000148 ], [ 18.896299000000113, 42.24707 ], [ 18.896250000000123, 42.24736 ], [ 18.896465000000148, 42.247391000000164 ], [ 18.896528, 42.247517 ], [ 18.896528, 42.247639 ], [ 18.896807, 42.247635 ], [ 18.896805, 42.248196000000121 ], [ 18.897058000000186, 42.248203 ], [ 18.897081000000128, 42.248291000000165 ], [ 18.897081000000128, 42.249027000000126 ], [ 18.897278, 42.249084 ], [ 18.897364, 42.249027000000126 ], [ 18.897364, 42.249584 ], [ 18.897278, 42.249584 ], [ 18.897081000000128, 42.249584 ], [ 18.897141000000147, 42.250427000000172 ], [ 18.896805, 42.250416000000143 ], [ 18.896805, 42.250694 ], [ 18.897097, 42.250671000000125 ], [ 18.897097, 42.250973 ], [ 18.896805, 42.250973 ], [ 18.896805, 42.251526000000126 ], [ 18.8964840000001, 42.251526000000126 ], [ 18.8964840000001, 42.251804 ], [ 18.896250000000123, 42.251804 ], [ 18.896250000000123, 42.252686 ], [ 18.896250000000123, 42.25285700000012 ], [ 18.896250000000123, 42.253193 ], [ 18.896149, 42.253193 ], [ 18.895971000000145, 42.253193 ], [ 18.895971000000145, 42.253841000000193 ], [ 18.895971000000145, 42.254307 ], [ 18.895845000000179, 42.254307 ], [ 18.895695, 42.254307 ], [ 18.895643000000177, 42.254539 ], [ 18.895416, 42.254585000000134 ], [ 18.89535, 42.254860000000122 ], [ 18.89514000000014, 42.254860000000122 ], [ 18.895075, 42.255138 ], [ 18.894861000000105, 42.255138 ], [ 18.894896000000188, 42.255493000000115 ], [ 18.894583, 42.255417 ], [ 18.894583, 42.255695000000117 ], [ 18.894463, 42.255695000000117 ], [ 18.894306, 42.255695000000117 ], [ 18.894337000000121, 42.255985000000123 ], [ 18.893749000000128, 42.255974 ], [ 18.893745, 42.256233 ], [ 18.892904, 42.256248 ], [ 18.892883, 42.255676000000165 ], [ 18.892639000000145, 42.255695000000117 ], [ 18.892639000000145, 42.255138 ], [ 18.892361, 42.255131000000176 ], [ 18.892361, 42.254860000000122 ], [ 18.89069400000011, 42.254860000000122 ], [ 18.890676, 42.255138 ], [ 18.890417000000127, 42.255138 ], [ 18.890394000000185, 42.255417 ], [ 18.890139, 42.255417 ], [ 18.890076, 42.2562870000001 ], [ 18.890417000000127, 42.256248 ], [ 18.890417000000127, 42.256527 ], [ 18.890503000000137, 42.256527 ], [ 18.892916000000127, 42.256527 ], [ 18.892881000000102, 42.257084000000134 ], [ 18.892639000000145, 42.257084000000134 ], [ 18.892639000000145, 42.257488000000137 ], [ 18.892639000000145, 42.257637 ], [ 18.892517000000169, 42.25769 ], [ 18.892361, 42.257637 ], [ 18.892315000000167, 42.258194000000117 ], [ 18.892084, 42.258194000000117 ], [ 18.892084, 42.258751000000188 ], [ 18.892273, 42.258751000000188 ], [ 18.892361, 42.258751000000188 ], [ 18.892361, 42.259029000000112 ], [ 18.892916000000127, 42.259029000000112 ], [ 18.892918000000122, 42.259304000000157 ], [ 18.893494, 42.259277 ], [ 18.893473, 42.259583000000134 ], [ 18.893625, 42.259583000000134 ], [ 18.893749000000128, 42.259583000000134 ], [ 18.893791, 42.259823 ], [ 18.894028000000105, 42.259861 ], [ 18.894068, 42.260101000000191 ], [ 18.894306, 42.260139 ], [ 18.894255000000101, 42.260418000000129 ], [ 18.893749000000128, 42.260418000000129 ], [ 18.893742, 42.260674000000165 ], [ 18.892698, 42.260681 ], [ 18.892698, 42.260971 ], [ 18.89152700000011, 42.260971 ], [ 18.891479, 42.26129200000014 ], [ 18.891251, 42.261250000000189 ], [ 18.891251, 42.262085000000184 ], [ 18.891525000000172, 42.262131 ], [ 18.891476000000182, 42.26291700000013 ], [ 18.891251, 42.26291700000013 ], [ 18.891308000000151, 42.264591 ], [ 18.890972, 42.264584000000184 ], [ 18.8909230000001, 42.265141 ], [ 18.89069400000011, 42.265141 ], [ 18.89069400000011, 42.267277 ], [ 18.89069400000011, 42.267361000000108 ], [ 18.89094, 42.267418000000191 ], [ 18.890972, 42.267639 ], [ 18.891325000000109, 42.267639 ], [ 18.891806000000145, 42.267639 ], [ 18.891806000000145, 42.267918000000179 ], [ 18.891912, 42.267918000000179 ], [ 18.892084, 42.267918000000179 ], [ 18.892078, 42.269028 ], [ 18.89152700000011, 42.269028 ], [ 18.89152700000011, 42.269306 ], [ 18.8914410000001, 42.269306 ], [ 18.890972, 42.269306 ], [ 18.890985, 42.2696 ], [ 18.89069400000011, 42.269585 ], [ 18.890688000000182, 42.269897000000128 ], [ 18.890139, 42.269859 ], [ 18.890139, 42.270138 ], [ 18.88875, 42.270138 ], [ 18.88875, 42.270416000000125 ], [ 18.888573000000122, 42.270416000000125 ], [ 18.888472000000149, 42.270416000000125 ], [ 18.888491000000101, 42.270691000000113 ], [ 18.888197000000105, 42.270695000000103 ], [ 18.888197000000105, 42.271252000000175 ], [ 18.888491000000101, 42.271301000000165 ], [ 18.888491000000101, 42.272095 ], [ 18.888197000000105, 42.27208300000018 ], [ 18.88817, 42.272625 ], [ 18.888123, 42.272705000000144 ], [ 18.887915, 42.27264 ], [ 18.887915, 42.273193 ], [ 18.888123, 42.273193 ], [ 18.888197000000105, 42.273193 ], [ 18.888197000000105, 42.273441000000105 ], [ 18.888197000000105, 42.27375 ], [ 18.88837100000012, 42.27375 ], [ 18.888472000000149, 42.27375 ], [ 18.888470000000154, 42.273926 ], [ 18.888470000000154, 42.274029 ], [ 18.888197000000105, 42.274029 ], [ 18.888197000000105, 42.274860000000103 ], [ 18.887636, 42.274860000000103 ], [ 18.887629, 42.27510500000011 ], [ 18.887522, 42.275139 ], [ 18.886806000000149, 42.275139 ], [ 18.886806000000149, 42.275341 ], [ 18.886806000000149, 42.275417000000175 ], [ 18.88614100000018, 42.275417000000175 ], [ 18.883753000000127, 42.275417000000175 ], [ 18.883730000000185, 42.275696000000153 ], [ 18.882639000000154, 42.275696000000153 ], [ 18.882614, 42.275909000000183 ], [ 18.882463000000143, 42.27597 ], [ 18.882084, 42.27597 ], [ 18.882084, 42.276123000000155 ], [ 18.882084, 42.276249 ], [ 18.880989, 42.276249 ], [ 18.880491, 42.276249 ], [ 18.880417, 42.276249 ], [ 18.88034800000014, 42.276787000000184 ], [ 18.880138000000159, 42.276806000000192 ], [ 18.880138000000159, 42.277363 ], [ 18.880417, 42.277405000000158 ], [ 18.880417, 42.277637 ], [ 18.880653000000166, 42.277672 ], [ 18.880695, 42.277916000000175 ], [ 18.880972, 42.277916000000175 ], [ 18.880972, 42.278194 ], [ 18.881212, 42.278206000000182 ], [ 18.88125, 42.27832 ], [ 18.88125, 42.278473 ], [ 18.881533000000104, 42.278503 ], [ 18.881527000000176, 42.27875100000017 ], [ 18.881802000000164, 42.278816 ], [ 18.881784, 42.278984 ], [ 18.881691, 42.279026000000158 ], [ 18.880972, 42.279026000000158 ], [ 18.880991, 42.279346 ], [ 18.880695, 42.279305000000193 ], [ 18.880695, 42.27948 ], [ 18.880695, 42.279583 ], [ 18.88048600000019, 42.279583 ], [ 18.879862, 42.279583 ], [ 18.879885, 42.279907 ], [ 18.879583, 42.279861000000153 ], [ 18.879583, 42.280418 ], [ 18.879305000000159, 42.280418 ], [ 18.879272, 42.280701000000192 ], [ 18.87875, 42.280693 ], [ 18.87875, 42.280884 ], [ 18.87875, 42.280972 ], [ 18.878284, 42.280972 ], [ 18.877361, 42.280972 ], [ 18.877361, 42.281128000000194 ], [ 18.877361, 42.281250000000171 ], [ 18.875139000000104, 42.281250000000171 ], [ 18.875139000000104, 42.281128000000194 ], [ 18.875139000000104, 42.280972 ], [ 18.874857000000191, 42.280972 ], [ 18.874584, 42.280972 ], [ 18.874584, 42.280884 ], [ 18.874584, 42.280693 ], [ 18.873751, 42.280693 ], [ 18.873682000000144, 42.280972 ], [ 18.873196, 42.280972 ], [ 18.873165, 42.281185000000107 ], [ 18.873026, 42.281250000000171 ], [ 18.872360000000185, 42.281250000000171 ], [ 18.872360000000185, 42.281498 ], [ 18.87125, 42.281528 ], [ 18.87125, 42.281250000000171 ], [ 18.870888, 42.281250000000171 ], [ 18.870693, 42.281250000000171 ], [ 18.870729, 42.281128000000194 ], [ 18.870693, 42.280972 ], [ 18.869862, 42.280972 ], [ 18.869873, 42.281311 ], [ 18.869326000000171, 42.281281 ], [ 18.868713, 42.281250000000171 ], [ 18.867359000000135, 42.281250000000171 ], [ 18.867359000000135, 42.281094 ], [ 18.867359000000135, 42.280972 ], [ 18.866871, 42.280972 ], [ 18.866528, 42.280972 ], [ 18.866528, 42.280888 ], [ 18.866528, 42.280693 ], [ 18.865417, 42.280693 ], [ 18.865417, 42.280884 ], [ 18.865417, 42.280972 ], [ 18.864584, 42.280972 ], [ 18.864584, 42.280876000000148 ], [ 18.864584, 42.280693 ], [ 18.862123000000111, 42.280701000000192 ], [ 18.862083, 42.280418 ], [ 18.861782000000176, 42.280453000000136 ], [ 18.861807000000113, 42.280140000000131 ], [ 18.861528000000135, 42.280140000000131 ], [ 18.861528000000135, 42.279861000000153 ], [ 18.861326, 42.279907 ], [ 18.86125, 42.279861000000153 ], [ 18.86125, 42.279583 ], [ 18.860971, 42.279583 ], [ 18.860971, 42.279305000000193 ], [ 18.86125, 42.279305000000193 ], [ 18.86125, 42.27875100000017 ], [ 18.860971, 42.27875100000017 ], [ 18.860971, 42.277637 ], [ 18.861313000000109, 42.277626000000168 ], [ 18.86125, 42.276249 ], [ 18.861082000000181, 42.276306 ], [ 18.860966000000133, 42.276291000000185 ], [ 18.860971, 42.27597 ], [ 18.859585, 42.27597 ], [ 18.859585, 42.276325000000156 ], [ 18.859585, 42.276527000000158 ], [ 18.859486, 42.276527000000158 ], [ 18.859304000000122, 42.276527000000158 ], [ 18.859316, 42.277100000000132 ], [ 18.858749, 42.277084 ], [ 18.858707, 42.277321000000143 ], [ 18.858475000000112, 42.277363 ], [ 18.858475000000112, 42.277637 ], [ 18.858192000000145, 42.277637 ], [ 18.858192000000145, 42.278194 ], [ 18.857916, 42.278194 ], [ 18.85791, 42.278503 ], [ 18.857639, 42.278473 ], [ 18.857639, 42.280418 ], [ 18.857361000000139, 42.280418 ], [ 18.857334, 42.281807 ], [ 18.857082000000105, 42.281807 ], [ 18.857119000000182, 42.282898000000102 ], [ 18.856806, 42.282917 ], [ 18.856806, 42.283195000000148 ], [ 18.856527, 42.283195000000148 ], [ 18.856506, 42.283508 ], [ 18.8562510000001, 42.283474000000126 ], [ 18.856226, 42.283749000000171 ], [ 18.855972000000122, 42.283749000000171 ], [ 18.855947000000185, 42.284027 ], [ 18.855694, 42.284027 ], [ 18.855715, 42.284302 ], [ 18.855417, 42.284306 ], [ 18.855417, 42.284584000000166 ], [ 18.854860000000144, 42.284584000000166 ], [ 18.854919, 42.284912000000134 ], [ 18.853516000000127, 42.284912000000134 ], [ 18.853472, 42.284584000000166 ], [ 18.851805000000127, 42.284584000000166 ], [ 18.851805000000127, 42.284912000000134 ], [ 18.850281000000166, 42.284912000000134 ], [ 18.85014, 42.284912000000134 ], [ 18.85014, 42.284584000000166 ], [ 18.849306000000126, 42.284584000000166 ], [ 18.849304000000132, 42.284912000000134 ], [ 18.847900000000152, 42.284912000000134 ], [ 18.847918, 42.284584000000166 ], [ 18.847151000000167, 42.284584000000166 ], [ 18.846804, 42.284584000000166 ], [ 18.846804, 42.284485000000132 ], [ 18.846804, 42.284306 ], [ 18.846251000000166, 42.284306 ], [ 18.846224, 42.284534000000122 ], [ 18.846128, 42.284584000000166 ], [ 18.845415, 42.284584000000166 ], [ 18.845411, 42.284882 ], [ 18.844864000000143, 42.284863000000144 ], [ 18.844864000000143, 42.284729 ], [ 18.844818, 42.284595 ], [ 18.844585000000166, 42.284584000000166 ], [ 18.844585000000166, 42.284302 ], [ 18.843323000000169, 42.284306 ], [ 18.843193, 42.284306 ], [ 18.843193, 42.284027 ], [ 18.842916, 42.284027 ], [ 18.842916, 42.284306 ], [ 18.842638, 42.284306 ], [ 18.842638, 42.284184 ], [ 18.842638, 42.284027 ], [ 18.842274, 42.284027 ], [ 18.841806, 42.284027 ], [ 18.841825, 42.283737 ], [ 18.841528000000153, 42.283749000000171 ], [ 18.841528000000153, 42.283508 ], [ 18.841309, 42.283508 ], [ 18.841249000000175, 42.283195000000148 ], [ 18.840698, 42.283195000000148 ], [ 18.840698, 42.282898000000102 ], [ 18.840416000000175, 42.282917 ], [ 18.840416000000175, 42.282360000000153 ], [ 18.839582, 42.282360000000153 ], [ 18.839539, 42.282131 ], [ 18.839306, 42.282082 ], [ 18.839306, 42.281933 ], [ 18.839283, 42.281811 ], [ 18.839027000000158, 42.281807 ], [ 18.839027000000158, 42.280972 ], [ 18.838472, 42.280972 ], [ 18.838472, 42.280693 ], [ 18.838194000000158, 42.280693 ], [ 18.838194000000158, 42.280609 ], [ 18.838194000000158, 42.280418 ], [ 18.837891000000127, 42.280418 ], [ 18.837891000000127, 42.279907 ], [ 18.839582, 42.279907 ], [ 18.839582, 42.279583 ], [ 18.840071, 42.279594 ], [ 18.840139, 42.278473 ], [ 18.839905000000158, 42.278503 ], [ 18.839582, 42.278473 ], [ 18.839582, 42.277905000000146 ], [ 18.839582, 42.277637 ], [ 18.839434, 42.277637 ], [ 18.839306, 42.277637 ], [ 18.839306, 42.277424000000167 ], [ 18.839306, 42.277084 ], [ 18.839111, 42.277084 ], [ 18.839027000000158, 42.277084 ], [ 18.839027000000158, 42.276806000000192 ], [ 18.838671, 42.276806000000192 ], [ 18.838472, 42.276806000000192 ], [ 18.838472, 42.276672 ], [ 18.838472, 42.276527000000158 ], [ 18.837917000000175, 42.276527000000158 ], [ 18.837917000000175, 42.276672 ], [ 18.837917000000175, 42.276806000000192 ], [ 18.837700000000154, 42.276806000000192 ], [ 18.837360000000103, 42.276806000000192 ], [ 18.837341, 42.277058 ], [ 18.83728, 42.277100000000132 ], [ 18.837084000000175, 42.277084 ], [ 18.837069000000156, 42.277279 ], [ 18.837063, 42.277363 ], [ 18.836805, 42.277363 ], [ 18.836798000000101, 42.277683 ], [ 18.836597, 42.277637 ], [ 18.835972, 42.277637 ], [ 18.835972, 42.277466 ], [ 18.835972, 42.277363 ], [ 18.835712000000171, 42.277363 ], [ 18.835419, 42.277363 ], [ 18.835419, 42.277225 ], [ 18.835419, 42.277084 ], [ 18.835163, 42.277084 ], [ 18.834862000000157, 42.277084 ], [ 18.834862000000157, 42.27691700000014 ], [ 18.834827000000132, 42.276817 ], [ 18.83458300000018, 42.276806000000192 ], [ 18.834581000000185, 42.276508 ], [ 18.833471, 42.276527000000158 ], [ 18.833471, 42.276672 ], [ 18.833471, 42.276806000000192 ], [ 18.832083, 42.276806000000192 ], [ 18.832092000000102, 42.276672 ], [ 18.832083, 42.276527000000158 ], [ 18.831778, 42.276527000000158 ], [ 18.831249000000184, 42.276527000000158 ], [ 18.831299, 42.276306 ], [ 18.830975, 42.276249 ], [ 18.830975, 42.27597 ], [ 18.830692000000113, 42.27597 ], [ 18.830688000000123, 42.275879 ], [ 18.830692000000113, 42.275696000000153 ], [ 18.830599, 42.275696000000153 ], [ 18.830416000000184, 42.275696000000153 ], [ 18.830416000000184, 42.275417000000175 ], [ 18.830545, 42.275417000000175 ], [ 18.830692000000113, 42.275417000000175 ], [ 18.830688000000123, 42.275085 ], [ 18.830975, 42.275139 ], [ 18.830975, 42.275002000000143 ], [ 18.830975, 42.274860000000103 ], [ 18.831299, 42.274902 ], [ 18.831226, 42.27458600000017 ], [ 18.830975, 42.27458200000018 ], [ 18.830975, 42.274090000000172 ], [ 18.82958200000013, 42.274029 ], [ 18.82958200000013, 42.273872 ], [ 18.82958200000013, 42.27375 ], [ 18.829287, 42.27375 ], [ 18.828751, 42.27375 ], [ 18.828751, 42.27352900000011 ], [ 18.828751, 42.273193 ], [ 18.82847, 42.273193 ], [ 18.82847, 42.273552 ], [ 18.82847, 42.27375 ], [ 18.827732, 42.27375 ], [ 18.827084000000184, 42.27375 ], [ 18.827074, 42.273926 ], [ 18.827068000000111, 42.274029 ], [ 18.826805, 42.274029 ], [ 18.826805, 42.274902 ], [ 18.826294000000189, 42.274902 ], [ 18.82625000000013, 42.275047 ], [ 18.82625000000013, 42.275417000000175 ], [ 18.826139000000182, 42.275417000000175 ], [ 18.825972, 42.275417000000175 ], [ 18.825972, 42.275532000000112 ], [ 18.825972, 42.275696000000153 ], [ 18.82489, 42.275696000000153 ], [ 18.82489, 42.276306 ], [ 18.823750000000189, 42.276249 ], [ 18.823709000000179, 42.276527000000158 ], [ 18.823473, 42.276527000000158 ], [ 18.823530000000119, 42.276840000000163 ], [ 18.822639, 42.276806000000192 ], [ 18.822693000000129, 42.277100000000132 ], [ 18.821251000000188, 42.277084 ], [ 18.821251000000188, 42.277363 ], [ 18.821472, 42.277363 ], [ 18.821472, 42.277637 ], [ 18.821251000000188, 42.277637 ], [ 18.821182, 42.278194 ], [ 18.820972, 42.278194 ], [ 18.820972, 42.27834700000011 ], [ 18.820972, 42.278473 ], [ 18.820129, 42.278503 ], [ 18.820139, 42.279026000000158 ], [ 18.819895, 42.279041000000177 ], [ 18.81986, 42.279121 ], [ 18.81986, 42.279305000000193 ], [ 18.819092, 42.279297 ], [ 18.81897, 42.279583 ], [ 18.81875, 42.279583 ], [ 18.81875, 42.279926 ], [ 18.81875, 42.280140000000131 ], [ 18.818583, 42.280140000000131 ], [ 18.818472, 42.280140000000131 ], [ 18.818472, 42.280281000000116 ], [ 18.818472, 42.280418 ], [ 18.818274, 42.280418 ], [ 18.817917, 42.280418 ], [ 18.817871000000139, 42.280701000000192 ], [ 18.817638, 42.280693 ], [ 18.817638, 42.280823000000169 ], [ 18.817638, 42.280972 ], [ 18.81735, 42.280972 ], [ 18.817081000000144, 42.280972 ], [ 18.817059, 42.281124 ], [ 18.817038000000139, 42.281250000000171 ], [ 18.816805, 42.281250000000171 ], [ 18.816805, 42.281528 ], [ 18.816528, 42.281528 ], [ 18.816528, 42.281807 ], [ 18.815971000000161, 42.281807 ], [ 18.815971000000161, 42.282082 ], [ 18.815695, 42.282082 ], [ 18.815674, 42.282295 ], [ 18.815462000000139, 42.282360000000153 ], [ 18.81514, 42.282360000000153 ], [ 18.81514, 42.282471000000101 ], [ 18.81514, 42.282639000000131 ], [ 18.814957000000106, 42.282639000000131 ], [ 18.814583, 42.282639000000131 ], [ 18.814583, 42.282898000000102 ], [ 18.813721000000157, 42.282898000000102 ], [ 18.813749000000143, 42.283195000000148 ], [ 18.813602, 42.283195000000148 ], [ 18.813473, 42.283195000000148 ], [ 18.813477, 42.283508 ], [ 18.813194, 42.283474000000126 ], [ 18.813194, 42.283749000000171 ], [ 18.812916000000143, 42.283749000000171 ], [ 18.812916000000143, 42.284027 ], [ 18.812361, 42.284027 ], [ 18.812384000000179, 42.284355 ], [ 18.812084, 42.284306 ], [ 18.812084, 42.284485000000132 ], [ 18.812084, 42.284584000000166 ], [ 18.811750000000131, 42.284584000000166 ], [ 18.811251, 42.284584000000166 ], [ 18.811251, 42.284306 ], [ 18.810972, 42.284306 ], [ 18.810972, 42.284584000000166 ], [ 18.810591000000159, 42.284584000000166 ], [ 18.810139, 42.284584000000166 ], [ 18.810139, 42.284489000000121 ], [ 18.810139, 42.284306 ], [ 18.8097360000001, 42.284306 ], [ 18.809305000000165, 42.284306 ], [ 18.809305000000165, 42.284119 ], [ 18.809305000000165, 42.284027 ], [ 18.809023, 42.284092000000101 ], [ 18.809029, 42.283749000000171 ], [ 18.806505117000029, 42.283749000000171 ], [ 18.805908203, 42.286315918000071 ], [ 18.804472856000189, 42.290871586000094 ], [ 18.801697, 42.29968300000013 ], [ 18.801466178000112, 42.300812554000174 ], [ 18.801086425000051, 42.302673340000126 ], [ 18.801193780000119, 42.303397982000035 ], [ 18.801331000000118, 42.304321000000186 ], [ 18.801921540000137, 42.305957831000171 ], [ 18.802124024000022, 42.306518555000025 ], [ 18.802905609000106, 42.308081726000125 ], [ 18.803711, 42.309692000000155 ], [ 18.805119364000063, 42.311492039000143 ], [ 18.805908203, 42.312500000000114 ], [ 18.812072755000088, 42.318725587000188 ], [ 18.812927247000118, 42.320129395000151 ], [ 18.813293457000043, 42.321289062000119 ], [ 18.813110351000148, 42.322692871000186 ], [ 18.812498072000039, 42.324279814000136 ], [ 18.812118138000017, 42.324825679000071 ], [ 18.811096192000036, 42.326293947000067 ], [ 18.80969238300014, 42.327697755000031 ], [ 18.804504395000038, 42.331481935000113 ], [ 18.802917481, 42.333129882000151 ], [ 18.801086425000051, 42.335510254000098 ], [ 18.800381258000073, 42.337620679 ], [ 18.800291005000133, 42.337890986000104 ], [ 18.800287126000057, 42.337916333000123 ], [ 18.799927000000139, 42.340271 ], [ 18.799927000000139, 42.345886 ], [ 18.800496399000053, 42.34809358900003 ], [ 18.800903321000192, 42.349670410000044 ], [ 18.80233588800013, 42.353683884000134 ], [ 18.804248810000104, 42.35904312100007 ], [ 18.811567306000086, 42.356712342000037 ], [ 18.815566339000156, 42.355616825000084 ], [ 18.819253921000097, 42.354606629000159 ], [ 18.825026266000123, 42.352687333000176 ], [ 18.825346, 42.352581000000157 ], [ 18.831245, 42.350143 ], [ 18.839861, 42.346008 ], [ 18.841764837000142, 42.3452956860001 ], [ 18.842205047000107, 42.345130920000145 ], [ 18.842742920000148, 42.344928742000093 ], [ 18.850102414000105, 42.343072046000145 ], [ 18.8529640000001, 42.34235 ], [ 18.859383, 42.340515000000153 ], [ 18.865906000000166, 42.338684000000171 ], [ 18.868043095000132, 42.338207411000099 ], [ 18.882873535000101, 42.334899903000121 ], [ 18.891294480000056, 42.332702637000068 ], [ 18.894685815000116, 42.332064502000094 ], [ 18.8964840000001, 42.331726000000174 ], [ 18.902355, 42.331066 ], [ 18.905554, 42.330711 ], [ 18.910282000000109, 42.329643000000146 ], [ 18.913698000000124, 42.328552000000116 ], [ 18.916031725000039, 42.327486485000122 ], [ 18.916254044000084, 42.327384947999974 ], [ 18.920114517000172, 42.325065614000096 ], [ 18.921375838000188, 42.324107970000114 ], [ 18.921818, 42.32377200000019 ], [ 18.922439402000066, 42.323155186000122 ], [ 18.92398452700013, 42.321620941000106 ], [ 18.924696249000192, 42.320523449000063 ], [ 18.925550460000068, 42.319206237000174 ], [ 18.925843190000137, 42.31875588500003 ], [ 18.926145553000026, 42.318290712000191 ], [ 18.929136897000092, 42.310303708000106 ], [ 18.929162979000125, 42.31023406900016 ], [ 18.930353164999985, 42.307682037000177 ], [ 18.930850748000069, 42.306615329000067 ], [ 18.932422637000172, 42.303245544000049 ], [ 18.932879579000144, 42.302667032000102 ], [ 18.933046341000079, 42.302455902000077 ], [ 18.933128357000101, 42.302429199000073 ], [ 18.935913085000152, 42.295104980000076 ] ] ] ] } },
{ "type": "Feature", "properties": { "fid": 6, "GID_1": "MNE.6_1", "GID_0": "MNE", "COUNTRY": "Montenegro", "NAME_1": "Cetinje", "VARNAME_1": "NA", "NL_NAME_1": "NA", "TYPE_1": "Opština", "ENGTYPE_1": "Municipality", "CC_1": "NA", "HASC_1": "ME.CE", "ISO_1": "ME-06" }, "geometry": { "type": "MultiPolygon", "coordinates": [ [ [ [ 19.109527588000105, 42.312576294000053 ], [ 19.096496583000089, 42.309692384000186 ], [ 19.081115722000106, 42.310302735000164 ], [ 19.060249329000158, 42.314167023000152 ], [ 19.059579850000091, 42.314304352000192 ], [ 19.05807113700007, 42.314487458000087 ], [ 19.055053711000141, 42.314849853000112 ], [ 19.051832200000149, 42.314979554000104 ], [ 19.049381255000128, 42.314933777000135 ], [ 19.048706056000128, 42.314880372000061 ], [ 19.04370117100018, 42.314270021000141 ], [ 19.042970657000126, 42.314125061000027 ], [ 19.039672852000024, 42.313476563 ], [ 19.037475587000017, 42.312683106000179 ], [ 19.03570556700015, 42.311706543000128 ], [ 19.034143448000123, 42.310504914000092 ], [ 19.033323288000133, 42.309875488000046 ], [ 19.033264160000044, 42.309795379000093 ], [ 19.032321930000023, 42.308395386000143 ], [ 19.03148078900017, 42.305953979000037 ], [ 19.03131294300016, 42.30407714800009 ], [ 19.031471253000063, 42.302368163000153 ], [ 19.031499862000032, 42.302112579000152 ], [ 19.032716751000123, 42.299316407000106 ], [ 19.037902832000157, 42.292907715000069 ], [ 19.038696289000143, 42.291076661000091 ], [ 19.038879395000038, 42.289123535000158 ], [ 19.038566588000151, 42.287563324000075 ], [ 19.038520813, 42.287269593000019 ], [ 19.038463593000074, 42.287132264000149 ], [ 19.038085938000165, 42.28588867100018 ], [ 19.037149429000067, 42.284709931000179 ], [ 19.036682130000031, 42.284118653000121 ], [ 19.035278321000135, 42.282470703000172 ], [ 19.032287599000142, 42.279907226000091 ], [ 19.031217576000131, 42.279167176000158 ], [ 19.030515671000046, 42.27868652300009 ], [ 19.028379441000084, 42.277759552000191 ], [ 19.027303695000057, 42.277271272000121 ], [ 19.026601792000179, 42.277053834000071 ], [ 19.024902343000122, 42.276489258000083 ], [ 19.022508621000156, 42.276084899000125 ], [ 19.021301269000105, 42.275878907000106 ], [ 19.019517898000061, 42.275688171000127 ], [ 19.017883301000097, 42.275512695000032 ], [ 19.013040542000056, 42.275512695000032 ], [ 19.010665893000123, 42.275505067000097 ], [ 19.007141113000159, 42.275745393000079 ], [ 19.002166748000036, 42.27643966800008 ], [ 18.999975205000169, 42.276744843000188 ], [ 18.998947144000113, 42.277011872000173 ], [ 18.996452332000104, 42.277656555000135 ], [ 18.990512849000083, 42.280128478999984 ], [ 18.977514267000174, 42.287048340000126 ], [ 18.969404220000172, 42.290752411000085 ], [ 18.96855545000011, 42.291141510000045 ], [ 18.966375350000192, 42.291942597000173 ], [ 18.956298828000115, 42.2957153320001 ], [ 18.947565079000185, 42.298069001000101 ], [ 18.94437408400006, 42.298950195000145 ], [ 18.941835403000027, 42.299736022000104 ], [ 18.933128357000101, 42.302429199000073 ], [ 18.933046341000079, 42.302455902000077 ], [ 18.932879579000144, 42.302667032000102 ], [ 18.932422637000172, 42.303245544000049 ], [ 18.930850748000069, 42.306615329000067 ], [ 18.930353164999985, 42.307682037000177 ], [ 18.929162979000125, 42.31023406900016 ], [ 18.929136897000092, 42.310303708000106 ], [ 18.926145553000026, 42.318290712000191 ], [ 18.925843190000137, 42.31875588500003 ], [ 18.925550460000068, 42.319206237000174 ], [ 18.924696249000192, 42.320523449000063 ], [ 18.92398452700013, 42.321620941000106 ], [ 18.922439402000066, 42.323155186000122 ], [ 18.921818, 42.32377200000019 ], [ 18.921375838000188, 42.324107970000114 ], [ 18.920114517000172, 42.325065614000096 ], [ 18.916254044000084, 42.327384947999974 ], [ 18.916031725000039, 42.327486485000122 ], [ 18.913698000000124, 42.328552000000116 ], [ 18.910282000000109, 42.329643000000146 ], [ 18.905554, 42.330711 ], [ 18.902355, 42.331066 ], [ 18.8964840000001, 42.331726000000174 ], [ 18.894685815000116, 42.332064502000094 ], [ 18.891294480000056, 42.332702637000068 ], [ 18.882873535000101, 42.334899903000121 ], [ 18.868043095000132, 42.338207411000099 ], [ 18.865906000000166, 42.338684000000171 ], [ 18.859383, 42.340515000000153 ], [ 18.8529640000001, 42.34235 ], [ 18.850102414000105, 42.343072046000145 ], [ 18.842742920000148, 42.344928742000093 ], [ 18.842205047000107, 42.345130920000145 ], [ 18.841764837000142, 42.3452956860001 ], [ 18.839861, 42.346008 ], [ 18.831245, 42.350143 ], [ 18.825346, 42.352581000000157 ], [ 18.825026266000123, 42.352687333000176 ], [ 18.819253921000097, 42.354606629000159 ], [ 18.815566339000156, 42.355616825000084 ], [ 18.811567306000086, 42.356712342000037 ], [ 18.804248810000104, 42.35904312100007 ], [ 18.805150986000172, 42.368076325000175 ], [ 18.805130005000137, 42.376174927000193 ], [ 18.805128097000136, 42.376770020000151 ], [ 18.805114746000186, 42.376892090000126 ], [ 18.804687501000103, 42.380676270000038 ], [ 18.80389594900015, 42.383483887000125 ], [ 18.802917481, 42.385681152000075 ], [ 18.801330566000104, 42.388122559000067 ], [ 18.798095703000058, 42.391479492000087 ], [ 18.795104980000133, 42.393676759000073 ], [ 18.788513183000134, 42.398071290000132 ], [ 18.781677246000015, 42.403930665000075 ], [ 18.779724121000186, 42.406127930000082 ], [ 18.776256561000139, 42.409870148000095 ], [ 18.775953292, 42.410217285000101 ], [ 18.77543640100015, 42.410934448000035 ], [ 18.774072647000082, 42.41282653899998 ], [ 18.773265839000146, 42.414478302000134 ], [ 18.772466659000088, 42.416118621000066 ], [ 18.771623612000042, 42.419525146000126 ], [ 18.771633148000149, 42.421737672000063 ], [ 18.771945954000103, 42.422672272999989 ], [ 18.772346496000182, 42.423881532000166 ], [ 18.772941589000141, 42.424671174000082 ], [ 18.773275375000026, 42.425113678000116 ], [ 18.773784638000166, 42.425109864000149 ], [ 18.778369903000055, 42.425109864000149 ], [ 18.779375075000075, 42.428459167000085 ], [ 18.778825759000085, 42.430126190000067 ], [ 18.779186249000077, 42.430446625000059 ], [ 18.782594680999978, 42.434001924000142 ], [ 18.782890320000035, 42.434310913000047 ], [ 18.783000945000026, 42.434486389000142 ], [ 18.785596847000079, 42.43862533600003 ], [ 18.787260055, 42.442844391000165 ], [ 18.787710190000041, 42.445270538999978 ], [ 18.787786484000151, 42.450134277000075 ], [ 18.786592483000049, 42.455364227000075 ], [ 18.785980225000174, 42.45804214500015 ], [ 18.785812377000127, 42.459762574000138 ], [ 18.785713195000085, 42.460746765000124 ], [ 18.785713195000085, 42.460830689000147 ], [ 18.785528183000054, 42.48024749800004 ], [ 18.785516738000126, 42.480342865000068 ], [ 18.785224914000139, 42.482959748000098 ], [ 18.784706115000063, 42.484977723000043 ], [ 18.784557343000017, 42.485569000000169 ], [ 18.78444290200008, 42.485809327000084 ], [ 18.781677246000015, 42.49188232400013 ], [ 18.778503417000081, 42.496887208000146 ], [ 18.776489257000037, 42.499084473000153 ], [ 18.770080567000036, 42.505126954000161 ], [ 18.763305663999972, 42.510681152000188 ], [ 18.757633209000062, 42.51391601600011 ], [ 18.755943297000044, 42.514915466000048 ], [ 18.755207062000125, 42.515350341000044 ], [ 18.752468109000063, 42.516971589000093 ], [ 18.7496376040001, 42.51864624000018 ], [ 18.742910384000027, 42.521984101000044 ], [ 18.741802215000064, 42.522533417000034 ], [ 18.740915298000118, 42.522975921000011 ], [ 18.740474700000107, 42.523239136000029 ], [ 18.739889145000063, 42.523586273999967 ], [ 18.737388610000039, 42.525077819000046 ], [ 18.732124329000101, 42.529590608000149 ], [ 18.728792189999979, 42.533401489000028 ], [ 18.726808547000076, 42.536426544000165 ], [ 18.725288391000106, 42.538742065000122 ], [ 18.724681854999972, 42.539875030000189 ], [ 18.723215103000143, 42.542621614000041 ], [ 18.720476150000081, 42.550495148000152 ], [ 18.719694138000023, 42.552436829000101 ], [ 18.718158722, 42.556251525000107 ], [ 18.71629714900007, 42.559509278000064 ], [ 18.715089798000122, 42.561706543000071 ], [ 18.711120605000076, 42.567504882000094 ], [ 18.707092284999987, 42.572326661000034 ], [ 18.704893112000036, 42.574523925999983 ], [ 18.703674316000104, 42.575683593000122 ], [ 18.691894531, 42.585876465000069 ], [ 18.689880371000186, 42.588073731000179 ], [ 18.688903808000077, 42.589111327000012 ], [ 18.686279297999988, 42.593078612999989 ], [ 18.684509277000188, 42.595886230000076 ], [ 18.683105469000054, 42.598876953000172 ], [ 18.68223381100006, 42.602325439000026 ], [ 18.681917191000139, 42.60359954900008 ], [ 18.6818275440001, 42.603969574000075 ], [ 18.68099594, 42.607357025000113 ], [ 18.679994583000052, 42.609767915000134 ], [ 18.674020768000048, 42.619781494000051 ], [ 18.672309876000043, 42.623081207000155 ], [ 18.67602920500002, 42.623931884000115 ], [ 18.684604644, 42.625892638000153 ], [ 18.699375152000187, 42.630214691000106 ], [ 18.704263687999969, 42.632579804000102 ], [ 18.706327437000141, 42.634075164000024 ], [ 18.70689392100013, 42.634483338000052 ], [ 18.708381653000117, 42.636035919000165 ], [ 18.710044861000029, 42.638542176000158 ], [ 18.710832596000103, 42.639736177000088 ], [ 18.711578368000175, 42.641372681000121 ], [ 18.71230507000007, 42.644153596000137 ], [ 18.712762833000056, 42.650035859000184 ], [ 18.712926864000053, 42.667991638 ], [ 18.713371277000135, 42.670822144000113 ], [ 18.714754105000111, 42.674217225000064 ], [ 18.717779159000145, 42.677528381000116 ], [ 18.721324920000143, 42.680522918000179 ], [ 18.725542068000038, 42.682979583000133 ], [ 18.737024308000059, 42.688167572000111 ], [ 18.740043640000124, 42.690204620000088 ], [ 18.742139816000019, 42.692249297999979 ], [ 18.743610382000043, 42.695144653 ], [ 18.744087219000107, 42.698852540000132 ], [ 18.744691850000152, 42.703525544000058 ], [ 18.745433806999984, 42.706279755000139 ], [ 18.746072769000079, 42.707580566 ], [ 18.74715232799997, 42.709030152000025 ], [ 18.749505996000039, 42.710708618000183 ], [ 18.751325608000116, 42.711475373000155 ], [ 18.755258560000129, 42.71220016500007 ], [ 18.759386063000136, 42.711963654000101 ], [ 18.762527466000108, 42.711154938000163 ], [ 18.765764237000099, 42.709995269000046 ], [ 18.767721176000123, 42.708995820000041 ], [ 18.76990890400009, 42.707874298000149 ], [ 18.777374267000084, 42.702705383000136 ], [ 18.781505585000104, 42.70030975300017 ], [ 18.78925895600014, 42.69663620100016 ], [ 18.791883469000084, 42.695571901 ], [ 18.7956523900001, 42.694438935000051 ], [ 18.80299949700003, 42.693405152000082 ], [ 18.812320709000176, 42.692806244000053 ], [ 18.825834275000091, 42.692676545000097 ], [ 18.842952729, 42.692508697000051 ], [ 18.851356506000172, 42.69181442200005 ], [ 18.854965210000159, 42.691059112000119 ], [ 18.856481553000094, 42.690597535 ], [ 18.857944488999976, 42.690155030000085 ], [ 18.868543626000076, 42.685848235000151 ], [ 18.873195649000138, 42.683124543000076 ], [ 18.875530243000014, 42.681159973000035 ], [ 18.876287461000175, 42.680435181000121 ], [ 18.87805175900013, 42.678741455000136 ], [ 18.88221549900004, 42.673969269000168 ], [ 18.888473510000097, 42.66771316500018 ], [ 18.891813279000132, 42.664669038000056 ], [ 18.894510270000069, 42.662685394999983 ], [ 18.895685195, 42.662006378000058 ], [ 18.898553847000073, 42.660354615000074 ], [ 18.900608063, 42.65935134900019 ], [ 18.902585984000154, 42.658382416000052 ], [ 18.914079667000181, 42.653949738000108 ], [ 18.922418595000011, 42.650268555000082 ], [ 18.929571151000118, 42.646636963000162 ], [ 18.931499481000174, 42.645511628 ], [ 18.932577134000098, 42.644695282000157 ], [ 18.934082032000049, 42.643558503000179 ], [ 18.936780929000179, 42.640972137000063 ], [ 18.938316345000032, 42.639038087000074 ], [ 18.939922333000027, 42.637016297000116 ], [ 18.945827485000109, 42.626838685 ], [ 18.951755522999974, 42.617794036000134 ], [ 18.950630188000048, 42.606826782000041 ], [ 18.950544358000059, 42.600494385000047 ], [ 18.950866699000187, 42.597568511000077 ], [ 18.951726914, 42.59490203900009 ], [ 18.952878953000038, 42.593235016000051 ], [ 18.954334259000177, 42.591976166 ], [ 18.957029342000169, 42.590507507999973 ], [ 18.966857910000158, 42.586967469000115 ], [ 18.970355987000119, 42.585433960000159 ], [ 18.975111007000123, 42.582836151000038 ], [ 18.97959136999998, 42.580070496000076 ], [ 18.981302262000156, 42.578842163000161 ], [ 18.982894897000051, 42.577259064000032 ], [ 18.98779869100008, 42.569252014000085 ], [ 18.99113845800008, 42.56577682600016 ], [ 18.99578475900006, 42.562690734000057 ], [ 18.998750687000097, 42.561386108000136 ], [ 19.00766182000018, 42.558258057000046 ], [ 19.012395859000094, 42.555908204 ], [ 19.014453888000105, 42.554622651000159 ], [ 19.016967774000079, 42.552543641000057 ], [ 19.018943786000136, 42.550399781000124 ], [ 19.019891738000069, 42.548877717000153 ], [ 19.020463943000095, 42.546890259 ], [ 19.020259858000145, 42.544048310000164 ], [ 19.018712998000069, 42.540699006000125 ], [ 19.017351151000071, 42.539207459000124 ], [ 19.011928558000022, 42.535614013000156 ], [ 19.004470825000169, 42.531520844000113 ], [ 19.001693725000109, 42.529697418000069 ], [ 18.998466492000148, 42.526954652000143 ], [ 18.996067047000111, 42.523807525000109 ], [ 18.995370864000165, 42.522506714000031 ], [ 18.994504928000083, 42.519790649000072 ], [ 18.993400574000191, 42.51058960000006 ], [ 18.992414475000089, 42.505798341000173 ], [ 18.991308210999989, 42.505397797000114 ], [ 18.988443374000042, 42.504909516000112 ], [ 18.976217269000188, 42.50337982200017 ], [ 18.974054337000098, 42.502906800000119 ], [ 18.971822738000071, 42.502117158000146 ], [ 18.970214843000178, 42.501064300999985 ], [ 18.969348907000153, 42.500041961000136 ], [ 18.968753814000024, 42.49849319599997 ], [ 18.969116211000085, 42.495536805000086 ], [ 18.970643998000071, 42.493137360000048 ], [ 18.972906114000182, 42.491100312000071 ], [ 18.974927901000058, 42.489948273000039 ], [ 18.983009337000112, 42.486206055000025 ], [ 18.986951827000155, 42.484745026000041 ], [ 18.990112305000025, 42.483860015000062 ], [ 19.002035141000079, 42.481197358000145 ], [ 19.008876800000166, 42.479148865000184 ], [ 19.011817932000156, 42.47768783600003 ], [ 19.018411636000167, 42.473472596000136 ], [ 19.020288467000114, 42.472103119000053 ], [ 19.022546768000041, 42.469905854000046 ], [ 19.024082184000065, 42.467983246000131 ], [ 19.030942916000186, 42.456882476000033 ], [ 19.032722474000138, 42.454681398000162 ], [ 19.034179688000108, 42.453296661000081 ], [ 19.037788392000095, 42.450672150000116 ], [ 19.042919159000121, 42.447479248000036 ], [ 19.054525376000072, 42.441658020000148 ], [ 19.063392639000028, 42.43494033800016 ], [ 19.071992874000102, 42.426979065000182 ], [ 19.080484390000095, 42.416831970000032 ], [ 19.081787109000174, 42.414905549000082 ], [ 19.081996918000016, 42.414478302000134 ], [ 19.084424972000022, 42.40954208300019 ], [ 19.086227417000032, 42.40694046100009 ], [ 19.08906936700015, 42.40377044700017 ], [ 19.094005586000094, 42.399539947000051 ], [ 19.098701475999974, 42.395874025000126 ], [ 19.11565971300007, 42.383918762000121 ], [ 19.122280121000188, 42.380195618000073 ], [ 19.135808945000122, 42.373828889000094 ], [ 19.141929627000081, 42.369956970000089 ], [ 19.146318435000126, 42.366527557000097 ], [ 19.149360657000159, 42.363582612000073 ], [ 19.151491165000039, 42.36083603000003 ], [ 19.15219879100016, 42.359466554000051 ], [ 19.152976989000024, 42.356735231000073 ], [ 19.153373718000125, 42.350818634000177 ], [ 19.153240204000042, 42.340354920000038 ], [ 19.152597427000103, 42.33538818300002 ], [ 19.150897979000149, 42.331024171000081 ], [ 19.149326324000072, 42.331691741999975 ], [ 19.142190934000155, 42.327980041000103 ], [ 19.116996766000113, 42.314235687000121 ], [ 19.109697341000015, 42.312614441000107 ], [ 19.109527588000105, 42.312576294000053 ] ] ] ] } },
{ "type": "Feature", "properties": { "fid": 7, "GID_1": "MNE.7_1", "GID_0": "MNE", "COUNTRY": "Montenegro", "NAME_1": "Danilovgrad", "VARNAME_1": "NA", "NL_NAME_1": "NA", "TYPE_1": "Opština", "ENGTYPE_1": "Municipality", "CC_1": "NA", "HASC_1": "ME.DA", "ISO_1": "ME-07" }, "geometry": { "type": "MultiPolygon", "coordinates": [ [ [ [ 18.992414475000089, 42.505798341000173 ], [ 18.993400574000191, 42.51058960000006 ], [ 18.994504928000083, 42.519790649000072 ], [ 18.995370864000165, 42.522506714000031 ], [ 18.996067047000111, 42.523807525000109 ], [ 18.998466492000148, 42.526954652000143 ], [ 19.001693725000109, 42.529697418000069 ], [ 19.004470825000169, 42.531520844000113 ], [ 19.011928558000022, 42.535614013000156 ], [ 19.017351151000071, 42.539207459000124 ], [ 19.018712998000069, 42.540699006000125 ], [ 19.020259858000145, 42.544048310000164 ], [ 19.020463943000095, 42.546890259 ], [ 19.019891738000069, 42.548877717000153 ], [ 19.018943786000136, 42.550399781000124 ], [ 19.016967774000079, 42.552543641000057 ], [ 19.014453888000105, 42.554622651000159 ], [ 19.012395859000094, 42.555908204 ], [ 19.00766182000018, 42.558258057000046 ], [ 18.998750687000097, 42.561386108000136 ], [ 18.99578475900006, 42.562690734000057 ], [ 18.99113845800008, 42.56577682600016 ], [ 18.98779869100008, 42.569252014000085 ], [ 18.982894897000051, 42.577259064000032 ], [ 18.981302262000156, 42.578842163000161 ], [ 18.97959136999998, 42.580070496000076 ], [ 18.975111007000123, 42.582836151000038 ], [ 18.970355987000119, 42.585433960000159 ], [ 18.966857910000158, 42.586967469000115 ], [ 18.957029342000169, 42.590507507999973 ], [ 18.954334259000177, 42.591976166 ], [ 18.952878953000038, 42.593235016000051 ], [ 18.951726914, 42.59490203900009 ], [ 18.950866699000187, 42.597568511000077 ], [ 18.950544358000059, 42.600494385000047 ], [ 18.950630188000048, 42.606826782000041 ], [ 18.951755522999974, 42.617794036000134 ], [ 18.955732346000161, 42.617416381000055 ], [ 18.960588454000117, 42.616958619000172 ], [ 18.97117614800004, 42.616474152000137 ], [ 18.981767654000123, 42.616279603000123 ], [ 18.98469924900013, 42.616222382000103 ], [ 18.986986161000175, 42.616291046000129 ], [ 18.993158340000036, 42.616474152000137 ], [ 18.994909287000098, 42.61671829300019 ], [ 18.997087479000186, 42.617019653000114 ], [ 19.001150132000134, 42.618202210000163 ], [ 19.006544113000132, 42.620548248000091 ], [ 19.009225846000049, 42.62216568100007 ], [ 19.010686874000157, 42.623497009000118 ], [ 19.011798859000066, 42.624511719000054 ], [ 19.012413025000058, 42.625583649000077 ], [ 19.013107300000058, 42.626792908000027 ], [ 19.01343345600003, 42.627994537000063 ], [ 19.013849258000164, 42.629539489000194 ], [ 19.014307022000025, 42.638351440000179 ], [ 19.014102937000075, 42.652736664000088 ], [ 19.01395988500019, 42.662860871000134 ], [ 19.014015198000038, 42.663616181000123 ], [ 19.014142991000028, 42.665325166000173 ], [ 19.014743804000091, 42.667984008000076 ], [ 19.016126632000123, 42.671073913000043 ], [ 19.017377852999971, 42.672737121000182 ], [ 19.020475388000023, 42.675312042000144 ], [ 19.028844833000051, 42.67998886100014 ], [ 19.035909653000147, 42.685260773000039 ], [ 19.038623811000036, 42.686985016000165 ], [ 19.039064407000069, 42.687263489000031 ], [ 19.047615052000083, 42.691360474000192 ], [ 19.058450700000094, 42.696151733000193 ], [ 19.062240600000166, 42.697765351000157 ], [ 19.0669918050001, 42.699359894000168 ], [ 19.075176239000143, 42.701385498000093 ], [ 19.079755783000167, 42.70199584900007 ], [ 19.083761215999971, 42.702098847000059 ], [ 19.086832047000144, 42.702178955000079 ], [ 19.093849181000053, 42.701782227000137 ], [ 19.094404220000058, 42.701683045000095 ], [ 19.098291397000082, 42.700992585000165 ], [ 19.113466263000134, 42.696449280000024 ], [ 19.128244400000142, 42.692657472000178 ], [ 19.135366439000109, 42.691177368000126 ], [ 19.139204026000073, 42.690734864000092 ], [ 19.140562058000171, 42.690670014000091 ], [ 19.143163682000136, 42.690540315000078 ], [ 19.157838822000087, 42.690765381000062 ], [ 19.164314270000091, 42.690864563000105 ], [ 19.180353165000156, 42.690696717000037 ], [ 19.188232421000123, 42.690315247000115 ], [ 19.198444367000093, 42.688911439000151 ], [ 19.203332901000067, 42.688610077000078 ], [ 19.207769394000081, 42.688865662000183 ], [ 19.215492249000022, 42.689964295000038 ], [ 19.219701766000071, 42.690979003000166 ], [ 19.221925735000127, 42.691856384000175 ], [ 19.223627090000093, 42.692878722000046 ], [ 19.224981308000054, 42.694099427000026 ], [ 19.225990296000077, 42.695648194 ], [ 19.226486206000061, 42.698184968000135 ], [ 19.225719453000124, 42.700847626000154 ], [ 19.22533607500003, 42.701396942000144 ], [ 19.224939346000156, 42.701972961000138 ], [ 19.224452973000155, 42.702438355000083 ], [ 19.223321914999985, 42.703533174000142 ], [ 19.215982437000093, 42.709617614000138 ], [ 19.211427688000072, 42.714260102000082 ], [ 19.210126877000164, 42.715953826000032 ], [ 19.209243774000186, 42.71710205200003 ], [ 19.207685470000058, 42.720241547000171 ], [ 19.206386567000152, 42.72410965 ], [ 19.205556870000123, 42.727722168000128 ], [ 19.205423355, 42.729263307 ], [ 19.20534896800018, 42.730121612000062 ], [ 19.205474854000101, 42.731323243000134 ], [ 19.205602645000113, 42.732543946000135 ], [ 19.206235885000126, 42.734294891000161 ], [ 19.207250595000062, 42.735855103000063 ], [ 19.208473205000132, 42.737083436000034 ], [ 19.209514618000071, 42.738128662000179 ], [ 19.216312409000182, 42.742282867000085 ], [ 19.218736648000117, 42.744045257000039 ], [ 19.221382141999982, 42.746585846000016 ], [ 19.224201202000188, 42.750228882000044 ], [ 19.241975785000136, 42.742111207000107 ], [ 19.251867293000032, 42.737869263000107 ], [ 19.254823684000087, 42.736114503000067 ], [ 19.256547928000145, 42.734653472000048 ], [ 19.258464813000046, 42.732494354000096 ], [ 19.260793686000056, 42.728065491000052 ], [ 19.261793136000165, 42.723880768000072 ], [ 19.262012481000113, 42.718170167000039 ], [ 19.26174163800016, 42.70656204300019 ], [ 19.261970518999988, 42.700874329000158 ], [ 19.262922286000162, 42.696689606000064 ], [ 19.265403748000097, 42.691368104000105 ], [ 19.268249511000135, 42.687473297000167 ], [ 19.273437499000011, 42.681694031000177 ], [ 19.278064728000174, 42.676033020000091 ], [ 19.282947540000066, 42.671375275000116 ], [ 19.290281296000046, 42.665916444000061 ], [ 19.296413421000182, 42.662528992000091 ], [ 19.30312347500012, 42.659263612000132 ], [ 19.28562545800014, 42.652404786000147 ], [ 19.280733108000163, 42.650291444000118 ], [ 19.277372361000175, 42.648571014000026 ], [ 19.273935317, 42.646514892000084 ], [ 19.271184921000156, 42.644504548000043 ], [ 19.268434525000146, 42.642063141000051 ], [ 19.265401840000152, 42.638896943000134 ], [ 19.26200676100018, 42.634441376000154 ], [ 19.261119842000028, 42.63212204000007 ], [ 19.260454178000032, 42.627090454000154 ], [ 19.26043510500017, 42.621891021000067 ], [ 19.260942459000034, 42.616760255000145 ], [ 19.261573791000046, 42.614303590000134 ], [ 19.264030456000171, 42.608016968000129 ], [ 19.264938355000083, 42.603302002000078 ], [ 19.264520646000051, 42.598197938 ], [ 19.263677597000026, 42.594940185000041 ], [ 19.262691498000038, 42.592620849000127 ], [ 19.260433197000168, 42.589633942000034 ], [ 19.258367538000073, 42.587635041000112 ], [ 19.255655288000185, 42.585788727000079 ], [ 19.252613068000187, 42.584201812000174 ], [ 19.247407914000064, 42.582443237000064 ], [ 19.234848023000154, 42.579296112000179 ], [ 19.23273277200019, 42.578517913000155 ], [ 19.229667663000157, 42.576980591000165 ], [ 19.228004455000189, 42.575794221000024 ], [ 19.226409913000055, 42.574249268000187 ], [ 19.222808838999981, 42.56906890800019 ], [ 19.220329285, 42.564392089000023 ], [ 19.218891143000064, 42.560596466000163 ], [ 19.217954636000115, 42.556545258000142 ], [ 19.217702865000149, 42.553874969000105 ], [ 19.217548370000031, 42.532077790000017 ], [ 19.218757628999981, 42.522209167000028 ], [ 19.218904496000164, 42.517780305000031 ], [ 19.218442917000061, 42.509258270000032 ], [ 19.218019485000013, 42.507152557000154 ], [ 19.216766358000029, 42.503753662 ], [ 19.214246750000086, 42.498466492000091 ], [ 19.20882987900012, 42.490264893000131 ], [ 19.200597763000076, 42.480720521000194 ], [ 19.198539734000065, 42.478755951000039 ], [ 19.195899963000045, 42.476959229000045 ], [ 19.19295692500009, 42.47554779100011 ], [ 19.190702439000063, 42.474971771000071 ], [ 19.187429429000133, 42.474601746000133 ], [ 19.18400573800011, 42.474540711000145 ], [ 19.180553436000082, 42.474723817000154 ], [ 19.17718887400008, 42.475185394000107 ], [ 19.172534943000187, 42.476333618000069 ], [ 19.162889481000093, 42.479732514000091 ], [ 19.157905578000054, 42.481067657000153 ], [ 19.152130127000135, 42.481998443000066 ], [ 19.145067216000086, 42.482604981000179 ], [ 19.138448716000141, 42.482608796000193 ], [ 19.135189056000058, 42.482398987000181 ], [ 19.121713639000063, 42.480525971000077 ], [ 19.114488601000176, 42.479984284000125 ], [ 19.107610703000034, 42.479942322000056 ], [ 19.095830917000058, 42.480262757000162 ], [ 19.077541352000139, 42.479667664000033 ], [ 19.070268631000147, 42.480068207000045 ], [ 19.065660478000154, 42.480590820000032 ], [ 19.05963897800001, 42.481819152000071 ], [ 19.054294585000036, 42.483844757000043 ], [ 19.051652909000154, 42.485126495000088 ], [ 19.03916168100011, 42.49219513100013 ], [ 19.032722474000138, 42.494693756000061 ], [ 19.022403718000078, 42.497379304 ], [ 19.006019593000076, 42.502628327000082 ], [ 18.992414475000089, 42.505798341000173 ] ] ] ] } },
{ "type": "Feature", "properties": { "fid": 8, "GID_1": "MNE.8_1", "GID_0": "MNE", "COUNTRY": "Montenegro", "NAME_1": "Herceg Novi", "VARNAME_1": "NA", "NL_NAME_1": "NA", "TYPE_1": "Opština", "ENGTYPE_1": "Municipality", "CC_1": "NA", "HASC_1": "ME.HN", "ISO_1": "NA" }, "geometry": { "type": "MultiPolygon", "coordinates": [ [ [ [ 18.558200999000064, 42.395977 ], [ 18.558195000000183, 42.395695001000092 ], [ 18.559082001000149, 42.395690999000067 ], [ 18.559029000000123, 42.39485900000011 ], [ 18.559326000000169, 42.394897 ], [ 18.559326000000169, 42.394585000000177 ], [ 18.559029000000123, 42.394585000000177 ], [ 18.559029000000123, 42.394306001000075 ], [ 18.559326000000169, 42.39428700000019 ], [ 18.559305, 42.393749 ], [ 18.559029000000123, 42.393749 ], [ 18.559029000000123, 42.394027999000173 ], [ 18.5585919990001, 42.394027999000173 ], [ 18.558195000000183, 42.394027999000173 ], [ 18.558195000000183, 42.393860001000121 ], [ 18.558195000000183, 42.393749 ], [ 18.55792200000019, 42.393677001000071 ], [ 18.557917, 42.394027999000173 ], [ 18.557685999000114, 42.394057999000154 ], [ 18.557638000000111, 42.394131001000176 ], [ 18.557638000000111, 42.394306001000075 ], [ 18.557375, 42.394306001000075 ], [ 18.557082999000102, 42.394306001000075 ], [ 18.557043, 42.394531000000143 ], [ 18.556969001000084, 42.394585000000177 ], [ 18.556528000000128, 42.394585000000177 ], [ 18.556528000000128, 42.394900999000072 ], [ 18.556528000000128, 42.395138 ], [ 18.557129, 42.395138 ], [ 18.557129, 42.395973 ], [ 18.557638000000111, 42.395973 ], [ 18.557640000000106, 42.396236001000091 ], [ 18.55792200000019, 42.396301001000097 ], [ 18.557917, 42.395973 ], [ 18.558200999000064, 42.395977 ] ] ], [ [ [ 18.644470000000126, 42.405273000000193 ], [ 18.646301000000108, 42.402283 ], [ 18.646943000000135, 42.401715000000138 ], [ 18.649475, 42.399475000000109 ], [ 18.654295, 42.395955000000185 ], [ 18.654907, 42.39550800000012 ], [ 18.670105, 42.388306 ], [ 18.673705, 42.386475 ], [ 18.668884000000105, 42.387085 ], [ 18.668582000000185, 42.386713 ], [ 18.668091, 42.386108 ], [ 18.669039000000112, 42.385719 ], [ 18.668194, 42.385693000000174 ], [ 18.668194, 42.385971 ], [ 18.664028000000144, 42.385971 ], [ 18.664028000000144, 42.386292 ], [ 18.66247600000014, 42.386292 ], [ 18.662397000000169, 42.386215 ], [ 18.662361, 42.385971 ], [ 18.662155, 42.385971 ], [ 18.662083000000109, 42.385971 ], [ 18.662083000000109, 42.385693000000174 ], [ 18.661499000000106, 42.385681 ], [ 18.661528, 42.385418000000186 ], [ 18.660694000000149, 42.385418000000186 ], [ 18.660694000000149, 42.385139 ], [ 18.660522000000128, 42.385139 ], [ 18.660418, 42.385139 ], [ 18.660418, 42.385418000000186 ], [ 18.660139, 42.385418000000186 ], [ 18.660139, 42.385139 ], [ 18.659306, 42.385139 ], [ 18.659306, 42.384861000000114 ], [ 18.659025, 42.384861000000114 ], [ 18.659023000000104, 42.385086 ], [ 18.657917, 42.385139 ], [ 18.657917, 42.384861000000114 ], [ 18.656677000000116, 42.384861000000114 ], [ 18.656528, 42.384861000000114 ], [ 18.656528, 42.384277000000111 ], [ 18.656250000000171, 42.384304 ], [ 18.656250000000171, 42.384029000000169 ], [ 18.655972, 42.384029000000169 ], [ 18.655972, 42.383194000000174 ], [ 18.655838000000188, 42.383194000000174 ], [ 18.655693, 42.383194000000174 ], [ 18.655701, 42.382874000000186 ], [ 18.654861000000153, 42.382915 ], [ 18.654861000000153, 42.382637000000102 ], [ 18.653503, 42.38269 ], [ 18.653503, 42.38208 ], [ 18.653194, 42.382084000000191 ], [ 18.653194, 42.381683 ], [ 18.653194, 42.381527000000119 ], [ 18.653076, 42.381531000000109 ], [ 18.652916000000175, 42.381527000000119 ], [ 18.652916000000175, 42.380302 ], [ 18.652893, 42.380127 ], [ 18.653473, 42.380138000000102 ], [ 18.653473, 42.379307 ], [ 18.653681, 42.379307 ], [ 18.653749000000175, 42.379028000000119 ], [ 18.653595, 42.379028000000119 ], [ 18.653473, 42.379028000000119 ], [ 18.653503, 42.378723 ], [ 18.653194, 42.37875 ], [ 18.653194, 42.378471 ], [ 18.653503, 42.378471 ], [ 18.653484000000105, 42.3783 ], [ 18.653423, 42.378246 ], [ 18.653194, 42.378193000000124 ], [ 18.653194, 42.378036000000122 ], [ 18.653194, 42.377918 ], [ 18.653076, 42.377918 ], [ 18.652916000000175, 42.377918 ], [ 18.652916000000175, 42.377556 ], [ 18.652912000000185, 42.377361 ], [ 18.652639, 42.377361 ], [ 18.652639, 42.376526 ], [ 18.652893, 42.376526 ], [ 18.652916000000175, 42.375694000000124 ], [ 18.653070000000127, 42.375694000000124 ], [ 18.653194, 42.375694000000124 ], [ 18.653194, 42.375416 ], [ 18.653984, 42.375416 ], [ 18.654028000000153, 42.375137 ], [ 18.654306, 42.375137 ], [ 18.654306, 42.375305 ], [ 18.654306, 42.375416 ], [ 18.654581, 42.375416 ], [ 18.654581, 42.375305 ], [ 18.654581, 42.375137 ], [ 18.655178, 42.375137 ], [ 18.655693, 42.375137 ], [ 18.655693, 42.374947000000134 ], [ 18.655693, 42.374863000000119 ], [ 18.655884, 42.374863000000119 ], [ 18.655968, 42.37484400000011 ], [ 18.655972, 42.374584000000141 ], [ 18.656528, 42.374584000000141 ], [ 18.656528, 42.374306 ], [ 18.656803, 42.374306 ], [ 18.656803, 42.374027 ], [ 18.657288, 42.374084000000153 ], [ 18.657372, 42.374050000000182 ], [ 18.657364000000143, 42.373749000000146 ], [ 18.657639000000131, 42.373749000000146 ], [ 18.657639000000131, 42.373474000000101 ], [ 18.657898000000102, 42.373474000000101 ], [ 18.657917, 42.373196 ], [ 18.658195000000148, 42.373196 ], [ 18.658195000000148, 42.372917 ], [ 18.658508, 42.37292500000018 ], [ 18.658472000000131, 42.372639000000106 ], [ 18.658752, 42.372639000000106 ], [ 18.658751000000109, 42.372360000000128 ], [ 18.658972000000119, 42.372330000000147 ], [ 18.659039000000178, 42.37204700000018 ], [ 18.658472000000131, 42.372082 ], [ 18.658472000000131, 42.371887 ], [ 18.658443, 42.37181900000013 ], [ 18.658195000000148, 42.371807 ], [ 18.658195000000148, 42.371521 ], [ 18.656921, 42.371529000000123 ], [ 18.656803, 42.371529000000123 ], [ 18.656803, 42.371250000000146 ], [ 18.655958000000169, 42.371296 ], [ 18.655972, 42.370972 ], [ 18.655375, 42.370972 ], [ 18.655273000000136, 42.370972 ], [ 18.655138, 42.370972 ], [ 18.655138, 42.37088 ], [ 18.655138, 42.370693 ], [ 18.654907, 42.370728 ], [ 18.654861000000153, 42.37041900000014 ], [ 18.654722, 42.37041900000014 ], [ 18.654581, 42.37041900000014 ], [ 18.654581, 42.37024300000013 ], [ 18.654470000000117, 42.370171 ], [ 18.654306, 42.370140000000106 ], [ 18.654306, 42.369717 ], [ 18.654306, 42.369583 ], [ 18.653503, 42.369583 ], [ 18.653503, 42.36932400000012 ], [ 18.653194, 42.369305000000111 ], [ 18.653194, 42.366806000000111 ], [ 18.653503, 42.366882 ], [ 18.653473, 42.366249 ], [ 18.653687, 42.366272 ], [ 18.653749000000175, 42.365696000000128 ], [ 18.653931000000114, 42.365696000000128 ], [ 18.654028000000153, 42.365696000000128 ], [ 18.654028000000153, 42.36554000000018 ], [ 18.654028000000153, 42.365139 ], [ 18.65428, 42.365139 ], [ 18.654306, 42.36430700000011 ], [ 18.65448, 42.36430700000011 ], [ 18.654581, 42.36430700000011 ], [ 18.654581, 42.363472000000172 ], [ 18.65448, 42.363525 ], [ 18.654306, 42.363472000000172 ], [ 18.654306, 42.362946000000136 ], [ 18.653687, 42.362915 ], [ 18.653749000000175, 42.36264 ], [ 18.651806, 42.36264 ], [ 18.651806, 42.362923000000194 ], [ 18.649305, 42.362915 ], [ 18.649305, 42.363098 ], [ 18.649305, 42.363194 ], [ 18.648148, 42.363194 ], [ 18.647366000000147, 42.363258 ], [ 18.647362000000157, 42.362915 ], [ 18.646807, 42.362915 ], [ 18.646807, 42.363194 ], [ 18.645697, 42.363194 ], [ 18.645691000000113, 42.363525 ], [ 18.644897000000128, 42.363525 ], [ 18.6448, 42.36372 ], [ 18.644585, 42.36375 ], [ 18.644554, 42.363979 ], [ 18.644461, 42.364029 ], [ 18.644028000000162, 42.364029 ], [ 18.644009, 42.364273 ], [ 18.643921, 42.364319 ], [ 18.643749000000184, 42.36430700000011 ], [ 18.643745, 42.364582000000155 ], [ 18.643475, 42.364582000000155 ], [ 18.643475, 42.365139 ], [ 18.642883, 42.365112000000124 ], [ 18.642883, 42.365723 ], [ 18.642639, 42.365696000000128 ], [ 18.642635, 42.365971000000172 ], [ 18.642361000000108, 42.365971000000172 ], [ 18.642361000000108, 42.367085000000145 ], [ 18.642515, 42.367126000000155 ], [ 18.642639, 42.367085000000145 ], [ 18.642639, 42.367493000000138 ], [ 18.642639, 42.368195000000128 ], [ 18.642893, 42.368202000000167 ], [ 18.642916000000184, 42.368286000000182 ], [ 18.642916000000184, 42.369026000000133 ], [ 18.642639, 42.369080000000167 ], [ 18.642639, 42.369305000000111 ], [ 18.642475000000104, 42.369305000000111 ], [ 18.642361000000108, 42.369305000000111 ], [ 18.642361000000108, 42.369419000000164 ], [ 18.642361000000108, 42.369583 ], [ 18.642197, 42.369583 ], [ 18.641806, 42.369583 ], [ 18.641836000000183, 42.369915000000162 ], [ 18.641527, 42.369862 ], [ 18.641479000000118, 42.370117000000164 ], [ 18.64138, 42.370140000000106 ], [ 18.640694, 42.370140000000106 ], [ 18.640694, 42.3703 ], [ 18.640694, 42.37041900000014 ], [ 18.638472, 42.37041900000014 ], [ 18.638489000000163, 42.3703 ], [ 18.638472, 42.370140000000106 ], [ 18.637085000000184, 42.370117000000164 ], [ 18.637083000000189, 42.36969 ], [ 18.637041, 42.369606 ], [ 18.636806, 42.369583 ], [ 18.636805, 42.369335000000149 ], [ 18.634861, 42.369305000000111 ], [ 18.634832000000131, 42.36953700000015 ], [ 18.63476, 42.369583 ], [ 18.634308, 42.369583 ], [ 18.634277, 42.369873 ], [ 18.633303, 42.369862 ], [ 18.633196000000112, 42.369862 ], [ 18.633196000000112, 42.369583 ], [ 18.632654, 42.369583 ], [ 18.63236, 42.369583 ], [ 18.63236, 42.369362 ], [ 18.632086, 42.369305000000111 ], [ 18.632086, 42.369083 ], [ 18.632086, 42.368752 ], [ 18.63236, 42.368752 ], [ 18.63236, 42.367638 ], [ 18.63269, 42.367638 ], [ 18.632914, 42.367607000000135 ], [ 18.632917000000134, 42.367363 ], [ 18.633766, 42.367367000000172 ], [ 18.633751000000188, 42.366806000000111 ], [ 18.633909000000131, 42.366806000000111 ], [ 18.634027000000117, 42.366806000000111 ], [ 18.634027000000117, 42.365139 ], [ 18.633909000000131, 42.365139 ], [ 18.633751000000188, 42.365139 ], [ 18.633751000000188, 42.364742 ], [ 18.633751000000188, 42.364582000000155 ], [ 18.63364, 42.364582000000155 ], [ 18.633472, 42.364582000000155 ], [ 18.633472, 42.364330000000109 ], [ 18.633472, 42.364029 ], [ 18.633303, 42.364075000000128 ], [ 18.633196000000112, 42.364029 ], [ 18.633196000000112, 42.36375 ], [ 18.632917000000134, 42.36375 ], [ 18.632917000000134, 42.363472000000172 ], [ 18.63269, 42.363525 ], [ 18.63262, 42.363197000000127 ], [ 18.63236, 42.363194 ], [ 18.632372000000146, 42.362614 ], [ 18.632086, 42.36264 ], [ 18.632080000000144, 42.362488 ], [ 18.6320300000001, 42.362389 ], [ 18.631804, 42.362362000000132 ], [ 18.631804, 42.36212200000017 ], [ 18.631531, 42.36212200000017 ], [ 18.631527, 42.361805 ], [ 18.630901000000108, 42.361805 ], [ 18.630695000000117, 42.361805 ], [ 18.630695000000117, 42.361702 ], [ 18.630695000000117, 42.361526 ], [ 18.630138, 42.361526 ], [ 18.630138, 42.361694000000114 ], [ 18.630138, 42.361805 ], [ 18.629858000000127, 42.361805 ], [ 18.629028, 42.361805 ], [ 18.629089, 42.36212200000017 ], [ 18.628479, 42.36212200000017 ], [ 18.628471000000104, 42.361805 ], [ 18.627916, 42.361805 ], [ 18.627930000000106, 42.36212200000017 ], [ 18.625973, 42.362083000000155 ], [ 18.62598, 42.362377000000151 ], [ 18.625416000000143, 42.362362000000132 ], [ 18.625488, 42.362671000000148 ], [ 18.625139000000104, 42.36264 ], [ 18.625122000000147, 42.362915 ], [ 18.624861, 42.362915 ], [ 18.624798000000169, 42.363194 ], [ 18.624584, 42.363194 ], [ 18.624584, 42.363358000000119 ], [ 18.624584, 42.363472000000172 ], [ 18.624346, 42.363525 ], [ 18.624306000000104, 42.36375 ], [ 18.624142, 42.36375 ], [ 18.624027000000126, 42.36375 ], [ 18.624025000000131, 42.363892 ], [ 18.624025000000131, 42.364029 ], [ 18.623751, 42.364029 ], [ 18.623751, 42.364319 ], [ 18.620728, 42.364319 ], [ 18.620728, 42.364929 ], [ 18.619862000000126, 42.364861000000133 ], [ 18.619858, 42.365139 ], [ 18.619583000000148, 42.365139 ], [ 18.619537, 42.365669 ], [ 18.619307, 42.365696000000128 ], [ 18.619267, 42.365925 ], [ 18.619028, 42.365971000000172 ], [ 18.619028, 42.366127 ], [ 18.619028, 42.366249 ], [ 18.618858, 42.366249 ], [ 18.618473000000165, 42.366249 ], [ 18.618473000000165, 42.366528 ], [ 18.617640000000165, 42.366528 ], [ 18.617640000000165, 42.366249 ], [ 18.61736100000013, 42.366249 ], [ 18.61736100000013, 42.366432 ], [ 18.61736100000013, 42.366528 ], [ 18.616804, 42.366528 ], [ 18.616804, 42.366234 ], [ 18.616804, 42.365971000000172 ], [ 18.61652800000013, 42.365971000000172 ], [ 18.61652800000013, 42.365696000000128 ], [ 18.616272, 42.365723 ], [ 18.616249000000153, 42.36541700000015 ], [ 18.61587900000012, 42.36541700000015 ], [ 18.615692, 42.36541700000015 ], [ 18.615692, 42.365295000000174 ], [ 18.615692, 42.365139 ], [ 18.612955000000113, 42.365139 ], [ 18.61249, 42.365139 ], [ 18.612368, 42.365112000000124 ], [ 18.612362, 42.364861000000133 ], [ 18.611511000000178, 42.364929 ], [ 18.611528000000135, 42.364582000000155 ], [ 18.611164, 42.364582000000155 ], [ 18.610971, 42.364582000000155 ], [ 18.610971, 42.364468000000159 ], [ 18.610971, 42.36430700000011 ], [ 18.610474000000181, 42.364319 ], [ 18.610416000000157, 42.364029 ], [ 18.608194, 42.364029 ], [ 18.608194, 42.364319 ], [ 18.608091000000172, 42.364319 ], [ 18.607918, 42.36430700000011 ], [ 18.60785900000019, 42.364834 ], [ 18.607639, 42.364861000000133 ], [ 18.607639, 42.365139 ], [ 18.607361, 42.365139 ], [ 18.607361, 42.36541700000015 ], [ 18.607639, 42.36541700000015 ], [ 18.607639, 42.365696000000128 ], [ 18.607727, 42.365696000000128 ], [ 18.607918, 42.365696000000128 ], [ 18.607899, 42.3668100000001 ], [ 18.608473000000174, 42.366806000000111 ], [ 18.608473000000174, 42.366882 ], [ 18.608473000000174, 42.367638 ], [ 18.608704000000102, 42.367676000000188 ], [ 18.608749000000103, 42.367828000000145 ], [ 18.608749000000103, 42.368195000000128 ], [ 18.608194, 42.368195000000128 ], [ 18.608196000000135, 42.368534000000125 ], [ 18.605696, 42.368473 ], [ 18.605713, 42.368713000000184 ], [ 18.605604, 42.368752 ], [ 18.604586, 42.368752 ], [ 18.604586, 42.369026000000133 ], [ 18.604303000000129, 42.369026000000133 ], [ 18.604282000000126, 42.369255 ], [ 18.604128, 42.36932400000012 ], [ 18.604015, 42.369305000000111 ], [ 18.603758000000141, 42.369259 ], [ 18.60375, 42.369026000000133 ], [ 18.602722, 42.369080000000167 ], [ 18.602638000000184, 42.369080000000167 ], [ 18.602638000000184, 42.368752 ], [ 18.601528, 42.368752 ], [ 18.601501, 42.369080000000167 ], [ 18.601250000000107, 42.369026000000133 ], [ 18.601250000000107, 42.369156 ], [ 18.601250000000107, 42.369305000000111 ], [ 18.600708, 42.36932400000012 ], [ 18.600708, 42.369873 ], [ 18.600416, 42.369862 ], [ 18.600416, 42.37041900000014 ], [ 18.60014, 42.37041900000014 ], [ 18.60014, 42.372360000000128 ], [ 18.599859, 42.372360000000128 ], [ 18.599915000000124, 42.372681 ], [ 18.599583, 42.372639000000106 ], [ 18.599558, 42.372871000000146 ], [ 18.599476, 42.372917 ], [ 18.599028, 42.372917 ], [ 18.599028, 42.373119 ], [ 18.599028, 42.373196 ], [ 18.598339000000124, 42.373196 ], [ 18.595972000000188, 42.373196 ], [ 18.59597, 42.373463 ], [ 18.595884, 42.373474000000101 ], [ 18.595694, 42.373474000000101 ], [ 18.595758000000103, 42.373775000000137 ], [ 18.595139000000188, 42.373749000000146 ], [ 18.595139000000188, 42.374027 ], [ 18.594862, 42.374027 ], [ 18.59491, 42.374329000000159 ], [ 18.594584000000111, 42.374306 ], [ 18.594584000000111, 42.374584000000141 ], [ 18.593197, 42.374584000000141 ], [ 18.593197, 42.374863000000119 ], [ 18.592916000000116, 42.374863000000119 ], [ 18.592916000000116, 42.375137 ], [ 18.592361, 42.375122 ], [ 18.592361, 42.375416 ], [ 18.592119, 42.375435 ], [ 18.592085000000111, 42.375507 ], [ 18.592085000000111, 42.375694000000124 ], [ 18.591896, 42.375694000000124 ], [ 18.591528, 42.375694000000124 ], [ 18.591572, 42.376019 ], [ 18.591249, 42.375973000000101 ], [ 18.591309, 42.376282000000117 ], [ 18.590698, 42.376282000000117 ], [ 18.590698, 42.376804000000106 ], [ 18.590414, 42.376804000000106 ], [ 18.590414, 42.377941 ], [ 18.590414, 42.378471 ], [ 18.590273, 42.378479000000141 ], [ 18.590139, 42.378471 ], [ 18.590088, 42.379089000000192 ], [ 18.590414, 42.379028000000119 ], [ 18.590414, 42.379307 ], [ 18.590536, 42.379307 ], [ 18.590693, 42.379307 ], [ 18.590693, 42.379559 ], [ 18.590693, 42.37986 ], [ 18.590879000000143, 42.37986 ], [ 18.590975000000128, 42.37986 ], [ 18.590975000000128, 42.380054 ], [ 18.590975000000128, 42.380695000000173 ], [ 18.591309, 42.380676 ], [ 18.591309, 42.380974 ], [ 18.590315, 42.380974 ], [ 18.589863, 42.380974 ], [ 18.589863, 42.380695000000173 ], [ 18.589161000000104, 42.380695000000173 ], [ 18.589027, 42.380695000000173 ], [ 18.589027, 42.380417 ], [ 18.585695, 42.380417 ], [ 18.585695, 42.380695000000173 ], [ 18.585081, 42.380676 ], [ 18.585138000000143, 42.381248000000141 ], [ 18.584900000000175, 42.381287000000157 ], [ 18.584583, 42.381248000000141 ], [ 18.584583, 42.382084000000191 ], [ 18.58490200000017, 42.382084000000191 ], [ 18.585138000000143, 42.382084000000191 ], [ 18.585138000000143, 42.382362000000114 ], [ 18.58541700000012, 42.382362000000114 ], [ 18.585409, 42.382648000000131 ], [ 18.585508, 42.382645 ], [ 18.585695, 42.382637000000102 ], [ 18.585695, 42.383472 ], [ 18.58551400000016, 42.383503000000189 ], [ 18.58541700000012, 42.383518 ], [ 18.58541700000012, 42.383751 ], [ 18.584757, 42.383751 ], [ 18.584305000000143, 42.383751 ], [ 18.584305000000143, 42.383911000000182 ], [ 18.584305000000143, 42.384029000000169 ], [ 18.583773000000178, 42.38409 ], [ 18.583677, 42.384583000000191 ], [ 18.58319500000016, 42.384583000000191 ], [ 18.583208000000127, 42.384914 ], [ 18.58264, 42.384861000000114 ], [ 18.582630000000108, 42.385067000000106 ], [ 18.582329, 42.385139 ], [ 18.581249, 42.385139 ], [ 18.581249, 42.385338000000104 ], [ 18.581249, 42.385418000000186 ], [ 18.58107600000011, 42.385418000000186 ], [ 18.580418, 42.385418000000186 ], [ 18.580418, 42.385674 ], [ 18.578751000000125, 42.385693000000174 ], [ 18.578751000000125, 42.385506000000191 ], [ 18.578751000000125, 42.385418000000186 ], [ 18.578638, 42.385418000000186 ], [ 18.578472000000147, 42.385418000000186 ], [ 18.578491, 42.385071 ], [ 18.576803, 42.385139 ], [ 18.576778000000161, 42.385418000000186 ], [ 18.576529000000164, 42.385418000000186 ], [ 18.576492, 42.385651000000109 ], [ 18.575693, 42.385693000000174 ], [ 18.575684, 42.385925 ], [ 18.575584000000106, 42.385971 ], [ 18.574863000000164, 42.385971 ], [ 18.57489, 42.386292 ], [ 18.574581, 42.38625 ], [ 18.574581, 42.386383 ], [ 18.574581, 42.386528000000169 ], [ 18.57428, 42.386475 ], [ 18.57428, 42.387085 ], [ 18.574028000000169, 42.387085 ], [ 18.573969, 42.387604 ], [ 18.573914000000116, 42.387695000000122 ], [ 18.57375, 42.387638 ], [ 18.573765, 42.388199 ], [ 18.573471, 42.38819500000011 ], [ 18.573465000000112, 42.388672 ], [ 18.573463000000118, 42.388748000000191 ], [ 18.573195000000169, 42.388748000000191 ], [ 18.573195000000169, 42.389282000000151 ], [ 18.572693000000186, 42.389282000000151 ], [ 18.572575, 42.389557000000138 ], [ 18.572359, 42.389584 ], [ 18.572332000000188, 42.38981600000011 ], [ 18.5722540000001, 42.389862000000164 ], [ 18.571806000000151, 42.389862000000164 ], [ 18.571798, 42.390141000000142 ], [ 18.571527000000174, 42.390141000000142 ], [ 18.571527000000174, 42.39032 ], [ 18.571527000000174, 42.390415 ], [ 18.571274000000187, 42.390415 ], [ 18.570694000000174, 42.390415 ], [ 18.570694000000174, 42.39069400000011 ], [ 18.570129000000122, 42.39068600000013 ], [ 18.570139, 42.390972 ], [ 18.570015000000126, 42.390972 ], [ 18.56986, 42.390972 ], [ 18.569885, 42.391296000000182 ], [ 18.569584000000191, 42.391251000000182 ], [ 18.569584000000191, 42.392361000000164 ], [ 18.569885, 42.392273000000159 ], [ 18.56986, 42.392639 ], [ 18.570108000000175, 42.392658 ], [ 18.570139, 42.392918 ], [ 18.570292000000109, 42.392918 ], [ 18.570417000000191, 42.392918 ], [ 18.570469, 42.393158 ], [ 18.570644000000129, 42.39319600000016 ], [ 18.570972, 42.39319600000016 ], [ 18.570972, 42.393349 ], [ 18.570972, 42.393471 ], [ 18.571289, 42.393494000000146 ], [ 18.571251, 42.39319600000016 ], [ 18.5714660000001, 42.393162000000189 ], [ 18.571527000000174, 42.392639 ], [ 18.571716, 42.392639 ], [ 18.571806000000151, 42.392639 ], [ 18.571806000000151, 42.392372000000194 ], [ 18.571806000000151, 42.392082000000187 ], [ 18.571899, 42.392082000000187 ], [ 18.572916000000191, 42.392082000000187 ], [ 18.572916000000191, 42.392284000000188 ], [ 18.572916000000191, 42.392361000000164 ], [ 18.573175000000106, 42.392361000000164 ], [ 18.57375, 42.392361000000164 ], [ 18.57375, 42.392529 ], [ 18.57375, 42.392639 ], [ 18.573906, 42.392639 ], [ 18.574306, 42.392639 ], [ 18.574306, 42.392918 ], [ 18.574863000000164, 42.392918 ], [ 18.57489, 42.393127000000106 ], [ 18.575693, 42.39319600000016 ], [ 18.575684, 42.393494000000146 ], [ 18.576529000000164, 42.393471 ], [ 18.576546000000121, 42.393673 ], [ 18.576656000000185, 42.393749 ], [ 18.577085000000125, 42.393749 ], [ 18.577085000000125, 42.393921 ], [ 18.577085000000125, 42.394028 ], [ 18.577316, 42.394028 ], [ 18.577917, 42.394028 ], [ 18.577917, 42.394306000000142 ], [ 18.578751000000125, 42.394306000000142 ], [ 18.578751000000125, 42.394585000000177 ], [ 18.578413, 42.394585000000177 ], [ 18.577639000000147, 42.394585000000177 ], [ 18.577698, 42.394897 ], [ 18.576904, 42.39485900000011 ], [ 18.576803, 42.39485900000011 ], [ 18.576803, 42.39569100000017 ], [ 18.576294, 42.39569100000017 ], [ 18.576294, 42.397095 ], [ 18.576803, 42.397083 ], [ 18.576803, 42.397247000000164 ], [ 18.576803, 42.397362 ], [ 18.576941000000147, 42.397362 ], [ 18.577085000000125, 42.397362 ], [ 18.57708700000012, 42.397705 ], [ 18.578196, 42.397640000000138 ], [ 18.578197000000159, 42.397896000000173 ], [ 18.578308000000106, 42.397915000000182 ], [ 18.579895000000135, 42.397888 ], [ 18.579861000000164, 42.398472 ], [ 18.580139, 42.398472 ], [ 18.580139, 42.398697 ], [ 18.580139, 42.399307 ], [ 18.580326, 42.399307 ], [ 18.580418, 42.399307 ], [ 18.580416, 42.399689 ], [ 18.580412, 42.400093 ], [ 18.579718, 42.400139000000138 ], [ 18.576803, 42.400139000000138 ], [ 18.576792, 42.400360000000148 ], [ 18.576571, 42.400417 ], [ 18.57541700000013, 42.400417 ], [ 18.57541700000013, 42.400703 ], [ 18.573195000000169, 42.400696 ], [ 18.573172, 42.400970000000143 ], [ 18.572639000000152, 42.400970000000143 ], [ 18.572693000000186, 42.401306 ], [ 18.571806000000151, 42.401249000000178 ], [ 18.571802, 42.401501 ], [ 18.571533000000159, 42.401527 ], [ 18.570139, 42.401527 ], [ 18.570139, 42.401672000000133 ], [ 18.570139, 42.401806 ], [ 18.569805000000144, 42.401806 ], [ 18.569029, 42.401806 ], [ 18.569092000000126, 42.4021 ], [ 18.56875, 42.402084000000116 ], [ 18.56875, 42.402283 ], [ 18.56875, 42.40236300000015 ], [ 18.568125, 42.40236300000015 ], [ 18.566807, 42.40236300000015 ], [ 18.566780000000165, 42.402596 ], [ 18.56671, 42.402637 ], [ 18.56625, 42.402637 ], [ 18.566284000000167, 42.40289300000012 ], [ 18.566107, 42.402916 ], [ 18.564861000000178, 42.402916 ], [ 18.564861000000178, 42.403076000000169 ], [ 18.564861000000178, 42.403194000000155 ], [ 18.564306000000101, 42.403194000000155 ], [ 18.564306000000101, 42.403076000000169 ], [ 18.564306000000101, 42.402916 ], [ 18.561523, 42.40289300000012 ], [ 18.561527000000183, 42.403473000000133 ], [ 18.561253, 42.403519 ], [ 18.561253, 42.403751 ], [ 18.560818000000154, 42.403751 ], [ 18.560417, 42.403751 ], [ 18.560392, 42.40398400000015 ], [ 18.560326000000146, 42.404026 ], [ 18.559860000000128, 42.404026 ], [ 18.559860000000128, 42.404305 ], [ 18.559305, 42.404327 ], [ 18.559305, 42.404583000000116 ], [ 18.559134, 42.404583000000116 ], [ 18.559029000000123, 42.404583000000116 ], [ 18.559029000000123, 42.404739 ], [ 18.559029000000123, 42.404861 ], [ 18.558472, 42.404907000000151 ], [ 18.558472, 42.40514 ], [ 18.55835500000012, 42.40514 ], [ 18.558195000000183, 42.40514 ], [ 18.558155, 42.405357 ], [ 18.558065000000113, 42.405418000000111 ], [ 18.557638000000111, 42.405418000000111 ], [ 18.557632000000126, 42.405701 ], [ 18.557629, 42.405972000000133 ], [ 18.557362000000182, 42.405972000000133 ], [ 18.557362000000182, 42.406528000000151 ], [ 18.557083, 42.406528000000151 ], [ 18.557083, 42.406807000000128 ], [ 18.556805000000111, 42.406807000000128 ], [ 18.556787, 42.40701300000012 ], [ 18.556528000000128, 42.407082000000116 ], [ 18.556515000000104, 42.407917000000111 ], [ 18.55625, 42.407917000000111 ], [ 18.556305000000123, 42.40876 ], [ 18.555973, 42.408749 ], [ 18.555973, 42.409863 ], [ 18.556274, 42.40991200000019 ], [ 18.55625, 42.410694 ], [ 18.556528000000128, 42.410736000000156 ], [ 18.556528000000128, 42.411251000000107 ], [ 18.556702000000143, 42.41131600000017 ], [ 18.556805000000111, 42.411251000000107 ], [ 18.556845, 42.411793 ], [ 18.555695000000128, 42.411804 ], [ 18.555725000000109, 42.412109 ], [ 18.553528, 42.412109 ], [ 18.55347300000011, 42.411804 ], [ 18.551525, 42.411804 ], [ 18.551525, 42.41153 ], [ 18.550417, 42.41153 ], [ 18.550417, 42.411804 ], [ 18.550138, 42.411804 ], [ 18.55011, 42.412109 ], [ 18.548279, 42.412083 ], [ 18.548195, 42.412083 ], [ 18.548195, 42.412640000000124 ], [ 18.54764200000011, 42.412640000000124 ], [ 18.54767, 42.41291 ], [ 18.547361000000137, 42.412918 ], [ 18.547401, 42.413231000000167 ], [ 18.547083, 42.413193 ], [ 18.547083, 42.413750000000107 ], [ 18.546806, 42.413750000000107 ], [ 18.546806, 42.414478000000145 ], [ 18.546806, 42.414860000000147 ], [ 18.54711900000018, 42.414917 ], [ 18.547083, 42.415417 ], [ 18.547323000000176, 42.41543200000018 ], [ 18.547361000000137, 42.415527 ], [ 18.547361000000137, 42.415604 ], [ 18.547361000000137, 42.415974000000119 ], [ 18.5476460000001, 42.415970000000129 ], [ 18.54764200000011, 42.416248 ], [ 18.547796, 42.416248 ], [ 18.547916, 42.416248 ], [ 18.54790700000018, 42.416527 ], [ 18.54764200000011, 42.416527 ], [ 18.54763800000012, 42.417637 ], [ 18.54763800000012, 42.418194 ], [ 18.547504, 42.418194 ], [ 18.547361000000137, 42.418194 ], [ 18.547361000000137, 42.418358000000183 ], [ 18.547361000000137, 42.418472000000179 ], [ 18.54711900000018, 42.41851800000012 ], [ 18.54711900000018, 42.419029 ], [ 18.546806, 42.419029 ], [ 18.54676400000011, 42.419582 ], [ 18.546528000000137, 42.419582 ], [ 18.546509000000185, 42.420471 ], [ 18.546249000000159, 42.420418 ], [ 18.546249000000159, 42.421528 ], [ 18.546528000000137, 42.421574000000192 ], [ 18.546528000000137, 42.422085 ], [ 18.546692, 42.422085 ], [ 18.546806, 42.422085 ], [ 18.546806, 42.422226000000137 ], [ 18.546806, 42.422359 ], [ 18.546949000000154, 42.422359 ], [ 18.547083, 42.422359 ], [ 18.547083, 42.422485 ], [ 18.547083, 42.42263800000012 ], [ 18.547253, 42.42263800000012 ], [ 18.547361000000137, 42.42263800000012 ], [ 18.547361000000137, 42.422764 ], [ 18.547361000000137, 42.422916 ], [ 18.547495, 42.422916 ], [ 18.547916, 42.422916 ], [ 18.547951000000126, 42.423088 ], [ 18.548195, 42.423195000000192 ], [ 18.548220000000128, 42.423454000000106 ], [ 18.548279, 42.423523000000159 ], [ 18.548750000000155, 42.423523000000159 ], [ 18.548750000000155, 42.423752 ], [ 18.548983, 42.423771 ], [ 18.549028, 42.423889 ], [ 18.549028, 42.424026 ], [ 18.549122000000182, 42.424026 ], [ 18.549303, 42.424026 ], [ 18.549316, 42.424316 ], [ 18.549582, 42.424316 ], [ 18.549582, 42.424862 ], [ 18.549686000000122, 42.42487 ], [ 18.550476000000117, 42.424927000000139 ], [ 18.550417, 42.425140000000169 ], [ 18.550604, 42.425140000000169 ], [ 18.550695000000132, 42.425140000000169 ], [ 18.550695000000132, 42.425293 ], [ 18.550695000000132, 42.425415 ], [ 18.550928, 42.425415 ], [ 18.551525, 42.425415 ], [ 18.551514, 42.425720000000183 ], [ 18.551805000000115, 42.425694000000192 ], [ 18.551805000000115, 42.425972000000115 ], [ 18.55188, 42.425972000000115 ], [ 18.552008, 42.425972000000115 ], [ 18.552639, 42.425972000000115 ], [ 18.552673, 42.426331000000118 ], [ 18.553196000000128, 42.42625 ], [ 18.553205000000162, 42.426487 ], [ 18.553345, 42.426529000000187 ], [ 18.554028, 42.426529000000187 ], [ 18.554028, 42.426697 ], [ 18.554028, 42.426807 ], [ 18.554245, 42.426807 ], [ 18.554861, 42.426807 ], [ 18.554871000000162, 42.427124 ], [ 18.55514, 42.427082 ], [ 18.55514, 42.427361 ], [ 18.555416, 42.427361 ], [ 18.555416, 42.42763900000017 ], [ 18.555481000000157, 42.427673000000141 ], [ 18.555695000000128, 42.42763900000017 ], [ 18.555695000000128, 42.428043 ], [ 18.555695000000128, 42.428471000000116 ], [ 18.555973, 42.428528 ], [ 18.555973, 42.428722 ], [ 18.555973, 42.429028000000187 ], [ 18.556091, 42.429028000000187 ], [ 18.556528000000128, 42.429028000000187 ], [ 18.556519, 42.429321 ], [ 18.557362000000182, 42.429306 ], [ 18.557362000000182, 42.429478 ], [ 18.557362000000182, 42.429585 ], [ 18.557589000000121, 42.429585 ], [ 18.557917, 42.429585 ], [ 18.55792200000019, 42.429871000000105 ], [ 18.558748, 42.429863000000182 ], [ 18.558748, 42.43013800000017 ], [ 18.558950000000152, 42.43013800000017 ], [ 18.559305, 42.43013800000017 ], [ 18.559305, 42.430298000000107 ], [ 18.559305, 42.430416 ], [ 18.559479, 42.430416 ], [ 18.559860000000128, 42.430416 ], [ 18.559875, 42.430725 ], [ 18.560694000000183, 42.430695 ], [ 18.560745000000168, 42.430923000000121 ], [ 18.560970000000111, 42.430973000000165 ], [ 18.561024000000145, 42.431202 ], [ 18.561096, 42.431274 ], [ 18.562361000000124, 42.431252000000143 ], [ 18.562366000000168, 42.431492000000105 ], [ 18.562571, 42.431526 ], [ 18.564306000000101, 42.431526 ], [ 18.564306000000101, 42.431713000000116 ], [ 18.564306000000101, 42.431805 ], [ 18.564564000000132, 42.431805 ], [ 18.565416, 42.431805 ], [ 18.565411, 42.432102000000157 ], [ 18.565491, 42.432129 ], [ 18.566282000000172, 42.432102000000157 ], [ 18.566807, 42.432083000000148 ], [ 18.566816000000131, 42.432331 ], [ 18.566895000000102, 42.432362000000182 ], [ 18.568680000000143, 42.432362000000182 ], [ 18.573195000000169, 42.432362000000182 ], [ 18.573195000000169, 42.432083000000148 ], [ 18.57375, 42.432083000000148 ], [ 18.57375, 42.432362000000182 ], [ 18.576115000000186, 42.432362000000182 ], [ 18.57708700000012, 42.432312 ], [ 18.577085000000125, 42.432083000000148 ], [ 18.577881000000104, 42.432129 ], [ 18.577917, 42.431805 ], [ 18.578808, 42.431805 ], [ 18.579027, 42.431805 ], [ 18.579027, 42.431728 ], [ 18.579027, 42.431526 ], [ 18.579895000000135, 42.431519 ], [ 18.579861000000164, 42.431252000000143 ], [ 18.58050500000013, 42.431274 ], [ 18.580418, 42.430973000000165 ], [ 18.581158000000187, 42.430973000000165 ], [ 18.581236, 42.430939000000194 ], [ 18.581249, 42.430695 ], [ 18.581825, 42.430752000000155 ], [ 18.581806000000142, 42.430416 ], [ 18.582924000000105, 42.430416 ], [ 18.58319500000016, 42.430416 ], [ 18.58319500000016, 42.430332 ], [ 18.58319500000016, 42.43013800000017 ], [ 18.584167, 42.43013800000017 ], [ 18.584290000000124, 42.430115 ], [ 18.584305000000143, 42.429863000000182 ], [ 18.584583, 42.429863000000182 ], [ 18.584583, 42.429585 ], [ 18.585480000000189, 42.429585 ], [ 18.585695, 42.429585 ], [ 18.585695, 42.429504000000122 ], [ 18.585695, 42.429306 ], [ 18.586487, 42.429321 ], [ 18.58652700000016, 42.429028000000187 ], [ 18.587708000000134, 42.42907700000012 ], [ 18.587639000000138, 42.428749 ], [ 18.588419, 42.428749 ], [ 18.588470000000143, 42.428471000000116 ], [ 18.589582000000121, 42.428471000000116 ], [ 18.589582000000121, 42.428196 ], [ 18.590481, 42.428196 ], [ 18.590693, 42.428196 ], [ 18.590693, 42.428101 ], [ 18.590693, 42.427917 ], [ 18.591534, 42.427944 ], [ 18.591528, 42.42763900000017 ], [ 18.592896, 42.427673000000141 ], [ 18.592916000000116, 42.427361 ], [ 18.59446000000014, 42.427361 ], [ 18.594578000000126, 42.427338000000134 ], [ 18.594584000000111, 42.427082 ], [ 18.596533, 42.427139000000182 ], [ 18.596527, 42.426807 ], [ 18.597040000000106, 42.426765000000159 ], [ 18.597054000000185, 42.426685000000134 ], [ 18.597084, 42.426529000000187 ], [ 18.598381, 42.426529000000187 ], [ 18.598511000000144, 42.426514000000168 ], [ 18.598473000000183, 42.42625 ], [ 18.60014, 42.42625 ], [ 18.60014, 42.425972000000115 ], [ 18.602327, 42.425972000000115 ], [ 18.60262900000015, 42.425919000000135 ], [ 18.602638000000184, 42.425694000000192 ], [ 18.603682, 42.425694000000192 ], [ 18.604586, 42.425694000000192 ], [ 18.604586, 42.425495 ], [ 18.604586, 42.425140000000169 ], [ 18.605139000000179, 42.425140000000169 ], [ 18.605139000000179, 42.425476 ], [ 18.605532, 42.425476 ], [ 18.605698, 42.425430000000176 ], [ 18.605696, 42.425140000000169 ], [ 18.606758000000184, 42.425140000000169 ], [ 18.606808, 42.424862 ], [ 18.607639, 42.424862 ], [ 18.607639, 42.424583 ], [ 18.60866, 42.424583 ], [ 18.608738, 42.424553000000117 ], [ 18.608749000000103, 42.424305000000174 ], [ 18.60961, 42.424305000000174 ], [ 18.61014, 42.424305000000174 ], [ 18.61014, 42.424164 ], [ 18.61014, 42.424026 ], [ 18.610474000000181, 42.424072 ], [ 18.610416000000157, 42.423752 ], [ 18.611917, 42.423752 ], [ 18.612122000000113, 42.423706 ], [ 18.612083, 42.423473000000115 ], [ 18.612362, 42.423473000000115 ], [ 18.612362, 42.423195000000192 ], [ 18.612865000000113, 42.423145000000147 ], [ 18.612917000000152, 42.422916 ], [ 18.614075, 42.422913000000108 ], [ 18.614027000000135, 42.42263800000012 ], [ 18.614582, 42.42263800000012 ], [ 18.614582, 42.422359 ], [ 18.616060000000175, 42.422359 ], [ 18.616272, 42.422302000000172 ], [ 18.616249000000153, 42.422085 ], [ 18.617126, 42.422119000000123 ], [ 18.617085, 42.421806000000174 ], [ 18.617380000000139, 42.421822 ], [ 18.61736100000013, 42.421528 ], [ 18.618193, 42.421532 ], [ 18.618193, 42.421249000000103 ], [ 18.618750000000148, 42.421249000000103 ], [ 18.618750000000148, 42.420971000000179 ], [ 18.619251, 42.420971000000179 ], [ 18.619268, 42.420887000000164 ], [ 18.619307, 42.420696000000191 ], [ 18.620117000000107, 42.420715000000143 ], [ 18.620138, 42.420418 ], [ 18.620417, 42.420418 ], [ 18.620417, 42.42013900000012 ], [ 18.621424, 42.42013900000012 ], [ 18.621521, 42.420105000000149 ], [ 18.621529, 42.419861 ], [ 18.622925, 42.419922 ], [ 18.622917000000143, 42.419582 ], [ 18.623363, 42.419582 ], [ 18.62343, 42.419529 ], [ 18.623472, 42.419304000000125 ], [ 18.624590000000182, 42.419331 ], [ 18.624584, 42.419029 ], [ 18.625416000000143, 42.419029 ], [ 18.625416000000143, 42.418751 ], [ 18.62599, 42.418777 ], [ 18.625973, 42.418472000000179 ], [ 18.626892, 42.41851800000012 ], [ 18.626806, 42.418194 ], [ 18.627356, 42.418194 ], [ 18.627361000000121, 42.417915000000107 ], [ 18.627913000000149, 42.417915000000107 ], [ 18.627916, 42.417641000000174 ], [ 18.629156000000137, 42.417641000000174 ], [ 18.629864000000111, 42.417641000000174 ], [ 18.629864000000111, 42.417484000000172 ], [ 18.629919, 42.417404 ], [ 18.630138, 42.417362 ], [ 18.630127000000186, 42.417114 ], [ 18.63125, 42.417084000000102 ], [ 18.631285000000105, 42.416832 ], [ 18.631527, 42.416805000000124 ], [ 18.631531, 42.416504 ], [ 18.632086, 42.416527 ], [ 18.632086, 42.416248 ], [ 18.63236, 42.416248 ], [ 18.63236, 42.415974000000119 ], [ 18.634027000000117, 42.415974000000119 ], [ 18.634027000000117, 42.415695 ], [ 18.634277, 42.415710000000104 ], [ 18.634308, 42.415417 ], [ 18.634861, 42.415417 ], [ 18.634861, 42.415138 ], [ 18.635426, 42.415150000000153 ], [ 18.635418, 42.414860000000147 ], [ 18.635973, 42.414860000000147 ], [ 18.635973, 42.414585000000102 ], [ 18.636393000000112, 42.414585000000102 ], [ 18.636530000000107, 42.414585000000102 ], [ 18.636530000000107, 42.41449 ], [ 18.636530000000107, 42.414307000000179 ], [ 18.637695, 42.414307000000179 ], [ 18.637638, 42.414028 ], [ 18.639029000000107, 42.414028 ], [ 18.639029000000107, 42.413750000000107 ], [ 18.639956, 42.413750000000107 ], [ 18.640076, 42.413750000000107 ], [ 18.640139, 42.413471000000129 ], [ 18.640417000000184, 42.413471000000129 ], [ 18.640417000000184, 42.413193 ], [ 18.641693, 42.413193 ], [ 18.642082, 42.413193 ], [ 18.642082, 42.413086 ], [ 18.642082, 42.412918 ], [ 18.643127, 42.408875000000194 ], [ 18.644470000000126, 42.405273000000193 ] ] ], [ [ [ 18.687500000000114, 42.464111 ], [ 18.685674, 42.462232 ], [ 18.681274000000144, 42.457703 ], [ 18.681274000000144, 42.458496000000139 ], [ 18.68125, 42.45958300000018 ], [ 18.681805000000168, 42.45958300000018 ], [ 18.681803, 42.459873000000186 ], [ 18.681885, 42.459869 ], [ 18.682081, 42.459862 ], [ 18.682081, 42.4601550000001 ], [ 18.682081, 42.460415000000125 ], [ 18.682316000000185, 42.460453 ], [ 18.68236, 42.46051000000017 ], [ 18.682312, 42.462097 ], [ 18.682081, 42.46208200000018 ], [ 18.682146000000159, 42.463203 ], [ 18.682364, 42.463196000000153 ], [ 18.682364, 42.46347 ], [ 18.682495, 42.46347 ], [ 18.682638000000168, 42.46347 ], [ 18.682638000000168, 42.463585000000194 ], [ 18.682638000000168, 42.463749000000121 ], [ 18.682917, 42.463749000000121 ], [ 18.682917, 42.464306000000192 ], [ 18.683149000000185, 42.464344 ], [ 18.683193, 42.464584 ], [ 18.683353000000182, 42.464584 ], [ 18.683472000000108, 42.464584 ], [ 18.683472000000108, 42.464722000000108 ], [ 18.683472000000108, 42.464863 ], [ 18.683626, 42.464863 ], [ 18.68375, 42.464863 ], [ 18.68375, 42.4649730000001 ], [ 18.68375, 42.465137 ], [ 18.683933, 42.465137 ], [ 18.68402900000018, 42.465137 ], [ 18.68402900000018, 42.465275 ], [ 18.68402900000018, 42.465694 ], [ 18.684326, 42.465698 ], [ 18.684303000000114, 42.465973 ], [ 18.684586, 42.465973 ], [ 18.684595000000115, 42.466217 ], [ 18.684692000000155, 42.46625100000017 ], [ 18.685139000000163, 42.46625100000017 ], [ 18.685139000000163, 42.466526 ], [ 18.685696, 42.466526 ], [ 18.685696, 42.466805000000193 ], [ 18.68556800000016, 42.466805000000193 ], [ 18.685417, 42.466805000000193 ], [ 18.685406, 42.467056000000184 ], [ 18.684860000000185, 42.467083 ], [ 18.684870000000103, 42.467285000000118 ], [ 18.684874, 42.467361000000153 ], [ 18.684586, 42.467361000000153 ], [ 18.684586, 42.468193 ], [ 18.68486200000018, 42.468193 ], [ 18.684860000000185, 42.468323000000169 ], [ 18.684860000000185, 42.468472 ], [ 18.684969000000137, 42.468472 ], [ 18.685139000000163, 42.468472 ], [ 18.685139000000163, 42.468750000000171 ], [ 18.68541, 42.468704000000116 ], [ 18.685417, 42.469028 ], [ 18.685659, 42.469044000000167 ], [ 18.685696, 42.469116 ], [ 18.685696, 42.469307 ], [ 18.686001, 42.469250000000159 ], [ 18.685972000000163, 42.469860000000153 ], [ 18.686279000000184, 42.46991 ], [ 18.686251, 42.471249000000171 ], [ 18.686523, 42.471313000000123 ], [ 18.686523, 42.472363000000144 ], [ 18.686251, 42.472363000000144 ], [ 18.686251, 42.472916 ], [ 18.686523, 42.472900000000152 ], [ 18.686525, 42.473473000000126 ], [ 18.686707, 42.473511 ], [ 18.686808, 42.473473000000126 ], [ 18.686808, 42.473671 ], [ 18.686808, 42.47403 ], [ 18.687042, 42.474056 ], [ 18.687084, 42.474125 ], [ 18.687084, 42.474304000000188 ], [ 18.687382000000127, 42.474255 ], [ 18.68736100000018, 42.474583000000166 ], [ 18.687590000000114, 42.474598000000128 ], [ 18.687681000000168, 42.474915 ], [ 18.687918, 42.474861 ], [ 18.687859000000174, 42.475178 ], [ 18.688473000000158, 42.47514 ], [ 18.688473000000158, 42.475418000000161 ], [ 18.688749, 42.475418000000161 ], [ 18.688686000000189, 42.475998000000175 ], [ 18.689028, 42.475971 ], [ 18.689014000000157, 42.476269 ], [ 18.689087000000143, 42.476318000000163 ], [ 18.689306000000158, 42.47625 ], [ 18.68924, 42.476826000000131 ], [ 18.689583, 42.476807000000122 ], [ 18.68959, 42.477066 ], [ 18.689697, 42.477112000000147 ], [ 18.689861, 42.477085 ], [ 18.689856000000191, 42.477638000000127 ], [ 18.690695000000176, 42.477638000000127 ], [ 18.690695000000176, 42.477917000000161 ], [ 18.69125, 42.477917000000161 ], [ 18.69125, 42.477638000000127 ], [ 18.691805000000159, 42.477638000000127 ], [ 18.691805000000159, 42.47736 ], [ 18.693087, 42.47736 ], [ 18.693186, 42.477329000000168 ], [ 18.693195, 42.477085 ], [ 18.69372600000014, 42.477112000000147 ], [ 18.693750000000136, 42.476807000000122 ], [ 18.694050000000118, 42.476807000000122 ], [ 18.692505000000153, 42.472290000000157 ], [ 18.687500000000114, 42.464111 ] ] ], [ [ [ 18.468273964, 42.565642342000046 ], [ 18.471284866000076, 42.565750122000054 ], [ 18.48624420200008, 42.566280365000125 ], [ 18.486663383, 42.566729627000029 ], [ 18.48853233, 42.568732692000083 ], [ 18.496477126000116, 42.577247619000048 ], [ 18.513359070000035, 42.595336914000086 ], [ 18.51357429900014, 42.595289339000146 ], [ 18.515053142000056, 42.594962453000107 ], [ 18.522333145000118, 42.593353271000183 ], [ 18.528399020000109, 42.592033609000055 ], [ 18.535688841000081, 42.590447671000106 ], [ 18.536500932000024, 42.590270996000129 ], [ 18.537156282000069, 42.590213776000041 ], [ 18.544280041000036, 42.589591783000174 ], [ 18.551879882000094, 42.588928223000153 ], [ 18.561279298000102, 42.591125489000035 ], [ 18.562447147000057, 42.59159013500016 ], [ 18.562572187000058, 42.591639882999971 ], [ 18.562707902, 42.591693878000115 ], [ 18.565599442000178, 42.592845917000147 ], [ 18.56650198400007, 42.593205927000042 ], [ 18.567309852000108, 42.593528173000095 ], [ 18.569702018000157, 42.594482370000094 ], [ 18.570129387000065, 42.603271338000013 ], [ 18.570737996000105, 42.603802897000037 ], [ 18.570911073000104, 42.603954065000153 ], [ 18.570997238000018, 42.604030609000063 ], [ 18.571072573000151, 42.604095552000047 ], [ 18.571093000000133, 42.604113 ], [ 18.571107895000068, 42.604125921000161 ], [ 18.571251157000177, 42.603862527 ], [ 18.571647214000166, 42.603134357000158 ], [ 18.57372215099997, 42.599318432000189 ], [ 18.573729999000079, 42.599303999000142 ], [ 18.57507100000015, 42.59613000000013 ], [ 18.5755, 42.588318000000186 ], [ 18.5755, 42.583679 ], [ 18.574840013000085, 42.580674431000091 ], [ 18.574708939000118, 42.580078126000046 ], [ 18.573354191000078, 42.577812441000049 ], [ 18.572851575000072, 42.576971864000029 ], [ 18.571716309000124, 42.575073242000144 ], [ 18.5699903470001, 42.571171070000048 ], [ 18.569217703000163, 42.569424222000123 ], [ 18.568908691000161, 42.568725587000131 ], [ 18.569614977000128, 42.567638994000049 ], [ 18.569702000000177, 42.567505000000153 ], [ 18.570112577000089, 42.566294116000108 ], [ 18.570922852000081, 42.563903809000124 ], [ 18.572326660000101, 42.554321289000086 ], [ 18.572874068999965, 42.551330567000093 ], [ 18.573870633000183, 42.549007940000195 ], [ 18.574416924, 42.547734735000063 ], [ 18.574523926000154, 42.547485352000137 ], [ 18.574561848000087, 42.547401524000122 ], [ 18.574703612000121, 42.54708815000015 ], [ 18.575683593000122, 42.544921874000124 ], [ 18.577512621000096, 42.542483171000072 ], [ 18.580322265, 42.539916992000087 ], [ 18.581031557000074, 42.539439610000045 ], [ 18.581572091000055, 42.539075809000053 ], [ 18.583314895, 42.537902833000146 ], [ 18.593872069999975, 42.532470703000115 ], [ 18.603086471999973, 42.528930665000132 ], [ 18.607299804000093, 42.527526856000065 ], [ 18.626525878000109, 42.523498535000101 ], [ 18.629092922999973, 42.523031799000194 ], [ 18.629558342000053, 42.522947178000038 ], [ 18.629882813000165, 42.522888184000124 ], [ 18.632540784000071, 42.522710245000098 ], [ 18.634547619000102, 42.522575896000035 ], [ 18.644470216000173, 42.521911621000072 ], [ 18.647844389, 42.521334696000054 ], [ 18.649105686000041, 42.521118910000098 ], [ 18.653686979999975, 42.519470007000052 ], [ 18.653822642000023, 42.519408126000144 ], [ 18.655111452000085, 42.518820248000168 ], [ 18.664123535000101, 42.514709473000153 ], [ 18.677917, 42.508484 ], [ 18.677917, 42.508301 ], [ 18.677881, 42.508209 ], [ 18.677637000000118, 42.508194 ], [ 18.677673, 42.507690000000139 ], [ 18.677126000000101, 42.507690000000139 ], [ 18.677084, 42.507084 ], [ 18.67730500000016, 42.507084 ], [ 18.67736100000019, 42.506248 ], [ 18.677084, 42.506248 ], [ 18.677084, 42.50592 ], [ 18.677084, 42.505695 ], [ 18.676895000000172, 42.505695 ], [ 18.676805, 42.505695 ], [ 18.676805, 42.505417000000193 ], [ 18.67625, 42.505417000000193 ], [ 18.67625, 42.505138000000159 ], [ 18.676092, 42.505138000000159 ], [ 18.675972, 42.505138000000159 ], [ 18.675972, 42.50486 ], [ 18.674927, 42.504883 ], [ 18.674862000000189, 42.504585 ], [ 18.674307000000113, 42.504585 ], [ 18.674316000000147, 42.504883 ], [ 18.671326, 42.504883 ], [ 18.671247, 42.504871 ], [ 18.671249, 42.504585 ], [ 18.669024000000149, 42.504581 ], [ 18.668470000000127, 42.504581 ], [ 18.668470000000127, 42.504307000000153 ], [ 18.668055, 42.504307000000153 ], [ 18.667639000000122, 42.504307000000153 ], [ 18.667662, 42.504082 ], [ 18.667669000000103, 42.504009 ], [ 18.667360000000144, 42.504028000000176 ], [ 18.667360000000144, 42.50375 ], [ 18.667084, 42.50375 ], [ 18.667084, 42.503479 ], [ 18.667084, 42.503193000000181 ], [ 18.666630000000112, 42.503193000000181 ], [ 18.666557000000125, 42.503147000000126 ], [ 18.666529000000139, 42.502918000000193 ], [ 18.665924000000132, 42.502918000000193 ], [ 18.665138000000127, 42.502918000000193 ], [ 18.665138000000127, 42.502598000000148 ], [ 18.665138000000127, 42.502361 ], [ 18.664618, 42.50231900000017 ], [ 18.664583, 42.502083 ], [ 18.664305000000127, 42.502083 ], [ 18.664305000000127, 42.50153 ], [ 18.664028000000144, 42.501526000000126 ], [ 18.664028000000144, 42.501369 ], [ 18.664028000000144, 42.501251 ], [ 18.663879, 42.501282000000174 ], [ 18.663776, 42.501213000000121 ], [ 18.66375, 42.500973000000158 ], [ 18.663416, 42.500973000000158 ], [ 18.663328, 42.500973000000158 ], [ 18.663195000000144, 42.500973000000158 ], [ 18.663195000000144, 42.50069400000018 ], [ 18.662109000000157, 42.500671 ], [ 18.662083000000109, 42.500416 ], [ 18.661499000000106, 42.500488000000189 ], [ 18.661528, 42.500137000000109 ], [ 18.661318, 42.500122 ], [ 18.661249, 42.499863000000175 ], [ 18.661015, 42.499821 ], [ 18.660973000000126, 42.499584 ], [ 18.660736, 42.499542 ], [ 18.660694000000149, 42.499306000000104 ], [ 18.660522000000128, 42.499329 ], [ 18.660418, 42.499306000000104 ], [ 18.660435, 42.499023000000136 ], [ 18.660139, 42.499027000000126 ], [ 18.660139, 42.498474000000158 ], [ 18.659727, 42.498474000000158 ], [ 18.659586000000104, 42.498474000000158 ], [ 18.659586000000104, 42.497925 ], [ 18.659119, 42.497925 ], [ 18.659025, 42.497917 ], [ 18.659025, 42.497082 ], [ 18.658751000000109, 42.497082 ], [ 18.658751000000109, 42.49652500000019 ], [ 18.658472000000131, 42.49652900000018 ], [ 18.658472000000131, 42.49625 ], [ 18.657717, 42.496277000000134 ], [ 18.657637, 42.496262000000115 ], [ 18.657639000000131, 42.495972000000108 ], [ 18.656189, 42.495972000000108 ], [ 18.655979000000116, 42.49593 ], [ 18.655972, 42.495693000000131 ], [ 18.655273000000136, 42.495693000000131 ], [ 18.655138, 42.495693000000131 ], [ 18.655138, 42.495419 ], [ 18.654551, 42.495419 ], [ 18.654306, 42.495419 ], [ 18.654306, 42.495304 ], [ 18.654306, 42.49514 ], [ 18.652712000000179, 42.495117 ], [ 18.652639, 42.494862000000126 ], [ 18.652100000000132, 42.494873 ], [ 18.652084, 42.49389600000012 ], [ 18.652031000000136, 42.493774000000144 ], [ 18.651806, 42.493752 ], [ 18.651808000000131, 42.493469000000118 ], [ 18.651527000000158, 42.493473000000108 ], [ 18.651527000000158, 42.493309 ], [ 18.651491000000192, 42.493206 ], [ 18.651251, 42.493195000000185 ], [ 18.651306, 42.492676 ], [ 18.650972, 42.492638000000113 ], [ 18.650972, 42.4920580000001 ], [ 18.650972, 42.491806 ], [ 18.650864000000183, 42.491806 ], [ 18.650694000000158, 42.491806 ], [ 18.650694000000158, 42.491089 ], [ 18.650694000000158, 42.490971 ], [ 18.650576000000171, 42.490971 ], [ 18.650417000000175, 42.490971 ], [ 18.650417000000175, 42.49081 ], [ 18.650417000000175, 42.490696000000185 ], [ 18.65033, 42.490723000000116 ], [ 18.650139, 42.490696000000185 ], [ 18.650139, 42.48986100000019 ], [ 18.65033, 42.489929000000132 ], [ 18.650385, 42.489841000000126 ], [ 18.650417000000175, 42.489307 ], [ 18.650696000000153, 42.489319000000137 ], [ 18.650694000000158, 42.48902900000013 ], [ 18.651306, 42.489075000000184 ], [ 18.651251, 42.48875 ], [ 18.652008, 42.48875 ], [ 18.652100000000132, 42.488708 ], [ 18.652082, 42.488472 ], [ 18.652893, 42.488525000000152 ], [ 18.652916000000175, 42.488194000000135 ], [ 18.654028000000153, 42.488194000000135 ], [ 18.654028000000153, 42.487915000000157 ], [ 18.654297, 42.487915000000157 ], [ 18.654306, 42.487640000000113 ], [ 18.655153000000155, 42.487701000000186 ], [ 18.655138, 42.487362000000189 ], [ 18.656250000000171, 42.487362000000189 ], [ 18.656313, 42.487671 ], [ 18.66264, 42.487671 ], [ 18.66264, 42.487362000000189 ], [ 18.663698000000181, 42.487362000000189 ], [ 18.66375, 42.487083 ], [ 18.664597000000128, 42.487141 ], [ 18.664583, 42.486805000000118 ], [ 18.666302, 42.486805000000118 ], [ 18.666805, 42.486805000000118 ], [ 18.666805, 42.486706 ], [ 18.666805, 42.48652600000014 ], [ 18.668159000000173, 42.48652600000014 ], [ 18.668194, 42.486252 ], [ 18.668753, 42.486252 ], [ 18.668753, 42.485973 ], [ 18.669582000000105, 42.485973 ], [ 18.669582000000105, 42.485695000000135 ], [ 18.669924, 42.485718 ], [ 18.669861000000139, 42.485416000000157 ], [ 18.670139, 42.485416000000157 ], [ 18.670139, 42.485138 ], [ 18.671743, 42.485138 ], [ 18.671806000000117, 42.484859 ], [ 18.674587, 42.484932 ], [ 18.674583, 42.484585 ], [ 18.675747, 42.484604000000104 ], [ 18.675694, 42.484028 ], [ 18.675915, 42.484074000000135 ], [ 18.675999000000104, 42.484089 ], [ 18.675972, 42.483749 ], [ 18.676773, 42.483749 ], [ 18.676805, 42.483471000000122 ], [ 18.67736100000019, 42.483471000000122 ], [ 18.67736100000019, 42.483196000000135 ], [ 18.678095000000155, 42.483196000000135 ], [ 18.678171, 42.483154000000184 ], [ 18.67819400000019, 42.482918 ], [ 18.678663, 42.482918 ], [ 18.678734, 42.482883000000186 ], [ 18.678749, 42.482639 ], [ 18.679028, 42.482639 ], [ 18.679028, 42.482361000000139 ], [ 18.679964, 42.482361000000139 ], [ 18.680115000000171, 42.4823 ], [ 18.680140000000108, 42.482082000000162 ], [ 18.680479, 42.482117000000187 ], [ 18.680416, 42.481804 ], [ 18.681240000000173, 42.481804 ], [ 18.681528000000185, 42.481804 ], [ 18.681528000000185, 42.481689000000131 ], [ 18.681528000000185, 42.481529 ], [ 18.681812, 42.481544 ], [ 18.681805000000168, 42.481251000000157 ], [ 18.683472000000108, 42.481323 ], [ 18.683472000000108, 42.480972000000122 ], [ 18.684626, 42.480972000000122 ], [ 18.684841, 42.480907000000116 ], [ 18.684860000000185, 42.480694 ], [ 18.685696, 42.480751000000168 ], [ 18.685696, 42.480972000000122 ], [ 18.685972000000163, 42.480972000000122 ], [ 18.685972000000163, 42.480694 ], [ 18.686523, 42.480713 ], [ 18.686525, 42.480415 ], [ 18.686808, 42.480415 ], [ 18.686808, 42.480141000000117 ], [ 18.68736100000018, 42.480141000000117 ], [ 18.68736100000018, 42.479862000000139 ], [ 18.687681000000168, 42.479919 ], [ 18.687681000000168, 42.479584 ], [ 18.687918, 42.479584 ], [ 18.687918, 42.479027000000144 ], [ 18.687639, 42.479027000000144 ], [ 18.687639, 42.478748000000166 ], [ 18.687565000000177, 42.478748000000166 ], [ 18.68736100000018, 42.478748000000166 ], [ 18.68736100000018, 42.478516000000127 ], [ 18.686523, 42.478516000000127 ], [ 18.686525, 42.478195 ], [ 18.686203, 42.478195 ], [ 18.685972000000163, 42.478195 ], [ 18.685972000000163, 42.47805000000011 ], [ 18.685972000000163, 42.477917000000161 ], [ 18.685524, 42.477917000000161 ], [ 18.685417, 42.477917000000161 ], [ 18.685417, 42.477802 ], [ 18.685417, 42.477638000000127 ], [ 18.685268000000178, 42.477638000000127 ], [ 18.685139000000163, 42.477638000000127 ], [ 18.685139000000163, 42.477497 ], [ 18.685139000000163, 42.47736 ], [ 18.685045, 42.47736 ], [ 18.684860000000185, 42.47736 ], [ 18.684875, 42.477112000000147 ], [ 18.684586, 42.477085 ], [ 18.684586, 42.476624 ], [ 18.684542, 42.476555 ], [ 18.684303000000114, 42.476528000000144 ], [ 18.684303000000114, 42.475525000000118 ], [ 18.684303000000114, 42.475418000000161 ], [ 18.683748, 42.475418000000161 ], [ 18.68375, 42.47514 ], [ 18.683289, 42.47514 ], [ 18.683193, 42.47514 ], [ 18.683193, 42.474861 ], [ 18.682678000000124, 42.474915 ], [ 18.682638000000168, 42.474583000000166 ], [ 18.682062000000144, 42.474583000000166 ], [ 18.681805000000168, 42.474583000000166 ], [ 18.681805000000168, 42.474449000000106 ], [ 18.681805000000168, 42.474304000000188 ], [ 18.681519000000151, 42.474304000000188 ], [ 18.681528000000185, 42.473751 ], [ 18.681274000000144, 42.473751 ], [ 18.680971000000113, 42.473751 ], [ 18.680971000000113, 42.472637 ], [ 18.681274000000144, 42.472637 ], [ 18.681274000000144, 42.472107000000108 ], [ 18.680971000000113, 42.472084000000166 ], [ 18.680971000000113, 42.471645 ], [ 18.680971000000113, 42.471527 ], [ 18.680582, 42.471527 ], [ 18.680416, 42.471527 ], [ 18.680416, 42.471249000000171 ], [ 18.680115000000171, 42.471313000000123 ], [ 18.680140000000108, 42.470974000000126 ], [ 18.67990900000018, 42.470947 ], [ 18.679859, 42.470695000000148 ], [ 18.679321000000186, 42.470703000000128 ], [ 18.679306000000167, 42.470417 ], [ 18.678753, 42.470417 ], [ 18.678473000000167, 42.470417 ], [ 18.678473000000167, 42.470276000000126 ], [ 18.678473000000167, 42.470139000000188 ], [ 18.678333000000123, 42.470139000000188 ], [ 18.67819400000019, 42.470139000000188 ], [ 18.67819400000019, 42.470001000000138 ], [ 18.67819400000019, 42.469860000000153 ], [ 18.67810100000014, 42.46991 ], [ 18.677917, 42.469860000000153 ], [ 18.677917, 42.469646 ], [ 18.677917, 42.469307 ], [ 18.677673, 42.469299 ], [ 18.677595, 42.469040000000177 ], [ 18.67736100000019, 42.469028 ], [ 18.677355, 42.468708 ], [ 18.677084, 42.468750000000171 ], [ 18.677084, 42.468472 ], [ 18.676514000000111, 42.468506 ], [ 18.676491000000169, 42.467667 ], [ 18.67625, 42.467640000000188 ], [ 18.67625, 42.467331000000172 ], [ 18.67625, 42.467083 ], [ 18.676086, 42.467083 ], [ 18.675972, 42.467083 ], [ 18.675972, 42.466805000000193 ], [ 18.67547, 42.466850000000193 ], [ 18.675383000000124, 42.466858000000116 ], [ 18.675419, 42.466526 ], [ 18.675138000000118, 42.466526 ], [ 18.675138000000118, 42.46625100000017 ], [ 18.674927, 42.46625100000017 ], [ 18.674862000000189, 42.465973 ], [ 18.67476500000015, 42.465973 ], [ 18.674583, 42.465973 ], [ 18.674583, 42.465660000000128 ], [ 18.674583, 42.465416000000175 ], [ 18.674490000000162, 42.465416000000175 ], [ 18.674307000000113, 42.465416000000175 ], [ 18.674316000000147, 42.463684 ], [ 18.674028, 42.463749000000121 ], [ 18.674028, 42.461807000000192 ], [ 18.674355000000162, 42.461826000000144 ], [ 18.674307000000113, 42.461529 ], [ 18.674480000000187, 42.461529 ], [ 18.674583, 42.461529 ], [ 18.674583, 42.461250000000121 ], [ 18.675474, 42.461304 ], [ 18.675419, 42.460972 ], [ 18.676556, 42.460979 ], [ 18.676529, 42.460415000000125 ], [ 18.676739, 42.460415000000125 ], [ 18.676847000000123, 42.460159 ], [ 18.676275, 42.46010600000011 ], [ 18.67625, 42.459862 ], [ 18.675911, 42.459862 ], [ 18.675694, 42.459862 ], [ 18.675694, 42.459717 ], [ 18.675638000000106, 42.459610000000112 ], [ 18.675419, 42.45958300000018 ], [ 18.675474, 42.459290000000124 ], [ 18.673471, 42.459305 ], [ 18.673471, 42.459026000000108 ], [ 18.672915, 42.459026000000108 ], [ 18.672915, 42.459305 ], [ 18.672085, 42.459305 ], [ 18.672085, 42.459026000000108 ], [ 18.670715, 42.459106000000133 ], [ 18.670692000000145, 42.458752000000175 ], [ 18.670513, 42.458752000000175 ], [ 18.670448, 42.45870600000012 ], [ 18.670416, 42.458473 ], [ 18.669924, 42.458496000000139 ], [ 18.669861000000139, 42.458195000000103 ], [ 18.669306, 42.458195000000103 ], [ 18.669312000000161, 42.457886 ], [ 18.669027, 42.457916000000125 ], [ 18.669027, 42.457359 ], [ 18.668194, 42.457359 ], [ 18.668194, 42.457256 ], [ 18.668194, 42.45708500000012 ], [ 18.667480000000126, 42.457092000000159 ], [ 18.667366, 42.457062000000121 ], [ 18.667360000000144, 42.456806 ], [ 18.666384, 42.456806 ], [ 18.665972, 42.456806 ], [ 18.665972, 42.456696 ], [ 18.665972, 42.456528 ], [ 18.665430000000129, 42.456528 ], [ 18.665283, 42.456528 ], [ 18.665138000000127, 42.456528 ], [ 18.665138000000127, 42.456249000000184 ], [ 18.663879, 42.456249000000184 ], [ 18.663752, 42.45623 ], [ 18.66375, 42.455971 ], [ 18.662853, 42.455997000000139 ], [ 18.662916000000109, 42.455696000000103 ], [ 18.662724, 42.455696000000103 ], [ 18.66266300000018, 42.455658000000142 ], [ 18.66264, 42.455418000000179 ], [ 18.662247, 42.455418000000179 ], [ 18.662083000000109, 42.455418000000179 ], [ 18.662083000000109, 42.455322 ], [ 18.662083000000109, 42.455139 ], [ 18.661833, 42.455139 ], [ 18.661528, 42.455139 ], [ 18.661528, 42.454914 ], [ 18.661249, 42.454861000000108 ], [ 18.661249, 42.454746000000171 ], [ 18.661249, 42.45458200000013 ], [ 18.660973000000126, 42.45458200000013 ], [ 18.660973000000126, 42.454304 ], [ 18.660326, 42.454304 ], [ 18.660139, 42.454304 ], [ 18.660141, 42.453465 ], [ 18.659306, 42.453472 ], [ 18.659302, 42.453308 ], [ 18.659248, 42.453232000000128 ], [ 18.659025, 42.453194 ], [ 18.659025, 42.452915 ], [ 18.659025, 42.452641 ], [ 18.658875, 42.452641 ], [ 18.658751000000109, 42.452641 ], [ 18.658751000000109, 42.452362000000107 ], [ 18.658508, 42.452362000000107 ], [ 18.658508, 42.45208700000012 ], [ 18.658195000000148, 42.452084000000184 ], [ 18.658195000000148, 42.451527000000112 ], [ 18.657917, 42.451527000000112 ], [ 18.657917, 42.451302000000169 ], [ 18.657639000000131, 42.451248000000135 ], [ 18.657639000000131, 42.450695 ], [ 18.657719, 42.450695 ], [ 18.658751000000109, 42.450695 ], [ 18.658751000000109, 42.450138000000152 ], [ 18.658472000000131, 42.450138000000152 ], [ 18.658472000000131, 42.44986 ], [ 18.658213, 42.449791000000175 ], [ 18.658195000000148, 42.449585000000184 ], [ 18.657854000000157, 42.449612000000116 ], [ 18.657917, 42.449306 ], [ 18.657677, 42.449265 ], [ 18.657639000000131, 42.449028000000112 ], [ 18.657364000000143, 42.449028000000112 ], [ 18.657364000000143, 42.44875 ], [ 18.657146, 42.44875 ], [ 18.656803, 42.44875 ], [ 18.656803, 42.448467 ], [ 18.656532, 42.448425000000157 ], [ 18.656528, 42.448193000000117 ], [ 18.655661, 42.448208000000136 ], [ 18.655693, 42.447918000000129 ], [ 18.655535000000157, 42.447918000000129 ], [ 18.65543, 42.447880000000168 ], [ 18.655416, 42.447639000000152 ], [ 18.654907, 42.447693000000129 ], [ 18.654861000000153, 42.447361 ], [ 18.654306, 42.447361 ], [ 18.654306, 42.447083000000134 ], [ 18.653503, 42.447083000000134 ], [ 18.653473, 42.446804000000157 ], [ 18.65304, 42.446804000000157 ], [ 18.652948000000151, 42.446751000000177 ], [ 18.652916000000175, 42.446529000000112 ], [ 18.652361, 42.446529000000112 ], [ 18.652361, 42.446251 ], [ 18.652082, 42.446251 ], [ 18.652082, 42.446529000000112 ], [ 18.651917, 42.446529000000112 ], [ 18.651806, 42.446529000000112 ], [ 18.651806, 42.446804000000157 ], [ 18.651527000000158, 42.446804000000157 ], [ 18.651489, 42.447083000000134 ], [ 18.651251, 42.447083000000134 ], [ 18.651251, 42.449028000000112 ], [ 18.651525000000163, 42.449028000000112 ], [ 18.651527000000158, 42.449112000000127 ], [ 18.651527000000158, 42.449306 ], [ 18.651833, 42.449245000000133 ], [ 18.651806, 42.450058 ], [ 18.651806, 42.450138000000152 ], [ 18.650694000000158, 42.450138000000152 ], [ 18.650694000000158, 42.44989 ], [ 18.650694000000158, 42.449585000000184 ], [ 18.650139, 42.44952400000011 ], [ 18.650139, 42.449306 ], [ 18.64875, 42.44928 ], [ 18.64875, 42.449028000000112 ], [ 18.647888, 42.449097000000165 ], [ 18.647917, 42.44875 ], [ 18.647705000000144, 42.448730000000182 ], [ 18.647638, 42.448471 ], [ 18.647404000000108, 42.448429000000147 ], [ 18.647362000000157, 42.448193000000117 ], [ 18.64723, 42.448193000000117 ], [ 18.64708300000018, 42.448193000000117 ], [ 18.647095, 42.447876000000178 ], [ 18.64625000000018, 42.447918000000129 ], [ 18.64625000000018, 42.447639000000152 ], [ 18.64551, 42.447639000000152 ], [ 18.645428, 42.447609000000114 ], [ 18.645414, 42.447361 ], [ 18.6448, 42.447361 ], [ 18.644712, 42.447361 ], [ 18.644621, 42.447300000000155 ], [ 18.644585, 42.447083000000134 ], [ 18.644287000000134, 42.447083000000134 ], [ 18.644306, 42.446804000000157 ], [ 18.643768, 42.446770000000186 ], [ 18.643749000000184, 42.446529000000112 ], [ 18.643396000000109, 42.446529000000112 ], [ 18.643311, 42.446529000000112 ], [ 18.643223, 42.446480000000179 ], [ 18.643192000000113, 42.446251 ], [ 18.642883, 42.446289000000149 ], [ 18.642883, 42.445679000000155 ], [ 18.642361000000108, 42.445694000000117 ], [ 18.642361000000108, 42.445522 ], [ 18.642361000000108, 42.445415000000139 ], [ 18.642235000000142, 42.445415000000139 ], [ 18.642082, 42.445415000000139 ], [ 18.64209, 42.445129000000122 ], [ 18.641251, 42.445137 ], [ 18.641251, 42.44488500000017 ], [ 18.641251, 42.444584000000134 ], [ 18.640139, 42.444584000000134 ], [ 18.640139, 42.444305000000156 ], [ 18.639908000000162, 42.444305000000156 ], [ 18.639584000000184, 42.444305000000156 ], [ 18.639584000000184, 42.443748 ], [ 18.638748000000135, 42.443748 ], [ 18.638748000000135, 42.443474000000151 ], [ 18.637516000000119, 42.443417 ], [ 18.637400000000127, 42.443413 ], [ 18.637362, 42.443195000000117 ], [ 18.637035000000139, 42.443195000000117 ], [ 18.636806, 42.443195000000117 ], [ 18.636806, 42.443062000000168 ], [ 18.636805, 42.442917 ], [ 18.636530000000107, 42.442917 ], [ 18.636530000000107, 42.442638 ], [ 18.636106, 42.442638 ], [ 18.635973, 42.442638 ], [ 18.635973, 42.442085000000134 ], [ 18.635498000000155, 42.442081000000144 ], [ 18.635418, 42.442081000000144 ], [ 18.635418, 42.441807 ], [ 18.634888000000103, 42.441807 ], [ 18.634583000000134, 42.441807 ], [ 18.634583000000134, 42.4417 ], [ 18.634583000000134, 42.441528 ], [ 18.63269, 42.441528 ], [ 18.632639, 42.441250000000139 ], [ 18.631899, 42.441250000000139 ], [ 18.631804, 42.441250000000139 ], [ 18.631804, 42.440971000000161 ], [ 18.631216, 42.440971000000161 ], [ 18.631102, 42.440971000000161 ], [ 18.630978, 42.440945000000113 ], [ 18.630974, 42.440693 ], [ 18.62978900000013, 42.440693 ], [ 18.629702, 42.440693 ], [ 18.629581000000144, 42.440693 ], [ 18.629581000000144, 42.44058600000011 ], [ 18.629581000000144, 42.440418 ], [ 18.629345000000171, 42.440372000000139 ], [ 18.629332000000147, 42.440296000000103 ], [ 18.629305, 42.440140000000156 ], [ 18.628054, 42.440140000000156 ], [ 18.627916, 42.440140000000156 ], [ 18.627916, 42.439861000000121 ], [ 18.627386, 42.439861000000121 ], [ 18.627083, 42.439861000000121 ], [ 18.627083, 42.439701 ], [ 18.627039000000138, 42.439602 ], [ 18.626806, 42.439583 ], [ 18.626806, 42.43927 ], [ 18.626101000000119, 42.439301000000171 ], [ 18.625973, 42.439304 ], [ 18.625973, 42.439030000000116 ], [ 18.62207, 42.439087 ], [ 18.622084000000143, 42.438751000000138 ], [ 18.62084, 42.438751000000138 ], [ 18.620695000000126, 42.438751000000138 ], [ 18.620695000000126, 42.438473 ], [ 18.619324, 42.438477 ], [ 18.619307, 42.438194 ], [ 18.618525, 42.438194 ], [ 18.618193, 42.438194 ], [ 18.618193, 42.438084 ], [ 18.618193, 42.437916000000143 ], [ 18.617676, 42.437927000000172 ], [ 18.617640000000165, 42.437637000000166 ], [ 18.615479, 42.437683 ], [ 18.615417, 42.437363 ], [ 18.61513900000017, 42.437363 ], [ 18.61513900000017, 42.437084 ], [ 18.614582, 42.437084 ], [ 18.614531000000113, 42.437363 ], [ 18.614017, 42.437366000000111 ], [ 18.614027000000135, 42.437084 ], [ 18.613897, 42.437084 ], [ 18.613783, 42.437023000000181 ], [ 18.613750000000152, 42.436806000000161 ], [ 18.61347, 42.436806000000161 ], [ 18.61347, 42.436527000000183 ], [ 18.613283, 42.436527000000183 ], [ 18.613201, 42.436501000000135 ], [ 18.613194000000135, 42.436249 ], [ 18.61249, 42.436279 ], [ 18.612358, 42.436256000000128 ], [ 18.612362, 42.435974 ], [ 18.611465000000123, 42.436005000000137 ], [ 18.611528000000135, 42.435696000000121 ], [ 18.611328000000128, 42.43573 ], [ 18.61125, 42.435535000000129 ], [ 18.611210000000142, 42.435432000000162 ], [ 18.610971, 42.435417000000143 ], [ 18.610971, 42.435139 ], [ 18.610289000000137, 42.435139 ], [ 18.61014, 42.435139 ], [ 18.61014, 42.43486 ], [ 18.60968, 42.43486 ], [ 18.609583000000157, 42.43486 ], [ 18.609583000000157, 42.434582000000148 ], [ 18.60903, 42.434582000000148 ], [ 18.608749000000103, 42.434582000000148 ], [ 18.608749000000103, 42.434467 ], [ 18.608749000000103, 42.43430700000016 ], [ 18.608276, 42.43430700000016 ], [ 18.608194, 42.43431100000015 ], [ 18.608194, 42.434029 ], [ 18.607361, 42.434029 ], [ 18.607363000000134, 42.434334 ], [ 18.604029, 42.43430700000016 ], [ 18.604025, 42.434517000000142 ], [ 18.603329, 42.434582000000148 ], [ 18.602081000000112, 42.434582000000148 ], [ 18.602081000000112, 42.433899000000167 ], [ 18.60205800000017, 42.433754 ], [ 18.601805000000184, 42.43375 ], [ 18.601805000000184, 42.432922000000133 ], [ 18.601501, 42.432922000000133 ], [ 18.601528, 42.43264 ], [ 18.600889, 42.43264 ], [ 18.598749000000112, 42.43264 ], [ 18.598749000000112, 42.432922000000133 ], [ 18.597107000000165, 42.432922000000133 ], [ 18.597107000000165, 42.433193000000188 ], [ 18.596806000000129, 42.433193000000188 ], [ 18.596806000000129, 42.433472000000165 ], [ 18.596251, 42.433472000000165 ], [ 18.59631300000018, 42.433716000000118 ], [ 18.595972000000188, 42.43375 ], [ 18.595942, 42.433987000000116 ], [ 18.595419000000106, 42.434029 ], [ 18.595419000000106, 42.43430700000016 ], [ 18.595139000000188, 42.43430700000016 ], [ 18.595139000000188, 42.434582000000148 ], [ 18.594862, 42.434582000000148 ], [ 18.59491, 42.434875 ], [ 18.594307000000128, 42.43486 ], [ 18.594294000000104, 42.435139 ], [ 18.594028, 42.435139 ], [ 18.594028, 42.435696000000121 ], [ 18.59375, 42.435696000000121 ], [ 18.593687000000159, 42.435974 ], [ 18.593197, 42.435974 ], [ 18.593210000000113, 42.436310000000162 ], [ 18.592361, 42.436249 ], [ 18.592361, 42.436527000000183 ], [ 18.592274, 42.436527000000183 ], [ 18.591528, 42.436527000000183 ], [ 18.591528, 42.436707000000126 ], [ 18.591528, 42.436806000000161 ], [ 18.590975000000128, 42.436806000000161 ], [ 18.590975000000128, 42.436707000000126 ], [ 18.590975000000128, 42.436527000000183 ], [ 18.590414, 42.436527000000183 ], [ 18.590399, 42.436737000000107 ], [ 18.590136000000143, 42.436806000000161 ], [ 18.589027, 42.436806000000161 ], [ 18.589033, 42.437103 ], [ 18.588470000000143, 42.437084 ], [ 18.588501, 42.437317000000178 ], [ 18.588394, 42.437363 ], [ 18.587639000000138, 42.437363 ], [ 18.587639000000138, 42.437683 ], [ 18.587639000000138, 42.437916000000143 ], [ 18.586914, 42.437927000000172 ], [ 18.586805, 42.437916000000143 ], [ 18.586781, 42.438194 ], [ 18.58652700000016, 42.438194 ], [ 18.586542000000122, 42.438759000000118 ], [ 18.58541700000012, 42.438751000000138 ], [ 18.58541700000012, 42.439026000000183 ], [ 18.585138000000143, 42.439030000000116 ], [ 18.585068, 42.439304 ], [ 18.584862, 42.439304 ], [ 18.584862, 42.439583 ], [ 18.584305000000143, 42.439583 ], [ 18.584290000000124, 42.43988000000013 ], [ 18.58402800000016, 42.439861000000121 ], [ 18.58402800000016, 42.44001400000019 ], [ 18.58402800000016, 42.440140000000156 ], [ 18.583778, 42.440140000000156 ], [ 18.583471, 42.440140000000156 ], [ 18.583458, 42.440304 ], [ 18.583443, 42.440418 ], [ 18.58319500000016, 42.440418 ], [ 18.58318700000018, 42.440971000000161 ], [ 18.582916000000125, 42.440971000000161 ], [ 18.582886000000144, 42.441528 ], [ 18.58264, 42.441528 ], [ 18.58264, 42.441807 ], [ 18.582083000000125, 42.441807 ], [ 18.582092, 42.442078 ], [ 18.581806000000142, 42.442085000000134 ], [ 18.581806000000142, 42.442360000000122 ], [ 18.581249, 42.442360000000122 ], [ 18.581249, 42.442722 ], [ 18.581249, 42.442917 ], [ 18.580975000000137, 42.442917 ], [ 18.580694000000165, 42.442917 ], [ 18.580694000000165, 42.443115 ], [ 18.580694000000165, 42.443195000000117 ], [ 18.580475000000149, 42.443195000000117 ], [ 18.579584000000125, 42.443195000000117 ], [ 18.579596, 42.443512 ], [ 18.578751000000125, 42.443474000000151 ], [ 18.578751000000125, 42.443748 ], [ 18.578629, 42.443748 ], [ 18.578196, 42.443748 ], [ 18.578175000000101, 42.444027 ], [ 18.577917, 42.444027 ], [ 18.577862000000152, 42.444305000000156 ], [ 18.577639000000147, 42.444305000000156 ], [ 18.577639000000147, 42.444679000000178 ], [ 18.577639000000147, 42.444862 ], [ 18.577515, 42.44488500000017 ], [ 18.577362000000164, 42.444862 ], [ 18.577362000000164, 42.444946 ], [ 18.577362000000164, 42.445137 ], [ 18.576902, 42.445137 ], [ 18.576803, 42.445137 ], [ 18.576803, 42.4454080000001 ], [ 18.576803, 42.445694000000117 ], [ 18.576704, 42.445694000000117 ], [ 18.576529000000164, 42.445694000000117 ], [ 18.576529000000164, 42.445847000000185 ], [ 18.576529000000164, 42.445972 ], [ 18.576384, 42.445972 ], [ 18.57625000000013, 42.445972 ], [ 18.576237000000162, 42.446098000000177 ], [ 18.576221, 42.446251 ], [ 18.575972, 42.446251 ], [ 18.575972, 42.446472 ], [ 18.575684, 42.446472 ], [ 18.575693, 42.446804000000157 ], [ 18.575539000000106, 42.446804000000157 ], [ 18.57541700000013, 42.446804000000157 ], [ 18.575369, 42.447037 ], [ 18.575138000000152, 42.447083000000134 ], [ 18.575062000000116, 42.447361 ], [ 18.574863000000164, 42.447361 ], [ 18.574863000000164, 42.447918000000129 ], [ 18.572083000000191, 42.447876000000178 ], [ 18.572083000000191, 42.448193000000117 ], [ 18.571947, 42.448193000000117 ], [ 18.571806000000151, 42.448193000000117 ], [ 18.57173500000016, 42.448471 ], [ 18.571527000000174, 42.448471 ], [ 18.571463, 42.44875 ], [ 18.571251, 42.44875 ], [ 18.571289, 42.449097000000165 ], [ 18.570694000000174, 42.449028000000112 ], [ 18.570694000000174, 42.449158 ], [ 18.570694000000174, 42.450138000000152 ], [ 18.570972, 42.450188 ], [ 18.570972, 42.450974 ], [ 18.570417000000191, 42.450974 ], [ 18.570417000000191, 42.451248000000135 ], [ 18.570139, 42.451248000000135 ], [ 18.570129000000122, 42.451477 ], [ 18.570042, 42.451527000000112 ], [ 18.569584000000191, 42.451527000000112 ], [ 18.569571000000167, 42.451771 ], [ 18.569479000000172, 42.451805 ], [ 18.56875, 42.451805 ], [ 18.568726, 42.45208700000012 ], [ 18.568472, 42.452084000000184 ], [ 18.568472, 42.452362000000107 ], [ 18.567362000000173, 42.452362000000107 ], [ 18.567362000000173, 42.452641 ], [ 18.567083, 42.452641 ], [ 18.567078, 42.452881 ], [ 18.566643, 42.452915 ], [ 18.564028000000178, 42.452915 ], [ 18.564018, 42.453121 ], [ 18.563789, 42.453194 ], [ 18.562361000000124, 42.453194 ], [ 18.562361000000124, 42.45351 ], [ 18.562361000000124, 42.453751000000125 ], [ 18.561527000000183, 42.453751000000125 ], [ 18.561527000000183, 42.454029 ], [ 18.560970000000111, 42.454029 ], [ 18.560970000000111, 42.453751000000125 ], [ 18.560139000000106, 42.453751000000125 ], [ 18.560139000000106, 42.453495 ], [ 18.559860000000128, 42.453472 ], [ 18.559875, 42.452698 ], [ 18.559305, 42.452641 ], [ 18.559305, 42.452515000000176 ], [ 18.559305, 42.452362000000107 ], [ 18.559158000000139, 42.452362000000107 ], [ 18.559029000000123, 42.452362000000107 ], [ 18.559029000000123, 42.452225000000169 ], [ 18.559029000000123, 42.452084000000184 ], [ 18.558899000000167, 42.45208700000012 ], [ 18.558771, 42.45203400000014 ], [ 18.558748, 42.451805 ], [ 18.558435000000145, 42.45182 ], [ 18.558472, 42.451527000000112 ], [ 18.55831000000012, 42.451527000000112 ], [ 18.558195000000183, 42.451527000000112 ], [ 18.558195000000183, 42.451248000000135 ], [ 18.557678, 42.451294000000189 ], [ 18.557638000000111, 42.450974 ], [ 18.556986000000165, 42.450974 ], [ 18.556885, 42.450974 ], [ 18.556814000000145, 42.450947 ], [ 18.556805000000111, 42.450695 ], [ 18.556122, 42.450695 ], [ 18.55597900000015, 42.450672 ], [ 18.555973, 42.45041700000013 ], [ 18.554838, 42.450428000000159 ], [ 18.554861, 42.450138000000152 ], [ 18.554714000000104, 42.450138000000152 ], [ 18.554594000000122, 42.450100000000191 ], [ 18.554583, 42.44986 ], [ 18.553894000000128, 42.44986 ], [ 18.553749, 42.44986 ], [ 18.553749, 42.449585000000184 ], [ 18.553368000000148, 42.449585000000184 ], [ 18.553284000000133, 42.449585000000184 ], [ 18.553205000000162, 42.449554000000148 ], [ 18.553196000000128, 42.449306 ], [ 18.552490000000148, 42.449306 ], [ 18.552361000000133, 42.449306 ], [ 18.552361000000133, 42.449169 ], [ 18.552361000000133, 42.449028000000112 ], [ 18.552208, 42.449028000000112 ], [ 18.552086, 42.449028000000112 ], [ 18.552086, 42.448914000000116 ], [ 18.552086, 42.44875 ], [ 18.551409, 42.44875 ], [ 18.551331000000175, 42.44875 ], [ 18.55125, 42.44875 ], [ 18.55125, 42.448471 ], [ 18.55097400000011, 42.448471 ], [ 18.550976000000105, 42.448769 ], [ 18.549582, 42.44875 ], [ 18.549582, 42.448940000000107 ], [ 18.549582, 42.449028000000112 ], [ 18.549246000000153, 42.449028000000112 ], [ 18.548195, 42.449028000000112 ], [ 18.548195, 42.44928 ], [ 18.546875, 42.449306 ], [ 18.546806, 42.449028000000112 ], [ 18.546528000000137, 42.449028000000112 ], [ 18.546528000000137, 42.449306 ], [ 18.546249000000159, 42.449306 ], [ 18.546249000000159, 42.449028000000112 ], [ 18.545973, 42.449028000000112 ], [ 18.545929000000115, 42.449306 ], [ 18.544584, 42.449306 ], [ 18.544577000000174, 42.449543000000119 ], [ 18.544352, 42.449585000000184 ], [ 18.543472, 42.449585000000184 ], [ 18.543453, 42.449814000000117 ], [ 18.543344000000104, 42.44986 ], [ 18.543274, 42.44989 ], [ 18.543192000000147, 42.44987900000018 ], [ 18.543194000000142, 42.449585000000184 ], [ 18.540783000000147, 42.449585000000184 ], [ 18.540283000000159, 42.449585000000184 ], [ 18.540138, 42.449585000000184 ], [ 18.540138, 42.449306 ], [ 18.538988000000131, 42.449306 ], [ 18.538879000000179, 42.449306 ], [ 18.538750000000164, 42.449306 ], [ 18.538750000000164, 42.449169 ], [ 18.538750000000164, 42.449028000000112 ], [ 18.538597, 42.449028000000112 ], [ 18.538473000000124, 42.449028000000112 ], [ 18.538473000000124, 42.448914000000116 ], [ 18.538473000000124, 42.44875 ], [ 18.537798, 42.44875 ], [ 18.53772, 42.44875 ], [ 18.537640000000124, 42.44875 ], [ 18.537640000000124, 42.448471 ], [ 18.537085, 42.448471 ], [ 18.5371090000001, 42.448730000000182 ], [ 18.536806, 42.44875 ], [ 18.536806, 42.449028000000112 ], [ 18.535975, 42.449028000000112 ], [ 18.535969, 42.449291 ], [ 18.535889, 42.449306 ], [ 18.53236, 42.44928 ], [ 18.53236, 42.44986 ], [ 18.532288000000165, 42.44989 ], [ 18.532084000000168, 42.44986 ], [ 18.532125000000178, 42.450428000000159 ], [ 18.53180500000019, 42.45041700000013 ], [ 18.531773, 42.450974 ], [ 18.531528, 42.450974 ], [ 18.531507, 42.451210000000174 ], [ 18.531445, 42.451248000000135 ], [ 18.53097200000019, 42.451248000000135 ], [ 18.53097200000019, 42.451527000000112 ], [ 18.530865, 42.451527000000112 ], [ 18.530695, 42.451527000000112 ], [ 18.530733000000112, 42.451824 ], [ 18.529583000000173, 42.451805 ], [ 18.52960800000011, 42.452137000000164 ], [ 18.52930600000019, 42.452084000000184 ], [ 18.52930600000019, 42.452271 ], [ 18.52930600000019, 42.452362000000107 ], [ 18.52908500000018, 42.452362000000107 ], [ 18.528194, 42.452362000000107 ], [ 18.528194, 42.452641 ], [ 18.527361, 42.452641 ], [ 18.527361, 42.452915 ], [ 18.527283000000125, 42.452915 ], [ 18.527193000000125, 42.452915 ], [ 18.526527000000101, 42.452915 ], [ 18.526476000000116, 42.453194 ], [ 18.526251000000173, 42.453194 ], [ 18.526306, 42.454102 ], [ 18.525972, 42.454029 ], [ 18.525972, 42.45458200000013 ], [ 18.525696, 42.45458200000013 ], [ 18.525696, 42.454895 ], [ 18.525417000000118, 42.454861000000108 ], [ 18.525377000000162, 42.455139 ], [ 18.525139, 42.455139 ], [ 18.525139, 42.455322 ], [ 18.525139, 42.455418000000179 ], [ 18.524990000000116, 42.455418000000179 ], [ 18.524586, 42.455418000000179 ], [ 18.524593000000152, 42.455727 ], [ 18.524027, 42.455696000000103 ], [ 18.523968, 42.455971 ], [ 18.523474, 42.455971 ], [ 18.523499, 42.456299 ], [ 18.523195000000101, 42.456249000000184 ], [ 18.523195000000101, 42.456135000000188 ], [ 18.523195000000101, 42.455971 ], [ 18.52273, 42.455933000000186 ], [ 18.522638, 42.455971 ], [ 18.522638, 42.456249000000184 ], [ 18.522081000000128, 42.456249000000184 ], [ 18.522057, 42.456528 ], [ 18.521805, 42.456528 ], [ 18.521812, 42.456814 ], [ 18.521528, 42.456806 ], [ 18.521528, 42.457275 ], [ 18.521528, 42.457359 ], [ 18.521023000000127, 42.457359 ], [ 18.52014, 42.457359 ], [ 18.52014, 42.45752 ], [ 18.52014, 42.457638 ], [ 18.519768, 42.457638 ], [ 18.519028000000105, 42.457638 ], [ 18.519024000000115, 42.457901000000106 ], [ 18.518929, 42.457916000000125 ], [ 18.517639, 42.457916000000125 ], [ 18.517628000000116, 42.458153 ], [ 18.517485, 42.458195000000103 ], [ 18.51652700000011, 42.458195000000103 ], [ 18.516479, 42.458496000000139 ], [ 18.515503000000137, 42.458473 ], [ 18.515417000000127, 42.458473 ], [ 18.515417000000127, 42.458195000000103 ], [ 18.514845, 42.458195000000103 ], [ 18.514709000000153, 42.458195000000103 ], [ 18.514584000000127, 42.458195000000103 ], [ 18.514584000000127, 42.458050000000185 ], [ 18.514584000000127, 42.457916000000125 ], [ 18.514467, 42.457916000000125 ], [ 18.514305000000149, 42.457916000000125 ], [ 18.514305000000149, 42.457729 ], [ 18.514273000000117, 42.457653 ], [ 18.514029, 42.457638 ], [ 18.514029, 42.457359 ], [ 18.51375, 42.457359 ], [ 18.51375, 42.457275 ], [ 18.51375, 42.45708500000012 ], [ 18.513306, 42.45708500000012 ], [ 18.513197000000105, 42.45708500000012 ], [ 18.513197000000105, 42.456806 ], [ 18.512083000000132, 42.456806 ], [ 18.512087000000122, 42.456299 ], [ 18.510693, 42.456249000000184 ], [ 18.510681000000147, 42.456116 ], [ 18.510632000000157, 42.455997000000139 ], [ 18.510414, 42.455971 ], [ 18.510414, 42.455688000000123 ], [ 18.510139, 42.455696000000103 ], [ 18.510139, 42.455418000000179 ], [ 18.509815, 42.455418000000179 ], [ 18.509584000000132, 42.455418000000179 ], [ 18.509584000000132, 42.455254000000139 ], [ 18.509584000000132, 42.455139 ], [ 18.509384000000125, 42.455139 ], [ 18.509304, 42.455139 ], [ 18.509304, 42.454861000000108 ], [ 18.50877, 42.454861000000108 ], [ 18.508471, 42.454861000000108 ], [ 18.508471, 42.454712 ], [ 18.508471, 42.45458200000013 ], [ 18.508366, 42.45458200000013 ], [ 18.508192, 42.45458200000013 ], [ 18.508118, 42.454285 ], [ 18.507923000000176, 42.45433 ], [ 18.497314, 42.45690900000011 ], [ 18.480896, 42.470886000000178 ], [ 18.473694000000137, 42.488525000000152 ], [ 18.472845, 42.492732000000103 ], [ 18.469299, 42.510315 ], [ 18.460568000000137, 42.535379000000148 ], [ 18.459902000000113, 42.53729200000015 ], [ 18.459023, 42.562496000000124 ], [ 18.458952000000181, 42.564492 ], [ 18.458927, 42.565208000000155 ], [ 18.45892300700018, 42.565307821000147 ], [ 18.463182782000104, 42.565460151000138 ], [ 18.468273964, 42.565642342000046 ] ] ] ] } },
{ "type": "Feature", "properties": { "fid": 9, "GID_1": "MNE.9_1", "GID_0": "MNE", "COUNTRY": "Montenegro", "NAME_1": "Kolašin", "VARNAME_1": "NA", "NL_NAME_1": "NA", "TYPE_1": "Opština", "ENGTYPE_1": "Municipality", "CC_1": "NA", "HASC_1": "ME.KL", "ISO_1": "NA" }, "geometry": { "type": "MultiPolygon", "coordinates": [ [ [ [ 19.666479111000172, 42.821468353000171 ], [ 19.658960342000057, 42.819374085000106 ], [ 19.651876450000088, 42.816989898000088 ], [ 19.64624214100013, 42.814815521000014 ], [ 19.642646790000072, 42.812877655000079 ], [ 19.638992309000173, 42.810146332000159 ], [ 19.634035111000173, 42.805248260000099 ], [ 19.63189125100007, 42.802646638000112 ], [ 19.630296706000024, 42.799381256000117 ], [ 19.629924774000131, 42.796195984000178 ], [ 19.630186080999977, 42.793800354000041 ], [ 19.630849837000028, 42.791435243000194 ], [ 19.632877350000172, 42.787677765000126 ], [ 19.634935379000012, 42.784725189000085 ], [ 19.639202118000185, 42.780086518000076 ], [ 19.643587112000091, 42.775970458000018 ], [ 19.646154404000072, 42.773929595000027 ], [ 19.653928756000084, 42.768886566000106 ], [ 19.657602311, 42.765926360000151 ], [ 19.660190582000041, 42.763320923000151 ], [ 19.661687852000114, 42.760787964000087 ], [ 19.662227630000189, 42.757934571000135 ], [ 19.661851882000178, 42.755012511000132 ], [ 19.660726547000081, 42.752258302000087 ], [ 19.656093597000051, 42.744102478000116 ], [ 19.654121400000065, 42.739963531 ], [ 19.65340232900013, 42.735553742000093 ], [ 19.655872345000034, 42.719692231000181 ], [ 19.656763076000118, 42.717243194000162 ], [ 19.661205292000147, 42.709739685000045 ], [ 19.662059784000178, 42.706031799000016 ], [ 19.661663056000179, 42.702861785000096 ], [ 19.65987777700019, 42.698650360000102 ], [ 19.653272627999968, 42.689624787000184 ], [ 19.65236282300009, 42.688026428000171 ], [ 19.648773194, 42.67921829200003 ], [ 19.646177293000108, 42.675128938000114 ], [ 19.643611908000025, 42.671966552000072 ], [ 19.640487671000074, 42.669181824000077 ], [ 19.63727760300003, 42.667282105000027 ], [ 19.634975433000136, 42.666225433000136 ], [ 19.621515275000036, 42.6619148260001 ], [ 19.621288299000071, 42.661842346000128 ], [ 19.600887298000089, 42.671340943000132 ], [ 19.595937729000127, 42.673152923000089 ], [ 19.580810547000112, 42.677703858000143 ], [ 19.574245452000184, 42.680385589000082 ], [ 19.570951463000029, 42.682281495000097 ], [ 19.568357469000034, 42.68452835100004 ], [ 19.566509247000056, 42.687107087000072 ], [ 19.564802170000121, 42.690254212000127 ], [ 19.564111710000191, 42.692653657000164 ], [ 19.562694549000071, 42.702556611000091 ], [ 19.560689927000112, 42.709331513000052 ], [ 19.558816909000029, 42.714481354000043 ], [ 19.557939530000169, 42.716159821000133 ], [ 19.556123733000106, 42.718666078000126 ], [ 19.553855897000062, 42.720634460000099 ], [ 19.550842285000101, 42.722003937000125 ], [ 19.547126768999988, 42.722808837000116 ], [ 19.537723541000048, 42.723640440999986 ], [ 19.530557632000182, 42.723773957000049 ], [ 19.525789261000057, 42.723495484000182 ], [ 19.519105911000054, 42.722499848000041 ], [ 19.515935897000134, 42.721485138000105 ], [ 19.513236999000128, 42.720264435000104 ], [ 19.510744094000188, 42.718402863000108 ], [ 19.508497239000178, 42.71588897800018 ], [ 19.505365372000142, 42.710746765000067 ], [ 19.495578766000051, 42.69068527200011 ], [ 19.494134903000031, 42.688621520000027 ], [ 19.492359162000071, 42.686695100000179 ], [ 19.489072799000041, 42.684009552000191 ], [ 19.487251281000169, 42.682975768000063 ], [ 19.483392715000093, 42.681606294000119 ], [ 19.472625733000086, 42.679386140000076 ], [ 19.466396331000169, 42.677799225000172 ], [ 19.459650039999985, 42.675380707000045 ], [ 19.456144333000111, 42.673648834 ], [ 19.454524994000167, 42.672485352000194 ], [ 19.450077056, 42.668018342000096 ], [ 19.447423934000028, 42.665733338000052 ], [ 19.444784163000065, 42.663967132000096 ], [ 19.442764281000052, 42.663047792000043 ], [ 19.438188552000099, 42.661453247 ], [ 19.420749664000141, 42.656948091000118 ], [ 19.417894363000073, 42.655841827000074 ], [ 19.409851074000073, 42.651897432000112 ], [ 19.397869110000045, 42.646625519999986 ], [ 19.392717361000052, 42.644851684000116 ], [ 19.387241364000033, 42.643676759000186 ], [ 19.38325881999998, 42.643299104000107 ], [ 19.37756919900005, 42.643455506000066 ], [ 19.373041154000134, 42.644069672000114 ], [ 19.366437912000038, 42.645671845000038 ], [ 19.356004715000154, 42.649635316000172 ], [ 19.350898744, 42.650974274000134 ], [ 19.344013213999972, 42.65192413300008 ], [ 19.327642441000023, 42.653133392000029 ], [ 19.323654175000058, 42.653709412000126 ], [ 19.318729401000098, 42.654983521000077 ], [ 19.309169769000164, 42.658344269000168 ], [ 19.305738450000035, 42.659137725999983 ], [ 19.30312347500012, 42.659263612000132 ], [ 19.296413421000182, 42.662528992000091 ], [ 19.290281296000046, 42.665916444000061 ], [ 19.282947540000066, 42.671375275000116 ], [ 19.278064728000174, 42.676033020000091 ], [ 19.273437499000011, 42.681694031000177 ], [ 19.268249511000135, 42.687473297000167 ], [ 19.265403748000097, 42.691368104000105 ], [ 19.262922286000162, 42.696689606000064 ], [ 19.261970518999988, 42.700874329000158 ], [ 19.26174163800016, 42.70656204300019 ], [ 19.262012481000113, 42.718170167000039 ], [ 19.261793136000165, 42.723880768000072 ], [ 19.260793686000056, 42.728065491000052 ], [ 19.258464813000046, 42.732494354000096 ], [ 19.256547928000145, 42.734653472000048 ], [ 19.254823684000087, 42.736114503000067 ], [ 19.251867293000032, 42.737869263000107 ], [ 19.241975785000136, 42.742111207000107 ], [ 19.224201202000188, 42.750228882000044 ], [ 19.216495513000041, 42.757690429000036 ], [ 19.213443755000185, 42.760643005000077 ], [ 19.210866927000097, 42.763721467000039 ], [ 19.21029091000014, 42.764682769 ], [ 19.209472657000049, 42.766040803000124 ], [ 19.208452224000098, 42.769130708000034 ], [ 19.208221436000144, 42.770748139000034 ], [ 19.207992555000146, 42.772319795000044 ], [ 19.207963943000095, 42.781955719000109 ], [ 19.208337784000037, 42.785076142000094 ], [ 19.208589553000138, 42.786029815000063 ], [ 19.209125518000178, 42.788051605000192 ], [ 19.210380554000096, 42.790573120000147 ], [ 19.211553574000163, 42.79208374100017 ], [ 19.211940765000122, 42.792587280000191 ], [ 19.213588715000071, 42.793983460000049 ], [ 19.217370987000038, 42.797191620000149 ], [ 19.222944260000133, 42.800987243 ], [ 19.225193023000088, 42.802520752000191 ], [ 19.228570939000178, 42.805358888000171 ], [ 19.231094360000156, 42.808288575000176 ], [ 19.232099532000177, 42.810195922000162 ], [ 19.232774734000088, 42.81286239700006 ], [ 19.232812881000143, 42.815601348000143 ], [ 19.232307434000177, 42.818592073000048 ], [ 19.231655121000074, 42.82027816700014 ], [ 19.230859756000086, 42.822330476 ], [ 19.22930908100011, 42.824844361000089 ], [ 19.227281571000049, 42.828132630000141 ], [ 19.216924668000161, 42.839908600000115 ], [ 19.213985443000013, 42.842216492000148 ], [ 19.213270187000035, 42.842639923000092 ], [ 19.212306977000082, 42.843212127000186 ], [ 19.20770072900018, 42.845382691000168 ], [ 19.201078416000144, 42.848030090000123 ], [ 19.199714660000097, 42.855026245000147 ], [ 19.199203491000162, 42.860843658000192 ], [ 19.199342727000158, 42.863628388 ], [ 19.199831010000139, 42.866260529000101 ], [ 19.20072555500019, 42.868659974000138 ], [ 19.20154380800011, 42.870094299000073 ], [ 19.20433425900012, 42.872974396000075 ], [ 19.214504242000089, 42.880912781000063 ], [ 19.217535019000081, 42.883567810000102 ], [ 19.222734451000065, 42.890457153 ], [ 19.224494933000074, 42.891872407000051 ], [ 19.226400374999969, 42.892848968000123 ], [ 19.229108810000184, 42.893898010000044 ], [ 19.232049942000174, 42.894718170000033 ], [ 19.235265733000062, 42.895179749000135 ], [ 19.242116929000076, 42.89540481500012 ], [ 19.249071122000032, 42.895175934000122 ], [ 19.252471924000019, 42.894886018000079 ], [ 19.255746842000121, 42.894393920000027 ], [ 19.260343551000062, 42.893363952000072 ], [ 19.266328811, 42.892707826000162 ], [ 19.284517288000075, 42.892864228000121 ], [ 19.320819854000149, 42.892589570000155 ], [ 19.326164245000086, 42.89287948600014 ], [ 19.342817307000075, 42.895870209000066 ], [ 19.34914970400007, 42.89730453400017 ], [ 19.357416154000134, 42.899909973000035 ], [ 19.363245010000128, 42.902496337000116 ], [ 19.366592407000098, 42.904563904000042 ], [ 19.369699477000154, 42.907573700000057 ], [ 19.371942520000175, 42.910717010000042 ], [ 19.376911163000159, 42.922721863000106 ], [ 19.384702683000171, 42.919971466000163 ], [ 19.391731262000064, 42.916862488000163 ], [ 19.396833419000075, 42.913566589000027 ], [ 19.402971269000034, 42.908187866000048 ], [ 19.404714585000079, 42.906925202000025 ], [ 19.409755707000102, 42.904052735000107 ], [ 19.420579911000061, 42.898551941999983 ], [ 19.424394608000114, 42.896858216 ], [ 19.445384979000039, 42.889633179000043 ], [ 19.459356308000054, 42.886550903000114 ], [ 19.467140198000152, 42.884490966000101 ], [ 19.474882126000182, 42.881980896000073 ], [ 19.480705261000139, 42.880611419 ], [ 19.484567642000059, 42.880111696000142 ], [ 19.492660522000165, 42.879722595000032 ], [ 19.525722503000054, 42.879570008000087 ], [ 19.533632279000074, 42.88014221200018 ], [ 19.545583724000153, 42.882461548000038 ], [ 19.549461366000173, 42.882820130000084 ], [ 19.553438187000154, 42.882820130000084 ], [ 19.558551789000148, 42.882305146000078 ], [ 19.569688796000094, 42.880035400000054 ], [ 19.574798583000018, 42.879386902000022 ], [ 19.591215135000141, 42.878780366000115 ], [ 19.599168778000035, 42.87805175900013 ], [ 19.604713440000126, 42.876838685000166 ], [ 19.615549088000137, 42.873508454000046 ], [ 19.620050431000152, 42.872604371000079 ], [ 19.623825073000035, 42.872173309000118 ], [ 19.631847381000171, 42.871822357000042 ], [ 19.65741157400015, 42.871646882000164 ], [ 19.657550811000192, 42.86316680900012 ], [ 19.657264710000049, 42.84669113200016 ], [ 19.657560349000107, 42.84281540000012 ], [ 19.658054352000022, 42.840976715000124 ], [ 19.65885353200008, 42.83932876700004 ], [ 19.664451599000074, 42.829204560000164 ], [ 19.665399551000178, 42.826454164000154 ], [ 19.666479111000172, 42.821468353000171 ] ] ] ] } },
{ "type": "Feature", "properties": { "fid": 10, "GID_1": "MNE.10_1", "GID_0": "MNE", "COUNTRY": "Montenegro", "NAME_1": "Kotor", "VARNAME_1": "NA", "NL_NAME_1": "NA", "TYPE_1": "Opština", "ENGTYPE_1": "Municipality", "CC_1": "NA", "HASC_1": "ME.KT", "ISO_1": "ME-10" }, "geometry": { "type": "MultiPolygon", "coordinates": [ [ [ [ 18.804248810000104, 42.35904312100007 ], [ 18.80233588800013, 42.353683884000134 ], [ 18.800903321000192, 42.349670410000044 ], [ 18.800496399000053, 42.34809358900003 ], [ 18.799927000000139, 42.345886 ], [ 18.799927000000139, 42.340271 ], [ 18.800287126000057, 42.337916333000123 ], [ 18.800291005000133, 42.337890986000104 ], [ 18.800381258000073, 42.337620679 ], [ 18.801086425000051, 42.335510254000098 ], [ 18.802917481, 42.333129882000151 ], [ 18.804504395000038, 42.331481935000113 ], [ 18.80969238300014, 42.327697755000031 ], [ 18.811096192000036, 42.326293947000067 ], [ 18.812118138000017, 42.324825679000071 ], [ 18.812498072000039, 42.324279814000136 ], [ 18.813110351000148, 42.322692871000186 ], [ 18.813293457000043, 42.321289062000119 ], [ 18.812927247000118, 42.320129395000151 ], [ 18.812072755000088, 42.318725587000188 ], [ 18.805908203, 42.312500000000114 ], [ 18.805119364000063, 42.311492039000143 ], [ 18.803711, 42.309692000000155 ], [ 18.802905609000106, 42.308081726000125 ], [ 18.802124024000022, 42.306518555000025 ], [ 18.801921540000137, 42.305957831000171 ], [ 18.801331000000118, 42.304321000000186 ], [ 18.801193780000119, 42.303397982000035 ], [ 18.801086425000051, 42.302673340000126 ], [ 18.801466178000112, 42.300812554000174 ], [ 18.801697, 42.29968300000013 ], [ 18.804472856000189, 42.290871586000094 ], [ 18.805908203, 42.286315918000071 ], [ 18.806505117000029, 42.283749000000171 ], [ 18.806249619000027, 42.283748628000126 ], [ 18.806249619000027, 42.283473968000123 ], [ 18.804077148000147, 42.283508302000143 ], [ 18.804027558000143, 42.283195495000086 ], [ 18.803674699000169, 42.283195495000086 ], [ 18.803474427000083, 42.283195495000086 ], [ 18.803474427000083, 42.283081054000149 ], [ 18.803474427000083, 42.282917024000085 ], [ 18.803323745000057, 42.282917024000085 ], [ 18.802917481, 42.282917024000085 ], [ 18.802917481, 42.282638551000048 ], [ 18.802639007999971, 42.282638551000048 ], [ 18.802646638000056, 42.282344818000126 ], [ 18.802082062000068, 42.282360078000181 ], [ 18.802124024000022, 42.282104493000077 ], [ 18.8018054960001, 42.282081605000144 ], [ 18.801813126000013, 42.281795502000193 ], [ 18.801527023000062, 42.281806947000121 ], [ 18.801513672000112, 42.28149414000012 ], [ 18.801250458000027, 42.281528474000083 ], [ 18.801250458000027, 42.281250001000046 ], [ 18.800970076999988, 42.281250001000046 ], [ 18.800970076999988, 42.280700683000077 ], [ 18.800109864000149, 42.280700683000077 ], [ 18.800138473000118, 42.280418397000176 ], [ 18.800025940000126, 42.280418397000176 ], [ 18.799861908000082, 42.280418397000176 ], [ 18.799861908000082, 42.280139924000139 ], [ 18.799583435000045, 42.280139924000139 ], [ 18.799583435000045, 42.279861451000102 ], [ 18.799861908000082, 42.279861451000102 ], [ 18.799861908000082, 42.279582978000064 ], [ 18.800043106000146, 42.279582978000064 ], [ 18.800138473000118, 42.279582978000064 ], [ 18.800109864000149, 42.279296875000114 ], [ 18.800693512000123, 42.279304505000027 ], [ 18.800693512000123, 42.279026032000161 ], [ 18.800970076999988, 42.279026032000161 ], [ 18.800970076999988, 42.278751374000194 ], [ 18.801492691000078, 42.278751374000194 ], [ 18.801527023000062, 42.278472901000157 ], [ 18.801744461000112, 42.278472901000157 ], [ 18.8018054960001, 42.27819442800012 ], [ 18.802043915000013, 42.278156281000065 ], [ 18.802082062000068, 42.277915955000083 ], [ 18.802284241000052, 42.277915955000083 ], [ 18.802360535000105, 42.27781677300004 ], [ 18.802360535000105, 42.277637482000046 ], [ 18.8024997710001, 42.277637482000046 ], [ 18.802639007999971, 42.277637482000046 ], [ 18.802639007999971, 42.277458191000051 ], [ 18.802639007999971, 42.277084351000042 ], [ 18.802917481, 42.277099609000061 ], [ 18.802917481, 42.276527405000138 ], [ 18.803087234000145, 42.276527405000138 ], [ 18.803192139000032, 42.276527405000138 ], [ 18.803192139000032, 42.276371002000076 ], [ 18.803192139000032, 42.275970459000064 ], [ 18.803464889, 42.275970459000064 ], [ 18.803464889, 42.275878907000106 ], [ 18.803474427000083, 42.275138855000137 ], [ 18.803695680000033, 42.275138855000137 ], [ 18.803749085000106, 42.274860382000099 ], [ 18.80395698500007, 42.274860382000099 ], [ 18.804027558000143, 42.274581909000062 ], [ 18.804260253999985, 42.274539947000164 ], [ 18.804275512, 42.274467468000125 ], [ 18.804304123000179, 42.274307251000096 ], [ 18.804817200000059, 42.274307251000096 ], [ 18.804861069000083, 42.273750305000192 ], [ 18.805086135000067, 42.273681641000053 ], [ 18.80513954200012, 42.272640228000114 ], [ 18.804893493000066, 42.272640228000114 ], [ 18.804582596000046, 42.272640228000114 ], [ 18.804582596000046, 42.272521972000106 ], [ 18.804582596000046, 42.272361755000077 ], [ 18.804304123000179, 42.272361755000077 ], [ 18.804321288999972, 42.272521972000106 ], [ 18.804304123000179, 42.272640228000114 ], [ 18.804027558000143, 42.272640228000114 ], [ 18.804027558000143, 42.272430420000148 ], [ 18.803527832000157, 42.272361755000077 ], [ 18.803527832000157, 42.27288818400018 ], [ 18.803192139000032, 42.272914886000081 ], [ 18.803192139000032, 42.273193359000118 ], [ 18.802917481, 42.273193359000118 ], [ 18.802930832000129, 42.273532867000142 ], [ 18.802639007999971, 42.273471832000155 ], [ 18.802639007999971, 42.27359390200013 ], [ 18.802639007999971, 42.273750305000192 ], [ 18.801879882000037, 42.273750305000192 ], [ 18.8018054960001, 42.273750305000192 ], [ 18.801807404000101, 42.27431488100018 ], [ 18.801250458000027, 42.274307251000096 ], [ 18.801223754000148, 42.274528504000045 ], [ 18.801116944000171, 42.274581909000062 ], [ 18.800416946000155, 42.274581909000062 ], [ 18.800476074000073, 42.274902344000054 ], [ 18.800138473000118, 42.274860382000099 ], [ 18.800153731000137, 42.275154112999985 ], [ 18.799583435000045, 42.275138855000137 ], [ 18.799577711999973, 42.275382996000189 ], [ 18.799341201000061, 42.275417328 ], [ 18.797361373, 42.275417328 ], [ 18.797363281000173, 42.27571487400013 ], [ 18.79624939100006, 42.27569580100004 ], [ 18.796255111000164, 42.275882722000176 ], [ 18.796258926, 42.275978089000148 ], [ 18.795972823000056, 42.275970459000064 ], [ 18.795972823000056, 42.276248932000101 ], [ 18.795694352000055, 42.276248932000101 ], [ 18.795694352000055, 42.276527405000138 ], [ 18.795417787000133, 42.276527405000138 ], [ 18.795471192000036, 42.277099609000061 ], [ 18.794584275000091, 42.277084351000042 ], [ 18.794584275000091, 42.27726745700005 ], [ 18.794584275000091, 42.277362824000079 ], [ 18.794424058000061, 42.277362824000079 ], [ 18.794307710000055, 42.277362824000079 ], [ 18.794307710000055, 42.27750396800019 ], [ 18.794307710000055, 42.277637482000046 ], [ 18.794191360000184, 42.277637482000046 ], [ 18.793750764000151, 42.277637482000046 ], [ 18.793750764000151, 42.27819442800012 ], [ 18.792917252000109, 42.27819442800012 ], [ 18.792917252000109, 42.278472901000157 ], [ 18.792360306000035, 42.278472901000157 ], [ 18.792362214000036, 42.278759002000129 ], [ 18.791528702000164, 42.278751374000194 ], [ 18.791528702000164, 42.278930665000189 ], [ 18.791528702000164, 42.279026032000161 ], [ 18.791229248000093, 42.279026032000161 ], [ 18.789863587000127, 42.279026032000161 ], [ 18.789863587000127, 42.279304505000027 ], [ 18.789581298000144, 42.279304505000027 ], [ 18.789615630000128, 42.279644013000052 ], [ 18.789028168000016, 42.279582978000064 ], [ 18.789043426000035, 42.27992630100016 ], [ 18.788471221000066, 42.279861451000102 ], [ 18.788448333000076, 42.280082704000051 ], [ 18.787916183000107, 42.280139924000139 ], [ 18.787906647000057, 42.280467987 ], [ 18.787359237000032, 42.280418397000176 ], [ 18.787359237000032, 42.280693054999972 ], [ 18.787082671000064, 42.280693054999972 ], [ 18.787082671000064, 42.280971528 ], [ 18.786806106000029, 42.280971528 ], [ 18.786806106000029, 42.281250001000046 ], [ 18.786527633000162, 42.281250001000046 ], [ 18.786464692000038, 42.281528474000083 ], [ 18.785522461000141, 42.281528474000083 ], [ 18.785417556000084, 42.281528474000083 ], [ 18.785417556000084, 42.280971528 ], [ 18.785522461000141, 42.280971528 ], [ 18.786527633000162, 42.280971528 ], [ 18.786527633000162, 42.280883789000143 ], [ 18.786527633000162, 42.278751374000194 ], [ 18.786249160000125, 42.278751374000194 ], [ 18.786249160000125, 42.277854919000163 ], [ 18.786249160000125, 42.277362824000079 ], [ 18.786096573, 42.277362824000079 ], [ 18.785972594000157, 42.277362824000079 ], [ 18.785972594000157, 42.276424408000025 ], [ 18.785972594000157, 42.27569580100004 ], [ 18.785888673000045, 42.27569580100004 ], [ 18.78569412100012, 42.27569580100004 ], [ 18.78569412100012, 42.274719238000159 ], [ 18.785696029000121, 42.274581909000062 ], [ 18.785417556000084, 42.274581909000062 ], [ 18.785417556000084, 42.273471832000155 ], [ 18.78570556699998, 42.273498535000158 ], [ 18.78569412100012, 42.273193359000118 ], [ 18.785797119000108, 42.273193359000118 ], [ 18.785972594000157, 42.273193359000118 ], [ 18.785974502000158, 42.27289199900008 ], [ 18.786527633000162, 42.272914886000081 ], [ 18.786527633000162, 42.272640228000114 ], [ 18.786716462000072, 42.272640228000114 ], [ 18.786806106000029, 42.272640228000114 ], [ 18.786806106000029, 42.271991730000082 ], [ 18.786806106000029, 42.270973207000111 ], [ 18.786947249999969, 42.270973207000111 ], [ 18.787082671000064, 42.270973207000111 ], [ 18.787082671000064, 42.270072937000066 ], [ 18.787109375000171, 42.269897461000085 ], [ 18.786499024000022, 42.269897461000085 ], [ 18.786527633000162, 42.269584657000166 ], [ 18.785909654000079, 42.269584657000166 ], [ 18.78569412100012, 42.269584657000166 ], [ 18.78569412100012, 42.269470214000194 ], [ 18.78569412100012, 42.269306184000129 ], [ 18.783508301000097, 42.269287110000107 ], [ 18.783472062000044, 42.269027711000092 ], [ 18.78289795000012, 42.269027711000092 ], [ 18.78289795000012, 42.268749238000055 ], [ 18.782638550000172, 42.268749238000055 ], [ 18.782638550000172, 42.268310547000056 ], [ 18.782638550000172, 42.268196107 ], [ 18.782104493000134, 42.268196107 ], [ 18.782104493000134, 42.267883302000143 ], [ 18.781806946000131, 42.267917634000128 ], [ 18.781806946000131, 42.267456055000082 ], [ 18.781759262000094, 42.267391204000091 ], [ 18.781528473000094, 42.267360688000053 ], [ 18.781528473000094, 42.267250060000151 ], [ 18.781528473000094, 42.267082215000016 ], [ 18.780689239000083, 42.267116546000125 ], [ 18.780696869, 42.266803741999979 ], [ 18.780136108000079, 42.266803741999979 ], [ 18.78014755200013, 42.267139435000161 ], [ 18.779027939000116, 42.267082215000016 ], [ 18.779014588000166, 42.267292022000106 ], [ 18.778682708000076, 42.267360688000053 ], [ 18.777914047000138, 42.267360688000053 ], [ 18.777914047000138, 42.267517090000069 ], [ 18.777914047000138, 42.267639161000091 ], [ 18.777627946, 42.267639161000091 ], [ 18.777082443000097, 42.267639161000091 ], [ 18.777099609000061, 42.267883302000143 ], [ 18.776990891000139, 42.267917634000128 ], [ 18.776252746000068, 42.267917634000128 ], [ 18.776191711000081, 42.268196107 ], [ 18.775693893000152, 42.268196107 ], [ 18.7756958, 42.268493653000121 ], [ 18.775417327000184, 42.268470765000188 ], [ 18.775417327000184, 42.268558502000076 ], [ 18.775417327000184, 42.268749238000055 ], [ 18.77486038100011, 42.268775939000193 ], [ 18.77486038100011, 42.269027711000092 ], [ 18.774751663000131, 42.269027711000092 ], [ 18.774583816000018, 42.269027711000092 ], [ 18.774583816000018, 42.269184113000051 ], [ 18.774583816000018, 42.269306184000129 ], [ 18.774383544000159, 42.269306184000129 ], [ 18.774026870000114, 42.269306184000129 ], [ 18.773994446000131, 42.269584657000166 ], [ 18.773750303999975, 42.269584657000166 ], [ 18.773681641000053, 42.269897461000085 ], [ 18.773195266000073, 42.269859315000133 ], [ 18.773195266000073, 42.270042421000028 ], [ 18.773195266000073, 42.27013778800017 ], [ 18.772964477000073, 42.270187378000173 ], [ 18.772916795000015, 42.270416261000037 ], [ 18.772684097000138, 42.270462036000026 ], [ 18.772638321999978, 42.270694734000074 ], [ 18.772277831999986, 42.270690919 ], [ 18.772361756, 42.270973207000111 ], [ 18.772195816000135, 42.270973207000111 ], [ 18.772083282999972, 42.270973207000111 ], [ 18.772094726000148, 42.271301270000151 ], [ 18.771804810000106, 42.271251678000169 ], [ 18.771745682000017, 42.27205658000014 ], [ 18.77152824500007, 42.27208328200004 ], [ 18.77152824500007, 42.272357942000042 ], [ 18.77152824500007, 42.272640228000114 ], [ 18.771287919000088, 42.272670746000131 ], [ 18.771249772000033, 42.272914886000081 ], [ 18.770635605000109, 42.272914886000081 ], [ 18.770139695000125, 42.272914886000081 ], [ 18.770139695000125, 42.273071290000075 ], [ 18.770139695000125, 42.273193359000118 ], [ 18.769859314000087, 42.273193359000118 ], [ 18.769306183000083, 42.273193359000118 ], [ 18.769306183000083, 42.273498535000158 ], [ 18.769306183000083, 42.273750305000192 ], [ 18.769210816000111, 42.273750305000192 ], [ 18.769027710000046, 42.273750305000192 ], [ 18.769027710000046, 42.274028778000059 ], [ 18.768749237000179, 42.274028778000059 ], [ 18.768749237000179, 42.274307251000096 ], [ 18.768663406000087, 42.274307251000096 ], [ 18.768472672000144, 42.274307251000096 ], [ 18.768430710000189, 42.274581909000062 ], [ 18.768194199000106, 42.274581909000062 ], [ 18.768194199000106, 42.274753571000076 ], [ 18.768194199000106, 42.274860382000099 ], [ 18.767644883000116, 42.274909974000138 ], [ 18.767700195000089, 42.275417328 ], [ 18.766807556, 42.275417328 ], [ 18.766824722000024, 42.275733948000095 ], [ 18.766525268000123, 42.27569580100004 ], [ 18.766525268000123, 42.275878907000106 ], [ 18.766525268000123, 42.275970459000064 ], [ 18.766342162000058, 42.275970459000064 ], [ 18.765972137000063, 42.275970459000064 ], [ 18.765977860000135, 42.276252747000115 ], [ 18.765695572000027, 42.276248932000101 ], [ 18.765695572000027, 42.276527405000138 ], [ 18.765075683000134, 42.276489258000083 ], [ 18.765138626000123, 42.276805878000175 ], [ 18.764911652000023, 42.276828766000108 ], [ 18.764862060000155, 42.27692413300008 ], [ 18.764862060000155, 42.277084351000042 ], [ 18.764280320000182, 42.277099609000061 ], [ 18.764280320000182, 42.277637482000046 ], [ 18.764028549000045, 42.277637482000046 ], [ 18.764028549000045, 42.27819442800012 ], [ 18.763750076000179, 42.27819442800012 ], [ 18.763673782000069, 42.278472901000157 ], [ 18.763496399000076, 42.278537750999988 ], [ 18.763471603000141, 42.278751374000194 ], [ 18.762878417000081, 42.27868652300009 ], [ 18.762916564000136, 42.279026032000161 ], [ 18.762676240000133, 42.279048920000093 ], [ 18.762638091000099, 42.279117584000119 ], [ 18.762638091000099, 42.279304505000027 ], [ 18.760496140000043, 42.279304505000027 ], [ 18.760416032000023, 42.279304505000027 ], [ 18.760416032000023, 42.27992630100016 ], [ 18.760416032000023, 42.280693054999972 ], [ 18.760316849000048, 42.280700683000077 ], [ 18.760139466000055, 42.280693054999972 ], [ 18.760118485000135, 42.28229522700002 ], [ 18.75992584100004, 42.282360078000181 ], [ 18.759582520000151, 42.282360078000181 ], [ 18.759582520000151, 42.282485962000123 ], [ 18.759582520000151, 42.282638551000048 ], [ 18.758491516000106, 42.282638551000048 ], [ 18.757917405000114, 42.282638551000048 ], [ 18.757913589000168, 42.282718660000171 ], [ 18.757873535000044, 42.283508302000143 ], [ 18.757638932000077, 42.283473968000123 ], [ 18.757638932000077, 42.283748628000126 ], [ 18.757360458000107, 42.283748628000126 ], [ 18.757360458000107, 42.28430175900013 ], [ 18.757083893000072, 42.284305572000051 ], [ 18.757083893000072, 42.284027099000184 ], [ 18.75652885500017, 42.284027099000184 ], [ 18.756521224000153, 42.284305572000051 ], [ 18.755971908000163, 42.284305572000051 ], [ 18.755962372999988, 42.284584045000088 ], [ 18.755418778000035, 42.284584045000088 ], [ 18.755493163999972, 42.284912110000107 ], [ 18.754583358000048, 42.284862518000125 ], [ 18.754619598000033, 42.285175323000146 ], [ 18.754306793000183, 42.285137176000092 ], [ 18.754341125000167, 42.285453796000184 ], [ 18.754028320000145, 42.285415649000129 ], [ 18.75403022800009, 42.285697937 ], [ 18.753749847000108, 42.285694122000166 ], [ 18.753694534000033, 42.285942078000062 ], [ 18.753471374000071, 42.285972595000032 ], [ 18.753477097000086, 42.286315918000071 ], [ 18.753196716000048, 42.28625106800007 ], [ 18.753196716000048, 42.286529541000107 ], [ 18.752914428000167, 42.286529541000107 ], [ 18.752914428000167, 42.286804199000073 ], [ 18.751249312000027, 42.286804199000073 ], [ 18.751249312000027, 42.286926270000151 ], [ 18.751249312000027, 42.287025452000194 ], [ 18.751249312000027, 42.287361145000148 ], [ 18.751138687000036, 42.287361145000148 ], [ 18.750974654000061, 42.287361145000148 ], [ 18.750936508000109, 42.287590028000182 ], [ 18.75086402900007, 42.287639618000185 ], [ 18.750415803000067, 42.287639618000185 ], [ 18.750415803000067, 42.287902833000032 ], [ 18.749877930000082, 42.287902833000032 ], [ 18.749877930000082, 42.28851318400018 ], [ 18.749305726000159, 42.288471222000055 ], [ 18.749328612000113, 42.288696290000075 ], [ 18.749027253000122, 42.288749695000092 ], [ 18.749027253000122, 42.289028168000129 ], [ 18.748470307000048, 42.289028168000129 ], [ 18.748470307000048, 42.289306641 ], [ 18.749084473000096, 42.289306641 ], [ 18.75012016200003, 42.289306641 ], [ 18.75012016200003, 42.290416718000131 ], [ 18.749860764000061, 42.290416718000131 ], [ 18.749914170000068, 42.290996553000014 ], [ 18.748470307000048, 42.290973664000035 ], [ 18.748472214000117, 42.29132080100004 ], [ 18.74819374100008, 42.291248322000172 ], [ 18.74819374100008, 42.291446686000086 ], [ 18.74819374100008, 42.291526795000038 ], [ 18.748014450000085, 42.291526795000038 ], [ 18.747638703000177, 42.291526795000038 ], [ 18.747638703000177, 42.291694641000049 ], [ 18.747638703000177, 42.291805268000076 ], [ 18.747140885000022, 42.291805268000076 ], [ 18.745695114000057, 42.291805268000076 ], [ 18.745727539000143, 42.292114258000083 ], [ 18.74541664100019, 42.292083741000113 ], [ 18.74541664100019, 42.29236221400015 ], [ 18.745138168000153, 42.29236221400015 ], [ 18.74511528, 42.292724609 ], [ 18.744861603000061, 42.292640687000187 ], [ 18.744871141000147, 42.292907715000069 ], [ 18.744583130000024, 42.292915345000154 ], [ 18.744583130000024, 42.293193818000191 ], [ 18.744304656999986, 42.293193818000191 ], [ 18.744323730000076, 42.293518066000047 ], [ 18.744028091000018, 42.293472291000057 ], [ 18.744037629000104, 42.2937622070001 ], [ 18.743749617999981, 42.293750764000094 ], [ 18.743761064000068, 42.294040680000137 ], [ 18.743473053000116, 42.294029235000153 ], [ 18.743530273000033, 42.294311523000033 ], [ 18.742675781000059, 42.294311523000033 ], [ 18.742639541000074, 42.294384004000108 ], [ 18.742639541000074, 42.294582368000192 ], [ 18.742540359000031, 42.294582368000192 ], [ 18.742361068000037, 42.294582368000192 ], [ 18.742361068000037, 42.294757844000117 ], [ 18.742361068000037, 42.294860839000194 ], [ 18.74208641000007, 42.294925689000081 ], [ 18.742126465000069, 42.2957153320001 ], [ 18.741807937000033, 42.295696258000135 ], [ 18.741807937000033, 42.295970916000101 ], [ 18.741527557000097, 42.295970916000101 ], [ 18.741514206000147, 42.296325685000056 ], [ 18.74124908400006, 42.296249388999968 ], [ 18.74124908400006, 42.296398163000049 ], [ 18.74124908400006, 42.296527862 ], [ 18.740695953, 42.29654312200006 ], [ 18.740695953, 42.296806335000042 ], [ 18.74041748000019, 42.296875001000046 ], [ 18.74041748000019, 42.297084808000079 ], [ 18.740110398000184, 42.29711914000012 ], [ 18.740139007000153, 42.297359466000103 ], [ 18.739992142000119, 42.297359466000103 ], [ 18.739860534000115, 42.297359466000103 ], [ 18.739841460000093, 42.29763793900014 ], [ 18.739585876000092, 42.29763793900014 ], [ 18.739585876000092, 42.297916412000177 ], [ 18.739303590000191, 42.297931670000025 ], [ 18.739303590000191, 42.298194885000044 ], [ 18.73908233700007, 42.298236847000112 ], [ 18.739025117000153, 42.298316956000065 ], [ 18.739025117000153, 42.298473358000081 ], [ 18.738826752000023, 42.298473358000081 ], [ 18.738473891000012, 42.298473358000081 ], [ 18.738449097000114, 42.298751831000118 ], [ 18.737916947000144, 42.298751831000118 ], [ 18.737916947000144, 42.299072266000053 ], [ 18.737916947000144, 42.299304962000122 ], [ 18.737831116000052, 42.299304962000122 ], [ 18.737638474000107, 42.299304962000122 ], [ 18.737638474000107, 42.299861908000025 ], [ 18.737638474000107, 42.300140381000062 ], [ 18.737539292000065, 42.300140381000062 ], [ 18.737363816000084, 42.300140381000062 ], [ 18.737373352000191, 42.300426482000034 ], [ 18.737085343000047, 42.300415039000029 ], [ 18.737121583000032, 42.300720216000173 ], [ 18.736803055000166, 42.300693512000066 ], [ 18.736803055000166, 42.301315309000074 ], [ 18.736803055000166, 42.301528931000178 ], [ 18.736690522000174, 42.301528931000178 ], [ 18.736528396999972, 42.301528931000178 ], [ 18.73650932400011, 42.302124024000136 ], [ 18.736249924000106, 42.302082062000011 ], [ 18.736249924000106, 42.302639008000085 ], [ 18.735971451000069, 42.302639008000085 ], [ 18.73595619300005, 42.303249359000063 ], [ 18.735763549000126, 42.303195953999989 ], [ 18.735416413000166, 42.303195953999989 ], [ 18.735416413000166, 42.303100585000038 ], [ 18.735416413000166, 42.302917481000122 ], [ 18.734130860000107, 42.302917481000122 ], [ 18.734027863000051, 42.302917481000122 ], [ 18.734027863000051, 42.302639008000085 ], [ 18.733749390000185, 42.302639008000085 ], [ 18.733749390000185, 42.302917481000122 ], [ 18.73327636700003, 42.302917481000122 ], [ 18.733194351000179, 42.302917481000122 ], [ 18.733194351000179, 42.302639008000085 ], [ 18.732639313000107, 42.302639008000085 ], [ 18.732639313000107, 42.302917481000122 ], [ 18.732360840000069, 42.302917481000122 ], [ 18.732360840000069, 42.302639008000085 ], [ 18.732084274000101, 42.302639008000085 ], [ 18.732116698000084, 42.302917481000122 ], [ 18.730693817000031, 42.302917481000122 ], [ 18.730705262000185, 42.303100585000038 ], [ 18.73071289000012, 42.303195953999989 ], [ 18.730417251000063, 42.303195953999989 ], [ 18.730417251000063, 42.304584504000161 ], [ 18.7306957240001, 42.304584504000161 ], [ 18.730693817000031, 42.304687500000114 ], [ 18.730693817000031, 42.304862977000028 ], [ 18.730852127, 42.304862977000028 ], [ 18.730972290000068, 42.304862977000028 ], [ 18.730972290000068, 42.304992676000154 ], [ 18.730972290000068, 42.305137635000165 ], [ 18.731094360000043, 42.305137635000165 ], [ 18.731250763000105, 42.305137635000165 ], [ 18.731250763000105, 42.305370331000063 ], [ 18.731250763000105, 42.305694581000068 ], [ 18.731485366000072, 42.305721283000139 ], [ 18.731527328000027, 42.305786133000026 ], [ 18.731527328000027, 42.306251525000164 ], [ 18.731689453000172, 42.306274413999972 ], [ 18.731805801000064, 42.306251525000164 ], [ 18.731845855000131, 42.306793213 ], [ 18.731527328000027, 42.306804656000168 ], [ 18.731504440000037, 42.307128906000173 ], [ 18.730138778000025, 42.307083129000034 ], [ 18.730155944000046, 42.307388306000121 ], [ 18.729583740000123, 42.307361602000071 ], [ 18.729602813000042, 42.307701110999972 ], [ 18.728750228000081, 42.307640075000108 ], [ 18.728750228000081, 42.307922362999989 ], [ 18.727111816000047, 42.307922362999989 ], [ 18.727083207000078, 42.307640075000108 ], [ 18.725414276000095, 42.307640075000108 ], [ 18.725414276000095, 42.307918548000146 ], [ 18.725139619000061, 42.307918548000146 ], [ 18.725139619000061, 42.308193206000112 ], [ 18.724304199000187, 42.308193206000112 ], [ 18.724304199000187, 42.30828857500012 ], [ 18.724302292000118, 42.308750152000187 ], [ 18.724027634000151, 42.308750152000187 ], [ 18.724027634000151, 42.309581756000057 ], [ 18.723749161000114, 42.309581756000057 ], [ 18.723672867000175, 42.310138702000131 ], [ 18.723474503000091, 42.310138702000131 ], [ 18.723474503000091, 42.310298920000093 ], [ 18.723474503000091, 42.310417175 ], [ 18.723327636000135, 42.310417175 ], [ 18.72319221500004, 42.310417175 ], [ 18.72319221500004, 42.310531616000162 ], [ 18.72319221500004, 42.310695648000035 ], [ 18.722728728000106, 42.310695648000035 ], [ 18.722082138000076, 42.310695648000035 ], [ 18.72210693400001, 42.310913086000085 ], [ 18.72197532600012, 42.310974121000072 ], [ 18.721250534000035, 42.310974121000072 ], [ 18.721313477000024, 42.311279298000045 ], [ 18.720970153, 42.311248779000096 ], [ 18.720970153, 42.311416627000085 ], [ 18.720970153, 42.311527252000133 ], [ 18.720699310999976, 42.311527252000133 ], [ 18.720417022000163, 42.311527252000133 ], [ 18.720373153000025, 42.31180572500017 ], [ 18.720138549000126, 42.31180572500017 ], [ 18.720138549000126, 42.311939239000026 ], [ 18.720138549000126, 42.312084198000036 ], [ 18.71972084000015, 42.312084198000036 ], [ 18.719583511000053, 42.312084198000036 ], [ 18.719560622000188, 42.312362671000074 ], [ 18.719305038000186, 42.312362671000074 ], [ 18.719297410000081, 42.312927246000129 ], [ 18.719028472000048, 42.312915802000077 ], [ 18.719028472000048, 42.313194275000114 ], [ 18.718471526000144, 42.313194275000114 ], [ 18.718505860000164, 42.313476563 ], [ 18.718194961000108, 42.313472748000152 ], [ 18.718194961000108, 42.313751221000189 ], [ 18.716249467000068, 42.313751221000189 ], [ 18.716249467000068, 42.314025879000155 ], [ 18.715694428000063, 42.314029694000055 ], [ 18.715682983000079, 42.314304352000192 ], [ 18.715417862999971, 42.314304352000192 ], [ 18.715417862999971, 42.314582825000059 ], [ 18.714860917000067, 42.314582825000059 ], [ 18.714860917000067, 42.314880372000061 ], [ 18.714860917000067, 42.314964296000085 ], [ 18.714860917000067, 42.315139771000133 ], [ 18.714767455000185, 42.315139771000133 ], [ 18.71458244400003, 42.315139771000133 ], [ 18.71458244400003, 42.315486908000025 ], [ 18.71458244400003, 42.315692902000194 ], [ 18.714471816000128, 42.315692902000194 ], [ 18.714307786000063, 42.315692902000194 ], [ 18.714294433000134, 42.316284180000082 ], [ 18.714027405000024, 42.316249848000041 ], [ 18.714048386000115, 42.317077637000068 ], [ 18.713750840000159, 42.317085265000173 ], [ 18.713684082000157, 42.317359925000176 ], [ 18.713523864000024, 42.317359925000176 ], [ 18.712917328000117, 42.317359925000176 ], [ 18.712913513000103, 42.317504883000083 ], [ 18.712892532000012, 42.318195342000081 ], [ 18.712085724000076, 42.318195342000081 ], [ 18.712095260000126, 42.318481446000135 ], [ 18.711803435999968, 42.318473815000118 ], [ 18.711803435999968, 42.318572998000093 ], [ 18.711803435999968, 42.318748473000142 ], [ 18.711250305000135, 42.318813324000075 ], [ 18.711250305000135, 42.319026946000179 ], [ 18.711120605000076, 42.319026946000179 ], [ 18.710973740000099, 42.319026946000179 ], [ 18.710905074000095, 42.319305419000045 ], [ 18.710693359000061, 42.319305419000045 ], [ 18.710693359000061, 42.319519044 ], [ 18.710584641000139, 42.319583892000082 ], [ 18.710138321000159, 42.319583892000082 ], [ 18.710084916000085, 42.319885254000098 ], [ 18.709863663000135, 42.319862366000166 ], [ 18.709899902000018, 42.320495605000076 ], [ 18.709581375000084, 42.320415496000123 ], [ 18.709581375000084, 42.32097244300013 ], [ 18.707916259000115, 42.32097244300013 ], [ 18.707916259000115, 42.321289062000119 ], [ 18.707916259000115, 42.321529388999977 ], [ 18.707813262000059, 42.321529388999977 ], [ 18.707639694000079, 42.321529388999977 ], [ 18.707639694000079, 42.321804046000068 ], [ 18.707361221000042, 42.321804046000068 ], [ 18.707349777000161, 42.322052003000067 ], [ 18.707275391000053, 42.322082519000105 ], [ 18.707082748000175, 42.322082519000105 ], [ 18.707143783000163, 42.322387696000078 ], [ 18.70652770900017, 42.322360993000075 ], [ 18.70652770900017, 42.322509767000099 ], [ 18.706483842000182, 42.323486328000172 ], [ 18.706806182000037, 42.323471070000153 ], [ 18.706838608000055, 42.32369613700007 ], [ 18.706928253000115, 42.32374954300019 ], [ 18.707082748000175, 42.32374954300019 ], [ 18.707082748000175, 42.323905944999979 ], [ 18.707082748000175, 42.324028016000057 ], [ 18.707309723000037, 42.324069977000079 ], [ 18.707361221000042, 42.324134828000183 ], [ 18.707361221000042, 42.324306489000094 ], [ 18.707702637000068, 42.324279785000044 ], [ 18.707639694000079, 42.324584962000131 ], [ 18.707864762000042, 42.324611663000098 ], [ 18.707916259000115, 42.324714660000041 ], [ 18.707916259000115, 42.324859620000097 ], [ 18.708494186000109, 42.324890136000135 ], [ 18.70847129800012, 42.325416566 ], [ 18.708717347000174, 42.325428009000177 ], [ 18.708749770999987, 42.325500489000149 ], [ 18.708749770999987, 42.325695039000038 ], [ 18.709028244000024, 42.325695039000038 ], [ 18.709028244000024, 42.325973512000076 ], [ 18.709247588999972, 42.3260002130001 ], [ 18.709304809000116, 42.326126099000192 ], [ 18.709304809000116, 42.326248170000099 ], [ 18.709432602000106, 42.326248170000099 ], [ 18.709581375000084, 42.326248170000099 ], [ 18.709581375000084, 42.326396942000144 ], [ 18.709581375000084, 42.326526643000136 ], [ 18.70971679600018, 42.326526643000136 ], [ 18.709802627999977, 42.326526643000136 ], [ 18.710138321000159, 42.326526643000136 ], [ 18.710138321000159, 42.32672119200015 ], [ 18.710138321000159, 42.326805116000173 ], [ 18.710973740000099, 42.326805116000173 ], [ 18.710973740000099, 42.32708358900004 ], [ 18.711120605000076, 42.32708358900004 ], [ 18.712360382000043, 42.32708358900004 ], [ 18.712375641000165, 42.327293396000073 ], [ 18.71266937200005, 42.327362062000077 ], [ 18.713195801000154, 42.327362062000077 ], [ 18.713195801000154, 42.327484130000187 ], [ 18.713195801000154, 42.328193666000118 ], [ 18.713407516000188, 42.328201294000053 ], [ 18.713445663000073, 42.328487397000174 ], [ 18.71342277500014, 42.328750609999986 ], [ 18.713195801000154, 42.328750609999986 ], [ 18.713195801000154, 42.329029083000023 ], [ 18.712917328000117, 42.329029083000023 ], [ 18.712884902000098, 42.329303743000025 ], [ 18.71263885500008, 42.329303743000025 ], [ 18.712707519000105, 42.329895020000038 ], [ 18.712360382000043, 42.329860687000121 ], [ 18.71234130900018, 42.330104828000174 ], [ 18.712085724000076, 42.330139160000158 ], [ 18.712085724000076, 42.330307007000101 ], [ 18.712085724000076, 42.330417633000025 ], [ 18.711988450000035, 42.330417633000025 ], [ 18.711803435999968, 42.330417633000025 ], [ 18.711803435999968, 42.33055114900003 ], [ 18.711803435999968, 42.330696106000062 ], [ 18.711488724000048, 42.330688478000127 ], [ 18.711526871000103, 42.330970764000028 ], [ 18.711305617999983, 42.331001282000045 ], [ 18.711244583, 42.331111907999968 ], [ 18.711236954000185, 42.331249237000065 ], [ 18.710973740000099, 42.331249237000065 ], [ 18.710973740000099, 42.331481935000113 ], [ 18.710693359000061, 42.331481935000113 ], [ 18.710693359000061, 42.33180618300014 ], [ 18.710552215000121, 42.33180618300014 ], [ 18.710416794000025, 42.33180618300014 ], [ 18.710416794000025, 42.331962585000099 ], [ 18.710416794000025, 42.332084656000177 ], [ 18.710201264000091, 42.332084656000177 ], [ 18.709863663000135, 42.332084656000177 ], [ 18.709863663000135, 42.332275392000156 ], [ 18.709863663000135, 42.332359313999973 ], [ 18.709581375000084, 42.332359313999973 ], [ 18.709581375000084, 42.33263778700001 ], [ 18.709304809000116, 42.33263778700001 ], [ 18.709276200000147, 42.332916260000047 ], [ 18.709028244000024, 42.332916260000047 ], [ 18.709028244000024, 42.333194733000084 ], [ 18.708749770999987, 42.333194733000084 ], [ 18.708747863000042, 42.333465576000037 ], [ 18.70867920000012, 42.333496094000054 ], [ 18.70847129800012, 42.333473206000122 ], [ 18.708459854000068, 42.333675385000106 ], [ 18.708454132000156, 42.333751679000159 ], [ 18.708194731999981, 42.333751679000159 ], [ 18.708133697, 42.334304810000049 ], [ 18.707916259000115, 42.334304810000049 ], [ 18.707916259000115, 42.334583283000086 ], [ 18.708175659000119, 42.3345870980001 ], [ 18.708194731999981, 42.334716797000112 ], [ 18.708194731999981, 42.33514022900016 ], [ 18.708494186000109, 42.335083008000083 ], [ 18.70847129800012, 42.335414887000127 ], [ 18.708707809000089, 42.33544159000013 ], [ 18.708749770999987, 42.335510254000098 ], [ 18.708749770999987, 42.335693360000164 ], [ 18.709106445000032, 42.335693360000164 ], [ 18.709028244000024, 42.336807252000142 ], [ 18.708749770999987, 42.336807252000142 ], [ 18.708744048000142, 42.337070464000078 ], [ 18.707639694000079, 42.337081910000109 ], [ 18.707620620000114, 42.337326051000161 ], [ 18.707361221000042, 42.337360383000146 ], [ 18.707361221000042, 42.337474823000036 ], [ 18.707361221000042, 42.337638856000183 ], [ 18.707639694000079, 42.337638856000183 ], [ 18.707702637000068, 42.337890625000171 ], [ 18.707916259000115, 42.337917329000049 ], [ 18.707916259000115, 42.338195802000087 ], [ 18.70847129800012, 42.338195802000087 ], [ 18.708494186000109, 42.338500976000091 ], [ 18.708749770999987, 42.338470460000053 ], [ 18.708749770999987, 42.338642120000088 ], [ 18.708749770999987, 42.33874893300009 ], [ 18.708942412000056, 42.33874893300009 ], [ 18.709028244000024, 42.33874893300009 ], [ 18.709030151000093, 42.339038849000133 ], [ 18.709032059000094, 42.33931732200017 ], [ 18.70847129800012, 42.339305879 ], [ 18.70847129800012, 42.339496613000165 ], [ 18.70847129800012, 42.339584352000031 ], [ 18.708341599000164, 42.339584352000031 ], [ 18.707916259000115, 42.339584352000031 ], [ 18.707887649999975, 42.339904784999987 ], [ 18.706806182000037, 42.33986282300009 ], [ 18.706806182000037, 42.340087891000053 ], [ 18.706249236000133, 42.340202331000114 ], [ 18.706249236000133, 42.340415956000129 ], [ 18.706157684, 42.340415956000129 ], [ 18.705972671000097, 42.340415956000129 ], [ 18.705972671000097, 42.340568543000018 ], [ 18.705972671000097, 42.34069442700013 ], [ 18.70563697700004, 42.34069442700013 ], [ 18.705139159000055, 42.34069442700013 ], [ 18.705139159000055, 42.340881348000096 ], [ 18.705139159000055, 42.340972900000168 ], [ 18.704999925000095, 42.340972900000168 ], [ 18.704584121000153, 42.340972900000168 ], [ 18.704584121000153, 42.341251373000034 ], [ 18.704305650000094, 42.341251373000034 ], [ 18.704235077000192, 42.341526031000058 ], [ 18.703750611000089, 42.341526031000058 ], [ 18.703779220000058, 42.341846466000163 ], [ 18.703472138000052, 42.341804504000095 ], [ 18.703445435000049, 42.342021942000144 ], [ 18.703310013000021, 42.342082977000132 ], [ 18.70291710000015, 42.342082977000132 ], [ 18.702867508000111, 42.34228134100016 ], [ 18.702846527000077, 42.342361450000169 ], [ 18.702638627000113, 42.342361450000169 ], [ 18.702638627000113, 42.342639922999979 ], [ 18.70180511500007, 42.342639922999979 ], [ 18.701808930000084, 42.342922211000086 ], [ 18.701250077000111, 42.342918396000016 ], [ 18.701257705000046, 42.343078613000046 ], [ 18.701259612000115, 42.343196869000053 ], [ 18.700971604000074, 42.343193054000039 ], [ 18.700971604000074, 42.343750000000114 ], [ 18.700696946000107, 42.343750000000114 ], [ 18.700696946000107, 42.343872070000089 ], [ 18.700696946000107, 42.344028473000151 ], [ 18.700334549000047, 42.344028473000151 ], [ 18.70013618500019, 42.344028473000151 ], [ 18.70013618500019, 42.344116212000188 ], [ 18.70013618500019, 42.344581604000155 ], [ 18.699966431000178, 42.344581604000155 ], [ 18.699861527000166, 42.344581604000155 ], [ 18.69988823000017, 42.34490966900006 ], [ 18.699583054000129, 42.344860077000192 ], [ 18.699562073000095, 42.34597396900017 ], [ 18.699306488000161, 42.34597396900017 ], [ 18.699306488000161, 42.346130371000129 ], [ 18.699306488000161, 42.346248627000136 ], [ 18.698486327000069, 42.346313477000194 ], [ 18.69847488400012, 42.345695496000133 ], [ 18.698303223000039, 42.345699311000033 ], [ 18.698192596000013, 42.345703126000046 ], [ 18.698192596000013, 42.345417023000095 ], [ 18.697639465000179, 42.345417023000095 ], [ 18.697692870000083, 42.345703126000046 ], [ 18.696804046000068, 42.345695496000133 ], [ 18.696788788000049, 42.345924377000131 ], [ 18.696649551000178, 42.34597396900017 ], [ 18.696252823, 42.34597396900017 ], [ 18.696231842000145, 42.346122741000045 ], [ 18.696210861000111, 42.346248627000136 ], [ 18.695974349999972, 42.346248627000136 ], [ 18.69600868100008, 42.346549988000163 ], [ 18.695692062000091, 42.3465271 ], [ 18.69568061800004, 42.34710693400001 ], [ 18.695417404000068, 42.347084046000077 ], [ 18.695360183000048, 42.347637177000138 ], [ 18.695138931000031, 42.347637177000138 ], [ 18.695138931000031, 42.348144531000173 ], [ 18.695138931000031, 42.348751069000116 ], [ 18.694885254000098, 42.348762512000064 ], [ 18.69484329200003, 42.348869324000191 ], [ 18.694820403000165, 42.349029542000153 ], [ 18.694583892000026, 42.349029542000153 ], [ 18.694604873000117, 42.349349975000109 ], [ 18.694305418999988, 42.34930420000012 ], [ 18.694305418999988, 42.349487306000185 ], [ 18.694305418999988, 42.349582673000157 ], [ 18.694017410000072, 42.349582673000157 ], [ 18.693195342000081, 42.349582673000157 ], [ 18.693201065000096, 42.349884032000148 ], [ 18.693115235000107, 42.349914551000097 ], [ 18.692916871000023, 42.349861146000194 ], [ 18.692951203000064, 42.350162505000185 ], [ 18.692638397999986, 42.350139619000061 ], [ 18.692686081000147, 42.350708008000083 ], [ 18.69236183300012, 42.350692750000064 ], [ 18.69236183300012, 42.350971223000101 ], [ 18.69180488600017, 42.350971223000101 ], [ 18.69180488600017, 42.351249696000139 ], [ 18.691528321000078, 42.351249696000139 ], [ 18.691465378000146, 42.351528167000026 ], [ 18.690971375, 42.351528167000026 ], [ 18.690927506000037, 42.351806640000063 ], [ 18.690416336, 42.351806640000063 ], [ 18.690490723000039, 42.35211181700015 ], [ 18.690139771000133, 42.352085113000101 ], [ 18.690124513000114, 42.352294923000045 ], [ 18.690059662000181, 42.352359773000046 ], [ 18.689582825000059, 42.352359773000046 ], [ 18.689582825000059, 42.352638244000104 ], [ 18.689027786000054, 42.352638244000104 ], [ 18.689027786000054, 42.352916717000141 ], [ 18.688898086000165, 42.352916717000141 ], [ 18.688749313000187, 42.352916717000141 ], [ 18.688758849000067, 42.353199005000079 ], [ 18.688472748000152, 42.353195190000179 ], [ 18.688415528, 42.353706361000093 ], [ 18.688194275000114, 42.353748321000012 ], [ 18.68816947900018, 42.354026794000049 ], [ 18.687917709000146, 42.354026794000049 ], [ 18.687927245000026, 42.354309082000157 ], [ 18.687639236000109, 42.354305267000086 ], [ 18.687639236000109, 42.354583740000123 ], [ 18.687360763000072, 42.354583740000123 ], [ 18.687393188000158, 42.355159759000117 ], [ 18.68708419799998, 42.355140686000027 ], [ 18.68708419799998, 42.355972290000125 ], [ 18.687356948000172, 42.355972290000125 ], [ 18.687360763000072, 42.356079102000081 ], [ 18.687360763000072, 42.356174469000052 ], [ 18.687360763000072, 42.356803894000166 ], [ 18.687681198000178, 42.356872559000067 ], [ 18.687639236000109, 42.357360840000069 ], [ 18.687875748000124, 42.357376098000088 ], [ 18.687917709000146, 42.357482911000147 ], [ 18.687927245000026, 42.35852050699998 ], [ 18.690416336, 42.35852050699998 ], [ 18.690416336, 42.358196259000181 ], [ 18.692296982000187, 42.358196259000181 ], [ 18.692916871000023, 42.358196259000181 ], [ 18.692916871000023, 42.358093262000068 ], [ 18.692916871000023, 42.357917786000144 ], [ 18.69409179600018, 42.357910156000059 ], [ 18.694026948000158, 42.357639313000107 ], [ 18.694860458, 42.357639313000107 ], [ 18.694860458, 42.357360840000069 ], [ 18.695932388000074, 42.357360840000069 ], [ 18.695974349999972, 42.357082367000032 ], [ 18.698486327000069, 42.357116699000187 ], [ 18.69847488400012, 42.356803894000166 ], [ 18.699028015000124, 42.356803894000166 ], [ 18.699028015000124, 42.356529235999972 ], [ 18.699211121000189, 42.356529235999972 ], [ 18.699306488000161, 42.356529235999972 ], [ 18.699306488000161, 42.35632324200003 ], [ 18.699306488000161, 42.355972290000125 ], [ 18.699834823000117, 42.35593414300007 ], [ 18.699861527000166, 42.355693817000088 ], [ 18.700683593000178, 42.35571289000012 ], [ 18.700696946000107, 42.35541534400005 ], [ 18.700971604000074, 42.35541534400005 ], [ 18.700971604000074, 42.355140686000027 ], [ 18.701559066000016, 42.355159759000117 ], [ 18.701528549999978, 42.35486221300016 ], [ 18.701721191000047, 42.354919433000134 ], [ 18.702083588000107, 42.35486221300016 ], [ 18.702051162000089, 42.354553223000039 ], [ 18.702360154000075, 42.354583740000123 ], [ 18.702362061000144, 42.354309082000157 ], [ 18.704893112000036, 42.354309082000157 ], [ 18.704893112000036, 42.354583740000123 ], [ 18.704584121000153, 42.354583740000123 ], [ 18.704584121000153, 42.35486221300016 ], [ 18.704893112000036, 42.35486221300016 ], [ 18.704893112000036, 42.355102538999972 ], [ 18.704584121000153, 42.355140686000027 ], [ 18.704599381000151, 42.355747222000105 ], [ 18.704027177000057, 42.355693817000088 ], [ 18.703994750000106, 42.355972290000125 ], [ 18.703472138000052, 42.355972290000125 ], [ 18.703472138000052, 42.356334687000128 ], [ 18.703472138000052, 42.356529235999972 ], [ 18.703168869000081, 42.356529235999972 ], [ 18.70291710000015, 42.356529235999972 ], [ 18.70291710000015, 42.356689454000104 ], [ 18.70291710000015, 42.356803894000166 ], [ 18.702678681, 42.356853485999977 ], [ 18.702638627000113, 42.357082367000032 ], [ 18.702394485000127, 42.357082367000032 ], [ 18.702083588000107, 42.357082367000032 ], [ 18.702051162000089, 42.357360840000069 ], [ 18.70180511500007, 42.357360840000069 ], [ 18.70180511500007, 42.357772827000133 ], [ 18.70180511500007, 42.357917786000144 ], [ 18.701717375999976, 42.357917786000144 ], [ 18.701528549999978, 42.357917786000144 ], [ 18.701528549999978, 42.358268738000049 ], [ 18.701528549999978, 42.358470917000147 ], [ 18.701421737000146, 42.358470917000147 ], [ 18.700971604000074, 42.358470917000147 ], [ 18.700971604000074, 42.358749390000185 ], [ 18.700696946000107, 42.358749390000185 ], [ 18.700696946000107, 42.359027863000051 ], [ 18.70013618500019, 42.359027863000051 ], [ 18.700130462000118, 42.359134673000028 ], [ 18.70007324200003, 42.359859467000092 ], [ 18.699861527000166, 42.359859467000092 ], [ 18.699861882000107, 42.360107435000032 ], [ 18.70007324200003, 42.360115052000026 ], [ 18.700109665000127, 42.360116486000152 ], [ 18.70044257100011, 42.360129597000082 ], [ 18.704528808000077, 42.360290527000075 ], [ 18.706927096000072, 42.358292756000083 ], [ 18.707419380000147, 42.35788268400006 ], [ 18.709291458000166, 42.35632324200003 ], [ 18.718322724000075, 42.356506348000039 ], [ 18.712524415000019, 42.363525391000053 ], [ 18.711844649999989, 42.36535780100013 ], [ 18.711819115000139, 42.365426633000141 ], [ 18.71112082999997, 42.367309711000132 ], [ 18.711351991000186, 42.367451963 ], [ 18.711600664000059, 42.367604992000167 ], [ 18.712707519000105, 42.368286132000037 ], [ 18.713769495, 42.369215361000101 ], [ 18.714387, 42.369756000000166 ], [ 18.716125000000147, 42.371277 ], [ 18.718940115000123, 42.374008698000125 ], [ 18.719720466000069, 42.374766099000169 ], [ 18.720275878000052, 42.375305176000097 ], [ 18.723990682000078, 42.37941799400005 ], [ 18.725772276000043, 42.38139047400017 ], [ 18.727111816000047, 42.382873536000147 ], [ 18.727830463000089, 42.383374411000091 ], [ 18.728083697999978, 42.383550908000075 ], [ 18.729125976000091, 42.384277344000111 ], [ 18.73266275900005, 42.386340467000025 ], [ 18.73571298000013, 42.388120070000127 ], [ 18.736150840000107, 42.388480310000091 ], [ 18.737121583000032, 42.389282226000148 ], [ 18.738586695000095, 42.391308406000121 ], [ 18.73871, 42.391479 ], [ 18.738968321000073, 42.391889042 ], [ 18.739492333000101, 42.39272113100003 ], [ 18.740478515000177, 42.39428711 ], [ 18.741270065000094, 42.396301270000038 ], [ 18.741276823000135, 42.396327542999984 ], [ 18.7418819990001, 42.398682001000111 ], [ 18.741883355000027, 42.398703885000145 ], [ 18.742366400000151, 42.406501350000042 ], [ 18.742561858000158, 42.409658732000025 ], [ 18.742675781000059, 42.411499024000193 ], [ 18.743209640000089, 42.413581069000088 ], [ 18.74327995900012, 42.413855312000123 ], [ 18.743286082, 42.413879191000035 ], [ 18.743541718000017, 42.414478302000134 ], [ 18.746077830000104, 42.420410177000065 ], [ 18.74670399900009, 42.421875001000103 ], [ 18.746854554000038, 42.422523104 ], [ 18.747497559000067, 42.425292968000065 ], [ 18.747680665000075, 42.430725098000096 ], [ 18.747312545, 42.433471679000036 ], [ 18.747145841000076, 42.43450031600014 ], [ 18.747023423000087, 42.43525568900003 ], [ 18.746886999000139, 42.436095999000088 ], [ 18.746355617000063, 42.437322937000033 ], [ 18.746093750000171, 42.437927246000186 ], [ 18.73683584500003, 42.45975157200013 ], [ 18.734481298000162, 42.465302113000064 ], [ 18.734191895000095, 42.465984345000038 ], [ 18.734586716000024, 42.465984345000038 ], [ 18.734582901000124, 42.465694427000017 ], [ 18.735158921, 42.46572494500009 ], [ 18.735137940000129, 42.465415956000186 ], [ 18.735416413000166, 42.465415956000186 ], [ 18.735416413000166, 42.464584352000088 ], [ 18.735694886000033, 42.464584352000088 ], [ 18.735694886000033, 42.464305879000051 ], [ 18.735971451000069, 42.464305879000051 ], [ 18.735971451000069, 42.464027406000014 ], [ 18.736400604000153, 42.464027406000014 ], [ 18.736528396999972, 42.464027406000014 ], [ 18.736528396999972, 42.463928224000028 ], [ 18.736528396999972, 42.463748932999977 ], [ 18.736673354000175, 42.463748932999977 ], [ 18.736803055000166, 42.463748932999977 ], [ 18.736803055000166, 42.463588715000071 ], [ 18.736803055000166, 42.463195802000143 ], [ 18.737363816000084, 42.463195802000143 ], [ 18.737363816000084, 42.462638856000069 ], [ 18.737638474000107, 42.462638856000069 ], [ 18.737638474000107, 42.462360383000032 ], [ 18.737916947000144, 42.462360383000032 ], [ 18.737916947000144, 42.462081910000165 ], [ 18.738525391, 42.462097168000184 ], [ 18.738473891000012, 42.461528779000162 ], [ 18.738695144000133, 42.461528779000162 ], [ 18.738750459000187, 42.460971833000087 ], [ 18.739019394000138, 42.460971833000087 ], [ 18.739021302000083, 42.460876466000116 ], [ 18.739025117000153, 42.46069336000005 ], [ 18.740110398000184, 42.46069336000005 ], [ 18.740139007000153, 42.460414887000184 ], [ 18.74041748000019, 42.460414887000184 ], [ 18.74041748000019, 42.460140229000046 ], [ 18.740695953, 42.460140229000046 ], [ 18.740695953, 42.45986175600018 ], [ 18.741270065000094, 42.459899902000132 ], [ 18.741270065000094, 42.459289551000154 ], [ 18.741807937000033, 42.459304810000106 ], [ 18.741807937000033, 42.459129334000124 ], [ 18.741807937000033, 42.459026337000068 ], [ 18.741937638000024, 42.459026337000068 ], [ 18.74208259500017, 42.459026337000068 ], [ 18.74208259500017, 42.458820344000173 ], [ 18.74208259500017, 42.458473206 ], [ 18.742311478000033, 42.458496094000168 ], [ 18.742361068000037, 42.458194732999971 ], [ 18.742923737000126, 42.45821380600006 ], [ 18.742916107000042, 42.457916260000104 ], [ 18.743194580000079, 42.457916260000104 ], [ 18.743194580000079, 42.457637787000067 ], [ 18.744087219000107, 42.457637787000067 ], [ 18.744304656999986, 42.457637787000067 ], [ 18.744304656999986, 42.457527160999973 ], [ 18.744304656999986, 42.45735931400003 ], [ 18.744846344000166, 42.45735931400003 ], [ 18.745138168000153, 42.45735931400003 ], [ 18.745138168000153, 42.457275392000042 ], [ 18.745138168000153, 42.457084656000063 ], [ 18.745382310000082, 42.457046509000179 ], [ 18.74541664100019, 42.456806183000026 ], [ 18.74564361500012, 42.456806183000026 ], [ 18.745658875000117, 42.456714631000068 ], [ 18.745695114000057, 42.456527710000159 ], [ 18.746646881000174, 42.456527710000159 ], [ 18.746801376000064, 42.456497193000018 ], [ 18.746805191000135, 42.456249237000122 ], [ 18.747390746000178, 42.456249237000122 ], [ 18.747638703000177, 42.456249237000122 ], [ 18.747638703000177, 42.456134796000185 ], [ 18.747638703000177, 42.455970764000085 ], [ 18.747810364000088, 42.455970764000085 ], [ 18.747917176000044, 42.455970764000085 ], [ 18.747917176000044, 42.455867768000076 ], [ 18.747917176000044, 42.455696106000119 ], [ 18.748100280000074, 42.455696106000119 ], [ 18.74819374100008, 42.455696106000119 ], [ 18.74819374100008, 42.45554351800007 ], [ 18.74819374100008, 42.455139160000044 ], [ 18.748437881000029, 42.455139160000044 ], [ 18.748470307000048, 42.454860687000178 ], [ 18.748733520000087, 42.454860687000178 ], [ 18.748750687000154, 42.454582216000119 ], [ 18.749027253000122, 42.454528808000134 ], [ 18.74908828800011, 42.454322816000172 ], [ 18.748750687000154, 42.454303742000036 ], [ 18.748750687000154, 42.454029083000137 ], [ 18.749027253000122, 42.454029083000137 ], [ 18.749027253000122, 42.453472139000041 ], [ 18.749328612000113, 42.453491212000131 ], [ 18.749305726000159, 42.452915192000034 ], [ 18.749500275, 42.452915192000034 ], [ 18.749582291000024, 42.452804565000065 ], [ 18.749582291000024, 42.452362062000134 ], [ 18.749898911000116, 42.452388763000101 ], [ 18.749860764000061, 42.451805115000127 ], [ 18.750185012000088, 42.451816559000179 ], [ 18.750139237000099, 42.451248169000053 ], [ 18.750305175000165, 42.451293946000192 ], [ 18.750383377000048, 42.451217651000036 ], [ 18.750415803000067, 42.450973512000132 ], [ 18.750627518000101, 42.450973512000132 ], [ 18.750692368000159, 42.450695038000049 ], [ 18.750902176000125, 42.450695038000049 ], [ 18.750974654000061, 42.450416565000182 ], [ 18.751497269000026, 42.450416565000182 ], [ 18.751527785000064, 42.450138092000145 ], [ 18.751806258000101, 42.450138092000145 ], [ 18.751806258000101, 42.449859619000108 ], [ 18.752685547000112, 42.449890136000022 ], [ 18.752639769999973, 42.449584962000188 ], [ 18.753549575000022, 42.449584962000188 ], [ 18.753721238000139, 42.449523926000097 ], [ 18.753749847000108, 42.449306488000047 ], [ 18.754583358000048, 42.449310304000051 ], [ 18.754583358000048, 42.448749541999973 ], [ 18.754861831000085, 42.448749541999973 ], [ 18.754861831000085, 42.448192596000126 ], [ 18.755081177000079, 42.448192596000126 ], [ 18.755138397000053, 42.446804046000125 ], [ 18.754825592000032, 42.446804046000125 ], [ 18.754583358000048, 42.446804046000125 ], [ 18.754583358000048, 42.446399690000078 ], [ 18.754583358000048, 42.446289062000176 ], [ 18.754306793000183, 42.446250915000121 ], [ 18.754306793000183, 42.446037293000188 ], [ 18.754028320000145, 42.445972442000084 ], [ 18.753980636999984, 42.445747377000032 ], [ 18.753894806000062, 42.445728303000067 ], [ 18.753749847000108, 42.445693969000047 ], [ 18.753749847000108, 42.445583344000056 ], [ 18.753749847000108, 42.44541549600018 ], [ 18.753580093999972, 42.44541549600018 ], [ 18.753196716000048, 42.44541549600018 ], [ 18.753196716000048, 42.445137023000143 ], [ 18.753477097000086, 42.445137023000143 ], [ 18.753477097000086, 42.444862365000176 ], [ 18.753196716000048, 42.444862365000176 ], [ 18.753196716000048, 42.444305419000102 ], [ 18.753477097000086, 42.444274903000064 ], [ 18.753471374000071, 42.444026946000065 ], [ 18.754428864000033, 42.444026946000065 ], [ 18.754575730000113, 42.443988800000113 ], [ 18.754583358000048, 42.443748473000028 ], [ 18.754861831000085, 42.443748473000028 ], [ 18.754861831000085, 42.443473815 ], [ 18.755367280000087, 42.443424225000172 ], [ 18.755418778000035, 42.443195342000138 ], [ 18.755516052000132, 42.443195342000138 ], [ 18.755695343000127, 42.443195342000138 ], [ 18.755695343000127, 42.442504882000037 ], [ 18.755695343000127, 42.442359925000062 ], [ 18.755565644000114, 42.442359925000062 ], [ 18.755418778000035, 42.442359925000062 ], [ 18.755418778000035, 42.442195893000132 ], [ 18.755418778000035, 42.44208526500006 ], [ 18.755315780000046, 42.44208526500006 ], [ 18.755138397000053, 42.442081452000025 ], [ 18.755138397000053, 42.441680909000183 ], [ 18.755138397000053, 42.440971375000117 ], [ 18.754772187000128, 42.440971375000117 ], [ 18.754583358000048, 42.440971375000117 ], [ 18.754583358000048, 42.4407501230001 ], [ 18.75450515700004, 42.440734864000149 ], [ 18.754306793000183, 42.44069290200008 ], [ 18.754306793000183, 42.439025879000042 ], [ 18.754518508, 42.439086915000132 ], [ 18.75456237800006, 42.439014436000093 ], [ 18.754583358000048, 42.438751221000075 ], [ 18.75472641000016, 42.438751221000075 ], [ 18.754861831000085, 42.438751221000075 ], [ 18.754861831000085, 42.438533784000128 ], [ 18.754861831000085, 42.438194275000171 ], [ 18.755073547, 42.438194275000171 ], [ 18.755094528000029, 42.438102723000043 ], [ 18.755138397000053, 42.437915802000134 ], [ 18.755426408000176, 42.437934876000099 ], [ 18.755418778000035, 42.437637329000097 ], [ 18.755695343000127, 42.437637329000097 ], [ 18.755695343000127, 42.43736267100013 ], [ 18.755971908000163, 42.43736267100013 ], [ 18.755971908000163, 42.437084198000093 ], [ 18.756286621000186, 42.437072755000088 ], [ 18.756250381000029, 42.436805725000056 ], [ 18.756805420000035, 42.436805725000056 ], [ 18.756805420000035, 42.436248779000152 ], [ 18.757083893000072, 42.436248779000152 ], [ 18.757083893000072, 42.435974121000129 ], [ 18.757360458000107, 42.435970306000115 ], [ 18.757360458000107, 42.435417175000055 ], [ 18.757638932000077, 42.435417175000055 ], [ 18.757638932000077, 42.43486022899998 ], [ 18.757917405000114, 42.43486022899998 ], [ 18.757917405000114, 42.434581756000171 ], [ 18.758243560000039, 42.434604644999979 ], [ 18.758193969999979, 42.434307098000147 ], [ 18.75838088900008, 42.434307098000147 ], [ 18.758472443000016, 42.434307098000147 ], [ 18.758472443000016, 42.434108734000063 ], [ 18.758474351000189, 42.433750152000073 ], [ 18.758193969999979, 42.433750152000073 ], [ 18.758193969999979, 42.432083129000091 ], [ 18.758483886000022, 42.432128906000059 ], [ 18.758472443000016, 42.43125152500005 ], [ 18.758726120000176, 42.431274414000029 ], [ 18.758750916000054, 42.427917481 ], [ 18.758911133000083, 42.427917481 ], [ 18.759027482000022, 42.427917481 ], [ 18.759027482000022, 42.427665710000099 ], [ 18.759027482000022, 42.427082062000125 ], [ 18.759277343, 42.427124024000193 ], [ 18.759305955000059, 42.42597198500016 ], [ 18.759609222000051, 42.425998689000096 ], [ 18.759582520000151, 42.425693512000123 ], [ 18.759887695000089, 42.425720216000059 ], [ 18.759859085000187, 42.425415039000086 ], [ 18.760324478000086, 42.425415039000086 ], [ 18.760385513000074, 42.425373077000188 ], [ 18.760416032000023, 42.425140381000119 ], [ 18.760604857999965, 42.425140381000119 ], [ 18.76069450500006, 42.425140381000119 ], [ 18.76069450500006, 42.425010682000106 ], [ 18.76069450500006, 42.424583435000045 ], [ 18.760995864, 42.424602509000181 ], [ 18.760971070000096, 42.424304962000178 ], [ 18.761257171000068, 42.424312592000092 ], [ 18.761249543000133, 42.423751831000175 ], [ 18.76152801600017, 42.423751831000175 ], [ 18.76152801600017, 42.423473358000138 ], [ 18.761720658000115, 42.42352295000012 ], [ 18.761808395000173, 42.423484803000065 ], [ 18.761806487, 42.4231948850001 ], [ 18.76237869300013, 42.423233032000155 ], [ 18.762361526, 42.422916412000063 ], [ 18.762916564000136, 42.422916412000063 ], [ 18.762916564000136, 42.422637939000026 ], [ 18.765415190999988, 42.422637939000026 ], [ 18.765415190999988, 42.422916412000063 ], [ 18.765502930000082, 42.422916412000063 ], [ 18.7662506100001, 42.422916412000063 ], [ 18.7662506100001, 42.422637939000026 ], [ 18.766807556, 42.422637939000026 ], [ 18.766807556, 42.422916412000063 ], [ 18.766906738000046, 42.422916412000063 ], [ 18.767639160000101, 42.422916412000063 ], [ 18.767639160000101, 42.422775268000066 ], [ 18.767639160000101, 42.422637939000026 ], [ 18.767917633000138, 42.422637939000026 ], [ 18.767917633000138, 42.42235946600016 ], [ 18.769027710000046, 42.42235946600016 ], [ 18.769027710000046, 42.422637939000026 ], [ 18.769306183000083, 42.422637939000026 ], [ 18.769306183000083, 42.422737121000068 ], [ 18.769306183000083, 42.422916412000063 ], [ 18.769861222000088, 42.422916412000063 ], [ 18.769861222000088, 42.422637939000026 ], [ 18.770694733000028, 42.422637939000026 ], [ 18.770694733000028, 42.42235946600016 ], [ 18.771249772000033, 42.42235946600016 ], [ 18.771249772000033, 42.422637939000026 ], [ 18.770971299000166, 42.422637939000026 ], [ 18.770971299000166, 42.422729493000134 ], [ 18.770971299000166, 42.4231948850001 ], [ 18.769861222000088, 42.4231948850001 ], [ 18.769897461000141, 42.42352295000012 ], [ 18.769306183000083, 42.423473358000138 ], [ 18.769285202000049, 42.423706054000036 ], [ 18.769210816000111, 42.423751831000175 ], [ 18.768749237000179, 42.423751831000175 ], [ 18.768749237000179, 42.424030304000041 ], [ 18.768749237000179, 42.424304962000178 ], [ 18.768627167000034, 42.424304962000178 ], [ 18.768472672000144, 42.424304962000178 ], [ 18.768493653000178, 42.424926759000186 ], [ 18.767639160000101, 42.424926759000186 ], [ 18.767639160000101, 42.424583435000045 ], [ 18.767360687000064, 42.424583435000045 ], [ 18.767360687000064, 42.424861908000082 ], [ 18.766807556, 42.424861908000082 ], [ 18.76681709200011, 42.425163270000155 ], [ 18.766525268000123, 42.425140381000119 ], [ 18.766492844000084, 42.425357819000169 ], [ 18.766397477000112, 42.425415039000086 ], [ 18.766296387000068, 42.425415039000086 ], [ 18.765972137000063, 42.425415039000086 ], [ 18.765972137000063, 42.426250458000027 ], [ 18.766296387000068, 42.426250458000027 ], [ 18.766525268000123, 42.426250458000027 ], [ 18.766479493000134, 42.427124024000193 ], [ 18.767084121999972, 42.427082062000125 ], [ 18.767084121999972, 42.427917481 ], [ 18.767274856000142, 42.427917481 ], [ 18.767360687000064, 42.427917481 ], [ 18.767360687000064, 42.428138734000129 ], [ 18.767360687000064, 42.428470612000069 ], [ 18.767517090000126, 42.428470612000069 ], [ 18.767639160000101, 42.428470612000069 ], [ 18.767639160000101, 42.429027558000143 ], [ 18.767517090000126, 42.429027558000143 ], [ 18.767360687000064, 42.429027558000143 ], [ 18.767360687000064, 42.429306031000181 ], [ 18.767517090000126, 42.429321289000029 ], [ 18.767639160000101, 42.429306031000181 ], [ 18.767639160000101, 42.429862977000084 ], [ 18.767517090000126, 42.42987060500019 ], [ 18.767360687000064, 42.429862977000084 ], [ 18.76732254000018, 42.430694581000125 ], [ 18.767084121999972, 42.430694581000125 ], [ 18.767084121999972, 42.430973052000184 ], [ 18.766807556, 42.430973052000184 ], [ 18.766782760000069, 42.433750152000073 ], [ 18.766525268000123, 42.433750152000073 ], [ 18.766586303000111, 42.434337617000097 ], [ 18.7662506100001, 42.434307098000147 ], [ 18.7662506100001, 42.434581756000171 ], [ 18.765972137000063, 42.434581756000171 ], [ 18.765972137000063, 42.434974670000145 ], [ 18.765972137000063, 42.435138702000017 ], [ 18.765436172000079, 42.435138702000017 ], [ 18.764862060000155, 42.435138702000017 ], [ 18.764862060000155, 42.435314178000169 ], [ 18.764862060000155, 42.435417175000055 ], [ 18.764581680000049, 42.435413360000041 ], [ 18.764585495000119, 42.435695648000092 ], [ 18.763750076000179, 42.435703278000062 ], [ 18.763750076000179, 42.436805725000056 ], [ 18.763673782000069, 42.436805725000056 ], [ 18.763471603000141, 42.436805725000056 ], [ 18.763488770000038, 42.437683106000065 ], [ 18.763193130000104, 42.437637329000097 ], [ 18.763193130000104, 42.438194275000171 ], [ 18.762638091000099, 42.438194275000171 ], [ 18.762638091000099, 42.438293457000043 ], [ 18.762638091000099, 42.438541412 ], [ 18.762638091000099, 42.439582825000116 ], [ 18.762397767000095, 42.439590453000051 ], [ 18.762327194000022, 42.439880372000175 ], [ 18.762081147, 42.439861298000153 ], [ 18.762083055000176, 42.440490723000096 ], [ 18.761806487, 42.440418244000057 ], [ 18.76185226399997, 42.440994264000096 ], [ 18.76152801600017, 42.440971375000117 ], [ 18.76152801600017, 42.441249848000155 ], [ 18.761249543000133, 42.441249848000155 ], [ 18.761249543000133, 42.441528321000192 ], [ 18.76152801600017, 42.441528321000192 ], [ 18.76152801600017, 42.442081452000025 ], [ 18.761756897, 42.442123414000093 ], [ 18.761806487, 42.442180634000067 ], [ 18.761806487, 42.442359925000062 ], [ 18.761959076000153, 42.442359925000062 ], [ 18.762081147, 42.442359925000062 ], [ 18.762081147, 42.442504882000037 ], [ 18.762081147, 42.442638398000099 ], [ 18.762292862000038, 42.442638398000099 ], [ 18.762638091000099, 42.442638398000099 ], [ 18.762662887000033, 42.442878723000149 ], [ 18.762725829999965, 42.442916869000101 ], [ 18.762916564000136, 42.442916869000101 ], [ 18.762916564000136, 42.443195342000138 ], [ 18.763193130000104, 42.443195342000138 ], [ 18.763124466000079, 42.443481446000192 ], [ 18.763471603000141, 42.443473815 ], [ 18.763471603000141, 42.443862916000171 ], [ 18.763471603000141, 42.444026946000065 ], [ 18.763622284000064, 42.444026946000065 ], [ 18.763750076000179, 42.444026946000065 ], [ 18.763750076000179, 42.444164277000141 ], [ 18.763750076000179, 42.444305419000102 ], [ 18.763904572000172, 42.444332123000152 ], [ 18.76398658700009, 42.444347381000171 ], [ 18.764028549000045, 42.444583892000139 ], [ 18.764265060000128, 42.444625854000037 ], [ 18.764303207000182, 42.445137023000143 ], [ 18.764629364000086, 42.445114137000189 ], [ 18.764585495000119, 42.445693969000047 ], [ 18.764892579000104, 42.445678711000028 ], [ 18.764862060000155, 42.446250915000121 ], [ 18.765134811000053, 42.446292877000019 ], [ 18.765075683000134, 42.447082519000162 ], [ 18.764862060000155, 42.447082519000162 ], [ 18.764928817999987, 42.447654724000188 ], [ 18.764585495000119, 42.447639465000066 ], [ 18.764585495000119, 42.447917938000103 ], [ 18.764862060000155, 42.447917938000103 ], [ 18.764892579000104, 42.448730469000111 ], [ 18.764585495000119, 42.448749541999973 ], [ 18.764585495000119, 42.453472139000041 ], [ 18.764892579000104, 42.453491212000131 ], [ 18.764862060000155, 42.454303742000036 ], [ 18.765035628000135, 42.454303742000036 ], [ 18.765138626000123, 42.454303742000036 ], [ 18.765075683000134, 42.454528808000134 ], [ 18.765134811000053, 42.454586028999984 ], [ 18.765415190999988, 42.454582216000119 ], [ 18.765415190999988, 42.454860687000178 ], [ 18.765502930000082, 42.454860687000178 ], [ 18.765695572000027, 42.454860687000178 ], [ 18.765665055000056, 42.455970764000085 ], [ 18.765415190999988, 42.455970764000085 ], [ 18.765415190999988, 42.456413269000052 ], [ 18.765415190999988, 42.456527710000159 ], [ 18.765316009000173, 42.456527710000159 ], [ 18.765138626000123, 42.456527710000159 ], [ 18.765083313000105, 42.459026337000068 ], [ 18.764862060000155, 42.459026337000068 ], [ 18.764926911000089, 42.459602356000175 ], [ 18.764303207000182, 42.459583283000143 ], [ 18.764268875000027, 42.459899902000132 ], [ 18.764242173000127, 42.460140229000046 ], [ 18.764028549000045, 42.460140229000046 ], [ 18.764028549000045, 42.461421966000103 ], [ 18.764028549000045, 42.462081910000165 ], [ 18.763917923000122, 42.462097168000184 ], [ 18.763750076000179, 42.462081910000165 ], [ 18.763750076000179, 42.463169098000094 ], [ 18.763750076000179, 42.463748932999977 ], [ 18.76366233900012, 42.463748932999977 ], [ 18.763471603000141, 42.463748932999977 ], [ 18.763511657000095, 42.464591980000193 ], [ 18.763193130000104, 42.464584352000088 ], [ 18.763198852000016, 42.465972900000054 ], [ 18.762916564000136, 42.465972900000054 ], [ 18.762916564000136, 42.466251373000091 ], [ 18.762638091000099, 42.466251373000091 ], [ 18.762638091000099, 42.466804504000152 ], [ 18.762950898000099, 42.466815949000079 ], [ 18.762916564000136, 42.466918946000192 ], [ 18.762916564000136, 42.467071533000137 ], [ 18.762916564000136, 42.467639923000092 ], [ 18.763057708000076, 42.467639923000092 ], [ 18.763193130000104, 42.467639923000092 ], [ 18.763124466000079, 42.467895507000094 ], [ 18.763471603000141, 42.46791839600013 ], [ 18.763471603000141, 42.468902589000095 ], [ 18.763471603000141, 42.469306946000074 ], [ 18.76361083900008, 42.469306946000074 ], [ 18.763750076000179, 42.469306946000074 ], [ 18.763750076000179, 42.469581604000041 ], [ 18.764028549000045, 42.469581604000041 ], [ 18.764099122000118, 42.469909669000117 ], [ 18.764303207000182, 42.469860077000078 ], [ 18.764280320000182, 42.470703126000103 ], [ 18.764028549000045, 42.470695496000189 ], [ 18.76397323599997, 42.47152710000006 ], [ 18.763750076000179, 42.47152710000006 ], [ 18.763755798000091, 42.472362519 ], [ 18.763471603000141, 42.472362519 ], [ 18.763471603000141, 42.472637177000195 ], [ 18.763193130000104, 42.472637177000195 ], [ 18.763193130000104, 42.472915650000061 ], [ 18.763471603000141, 42.472915650000061 ], [ 18.763471603000141, 42.475139619000117 ], [ 18.763750076000179, 42.475139619000117 ], [ 18.763750076000179, 42.474304200000176 ], [ 18.763917923000122, 42.474304200000176 ], [ 18.764028549000045, 42.474304200000176 ], [ 18.764028549000045, 42.475692750000121 ], [ 18.763917923000122, 42.47570800800014 ], [ 18.763750076000179, 42.475692750000121 ], [ 18.763750076000179, 42.475944519000109 ], [ 18.763750076000179, 42.476249696000025 ], [ 18.763488770000038, 42.476318359000118 ], [ 18.763193130000104, 42.476249696000025 ], [ 18.763193130000104, 42.47680664000012 ], [ 18.762916564000136, 42.47680664000012 ], [ 18.762916564000136, 42.47958374000001 ], [ 18.763135909000084, 42.47958374000001 ], [ 18.763135909000084, 42.479862213000047 ], [ 18.762916564000136, 42.479862213000047 ], [ 18.762916564000136, 42.480140686000084 ], [ 18.763137817000029, 42.480155944000103 ], [ 18.763193130000104, 42.48035430900012 ], [ 18.763193130000104, 42.481250763000048 ], [ 18.763452529000176, 42.481254578000062 ], [ 18.763471603000141, 42.481803894000052 ], [ 18.763673782000069, 42.481803894000052 ], [ 18.763750076000179, 42.481803894000052 ], [ 18.763750076000179, 42.482147217000147 ], [ 18.763750076000179, 42.482639313000163 ], [ 18.763891220000119, 42.482639313000163 ], [ 18.764028549000045, 42.482639313000163 ], [ 18.764028549000045, 42.482887267000081 ], [ 18.764028549000045, 42.483196259000067 ], [ 18.764268875000027, 42.483222963000117 ], [ 18.764303207000182, 42.483375550000062 ], [ 18.764303207000182, 42.484306336000145 ], [ 18.764524459000029, 42.48431396400008 ], [ 18.764585495000119, 42.484477997000056 ], [ 18.764585495000119, 42.485137940000016 ], [ 18.764816285, 42.485153198000035 ], [ 18.764865875000055, 42.485290527000132 ], [ 18.764892579000104, 42.487670899000079 ], [ 18.764585495000119, 42.48764038000013 ], [ 18.764579772000047, 42.488193513000169 ], [ 18.764303207000182, 42.488193513000169 ], [ 18.764303207000182, 42.488750457000094 ], [ 18.764028549000045, 42.488750457000094 ], [ 18.764028549000045, 42.4890747070001 ], [ 18.763471603000141, 42.489078522000113 ], [ 18.763471603000141, 42.489307403000169 ], [ 18.762725829999965, 42.489307403000169 ], [ 18.762081147, 42.489307403000169 ], [ 18.762081147, 42.489501954000161 ], [ 18.762081147, 42.489582061000135 ], [ 18.761249543000133, 42.489582061000135 ], [ 18.761249543000133, 42.489501954000161 ], [ 18.761249543000133, 42.489307403000169 ], [ 18.760971070000096, 42.489307403000169 ], [ 18.760971070000096, 42.489501954000161 ], [ 18.760971070000096, 42.489582061000135 ], [ 18.759582520000151, 42.489582061000135 ], [ 18.759582520000151, 42.489501954000161 ], [ 18.759582520000151, 42.489307403000169 ], [ 18.758750916000054, 42.489307403000169 ], [ 18.758750916000054, 42.489501954000161 ], [ 18.758750916000054, 42.489582061000135 ], [ 18.756250381000029, 42.489582061000135 ], [ 18.756250381000029, 42.489501954000161 ], [ 18.756250381000029, 42.489307403000169 ], [ 18.755138397000053, 42.489307403000169 ], [ 18.755138397000053, 42.489501954000161 ], [ 18.755138397000053, 42.489582061000135 ], [ 18.754819870000063, 42.489582061000135 ], [ 18.753471374000071, 42.489582061000135 ], [ 18.753477097000086, 42.489929200000176 ], [ 18.753322601999969, 42.489860534000172 ], [ 18.753215789000137, 42.489810944000169 ], [ 18.753196716000048, 42.489582061000135 ], [ 18.752914428000167, 42.489582061000135 ], [ 18.752929688000165, 42.4890747070001 ], [ 18.751525880000031, 42.4890747070001 ], [ 18.751527785000064, 42.488471986000036 ], [ 18.751281739000149, 42.48852539100011 ], [ 18.751249312000027, 42.488193513000169 ], [ 18.750665665000156, 42.488193513000169 ], [ 18.750415803000067, 42.488193513000169 ], [ 18.750415803000067, 42.488075257000162 ], [ 18.750415803000067, 42.487915040000132 ], [ 18.749877930000082, 42.487915040000132 ], [ 18.749860764000061, 42.48764038000013 ], [ 18.749328612000113, 42.487670899000079 ], [ 18.749305726000159, 42.487361909000128 ], [ 18.748470307000048, 42.487361909000128 ], [ 18.748472214000117, 42.487670899000079 ], [ 18.74819374100008, 42.48764038000013 ], [ 18.74819374100008, 42.487251282000102 ], [ 18.74819374100008, 42.487083436000091 ], [ 18.74810981800016, 42.487083436000091 ], [ 18.748014450000085, 42.487083436000091 ], [ 18.747930527000165, 42.487049102000071 ], [ 18.747917176000044, 42.486804963000054 ], [ 18.747341156000175, 42.486804963000054 ], [ 18.747083664000172, 42.486804963000054 ], [ 18.747083664000172, 42.486698151000098 ], [ 18.747083664000172, 42.486526490000188 ], [ 18.74541664100019, 42.486526490000188 ], [ 18.74541664100019, 42.486251832 ], [ 18.745138168000153, 42.486251832 ], [ 18.745138168000153, 42.485973359000127 ], [ 18.743749617999981, 42.485973359000127 ], [ 18.743749617999981, 42.485900879000042 ], [ 18.743696213000135, 42.485710144000109 ], [ 18.743473053000116, 42.48569488600009 ], [ 18.743530273000033, 42.485107421000066 ], [ 18.742639541000074, 42.485137940000016 ], [ 18.742639541000074, 42.484859466999978 ], [ 18.742361068000037, 42.484859466999978 ], [ 18.742370606000122, 42.48517608700007 ], [ 18.741807937000033, 42.485137940000016 ], [ 18.741807937000033, 42.485290527000132 ], [ 18.741807937000033, 42.485416413000053 ], [ 18.740695953, 42.485416413000053 ], [ 18.740722656, 42.485290527000132 ], [ 18.740695953, 42.485137940000016 ], [ 18.740135194000061, 42.485153198000035 ], [ 18.740139007000153, 42.484859466999978 ], [ 18.739553452000109, 42.484920502000193 ], [ 18.739585876000092, 42.484584809000182 ], [ 18.738885880000112, 42.484584809000182 ], [ 18.738771438000015, 42.48448944200004 ], [ 18.738750459000187, 42.484306336000145 ], [ 18.738473891000012, 42.484306336000145 ], [ 18.738473891000012, 42.484027863000108 ], [ 18.735971451000069, 42.484027863000108 ], [ 18.735971451000069, 42.483749390000071 ], [ 18.734502792000171, 42.483749390000071 ], [ 18.734306336000088, 42.483749390000071 ], [ 18.734306336000088, 42.483470917000034 ], [ 18.732727052000143, 42.483520507000037 ], [ 18.73264312800012, 42.483528137000178 ], [ 18.732639313000107, 42.483196259000067 ], [ 18.732360840000069, 42.483196259000067 ], [ 18.732360840000069, 42.483470917000034 ], [ 18.730138778000025, 42.483470917000034 ], [ 18.730171204000044, 42.483791352000026 ], [ 18.729583740000123, 42.483749390000071 ], [ 18.729583740000123, 42.484027863000108 ], [ 18.729305267000086, 42.484027863000108 ], [ 18.729305267000086, 42.48431396400008 ], [ 18.727111816000047, 42.48431396400008 ], [ 18.727083207000078, 42.484027863000108 ], [ 18.725696565000135, 42.484027863000108 ], [ 18.725696565000135, 42.483749390000071 ], [ 18.723749161000114, 42.483749390000071 ], [ 18.723749161000114, 42.484027863000108 ], [ 18.719583511000053, 42.484027863000108 ], [ 18.719583511000053, 42.483749390000071 ], [ 18.717220307000105, 42.483749390000071 ], [ 18.716918946000135, 42.483749390000071 ], [ 18.716806411000107, 42.483749390000071 ], [ 18.716806411000107, 42.483470917000034 ], [ 18.712280274000022, 42.483470917000034 ], [ 18.711250305000135, 42.483470917000034 ], [ 18.711250305000135, 42.483749390000071 ], [ 18.710510253, 42.483749390000071 ], [ 18.710416794000025, 42.483749390000071 ], [ 18.710416794000025, 42.483470917000034 ], [ 18.709863663000135, 42.483470917000034 ], [ 18.709899902000018, 42.483703613000102 ], [ 18.709730149000109, 42.483749390000071 ], [ 18.708194731999981, 42.483749390000071 ], [ 18.708194731999981, 42.484027863000108 ], [ 18.704027177000057, 42.484027863000108 ], [ 18.704101563000165, 42.48431396400008 ], [ 18.703472138000052, 42.484306336000145 ], [ 18.703439712000034, 42.484523774000024 ], [ 18.703327179000041, 42.484584809000182 ], [ 18.702638627000113, 42.484584809000182 ], [ 18.702697754000098, 42.484924317000036 ], [ 18.701110840000069, 42.484924317000036 ], [ 18.700971604000074, 42.484859466999978 ], [ 18.700971604000074, 42.484584809000182 ], [ 18.699306488000161, 42.484584809000182 ], [ 18.699306488000161, 42.484859466999978 ], [ 18.699028015000124, 42.484859466999978 ], [ 18.699028015000124, 42.485137940000016 ], [ 18.69847488400012, 42.485137940000016 ], [ 18.698486327000069, 42.485473633000026 ], [ 18.697643280000023, 42.48547744800004 ], [ 18.697692870000083, 42.485973359000127 ], [ 18.697362900000144, 42.485973359000127 ], [ 18.697412492000126, 42.486557007000101 ], [ 18.697082519000105, 42.486526490000188 ], [ 18.697097777000124, 42.48682785200009 ], [ 18.696527481000032, 42.486804963000054 ], [ 18.696563720000086, 42.487144471000079 ], [ 18.695974349999972, 42.487083436000091 ], [ 18.695974349999972, 42.487361909000128 ], [ 18.695417404000068, 42.487361909000128 ], [ 18.695495605000076, 42.487670899000079 ], [ 18.695138931000031, 42.48764038000013 ], [ 18.695138931000031, 42.487812043000076 ], [ 18.695138931000031, 42.487915040000132 ], [ 18.694885254000098, 42.487915040000132 ], [ 18.694583892000026, 42.487915040000132 ], [ 18.69459533700018, 42.488204956000118 ], [ 18.694305418999988, 42.488193513000169 ], [ 18.694305418999988, 42.488586426999973 ], [ 18.694305418999988, 42.488750457000094 ], [ 18.694190979000155, 42.488750457000094 ], [ 18.694026948000158, 42.488750457000094 ], [ 18.693990707000069, 42.488990783000077 ], [ 18.693471909000152, 42.489028930000131 ], [ 18.693471909000152, 42.489307403000169 ], [ 18.693195342000081, 42.489307403000169 ], [ 18.69322586100003, 42.489639283000088 ], [ 18.692638397999986, 42.489582061000135 ], [ 18.692638397999986, 42.489860534000172 ], [ 18.69236183300012, 42.489860534000172 ], [ 18.69236183300012, 42.490417480000076 ], [ 18.69208335899998, 42.490417480000076 ], [ 18.69208335899998, 42.490722657000163 ], [ 18.691528321000078, 42.490722657000163 ], [ 18.691528321000078, 42.491806030000191 ], [ 18.691249848000041, 42.491806030000191 ], [ 18.691249848000041, 42.492362976000095 ], [ 18.690971375, 42.492362976000095 ], [ 18.690933228000119, 42.494583130000137 ], [ 18.690694809000036, 42.494583130000137 ], [ 18.69074249199997, 42.495700837000129 ], [ 18.690416336, 42.495693207000045 ], [ 18.690416336, 42.495971680000082 ], [ 18.690694809000036, 42.495971680000082 ], [ 18.690694809000036, 42.496528626000156 ], [ 18.690917968000122, 42.496520996000072 ], [ 18.690971375, 42.496623993000128 ], [ 18.690971375, 42.497360230000027 ], [ 18.691249848000041, 42.497360230000027 ], [ 18.691249848000041, 42.497917176000101 ], [ 18.691579819000083, 42.497905731000117 ], [ 18.691528321000078, 42.498470307000161 ], [ 18.691711425000165, 42.498474122000175 ], [ 18.69180488600017, 42.498474122000175 ], [ 18.69180488600017, 42.499332428000173 ], [ 18.69180488600017, 42.501804351000146 ], [ 18.692073822, 42.501804351000146 ], [ 18.69208335899998, 42.501892090000183 ], [ 18.692077637000068, 42.50236129700005 ], [ 18.69236183300012, 42.50236129700005 ], [ 18.692333221000069, 42.502681732000156 ], [ 18.692638397999986, 42.502639770000087 ], [ 18.692686081000147, 42.502929689000155 ], [ 18.692916871000023, 42.502918243000124 ], [ 18.692916871000023, 42.503551483000081 ], [ 18.692916871000023, 42.504028320000032 ], [ 18.693115235000107, 42.504089356000122 ], [ 18.693195342000081, 42.504028320000032 ], [ 18.693195342000081, 42.504581451000035 ], [ 18.693115235000107, 42.504581451000035 ], [ 18.692916871000023, 42.504585266000106 ], [ 18.692924499000128, 42.505695343000184 ], [ 18.692638397999986, 42.505695343000184 ], [ 18.692638397999986, 42.505973816000051 ], [ 18.692869186000109, 42.505981445000089 ], [ 18.692916871000023, 42.506248474000017 ], [ 18.693147659000147, 42.506286621000072 ], [ 18.693195342000081, 42.506347656000059 ], [ 18.693195342000081, 42.506526947000054 ], [ 18.693330764999985, 42.506526947000054 ], [ 18.693471909000152, 42.506526947000054 ], [ 18.693471909000152, 42.50671386800019 ], [ 18.693471909000152, 42.506805420000092 ], [ 18.693681717000118, 42.506805420000092 ], [ 18.694305418999988, 42.506805420000092 ], [ 18.694276810000019, 42.507080078000115 ], [ 18.694583892000026, 42.507083893000129 ], [ 18.694614410999975, 42.507316589000027 ], [ 18.694677354000135, 42.507362366 ], [ 18.695138931000031, 42.507362366 ], [ 18.695100783999976, 42.508205414000145 ], [ 18.695692062000091, 42.508193970000093 ], [ 18.695692062000091, 42.508300781000116 ], [ 18.69568061800004, 42.510417939000149 ], [ 18.695138931000031, 42.510417939000149 ], [ 18.695125580000081, 42.510692597000116 ], [ 18.694860458, 42.510692597000116 ], [ 18.694885254000098, 42.511474609000174 ], [ 18.694583892000026, 42.511528014000078 ], [ 18.694540025000038, 42.512626648000037 ], [ 18.694305418999988, 42.512638091000156 ], [ 18.694305418999988, 42.51303482000003 ], [ 18.694305418999988, 42.513473510000097 ], [ 18.694026948000158, 42.513481141000113 ], [ 18.694026948000158, 42.513748168000063 ], [ 18.693855285000041, 42.513748168000063 ], [ 18.693750381000086, 42.513748168000063 ], [ 18.693750381000086, 42.513900758000091 ], [ 18.693750381000086, 42.514305114000138 ], [ 18.693473815000118, 42.514305114000138 ], [ 18.693195342000081, 42.514305114000138 ], [ 18.69322586100003, 42.514926911000032 ], [ 18.69236183300012, 42.514862061000144 ], [ 18.69236183300012, 42.515140534000182 ], [ 18.69208335899998, 42.515140534000182 ], [ 18.692056656000034, 42.515415191000102 ], [ 18.691528321000078, 42.515415191000102 ], [ 18.691528321000078, 42.515605928000127 ], [ 18.691528321000078, 42.515693664000139 ], [ 18.691280365000182, 42.515693664000139 ], [ 18.690971375, 42.515693664000139 ], [ 18.690917968000122, 42.516296387000182 ], [ 18.690694809000036, 42.516296387000182 ], [ 18.690694809000036, 42.515972137000176 ], [ 18.690139771000133, 42.515972137000176 ], [ 18.690139771000133, 42.516296387000182 ], [ 18.690139771000133, 42.516529084000126 ], [ 18.690031051, 42.516529084000126 ], [ 18.689861298000096, 42.516529084000126 ], [ 18.689912796000101, 42.516822815000182 ], [ 18.688776017000066, 42.516803741000047 ], [ 18.687917709000146, 42.516803741000047 ], [ 18.687917709000146, 42.51672363299997 ], [ 18.687917709000146, 42.516529084000126 ], [ 18.686952592000125, 42.516529084000126 ], [ 18.686811448000185, 42.516502380000077 ], [ 18.686807632000011, 42.516250611000089 ], [ 18.686525344000131, 42.516250611000089 ], [ 18.686525344000131, 42.515972137000176 ], [ 18.685804368000163, 42.515972137000176 ], [ 18.685695648000035, 42.515972137000176 ], [ 18.685695648000035, 42.515693664000139 ], [ 18.684719085000154, 42.515693664000139 ], [ 18.684619903000112, 42.515636444000165 ], [ 18.684585571000127, 42.515415191000102 ], [ 18.684282302000156, 42.51545715300017 ], [ 18.68430328300002, 42.515140534000182 ], [ 18.684028625000053, 42.515140534000182 ], [ 18.684028625000053, 42.515319824000073 ], [ 18.684028625000053, 42.515415191000102 ], [ 18.683750152000187, 42.515415191000102 ], [ 18.683750152000187, 42.515106202000027 ], [ 18.683750152000187, 42.514862061000144 ], [ 18.683471679000149, 42.514892579 ], [ 18.683193206000112, 42.514862061000144 ], [ 18.683193206000112, 42.514583587 ], [ 18.683471679000149, 42.514583587 ], [ 18.683471679000149, 42.514099122000175 ], [ 18.683471679000149, 42.5140266410001 ], [ 18.682922363000159, 42.514099122000175 ], [ 18.682916640000144, 42.513473510000097 ], [ 18.682678222000106, 42.513488769000048 ], [ 18.682638167000107, 42.51319503700006 ], [ 18.68250465300008, 42.51319503700006 ], [ 18.68236350900014, 42.51319503700006 ], [ 18.68236350900014, 42.512962341000161 ], [ 18.682081223000012, 42.512916564000193 ], [ 18.682081223000012, 42.512454987000126 ], [ 18.682081223000012, 42.512084960000152 ], [ 18.6818447120001, 42.51204681400003 ], [ 18.681804658000146, 42.511806487000115 ], [ 18.681566239000063, 42.511768341000163 ], [ 18.681528092000178, 42.511528014000078 ], [ 18.681142807000185, 42.511528014000078 ], [ 18.680694581000068, 42.511528014000078 ], [ 18.680725097000106, 42.511291503000109 ], [ 18.680416108000031, 42.51124954300019 ], [ 18.680416108000031, 42.511104584 ], [ 18.680416108000031, 42.510971070000153 ], [ 18.680139542000063, 42.510971070000153 ], [ 18.680139542000063, 42.510692597000116 ], [ 18.679975510000133, 42.510692597000116 ], [ 18.679859162000128, 42.510692597000116 ], [ 18.679826736000109, 42.510437013000114 ], [ 18.679582596000159, 42.510417939000149 ], [ 18.679582596000159, 42.51002121099998 ], [ 18.67951965300017, 42.509891510000045 ], [ 18.679306031000067, 42.509860993000075 ], [ 18.679306031000067, 42.509735108000029 ], [ 18.679306031000067, 42.509582520000038 ], [ 18.679058074000068, 42.509544374000086 ], [ 18.67902755800003, 42.509304047000171 ], [ 18.678710938000165, 42.509277344000168 ], [ 18.678749085, 42.509029389000034 ], [ 18.678653718000021, 42.509029389000034 ], [ 18.678472519000024, 42.509029389000034 ], [ 18.6785278320001, 42.508483887000182 ], [ 18.677917, 42.508484 ], [ 18.664123535000101, 42.514709473000153 ], [ 18.655111452000085, 42.518820248000168 ], [ 18.653822642000023, 42.519408126000144 ], [ 18.653686979999975, 42.519470007000052 ], [ 18.649105686000041, 42.521118910000098 ], [ 18.647844389, 42.521334696000054 ], [ 18.644470216000173, 42.521911621000072 ], [ 18.634547619000102, 42.522575896000035 ], [ 18.632540784000071, 42.522710245000098 ], [ 18.629882813000165, 42.522888184000124 ], [ 18.629558342000053, 42.522947178000038 ], [ 18.629092922999973, 42.523031799000194 ], [ 18.626525878000109, 42.523498535000101 ], [ 18.607299804000093, 42.527526856000065 ], [ 18.603086471999973, 42.528930665000132 ], [ 18.593872069999975, 42.532470703000115 ], [ 18.583314895, 42.537902833000146 ], [ 18.581572091000055, 42.539075809000053 ], [ 18.581031557000074, 42.539439610000045 ], [ 18.580322265, 42.539916992000087 ], [ 18.577512621000096, 42.542483171000072 ], [ 18.575683593000122, 42.544921874000124 ], [ 18.574703612000121, 42.54708815000015 ], [ 18.574561848000087, 42.547401524000122 ], [ 18.574523926000154, 42.547485352000137 ], [ 18.574416924, 42.547734735000063 ], [ 18.573870633000183, 42.549007940000195 ], [ 18.572874068999965, 42.551330567000093 ], [ 18.572326660000101, 42.554321289000086 ], [ 18.570922852000081, 42.563903809000124 ], [ 18.570112577000089, 42.566294116000108 ], [ 18.569702000000177, 42.567505000000153 ], [ 18.569614977000128, 42.567638994000049 ], [ 18.568908691000161, 42.568725587000131 ], [ 18.569217703000163, 42.569424222000123 ], [ 18.5699903470001, 42.571171070000048 ], [ 18.571716309000124, 42.575073242000144 ], [ 18.572851575000072, 42.576971864000029 ], [ 18.573354191000078, 42.577812441000049 ], [ 18.574708939000118, 42.580078126000046 ], [ 18.574840013000085, 42.580674431000091 ], [ 18.5755, 42.583679 ], [ 18.5755, 42.588318000000186 ], [ 18.57507100000015, 42.59613000000013 ], [ 18.573729999000079, 42.599303999000142 ], [ 18.57372215099997, 42.599318432000189 ], [ 18.571647214000166, 42.603134357000158 ], [ 18.571251157000177, 42.603862527 ], [ 18.571107895000068, 42.604125921000161 ], [ 18.569328308000138, 42.607204438000053 ], [ 18.577663421000125, 42.60869217000004 ], [ 18.578369141000053, 42.60884857200017 ], [ 18.58428955100004, 42.61010742100018 ], [ 18.58738517800009, 42.610996247000173 ], [ 18.597473144000048, 42.613891601000091 ], [ 18.603134154000031, 42.615085602000192 ], [ 18.604127883000103, 42.615295409000055 ], [ 18.61301994300004, 42.618129730000192 ], [ 18.622314453000115, 42.621093751000046 ], [ 18.626525878000109, 42.622070312000119 ], [ 18.636474609000061, 42.623901367000144 ], [ 18.645874024000136, 42.626708984 ], [ 18.647710800000084, 42.626964569000108 ], [ 18.648469926000189, 42.627120971000124 ], [ 18.651296616000081, 42.627334596000082 ], [ 18.651723861, 42.627296449000028 ], [ 18.655937196000025, 42.626926422000054 ], [ 18.663782119000132, 42.625270844000056 ], [ 18.672309876000043, 42.623081207000155 ], [ 18.674020768000048, 42.619781494000051 ], [ 18.679994583000052, 42.609767915000134 ], [ 18.68099594, 42.607357025000113 ], [ 18.6818275440001, 42.603969574000075 ], [ 18.681917191000139, 42.60359954900008 ], [ 18.68223381100006, 42.602325439000026 ], [ 18.683105469000054, 42.598876953000172 ], [ 18.684509277000188, 42.595886230000076 ], [ 18.686279297999988, 42.593078612999989 ], [ 18.688903808000077, 42.589111327000012 ], [ 18.689880371000186, 42.588073731000179 ], [ 18.691894531, 42.585876465000069 ], [ 18.703674316000104, 42.575683593000122 ], [ 18.704893112000036, 42.574523925999983 ], [ 18.707092284999987, 42.572326661000034 ], [ 18.711120605000076, 42.567504882000094 ], [ 18.715089798000122, 42.561706543000071 ], [ 18.71629714900007, 42.559509278000064 ], [ 18.718158722, 42.556251525000107 ], [ 18.719694138000023, 42.552436829000101 ], [ 18.720476150000081, 42.550495148000152 ], [ 18.723215103000143, 42.542621614000041 ], [ 18.724681854999972, 42.539875030000189 ], [ 18.725288391000106, 42.538742065000122 ], [ 18.726808547000076, 42.536426544000165 ], [ 18.728792189999979, 42.533401489000028 ], [ 18.732124329000101, 42.529590608000149 ], [ 18.737388610000039, 42.525077819000046 ], [ 18.739889145000063, 42.523586273999967 ], [ 18.740474700000107, 42.523239136000029 ], [ 18.740915298000118, 42.522975921000011 ], [ 18.741802215000064, 42.522533417000034 ], [ 18.742910384000027, 42.521984101000044 ], [ 18.7496376040001, 42.51864624000018 ], [ 18.752468109000063, 42.516971589000093 ], [ 18.755207062000125, 42.515350341000044 ], [ 18.755943297000044, 42.514915466000048 ], [ 18.757633209000062, 42.51391601600011 ], [ 18.763305663999972, 42.510681152000188 ], [ 18.770080567000036, 42.505126954000161 ], [ 18.776489257000037, 42.499084473000153 ], [ 18.778503417000081, 42.496887208000146 ], [ 18.781677246000015, 42.49188232400013 ], [ 18.78444290200008, 42.485809327000084 ], [ 18.784557343000017, 42.485569000000169 ], [ 18.784706115000063, 42.484977723000043 ], [ 18.785224914000139, 42.482959748000098 ], [ 18.785516738000126, 42.480342865000068 ], [ 18.785528183000054, 42.48024749800004 ], [ 18.785713195000085, 42.460830689000147 ], [ 18.785713195000085, 42.460746765000124 ], [ 18.785812377000127, 42.459762574000138 ], [ 18.785980225000174, 42.45804214500015 ], [ 18.786592483000049, 42.455364227000075 ], [ 18.787786484000151, 42.450134277000075 ], [ 18.787710190000041, 42.445270538999978 ], [ 18.787260055, 42.442844391000165 ], [ 18.785596847000079, 42.43862533600003 ], [ 18.783000945000026, 42.434486389000142 ], [ 18.782890320000035, 42.434310913000047 ], [ 18.782594680999978, 42.434001924000142 ], [ 18.779186249000077, 42.430446625000059 ], [ 18.778825759000085, 42.430126190000067 ], [ 18.779375075000075, 42.428459167000085 ], [ 18.778369903000055, 42.425109864000149 ], [ 18.773784638000166, 42.425109864000149 ], [ 18.773275375000026, 42.425113678000116 ], [ 18.772941589000141, 42.424671174000082 ], [ 18.772346496000182, 42.423881532000166 ], [ 18.771945954000103, 42.422672272999989 ], [ 18.771633148000149, 42.421737672000063 ], [ 18.771623612000042, 42.419525146000126 ], [ 18.772466659000088, 42.416118621000066 ], [ 18.773265839000146, 42.414478302000134 ], [ 18.774072647000082, 42.41282653899998 ], [ 18.77543640100015, 42.410934448000035 ], [ 18.775953292, 42.410217285000101 ], [ 18.776256561000139, 42.409870148000095 ], [ 18.779724121000186, 42.406127930000082 ], [ 18.781677246000015, 42.403930665000075 ], [ 18.788513183000134, 42.398071290000132 ], [ 18.795104980000133, 42.393676759000073 ], [ 18.798095703000058, 42.391479492000087 ], [ 18.801330566000104, 42.388122559000067 ], [ 18.802917481, 42.385681152000075 ], [ 18.80389594900015, 42.383483887000125 ], [ 18.804687501000103, 42.380676270000038 ], [ 18.805114746000186, 42.376892090000126 ], [ 18.805128097000136, 42.376770020000151 ], [ 18.805130005000137, 42.376174927000193 ], [ 18.805150986000172, 42.368076325000175 ], [ 18.804248810000104, 42.35904312100007 ] ] ] ] } },
{ "type": "Feature", "properties": { "fid": 11, "GID_1": "MNE.11_1", "GID_0": "MNE", "COUNTRY": "Montenegro", "NAME_1": "Mojkovac", "VARNAME_1": "NA", "NL_NAME_1": "NA", "TYPE_1": "Opština", "ENGTYPE_1": "Municipality", "CC_1": "NA", "HASC_1": "ME.MK", "ISO_1": "NA" }, "geometry": { "type": "MultiPolygon", "coordinates": [ [ [ [ 19.685327530000109, 42.897151947000054 ], [ 19.676029204000088, 42.891029358000026 ], [ 19.672058106000179, 42.887912751000158 ], [ 19.668605804000151, 42.884181977000026 ], [ 19.665821076000157, 42.881801605000078 ], [ 19.65741157400015, 42.871646882000164 ], [ 19.631847381000171, 42.871822357000042 ], [ 19.623825073000035, 42.872173309000118 ], [ 19.620050431000152, 42.872604371000079 ], [ 19.615549088000137, 42.873508454000046 ], [ 19.604713440000126, 42.876838685000166 ], [ 19.599168778000035, 42.87805175900013 ], [ 19.591215135000141, 42.878780366000115 ], [ 19.574798583000018, 42.879386902000022 ], [ 19.569688796000094, 42.880035400000054 ], [ 19.558551789000148, 42.882305146000078 ], [ 19.553438187000154, 42.882820130000084 ], [ 19.549461366000173, 42.882820130000084 ], [ 19.545583724000153, 42.882461548000038 ], [ 19.533632279000074, 42.88014221200018 ], [ 19.525722503000054, 42.879570008000087 ], [ 19.492660522000165, 42.879722595000032 ], [ 19.484567642000059, 42.880111696000142 ], [ 19.480705261000139, 42.880611419 ], [ 19.474882126000182, 42.881980896000073 ], [ 19.467140198000152, 42.884490966000101 ], [ 19.459356308000054, 42.886550903000114 ], [ 19.445384979000039, 42.889633179000043 ], [ 19.424394608000114, 42.896858216 ], [ 19.420579911000061, 42.898551941999983 ], [ 19.409755707000102, 42.904052735000107 ], [ 19.404714585000079, 42.906925202000025 ], [ 19.402971269000034, 42.908187866000048 ], [ 19.396833419000075, 42.913566589000027 ], [ 19.391731262000064, 42.916862488000163 ], [ 19.384702683000171, 42.919971466000163 ], [ 19.376911163000159, 42.922721863000106 ], [ 19.376367570000014, 42.922847748000152 ], [ 19.375562667000111, 42.923454284000059 ], [ 19.371158600000172, 42.92866516100014 ], [ 19.368320465000068, 42.930896758000131 ], [ 19.36387062100016, 42.933277130000079 ], [ 19.351119994000044, 42.938117981000175 ], [ 19.34894561700014, 42.939189912000131 ], [ 19.345687867000095, 42.94181442200005 ], [ 19.343915939, 42.943775177000191 ], [ 19.342382432000079, 42.945846558000028 ], [ 19.340131759000087, 42.949733733000073 ], [ 19.338462829000036, 42.953506470000036 ], [ 19.33746147200003, 42.958137512000064 ], [ 19.336755752999977, 42.964965820000145 ], [ 19.33498573300011, 42.974788665000119 ], [ 19.334083558000145, 42.975456238 ], [ 19.334659576000035, 42.975849152000194 ], [ 19.335376739000139, 42.977226256999984 ], [ 19.335994720000031, 42.979152679000038 ], [ 19.337158203000058, 42.988262176000148 ], [ 19.337831497000025, 42.990852355000129 ], [ 19.339418411000054, 42.994125366000162 ], [ 19.342025758000034, 42.997238159000062 ], [ 19.344573975000117, 42.999031068000136 ], [ 19.346649170000148, 42.999851227000079 ], [ 19.358366013000136, 43.002475739000147 ], [ 19.365476609000154, 43.003227235000168 ], [ 19.378501892000031, 43.003524781000067 ], [ 19.382665635000023, 43.003890991 ], [ 19.385463714000025, 43.004386902000078 ], [ 19.388832091999973, 43.005325318000132 ], [ 19.391771317000121, 43.006771088 ], [ 19.393888473000118, 43.008598329000108 ], [ 19.396026611000082, 43.011329652000086 ], [ 19.39771843, 43.015148163000106 ], [ 19.399665832000039, 43.021186829000044 ], [ 19.401853561000109, 43.02552795500003 ], [ 19.403608321000036, 43.028308868000181 ], [ 19.409721375000061, 43.036014556000055 ], [ 19.4183235160001, 43.034610748000091 ], [ 19.422241212000074, 43.034130096000126 ], [ 19.42707443300003, 43.033924103 ], [ 19.445701599000074, 43.033672334000073 ], [ 19.456176757000151, 43.032665252000072 ], [ 19.463462829000093, 43.030307769000103 ], [ 19.467992783000113, 43.029212952000023 ], [ 19.479198456000063, 43.027633666000099 ], [ 19.487455368000099, 43.026138306000178 ], [ 19.490924835000158, 43.025783539000088 ], [ 19.499059677, 43.025436401000093 ], [ 19.502342225000177, 43.025074006000068 ], [ 19.508344649000151, 43.023559569999975 ], [ 19.511758804000124, 43.022521974000142 ], [ 19.515844345, 43.020858766000174 ], [ 19.53235435400012, 43.013343811000027 ], [ 19.540079116000129, 43.00951004000018 ], [ 19.544851302000097, 43.00745391800001 ], [ 19.550083160000099, 43.005531311000027 ], [ 19.552774429000124, 43.004783630000077 ], [ 19.57508659400014, 43.000556947 ], [ 19.582214356000179, 42.998935699000185 ], [ 19.590169906000085, 42.996772767000095 ], [ 19.593456268000068, 42.996131897000168 ], [ 19.597747803000118, 42.995609283000078 ], [ 19.61045265100006, 42.994750977000137 ], [ 19.615709305000166, 42.993957520000151 ], [ 19.624050141000168, 42.993041993000134 ], [ 19.626697540000123, 42.992607117000034 ], [ 19.628944398000044, 42.991958619 ], [ 19.631866455000136, 42.990432740000188 ], [ 19.635343552000165, 42.987922668000124 ], [ 19.639448165000033, 42.984409333000144 ], [ 19.643741608000084, 42.980300903 ], [ 19.647022247, 42.976806641999985 ], [ 19.651132583000106, 42.970703126000046 ], [ 19.656286239, 42.963706970000089 ], [ 19.657680512000184, 42.961200715000075 ], [ 19.658592224000131, 42.958942414000035 ], [ 19.659116744000187, 42.956462861000148 ], [ 19.659227372000089, 42.951335908000033 ], [ 19.658914567000068, 42.948791504000155 ], [ 19.658237458000087, 42.946334839000031 ], [ 19.656396867000126, 42.943012238 ], [ 19.650247574000161, 42.935832977000075 ], [ 19.648149490000094, 42.932582855000135 ], [ 19.647539139000173, 42.930244445000085 ], [ 19.647621155000024, 42.927860260999978 ], [ 19.648714066000082, 42.924728394000113 ], [ 19.649747848, 42.923183442000038 ], [ 19.652904510999974, 42.919712067000091 ], [ 19.658437730000117, 42.914405823000038 ], [ 19.660680770000113, 42.912570954000159 ], [ 19.664073944000165, 42.910358428000052 ], [ 19.67126464800009, 42.906250001000046 ], [ 19.685327530000109, 42.897151947000054 ] ] ] ] } },
{ "type": "Feature", "properties": { "fid": 12, "GID_1": "MNE.12_1", "GID_0": "MNE", "COUNTRY": "Montenegro", "NAME_1": "Nikšic", "VARNAME_1": "NA", "NL_NAME_1": "NA", "TYPE_1": "Opština", "ENGTYPE_1": "Municipality", "CC_1": "NA", "HASC_1": "ME.NK", "ISO_1": "NA" }, "geometry": { "type": "MultiPolygon", "coordinates": [ [ [ [ 18.48478126599997, 42.798671722000051 ], [ 18.484722138000052, 42.79907608100018 ], [ 18.499788283999976, 42.805549622000115 ], [ 18.505771637000066, 42.815940856000168 ], [ 18.499191284000176, 42.831531524000127 ], [ 18.494459152000161, 42.844676973000048 ], [ 18.497898103000182, 42.856208801000093 ], [ 18.502075196000021, 42.870224 ], [ 18.494720459000177, 42.884288789000152 ], [ 18.492015839000032, 42.895664215000068 ], [ 18.502084732000128, 42.900379181000119 ], [ 18.499071120000167, 42.913944244000106 ], [ 18.487689972000112, 42.929637909000178 ], [ 18.485702514000025, 42.938045503000183 ], [ 18.492286682000156, 42.975170135000042 ], [ 18.50425529600011, 42.99263382100014 ], [ 18.517330171000026, 43.005149842000151 ], [ 18.521123886000169, 43.017814636000026 ], [ 18.529850005000128, 43.026554108000141 ], [ 18.547498702000155, 43.035995483000193 ], [ 18.549623489, 43.037128449000136 ], [ 18.552471159999982, 43.038654327000074 ], [ 18.560844422, 43.038368226000102 ], [ 18.612716675, 43.036602021000078 ], [ 18.649026870000057, 43.035362243000179 ], [ 18.67887306300014, 43.037166595000087 ], [ 18.662879944000167, 43.097179413000106 ], [ 18.660072327000137, 43.114028932000053 ], [ 18.669452666999973, 43.111522675000117 ], [ 18.706838608000055, 43.101531984000076 ], [ 18.728590011000051, 43.095722199000136 ], [ 18.740045547000022, 43.093204499000194 ], [ 18.749963760000071, 43.090011597000171 ], [ 18.760684967000145, 43.086555482000108 ], [ 18.765525818000185, 43.084346771000071 ], [ 18.768392563000134, 43.082653047000065 ], [ 18.771575927000129, 43.080482483000083 ], [ 18.774414063000108, 43.077930450000053 ], [ 18.776704788000188, 43.075057983000136 ], [ 18.779724121000186, 43.069751740000129 ], [ 18.781839371000046, 43.064201355000137 ], [ 18.783386231000122, 43.060134889000153 ], [ 18.789163589000111, 43.047748566000166 ], [ 18.791719436000108, 43.041549683000028 ], [ 18.792518616000166, 43.039611817000093 ], [ 18.800506593000023, 43.022075653000059 ], [ 18.803842544000076, 43.016304015000173 ], [ 18.809610367000118, 43.008277894000173 ], [ 18.811719894000134, 43.004878997000048 ], [ 18.817636490000098, 42.99256897000015 ], [ 18.820013046999975, 42.988433839000038 ], [ 18.827268600000025, 42.979137421000019 ], [ 18.829036712000118, 42.977127075000169 ], [ 18.834297181000068, 42.971149444000162 ], [ 18.843902589000095, 42.961360931 ], [ 18.849161148000064, 42.955513001000043 ], [ 18.854265212000143, 42.951564789000031 ], [ 18.865240096000093, 42.944892884000183 ], [ 18.868509292000056, 42.943450929000164 ], [ 18.870990753000115, 42.942649841000161 ], [ 18.881278992999967, 42.940208435000102 ], [ 18.885372162000181, 42.939682007000044 ], [ 18.898292542000036, 42.939250947000119 ], [ 18.950740815000074, 42.938858033000088 ], [ 18.955148697000084, 42.93865585400016 ], [ 18.959360122000078, 42.938461305000146 ], [ 18.962659836000114, 42.938137055000141 ], [ 18.966520310000135, 42.937759400000061 ], [ 18.971504211000138, 42.936901092000085 ], [ 18.991636276000065, 42.932109832000151 ], [ 18.996528626000043, 42.930622100000164 ], [ 18.998138428000175, 42.929912567000144 ], [ 19.000215530999981, 42.928108215000066 ], [ 19.00464630100015, 42.925201416000164 ], [ 19.025220870000112, 42.913902284000187 ], [ 19.037305832000129, 42.908672334000187 ], [ 19.053327560000071, 42.90085220300017 ], [ 19.062145233000024, 42.897003175 ], [ 19.072385788000076, 42.891639709000174 ], [ 19.081501007000099, 42.887641906000056 ], [ 19.089653015000124, 42.883541107000099 ], [ 19.09674835200002, 42.879974365000066 ], [ 19.102317810000045, 42.877506256000061 ], [ 19.106067658000029, 42.87610244800004 ], [ 19.106893540000101, 42.875709534000066 ], [ 19.110799790000044, 42.873859405000189 ], [ 19.120145798000067, 42.868564607000167 ], [ 19.127698898000119, 42.863029480000193 ], [ 19.135784149000187, 42.857910156000116 ], [ 19.147163392000152, 42.85268402100013 ], [ 19.155904769000188, 42.849403382000048 ], [ 19.157316208000168, 42.848873139000148 ], [ 19.161203385000022, 42.847908019000045 ], [ 19.164352417000146, 42.847476959000062 ], [ 19.167314529000066, 42.847312927000189 ], [ 19.170997619, 42.847106934000124 ], [ 19.186594010000022, 42.846900940000126 ], [ 19.19450759800003, 42.847370149000142 ], [ 19.201078416000144, 42.848030090000123 ], [ 19.20770072900018, 42.845382691000168 ], [ 19.212306977000082, 42.843212127000186 ], [ 19.213270187000035, 42.842639923000092 ], [ 19.213985443000013, 42.842216492000148 ], [ 19.216924668000161, 42.839908600000115 ], [ 19.227281571000049, 42.828132630000141 ], [ 19.22930908100011, 42.824844361000089 ], [ 19.230859756000086, 42.822330476 ], [ 19.231655121000074, 42.82027816700014 ], [ 19.232307434000177, 42.818592073000048 ], [ 19.232812881000143, 42.815601348000143 ], [ 19.232774734000088, 42.81286239700006 ], [ 19.232099532000177, 42.810195922000162 ], [ 19.231094360000156, 42.808288575000176 ], [ 19.228570939000178, 42.805358888000171 ], [ 19.225193023000088, 42.802520752000191 ], [ 19.222944260000133, 42.800987243 ], [ 19.217370987000038, 42.797191620000149 ], [ 19.213588715000071, 42.793983460000049 ], [ 19.211940765000122, 42.792587280000191 ], [ 19.211553574000163, 42.79208374100017 ], [ 19.210380554000096, 42.790573120000147 ], [ 19.209125518000178, 42.788051605000192 ], [ 19.208589553000138, 42.786029815000063 ], [ 19.208337784000037, 42.785076142000094 ], [ 19.207963943000095, 42.781955719000109 ], [ 19.207992555000146, 42.772319795000044 ], [ 19.208221436000144, 42.770748139000034 ], [ 19.208452224000098, 42.769130708000034 ], [ 19.209472657000049, 42.766040803000124 ], [ 19.21029091000014, 42.764682769 ], [ 19.210866927000097, 42.763721467000039 ], [ 19.213443755000185, 42.760643005000077 ], [ 19.216495513000041, 42.757690429000036 ], [ 19.224201202000188, 42.750228882000044 ], [ 19.221382141999982, 42.746585846000016 ], [ 19.218736648000117, 42.744045257000039 ], [ 19.216312409000182, 42.742282867000085 ], [ 19.209514618000071, 42.738128662000179 ], [ 19.208473205000132, 42.737083436000034 ], [ 19.207250595000062, 42.735855103000063 ], [ 19.206235885000126, 42.734294891000161 ], [ 19.205602645000113, 42.732543946000135 ], [ 19.205474854000101, 42.731323243000134 ], [ 19.20534896800018, 42.730121612000062 ], [ 19.205423355, 42.729263307 ], [ 19.205556870000123, 42.727722168000128 ], [ 19.206386567000152, 42.72410965 ], [ 19.207685470000058, 42.720241547000171 ], [ 19.209243774000186, 42.71710205200003 ], [ 19.210126877000164, 42.715953826000032 ], [ 19.211427688000072, 42.714260102000082 ], [ 19.215982437000093, 42.709617614000138 ], [ 19.223321914999985, 42.703533174000142 ], [ 19.224452973000155, 42.702438355000083 ], [ 19.224939346000156, 42.701972961000138 ], [ 19.22533607500003, 42.701396942000144 ], [ 19.225719453000124, 42.700847626000154 ], [ 19.226486206000061, 42.698184968000135 ], [ 19.225990296000077, 42.695648194 ], [ 19.224981308000054, 42.694099427000026 ], [ 19.223627090000093, 42.692878722000046 ], [ 19.221925735000127, 42.691856384000175 ], [ 19.219701766000071, 42.690979003000166 ], [ 19.215492249000022, 42.689964295000038 ], [ 19.207769394000081, 42.688865662000183 ], [ 19.203332901000067, 42.688610077000078 ], [ 19.198444367000093, 42.688911439000151 ], [ 19.188232421000123, 42.690315247000115 ], [ 19.180353165000156, 42.690696717000037 ], [ 19.164314270000091, 42.690864563000105 ], [ 19.157838822000087, 42.690765381000062 ], [ 19.143163682000136, 42.690540315000078 ], [ 19.140562058000171, 42.690670014000091 ], [ 19.139204026000073, 42.690734864000092 ], [ 19.135366439000109, 42.691177368000126 ], [ 19.128244400000142, 42.692657472000178 ], [ 19.113466263000134, 42.696449280000024 ], [ 19.098291397000082, 42.700992585000165 ], [ 19.094404220000058, 42.701683045000095 ], [ 19.093849181000053, 42.701782227000137 ], [ 19.086832047000144, 42.702178955000079 ], [ 19.083761215999971, 42.702098847000059 ], [ 19.079755783000167, 42.70199584900007 ], [ 19.075176239000143, 42.701385498000093 ], [ 19.0669918050001, 42.699359894000168 ], [ 19.062240600000166, 42.697765351000157 ], [ 19.058450700000094, 42.696151733000193 ], [ 19.047615052000083, 42.691360474000192 ], [ 19.039064407000069, 42.687263489000031 ], [ 19.038623811000036, 42.686985016000165 ], [ 19.035909653000147, 42.685260773000039 ], [ 19.028844833000051, 42.67998886100014 ], [ 19.020475388000023, 42.675312042000144 ], [ 19.017377852999971, 42.672737121000182 ], [ 19.016126632000123, 42.671073913000043 ], [ 19.014743804000091, 42.667984008000076 ], [ 19.014142991000028, 42.665325166000173 ], [ 19.014015198000038, 42.663616181000123 ], [ 19.01395988500019, 42.662860871000134 ], [ 19.014102937000075, 42.652736664000088 ], [ 19.014307022000025, 42.638351440000179 ], [ 19.013849258000164, 42.629539489000194 ], [ 19.01343345600003, 42.627994537000063 ], [ 19.013107300000058, 42.626792908000027 ], [ 19.012413025000058, 42.625583649000077 ], [ 19.011798859000066, 42.624511719000054 ], [ 19.010686874000157, 42.623497009000118 ], [ 19.009225846000049, 42.62216568100007 ], [ 19.006544113000132, 42.620548248000091 ], [ 19.001150132000134, 42.618202210000163 ], [ 18.997087479000186, 42.617019653000114 ], [ 18.994909287000098, 42.61671829300019 ], [ 18.993158340000036, 42.616474152000137 ], [ 18.986986161000175, 42.616291046000129 ], [ 18.98469924900013, 42.616222382000103 ], [ 18.981767654000123, 42.616279603000123 ], [ 18.97117614800004, 42.616474152000137 ], [ 18.960588454000117, 42.616958619000172 ], [ 18.955732346000161, 42.617416381000055 ], [ 18.951755522999974, 42.617794036000134 ], [ 18.945827485000109, 42.626838685 ], [ 18.939922333000027, 42.637016297000116 ], [ 18.938316345000032, 42.639038087000074 ], [ 18.936780929000179, 42.640972137000063 ], [ 18.934082032000049, 42.643558503000179 ], [ 18.932577134000098, 42.644695282000157 ], [ 18.931499481000174, 42.645511628 ], [ 18.929571151000118, 42.646636963000162 ], [ 18.922418595000011, 42.650268555000082 ], [ 18.914079667000181, 42.653949738000108 ], [ 18.902585984000154, 42.658382416000052 ], [ 18.900608063, 42.65935134900019 ], [ 18.898553847000073, 42.660354615000074 ], [ 18.895685195, 42.662006378000058 ], [ 18.894510270000069, 42.662685394999983 ], [ 18.891813279000132, 42.664669038000056 ], [ 18.888473510000097, 42.66771316500018 ], [ 18.88221549900004, 42.673969269000168 ], [ 18.87805175900013, 42.678741455000136 ], [ 18.876287461000175, 42.680435181000121 ], [ 18.875530243000014, 42.681159973000035 ], [ 18.873195649000138, 42.683124543000076 ], [ 18.868543626000076, 42.685848235000151 ], [ 18.857944488999976, 42.690155030000085 ], [ 18.856481553000094, 42.690597535 ], [ 18.854965210000159, 42.691059112000119 ], [ 18.851356506000172, 42.69181442200005 ], [ 18.842952729, 42.692508697000051 ], [ 18.825834275000091, 42.692676545000097 ], [ 18.812320709000176, 42.692806244000053 ], [ 18.80299949700003, 42.693405152000082 ], [ 18.7956523900001, 42.694438935000051 ], [ 18.791883469000084, 42.695571901 ], [ 18.78925895600014, 42.69663620100016 ], [ 18.781505585000104, 42.70030975300017 ], [ 18.777374267000084, 42.702705383000136 ], [ 18.76990890400009, 42.707874298000149 ], [ 18.767721176000123, 42.708995820000041 ], [ 18.765764237000099, 42.709995269000046 ], [ 18.762527466000108, 42.711154938000163 ], [ 18.759386063000136, 42.711963654000101 ], [ 18.755258560000129, 42.71220016500007 ], [ 18.751325608000116, 42.711475373000155 ], [ 18.749505996000039, 42.710708618000183 ], [ 18.74715232799997, 42.709030152000025 ], [ 18.746072769000079, 42.707580566 ], [ 18.745433806999984, 42.706279755000139 ], [ 18.744691850000152, 42.703525544000058 ], [ 18.744087219000107, 42.698852540000132 ], [ 18.743610382000043, 42.695144653 ], [ 18.742139816000019, 42.692249297999979 ], [ 18.740043640000124, 42.690204620000088 ], [ 18.737024308000059, 42.688167572000111 ], [ 18.725542068000038, 42.682979583000133 ], [ 18.721324920000143, 42.680522918000179 ], [ 18.717779159000145, 42.677528381000116 ], [ 18.714754105000111, 42.674217225000064 ], [ 18.713371277000135, 42.670822144000113 ], [ 18.712926864000053, 42.667991638 ], [ 18.712762833000056, 42.650035859000184 ], [ 18.71230507000007, 42.644153596000137 ], [ 18.711578368000175, 42.641372681000121 ], [ 18.710832596000103, 42.639736177000088 ], [ 18.710044861000029, 42.638542176000158 ], [ 18.708381653000117, 42.636035919000165 ], [ 18.70689392100013, 42.634483338000052 ], [ 18.706327437000141, 42.634075164000024 ], [ 18.704263687999969, 42.632579804000102 ], [ 18.699375152000187, 42.630214691000106 ], [ 18.684604644, 42.625892638000153 ], [ 18.67602920500002, 42.623931884000115 ], [ 18.672309876000043, 42.623081207000155 ], [ 18.663782119000132, 42.625270844000056 ], [ 18.655937196000025, 42.626926422000054 ], [ 18.651723861, 42.627296449000028 ], [ 18.651296616000081, 42.627334596000082 ], [ 18.648469926000189, 42.627120971000124 ], [ 18.647710800000084, 42.626964569000108 ], [ 18.645874024000136, 42.626708984 ], [ 18.636474609000061, 42.623901367000144 ], [ 18.626525878000109, 42.622070312000119 ], [ 18.622314453000115, 42.621093751000046 ], [ 18.61301994300004, 42.618129730000192 ], [ 18.604127883000103, 42.615295409000055 ], [ 18.603134154000031, 42.615085602000192 ], [ 18.597473144000048, 42.613891601000091 ], [ 18.58738517800009, 42.610996247000173 ], [ 18.58428955100004, 42.61010742100018 ], [ 18.578369141000053, 42.60884857200017 ], [ 18.577663421000125, 42.60869217000004 ], [ 18.569328308000138, 42.607204438000053 ], [ 18.571107895000068, 42.604125921000161 ], [ 18.571093000000133, 42.604113 ], [ 18.571072573000151, 42.604095552000047 ], [ 18.570997238000018, 42.604030609000063 ], [ 18.570911073000104, 42.603954065000153 ], [ 18.569993973000066, 42.603263855000023 ], [ 18.536996842000065, 42.617904664000037 ], [ 18.542272567, 42.634563447 ], [ 18.544204713, 42.635951997000177 ], [ 18.552431106000085, 42.64185714700011 ], [ 18.571662902000071, 42.645236970000042 ], [ 18.576669694000088, 42.645900726000093 ], [ 18.584970475000034, 42.646999360000052 ], [ 18.594293595000124, 42.652534484000057 ], [ 18.565450668000096, 42.676914214000192 ], [ 18.562873840000066, 42.687561035000158 ], [ 18.565128326000092, 42.700462342000094 ], [ 18.567789078000146, 42.707145691000164 ], [ 18.570266724000192, 42.713367462000122 ], [ 18.575937272000033, 42.72003936700014 ], [ 18.582601547000138, 42.727878570000087 ], [ 18.570394514999975, 42.729793549000192 ], [ 18.564878464, 42.730659485000103 ], [ 18.55204391500007, 42.73165512200012 ], [ 18.532922744000132, 42.735137940000186 ], [ 18.52120590200019, 42.740917206000177 ], [ 18.515090943000075, 42.747829437000178 ], [ 18.513544083000113, 42.749576569000112 ], [ 18.503339768000046, 42.75723648100012 ], [ 18.500501632000066, 42.758365631000117 ], [ 18.489879607000034, 42.76259613100018 ], [ 18.48478126599997, 42.798671722000051 ] ] ] ] } },
{ "type": "Feature", "properties": { "fid": 15, "GID_1": "MNE.15_1", "GID_0": "MNE", "COUNTRY": "Montenegro", "NAME_1": "Plužine", "VARNAME_1": "NA", "NL_NAME_1": "NA", "TYPE_1": "Opština", "ENGTYPE_1": "Municipality", "CC_1": "NA", "HASC_1": "ME.PU", "ISO_1": "NA" }, "geometry": { "type": "MultiPolygon", "coordinates": [ [ [ [ 18.695737838000127, 43.265220642000088 ], [ 18.695547104000184, 43.266609192000033 ], [ 18.705375672000173, 43.274452209000174 ], [ 18.720630644999972, 43.279945374000192 ], [ 18.734640121000098, 43.288745881000125 ], [ 18.750608445000069, 43.298633575000053 ], [ 18.767141342000116, 43.305088043000126 ], [ 18.791311264000115, 43.312145233000138 ], [ 18.80947494500009, 43.318565369000055 ], [ 18.829380036000089, 43.32538986100019 ], [ 18.843952179000098, 43.33170318700013 ], [ 18.829908371000045, 43.352428436000139 ], [ 18.846891404000189, 43.358089448000101 ], [ 18.862243653000064, 43.361644745000035 ], [ 18.879062652000187, 43.362571716000048 ], [ 18.89273452700013, 43.36379623400012 ], [ 18.904153824000048, 43.366119385000047 ], [ 18.915809631000172, 43.368160248000095 ], [ 18.933584214000064, 43.352249145000144 ], [ 18.948259354000186, 43.339965821000078 ], [ 18.960269929000162, 43.332660675000113 ], [ 18.964365006000151, 43.326004028000114 ], [ 18.962499619000084, 43.318943024000134 ], [ 18.957622528000059, 43.308403015000124 ], [ 18.957643509000093, 43.308174134000126 ], [ 18.959356309000043, 43.300441742000032 ], [ 18.973726272000022, 43.295581817000141 ], [ 18.986490250000088, 43.287666321000188 ], [ 18.992948533, 43.276390075000108 ], [ 18.994058610000138, 43.274448394000103 ], [ 19.003417969000111, 43.264976503000071 ], [ 19.016620635000038, 43.255538941000054 ], [ 19.016384124000126, 43.247406007000052 ], [ 19.016384124000126, 43.242465973000037 ], [ 19.014070510000181, 43.232772826000144 ], [ 19.012632370000176, 43.221229553000114 ], [ 19.012178421000044, 43.214958191000051 ], [ 19.011831283000106, 43.19630432200006 ], [ 19.011861802000055, 43.190147401000161 ], [ 19.012395859000094, 43.184135437000123 ], [ 19.013589860000025, 43.179309846000081 ], [ 19.016672135000022, 43.170578004000049 ], [ 19.017375945000026, 43.166049957000098 ], [ 19.016994477000082, 43.158851625000125 ], [ 19.015514372999974, 43.149909973000149 ], [ 19.015928268000039, 43.145812989000092 ], [ 19.017108918000019, 43.142379761000086 ], [ 19.018745422000109, 43.139064790000134 ], [ 19.024297714000113, 43.131057740000017 ], [ 19.028930664000086, 43.125617980000072 ], [ 19.039468765000095, 43.114536286000146 ], [ 19.042467118000104, 43.110652924000135 ], [ 19.043676377000111, 43.108188629000097 ], [ 19.044275283000104, 43.106117249000135 ], [ 19.044775009000034, 43.102191925000056 ], [ 19.044841767000037, 43.096591950000061 ], [ 19.035621643000127, 43.095695495000086 ], [ 19.029209137000123, 43.094818115000123 ], [ 19.021139144000074, 43.093463898000095 ], [ 19.009294509000142, 43.090862274000131 ], [ 18.997894287000122, 43.087833405000083 ], [ 18.993066788000135, 43.086223602000189 ], [ 18.989072799000155, 43.08457946700014 ], [ 18.985681535000026, 43.082378389000098 ], [ 18.982606888000134, 43.079681397000058 ], [ 18.979642867000109, 43.076477050000051 ], [ 18.974233628000093, 43.069175720000089 ], [ 18.971572876000039, 43.064521790000128 ], [ 18.964544297000145, 43.050567628000181 ], [ 18.961975097, 43.044731140000067 ], [ 18.960557938000079, 43.042827606000117 ], [ 18.955062865000059, 43.036880494000116 ], [ 18.95369720400015, 43.035087584999985 ], [ 18.951557159000117, 43.03179550100009 ], [ 18.948665618000064, 43.02549743600008 ], [ 18.947990417000028, 43.023025513000107 ], [ 18.947471619000112, 43.017711639000083 ], [ 18.947254182000165, 42.998455049000029 ], [ 18.947502136000026, 42.995807647000163 ], [ 18.948102951000124, 42.993289947000051 ], [ 18.950147630000117, 42.989231109000116 ], [ 18.951616286000103, 42.987522126000044 ], [ 18.95539665300015, 42.984386444000108 ], [ 18.958669661999977, 42.982162475000052 ], [ 18.961683273, 42.98030471800007 ], [ 18.966001510000183, 42.978107453000064 ], [ 18.969146728000169, 42.976711273000035 ], [ 18.976503372000138, 42.973999023000147 ], [ 19.000802994000026, 42.966384888000107 ], [ 19.006347656000116, 42.964385987000014 ], [ 19.010429382000154, 42.962535858000138 ], [ 19.013885499000025, 42.960659028000123 ], [ 19.015382767000119, 42.959396363 ], [ 19.016933442000095, 42.957218171000079 ], [ 19.017858505000163, 42.954025269000056 ], [ 19.01784896800018, 42.951545716000169 ], [ 19.017288208000139, 42.949089050000111 ], [ 19.015684128000089, 42.946025849000023 ], [ 19.013830184000028, 42.943553924000071 ], [ 19.01079940700015, 42.940486908000139 ], [ 18.998138428000175, 42.929912567000144 ], [ 18.996528626000043, 42.930622100000164 ], [ 18.991636276000065, 42.932109832000151 ], [ 18.971504211000138, 42.936901092000085 ], [ 18.966520310000135, 42.937759400000061 ], [ 18.962659836000114, 42.938137055000141 ], [ 18.959360122000078, 42.938461305000146 ], [ 18.955148697000084, 42.93865585400016 ], [ 18.950740815000074, 42.938858033000088 ], [ 18.898292542000036, 42.939250947000119 ], [ 18.885372162000181, 42.939682007000044 ], [ 18.881278992999967, 42.940208435000102 ], [ 18.870990753000115, 42.942649841000161 ], [ 18.868509292000056, 42.943450929000164 ], [ 18.865240096000093, 42.944892884000183 ], [ 18.854265212000143, 42.951564789000031 ], [ 18.849161148000064, 42.955513001000043 ], [ 18.843902589000095, 42.961360931 ], [ 18.834297181000068, 42.971149444000162 ], [ 18.829036712000118, 42.977127075000169 ], [ 18.827268600000025, 42.979137421000019 ], [ 18.820013046999975, 42.988433839000038 ], [ 18.817636490000098, 42.99256897000015 ], [ 18.811719894000134, 43.004878997000048 ], [ 18.809610367000118, 43.008277894000173 ], [ 18.803842544000076, 43.016304015000173 ], [ 18.800506593000023, 43.022075653000059 ], [ 18.792518616000166, 43.039611817000093 ], [ 18.791719436000108, 43.041549683000028 ], [ 18.789163589000111, 43.047748566000166 ], [ 18.783386231000122, 43.060134889000153 ], [ 18.781839371000046, 43.064201355000137 ], [ 18.779724121000186, 43.069751740000129 ], [ 18.776704788000188, 43.075057983000136 ], [ 18.774414063000108, 43.077930450000053 ], [ 18.771575927000129, 43.080482483000083 ], [ 18.768392563000134, 43.082653047000065 ], [ 18.765525818000185, 43.084346771000071 ], [ 18.760684967000145, 43.086555482000108 ], [ 18.749963760000071, 43.090011597000171 ], [ 18.740045547000022, 43.093204499000194 ], [ 18.728590011000051, 43.095722199000136 ], [ 18.706838608000055, 43.101531984000076 ], [ 18.669452666999973, 43.111522675000117 ], [ 18.660072327000137, 43.114028932000053 ], [ 18.656238555000186, 43.13704681300004 ], [ 18.656461716000081, 43.156978607000042 ], [ 18.661773682000103, 43.175571441000102 ], [ 18.663196564000089, 43.191974640000069 ], [ 18.672559737000029, 43.205841064000026 ], [ 18.683952331000114, 43.21888351500013 ], [ 18.69759368800004, 43.226547242000152 ], [ 18.716987609, 43.236091614000088 ], [ 18.7079296120001, 43.255237578999981 ], [ 18.696754456000065, 43.257843018000187 ], [ 18.695737838000127, 43.265220642000088 ] ] ] ] } },
{ "type": "Feature", "properties": { "fid": 16, "GID_1": "MNE.16_1", "GID_0": "MNE", "COUNTRY": "Montenegro", "NAME_1": "Podgorica", "VARNAME_1": "NA", "NL_NAME_1": "NA", "TYPE_1": "Opština", "ENGTYPE_1": "Municipality", "CC_1": "NA", "HASC_1": "ME.PG", "ISO_1": "ME-16" }, "geometry": { "type": "MultiPolygon", "coordinates": [ [ [ [ 19.41648483300014, 42.328932444000145 ], [ 19.416608810000184, 42.327999114000193 ], [ 19.417041778000112, 42.324687959000016 ], [ 19.416243553000072, 42.323148728000149 ], [ 19.415445328000033, 42.321609497000054 ], [ 19.412897109000141, 42.316696167000146 ], [ 19.397314071000039, 42.304298400999983 ], [ 19.387073516000157, 42.296043397000176 ], [ 19.380376815000034, 42.291725159000123 ], [ 19.377899168999988, 42.286926270000151 ], [ 19.375204085000121, 42.27981185900012 ], [ 19.372571945000118, 42.272312165000073 ], [ 19.366075515000148, 42.266475679000109 ], [ 19.358560563000083, 42.260555269000179 ], [ 19.35263443000008, 42.254367828999989 ], [ 19.350200654000162, 42.247798921000083 ], [ 19.349943161000112, 42.243389130000139 ], [ 19.348068236000131, 42.237850190000131 ], [ 19.339183807000154, 42.230693816999974 ], [ 19.287149429000181, 42.181301117000089 ], [ 19.286001205000048, 42.182056428000124 ], [ 19.286569595000174, 42.1826019290001 ], [ 19.286703110000133, 42.182727814000089 ], [ 19.284790039000029, 42.184402465000176 ], [ 19.280374527000049, 42.188266754000097 ], [ 19.236093521000157, 42.218044282000108 ], [ 19.201738357000124, 42.236366273000044 ], [ 19.168909073000066, 42.242473602000075 ], [ 19.12921142600004, 42.266902924000021 ], [ 19.113941193000187, 42.297439575000055 ], [ 19.109527588000105, 42.312576294000053 ], [ 19.109697341000015, 42.312614441000107 ], [ 19.116996766000113, 42.314235687000121 ], [ 19.142190934000155, 42.327980041000103 ], [ 19.149326324000072, 42.331691741999975 ], [ 19.150897979000149, 42.331024171000081 ], [ 19.152597427000103, 42.33538818300002 ], [ 19.153240204000042, 42.340354920000038 ], [ 19.153373718000125, 42.350818634000177 ], [ 19.152976989000024, 42.356735231000073 ], [ 19.15219879100016, 42.359466554000051 ], [ 19.151491165000039, 42.36083603000003 ], [ 19.149360657000159, 42.363582612000073 ], [ 19.146318435000126, 42.366527557000097 ], [ 19.141929627000081, 42.369956970000089 ], [ 19.135808945000122, 42.373828889000094 ], [ 19.122280121000188, 42.380195618000073 ], [ 19.11565971300007, 42.383918762000121 ], [ 19.098701475999974, 42.395874025000126 ], [ 19.094005586000094, 42.399539947000051 ], [ 19.08906936700015, 42.40377044700017 ], [ 19.086227417000032, 42.40694046100009 ], [ 19.084424972000022, 42.40954208300019 ], [ 19.081996918000016, 42.414478302000134 ], [ 19.081787109000174, 42.414905549000082 ], [ 19.080484390000095, 42.416831970000032 ], [ 19.071992874000102, 42.426979065000182 ], [ 19.063392639000028, 42.43494033800016 ], [ 19.054525376000072, 42.441658020000148 ], [ 19.042919159000121, 42.447479248000036 ], [ 19.037788392000095, 42.450672150000116 ], [ 19.034179688000108, 42.453296661000081 ], [ 19.032722474000138, 42.454681398000162 ], [ 19.030942916000186, 42.456882476000033 ], [ 19.024082184000065, 42.467983246000131 ], [ 19.022546768000041, 42.469905854000046 ], [ 19.020288467000114, 42.472103119000053 ], [ 19.018411636000167, 42.473472596000136 ], [ 19.011817932000156, 42.47768783600003 ], [ 19.008876800000166, 42.479148865000184 ], [ 19.002035141000079, 42.481197358000145 ], [ 18.990112305000025, 42.483860015000062 ], [ 18.986951827000155, 42.484745026000041 ], [ 18.983009337000112, 42.486206055000025 ], [ 18.974927901000058, 42.489948273000039 ], [ 18.972906114000182, 42.491100312000071 ], [ 18.970643998000071, 42.493137360000048 ], [ 18.969116211000085, 42.495536805000086 ], [ 18.968753814000024, 42.49849319599997 ], [ 18.969348907000153, 42.500041961000136 ], [ 18.970214843000178, 42.501064300999985 ], [ 18.971822738000071, 42.502117158000146 ], [ 18.974054337000098, 42.502906800000119 ], [ 18.976217269000188, 42.50337982200017 ], [ 18.988443374000042, 42.504909516000112 ], [ 18.991308210999989, 42.505397797000114 ], [ 18.992414475000089, 42.505798341000173 ], [ 19.006019593000076, 42.502628327000082 ], [ 19.022403718000078, 42.497379304 ], [ 19.032722474000138, 42.494693756000061 ], [ 19.03916168100011, 42.49219513100013 ], [ 19.051652909000154, 42.485126495000088 ], [ 19.054294585000036, 42.483844757000043 ], [ 19.05963897800001, 42.481819152000071 ], [ 19.065660478000154, 42.480590820000032 ], [ 19.070268631000147, 42.480068207000045 ], [ 19.077541352000139, 42.479667664000033 ], [ 19.095830917000058, 42.480262757000162 ], [ 19.107610703000034, 42.479942322000056 ], [ 19.114488601000176, 42.479984284000125 ], [ 19.121713639000063, 42.480525971000077 ], [ 19.135189056000058, 42.482398987000181 ], [ 19.138448716000141, 42.482608796000193 ], [ 19.145067216000086, 42.482604981000179 ], [ 19.152130127000135, 42.481998443000066 ], [ 19.157905578000054, 42.481067657000153 ], [ 19.162889481000093, 42.479732514000091 ], [ 19.172534943000187, 42.476333618000069 ], [ 19.17718887400008, 42.475185394000107 ], [ 19.180553436000082, 42.474723817000154 ], [ 19.18400573800011, 42.474540711000145 ], [ 19.187429429000133, 42.474601746000133 ], [ 19.190702439000063, 42.474971771000071 ], [ 19.19295692500009, 42.47554779100011 ], [ 19.195899963000045, 42.476959229000045 ], [ 19.198539734000065, 42.478755951000039 ], [ 19.200597763000076, 42.480720521000194 ], [ 19.20882987900012, 42.490264893000131 ], [ 19.214246750000086, 42.498466492000091 ], [ 19.216766358000029, 42.503753662 ], [ 19.218019485000013, 42.507152557000154 ], [ 19.218442917000061, 42.509258270000032 ], [ 19.218904496000164, 42.517780305000031 ], [ 19.218757628999981, 42.522209167000028 ], [ 19.217548370000031, 42.532077790000017 ], [ 19.217702865000149, 42.553874969000105 ], [ 19.217954636000115, 42.556545258000142 ], [ 19.218891143000064, 42.560596466000163 ], [ 19.220329285, 42.564392089000023 ], [ 19.222808838999981, 42.56906890800019 ], [ 19.226409913000055, 42.574249268000187 ], [ 19.228004455000189, 42.575794221000024 ], [ 19.229667663000157, 42.576980591000165 ], [ 19.23273277200019, 42.578517913000155 ], [ 19.234848023000154, 42.579296112000179 ], [ 19.247407914000064, 42.582443237000064 ], [ 19.252613068000187, 42.584201812000174 ], [ 19.255655288000185, 42.585788727000079 ], [ 19.258367538000073, 42.587635041000112 ], [ 19.260433197000168, 42.589633942000034 ], [ 19.262691498000038, 42.592620849000127 ], [ 19.263677597000026, 42.594940185000041 ], [ 19.264520646000051, 42.598197938 ], [ 19.264938355000083, 42.603302002000078 ], [ 19.264030456000171, 42.608016968000129 ], [ 19.261573791000046, 42.614303590000134 ], [ 19.260942459000034, 42.616760255000145 ], [ 19.26043510500017, 42.621891021000067 ], [ 19.260454178000032, 42.627090454000154 ], [ 19.261119842000028, 42.63212204000007 ], [ 19.26200676100018, 42.634441376000154 ], [ 19.265401840000152, 42.638896943000134 ], [ 19.268434525000146, 42.642063141000051 ], [ 19.271184921000156, 42.644504548000043 ], [ 19.273935317, 42.646514892000084 ], [ 19.277372361000175, 42.648571014000026 ], [ 19.280733108000163, 42.650291444000118 ], [ 19.28562545800014, 42.652404786000147 ], [ 19.30312347500012, 42.659263612000132 ], [ 19.305738450000035, 42.659137725999983 ], [ 19.309169769000164, 42.658344269000168 ], [ 19.318729401000098, 42.654983521000077 ], [ 19.323654175000058, 42.653709412000126 ], [ 19.327642441000023, 42.653133392000029 ], [ 19.344013213999972, 42.65192413300008 ], [ 19.350898744, 42.650974274000134 ], [ 19.356004715000154, 42.649635316000172 ], [ 19.366437912000038, 42.645671845000038 ], [ 19.373041154000134, 42.644069672000114 ], [ 19.37756919900005, 42.643455506000066 ], [ 19.38325881999998, 42.643299104000107 ], [ 19.387241364000033, 42.643676759000186 ], [ 19.392717361000052, 42.644851684000116 ], [ 19.397869110000045, 42.646625519999986 ], [ 19.409851074000073, 42.651897432000112 ], [ 19.417894363000073, 42.655841827000074 ], [ 19.420749664000141, 42.656948091000118 ], [ 19.438188552000099, 42.661453247 ], [ 19.442764281000052, 42.663047792000043 ], [ 19.444784163000065, 42.663967132000096 ], [ 19.447423934000028, 42.665733338000052 ], [ 19.450077056, 42.668018342000096 ], [ 19.454524994000167, 42.672485352000194 ], [ 19.456144333000111, 42.673648834 ], [ 19.459650039999985, 42.675380707000045 ], [ 19.466396331000169, 42.677799225000172 ], [ 19.472625733000086, 42.679386140000076 ], [ 19.483392715000093, 42.681606294000119 ], [ 19.487251281000169, 42.682975768000063 ], [ 19.489072799000041, 42.684009552000191 ], [ 19.492359162000071, 42.686695100000179 ], [ 19.494134903000031, 42.688621520000027 ], [ 19.495578766000051, 42.69068527200011 ], [ 19.505365372000142, 42.710746765000067 ], [ 19.508497239000178, 42.71588897800018 ], [ 19.510744094000188, 42.718402863000108 ], [ 19.513236999000128, 42.720264435000104 ], [ 19.515935897000134, 42.721485138000105 ], [ 19.519105911000054, 42.722499848000041 ], [ 19.525789261000057, 42.723495484000182 ], [ 19.530557632000182, 42.723773957000049 ], [ 19.537723541000048, 42.723640440999986 ], [ 19.547126768999988, 42.722808837000116 ], [ 19.550842285000101, 42.722003937000125 ], [ 19.553855897000062, 42.720634460000099 ], [ 19.556123733000106, 42.718666078000126 ], [ 19.557939530000169, 42.716159821000133 ], [ 19.558816909000029, 42.714481354000043 ], [ 19.560689927000112, 42.709331513000052 ], [ 19.562694549000071, 42.702556611000091 ], [ 19.564111710000191, 42.692653657000164 ], [ 19.564802170000121, 42.690254212000127 ], [ 19.566509247000056, 42.687107087000072 ], [ 19.568357469000034, 42.68452835100004 ], [ 19.570951463000029, 42.682281495000097 ], [ 19.574245452000184, 42.680385589000082 ], [ 19.580810547000112, 42.677703858000143 ], [ 19.595937729000127, 42.673152923000089 ], [ 19.600887298000089, 42.671340943000132 ], [ 19.621288299000071, 42.661842346000128 ], [ 19.62326431200006, 42.657623290000117 ], [ 19.62939834600013, 42.649448395000093 ], [ 19.633195877000162, 42.642143250000061 ], [ 19.638452531000098, 42.629295350000177 ], [ 19.641956329999971, 42.622283936000031 ], [ 19.64661788900014, 42.614074707000157 ], [ 19.646280288000185, 42.613727571000027 ], [ 19.645954741000139, 42.613391073000059 ], [ 19.64503288200018, 42.612438203000067 ], [ 19.622867583000186, 42.590156556000068 ], [ 19.61277580300009, 42.579475403000174 ], [ 19.607784271000071, 42.569705963000047 ], [ 19.610601426000017, 42.5642585760001 ], [ 19.610643388000142, 42.564208985000164 ], [ 19.615484237000032, 42.558475494000163 ], [ 19.618188859000156, 42.553657531000056 ], [ 19.619812012000068, 42.549121856 ], [ 19.612426759000186, 42.541702271000133 ], [ 19.604022980000025, 42.534214020000036 ], [ 19.602360726000143, 42.533353806000093 ], [ 19.583509446000051, 42.523597717000143 ], [ 19.569871902000159, 42.520366668000065 ], [ 19.563135147000082, 42.516059876000043 ], [ 19.560611726000104, 42.507423402000086 ], [ 19.558649064000065, 42.498424530000193 ], [ 19.552934646000153, 42.490337371000123 ], [ 19.546298980000188, 42.485271454000099 ], [ 19.54328346200009, 42.480442047000054 ], [ 19.541604995, 42.475990296000077 ], [ 19.539411545000064, 42.470169068000189 ], [ 19.530338287000063, 42.459915161000026 ], [ 19.529889106000098, 42.459653855000113 ], [ 19.529439925000133, 42.459392548000039 ], [ 19.522111892000169, 42.455135346000077 ], [ 19.518434524000043, 42.451419830000134 ], [ 19.518310546000066, 42.446979522000106 ], [ 19.518280029000096, 42.445917130000112 ], [ 19.518249511000079, 42.444854737000071 ], [ 19.514505385000064, 42.442955018000191 ], [ 19.514183998000021, 42.44279289300016 ], [ 19.513862610000103, 42.442630768000186 ], [ 19.509883881000121, 42.441204071000186 ], [ 19.501665116000027, 42.436412812000128 ], [ 19.49827766500016, 42.430847168000071 ], [ 19.49825859200007, 42.4308166510001 ], [ 19.498239518000105, 42.430786133000083 ], [ 19.493305207000105, 42.424255372000175 ], [ 19.490257264000093, 42.420230866000054 ], [ 19.488854600000025, 42.414853668000148 ], [ 19.484996795000143, 42.408691406000059 ], [ 19.479612350000025, 42.402164459000119 ], [ 19.472787858000061, 42.394760132000101 ], [ 19.465410232000181, 42.391563415000178 ], [ 19.459522247000166, 42.388854981000065 ], [ 19.45321846100012, 42.386798859000123 ], [ 19.44755363500002, 42.384948730000076 ], [ 19.436647415000039, 42.381126403999986 ], [ 19.430481912000175, 42.374540329000126 ], [ 19.429393769000114, 42.372924804000149 ], [ 19.421749114000079, 42.363925935000111 ], [ 19.419155120000028, 42.358150482000042 ], [ 19.41692733800005, 42.353195190000179 ], [ 19.414905548000092, 42.347068788000058 ], [ 19.414614677000145, 42.346187593000082 ], [ 19.415330888000142, 42.33766937200005 ], [ 19.41648483300014, 42.328932444000145 ] ] ] ] } },
{ "type": "Feature", "properties": { "fid": 18, "GID_1": "MNE.18_1", "GID_0": "MNE", "COUNTRY": "Montenegro", "NAME_1": "Šavnik", "VARNAME_1": "NA", "NL_NAME_1": "NA", "TYPE_1": "Opština", "ENGTYPE_1": "Municipality", "CC_1": "NA", "HASC_1": "ME.SA", "ISO_1": "NA" }, "geometry": { "type": "MultiPolygon", "coordinates": [ [ [ [ 19.376911163000159, 42.922721863000106 ], [ 19.371942520000175, 42.910717010000042 ], [ 19.369699477000154, 42.907573700000057 ], [ 19.366592407000098, 42.904563904000042 ], [ 19.363245010000128, 42.902496337000116 ], [ 19.357416154000134, 42.899909973000035 ], [ 19.34914970400007, 42.89730453400017 ], [ 19.342817307000075, 42.895870209000066 ], [ 19.326164245000086, 42.89287948600014 ], [ 19.320819854000149, 42.892589570000155 ], [ 19.284517288000075, 42.892864228000121 ], [ 19.266328811, 42.892707826000162 ], [ 19.260343551000062, 42.893363952000072 ], [ 19.255746842000121, 42.894393920000027 ], [ 19.252471924000019, 42.894886018000079 ], [ 19.249071122000032, 42.895175934000122 ], [ 19.242116929000076, 42.89540481500012 ], [ 19.235265733000062, 42.895179749000135 ], [ 19.232049942000174, 42.894718170000033 ], [ 19.229108810000184, 42.893898010000044 ], [ 19.226400374999969, 42.892848968000123 ], [ 19.224494933000074, 42.891872407000051 ], [ 19.222734451000065, 42.890457153 ], [ 19.217535019000081, 42.883567810000102 ], [ 19.214504242000089, 42.880912781000063 ], [ 19.20433425900012, 42.872974396000075 ], [ 19.20154380800011, 42.870094299000073 ], [ 19.20072555500019, 42.868659974000138 ], [ 19.199831010000139, 42.866260529000101 ], [ 19.199342727000158, 42.863628388 ], [ 19.199203491000162, 42.860843658000192 ], [ 19.199714660000097, 42.855026245000147 ], [ 19.201078416000144, 42.848030090000123 ], [ 19.19450759800003, 42.847370149000142 ], [ 19.186594010000022, 42.846900940000126 ], [ 19.170997619, 42.847106934000124 ], [ 19.167314529000066, 42.847312927000189 ], [ 19.164352417000146, 42.847476959000062 ], [ 19.161203385000022, 42.847908019000045 ], [ 19.157316208000168, 42.848873139000148 ], [ 19.155904769000188, 42.849403382000048 ], [ 19.147163392000152, 42.85268402100013 ], [ 19.135784149000187, 42.857910156000116 ], [ 19.127698898000119, 42.863029480000193 ], [ 19.120145798000067, 42.868564607000167 ], [ 19.110799790000044, 42.873859405000189 ], [ 19.106893540000101, 42.875709534000066 ], [ 19.106067658000029, 42.87610244800004 ], [ 19.102317810000045, 42.877506256000061 ], [ 19.09674835200002, 42.879974365000066 ], [ 19.089653015000124, 42.883541107000099 ], [ 19.081501007000099, 42.887641906000056 ], [ 19.072385788000076, 42.891639709000174 ], [ 19.062145233000024, 42.897003175 ], [ 19.053327560000071, 42.90085220300017 ], [ 19.037305832000129, 42.908672334000187 ], [ 19.025220870000112, 42.913902284000187 ], [ 19.00464630100015, 42.925201416000164 ], [ 19.000215530999981, 42.928108215000066 ], [ 18.998138428000175, 42.929912567000144 ], [ 19.01079940700015, 42.940486908000139 ], [ 19.013830184000028, 42.943553924000071 ], [ 19.015684128000089, 42.946025849000023 ], [ 19.017288208000139, 42.949089050000111 ], [ 19.01784896800018, 42.951545716000169 ], [ 19.017858505000163, 42.954025269000056 ], [ 19.016933442000095, 42.957218171000079 ], [ 19.015382767000119, 42.959396363 ], [ 19.013885499000025, 42.960659028000123 ], [ 19.010429382000154, 42.962535858000138 ], [ 19.006347656000116, 42.964385987000014 ], [ 19.000802994000026, 42.966384888000107 ], [ 18.976503372000138, 42.973999023000147 ], [ 18.969146728000169, 42.976711273000035 ], [ 18.966001510000183, 42.978107453000064 ], [ 18.961683273, 42.98030471800007 ], [ 18.958669661999977, 42.982162475000052 ], [ 18.95539665300015, 42.984386444000108 ], [ 18.951616286000103, 42.987522126000044 ], [ 18.950147630000117, 42.989231109000116 ], [ 18.948102951000124, 42.993289947000051 ], [ 18.947502136000026, 42.995807647000163 ], [ 18.947254182000165, 42.998455049000029 ], [ 18.947471619000112, 43.017711639000083 ], [ 18.947990417000028, 43.023025513000107 ], [ 18.948665618000064, 43.02549743600008 ], [ 18.951557159000117, 43.03179550100009 ], [ 18.95369720400015, 43.035087584999985 ], [ 18.955062865000059, 43.036880494000116 ], [ 18.960557938000079, 43.042827606000117 ], [ 18.961975097, 43.044731140000067 ], [ 18.964544297000145, 43.050567628000181 ], [ 18.971572876000039, 43.064521790000128 ], [ 18.974233628000093, 43.069175720000089 ], [ 18.979642867000109, 43.076477050000051 ], [ 18.982606888000134, 43.079681397000058 ], [ 18.985681535000026, 43.082378389000098 ], [ 18.989072799000155, 43.08457946700014 ], [ 18.993066788000135, 43.086223602000189 ], [ 18.997894287000122, 43.087833405000083 ], [ 19.009294509000142, 43.090862274000131 ], [ 19.021139144000074, 43.093463898000095 ], [ 19.029209137000123, 43.094818115000123 ], [ 19.035621643000127, 43.095695495000086 ], [ 19.044841767000037, 43.096591950000061 ], [ 19.045545578000088, 43.093589784000187 ], [ 19.047143935000122, 43.090454102000081 ], [ 19.053325652000069, 43.083820344000117 ], [ 19.05497551000019, 43.081741334000071 ], [ 19.062000274000184, 43.07050705000006 ], [ 19.063743591000105, 43.068523406999986 ], [ 19.065725326000177, 43.066844941000056 ], [ 19.067525863000071, 43.065715790000127 ], [ 19.06977653500013, 43.064693450000107 ], [ 19.075817109000013, 43.062705994000169 ], [ 19.080173493000075, 43.061721801000147 ], [ 19.083509444000128, 43.061248779000096 ], [ 19.090572356999985, 43.06090164200009 ], [ 19.094120026000155, 43.060997009000062 ], [ 19.098772049000047, 43.061477662000129 ], [ 19.103956222000079, 43.062580109000123 ], [ 19.111267090000126, 43.06489944499998 ], [ 19.117185592000112, 43.065784454000152 ], [ 19.123456956000155, 43.065948486000025 ], [ 19.129676820000157, 43.065593720000152 ], [ 19.134332656000083, 43.064830779000033 ], [ 19.137447357000156, 43.063819886000147 ], [ 19.139667511000141, 43.062870025000109 ], [ 19.142461777000051, 43.061222077000025 ], [ 19.145822524000039, 43.058193208000148 ], [ 19.15421295200008, 43.048671722000165 ], [ 19.158109664999984, 43.043708802000026 ], [ 19.160432816000082, 43.041385651000098 ], [ 19.166246414000113, 43.036651611000082 ], [ 19.167644501000041, 43.035736083000188 ], [ 19.171659470000122, 43.033752443000026 ], [ 19.175634384000034, 43.032421113000169 ], [ 19.17861557100008, 43.031932830000187 ], [ 19.184885025000085, 43.031707764000032 ], [ 19.191087723000123, 43.032299042000147 ], [ 19.198556900000028, 43.034030914000084 ], [ 19.205448151000098, 43.035362243000179 ], [ 19.21007347200009, 43.035758972000053 ], [ 19.213520049000067, 43.035713197000064 ], [ 19.216875076000122, 43.035366058000022 ], [ 19.21960067700013, 43.034790039000086 ], [ 19.227050781000173, 43.032314300000166 ], [ 19.23009681800005, 43.030963897000049 ], [ 19.231494904000044, 43.030109405000076 ], [ 19.236555100000089, 43.026016235000156 ], [ 19.243610381, 43.019390107000049 ], [ 19.246303558000022, 43.016521455000031 ], [ 19.248582839000051, 43.013477325000053 ], [ 19.251560211000026, 43.008125305000078 ], [ 19.254470825000112, 43.00456237800006 ], [ 19.25894355700018, 43.000736236000193 ], [ 19.265192032000186, 42.996921539000141 ], [ 19.270490646000042, 42.994586945000094 ], [ 19.277963639000063, 42.992183685000157 ], [ 19.297573090000128, 42.988094331000013 ], [ 19.308958053000026, 42.984878540000125 ], [ 19.313266755000029, 42.983425140000179 ], [ 19.326639175000139, 42.977478028000121 ], [ 19.331758499000046, 42.975822448000088 ], [ 19.334083558000145, 42.975456238 ], [ 19.33498573300011, 42.974788665000119 ], [ 19.336755752999977, 42.964965820000145 ], [ 19.33746147200003, 42.958137512000064 ], [ 19.338462829000036, 42.953506470000036 ], [ 19.340131759000087, 42.949733733000073 ], [ 19.342382432000079, 42.945846558000028 ], [ 19.343915939, 42.943775177000191 ], [ 19.345687867000095, 42.94181442200005 ], [ 19.34894561700014, 42.939189912000131 ], [ 19.351119994000044, 42.938117981000175 ], [ 19.36387062100016, 42.933277130000079 ], [ 19.368320465000068, 42.930896758000131 ], [ 19.371158600000172, 42.92866516100014 ], [ 19.375562667000111, 42.923454284000059 ], [ 19.376367570000014, 42.922847748000152 ], [ 19.376911163000159, 42.922721863000106 ] ] ] ] } },
{ "type": "Feature", "properties": { "fid": 19, "GID_1": "MNE.19_1", "GID_0": "MNE", "COUNTRY": "Montenegro", "NAME_1": "Tivat", "VARNAME_1": "NA", "NL_NAME_1": "NA", "TYPE_1": "Opština", "ENGTYPE_1": "Municipality", "CC_1": "NA", "HASC_1": "ME.TI", "ISO_1": "ME-19" }, "geometry": { "type": "MultiPolygon", "coordinates": [ [ [ [ 18.690971, 42.412639999000191 ], [ 18.691528001000052, 42.412720000000149 ], [ 18.691528001000052, 42.412361000000146 ], [ 18.692108000000189, 42.412407 ], [ 18.692083, 42.412083 ], [ 18.692361999000127, 42.412083 ], [ 18.692361999000127, 42.411804 ], [ 18.692871, 42.411804 ], [ 18.692871, 42.411250999 ], [ 18.692637999000056, 42.411250999 ], [ 18.692637999000056, 42.410973 ], [ 18.693201, 42.410973 ], [ 18.693472, 42.410973 ], [ 18.693472, 42.41089200100015 ], [ 18.693472, 42.410694 ], [ 18.694092001000115, 42.410705999000072 ], [ 18.694026999000073, 42.410416001000044 ], [ 18.694860000000176, 42.410416001000044 ], [ 18.694860000000176, 42.410136999000031 ], [ 18.695423, 42.410145000000114 ], [ 18.695417001000123, 42.409862999000097 ], [ 18.695869001000062, 42.409862999000097 ], [ 18.696252999000023, 42.409862999000097 ], [ 18.696252999000023, 42.40962199900008 ], [ 18.696526999000127, 42.409584 ], [ 18.696526999000127, 42.409485000000188 ], [ 18.696526999000127, 42.409306000000129 ], [ 18.697097999000164, 42.409306000000129 ], [ 18.697363000000109, 42.409306000000129 ], [ 18.697363000000109, 42.409222000000113 ], [ 18.697363000000109, 42.409027001000027 ], [ 18.697639, 42.409027001000027 ], [ 18.697639, 42.408748999000125 ], [ 18.697803001000011, 42.408748999000125 ], [ 18.69791399900015, 42.408748999000125 ], [ 18.697878000000117, 42.408507999000108 ], [ 18.699282001000029, 42.408507999000108 ], [ 18.699306001000025, 42.408195 ], [ 18.700308, 42.408195 ], [ 18.700405000000103, 42.408165 ], [ 18.70041699900014, 42.407917000000111 ], [ 18.700697001000037, 42.407917000000111 ], [ 18.700697001000037, 42.407639001000121 ], [ 18.701293999000029, 42.407639001000121 ], [ 18.701293999000029, 42.407104000000174 ], [ 18.700684, 42.407104000000174 ], [ 18.700697001000037, 42.406807000000128 ], [ 18.700136, 42.406807000000128 ], [ 18.700136, 42.406921000000125 ], [ 18.700136, 42.407082000000116 ], [ 18.699839000000168, 42.407027999000036 ], [ 18.69986200000011, 42.407359999000164 ], [ 18.699282001000029, 42.407288000000108 ], [ 18.699306001000025, 42.407082000000116 ], [ 18.699027999000123, 42.407082000000116 ], [ 18.698977001000173, 42.407639001000121 ], [ 18.69879300100007, 42.407593000000134 ], [ 18.698750000000132, 42.407359999000164 ], [ 18.698514999000167, 42.407318000000146 ], [ 18.698475000000144, 42.407082000000116 ], [ 18.697363000000109, 42.407082000000116 ], [ 18.697363000000109, 42.407288000000108 ], [ 18.697363000000109, 42.407359999000164 ], [ 18.69650300100011, 42.407298999000091 ], [ 18.696526999000127, 42.407082000000116 ], [ 18.696252999000023, 42.407082000000116 ], [ 18.696264001000031, 42.407390999000029 ], [ 18.695974000000149, 42.407359999000164 ], [ 18.695926999000051, 42.407639001000121 ], [ 18.695692001000168, 42.407639001000121 ], [ 18.695622999000136, 42.407917000000111 ], [ 18.695138999000051, 42.407917000000111 ], [ 18.695138999000051, 42.408080999000106 ], [ 18.695138999000051, 42.408195 ], [ 18.694860000000176, 42.408215 ], [ 18.694860000000176, 42.408473999000137 ], [ 18.694277, 42.408507999000108 ], [ 18.694305001000146, 42.408195 ], [ 18.693749999000033, 42.408195 ], [ 18.693749999000033, 42.407917000000111 ], [ 18.693195, 42.407917000000111 ], [ 18.693195, 42.408195 ], [ 18.693472, 42.408195 ], [ 18.693472, 42.408324999000058 ], [ 18.693452998999987, 42.409306000000129 ], [ 18.692083, 42.409306000000129 ], [ 18.692083, 42.409485000000188 ], [ 18.692083, 42.409584 ], [ 18.691753000000119, 42.409584 ], [ 18.690695000000176, 42.409584 ], [ 18.690675999000064, 42.40991200000019 ], [ 18.690416001000074, 42.409862999000097 ], [ 18.690416001000074, 42.409584 ], [ 18.68988, 42.409584 ], [ 18.68988, 42.409119001000192 ], [ 18.689860999000132, 42.409027001000027 ], [ 18.688472999000055, 42.409027001000027 ], [ 18.688476999000045, 42.409302000000139 ], [ 18.68819400000018, 42.409306000000129 ], [ 18.688217000000122, 42.409603000000175 ], [ 18.68789500000014, 42.409641000000136 ], [ 18.687918, 42.409306000000129 ], [ 18.687073000000112, 42.409302000000139 ], [ 18.687084, 42.410136999000031 ], [ 18.686916001000043, 42.410136999000031 ], [ 18.686808, 42.410136999000031 ], [ 18.686808, 42.410309000000154 ], [ 18.686808, 42.410416001000044 ], [ 18.686517999000159, 42.410416001000044 ], [ 18.685696, 42.410416001000044 ], [ 18.685731999000097, 42.410705999000072 ], [ 18.68512, 42.410705999000072 ], [ 18.685139000000163, 42.410416001000044 ], [ 18.684303000000114, 42.410416001000044 ], [ 18.684303000000114, 42.410136999000031 ], [ 18.68402900000018, 42.410136999000031 ], [ 18.68402900000018, 42.410416001000044 ], [ 18.682638000000168, 42.410416001000044 ], [ 18.682678000000124, 42.410521999000082 ], [ 18.682678000000124, 42.411316001000102 ], [ 18.684080001000041, 42.411316001000102 ], [ 18.68402900000018, 42.411530001000187 ], [ 18.684159999000087, 42.411530001000187 ], [ 18.684303000000114, 42.411530001000187 ], [ 18.684303000000114, 42.411926 ], [ 18.684303000000114, 42.412083 ], [ 18.684473001000015, 42.412083 ], [ 18.684585999000149, 42.412083 ], [ 18.684585999000149, 42.412185999000144 ], [ 18.684585999000149, 42.412361000000146 ], [ 18.684759000000156, 42.412361000000146 ], [ 18.684927001000119, 42.412361000000146 ], [ 18.685139000000163, 42.412361000000146 ], [ 18.685139000000163, 42.411926 ], [ 18.685139000000163, 42.411804 ], [ 18.687360999000077, 42.411804 ], [ 18.687358999000082, 42.412098001000118 ], [ 18.687500000000114, 42.412093999000149 ], [ 18.687582000000134, 42.412093999000149 ], [ 18.68819400000018, 42.412083 ], [ 18.68819400000018, 42.411980001000131 ], [ 18.68819400000018, 42.411530001000187 ], [ 18.688472999000055, 42.411530001000187 ], [ 18.688472999000055, 42.411804 ], [ 18.689306000000158, 42.411804 ], [ 18.689272000000187, 42.412109 ], [ 18.689583, 42.412109 ], [ 18.689583, 42.412361000000146 ], [ 18.689860999000132, 42.412361000000146 ], [ 18.689860999000132, 42.412109 ], [ 18.690675999000064, 42.412109 ], [ 18.69076, 42.412337999000101 ], [ 18.690140001000145, 42.412361000000146 ], [ 18.690140001000145, 42.412639999000191 ], [ 18.690695000000176, 42.412639999000191 ], [ 18.690695000000176, 42.412918001000094 ], [ 18.690971, 42.412918001000094 ], [ 18.690971, 42.412639999000191 ] ] ], [ [ [ 18.668091, 42.386108 ], [ 18.668582000000185, 42.386713 ], [ 18.668884000000105, 42.387085 ], [ 18.673705, 42.386475 ], [ 18.670105, 42.388306 ], [ 18.654907, 42.39550800000012 ], [ 18.654295, 42.395955000000185 ], [ 18.649475, 42.399475000000109 ], [ 18.646943000000135, 42.401715000000138 ], [ 18.646301000000108, 42.402283 ], [ 18.644470000000126, 42.405273000000193 ], [ 18.643127, 42.408875000000194 ], [ 18.642082, 42.412918 ], [ 18.642916000000184, 42.412918 ], [ 18.642916000000184, 42.412640000000124 ], [ 18.643475, 42.412640000000124 ], [ 18.643475, 42.412361000000146 ], [ 18.644159000000172, 42.412361000000146 ], [ 18.644287000000134, 42.412292 ], [ 18.644306, 42.412083 ], [ 18.645092, 42.412083 ], [ 18.645414, 42.412083 ], [ 18.645414, 42.411999 ], [ 18.645414, 42.411804 ], [ 18.645697, 42.411804 ], [ 18.645697, 42.41153 ], [ 18.646807, 42.41153 ], [ 18.646807, 42.411251000000107 ], [ 18.647039, 42.411251000000107 ], [ 18.647068000000161, 42.411068 ], [ 18.64708300000018, 42.410973 ], [ 18.647408, 42.410973 ], [ 18.647621, 42.41091200000011 ], [ 18.647638, 42.410694 ], [ 18.648224, 42.410694 ], [ 18.648472, 42.410694 ], [ 18.648472, 42.410603000000151 ], [ 18.648472, 42.410416000000112 ], [ 18.64875, 42.410416000000112 ], [ 18.64875, 42.410137000000134 ], [ 18.65041900000017, 42.410152000000153 ], [ 18.650417000000175, 42.409863 ], [ 18.650694000000158, 42.409863 ], [ 18.650694000000158, 42.409584 ], [ 18.65102800000011, 42.409622000000184 ], [ 18.650972, 42.409306000000129 ], [ 18.652857, 42.409306000000129 ], [ 18.652916000000175, 42.409027000000151 ], [ 18.653194, 42.409027000000151 ], [ 18.653194, 42.408749 ], [ 18.653749000000175, 42.408749 ], [ 18.653749000000175, 42.409027000000151 ], [ 18.654306, 42.409027000000151 ], [ 18.654306, 42.409306000000129 ], [ 18.655138, 42.409302000000139 ], [ 18.655138, 42.409027000000151 ], [ 18.656250000000171, 42.409027000000151 ], [ 18.656250000000171, 42.408749 ], [ 18.658056, 42.408749 ], [ 18.658188000000109, 42.408722000000125 ], [ 18.658195000000148, 42.408474 ], [ 18.659306, 42.408474 ], [ 18.659306, 42.408749 ], [ 18.660418, 42.408695000000193 ], [ 18.660418, 42.408474 ], [ 18.661812000000111, 42.408524 ], [ 18.661806000000126, 42.408195 ], [ 18.662329, 42.408195 ], [ 18.662361, 42.407917000000111 ], [ 18.663197000000139, 42.407925 ], [ 18.663195000000144, 42.407639 ], [ 18.663717000000133, 42.407597000000123 ], [ 18.66375, 42.40736 ], [ 18.664356000000112, 42.40736 ], [ 18.664572000000192, 42.407310000000166 ], [ 18.664583, 42.407082000000116 ], [ 18.665703000000178, 42.407131000000106 ], [ 18.665695, 42.406807000000128 ], [ 18.665972, 42.406807000000128 ], [ 18.665972, 42.406528000000151 ], [ 18.666805, 42.406528000000151 ], [ 18.666805, 42.405972000000133 ], [ 18.667088, 42.405972000000133 ], [ 18.667086, 42.405884000000128 ], [ 18.667084, 42.405693000000156 ], [ 18.667908000000182, 42.405701 ], [ 18.667917, 42.405418000000111 ], [ 18.668753, 42.405418000000111 ], [ 18.668753, 42.405701 ], [ 18.668884000000105, 42.405701 ], [ 18.669924, 42.405701 ], [ 18.669861000000139, 42.405418000000111 ], [ 18.670416, 42.405418000000111 ], [ 18.670416, 42.404861 ], [ 18.670715, 42.404907000000151 ], [ 18.670692000000145, 42.404583000000116 ], [ 18.671179000000109, 42.404583000000116 ], [ 18.671249, 42.404305 ], [ 18.672915, 42.404305 ], [ 18.672913, 42.404480000000149 ], [ 18.672915, 42.404583000000116 ], [ 18.673443000000191, 42.404583000000116 ], [ 18.675138000000118, 42.404583000000116 ], [ 18.67511, 42.404907000000151 ], [ 18.67625, 42.404861 ], [ 18.67625, 42.40514 ], [ 18.676331, 42.40514 ], [ 18.676651, 42.40514 ], [ 18.678749, 42.40514 ], [ 18.678741000000173, 42.405464 ], [ 18.679308000000162, 42.405422000000101 ], [ 18.679306000000167, 42.40514 ], [ 18.67999500000019, 42.40514 ], [ 18.680115000000171, 42.40509 ], [ 18.680140000000108, 42.404861 ], [ 18.680725000000166, 42.404907000000151 ], [ 18.680695000000185, 42.404583000000116 ], [ 18.683874000000117, 42.404583000000116 ], [ 18.684860000000185, 42.404583000000116 ], [ 18.684860000000185, 42.404480000000149 ], [ 18.684860000000185, 42.404305 ], [ 18.685974000000158, 42.404316 ], [ 18.685972000000163, 42.404026 ], [ 18.687269000000185, 42.404026 ], [ 18.687639, 42.404026 ], [ 18.687639, 42.403942 ], [ 18.687639, 42.403751 ], [ 18.689175000000148, 42.403751 ], [ 18.689575, 42.403702 ], [ 18.689583, 42.403473000000133 ], [ 18.690491000000122, 42.403503000000114 ], [ 18.690416, 42.403194000000155 ], [ 18.690931000000148, 42.403194000000155 ], [ 18.690971, 42.402916 ], [ 18.691795, 42.402916 ], [ 18.691805000000159, 42.402637 ], [ 18.692745000000116, 42.402637 ], [ 18.692904000000112, 42.402592 ], [ 18.692917000000136, 42.40236300000015 ], [ 18.693195, 42.40236300000015 ], [ 18.693195, 42.402084000000116 ], [ 18.694277, 42.4021 ], [ 18.694305, 42.401806 ], [ 18.694860000000176, 42.401806 ], [ 18.694860000000176, 42.401527 ], [ 18.695139000000154, 42.401527 ], [ 18.695139000000154, 42.401249000000178 ], [ 18.695421, 42.401253000000111 ], [ 18.695417, 42.400970000000143 ], [ 18.695641000000137, 42.400932 ], [ 18.695692, 42.400696 ], [ 18.695904, 42.400696 ], [ 18.695974000000149, 42.400417 ], [ 18.696241, 42.400417 ], [ 18.696253000000127, 42.400139000000138 ], [ 18.696564, 42.400192000000118 ], [ 18.696527, 42.39986000000016 ], [ 18.696804, 42.39986000000016 ], [ 18.696804, 42.399582 ], [ 18.697363000000109, 42.399582 ], [ 18.697363000000109, 42.399307 ], [ 18.697639, 42.399307 ], [ 18.697639, 42.399029000000155 ], [ 18.697929, 42.399036000000194 ], [ 18.697914, 42.398750000000177 ], [ 18.698151000000109, 42.398712 ], [ 18.698193, 42.398472 ], [ 18.698355000000163, 42.398472 ], [ 18.698475000000144, 42.398472 ], [ 18.698475000000144, 42.398331 ], [ 18.698475000000144, 42.398193 ], [ 18.69861, 42.398193 ], [ 18.698750000000132, 42.398193 ], [ 18.698750000000132, 42.398052000000121 ], [ 18.698750000000132, 42.397915000000182 ], [ 18.698887000000127, 42.397915000000182 ], [ 18.699028, 42.397915000000182 ], [ 18.699028, 42.39748800000018 ], [ 18.699028, 42.396805000000143 ], [ 18.699255000000164, 42.396805000000143 ], [ 18.699268000000188, 42.396725000000117 ], [ 18.699306000000149, 42.396526000000165 ], [ 18.69947400000018, 42.396526000000165 ], [ 18.699583000000132, 42.396526000000165 ], [ 18.699583000000132, 42.39642 ], [ 18.699583000000132, 42.396252 ], [ 18.699707000000103, 42.396301 ], [ 18.69986200000011, 42.396252 ], [ 18.69986200000011, 42.396042 ], [ 18.69986200000011, 42.39569500000016 ], [ 18.700071, 42.39569500000016 ], [ 18.700136, 42.395416000000182 ], [ 18.700394, 42.395416000000182 ], [ 18.700417, 42.395138 ], [ 18.700850000000173, 42.395138 ], [ 18.700941, 42.395084 ], [ 18.700972000000149, 42.39485900000011 ], [ 18.701294000000132, 42.394897 ], [ 18.70125, 42.394585000000177 ], [ 18.70174, 42.394585000000177 ], [ 18.701805000000149, 42.394306000000142 ], [ 18.702616, 42.394306000000142 ], [ 18.702639, 42.394028 ], [ 18.703472, 42.394028 ], [ 18.703472, 42.394306000000142 ], [ 18.703674, 42.394306000000142 ], [ 18.703749, 42.39429100000018 ], [ 18.703751, 42.394028 ], [ 18.704584, 42.394028 ], [ 18.704584, 42.393471 ], [ 18.704893, 42.393494000000146 ], [ 18.705139000000145, 42.393471 ], [ 18.705139000000145, 42.393379 ], [ 18.705139000000145, 42.39319600000016 ], [ 18.705437, 42.393242 ], [ 18.705416000000127, 42.392918 ], [ 18.705694, 42.392918 ], [ 18.705694, 42.392639 ], [ 18.705973, 42.392639 ], [ 18.705973, 42.392082000000187 ], [ 18.706299000000172, 42.39209000000011 ], [ 18.706249000000128, 42.391804 ], [ 18.706919000000141, 42.391804 ], [ 18.707054000000142, 42.39174300000019 ], [ 18.707083, 42.391529 ], [ 18.708471000000145, 42.391529 ], [ 18.708471000000145, 42.391724 ], [ 18.708471000000145, 42.391804 ], [ 18.709091, 42.391804 ], [ 18.71125, 42.391804 ], [ 18.711304, 42.39209000000011 ], [ 18.712086000000113, 42.392082000000187 ], [ 18.712095000000147, 42.392273000000159 ], [ 18.71236, 42.392361000000164 ], [ 18.71236, 42.392536 ], [ 18.71236, 42.392639 ], [ 18.712524, 42.392700000000161 ], [ 18.712639, 42.392639 ], [ 18.712639, 42.39319600000016 ], [ 18.712708, 42.393494000000146 ], [ 18.713196, 42.393471 ], [ 18.713196, 42.393639 ], [ 18.713196, 42.393749 ], [ 18.713432, 42.393791000000192 ], [ 18.713472, 42.394028 ], [ 18.713713, 42.39406600000018 ], [ 18.713751000000173, 42.394306000000142 ], [ 18.714027000000101, 42.394310000000132 ], [ 18.714027000000101, 42.394585000000177 ], [ 18.714312, 42.394585000000177 ], [ 18.714308, 42.395416000000182 ], [ 18.714436, 42.395416000000182 ], [ 18.714582, 42.395416000000182 ], [ 18.714582, 42.39569500000016 ], [ 18.714478, 42.39569500000016 ], [ 18.713751000000173, 42.39569500000016 ], [ 18.713684000000171, 42.396484 ], [ 18.714294000000166, 42.396484 ], [ 18.714308, 42.397083 ], [ 18.714113000000111, 42.397106000000178 ], [ 18.714027000000101, 42.397114000000158 ], [ 18.714027000000101, 42.397362 ], [ 18.713303, 42.397362 ], [ 18.713196, 42.397362 ], [ 18.713135, 42.398193 ], [ 18.712917000000118, 42.398193 ], [ 18.712917000000118, 42.398472 ], [ 18.712639, 42.398472 ], [ 18.712616, 42.398701000000187 ], [ 18.712502, 42.398750000000177 ], [ 18.712086000000113, 42.398750000000177 ], [ 18.712086000000113, 42.398933 ], [ 18.712086000000113, 42.399029000000155 ], [ 18.711868, 42.399029000000155 ], [ 18.710974, 42.399029000000155 ], [ 18.710974, 42.399307 ], [ 18.710693000000106, 42.399307 ], [ 18.71075100000013, 42.399628000000121 ], [ 18.710417, 42.399582 ], [ 18.710417, 42.400032000000181 ], [ 18.710327, 42.400139000000138 ], [ 18.710138, 42.400139000000138 ], [ 18.710138, 42.400269 ], [ 18.710138, 42.400417 ], [ 18.709982, 42.400417 ], [ 18.709864, 42.400417 ], [ 18.709864, 42.400532000000169 ], [ 18.709864, 42.400696 ], [ 18.709501000000103, 42.400696 ], [ 18.709028, 42.400696 ], [ 18.709007, 42.400932 ], [ 18.708937000000105, 42.400970000000143 ], [ 18.708195, 42.400970000000143 ], [ 18.708195, 42.401249000000178 ], [ 18.70764, 42.401249000000178 ], [ 18.707634000000155, 42.401505 ], [ 18.707537000000116, 42.401527 ], [ 18.706806, 42.401527 ], [ 18.706806, 42.401806 ], [ 18.706528000000105, 42.401806 ], [ 18.706568, 42.402115 ], [ 18.705973, 42.402084000000116 ], [ 18.705973, 42.40236300000015 ], [ 18.706249000000128, 42.40236300000015 ], [ 18.706249000000128, 42.402527000000191 ], [ 18.706249000000128, 42.402637 ], [ 18.707254000000148, 42.402637 ], [ 18.707916, 42.402637 ], [ 18.707916, 42.402714 ], [ 18.707916, 42.402916 ], [ 18.709032, 42.402882 ], [ 18.709028, 42.403194000000155 ], [ 18.709196, 42.403194000000155 ], [ 18.709581000000128, 42.403194000000155 ], [ 18.709581000000128, 42.403473000000133 ], [ 18.709291000000121, 42.403503000000114 ], [ 18.709272000000112, 42.403751 ], [ 18.709028, 42.403751 ], [ 18.709028, 42.404026 ], [ 18.70925300000016, 42.404022000000111 ], [ 18.70923, 42.404305 ], [ 18.707916, 42.404305 ], [ 18.707916, 42.404480000000149 ], [ 18.707916, 42.404583000000116 ], [ 18.706806, 42.404583000000116 ], [ 18.706806, 42.404484000000139 ], [ 18.706806, 42.404305 ], [ 18.706249000000128, 42.404305 ], [ 18.706249000000128, 42.404495000000168 ], [ 18.706249000000128, 42.404583000000116 ], [ 18.705957000000126, 42.404583000000116 ], [ 18.705139000000145, 42.404583000000116 ], [ 18.705132, 42.404835 ], [ 18.705048, 42.404861 ], [ 18.704893, 42.404907000000151 ], [ 18.704861, 42.404583000000116 ], [ 18.703472, 42.404583000000116 ], [ 18.703480000000184, 42.404724000000101 ], [ 18.703489, 42.40514 ], [ 18.702084000000127, 42.40514 ], [ 18.702084000000127, 42.405418000000111 ], [ 18.701529, 42.405418000000111 ], [ 18.701529, 42.405693000000156 ], [ 18.701805000000149, 42.405693000000156 ], [ 18.701805000000149, 42.406528000000151 ], [ 18.701933, 42.406528000000151 ], [ 18.702362, 42.406528000000151 ], [ 18.702354, 42.406826 ], [ 18.702639, 42.406807000000128 ], [ 18.702639, 42.406921000000125 ], [ 18.702639, 42.407082000000116 ], [ 18.704615000000103, 42.407082000000116 ], [ 18.704893, 42.407104000000174 ], [ 18.704861, 42.406807000000128 ], [ 18.707916, 42.406807000000128 ], [ 18.707916, 42.406528000000151 ], [ 18.708195, 42.406528000000151 ], [ 18.708195, 42.406807000000128 ], [ 18.710138, 42.406807000000128 ], [ 18.710138, 42.406528000000151 ], [ 18.712086000000113, 42.406528000000151 ], [ 18.712086000000113, 42.406807000000128 ], [ 18.712639, 42.406807000000128 ], [ 18.712624, 42.40712 ], [ 18.712917000000118, 42.407082000000116 ], [ 18.712917000000118, 42.407230000000141 ], [ 18.712917000000118, 42.40736 ], [ 18.713148, 42.407394000000181 ], [ 18.713196, 42.407459 ], [ 18.713196, 42.407917000000111 ], [ 18.713499000000127, 42.407898000000159 ], [ 18.713499000000127, 42.409584 ], [ 18.713196, 42.409584 ], [ 18.713182000000188, 42.410137000000134 ], [ 18.712917000000118, 42.410137000000134 ], [ 18.71291, 42.41153 ], [ 18.712639, 42.41153 ], [ 18.712639, 42.412361000000146 ], [ 18.712086000000113, 42.412361000000146 ], [ 18.712086000000113, 42.412640000000124 ], [ 18.711527, 42.412640000000124 ], [ 18.711527, 42.412918 ], [ 18.711803000000145, 42.412918 ], [ 18.711803000000145, 42.413471000000129 ], [ 18.712095000000147, 42.413513 ], [ 18.712086000000113, 42.414028 ], [ 18.712252000000149, 42.414028 ], [ 18.71236, 42.414028 ], [ 18.71236, 42.414303 ], [ 18.71236, 42.414478000000145 ], [ 18.71236, 42.414585000000102 ], [ 18.712486000000126, 42.414585000000102 ], [ 18.712639, 42.414585000000102 ], [ 18.712639, 42.415138 ], [ 18.712524, 42.415138 ], [ 18.71236, 42.415138 ], [ 18.712362, 42.415974000000119 ], [ 18.712086000000113, 42.415974000000119 ], [ 18.71212, 42.416553 ], [ 18.711803000000145, 42.416527 ], [ 18.711803000000145, 42.416805000000124 ], [ 18.711527, 42.416805000000124 ], [ 18.711527, 42.417084000000102 ], [ 18.71125, 42.417084000000102 ], [ 18.711267000000191, 42.417393000000118 ], [ 18.710974, 42.417362 ], [ 18.710974, 42.417492 ], [ 18.710974, 42.417641000000174 ], [ 18.709278, 42.417641000000174 ], [ 18.708195, 42.417641000000174 ], [ 18.708195, 42.418194 ], [ 18.70764, 42.418194 ], [ 18.707644, 42.418480000000159 ], [ 18.707520000000102, 42.41851800000012 ], [ 18.707361000000105, 42.418472000000179 ], [ 18.707417000000135, 42.418774000000155 ], [ 18.707083, 42.418751 ], [ 18.707134000000167, 42.419338 ], [ 18.706806, 42.419304000000125 ], [ 18.706806, 42.419582 ], [ 18.706249000000128, 42.419582 ], [ 18.706249000000128, 42.419861 ], [ 18.705973, 42.419861 ], [ 18.705973, 42.420147 ], [ 18.704861, 42.42013900000012 ], [ 18.704866, 42.420288 ], [ 18.704893, 42.420971000000179 ], [ 18.704584, 42.420971000000179 ], [ 18.704561, 42.421478 ], [ 18.704456000000107, 42.421528 ], [ 18.70402700000011, 42.421528 ], [ 18.703987, 42.421806000000174 ], [ 18.703751, 42.421806000000174 ], [ 18.703709000000117, 42.422085 ], [ 18.70319400000011, 42.422085 ], [ 18.703220000000158, 42.422421 ], [ 18.702362, 42.422359 ], [ 18.702362, 42.422916 ], [ 18.702721, 42.422916 ], [ 18.702917000000127, 42.422916 ], [ 18.702917000000127, 42.423096000000157 ], [ 18.702917000000127, 42.423195000000192 ], [ 18.70319400000011, 42.423195000000192 ], [ 18.70319400000011, 42.423473000000115 ], [ 18.703308000000163, 42.423473000000115 ], [ 18.703472, 42.423473000000115 ], [ 18.703472, 42.424026 ], [ 18.703308000000163, 42.424072 ], [ 18.70319400000011, 42.424026 ], [ 18.70319400000011, 42.424198 ], [ 18.70319400000011, 42.424305000000174 ], [ 18.703094000000192, 42.424305000000174 ], [ 18.702917000000127, 42.424305000000174 ], [ 18.702917000000127, 42.424500000000137 ], [ 18.702917000000127, 42.424583 ], [ 18.702772, 42.424583 ], [ 18.702084000000127, 42.424583 ], [ 18.702084000000127, 42.424862 ], [ 18.701805000000149, 42.424862 ], [ 18.701805000000149, 42.425140000000169 ], [ 18.701529, 42.425140000000169 ], [ 18.701477000000182, 42.425476 ], [ 18.70125, 42.425415 ], [ 18.70125, 42.425972000000115 ], [ 18.700697000000105, 42.425972000000115 ], [ 18.700684, 42.426331000000118 ], [ 18.700417, 42.42625 ], [ 18.700417, 42.426807 ], [ 18.69986200000011, 42.426807 ], [ 18.699888000000158, 42.427124 ], [ 18.699306000000149, 42.427082 ], [ 18.699306000000149, 42.427361 ], [ 18.699232, 42.427361 ], [ 18.699028, 42.427361 ], [ 18.698980000000176, 42.42763900000017 ], [ 18.698750000000132, 42.42763900000017 ], [ 18.69873, 42.427917 ], [ 18.698475000000144, 42.427917 ], [ 18.69845, 42.428196 ], [ 18.698193, 42.428196 ], [ 18.698183000000142, 42.428463000000136 ], [ 18.69812, 42.428528 ], [ 18.697914, 42.428471000000116 ], [ 18.697887000000151, 42.428715 ], [ 18.697639, 42.428749 ], [ 18.697639, 42.428909 ], [ 18.697639, 42.429028000000187 ], [ 18.697254000000157, 42.429028000000187 ], [ 18.696253000000127, 42.429028000000187 ], [ 18.696287, 42.429321 ], [ 18.695139000000154, 42.429306 ], [ 18.695091000000104, 42.429493 ], [ 18.695068000000106, 42.429585 ], [ 18.694860000000176, 42.429585 ], [ 18.694853, 42.429863000000182 ], [ 18.694584, 42.429863000000182 ], [ 18.69462, 42.430164 ], [ 18.694305, 42.43013800000017 ], [ 18.694294, 42.430389000000162 ], [ 18.693472, 42.430416 ], [ 18.693481, 42.430725 ], [ 18.692083, 42.430695 ], [ 18.692078, 42.430908000000102 ], [ 18.69183, 42.430973000000165 ], [ 18.690695000000176, 42.430973000000165 ], [ 18.690676000000167, 42.431274 ], [ 18.690416, 42.431252000000143 ], [ 18.690416, 42.433472000000165 ], [ 18.690676000000167, 42.433472000000165 ], [ 18.690695000000176, 42.434029 ], [ 18.690491000000122, 42.434082 ], [ 18.690416, 42.434029 ], [ 18.690416, 42.434158 ], [ 18.690416, 42.43430700000016 ], [ 18.690275, 42.43430700000016 ], [ 18.69014, 42.43430700000016 ], [ 18.69009, 42.434502000000123 ], [ 18.690067, 42.434582000000148 ], [ 18.689861, 42.434582000000148 ], [ 18.689854, 42.43486 ], [ 18.689583, 42.43486 ], [ 18.689619000000107, 42.435165 ], [ 18.689306000000158, 42.435139 ], [ 18.689291, 42.435356 ], [ 18.688749, 42.435486 ], [ 18.688721, 42.436279 ], [ 18.689306000000158, 42.436249 ], [ 18.689306000000158, 42.436527000000183 ], [ 18.690676000000167, 42.436523000000193 ], [ 18.690676000000167, 42.437916000000143 ], [ 18.690416, 42.437916000000143 ], [ 18.690416, 42.438194 ], [ 18.69014, 42.438194 ], [ 18.69014, 42.438473 ], [ 18.689861, 42.438473 ], [ 18.689861, 42.438744 ], [ 18.689789000000133, 42.438751000000138 ], [ 18.685972000000163, 42.438751000000138 ], [ 18.685972000000163, 42.439087 ], [ 18.68512, 42.439087 ], [ 18.68512, 42.440418 ], [ 18.685696, 42.440418 ], [ 18.685696, 42.440693 ], [ 18.6859070000001, 42.440723 ], [ 18.685972000000163, 42.440971000000161 ], [ 18.686251, 42.441010000000176 ], [ 18.686251, 42.441528 ], [ 18.686556000000166, 42.441525000000183 ], [ 18.686525, 42.442360000000122 ], [ 18.686668, 42.442360000000122 ], [ 18.686808, 42.442360000000122 ], [ 18.686808, 42.442638 ], [ 18.686707, 42.442638 ], [ 18.686525, 42.442638 ], [ 18.686525, 42.443748 ], [ 18.686707, 42.443748 ], [ 18.686808, 42.443748 ], [ 18.686808, 42.444305000000156 ], [ 18.686707, 42.444305000000156 ], [ 18.686525, 42.444305000000156 ], [ 18.686525, 42.444584000000134 ], [ 18.686707, 42.444584000000134 ], [ 18.686808, 42.444584000000134 ], [ 18.686808, 42.445694000000117 ], [ 18.686705, 42.445694000000117 ], [ 18.686525, 42.445694000000117 ], [ 18.686539, 42.446804000000157 ], [ 18.686251, 42.446804000000157 ], [ 18.686279000000184, 42.447693000000129 ], [ 18.685972000000163, 42.447639000000152 ], [ 18.685972000000163, 42.448517 ], [ 18.685972000000163, 42.44875 ], [ 18.685886000000153, 42.44875 ], [ 18.685696, 42.44875 ], [ 18.685696, 42.448891000000174 ], [ 18.685696, 42.449028000000112 ], [ 18.685417, 42.449097000000165 ], [ 18.685417, 42.449306 ], [ 18.684860000000185, 42.449329000000148 ], [ 18.684860000000185, 42.44986 ], [ 18.684692000000155, 42.44989 ], [ 18.684586, 42.44986 ], [ 18.684586, 42.450012000000186 ], [ 18.684586, 42.450138000000152 ], [ 18.684471000000144, 42.450138000000152 ], [ 18.684303000000114, 42.450138000000152 ], [ 18.684311, 42.450317 ], [ 18.684317000000192, 42.45041700000013 ], [ 18.68402900000018, 42.45041700000013 ], [ 18.684097000000122, 42.45237 ], [ 18.68375, 42.452362000000107 ], [ 18.683716, 42.453491 ], [ 18.683472000000108, 42.453472 ], [ 18.683472000000108, 42.453842000000179 ], [ 18.683472000000108, 42.454029 ], [ 18.68334, 42.454029 ], [ 18.683193, 42.454029 ], [ 18.683149000000185, 42.454266 ], [ 18.682917, 42.454304 ], [ 18.682922, 42.454529 ], [ 18.682682000000113, 42.45458200000013 ], [ 18.68125, 42.45458200000013 ], [ 18.681274000000144, 42.454895 ], [ 18.680971000000113, 42.454861000000108 ], [ 18.680971000000113, 42.454994000000113 ], [ 18.680971000000113, 42.455139 ], [ 18.680725000000166, 42.455078000000128 ], [ 18.680695000000185, 42.456249000000184 ], [ 18.680971000000113, 42.456299 ], [ 18.680971000000113, 42.456547000000171 ], [ 18.680971000000113, 42.458473 ], [ 18.681274000000144, 42.458496000000139 ], [ 18.681274000000144, 42.457703 ], [ 18.685674, 42.462232 ], [ 18.687500000000114, 42.464111 ], [ 18.692505000000153, 42.472290000000157 ], [ 18.694050000000118, 42.476807000000122 ], [ 18.694395, 42.476807000000122 ], [ 18.694557000000145, 42.476742000000115 ], [ 18.694584, 42.476528000000144 ], [ 18.695536000000118, 42.476528000000144 ], [ 18.695681, 42.476501 ], [ 18.695692, 42.47625 ], [ 18.696253000000127, 42.47625 ], [ 18.696253000000127, 42.475971 ], [ 18.697578000000135, 42.475971 ], [ 18.697914, 42.475971 ], [ 18.697914, 42.475891 ], [ 18.697914, 42.475693000000149 ], [ 18.699282, 42.475708000000168 ], [ 18.699306000000149, 42.475418000000161 ], [ 18.700136, 42.475418000000161 ], [ 18.700136, 42.47514 ], [ 18.700975, 42.475151 ], [ 18.700972000000149, 42.474861 ], [ 18.701805000000149, 42.474861 ], [ 18.701805000000149, 42.474304000000188 ], [ 18.702087, 42.474304000000188 ], [ 18.70236, 42.474304000000188 ], [ 18.70236, 42.474224000000106 ], [ 18.702362, 42.47403 ], [ 18.702639, 42.47403 ], [ 18.702639, 42.473751 ], [ 18.70319400000011, 42.473751 ], [ 18.70319400000011, 42.473473000000126 ], [ 18.703472, 42.473473000000126 ], [ 18.703472, 42.473194000000149 ], [ 18.704491000000132, 42.473194000000149 ], [ 18.705139000000145, 42.473194000000149 ], [ 18.705139000000145, 42.472900000000152 ], [ 18.705139000000145, 42.472637 ], [ 18.705973, 42.472637 ], [ 18.705973, 42.472363000000144 ], [ 18.708195, 42.472363000000144 ], [ 18.708195, 42.472637 ], [ 18.709028, 42.472637 ], [ 18.709032, 42.472897000000103 ], [ 18.709106, 42.472916 ], [ 18.712086000000113, 42.472916 ], [ 18.712086000000113, 42.472637 ], [ 18.71333900000019, 42.472637 ], [ 18.714582, 42.472637 ], [ 18.714582, 42.472363000000144 ], [ 18.714848000000188, 42.472301000000186 ], [ 18.714861, 42.472084000000166 ], [ 18.71542, 42.472092 ], [ 18.715418000000113, 42.471806 ], [ 18.715694, 42.471806 ], [ 18.715694, 42.471527 ], [ 18.716034, 42.471554 ], [ 18.71597300000019, 42.470974000000126 ], [ 18.716269000000182, 42.470982000000106 ], [ 18.716263, 42.470890000000111 ], [ 18.716249000000118, 42.470695000000148 ], [ 18.717285, 42.470703000000128 ], [ 18.717361, 42.470692 ], [ 18.717361, 42.470417 ], [ 18.71847200000019, 42.470417 ], [ 18.71847200000019, 42.470139000000188 ], [ 18.71986, 42.470139000000188 ], [ 18.71986, 42.470417 ], [ 18.7201, 42.470417 ], [ 18.720417000000168, 42.470417 ], [ 18.720417000000168, 42.470245 ], [ 18.720417000000168, 42.470139000000188 ], [ 18.720617, 42.470139000000188 ], [ 18.720701, 42.470093 ], [ 18.720694, 42.469860000000153 ], [ 18.721313, 42.46991 ], [ 18.721251, 42.469582 ], [ 18.721922000000177, 42.469582 ], [ 18.722082000000114, 42.469582 ], [ 18.722082000000114, 42.469494000000111 ], [ 18.722082000000114, 42.469307 ], [ 18.723196, 42.469318000000101 ], [ 18.723192, 42.469028 ], [ 18.724028, 42.469028 ], [ 18.724028, 42.469307 ], [ 18.724121, 42.469307 ], [ 18.724585, 42.469307 ], [ 18.724585, 42.469028 ], [ 18.724861, 42.469028 ], [ 18.724861, 42.469307 ], [ 18.725414000000114, 42.469299 ], [ 18.725414000000114, 42.469028 ], [ 18.725985, 42.469051 ], [ 18.725973000000181, 42.468750000000171 ], [ 18.726250000000164, 42.468750000000171 ], [ 18.726250000000164, 42.468193 ], [ 18.726528, 42.468193 ], [ 18.726528, 42.467918 ], [ 18.726807, 42.467918 ], [ 18.726807, 42.467640000000188 ], [ 18.727512000000104, 42.467640000000188 ], [ 18.727612, 42.467587 ], [ 18.727638, 42.467361000000153 ], [ 18.7281, 42.467361000000153 ], [ 18.728180000000179, 42.467327000000182 ], [ 18.728195000000142, 42.467083 ], [ 18.729307000000119, 42.467102 ], [ 18.729305000000181, 42.466805000000193 ], [ 18.72986, 42.466805000000193 ], [ 18.72986, 42.466526 ], [ 18.730652, 42.466526 ], [ 18.730694000000142, 42.46625100000017 ], [ 18.731504, 42.466309000000194 ], [ 18.731527000000142, 42.465973 ], [ 18.734191895000095, 42.465984345000038 ], [ 18.734481298000162, 42.465302113000064 ], [ 18.73683584500003, 42.45975157200013 ], [ 18.746093750000171, 42.437927246000186 ], [ 18.746355617000063, 42.437322937000033 ], [ 18.746886999000139, 42.436095999000088 ], [ 18.747023423000087, 42.43525568900003 ], [ 18.747145841000076, 42.43450031600014 ], [ 18.747312545, 42.433471679000036 ], [ 18.747680665000075, 42.430725098000096 ], [ 18.747497559000067, 42.425292968000065 ], [ 18.746854554000038, 42.422523104 ], [ 18.74670399900009, 42.421875001000103 ], [ 18.746077830000104, 42.420410177000065 ], [ 18.743541718000017, 42.414478302000134 ], [ 18.743286082, 42.413879191000035 ], [ 18.74327995900012, 42.413855312000123 ], [ 18.743209640000089, 42.413581069000088 ], [ 18.742675781000059, 42.411499024000193 ], [ 18.742561858000158, 42.409658732000025 ], [ 18.742366400000151, 42.406501350000042 ], [ 18.741883355000027, 42.398703885000145 ], [ 18.7418819990001, 42.398682001000111 ], [ 18.741276823000135, 42.396327542999984 ], [ 18.741270065000094, 42.396301270000038 ], [ 18.740478515000177, 42.39428711 ], [ 18.739492333000101, 42.39272113100003 ], [ 18.738968321000073, 42.391889042 ], [ 18.73871, 42.391479 ], [ 18.738586695000095, 42.391308406000121 ], [ 18.737121583000032, 42.389282226000148 ], [ 18.736150840000107, 42.388480310000091 ], [ 18.73571298000013, 42.388120070000127 ], [ 18.73266275900005, 42.386340467000025 ], [ 18.729125976000091, 42.384277344000111 ], [ 18.728083697999978, 42.383550908000075 ], [ 18.727830463000089, 42.383374411000091 ], [ 18.727111816000047, 42.382873536000147 ], [ 18.725772276000043, 42.38139047400017 ], [ 18.723990682000078, 42.37941799400005 ], [ 18.720275878000052, 42.375305176000097 ], [ 18.719720466000069, 42.374766099000169 ], [ 18.718940115000123, 42.374008698000125 ], [ 18.716125000000147, 42.371277 ], [ 18.714387, 42.369756000000166 ], [ 18.713769495, 42.369215361000101 ], [ 18.712707519000105, 42.368286132000037 ], [ 18.711600664000059, 42.367604992000167 ], [ 18.711351991000186, 42.367451963 ], [ 18.71112082999997, 42.367309711000132 ], [ 18.711819115000139, 42.365426633000141 ], [ 18.711844649999989, 42.36535780100013 ], [ 18.712524415000019, 42.363525391000053 ], [ 18.718322724000075, 42.356506348000039 ], [ 18.709291458000166, 42.35632324200003 ], [ 18.707419380000147, 42.35788268400006 ], [ 18.706927096000072, 42.358292756000083 ], [ 18.704528808000077, 42.360290527000075 ], [ 18.70044257100011, 42.360129597000082 ], [ 18.700109665000127, 42.360116486000152 ], [ 18.70007324200003, 42.360115052000026 ], [ 18.699861882000107, 42.360107435000032 ], [ 18.69986200000011, 42.361526 ], [ 18.700073, 42.361511 ], [ 18.700073, 42.362671000000148 ], [ 18.700417, 42.36264 ], [ 18.700417, 42.362915 ], [ 18.700500000000147, 42.362915 ], [ 18.700697000000105, 42.362915 ], [ 18.700684, 42.363525 ], [ 18.700417, 42.363472000000172 ], [ 18.700417, 42.36375 ], [ 18.700136, 42.36375 ], [ 18.700073, 42.364075000000128 ], [ 18.699583000000132, 42.364029 ], [ 18.699594000000161, 42.364349 ], [ 18.699028, 42.36430700000011 ], [ 18.699028, 42.36450200000013 ], [ 18.699028, 42.364582000000155 ], [ 18.698750000000132, 42.364582000000155 ], [ 18.69873, 42.364929 ], [ 18.698475000000144, 42.364861000000133 ], [ 18.698486000000116, 42.365112000000124 ], [ 18.698193, 42.365139 ], [ 18.698193, 42.36541700000015 ], [ 18.697914, 42.36541700000015 ], [ 18.697878000000117, 42.365723 ], [ 18.697639, 42.365696000000128 ], [ 18.697639, 42.365971000000172 ], [ 18.697363000000109, 42.365971000000172 ], [ 18.697317, 42.366528 ], [ 18.697083, 42.366528 ], [ 18.697083, 42.366882 ], [ 18.696804, 42.366806000000111 ], [ 18.696804, 42.367363 ], [ 18.695692, 42.367363 ], [ 18.695681, 42.367676000000188 ], [ 18.695139000000154, 42.367638 ], [ 18.695129, 42.36792000000014 ], [ 18.693750000000136, 42.36791600000015 ], [ 18.693750000000136, 42.368103000000133 ], [ 18.693750000000136, 42.368195000000128 ], [ 18.69363600000014, 42.368195000000128 ], [ 18.693195, 42.368195000000128 ], [ 18.693195, 42.368473 ], [ 18.692083, 42.368473 ], [ 18.692078, 42.368713000000184 ], [ 18.691996000000131, 42.368752 ], [ 18.69125, 42.368752 ], [ 18.691282, 42.369080000000167 ], [ 18.690971, 42.369026000000133 ], [ 18.690956, 42.369305000000111 ], [ 18.690695000000176, 42.369305000000111 ], [ 18.690662, 42.369507000000169 ], [ 18.690653, 42.369583 ], [ 18.690416, 42.369583 ], [ 18.690416, 42.370365000000106 ], [ 18.690416, 42.370693 ], [ 18.69030800000013, 42.370728 ], [ 18.69014, 42.370693 ], [ 18.690174, 42.370991000000174 ], [ 18.689861, 42.370972 ], [ 18.689856000000191, 42.371529000000123 ], [ 18.689306000000158, 42.371529000000123 ], [ 18.689306000000158, 42.371704000000193 ], [ 18.689306000000158, 42.371807 ], [ 18.689053000000172, 42.371807 ], [ 18.688749, 42.371807 ], [ 18.688749, 42.371948000000145 ], [ 18.688749, 42.372082 ], [ 18.688465, 42.372082 ], [ 18.68819400000018, 42.372082 ], [ 18.688213000000133, 42.372375000000147 ], [ 18.687918, 42.372360000000128 ], [ 18.687927000000116, 42.37292500000018 ], [ 18.687639, 42.372917 ], [ 18.687639, 42.373470000000111 ], [ 18.687927000000116, 42.373474000000101 ], [ 18.687918, 42.374306 ], [ 18.688110000000165, 42.374329000000159 ], [ 18.68819400000018, 42.374306 ], [ 18.68819400000018, 42.374413000000175 ], [ 18.68819400000018, 42.374584000000141 ], [ 18.688362, 42.374584000000141 ], [ 18.688473000000158, 42.374584000000141 ], [ 18.688473000000158, 42.374695 ], [ 18.688473000000158, 42.374863000000119 ], [ 18.688717000000111, 42.374863000000119 ], [ 18.689028, 42.374863000000119 ], [ 18.689087000000143, 42.375122 ], [ 18.69014, 42.375137 ], [ 18.69014, 42.375313 ], [ 18.69014, 42.375416 ], [ 18.690403000000174, 42.375416 ], [ 18.690695000000176, 42.375416 ], [ 18.690695000000176, 42.37553 ], [ 18.690695000000176, 42.375973000000101 ], [ 18.690922000000114, 42.375996 ], [ 18.690971, 42.376099 ], [ 18.690973, 42.376400000000103 ], [ 18.690981, 42.37711 ], [ 18.69014, 42.377083000000141 ], [ 18.690075, 42.377361 ], [ 18.689583, 42.377361 ], [ 18.689583, 42.37764 ], [ 18.689028, 42.37764 ], [ 18.689087000000143, 42.37793 ], [ 18.68819400000018, 42.377918 ], [ 18.688204, 42.378204000000153 ], [ 18.687918, 42.378193000000124 ], [ 18.687927000000116, 42.378479000000141 ], [ 18.687073000000112, 42.378479000000141 ], [ 18.687073000000112, 42.379089000000192 ], [ 18.686808, 42.379028000000119 ], [ 18.686808, 42.379581 ], [ 18.686525, 42.379585000000191 ], [ 18.686525, 42.379883000000177 ], [ 18.686525, 42.380138000000102 ], [ 18.686052, 42.380138000000102 ], [ 18.685696, 42.380138000000102 ], [ 18.685696, 42.380333 ], [ 18.685696, 42.380417 ], [ 18.685551000000146, 42.380417 ], [ 18.685139000000163, 42.380417 ], [ 18.685085000000129, 42.380695000000173 ], [ 18.684586, 42.380695000000173 ], [ 18.684612, 42.381001 ], [ 18.684303000000114, 42.380974 ], [ 18.684326, 42.381287000000157 ], [ 18.683472000000108, 42.381287000000157 ], [ 18.683472000000108, 42.381805 ], [ 18.68375, 42.381805 ], [ 18.683777, 42.382027000000107 ], [ 18.683472000000108, 42.382084000000191 ], [ 18.683472000000108, 42.382507 ], [ 18.683472000000108, 42.382637000000102 ], [ 18.683594, 42.382637000000102 ], [ 18.68375, 42.382637000000102 ], [ 18.68375, 42.382801 ], [ 18.68375, 42.382915 ], [ 18.683886, 42.382942000000128 ], [ 18.683981, 42.382961 ], [ 18.68402900000018, 42.383194000000174 ], [ 18.684204, 42.383194000000174 ], [ 18.684303000000114, 42.383194000000174 ], [ 18.684303000000114, 42.383301000000188 ], [ 18.684303000000114, 42.385139 ], [ 18.682364, 42.385139 ], [ 18.682364, 42.384895 ], [ 18.682364, 42.384583000000191 ], [ 18.682259000000101, 42.384583000000191 ], [ 18.682081, 42.384583000000191 ], [ 18.682081, 42.38407100000012 ], [ 18.682081, 42.383472 ], [ 18.681885, 42.383472 ], [ 18.681805000000168, 42.383472 ], [ 18.681805000000168, 42.383194000000174 ], [ 18.681284, 42.383141 ], [ 18.68125, 42.382915 ], [ 18.680725000000166, 42.382874000000186 ], [ 18.680695000000185, 42.382637000000102 ], [ 18.675972, 42.382637000000102 ], [ 18.675966, 42.382893000000138 ], [ 18.675846, 42.382915 ], [ 18.674583, 42.382915 ], [ 18.674595000000124, 42.383205 ], [ 18.674307000000113, 42.383194000000174 ], [ 18.674316000000147, 42.383484 ], [ 18.67375, 42.383472 ], [ 18.67375, 42.383751 ], [ 18.672915, 42.383751 ], [ 18.672913, 42.384277000000111 ], [ 18.672825, 42.384304 ], [ 18.672085, 42.384304 ], [ 18.672119, 42.384521 ], [ 18.671946000000162, 42.384583000000191 ], [ 18.670975000000112, 42.384583000000191 ], [ 18.670984000000146, 42.384911000000159 ], [ 18.670139, 42.384861000000114 ], [ 18.670139, 42.385139 ], [ 18.669128, 42.385139 ], [ 18.669027, 42.385139 ], [ 18.669039000000112, 42.385719 ], [ 18.668091, 42.386108 ] ] ] ] } },
{ "type": "Feature", "properties": { "fid": 20, "GID_1": "MNE.20_1", "GID_0": "MNE", "COUNTRY": "Montenegro", "NAME_1": "Ulcinj", "VARNAME_1": "NA", "NL_NAME_1": "NA", "TYPE_1": "Opština", "ENGTYPE_1": "Municipality", "CC_1": "NA", "HASC_1": "ME.UL", "ISO_1": "ME-20" }, "geometry": { "type": "MultiPolygon", "coordinates": [ [ [ [ 19.388801076000107, 42.111321249000127 ], [ 19.3993210000001, 42.104668 ], [ 19.400322000000131, 42.100567000000183 ], [ 19.400434000000189, 42.100105000000156 ], [ 19.398985, 42.098091000000124 ], [ 19.398948331000099, 42.098040031000096 ], [ 19.395804804000136, 42.092565660000048 ], [ 19.394304275000081, 42.087741851000146 ], [ 19.389368057000183, 42.08200073200004 ], [ 19.388279193000187, 42.081264614000077 ], [ 19.385571, 42.079433 ], [ 19.380377000000124, 42.071747000000187 ], [ 19.380371643000103, 42.071728172000064 ], [ 19.37822762400009, 42.063994862000072 ], [ 19.378224478, 42.063960259000112 ], [ 19.377580643000101, 42.056203842000059 ], [ 19.377403258000129, 42.051124572999981 ], [ 19.37675160900011, 42.046869506000121 ], [ 19.376567870000088, 42.045669748000137 ], [ 19.376559346000079, 42.04565318300007 ], [ 19.374102000000164, 42.040878000000134 ], [ 19.373198000000173, 42.039211 ], [ 19.370909846000188, 42.034992180000017 ], [ 19.369108200000142, 42.031669616000102 ], [ 19.368477879000125, 42.028497878000053 ], [ 19.36755600000015, 42.023857000000135 ], [ 19.369221, 42.018967000000146 ], [ 19.372824619000085, 42.013361217000067 ], [ 19.374437000000171, 42.010853000000111 ], [ 19.380754, 42.00204500000018 ], [ 19.383072, 41.998280000000193 ], [ 19.384152323000137, 41.996525151000071 ], [ 19.384270000000186, 41.996334000000161 ], [ 19.382795000000158, 41.995621000000142 ], [ 19.381711796000104, 41.995093421999968 ], [ 19.378517151000153, 41.992475510000077 ], [ 19.378038406000087, 41.984062195000035 ], [ 19.375842766000119, 41.975231602000122 ], [ 19.37559701400005, 41.974243058000184 ], [ 19.37564685100017, 41.973844921000193 ], [ 19.376282, 41.968773 ], [ 19.382265000000189, 41.965256000000181 ], [ 19.382795000000158, 41.964355 ], [ 19.383349812000063, 41.963413072000094 ], [ 19.384125, 41.962097 ], [ 19.384218000000146, 41.961941 ], [ 19.381701, 41.958710000000167 ], [ 19.380291487000079, 41.958231495000121 ], [ 19.379912693000165, 41.957590037000159 ], [ 19.371022510000103, 41.95559166400011 ], [ 19.360224960000039, 41.955259319000049 ], [ 19.352573000000177, 41.95277875000005 ], [ 19.350004, 41.938297000000148 ], [ 19.353390000000104, 41.933468000000119 ], [ 19.361862000000144, 41.929661 ], [ 19.366055000000131, 41.92809700000015 ], [ 19.369209000000126, 41.92256900000018 ], [ 19.368721030000074, 41.920832116000156 ], [ 19.368401, 41.919693 ], [ 19.368069000000162, 41.918499 ], [ 19.358688, 41.916862000000151 ], [ 19.35219550000005, 41.91204450000015 ], [ 19.351669000000186, 41.911003000000107 ], [ 19.347687, 41.910557000000153 ], [ 19.342711404999989, 41.907501121 ], [ 19.342661000000192, 41.907467000000111 ], [ 19.342287923000129, 41.907238263000124 ], [ 19.343636333000177, 41.901736750000111 ], [ 19.355087, 41.898178 ], [ 19.362521500000128, 41.895147500000064 ], [ 19.362862, 41.895012 ], [ 19.366947, 41.887012 ], [ 19.376902, 41.883541 ], [ 19.378006, 41.8819850000001 ], [ 19.378204, 41.88035600000012 ], [ 19.378479000000141, 41.878113000000155 ], [ 19.377112809000153, 41.866320183000084 ], [ 19.375488, 41.852295 ], [ 19.375488, 41.850281 ], [ 19.375395, 41.85038800000018 ], [ 19.375401000000181, 41.85014 ], [ 19.375139000000161, 41.85014 ], [ 19.375139000000161, 41.850418000000161 ], [ 19.374861, 41.850418000000161 ], [ 19.374861, 41.850693 ], [ 19.374584, 41.850693 ], [ 19.374584, 41.850971000000129 ], [ 19.374306000000161, 41.850971000000129 ], [ 19.374306000000161, 41.851528 ], [ 19.374027000000183, 41.851528 ], [ 19.374027000000183, 41.85236 ], [ 19.373751, 41.85236 ], [ 19.373751, 41.852085000000102 ], [ 19.372925000000123, 41.852112 ], [ 19.372917, 41.851807000000179 ], [ 19.37262, 41.851807000000179 ], [ 19.372358, 41.851807000000179 ], [ 19.372358, 41.851566000000105 ], [ 19.372084, 41.851528 ], [ 19.372084, 41.851330000000132 ], [ 19.372084, 41.850971000000129 ], [ 19.371849000000111, 41.850945 ], [ 19.371805000000165, 41.850872 ], [ 19.371805000000165, 41.850693 ], [ 19.371702, 41.850693 ], [ 19.371529, 41.850693 ], [ 19.371544, 41.85041 ], [ 19.37125, 41.850418000000161 ], [ 19.371277000000191, 41.849915000000124 ], [ 19.370695000000183, 41.849861 ], [ 19.370695000000183, 41.849583 ], [ 19.370419, 41.849583 ], [ 19.370419, 41.849422000000175 ], [ 19.370419, 41.849304000000188 ], [ 19.370127, 41.849358 ], [ 19.370136000000116, 41.84903 ], [ 19.369583, 41.84903 ], [ 19.369583, 41.848751000000107 ], [ 19.368990000000167, 41.848751000000107 ], [ 19.368896000000177, 41.848751000000107 ], [ 19.36875, 41.848751000000107 ], [ 19.36875, 41.848652 ], [ 19.36875, 41.848473000000183 ], [ 19.368486000000189, 41.848473000000183 ], [ 19.367914, 41.848473000000183 ], [ 19.367914, 41.848194 ], [ 19.367640000000165, 41.848194 ], [ 19.367640000000165, 41.848083 ], [ 19.367640000000165, 41.847916000000112 ], [ 19.365417, 41.847916000000112 ], [ 19.365389000000107, 41.848156 ], [ 19.364861, 41.848194 ], [ 19.364929, 41.848511000000144 ], [ 19.364305000000115, 41.848473000000183 ], [ 19.364271000000144, 41.848686 ], [ 19.364027000000192, 41.848751000000107 ], [ 19.363983000000133, 41.84903 ], [ 19.36347400000011, 41.84903 ], [ 19.36347400000011, 41.849304000000188 ], [ 19.363195, 41.849304000000188 ], [ 19.363222, 41.849640000000136 ], [ 19.362638, 41.849583 ], [ 19.362671, 41.849915000000124 ], [ 19.362362, 41.849861 ], [ 19.362368, 41.850422000000151 ], [ 19.362083, 41.850418000000161 ], [ 19.362148000000161, 41.850994 ], [ 19.361528000000192, 41.850971000000129 ], [ 19.361511, 41.851318 ], [ 19.360416, 41.851250000000107 ], [ 19.360394000000156, 41.851528 ], [ 19.359861000000137, 41.851528 ], [ 19.359823000000176, 41.851761000000124 ], [ 19.359764, 41.851807000000179 ], [ 19.359306, 41.851807000000179 ], [ 19.359343, 41.852131000000156 ], [ 19.358747000000108, 41.852085000000102 ], [ 19.358747000000108, 41.85236 ], [ 19.358473, 41.85236 ], [ 19.358473, 41.852638000000184 ], [ 19.357918, 41.852638000000184 ], [ 19.357910000000174, 41.852905 ], [ 19.357822000000169, 41.852917000000161 ], [ 19.356525000000147, 41.852917000000161 ], [ 19.356503, 41.853088000000128 ], [ 19.356487000000186, 41.853195 ], [ 19.356251, 41.853195 ], [ 19.356251, 41.853748 ], [ 19.355972, 41.853748 ], [ 19.355972, 41.854027 ], [ 19.356251, 41.854027 ], [ 19.356251, 41.854584000000102 ], [ 19.355694000000142, 41.854584000000102 ], [ 19.355713, 41.854919000000109 ], [ 19.355415000000107, 41.854862 ], [ 19.355415000000107, 41.855415000000107 ], [ 19.35486, 41.855415000000107 ], [ 19.354919000000109, 41.855713 ], [ 19.354597000000126, 41.855637000000172 ], [ 19.354584000000102, 41.855415000000107 ], [ 19.354029, 41.855415000000107 ], [ 19.354029, 41.855972000000179 ], [ 19.35375, 41.855972000000179 ], [ 19.35375, 41.856422000000123 ], [ 19.35375, 41.856529 ], [ 19.353334, 41.856529 ], [ 19.352638, 41.856529 ], [ 19.352638, 41.856724 ], [ 19.352638, 41.856804 ], [ 19.352444000000162, 41.856804 ], [ 19.351805, 41.856804 ], [ 19.351767000000109, 41.857082000000162 ], [ 19.351685, 41.857082000000162 ], [ 19.351528, 41.857082000000162 ], [ 19.351528, 41.85725 ], [ 19.351528, 41.857361 ], [ 19.351395, 41.857361 ], [ 19.351250000000107, 41.857361 ], [ 19.351250000000107, 41.857483000000116 ], [ 19.351250000000107, 41.857639 ], [ 19.35103, 41.857639 ], [ 19.350695, 41.857639 ], [ 19.350695, 41.857822000000112 ], [ 19.350695, 41.857918 ], [ 19.350521, 41.857918 ], [ 19.350140000000124, 41.857918 ], [ 19.350140000000124, 41.858471000000179 ], [ 19.349583, 41.858471000000179 ], [ 19.349606000000165, 41.858711000000142 ], [ 19.349306, 41.858749000000103 ], [ 19.349304, 41.859131 ], [ 19.348749000000169, 41.859028 ], [ 19.348694, 41.859314 ], [ 19.348473, 41.859306000000174 ], [ 19.348473, 41.859859 ], [ 19.348194, 41.859859 ], [ 19.34820400000018, 41.860180000000184 ], [ 19.346806000000129, 41.860138 ], [ 19.346806000000129, 41.860416000000157 ], [ 19.346527000000151, 41.860416000000157 ], [ 19.346539, 41.860714000000144 ], [ 19.346251, 41.860695000000135 ], [ 19.346243, 41.860897000000193 ], [ 19.346241000000134, 41.860973 ], [ 19.345972, 41.860973 ], [ 19.345963, 41.861252 ], [ 19.345694000000151, 41.861252 ], [ 19.345657000000131, 41.861465000000123 ], [ 19.345556000000101, 41.861526 ], [ 19.345137, 41.861526 ], [ 19.345137, 41.861729 ], [ 19.345137, 41.861805000000174 ], [ 19.344818000000146, 41.861805000000174 ], [ 19.343472000000133, 41.861805000000174 ], [ 19.343506000000104, 41.862122000000113 ], [ 19.342361, 41.862083 ], [ 19.342361, 41.862362 ], [ 19.342285000000174, 41.862362 ], [ 19.342161, 41.862362 ], [ 19.341528, 41.862362 ], [ 19.34149200000013, 41.862671 ], [ 19.341249, 41.862640000000169 ], [ 19.341249, 41.863476 ], [ 19.341249, 41.863750000000152 ], [ 19.341167, 41.863750000000152 ], [ 19.340973000000133, 41.863750000000152 ], [ 19.340973000000133, 41.863945000000115 ], [ 19.340973000000133, 41.86402900000013 ], [ 19.340733000000171, 41.86402900000013 ], [ 19.339861000000155, 41.86402900000013 ], [ 19.339905, 41.864319000000137 ], [ 19.339582000000178, 41.864307 ], [ 19.339588000000106, 41.864590000000192 ], [ 19.339306, 41.864582 ], [ 19.339294000000166, 41.865479 ], [ 19.339582000000178, 41.865417 ], [ 19.339582000000178, 41.865696 ], [ 19.340139, 41.865696 ], [ 19.340122, 41.866005 ], [ 19.340414, 41.865971 ], [ 19.340414, 41.866142 ], [ 19.340414, 41.86652800000013 ], [ 19.340750000000185, 41.866516 ], [ 19.340694000000155, 41.867085 ], [ 19.340881, 41.867126 ], [ 19.340973000000133, 41.867085 ], [ 19.340973000000133, 41.867218 ], [ 19.340973000000133, 41.867363000000125 ], [ 19.34112, 41.867363000000125 ], [ 19.341249, 41.867363000000125 ], [ 19.341249, 41.867493 ], [ 19.341249, 41.86763800000017 ], [ 19.34149200000013, 41.867676 ], [ 19.341528, 41.867916 ], [ 19.341732, 41.867916 ], [ 19.342083000000173, 41.867916 ], [ 19.342083000000173, 41.868195 ], [ 19.342636, 41.868195 ], [ 19.34263, 41.868484000000137 ], [ 19.342712000000176, 41.868484000000137 ], [ 19.343472000000133, 41.868473000000165 ], [ 19.343506000000104, 41.868713000000128 ], [ 19.344584000000168, 41.868752000000143 ], [ 19.344580000000178, 41.86903800000016 ], [ 19.344727, 41.86908000000011 ], [ 19.345886, 41.86908000000011 ], [ 19.345972, 41.86911 ], [ 19.345972, 41.869305 ], [ 19.346504, 41.869305 ], [ 19.347084, 41.869305 ], [ 19.347134, 41.869534000000158 ], [ 19.347361, 41.869583000000148 ], [ 19.347361, 41.869759000000158 ], [ 19.347361, 41.869896 ], [ 19.347361, 41.87014 ], [ 19.346130000000187, 41.87014 ], [ 19.345974, 41.87012900000019 ], [ 19.345972, 41.869862000000126 ], [ 19.34289600000011, 41.869873000000155 ], [ 19.342918000000168, 41.869583000000148 ], [ 19.342342, 41.869617000000119 ], [ 19.342361, 41.869305 ], [ 19.341780000000142, 41.869366000000127 ], [ 19.341805, 41.869026 ], [ 19.341009, 41.868980000000192 ], [ 19.340973000000133, 41.868752000000143 ], [ 19.340694000000155, 41.868752000000143 ], [ 19.340694000000155, 41.868473000000165 ], [ 19.339834, 41.868473000000165 ], [ 19.338751000000173, 41.868473000000165 ], [ 19.33877200000012, 41.868130000000178 ], [ 19.338694, 41.868145 ], [ 19.338472, 41.868195 ], [ 19.338472, 41.868111 ], [ 19.338472, 41.867916 ], [ 19.337358000000165, 41.867931 ], [ 19.33736000000016, 41.86763800000017 ], [ 19.336250000000177, 41.86763800000017 ], [ 19.336304, 41.86792 ], [ 19.335972, 41.867916 ], [ 19.335972, 41.868195 ], [ 19.335695000000101, 41.868195 ], [ 19.335695000000101, 41.868473000000165 ], [ 19.335417000000177, 41.868473000000165 ], [ 19.335417000000177, 41.869026 ], [ 19.335138, 41.869026 ], [ 19.335138, 41.869305 ], [ 19.334862000000101, 41.869305 ], [ 19.334871000000135, 41.869598000000167 ], [ 19.334583, 41.869583000000148 ], [ 19.334543000000167, 41.869801 ], [ 19.334454, 41.869862000000126 ], [ 19.33402800000016, 41.869862000000126 ], [ 19.33402800000016, 41.87014 ], [ 19.333914000000163, 41.87014 ], [ 19.333752, 41.87014 ], [ 19.3337, 41.870674000000179 ], [ 19.333471, 41.870693000000131 ], [ 19.333433000000127, 41.870972000000165 ], [ 19.33319500000016, 41.870972000000165 ], [ 19.333132, 41.871277000000134 ], [ 19.332916000000182, 41.87125 ], [ 19.332916000000182, 41.871544 ], [ 19.332916000000182, 41.871807000000103 ], [ 19.33268, 41.871838 ], [ 19.33264, 41.872082000000148 ], [ 19.332521, 41.872082000000148 ], [ 19.332361000000105, 41.872082000000148 ], [ 19.332361000000105, 41.872257 ], [ 19.33231000000012, 41.872311 ], [ 19.332083000000182, 41.87236 ], [ 19.33213400000011, 41.872929 ], [ 19.331806, 41.872917000000143 ], [ 19.331806, 41.873196000000121 ], [ 19.3315300000001, 41.873196000000121 ], [ 19.3315300000001, 41.873474 ], [ 19.331247000000133, 41.873474 ], [ 19.331247000000133, 41.873749 ], [ 19.330973, 41.873749 ], [ 19.330933, 41.874268 ], [ 19.33087200000017, 41.874329000000102 ], [ 19.330694000000165, 41.874306000000104 ], [ 19.330654, 41.874546 ], [ 19.330418, 41.874584 ], [ 19.330376000000172, 41.874825000000101 ], [ 19.330322000000137, 41.874878000000194 ], [ 19.330137, 41.874863 ], [ 19.330107000000112, 41.875416000000143 ], [ 19.329861000000164, 41.875416000000143 ], [ 19.32980700000013, 41.875942000000123 ], [ 19.329584000000182, 41.875973 ], [ 19.329559, 41.876251000000138 ], [ 19.329308, 41.876251000000138 ], [ 19.329285000000141, 41.876526000000126 ], [ 19.329025000000115, 41.876530000000116 ], [ 19.329033, 41.877075000000104 ], [ 19.328472, 41.877083 ], [ 19.328428, 41.877308 ], [ 19.327915000000132, 41.877361000000121 ], [ 19.327881000000161, 41.877686 ], [ 19.327639, 41.87764 ], [ 19.327639, 41.877815 ], [ 19.327639, 41.877918000000193 ], [ 19.327452000000164, 41.877918000000193 ], [ 19.327084, 41.877918000000193 ], [ 19.327049, 41.878136 ], [ 19.326956000000166, 41.878193 ], [ 19.326529000000164, 41.878193 ], [ 19.326477000000125, 41.878479 ], [ 19.325693000000115, 41.878471000000104 ], [ 19.325693000000115, 41.878750000000139 ], [ 19.325417000000186, 41.878750000000139 ], [ 19.32542, 41.879036000000156 ], [ 19.325138, 41.879028 ], [ 19.325138, 41.879177 ], [ 19.325138, 41.879307 ], [ 19.324879, 41.879307 ], [ 19.324581000000137, 41.879307 ], [ 19.324583000000132, 41.880138 ], [ 19.324306, 41.880138 ], [ 19.32429100000013, 41.880417000000193 ], [ 19.323750000000132, 41.880417000000193 ], [ 19.32373, 41.880676000000165 ], [ 19.323645000000113, 41.880695000000117 ], [ 19.322639, 41.880695000000117 ], [ 19.322639, 41.88092 ], [ 19.322363000000109, 41.880974 ], [ 19.322363000000109, 41.881248 ], [ 19.322083000000191, 41.881248 ], [ 19.322083000000191, 41.881531000000166 ], [ 19.321472, 41.881531000000166 ], [ 19.321527, 41.881805 ], [ 19.321409, 41.881805 ], [ 19.321251000000132, 41.881805 ], [ 19.321251000000132, 41.882084000000134 ], [ 19.320972, 41.882084000000134 ], [ 19.320972, 41.882362 ], [ 19.320694, 41.882362 ], [ 19.320679, 41.882690000000139 ], [ 19.318750000000136, 41.882637 ], [ 19.318750000000136, 41.882915000000139 ], [ 19.318472, 41.882915000000139 ], [ 19.318483, 41.883221 ], [ 19.317919000000131, 41.883194000000117 ], [ 19.317871, 41.883484000000124 ], [ 19.317636000000164, 41.883472 ], [ 19.317629, 41.885082000000182 ], [ 19.31736, 41.885128 ], [ 19.317362, 41.884861 ], [ 19.31625, 41.884861 ], [ 19.31625, 41.885139 ], [ 19.315971, 41.885139 ], [ 19.316004000000135, 41.885475 ], [ 19.315697000000114, 41.885418 ], [ 19.315626000000123, 41.885693000000117 ], [ 19.314583000000141, 41.885693000000117 ], [ 19.314573, 41.885971 ], [ 19.313749, 41.885971 ], [ 19.313723, 41.88629200000014 ], [ 19.313473000000101, 41.886250000000189 ], [ 19.313473000000101, 41.885971 ], [ 19.312916, 41.885971 ], [ 19.312916, 41.886250000000189 ], [ 19.312361000000124, 41.886250000000189 ], [ 19.312374000000148, 41.88657 ], [ 19.311806, 41.886528000000112 ], [ 19.311745000000144, 41.886806 ], [ 19.311251000000141, 41.886806 ], [ 19.311279000000127, 41.887085000000184 ], [ 19.310694, 41.887085000000184 ], [ 19.310728, 41.887329000000136 ], [ 19.310417, 41.88736 ], [ 19.310465000000136, 41.887676 ], [ 19.310139000000163, 41.887638 ], [ 19.310139000000163, 41.887917 ], [ 19.309860000000128, 41.887917 ], [ 19.309877000000142, 41.888233000000128 ], [ 19.309305, 41.888195000000167 ], [ 19.309324, 41.888489000000163 ], [ 19.309029000000123, 41.888474 ], [ 19.309029000000123, 41.888638 ], [ 19.309029000000123, 41.888748000000135 ], [ 19.308807, 41.888748000000135 ], [ 19.308472, 41.888748000000135 ], [ 19.308472, 41.888916000000165 ], [ 19.308472, 41.889027000000112 ], [ 19.307993, 41.889027000000112 ], [ 19.306805000000168, 41.889027000000112 ], [ 19.306805000000168, 41.889305 ], [ 19.305973, 41.889305 ], [ 19.305964000000188, 41.889584000000184 ], [ 19.30514, 41.889584000000184 ], [ 19.30514, 41.889862000000107 ], [ 19.30458300000015, 41.889862000000107 ], [ 19.304586, 41.890152000000114 ], [ 19.304029000000128, 41.890141 ], [ 19.304007000000126, 41.890312 ], [ 19.303871, 41.890415000000189 ], [ 19.303196000000128, 41.890415000000189 ], [ 19.303202000000113, 41.890717000000109 ], [ 19.302637, 41.890694000000167 ], [ 19.302616000000114, 41.8909230000001 ], [ 19.302086000000145, 41.890972 ], [ 19.302122000000111, 41.891296 ], [ 19.30125, 41.891251 ], [ 19.30121400000013, 41.891529000000162 ], [ 19.300694, 41.891529000000162 ], [ 19.300665000000151, 41.891762 ], [ 19.300604, 41.891804 ], [ 19.300417, 41.891804 ], [ 19.300417, 41.891933 ], [ 19.300417, 41.892082 ], [ 19.300201000000129, 41.892082 ], [ 19.299862000000132, 41.892082 ], [ 19.29984300000018, 41.892296 ], [ 19.2996270000001, 41.892361000000108 ], [ 19.299028, 41.892361000000108 ], [ 19.299028, 41.892536000000177 ], [ 19.299028, 41.892639 ], [ 19.298807, 41.892639 ], [ 19.298195, 41.892639 ], [ 19.298191, 41.892899 ], [ 19.298071000000107, 41.892918000000179 ], [ 19.296806, 41.892918000000179 ], [ 19.296806, 41.893127 ], [ 19.296528, 41.893196000000103 ], [ 19.29651100000018, 41.893494 ], [ 19.296249000000159, 41.893471 ], [ 19.296249000000159, 41.893635000000188 ], [ 19.296249000000159, 41.893749000000184 ], [ 19.296034000000134, 41.893749000000184 ], [ 19.295694, 41.893749000000184 ], [ 19.295694, 41.893932 ], [ 19.295694, 41.894028000000162 ], [ 19.295485, 41.894028000000162 ], [ 19.294861, 41.894028000000162 ], [ 19.294922000000156, 41.894287000000134 ], [ 19.2945840000001, 41.894306 ], [ 19.2945840000001, 41.894585 ], [ 19.294306000000176, 41.894585 ], [ 19.294319, 41.894928 ], [ 19.292084000000159, 41.894859000000167 ], [ 19.292084000000159, 41.895138 ], [ 19.291805000000181, 41.895138 ], [ 19.291824000000133, 41.89545800000019 ], [ 19.291250000000105, 41.895416 ], [ 19.291321, 41.895691000000113 ], [ 19.290419, 41.895695000000103 ], [ 19.290363, 41.895973 ], [ 19.290136000000132, 41.895973 ], [ 19.290136000000132, 41.896111 ], [ 19.290136000000132, 41.896252000000175 ], [ 19.289907, 41.896252000000175 ], [ 19.289026, 41.896252000000175 ], [ 19.289026, 41.896526000000108 ], [ 19.28875, 41.896526000000108 ], [ 19.28875, 41.896805 ], [ 19.288473000000181, 41.896805 ], [ 19.288511000000142, 41.897095 ], [ 19.285692, 41.89708300000018 ], [ 19.285692, 41.897282000000132 ], [ 19.285692, 41.897362000000157 ], [ 19.285448, 41.897362000000157 ], [ 19.284861, 41.897362000000157 ], [ 19.284861, 41.897552 ], [ 19.284861, 41.89764 ], [ 19.284716000000174, 41.89764 ], [ 19.284306000000186, 41.89764 ], [ 19.284304000000191, 41.897888000000137 ], [ 19.284069000000102, 41.897915 ], [ 19.282639000000131, 41.897915 ], [ 19.282639000000131, 41.898094000000128 ], [ 19.282639000000131, 41.898193000000163 ], [ 19.282314, 41.898193000000163 ], [ 19.281252000000109, 41.898193000000163 ], [ 19.281309, 41.898499 ], [ 19.280416, 41.898472 ], [ 19.280409000000191, 41.89872 ], [ 19.280317, 41.89875 ], [ 19.279861, 41.89875 ], [ 19.2798370000001, 41.898914000000161 ], [ 19.279732, 41.899029 ], [ 19.27930600000019, 41.899029 ], [ 19.279251000000102, 41.899307000000135 ], [ 19.278749000000118, 41.899307000000135 ], [ 19.278749000000118, 41.899475 ], [ 19.278749000000118, 41.89958200000018 ], [ 19.278442000000155, 41.89958200000018 ], [ 19.277639000000136, 41.89958200000018 ], [ 19.277708000000132, 41.899902000000168 ], [ 19.277082, 41.899860000000103 ], [ 19.277102000000127, 41.900085 ], [ 19.276974000000166, 41.900139 ], [ 19.276525000000163, 41.900139 ], [ 19.276525000000163, 41.90033 ], [ 19.276525000000163, 41.900417000000175 ], [ 19.276251, 41.900425 ], [ 19.276251, 41.900696000000153 ], [ 19.275591000000134, 41.900696000000153 ], [ 19.275139, 41.900696000000153 ], [ 19.275139, 41.900879 ], [ 19.275139, 41.90097 ], [ 19.27487600000012, 41.90097 ], [ 19.274027, 41.90097 ], [ 19.274027, 41.901249 ], [ 19.27347200000014, 41.901249 ], [ 19.273500000000126, 41.901489 ], [ 19.273376, 41.901527000000158 ], [ 19.272917, 41.901527000000158 ], [ 19.272917, 41.901672 ], [ 19.272917, 41.901806000000136 ], [ 19.272757000000126, 41.901806000000136 ], [ 19.272638, 41.901806000000136 ], [ 19.272638, 41.901924000000122 ], [ 19.272638, 41.902084 ], [ 19.272476000000154, 41.902084 ], [ 19.272362000000157, 41.902084 ], [ 19.272362000000157, 41.902199000000167 ], [ 19.272362000000157, 41.902363 ], [ 19.272032, 41.902363 ], [ 19.271528, 41.902363 ], [ 19.271528, 41.902527000000134 ], [ 19.271528, 41.902637 ], [ 19.271374, 41.902637 ], [ 19.270971000000145, 41.902637 ], [ 19.270971000000145, 41.902893 ], [ 19.27014000000014, 41.902916000000175 ], [ 19.27014000000014, 41.902637 ], [ 19.269835000000114, 41.902637 ], [ 19.269583, 41.902637 ], [ 19.269583, 41.902527000000134 ], [ 19.269583, 41.902363 ], [ 19.269028000000162, 41.902363 ], [ 19.268982, 41.902637 ], [ 19.268749000000128, 41.902637 ], [ 19.268717000000152, 41.902878 ], [ 19.268194, 41.902916000000175 ], [ 19.268194, 41.903194 ], [ 19.267918000000122, 41.903194 ], [ 19.267883, 41.903503 ], [ 19.267639000000145, 41.903473 ], [ 19.267605000000174, 41.90369800000019 ], [ 19.267529, 41.90375100000017 ], [ 19.267361, 41.90375100000017 ], [ 19.267361, 41.90387 ], [ 19.267361, 41.904026000000158 ], [ 19.267178, 41.904026000000158 ], [ 19.266806000000145, 41.904026000000158 ], [ 19.266809, 41.904320000000155 ], [ 19.265972, 41.904305000000136 ], [ 19.265959, 41.904518 ], [ 19.265673, 41.904583 ], [ 19.264305000000149, 41.904583 ], [ 19.264282, 41.904907 ], [ 19.263197000000162, 41.904861000000153 ], [ 19.263199000000157, 41.905148000000111 ], [ 19.262362000000167, 41.905140000000131 ], [ 19.262362000000167, 41.905418 ], [ 19.260414, 41.905418 ], [ 19.260414, 41.905701000000192 ], [ 19.25989, 41.905701000000192 ], [ 19.25989, 41.906311 ], [ 19.258192000000122, 41.906250000000171 ], [ 19.258192000000122, 41.906532 ], [ 19.256527000000176, 41.906528 ], [ 19.256527000000176, 41.906807 ], [ 19.255417, 41.906807 ], [ 19.255417, 41.907082 ], [ 19.254583, 41.907082 ], [ 19.254583, 41.907360000000153 ], [ 19.253752, 41.907360000000153 ], [ 19.253752, 41.907505 ], [ 19.253752, 41.907639000000131 ], [ 19.25311500000015, 41.907639000000131 ], [ 19.251806, 41.907639000000131 ], [ 19.251804, 41.907906 ], [ 19.251663, 41.907917 ], [ 19.249584, 41.907917 ], [ 19.24958, 41.908195000000148 ], [ 19.249308, 41.908195000000148 ], [ 19.249302000000114, 41.908474000000126 ], [ 19.248751, 41.908474000000126 ], [ 19.248762, 41.908791 ], [ 19.247639, 41.908749000000171 ], [ 19.247639, 41.909027 ], [ 19.245138, 41.909027 ], [ 19.245144000000153, 41.909328 ], [ 19.244305, 41.909306 ], [ 19.244276000000127, 41.909477000000152 ], [ 19.24375, 41.909584000000109 ], [ 19.243748000000153, 41.909908000000144 ], [ 19.242310000000145, 41.909863000000144 ], [ 19.241249000000153, 41.909863000000144 ], [ 19.241219000000115, 41.910137 ], [ 19.240694, 41.910137 ], [ 19.240694, 41.910416 ], [ 19.240141000000108, 41.910416 ], [ 19.240141000000108, 41.910137 ], [ 19.237255, 41.910137 ], [ 19.236879, 41.910137 ], [ 19.236807000000113, 41.910137 ], [ 19.236807000000113, 41.909863000000144 ], [ 19.236082000000181, 41.909863000000144 ], [ 19.235971, 41.909863000000144 ], [ 19.235971, 41.909424 ], [ 19.235971, 41.909119 ], [ 19.235962, 41.909027 ], [ 19.23569700000013, 41.909027 ], [ 19.23569700000013, 41.908474000000126 ], [ 19.235901000000126, 41.908508 ], [ 19.235971, 41.907639000000131 ], [ 19.236319, 41.907631 ], [ 19.23625, 41.907082 ], [ 19.235971, 41.907082 ], [ 19.235971, 41.906467000000134 ], [ 19.235971, 41.906311 ], [ 19.23569700000013, 41.906311 ], [ 19.23569700000013, 41.905972 ], [ 19.235415, 41.905972 ], [ 19.235415, 41.906311 ], [ 19.234861, 41.906311 ], [ 19.234861, 41.906467000000134 ], [ 19.234861, 41.906807 ], [ 19.234728, 41.906807 ], [ 19.234583000000157, 41.906807 ], [ 19.23452, 41.907082 ], [ 19.234304000000122, 41.907082 ], [ 19.234241000000111, 41.907360000000153 ], [ 19.233749, 41.907360000000153 ], [ 19.233759000000191, 41.90765800000014 ], [ 19.232916, 41.907639000000131 ], [ 19.232916, 41.907917 ], [ 19.232639, 41.907917 ], [ 19.232639, 41.908195000000148 ], [ 19.232361000000139, 41.908195000000148 ], [ 19.232361000000139, 41.908749000000171 ], [ 19.232082000000162, 41.908749000000171 ], [ 19.232082000000162, 41.909027 ], [ 19.231806, 41.909027 ], [ 19.231791, 41.909237000000189 ], [ 19.231506, 41.909302 ], [ 19.231527, 41.909584000000109 ], [ 19.231440000000134, 41.909584000000109 ], [ 19.231251000000157, 41.909584000000109 ], [ 19.231251000000157, 41.909863000000144 ], [ 19.230972000000122, 41.909863000000144 ], [ 19.230972000000122, 41.910137 ], [ 19.230694, 41.910137 ], [ 19.230694, 41.910416 ], [ 19.230417, 41.910416 ], [ 19.230448000000138, 41.910751 ], [ 19.230139000000122, 41.910694000000149 ], [ 19.23011600000018, 41.910931 ], [ 19.23003400000016, 41.910973000000126 ], [ 19.229860000000144, 41.910973000000126 ], [ 19.229856, 41.911068000000171 ], [ 19.22984700000012, 41.911251 ], [ 19.229584, 41.911251 ], [ 19.229584, 41.91153 ], [ 19.229029000000139, 41.91153 ], [ 19.229029000000139, 41.911804000000132 ], [ 19.228472, 41.911804000000132 ], [ 19.228516000000127, 41.912109000000157 ], [ 19.227917000000161, 41.912083000000109 ], [ 19.227869000000112, 41.912285000000168 ], [ 19.227852, 41.912361 ], [ 19.227638000000184, 41.912361 ], [ 19.227638000000184, 41.91264 ], [ 19.227362, 41.91264 ], [ 19.227402000000154, 41.912949 ], [ 19.227083, 41.912918000000104 ], [ 19.227087, 41.913197000000139 ], [ 19.226528000000144, 41.913193000000149 ], [ 19.226501, 41.913513000000137 ], [ 19.225695000000144, 41.913471 ], [ 19.225664, 41.913689000000147 ], [ 19.22514, 41.91375 ], [ 19.22514, 41.914028000000144 ], [ 19.224583000000166, 41.914028000000144 ], [ 19.224592, 41.914333000000113 ], [ 19.22403, 41.914307000000122 ], [ 19.223986000000139, 41.914585 ], [ 19.223473000000183, 41.914585 ], [ 19.223511, 41.914917000000116 ], [ 19.223194000000149, 41.91486 ], [ 19.223194000000149, 41.915138000000127 ], [ 19.222918, 41.915138000000127 ], [ 19.222918, 41.915417000000105 ], [ 19.221807000000183, 41.915417000000105 ], [ 19.221807000000183, 41.91571 ], [ 19.221313000000123, 41.91571 ], [ 19.221313000000123, 41.91624800000011 ], [ 19.219862000000148, 41.91624800000011 ], [ 19.219833, 41.916527000000144 ], [ 19.219303, 41.916527000000144 ], [ 19.219303, 41.916687 ], [ 19.219303, 41.916805 ], [ 19.219027, 41.916805 ], [ 19.217916000000116, 41.916805 ], [ 19.217916000000116, 41.917084 ], [ 19.217638, 41.917084 ], [ 19.217646000000116, 41.917385 ], [ 19.216528, 41.917362000000139 ], [ 19.216528, 41.917641000000117 ], [ 19.215139, 41.917641000000117 ], [ 19.215139, 41.917915 ], [ 19.214895, 41.917915 ], [ 19.214582000000121, 41.917915 ], [ 19.214569, 41.918194 ], [ 19.214306, 41.918194 ], [ 19.214333000000124, 41.918758000000139 ], [ 19.213472, 41.9187510000001 ], [ 19.213472, 41.919029000000194 ], [ 19.212641, 41.919029000000194 ], [ 19.212641, 41.9187510000001 ], [ 19.212360000000103, 41.9187510000001 ], [ 19.212360000000103, 41.919029000000194 ], [ 19.211250000000121, 41.919029000000194 ], [ 19.211250000000121, 41.919304 ], [ 19.210972, 41.919304 ], [ 19.210972, 41.919582000000105 ], [ 19.210419000000115, 41.919582000000105 ], [ 19.210419000000115, 41.919861000000139 ], [ 19.210136000000148, 41.919861000000139 ], [ 19.210173000000168, 41.920197 ], [ 19.20958300000018, 41.920139 ], [ 19.20958300000018, 41.920418 ], [ 19.208197, 41.920418 ], [ 19.208197, 41.920715 ], [ 19.206804000000147, 41.920715 ], [ 19.206804000000147, 41.920418 ], [ 19.206528, 41.920418 ], [ 19.206528, 41.920715 ], [ 19.205973, 41.920715 ], [ 19.205973, 41.920418 ], [ 19.205692000000113, 41.920418 ], [ 19.205692000000113, 41.920139 ], [ 19.205418000000179, 41.920139 ], [ 19.205416, 41.920418 ], [ 19.204861000000108, 41.920418 ], [ 19.204895, 41.920715 ], [ 19.20458200000013, 41.920696 ], [ 19.20458200000013, 41.920971000000122 ], [ 19.204306, 41.920971000000122 ], [ 19.204306, 41.921249 ], [ 19.204630000000179, 41.921272000000158 ], [ 19.20458200000013, 41.921364000000153 ], [ 19.20458200000013, 41.921528000000194 ], [ 19.204861000000108, 41.921547 ], [ 19.204861000000108, 41.921806000000117 ], [ 19.205088, 41.921810000000107 ], [ 19.205116, 41.922359 ], [ 19.204861000000108, 41.922359 ], [ 19.204861000000108, 41.922638 ], [ 19.205132000000162, 41.922638 ], [ 19.205139, 41.922729000000118 ], [ 19.205139, 41.9229160000001 ], [ 19.204952, 41.9229160000001 ], [ 19.204861000000108, 41.9229160000001 ], [ 19.204861000000108, 41.92305400000015 ], [ 19.204861000000108, 41.923195 ], [ 19.204767000000174, 41.923195 ], [ 19.20458200000013, 41.923195 ], [ 19.20458200000013, 41.92326700000018 ], [ 19.20458200000013, 41.923473000000172 ], [ 19.202917, 41.923473000000172 ], [ 19.202917, 41.923195 ], [ 19.202639000000147, 41.923195 ], [ 19.202639000000147, 41.9229160000001 ], [ 19.202360000000112, 41.9229160000001 ], [ 19.202360000000112, 41.922455000000184 ], [ 19.202360000000112, 41.922085 ], [ 19.20208700000012, 41.922085 ], [ 19.201805, 41.922096000000124 ], [ 19.201805, 41.921806000000117 ], [ 19.20125000000013, 41.921806000000117 ], [ 19.201294, 41.922119 ], [ 19.200695, 41.922085 ], [ 19.200644, 41.922291 ], [ 19.20041700000013, 41.922359 ], [ 19.20035, 41.922638 ], [ 19.199862, 41.922638 ], [ 19.199862, 41.9229160000001 ], [ 19.200073, 41.922913 ], [ 19.200073, 41.924316000000147 ], [ 19.199862, 41.924305000000118 ], [ 19.19989, 41.924927 ], [ 19.199306, 41.924862000000189 ], [ 19.199215000000152, 41.925140000000113 ], [ 19.198473, 41.925140000000113 ], [ 19.198486, 41.925476000000174 ], [ 19.197918000000129, 41.9254150000001 ], [ 19.197876, 41.925720000000126 ], [ 19.196526, 41.925694 ], [ 19.196526, 41.925972000000172 ], [ 19.195139, 41.925972000000172 ], [ 19.195139, 41.925694 ], [ 19.194586000000129, 41.925694 ], [ 19.194586000000129, 41.925972000000172 ], [ 19.194027, 41.925972000000172 ], [ 19.194027, 41.92625 ], [ 19.193472000000156, 41.92625 ], [ 19.193472000000156, 41.926529 ], [ 19.193193000000178, 41.926529 ], [ 19.193127, 41.926807000000167 ], [ 19.191528, 41.926807000000167 ], [ 19.191528, 41.927082 ], [ 19.191250000000139, 41.927082 ], [ 19.191248000000144, 41.927326000000107 ], [ 19.190695, 41.92736100000019 ], [ 19.190695, 41.927082 ], [ 19.190140000000156, 41.927082 ], [ 19.190125000000137, 41.927307000000155 ], [ 19.18988400000012, 41.92736100000019 ], [ 19.188473, 41.92736100000019 ], [ 19.188477, 41.927673 ], [ 19.187639000000161, 41.927639000000113 ], [ 19.187683, 41.927917 ], [ 19.187084, 41.927917 ], [ 19.187084, 41.92810100000014 ], [ 19.187084, 41.928196000000185 ], [ 19.186947, 41.928196000000185 ], [ 19.186806000000161, 41.928196000000185 ], [ 19.186806000000161, 41.928303000000142 ], [ 19.186806000000161, 41.928471000000172 ], [ 19.186588, 41.928471000000172 ], [ 19.186251, 41.928471000000172 ], [ 19.186222000000157, 41.928749 ], [ 19.185694000000183, 41.928749 ], [ 19.185730000000149, 41.929077 ], [ 19.185417000000143, 41.929028 ], [ 19.185459, 41.929348000000118 ], [ 19.185139, 41.929306000000167 ], [ 19.185139, 41.929585 ], [ 19.18486, 41.929585 ], [ 19.184813, 41.930138000000113 ], [ 19.184305000000165, 41.930138000000113 ], [ 19.184305000000165, 41.930313000000183 ], [ 19.184305000000165, 41.930416 ], [ 19.184162, 41.930416 ], [ 19.184029, 41.930416 ], [ 19.184029, 41.930511 ], [ 19.184029, 41.930695000000185 ], [ 19.183769, 41.930695000000185 ], [ 19.183472000000165, 41.930695000000185 ], [ 19.183472000000165, 41.930908 ], [ 19.18338800000015, 41.930973000000108 ], [ 19.183195000000183, 41.930973000000108 ], [ 19.183195000000183, 41.93112200000013 ], [ 19.183195000000183, 41.931252 ], [ 19.183025000000157, 41.931252 ], [ 19.182636000000116, 41.931252 ], [ 19.18267800000018, 41.931519000000151 ], [ 19.181805000000111, 41.93152600000019 ], [ 19.181805000000111, 41.931725000000142 ], [ 19.181805000000111, 41.931805000000168 ], [ 19.181526, 41.931805000000168 ], [ 19.18125, 41.931805000000168 ], [ 19.18125, 41.931885 ], [ 19.18125, 41.931969 ], [ 19.18125, 41.932362 ], [ 19.181131000000107, 41.932362 ], [ 19.180973000000165, 41.932362 ], [ 19.180967, 41.932640000000163 ], [ 19.180696000000182, 41.932640000000163 ], [ 19.180725, 41.932922 ], [ 19.180140000000165, 41.93291900000014 ], [ 19.180140000000165, 41.933105 ], [ 19.180140000000165, 41.933193 ], [ 19.179913, 41.933193 ], [ 19.178749, 41.933193 ], [ 19.178749, 41.933472000000108 ], [ 19.17847300000011, 41.933472000000108 ], [ 19.178501, 41.933811 ], [ 19.177917, 41.93375 ], [ 19.177917, 41.934082000000103 ], [ 19.17763900000017, 41.93402900000018 ], [ 19.177568000000178, 41.934582 ], [ 19.177361, 41.934582 ], [ 19.177328, 41.934818 ], [ 19.176805000000115, 41.934860000000185 ], [ 19.176844000000131, 41.935188000000153 ], [ 19.176527000000192, 41.935139000000163 ], [ 19.176529000000187, 41.935421 ], [ 19.17597000000012, 41.935417 ], [ 19.175982, 41.935749 ], [ 19.175138000000175, 41.935696 ], [ 19.175110000000188, 41.935913 ], [ 19.175049000000115, 41.935974000000158 ], [ 19.174583, 41.935974000000158 ], [ 19.174583, 41.936249 ], [ 19.174305000000174, 41.936249 ], [ 19.174305000000174, 41.936527 ], [ 19.172485, 41.936527 ], [ 19.172361, 41.936527 ], [ 19.172361, 41.936249 ], [ 19.170973000000174, 41.936249 ], [ 19.17098, 41.936554000000172 ], [ 19.170418, 41.936527 ], [ 19.170389000000171, 41.936771000000192 ], [ 19.17013900000012, 41.936806 ], [ 19.17013900000012, 41.936962 ], [ 19.17013900000012, 41.937084000000141 ], [ 19.169981000000178, 41.937084000000141 ], [ 19.169584, 41.937084000000141 ], [ 19.16960900000015, 41.937386000000117 ], [ 19.169308000000115, 41.937363000000175 ], [ 19.169312, 41.937683000000163 ], [ 19.169025000000147, 41.937637000000109 ], [ 19.169025000000147, 41.93819400000018 ], [ 19.168472, 41.93819400000018 ], [ 19.16851800000012, 41.938477000000148 ], [ 19.167639, 41.938473000000158 ], [ 19.167639, 41.938725 ], [ 19.166803000000129, 41.938751 ], [ 19.166803000000129, 41.938473000000158 ], [ 19.165972000000124, 41.938473000000158 ], [ 19.16601, 41.938789 ], [ 19.165693000000147, 41.938751 ], [ 19.165733, 41.939064 ], [ 19.165138, 41.93903 ], [ 19.165146000000163, 41.939346000000114 ], [ 19.164305, 41.939304000000163 ], [ 19.164307, 41.939514000000145 ], [ 19.164158000000157, 41.939583000000141 ], [ 19.163471000000129, 41.939583000000141 ], [ 19.163513, 41.93988 ], [ 19.163195, 41.939861 ], [ 19.163195, 41.940052 ], [ 19.163195, 41.94014 ], [ 19.16303100000016, 41.94014 ], [ 19.162640000000124, 41.94014 ], [ 19.162611, 41.940361 ], [ 19.162361000000146, 41.940479 ], [ 19.162361000000146, 41.940693000000181 ], [ 19.161922, 41.940693000000181 ], [ 19.161806, 41.940693000000181 ], [ 19.161806, 41.941368 ], [ 19.161806, 41.942081 ], [ 19.161682, 41.942081 ], [ 19.161554000000137, 41.942020000000184 ], [ 19.161528000000146, 41.941807000000153 ], [ 19.161095, 41.941807000000153 ], [ 19.160995, 41.941761 ], [ 19.160973, 41.941528000000176 ], [ 19.160694, 41.941528000000176 ], [ 19.160721000000137, 41.941841000000124 ], [ 19.160139000000129, 41.941807000000153 ], [ 19.160139000000129, 41.942081 ], [ 19.159861, 41.942085 ], [ 19.159887, 41.942417000000148 ], [ 19.159306000000129, 41.94236 ], [ 19.159302000000139, 41.942688 ], [ 19.158751, 41.942638000000159 ], [ 19.158751, 41.942917000000136 ], [ 19.158646, 41.942917000000136 ], [ 19.158472, 41.942917000000136 ], [ 19.158472, 41.943089000000157 ], [ 19.158472, 41.943195 ], [ 19.158361000000127, 41.943195 ], [ 19.158194000000151, 41.943195 ], [ 19.158194000000151, 41.943363 ], [ 19.158194000000151, 41.943474 ], [ 19.158081, 41.943474 ], [ 19.157919000000106, 41.943474 ], [ 19.157919000000106, 41.944305 ], [ 19.157084000000111, 41.944305 ], [ 19.157084000000111, 41.944027000000176 ], [ 19.15625, 41.944027000000176 ], [ 19.15625, 41.944305 ], [ 19.15613, 41.944305 ], [ 19.155972000000133, 41.944305 ], [ 19.155972000000133, 41.945137000000159 ], [ 19.156134, 41.945137000000159 ], [ 19.15625, 41.945137000000159 ], [ 19.15625, 41.945312 ], [ 19.15625, 41.945694 ], [ 19.156492000000185, 41.945679 ], [ 19.156492000000185, 41.945972000000154 ], [ 19.15625, 41.945972000000154 ], [ 19.156256, 41.946308 ], [ 19.154305, 41.946251000000132 ], [ 19.154297, 41.946472000000142 ], [ 19.153959, 41.946529 ], [ 19.152914, 41.946529 ], [ 19.15288, 41.946712000000105 ], [ 19.152861000000144, 41.946804 ], [ 19.152639, 41.946804 ], [ 19.152649000000167, 41.947365000000104 ], [ 19.152361000000155, 41.947361000000114 ], [ 19.152361000000155, 41.947639 ], [ 19.151806, 41.947639 ], [ 19.151806, 41.947918 ], [ 19.151527, 41.947918 ], [ 19.151545000000112, 41.948215000000118 ], [ 19.150972000000138, 41.948193 ], [ 19.150972000000138, 41.948471000000154 ], [ 19.150694, 41.948471000000154 ], [ 19.150726, 41.948811 ], [ 19.150417, 41.948750000000132 ], [ 19.150398000000109, 41.94899 ], [ 19.150331, 41.949028 ], [ 19.150139000000138, 41.949028 ], [ 19.150076, 41.95069500000011 ], [ 19.14986000000016, 41.95069500000011 ], [ 19.149837, 41.950974000000144 ], [ 19.149584, 41.950974000000144 ], [ 19.149557000000129, 41.951248 ], [ 19.149305, 41.951248 ], [ 19.14929, 41.951477000000182 ], [ 19.149183000000107, 41.951527 ], [ 19.148750000000177, 41.951527 ], [ 19.14871, 41.951748 ], [ 19.148628, 41.951805000000149 ], [ 19.148195, 41.951805000000149 ], [ 19.148195, 41.952362 ], [ 19.147917000000177, 41.952362 ], [ 19.147917000000177, 41.952641 ], [ 19.147638, 41.952641 ], [ 19.147638, 41.952915000000132 ], [ 19.147917000000177, 41.952915000000132 ], [ 19.147917000000177, 41.95319400000011 ], [ 19.148384, 41.95319400000011 ], [ 19.148682, 41.95319400000011 ], [ 19.148750000000177, 41.952915000000132 ], [ 19.149586, 41.952923000000112 ], [ 19.149584, 41.952641 ], [ 19.151806, 41.952641 ], [ 19.151806, 41.952915000000132 ], [ 19.151917, 41.952915000000132 ], [ 19.153194000000155, 41.952885000000151 ], [ 19.153194000000155, 41.952641 ], [ 19.154297, 41.952698000000112 ], [ 19.154305, 41.952362 ], [ 19.155399000000159, 41.952362 ], [ 19.155697000000146, 41.952362 ], [ 19.155697000000146, 41.952271000000167 ], [ 19.155697000000146, 41.952084000000127 ], [ 19.156809000000123, 41.952103 ], [ 19.156807000000128, 41.951805000000149 ], [ 19.158890000000156, 41.951805000000149 ], [ 19.159576, 41.951736 ], [ 19.159584, 41.951527 ], [ 19.160143000000119, 41.951538 ], [ 19.160139000000129, 41.951248 ], [ 19.163513, 41.951294000000132 ], [ 19.163471000000129, 41.950974000000144 ], [ 19.164207, 41.950974000000144 ], [ 19.164307, 41.950928 ], [ 19.164305, 41.95069500000011 ], [ 19.165138, 41.950722 ], [ 19.165138, 41.951248 ], [ 19.165438000000165, 41.951241 ], [ 19.165417, 41.951527 ], [ 19.165520000000186, 41.951527 ], [ 19.165693000000147, 41.951527 ], [ 19.165693000000147, 41.952641 ], [ 19.165417, 41.952641 ], [ 19.165417, 41.952915000000132 ], [ 19.165276, 41.952915000000132 ], [ 19.165138, 41.952915000000132 ], [ 19.165146000000163, 41.953472 ], [ 19.164862000000142, 41.953472 ], [ 19.164862000000142, 41.953751 ], [ 19.164583000000107, 41.953751 ], [ 19.164583000000107, 41.954197000000136 ], [ 19.164583000000107, 41.95430400000015 ], [ 19.16447600000015, 41.95430400000015 ], [ 19.164305, 41.95430400000015 ], [ 19.164310000000114, 41.954586000000177 ], [ 19.164028, 41.954582 ], [ 19.164028, 41.954861 ], [ 19.163750000000107, 41.954861 ], [ 19.163750000000107, 41.955139000000145 ], [ 19.163471000000129, 41.955139000000145 ], [ 19.163471000000129, 41.955322000000137 ], [ 19.163471000000129, 41.955418000000122 ], [ 19.163195, 41.955418000000122 ], [ 19.163223, 41.955982 ], [ 19.162916, 41.955971 ], [ 19.162916, 41.956249000000128 ], [ 19.162640000000124, 41.956249000000128 ], [ 19.162579, 41.956806 ], [ 19.162361000000146, 41.956806 ], [ 19.162327000000175, 41.957047 ], [ 19.162083, 41.957085000000177 ], [ 19.162083, 41.957275 ], [ 19.162083, 41.95735900000011 ], [ 19.161497, 41.95735900000011 ], [ 19.161497, 41.957916 ], [ 19.161249000000112, 41.957916 ], [ 19.161282, 41.95825200000013 ], [ 19.160973, 41.958195 ], [ 19.160952, 41.958439000000112 ], [ 19.160418000000107, 41.958473 ], [ 19.160418000000107, 41.958752000000118 ], [ 19.160139000000129, 41.958752000000118 ], [ 19.160168, 41.959087000000125 ], [ 19.159584, 41.959026 ], [ 19.159578, 41.959305 ], [ 19.157919000000106, 41.959305 ], [ 19.157919000000106, 41.959473 ], [ 19.157919000000106, 41.959583000000123 ], [ 19.157644000000118, 41.959583000000123 ], [ 19.156807000000128, 41.959583000000123 ], [ 19.156822000000147, 41.959927000000164 ], [ 19.15625, 41.959862000000101 ], [ 19.156240000000139, 41.960079000000121 ], [ 19.155697000000146, 41.960140000000195 ], [ 19.155655, 41.960365000000138 ], [ 19.155598000000111, 41.960415 ], [ 19.155136, 41.960415 ], [ 19.155142, 41.960716 ], [ 19.154305, 41.960693000000106 ], [ 19.154263000000128, 41.960869000000116 ], [ 19.154238000000191, 41.960972 ], [ 19.154028, 41.960972 ], [ 19.154028, 41.961308 ], [ 19.154028, 41.961529 ], [ 19.153889000000106, 41.961529 ], [ 19.153749, 41.961529 ], [ 19.153749, 41.96166600000015 ], [ 19.153749, 41.961807 ], [ 19.153608000000133, 41.961807 ], [ 19.153475000000128, 41.961807 ], [ 19.153475000000128, 41.961941 ], [ 19.153475000000128, 41.962082000000123 ], [ 19.153307, 41.962082000000123 ], [ 19.153194000000155, 41.962082000000123 ], [ 19.153194000000155, 41.962177000000167 ], [ 19.153194000000155, 41.96236 ], [ 19.152954, 41.962399 ], [ 19.152914, 41.962639000000195 ], [ 19.152639, 41.962708 ], [ 19.152639, 41.962917000000118 ], [ 19.152405, 41.962967000000162 ], [ 19.152361000000155, 41.963196 ], [ 19.152161000000149, 41.963196 ], [ 19.151806, 41.963196 ], [ 19.151846, 41.963509 ], [ 19.151527, 41.96347 ], [ 19.15152, 41.963722 ], [ 19.151413, 41.963749000000178 ], [ 19.150694, 41.963749000000178 ], [ 19.150694, 41.963928 ], [ 19.150694, 41.964027000000101 ], [ 19.150549000000126, 41.964027000000101 ], [ 19.150139000000138, 41.964027000000101 ], [ 19.150139000000138, 41.964306 ], [ 19.150038000000166, 41.964306 ], [ 19.149305, 41.964306 ], [ 19.149305, 41.964478 ], [ 19.149305, 41.964584000000173 ], [ 19.149094, 41.964584000000173 ], [ 19.148472, 41.964584000000173 ], [ 19.148499000000186, 41.964905000000101 ], [ 19.147644000000128, 41.96491200000014 ], [ 19.147705, 41.965416000000118 ], [ 19.147362, 41.965416000000118 ], [ 19.147362, 41.965694 ], [ 19.147083, 41.965694 ], [ 19.147074, 41.965942 ], [ 19.146978000000104, 41.96597300000019 ], [ 19.145971, 41.96597300000019 ], [ 19.145981, 41.966278 ], [ 19.145876, 41.966309 ], [ 19.14569500000016, 41.966251000000113 ], [ 19.145657, 41.966526000000101 ], [ 19.145416000000182, 41.966526000000101 ], [ 19.145395, 41.966805 ], [ 19.14514, 41.966805 ], [ 19.14514, 41.967102000000182 ], [ 19.14514, 41.967361 ], [ 19.14488, 41.967361 ], [ 19.144583000000182, 41.967361 ], [ 19.144583000000182, 41.967747 ], [ 19.144583000000182, 41.967918000000168 ], [ 19.144449000000122, 41.967918000000168 ], [ 19.144306, 41.967918000000168 ], [ 19.144253, 41.968147000000101 ], [ 19.14403, 41.968193 ], [ 19.14403, 41.968372000000102 ], [ 19.14403, 41.96847200000019 ], [ 19.143879, 41.96847200000019 ], [ 19.143473, 41.96847200000019 ], [ 19.143457, 41.968750000000114 ], [ 19.143194000000165, 41.968750000000114 ], [ 19.143194000000165, 41.969028 ], [ 19.142918, 41.969028 ], [ 19.142918, 41.969307000000185 ], [ 19.142639, 41.969307000000185 ], [ 19.142603000000122, 41.969826000000126 ], [ 19.142517000000112, 41.969910000000141 ], [ 19.142361000000164, 41.96986 ], [ 19.142361000000164, 41.970417000000168 ], [ 19.142084000000182, 41.970417000000168 ], [ 19.1421390000001, 41.971001000000172 ], [ 19.141808, 41.970974 ], [ 19.141777000000161, 41.971806000000186 ], [ 19.141525000000115, 41.971806000000186 ], [ 19.141582, 41.972382 ], [ 19.141251000000182, 41.972363 ], [ 19.141251000000182, 41.972824 ], [ 19.141251000000182, 41.972916000000168 ], [ 19.141054, 41.972916000000168 ], [ 19.14069400000011, 41.972916000000168 ], [ 19.14069400000011, 41.973083000000145 ], [ 19.14069400000011, 41.973194 ], [ 19.140577000000178, 41.973194 ], [ 19.140415, 41.973194 ], [ 19.140415, 41.973362000000122 ], [ 19.140415, 41.973473 ], [ 19.140308000000118, 41.973473 ], [ 19.140139, 41.973473 ], [ 19.140039, 41.973751000000163 ], [ 19.139862000000164, 41.973751000000163 ], [ 19.139872000000139, 41.974033 ], [ 19.139584, 41.974030000000141 ], [ 19.139593000000104, 41.974339000000157 ], [ 19.139029000000164, 41.974304 ], [ 19.139004, 41.974583 ], [ 19.138750000000186, 41.974583 ], [ 19.138737000000162, 41.974850000000117 ], [ 19.138674, 41.97491500000018 ], [ 19.138472, 41.974861000000146 ], [ 19.138517, 41.975433 ], [ 19.138193000000115, 41.975418 ], [ 19.138193000000115, 41.976250000000164 ], [ 19.138472, 41.976250000000164 ], [ 19.138472, 41.976528 ], [ 19.14007800000013, 41.976501000000155 ], [ 19.140139, 41.976658000000157 ], [ 19.140139, 41.977085000000159 ], [ 19.140322, 41.977112 ], [ 19.140415, 41.977085000000159 ], [ 19.140415, 41.977539 ], [ 19.140415, 41.977917 ], [ 19.140503, 41.977917 ], [ 19.141296000000182, 41.977905000000135 ], [ 19.141251000000182, 41.978210000000161 ], [ 19.141251000000182, 41.979027 ], [ 19.141127, 41.979027 ], [ 19.140972, 41.979027 ], [ 19.140951, 41.979305000000181 ], [ 19.14069400000011, 41.979305000000181 ], [ 19.140736000000174, 41.979542 ], [ 19.140972, 41.979584000000159 ], [ 19.141012000000103, 41.979820000000132 ], [ 19.141251000000182, 41.979862 ], [ 19.141296000000182, 41.980103 ], [ 19.141808, 41.980141 ], [ 19.141768000000127, 41.980465 ], [ 19.142084000000182, 41.980415000000164 ], [ 19.14209000000011, 41.980713000000151 ], [ 19.142639, 41.980694000000142 ], [ 19.142639, 41.980896 ], [ 19.142639, 41.980972 ], [ 19.14652800000016, 41.980972 ], [ 19.14652800000016, 41.980896 ], [ 19.14652800000016, 41.980694000000142 ], [ 19.150139000000138, 41.980694000000142 ], [ 19.150139000000138, 41.980896 ], [ 19.150139000000138, 41.980972 ], [ 19.150373000000172, 41.980991 ], [ 19.150417, 41.981087000000173 ], [ 19.150417, 41.981529000000137 ], [ 19.150635, 41.981556 ], [ 19.150694, 41.981689 ], [ 19.150694, 41.981804000000182 ], [ 19.150908000000186, 41.981804000000182 ], [ 19.151527, 41.981804000000182 ], [ 19.151487000000145, 41.98211700000013 ], [ 19.1521, 41.98211700000013 ], [ 19.152082000000178, 41.982361 ], [ 19.152172000000121, 41.982361 ], [ 19.152361000000155, 41.982361 ], [ 19.152361000000155, 41.982918000000154 ], [ 19.152239000000179, 41.982918000000154 ], [ 19.152082000000178, 41.982918000000154 ], [ 19.1521, 41.98352100000011 ], [ 19.151806, 41.983471 ], [ 19.151806, 41.983749000000159 ], [ 19.151527, 41.983749000000159 ], [ 19.151527, 41.984306 ], [ 19.151705, 41.984306 ], [ 19.151806, 41.984306 ], [ 19.151854000000128, 41.98513 ], [ 19.151306, 41.985107 ], [ 19.151251000000173, 41.985416 ], [ 19.151079000000152, 41.985416 ], [ 19.150972000000138, 41.985416 ], [ 19.150972000000138, 41.985565000000122 ], [ 19.150972000000138, 41.985695 ], [ 19.150881, 41.985695 ], [ 19.150694, 41.985695 ], [ 19.150690000000111, 41.986526 ], [ 19.150417, 41.986526 ], [ 19.150427, 41.987366000000122 ], [ 19.150139000000138, 41.987362000000132 ], [ 19.150139000000138, 41.98764 ], [ 19.14986000000016, 41.98764 ], [ 19.14986000000016, 41.987835000000189 ], [ 19.14986000000016, 41.987915 ], [ 19.149632000000111, 41.987915 ], [ 19.14902700000016, 41.987915 ], [ 19.149036, 41.988201000000117 ], [ 19.148750000000177, 41.988194 ], [ 19.148750000000177, 41.988472000000115 ], [ 19.148472, 41.988472000000115 ], [ 19.148481000000118, 41.988781000000131 ], [ 19.147638, 41.98875 ], [ 19.147705, 41.989075000000128 ], [ 19.14625, 41.989029 ], [ 19.146301, 41.989319 ], [ 19.145416000000182, 41.989319 ], [ 19.145416000000182, 41.989582000000155 ], [ 19.14514, 41.989582000000155 ], [ 19.14514, 41.989334 ], [ 19.142918, 41.98930700000011 ], [ 19.142881, 41.989521 ], [ 19.142769, 41.989582000000155 ], [ 19.142361000000164, 41.989582000000155 ], [ 19.142365000000154, 41.989864000000182 ], [ 19.142275000000154, 41.989929 ], [ 19.142084000000182, 41.989861000000133 ], [ 19.142084000000182, 41.99041700000015 ], [ 19.142275000000154, 41.99041700000015 ], [ 19.142361000000164, 41.99041700000015 ], [ 19.142361000000164, 41.990566 ], [ 19.142361000000164, 41.990696000000128 ], [ 19.14249000000018, 41.990696000000128 ], [ 19.142639, 41.990696000000128 ], [ 19.142700000000161, 41.990906000000109 ], [ 19.143194000000165, 41.990971000000116 ], [ 19.143194000000165, 41.991055000000131 ], [ 19.143194000000165, 41.991528 ], [ 19.143473, 41.991528 ], [ 19.143473, 41.991806000000111 ], [ 19.143766, 41.991791000000148 ], [ 19.143747, 41.992085 ], [ 19.144104000000141, 41.992126000000155 ], [ 19.14403, 41.992363000000182 ], [ 19.144188000000156, 41.992363000000182 ], [ 19.144306, 41.992363000000182 ], [ 19.144306, 41.99269500000014 ], [ 19.144306, 41.99291600000015 ], [ 19.144583000000182, 41.992973 ], [ 19.144583000000182, 41.993195000000128 ], [ 19.14569500000016, 41.993195000000128 ], [ 19.14569500000016, 41.993103000000133 ], [ 19.14569500000016, 41.99291600000015 ], [ 19.147083, 41.99291600000015 ], [ 19.147083, 41.993103000000133 ], [ 19.147083, 41.993195000000128 ], [ 19.14728, 41.993195000000128 ], [ 19.147362, 41.993195000000128 ], [ 19.147362, 41.993752 ], [ 19.14728, 41.993752 ], [ 19.147083, 41.993752 ], [ 19.147083, 41.99419 ], [ 19.147083, 41.994305000000111 ], [ 19.146885, 41.994305000000111 ], [ 19.14652800000016, 41.994305000000111 ], [ 19.146496000000184, 41.994530000000111 ], [ 19.146408000000179, 41.994583 ], [ 19.145971, 41.994583 ], [ 19.145971, 41.995029000000159 ], [ 19.145971, 41.995140000000106 ], [ 19.14587, 41.995140000000106 ], [ 19.14569500000016, 41.995140000000106 ], [ 19.145649000000105, 41.99537700000019 ], [ 19.145416000000182, 41.995419 ], [ 19.145386, 41.995663 ], [ 19.145327, 41.995728 ], [ 19.14514, 41.995693 ], [ 19.14512400000018, 41.996529000000123 ], [ 19.144861000000105, 41.996529000000123 ], [ 19.144861000000105, 41.996807 ], [ 19.144583000000182, 41.996807 ], [ 19.144583000000182, 41.997360000000128 ], [ 19.144861000000105, 41.997360000000128 ], [ 19.144861000000105, 41.997917 ], [ 19.14514, 41.997929000000113 ], [ 19.14514, 41.998470000000111 ], [ 19.145266, 41.998470000000111 ], [ 19.145416000000182, 41.998474000000101 ], [ 19.145416000000182, 41.998749 ], [ 19.14652800000016, 41.998749 ], [ 19.146482000000105, 41.999084 ], [ 19.147083, 41.999027000000183 ], [ 19.147095, 41.999329000000159 ], [ 19.147362, 41.999306 ], [ 19.147362, 41.999863000000119 ], [ 19.147362, 42.000137 ], [ 19.147362, 42.000416 ], [ 19.147207, 42.000416 ], [ 19.147083, 42.000416 ], [ 19.147142000000144, 42.00071 ], [ 19.146805, 42.000694000000124 ], [ 19.146805, 42.000973000000101 ], [ 19.14652800000016, 42.000973000000101 ], [ 19.14652800000016, 42.001251 ], [ 19.14625, 42.001251 ], [ 19.14625, 42.001526000000183 ], [ 19.145971, 42.001530000000173 ], [ 19.145971, 42.001804000000106 ], [ 19.14514, 42.001804000000106 ], [ 19.14507500000019, 42.002083 ], [ 19.144861000000105, 42.002083 ], [ 19.144836000000168, 42.002361000000178 ], [ 19.144583000000182, 42.002361000000178 ], [ 19.144583000000182, 42.002533 ], [ 19.144583000000182, 42.00264 ], [ 19.144104000000141, 42.00264 ], [ 19.14403, 42.00264 ], [ 19.14403, 42.00375 ], [ 19.144278000000156, 42.003754000000185 ], [ 19.144306, 42.003925 ], [ 19.144306, 42.004028000000119 ], [ 19.144421, 42.004028000000119 ], [ 19.144583000000182, 42.004028000000119 ], [ 19.144583000000182, 42.004177 ], [ 19.144583000000182, 42.004307 ], [ 19.14472400000011, 42.004307 ], [ 19.144861000000105, 42.004307 ], [ 19.144861000000105, 42.004837 ], [ 19.144861000000105, 42.005695000000173 ], [ 19.14507900000018, 42.005676 ], [ 19.14514, 42.006016000000102 ], [ 19.14514, 42.006805 ], [ 19.145279000000187, 42.006805 ], [ 19.145416000000182, 42.006805 ], [ 19.145416000000182, 42.007084000000191 ], [ 19.145971, 42.00708 ], [ 19.145971, 42.007362 ], [ 19.146183, 42.007378000000188 ], [ 19.14625, 42.00769 ], [ 19.14625, 42.007915 ], [ 19.146626, 42.007915 ], [ 19.146805, 42.007915 ], [ 19.146805, 42.008041000000105 ], [ 19.146805, 42.008194000000174 ], [ 19.147034000000133, 42.008194000000174 ], [ 19.147638, 42.008194000000174 ], [ 19.147638, 42.008472 ], [ 19.147917000000177, 42.008472 ], [ 19.147886, 42.008728000000133 ], [ 19.148195, 42.008751 ], [ 19.148203, 42.009129 ], [ 19.148203, 42.009323000000165 ], [ 19.147638, 42.009304 ], [ 19.147593, 42.009583000000191 ], [ 19.147362, 42.009583000000191 ], [ 19.147362, 42.009712 ], [ 19.147362, 42.009861 ], [ 19.147095, 42.009861 ], [ 19.146805, 42.009861 ], [ 19.146805, 42.010693000000174 ], [ 19.147095, 42.010693000000174 ], [ 19.147362, 42.010693000000174 ], [ 19.147362, 42.010971 ], [ 19.147638, 42.010971 ], [ 19.147705, 42.01125 ], [ 19.148748000000182, 42.011284 ], [ 19.148750000000177, 42.010971 ], [ 19.14902700000016, 42.010971 ], [ 19.14902700000016, 42.010693000000174 ], [ 19.149284000000137, 42.010693000000174 ], [ 19.149305, 42.010139000000152 ], [ 19.150417, 42.010139000000152 ], [ 19.150417, 42.010281000000191 ], [ 19.150417, 42.010418000000186 ], [ 19.150696, 42.010418000000186 ], [ 19.150696, 42.011806 ], [ 19.150139000000138, 42.011806 ], [ 19.150131, 42.011906000000181 ], [ 19.150072000000137, 42.012917000000186 ], [ 19.14986000000016, 42.012917000000186 ], [ 19.149902000000111, 42.013489 ], [ 19.149305, 42.013474 ], [ 19.149305, 42.013748000000191 ], [ 19.14902700000016, 42.013748000000191 ], [ 19.149021, 42.014027000000169 ], [ 19.148472, 42.014027000000169 ], [ 19.148430000000133, 42.014271000000122 ], [ 19.147638, 42.014305 ], [ 19.147581, 42.014584 ], [ 19.146805, 42.014584 ], [ 19.146805, 42.015011 ], [ 19.146805, 42.015141000000142 ], [ 19.146688, 42.015141000000142 ], [ 19.14652800000016, 42.015141000000142 ], [ 19.14652800000016, 42.01532 ], [ 19.14652800000016, 42.015415 ], [ 19.146391, 42.015415 ], [ 19.145971, 42.015415 ], [ 19.145971, 42.015694 ], [ 19.145416000000182, 42.01568600000013 ], [ 19.145416000000182, 42.015972000000147 ], [ 19.14514, 42.015972000000147 ], [ 19.14514, 42.015736000000174 ], [ 19.144306, 42.015694 ], [ 19.144245, 42.015972000000147 ], [ 19.14403, 42.015972000000147 ], [ 19.143961, 42.016251000000125 ], [ 19.143747, 42.016251000000125 ], [ 19.143711000000167, 42.016495 ], [ 19.143194000000165, 42.016529 ], [ 19.143221, 42.016834 ], [ 19.142918, 42.016804 ], [ 19.142918, 42.016529 ], [ 19.142639, 42.016529 ], [ 19.142639, 42.016804 ], [ 19.142361000000164, 42.016804 ], [ 19.14235900000017, 42.017071000000158 ], [ 19.142275000000154, 42.01709000000011 ], [ 19.142084000000182, 42.017082000000187 ], [ 19.142084000000182, 42.017639 ], [ 19.14225, 42.017639 ], [ 19.142361000000164, 42.017639 ], [ 19.142361000000164, 42.017918 ], [ 19.142242000000124, 42.017918 ], [ 19.142084000000182, 42.017918 ], [ 19.142033, 42.01815 ], [ 19.141808, 42.01819600000016 ], [ 19.141771, 42.01844 ], [ 19.141525000000115, 42.018471000000147 ], [ 19.141525000000115, 42.019306000000142 ], [ 19.141726, 42.019306000000142 ], [ 19.141808, 42.019306000000142 ], [ 19.141808, 42.01947 ], [ 19.141808, 42.01958500000012 ], [ 19.142639, 42.01958500000012 ], [ 19.142639, 42.01947 ], [ 19.142639, 42.019306000000142 ], [ 19.144583000000182, 42.019306000000142 ], [ 19.144583000000182, 42.01947 ], [ 19.144583000000182, 42.01958500000012 ], [ 19.145258, 42.01958500000012 ], [ 19.14569500000016, 42.01958500000012 ], [ 19.14569500000016, 42.019306000000142 ], [ 19.145971, 42.019306000000142 ], [ 19.145971, 42.01958500000012 ], [ 19.146620000000155, 42.01958500000012 ], [ 19.147083, 42.01958500000012 ], [ 19.147083, 42.019505 ], [ 19.147083, 42.019306000000142 ], [ 19.147362, 42.019306000000142 ], [ 19.147362, 42.01958500000012 ], [ 19.148195, 42.01958500000012 ], [ 19.148195, 42.020138 ], [ 19.148064, 42.020138 ], [ 19.147917000000177, 42.020138 ], [ 19.147886, 42.021301 ], [ 19.147638, 42.021252 ], [ 19.147638, 42.022362 ], [ 19.147902000000158, 42.022366 ], [ 19.147917000000177, 42.022469 ], [ 19.147917000000177, 42.023472 ], [ 19.14807100000013, 42.023499000000129 ], [ 19.148195, 42.023472 ], [ 19.148195, 42.023685000000114 ], [ 19.148195, 42.024029000000155 ], [ 19.148437, 42.024052 ], [ 19.148472, 42.024582 ], [ 19.148750000000177, 42.024582 ], [ 19.148750000000177, 42.025139000000138 ], [ 19.148928000000126, 42.025139000000138 ], [ 19.14902700000016, 42.025139000000138 ], [ 19.14902700000016, 42.025970000000143 ], [ 19.148927689, 42.025970459000121 ], [ 19.148927689, 42.026306152000075 ], [ 19.150083541000072, 42.02648925800014 ], [ 19.150083541000072, 42.027099609000061 ], [ 19.149805707000041, 42.027565092000145 ], [ 19.149719250000089, 42.027709943000161 ], [ 19.150589843000091, 42.027510586000062 ], [ 19.157714844000111, 42.025878907000163 ], [ 19.166688919000023, 42.024108887000068 ], [ 19.173095702000126, 42.022521972000163 ], [ 19.183109775000105, 42.019042967000132 ], [ 19.187502, 42.017517000000112 ], [ 19.189162523000164, 42.016863023000099 ], [ 19.203308105000133, 42.011291504000155 ], [ 19.21307373000019, 42.008483887000068 ], [ 19.225097656000116, 42.006286621000186 ], [ 19.230518112000084, 42.00591020100012 ], [ 19.233886718000065, 42.005676270000038 ], [ 19.238279342000112, 42.005920410000158 ], [ 19.240403838000191, 42.006113455000047 ], [ 19.242309570000145, 42.006286621000186 ], [ 19.244239841000081, 42.006791219000036 ], [ 19.246278764000067, 42.007324220000157 ], [ 19.247415737000097, 42.00796685500012 ], [ 19.247682572000087, 42.008117675000165 ], [ 19.247907592000047, 42.008298941000078 ], [ 19.249879837000037, 42.009887695000089 ], [ 19.250305121000054, 42.010442413000135 ], [ 19.251283646000104, 42.011718751000046 ], [ 19.25179501100007, 42.013485722000155 ], [ 19.252502441000161, 42.015930176000097 ], [ 19.252762115000166, 42.019454313000097 ], [ 19.252929688000052, 42.02172851500012 ], [ 19.252828832000091, 42.023126200000036 ], [ 19.252687454000124, 42.02508545000012 ], [ 19.251919014000123, 42.028806320000172 ], [ 19.251527787000157, 42.030700683000134 ], [ 19.249511718000065, 42.035095214000023 ], [ 19.248788513000022, 42.036096576000091 ], [ 19.247924804000036, 42.037292482000112 ], [ 19.245161138000185, 42.039534701000093 ], [ 19.244689942000093, 42.03991699200003 ], [ 19.243794998000112, 42.040440306000164 ], [ 19.237487792000138, 42.044128417000024 ], [ 19.231877926000152, 42.047905359000083 ], [ 19.231323130000078, 42.048278912000171 ], [ 19.230491346000179, 42.049041381000109 ], [ 19.226929, 42.052307 ], [ 19.225281000000166, 42.054321 ], [ 19.224486657000114, 42.056358342000067 ], [ 19.223877014000038, 42.057922211000061 ], [ 19.223965317000136, 42.059292004000156 ], [ 19.224121093000065, 42.061706543000184 ], [ 19.22463369899998, 42.063028525000107 ], [ 19.225280762000182, 42.06469726600011 ], [ 19.230285644000048, 42.072509765000177 ], [ 19.230895996000072, 42.073730469000111 ], [ 19.230926793000037, 42.07406242400009 ], [ 19.231077194000136, 42.075683593000065 ], [ 19.230975887, 42.076022461000036 ], [ 19.230529786000147, 42.077514649000193 ], [ 19.230194289, 42.078064594000125 ], [ 19.229673386000172, 42.078918456999986 ], [ 19.22816924600005, 42.080424066000148 ], [ 19.227722167000081, 42.080871582000043 ], [ 19.225280762000182, 42.08288574300019 ], [ 19.222161493000101, 42.084622609000178 ], [ 19.219909668000184, 42.085876466000059 ], [ 19.218482824000091, 42.087083795000069 ], [ 19.217529, 42.087891000000127 ], [ 19.216309, 42.089294 ], [ 19.215595966000137, 42.091267866000123 ], [ 19.215515137000125, 42.091491699000073 ], [ 19.215515137000125, 42.093688965000183 ], [ 19.21588134700005, 42.095886230000133 ], [ 19.216588111000078, 42.096842440000046 ], [ 19.216919000000189, 42.097290000000157 ], [ 19.217536783000071, 42.097736254000097 ], [ 19.219116211000028, 42.098876953000058 ], [ 19.222106934000124, 42.099914551000154 ], [ 19.224121093000065, 42.100280761000079 ], [ 19.227294922, 42.100280761000079 ], [ 19.230529786000147, 42.100097657000163 ], [ 19.234376159000192, 42.098965849000137 ], [ 19.234678, 42.098877000000186 ], [ 19.237917000000152, 42.097717000000102 ], [ 19.241335048000167, 42.096007690000079 ], [ 19.24389648500005, 42.094726563000052 ], [ 19.248474122000175, 42.091674805000139 ], [ 19.254699706000167, 42.08673095600011 ], [ 19.260070800000108, 42.083312988000102 ], [ 19.265502930000139, 42.081115723000096 ], [ 19.267374512000117, 42.080681249000179 ], [ 19.268920898000147, 42.080322266000053 ], [ 19.272888183000077, 42.079895020000095 ], [ 19.279479980000019, 42.080078124000124 ], [ 19.289489746000129, 42.081726074000073 ], [ 19.313110351000034, 42.083496094000111 ], [ 19.316711427000087, 42.084106446000192 ], [ 19.322341664000135, 42.085651024000072 ], [ 19.330505371000129, 42.087890625 ], [ 19.344590403000041, 42.093427195000174 ], [ 19.349914550000108, 42.095520020000038 ], [ 19.372070313, 42.106689454000161 ], [ 19.386220932000128, 42.112953187000187 ], [ 19.388801076000107, 42.111321249000127 ] ] ], [ [ [ 19.139303, 41.993195001 ], [ 19.141007999000067, 41.993195001 ], [ 19.141241, 41.993149 ], [ 19.141251001000057, 41.992915999000047 ], [ 19.141443, 41.992915999000047 ], [ 19.141525001, 41.992915999000047 ], [ 19.141525001, 41.992085 ], [ 19.141296000000182, 41.992126000000155 ], [ 19.141251001000057, 41.991806001000043 ], [ 19.141106, 41.991806001000043 ], [ 19.140971999000101, 41.991806001000043 ], [ 19.140919001000157, 41.991573000000187 ], [ 19.140692000000115, 41.991566001000081 ], [ 19.14069400000011, 41.991249 ], [ 19.139303, 41.991249 ], [ 19.139303, 41.991527999000141 ], [ 19.138750001000119, 41.991516000000104 ], [ 19.138750001000119, 41.991806001000043 ], [ 19.138584000000151, 41.991806001000043 ], [ 19.138471998999989, 41.991806001000043 ], [ 19.138489000000106, 41.992126000000155 ], [ 19.138193000000115, 41.992085 ], [ 19.138224, 41.992393 ], [ 19.137917000000186, 41.992363000000182 ], [ 19.137877001000163, 41.993530001000011 ], [ 19.139280000000156, 41.993530001000011 ], [ 19.139303, 41.993195001 ] ] ] ] } },
{ "type": "Feature", "properties": { "fid": 21, "GID_1": "MNE.21_1", "GID_0": "MNE", "COUNTRY": "Montenegro", "NAME_1": "Žabljak", "VARNAME_1": "NA", "NL_NAME_1": "NA", "TYPE_1": "Opština", "ENGTYPE_1": "Municipality", "CC_1": "NA", "HASC_1": "ME.ZA", "ISO_1": "NA" }, "geometry": { "type": "MultiPolygon", "coordinates": [ [ [ [ 19.016620635000038, 43.255538941000054 ], [ 19.03017807000009, 43.264625549000129 ], [ 19.030220032000045, 43.264739991 ], [ 19.032283784000072, 43.263088227000139 ], [ 19.040872574000161, 43.255569459000128 ], [ 19.046459198000036, 43.249771118000069 ], [ 19.050968169000157, 43.243968963000043 ], [ 19.050794601000177, 43.242454530000089 ], [ 19.050899506000064, 43.242462158000137 ], [ 19.058486939000034, 43.219173431000172 ], [ 19.059238434000122, 43.212596893000125 ], [ 19.059144975000095, 43.201900482000156 ], [ 19.059703826000089, 43.198268890000065 ], [ 19.061624526000173, 43.194648742000027 ], [ 19.065513610999972, 43.191150666000112 ], [ 19.067493439000032, 43.189888000999986 ], [ 19.071376801000156, 43.187866212000131 ], [ 19.077217102000134, 43.185550691000117 ], [ 19.082380294000131, 43.183830261000082 ], [ 19.086822509000058, 43.18284225400015 ], [ 19.093721390000042, 43.181938172000116 ], [ 19.115068435000182, 43.180938720000029 ], [ 19.123254776000124, 43.180839538000157 ], [ 19.130207062000125, 43.181549073000156 ], [ 19.148649215999967, 43.186290741000107 ], [ 19.154050827000106, 43.187274934000072 ], [ 19.158235551000132, 43.187675475999981 ], [ 19.171388627000056, 43.187915802000191 ], [ 19.180118561000086, 43.18758392400008 ], [ 19.185436248000144, 43.186904907000098 ], [ 19.188907623000034, 43.186080933000142 ], [ 19.191793441000073, 43.185039520000032 ], [ 19.195211411000116, 43.183063507000043 ], [ 19.199968339000065, 43.17949295000011 ], [ 19.211692811000034, 43.167453766000165 ], [ 19.218051911000032, 43.162223815000061 ], [ 19.221057891999976, 43.160518646000128 ], [ 19.229021073000126, 43.156841278000172 ], [ 19.240898132000041, 43.15215683100007 ], [ 19.255178451000063, 43.146900177000134 ], [ 19.267078399000013, 43.141757966000057 ], [ 19.278972626000154, 43.135520934 ], [ 19.291151046999971, 43.128227235000054 ], [ 19.304256438000152, 43.121589661000087 ], [ 19.310523987000124, 43.117469788 ], [ 19.314590455000143, 43.113883973000043 ], [ 19.318986893000101, 43.109401703000117 ], [ 19.322259902000098, 43.10673904500004 ], [ 19.33363151500015, 43.100086213000111 ], [ 19.346178055000166, 43.089633940999988 ], [ 19.350402833000089, 43.086475373000155 ], [ 19.353239059000146, 43.084743500000116 ], [ 19.355312348000155, 43.083801270000151 ], [ 19.365268707000155, 43.080238343000133 ], [ 19.369205474000012, 43.078186035000158 ], [ 19.374145508000026, 43.074253083000144 ], [ 19.377687454000181, 43.070686341000112 ], [ 19.391574860000105, 43.051532746000078 ], [ 19.394655227000158, 43.048568727000088 ], [ 19.40645790200017, 43.039684296000132 ], [ 19.408876418000091, 43.037345886000082 ], [ 19.409721375000061, 43.036014556000055 ], [ 19.403608321000036, 43.028308868000181 ], [ 19.401853561000109, 43.02552795500003 ], [ 19.399665832000039, 43.021186829000044 ], [ 19.39771843, 43.015148163000106 ], [ 19.396026611000082, 43.011329652000086 ], [ 19.393888473000118, 43.008598329000108 ], [ 19.391771317000121, 43.006771088 ], [ 19.388832091999973, 43.005325318000132 ], [ 19.385463714000025, 43.004386902000078 ], [ 19.382665635000023, 43.003890991 ], [ 19.378501892000031, 43.003524781000067 ], [ 19.365476609000154, 43.003227235000168 ], [ 19.358366013000136, 43.002475739000147 ], [ 19.346649170000148, 42.999851227000079 ], [ 19.344573975000117, 42.999031068000136 ], [ 19.342025758000034, 42.997238159000062 ], [ 19.339418411000054, 42.994125366000162 ], [ 19.337831497000025, 42.990852355000129 ], [ 19.337158203000058, 42.988262176000148 ], [ 19.335994720000031, 42.979152679000038 ], [ 19.335376739000139, 42.977226256999984 ], [ 19.334659576000035, 42.975849152000194 ], [ 19.334083558000145, 42.975456238 ], [ 19.331758499000046, 42.975822448000088 ], [ 19.326639175000139, 42.977478028000121 ], [ 19.313266755000029, 42.983425140000179 ], [ 19.308958053000026, 42.984878540000125 ], [ 19.297573090000128, 42.988094331000013 ], [ 19.277963639000063, 42.992183685000157 ], [ 19.270490646000042, 42.994586945000094 ], [ 19.265192032000186, 42.996921539000141 ], [ 19.25894355700018, 43.000736236000193 ], [ 19.254470825000112, 43.00456237800006 ], [ 19.251560211000026, 43.008125305000078 ], [ 19.248582839000051, 43.013477325000053 ], [ 19.246303558000022, 43.016521455000031 ], [ 19.243610381, 43.019390107000049 ], [ 19.236555100000089, 43.026016235000156 ], [ 19.231494904000044, 43.030109405000076 ], [ 19.23009681800005, 43.030963897000049 ], [ 19.227050781000173, 43.032314300000166 ], [ 19.21960067700013, 43.034790039000086 ], [ 19.216875076000122, 43.035366058000022 ], [ 19.213520049000067, 43.035713197000064 ], [ 19.21007347200009, 43.035758972000053 ], [ 19.205448151000098, 43.035362243000179 ], [ 19.198556900000028, 43.034030914000084 ], [ 19.191087723000123, 43.032299042000147 ], [ 19.184885025000085, 43.031707764000032 ], [ 19.17861557100008, 43.031932830000187 ], [ 19.175634384000034, 43.032421113000169 ], [ 19.171659470000122, 43.033752443000026 ], [ 19.167644501000041, 43.035736083000188 ], [ 19.166246414000113, 43.036651611000082 ], [ 19.160432816000082, 43.041385651000098 ], [ 19.158109664999984, 43.043708802000026 ], [ 19.15421295200008, 43.048671722000165 ], [ 19.145822524000039, 43.058193208000148 ], [ 19.142461777000051, 43.061222077000025 ], [ 19.139667511000141, 43.062870025000109 ], [ 19.137447357000156, 43.063819886000147 ], [ 19.134332656000083, 43.064830779000033 ], [ 19.129676820000157, 43.065593720000152 ], [ 19.123456956000155, 43.065948486000025 ], [ 19.117185592000112, 43.065784454000152 ], [ 19.111267090000126, 43.06489944499998 ], [ 19.103956222000079, 43.062580109000123 ], [ 19.098772049000047, 43.061477662000129 ], [ 19.094120026000155, 43.060997009000062 ], [ 19.090572356999985, 43.06090164200009 ], [ 19.083509444000128, 43.061248779000096 ], [ 19.080173493000075, 43.061721801000147 ], [ 19.075817109000013, 43.062705994000169 ], [ 19.06977653500013, 43.064693450000107 ], [ 19.067525863000071, 43.065715790000127 ], [ 19.065725326000177, 43.066844941000056 ], [ 19.063743591000105, 43.068523406999986 ], [ 19.062000274000184, 43.07050705000006 ], [ 19.05497551000019, 43.081741334000071 ], [ 19.053325652000069, 43.083820344000117 ], [ 19.047143935000122, 43.090454102000081 ], [ 19.045545578000088, 43.093589784000187 ], [ 19.044841767000037, 43.096591950000061 ], [ 19.044775009000034, 43.102191925000056 ], [ 19.044275283000104, 43.106117249000135 ], [ 19.043676377000111, 43.108188629000097 ], [ 19.042467118000104, 43.110652924000135 ], [ 19.039468765000095, 43.114536286000146 ], [ 19.028930664000086, 43.125617980000072 ], [ 19.024297714000113, 43.131057740000017 ], [ 19.018745422000109, 43.139064790000134 ], [ 19.017108918000019, 43.142379761000086 ], [ 19.015928268000039, 43.145812989000092 ], [ 19.015514372999974, 43.149909973000149 ], [ 19.016994477000082, 43.158851625000125 ], [ 19.017375945000026, 43.166049957000098 ], [ 19.016672135000022, 43.170578004000049 ], [ 19.013589860000025, 43.179309846000081 ], [ 19.012395859000094, 43.184135437000123 ], [ 19.011861802000055, 43.190147401000161 ], [ 19.011831283000106, 43.19630432200006 ], [ 19.012178421000044, 43.214958191000051 ], [ 19.012632370000176, 43.221229553000114 ], [ 19.014070510000181, 43.232772826000144 ], [ 19.016384124000126, 43.242465973000037 ], [ 19.016384124000126, 43.247406007000052 ], [ 19.016620635000038, 43.255538941000054 ] ] ] ] } }
]
}
