{
"type": "FeatureCollection",
"name": "CM-08",
"crs": { "type": "name", "properties": { "name": "urn:ogc:def:crs:OGC:1.3:CRS84" } },
"features": [
{ "type": "Feature", "properties": { "fid": 15, "GID_2": "BGR.2.1_1", "GID_0": "BGR", "COUNTRY": "Bulgaria", "GID_1": "BGR.2_1", "NAME_1": "Burgas", "NL_NAME_1": "Бургас", "NAME_2": "Aitos", "VARNAME_2": "Aytos|Aetós|Ajtos", "NL_NAME_2": "Айтос", "TYPE_2": "Obshtina", "ENGTYPE_2": "Municipality", "CC_2": "NA", "HASC_2": "BG.BR.AI" }, "geometry": { "type": "MultiPolygon", "coordinates": [ [ [ [ 27.432241, 42.72501700000015 ], [ 27.432134629000075, 42.724155425000163 ], [ 27.429561614000079, 42.722122193000132 ], [ 27.425500869000075, 42.720630645000028 ], [ 27.42233467, 42.718868255000018 ], [ 27.418233871000098, 42.716674805000082 ], [ 27.41528511000007, 42.713466644000107 ], [ 27.414464951000184, 42.710178375000112 ], [ 27.415096283000025, 42.705642700000055 ], [ 27.417650223000123, 42.702445983000189 ], [ 27.420148849999975, 42.698291778000112 ], [ 27.420406342000149, 42.692352295000092 ], [ 27.417076111000029, 42.687976837000065 ], [ 27.413900375000026, 42.686203004000106 ], [ 27.409776687000033, 42.683776856000122 ], [ 27.404630661000056, 42.679473877000135 ], [ 27.399452210000106, 42.674690247000115 ], [ 27.395038604000149, 42.67227935700015 ], [ 27.388538361000144, 42.670417785000097 ], [ 27.382091522000053, 42.669502259000012 ], [ 27.376920700000142, 42.669246675000011 ], [ 27.37085533100003, 42.669025422000118 ], [ 27.367221833000144, 42.669189452000182 ], [ 27.365728378000085, 42.669494629000098 ], [ 27.362091065000186, 42.669277191000049 ], [ 27.356618881000031, 42.668910981000124 ], [ 27.350679398000182, 42.66819381800002 ], [ 27.344516754000097, 42.666545868000128 ], [ 27.338928222000106, 42.664512635 ], [ 27.334367753000151, 42.66194534300007 ], [ 27.327207565000094, 42.657222749000084 ], [ 27.323276521000082, 42.652954101000034 ], [ 27.318845748000058, 42.64823532000014 ], [ 27.315105438000046, 42.644786836000094 ], [ 27.3109016410001, 42.641124725000054 ], [ 27.308792115000188, 42.639289856 ], [ 27.305774688000156, 42.637832643000138 ], [ 27.300846100000058, 42.636932373000093 ], [ 27.298694611000144, 42.636875153000176 ], [ 27.296701431000031, 42.636653900000056 ], [ 27.294509888000164, 42.636127473000101 ], [ 27.292594911000094, 42.635944367000093 ], [ 27.291376114000059, 42.635974883000131 ], [ 27.288404464000052, 42.636318207000102 ], [ 27.28478431700006, 42.636157989000139 ], [ 27.282552720000069, 42.636234283000078 ], [ 27.280550004000133, 42.636157989000139 ], [ 27.278446198000154, 42.635913850000122 ], [ 27.276176452000072, 42.635620117000087 ], [ 27.27430915900004, 42.635192871000072 ], [ 27.272493361999977, 42.634696961000088 ], [ 27.270576477000134, 42.63391113400013 ], [ 27.268428803000063, 42.631931306000126 ], [ 27.266101837000065, 42.629722595000089 ], [ 27.26364135700004, 42.628940583000031 ], [ 27.260347367000179, 42.628532410000105 ], [ 27.256696701000124, 42.627777099000014 ], [ 27.254543305000084, 42.627040862000115 ], [ 27.252756119000026, 42.626300812000181 ], [ 27.249141692000023, 42.625114442000097 ], [ 27.245994567000139, 42.623973846000013 ], [ 27.244337082000186, 42.623283386000082 ], [ 27.242429733000051, 42.622482301000161 ], [ 27.240283967000153, 42.621555328000113 ], [ 27.23699760500017, 42.620117188000165 ], [ 27.233472823000056, 42.618198395000093 ], [ 27.229688645000124, 42.6163864130001 ], [ 27.225904466000088, 42.614498138999977 ], [ 27.222345352000104, 42.616264344000058 ], [ 27.216831208000031, 42.619514465000123 ], [ 27.213817597000173, 42.620777131000125 ], [ 27.21162986700017, 42.623836517000143 ], [ 27.210580825000079, 42.626358033000031 ], [ 27.211240769000142, 42.629573822999987 ], [ 27.212814330000072, 42.631896972000106 ], [ 27.217742921000081, 42.634899140000186 ], [ 27.220745086000079, 42.637386322000111 ], [ 27.222782135000102, 42.639709473000039 ], [ 27.223911285000099, 42.642566682000108 ], [ 27.224054337000041, 42.645065307000152 ], [ 27.222965240000065, 42.646503449000136 ], [ 27.220592499000134, 42.646701813 ], [ 27.217214584000146, 42.645999908000135 ], [ 27.214561462000177, 42.645305633000135 ], [ 27.209207536000065, 42.643363952000129 ], [ 27.203823089000139, 42.641242980000186 ], [ 27.188646317000121, 42.634750366000105 ], [ 27.184244156000091, 42.63317489700006 ], [ 27.178567887000042, 42.630180359000121 ], [ 27.174879074999978, 42.62843322700013 ], [ 27.168905257000063, 42.624561311000036 ], [ 27.165197373000069, 42.622428894000109 ], [ 27.158340455000086, 42.61988830700011 ], [ 27.158132553000144, 42.620529175000058 ], [ 27.155839920000062, 42.62249755900018 ], [ 27.151668549000135, 42.625579834000064 ], [ 27.146015167000087, 42.627937317000146 ], [ 27.137254714000107, 42.630870819000052 ], [ 27.12898254400011, 42.634159088000047 ], [ 27.121477127, 42.638530731000174 ], [ 27.115264893000074, 42.640354156000171 ], [ 27.10919380200005, 42.644706727000141 ], [ 27.106920243000104, 42.647602081000059 ], [ 27.104591369000161, 42.649230957000043 ], [ 27.104066849000105, 42.651042939000035 ], [ 27.103233337000063, 42.652854919 ], [ 27.102380753000034, 42.654212953000126 ], [ 27.101560592000112, 42.655815125000174 ], [ 27.10146141000007, 42.657051086000195 ], [ 27.100769042000024, 42.661567688000162 ], [ 27.100614547000077, 42.664489747000061 ], [ 27.100845338000113, 42.668548584000064 ], [ 27.101551056000062, 42.670570374000022 ], [ 27.10297584500006, 42.674171448000095 ], [ 27.10465431200015, 42.67684936600017 ], [ 27.106067658000029, 42.680221559000188 ], [ 27.109050750000108, 42.684242250000068 ], [ 27.110769273000074, 42.687599181999985 ], [ 27.110912322000104, 42.690078735999975 ], [ 27.10920715300017, 42.692588806 ], [ 27.106815338000047, 42.693969726000034 ], [ 27.103183745000024, 42.694900512000174 ], [ 27.100452422000103, 42.695842743000071 ], [ 27.097774506000064, 42.697456359000171 ], [ 27.096614837000118, 42.698818208000148 ], [ 27.09578323300002, 42.700630188000105 ], [ 27.093412400000091, 42.702457428000116 ], [ 27.089782715000069, 42.703636169000049 ], [ 27.086704255000086, 42.703903199000138 ], [ 27.084243775000061, 42.704391479000037 ], [ 27.081842423000126, 42.70554351800007 ], [ 27.080345155000089, 42.706478119 ], [ 27.0782547, 42.707862854000098 ], [ 27.075288773000011, 42.710151672000109 ], [ 27.074743270000113, 42.711742401000038 ], [ 27.074853897000082, 42.71376800600018 ], [ 27.075937271000043, 42.716457367000032 ], [ 27.076633453000113, 42.718029023000042 ], [ 27.078659058000085, 42.72115326 ], [ 27.080688476000148, 42.724056243000121 ], [ 27.086168290000046, 42.728038787000116 ], [ 27.090442658000029, 42.732269288000111 ], [ 27.095638274, 42.736480713000162 ], [ 27.101522445000057, 42.741825103000053 ], [ 27.103878020000025, 42.745178223000039 ], [ 27.107442855000045, 42.75302887100014 ], [ 27.108938217000116, 42.757301331000178 ], [ 27.109529495000174, 42.762012482000159 ], [ 27.110460281000087, 42.767204285000105 ], [ 27.109760284000174, 42.771064758000193 ], [ 27.107509613000047, 42.774700166000116 ], [ 27.106039047000024, 42.776058197000111 ], [ 27.102434158000108, 42.778129577000072 ], [ 27.09685134800003, 42.778175354000041 ], [ 27.093671799000106, 42.777076722000061 ], [ 27.092002869000055, 42.775070191000054 ], [ 27.091236115000015, 42.77260971100003 ], [ 27.091680526000118, 42.769905091000112 ], [ 27.092769622000162, 42.767181396000069 ], [ 27.095130920000145, 42.76490402200011 ], [ 27.096815109000147, 42.761940003000063 ], [ 27.098194122000109, 42.758998871000074 ], [ 27.098041534000117, 42.756290436000086 ], [ 27.09762191700014, 42.754718780000076 ], [ 27.096557617000144, 42.752250672000173 ], [ 27.095451355000137, 42.74933624300013 ], [ 27.093515397000147, 42.748016358000086 ], [ 27.092161179000186, 42.745990753000115 ], [ 27.08831977900013, 42.744014741 ], [ 27.086124421000022, 42.74359130900018 ], [ 27.081754684000089, 42.743202210000049 ], [ 27.078659058000085, 42.743469238000102 ], [ 27.077171326000098, 42.74461364900003 ], [ 27.076032638000186, 42.746440887000063 ], [ 27.074008940999988, 42.749176025000054 ], [ 27.071390153000038, 42.752368927000077 ], [ 27.068414688000132, 42.754890443000136 ], [ 27.065111161000118, 42.757194519 ], [ 27.061759949000134, 42.75860977200017 ], [ 27.057443619000026, 42.759357452000188 ], [ 27.052484512000149, 42.760120393000193 ], [ 27.048782348000032, 42.761096954000038 ], [ 27.047624589000122, 42.762680053000054 ], [ 27.044658660000096, 42.765655518000131 ], [ 27.043529510000099, 42.76793289200009 ], [ 27.043104172000085, 42.771781922000059 ], [ 27.043243409000127, 42.774250030000132 ], [ 27.044000627000116, 42.776268005000077 ], [ 27.047246934000043, 42.778690338 ], [ 27.050479887999984, 42.780441285000052 ], [ 27.05710983300014, 42.781448365000017 ], [ 27.062440873000128, 42.781593322000049 ], [ 27.068067550000023, 42.781738281000059 ], [ 27.072496415000103, 42.782562257 ], [ 27.074455260999969, 42.784114838000107 ], [ 27.075527192000152, 42.786361695000153 ], [ 27.076553345000036, 42.788078308000138 ], [ 27.077257154999984, 42.78925705100005 ], [ 27.080795288000104, 42.791015625999989 ], [ 27.083787918999974, 42.794124604000046 ], [ 27.089630127000191, 42.797916412000063 ], [ 27.095355988000108, 42.799900055000137 ], [ 27.09976959300019, 42.800769806000062 ], [ 27.106079101000148, 42.80204773000014 ], [ 27.109796525000093, 42.802028657000051 ], [ 27.115680695000037, 42.801532746000134 ], [ 27.120302200000083, 42.801048279000099 ], [ 27.124557494000044, 42.799884796000015 ], [ 27.131881715000077, 42.79802322400019 ], [ 27.137834549000047, 42.794380188000048 ], [ 27.141153335000183, 42.793212891000167 ], [ 27.145853042000113, 42.789577484 ], [ 27.149967195000045, 42.786399842000037 ], [ 27.153711318000148, 42.782302857000047 ], [ 27.156633377000048, 42.780036926000037 ], [ 27.159605026000179, 42.778430939000145 ], [ 27.164468764999981, 42.777820587000065 ], [ 27.170309066000129, 42.77799987800006 ], [ 27.17369461100003, 42.77822113100018 ], [ 27.179256440000074, 42.779075624000086 ], [ 27.182403565000129, 42.780399323000097 ], [ 27.184921265000071, 42.781513215000075 ], [ 27.190824509000038, 42.783050538000168 ], [ 27.198886872000173, 42.785003662000122 ], [ 27.203943252000045, 42.786312103000114 ], [ 27.208013535000134, 42.786735535000162 ], [ 27.213624955000057, 42.787349700999982 ], [ 27.21799278300017, 42.787551881000013 ], [ 27.222328186000141, 42.787509919000115 ], [ 27.227552413000126, 42.787242889000026 ], [ 27.232198716000028, 42.787410737000073 ], [ 27.233531953000124, 42.787540436000086 ], [ 27.237380981000115, 42.787250519000168 ], [ 27.24450302200006, 42.787643433000142 ], [ 27.252204896000137, 42.788219452000135 ], [ 27.259826660000158, 42.788555145000089 ], [ 27.266399383000191, 42.787925721000079 ], [ 27.275707245000092, 42.787235261000149 ], [ 27.280328751000184, 42.786647796000125 ], [ 27.284870149000085, 42.785331727000028 ], [ 27.28819084200012, 42.784271240000123 ], [ 27.293069840000044, 42.783653259000062 ], [ 27.297346116000028, 42.783519745000035 ], [ 27.304737092000096, 42.784225465000134 ], [ 27.310899734000031, 42.785202026000036 ], [ 27.317018508000046, 42.785926820000157 ], [ 27.323181152000132, 42.787372590000189 ], [ 27.330825805000188, 42.788734436000084 ], [ 27.336139679000041, 42.791385651000155 ], [ 27.343149185000186, 42.792755127000135 ], [ 27.348850250000169, 42.792987823000033 ], [ 27.355213165000066, 42.793914794000102 ], [ 27.359916688000112, 42.792751312000064 ], [ 27.36772918700018, 42.78930664100011 ], [ 27.37467765700012, 42.786155701000155 ], [ 27.381029130000115, 42.783000945000083 ], [ 27.390451431000145, 42.78067016600005 ], [ 27.400838853000039, 42.77924346900005 ], [ 27.409473420000097, 42.778148651000038 ], [ 27.422486955000068, 42.777309438000145 ], [ 27.422939, 42.772049 ], [ 27.424835000000144, 42.768661000000122 ], [ 27.427038000000152, 42.76498800000013 ], [ 27.429119000000185, 42.759678 ], [ 27.429278, 42.759438000000102 ], [ 27.429927078000105, 42.758459532000131 ], [ 27.431886673000122, 42.755504609000184 ], [ 27.43400573700012, 42.750183105000076 ], [ 27.434562683000024, 42.743988037000122 ], [ 27.433967590000123, 42.739509582000039 ], [ 27.433322907000161, 42.733837129000108 ], [ 27.433133566000038, 42.732190379000087 ], [ 27.432698999000024, 42.728413001000035 ], [ 27.432697344000132, 42.728400718000159 ], [ 27.432241, 42.72501700000015 ] ] ] ] } },
{ "type": "Feature", "properties": { "fid": 16, "GID_2": "BGR.2.2_1", "GID_0": "BGR", "COUNTRY": "Bulgaria", "GID_1": "BGR.2_1", "NAME_1": "Burgas", "NL_NAME_1": "Бургас", "NAME_2": "Burgas", "VARNAME_2": "Bourgas", "NL_NAME_2": "Бургас", "TYPE_2": "City", "ENGTYPE_2": "City", "CC_2": "NA", "HASC_2": "BG.BR.BU" }, "geometry": { "type": "MultiPolygon", "coordinates": [ [ [ [ 27.225904466000088, 42.614498138999977 ], [ 27.229688645000124, 42.6163864130001 ], [ 27.233472823000056, 42.618198395000093 ], [ 27.23699760500017, 42.620117188000165 ], [ 27.240283967000153, 42.621555328000113 ], [ 27.242429733000051, 42.622482301000161 ], [ 27.244337082000186, 42.623283386000082 ], [ 27.245994567000139, 42.623973846000013 ], [ 27.249141692000023, 42.625114442000097 ], [ 27.252756119000026, 42.626300812000181 ], [ 27.254543305000084, 42.627040862000115 ], [ 27.256696701000124, 42.627777099000014 ], [ 27.260347367000179, 42.628532410000105 ], [ 27.26364135700004, 42.628940583000031 ], [ 27.266101837000065, 42.629722595000089 ], [ 27.268428803000063, 42.631931306000126 ], [ 27.270576477000134, 42.63391113400013 ], [ 27.272493361999977, 42.634696961000088 ], [ 27.27430915900004, 42.635192871000072 ], [ 27.276176452000072, 42.635620117000087 ], [ 27.278446198000154, 42.635913850000122 ], [ 27.280550004000133, 42.636157989000139 ], [ 27.282552720000069, 42.636234283000078 ], [ 27.28478431700006, 42.636157989000139 ], [ 27.288404464000052, 42.636318207000102 ], [ 27.291376114000059, 42.635974883000131 ], [ 27.292594911000094, 42.635944367000093 ], [ 27.294509888000164, 42.636127473000101 ], [ 27.296701431000031, 42.636653900000056 ], [ 27.298694611000144, 42.636875153000176 ], [ 27.300846100000058, 42.636932373000093 ], [ 27.305774688000156, 42.637832643000138 ], [ 27.308792115000188, 42.639289856 ], [ 27.3109016410001, 42.641124725000054 ], [ 27.315105438000046, 42.644786836000094 ], [ 27.318845748000058, 42.64823532000014 ], [ 27.323276521000082, 42.652954101000034 ], [ 27.327207565000094, 42.657222749000084 ], [ 27.334367753000151, 42.66194534300007 ], [ 27.338928222000106, 42.664512635 ], [ 27.344516754000097, 42.666545868000128 ], [ 27.350679398000182, 42.66819381800002 ], [ 27.356618881000031, 42.668910981000124 ], [ 27.362091065000186, 42.669277191000049 ], [ 27.365728378000085, 42.669494629000098 ], [ 27.367221833000144, 42.669189452000182 ], [ 27.37085533100003, 42.669025422000118 ], [ 27.376920700000142, 42.669246675000011 ], [ 27.382091522000053, 42.669502259000012 ], [ 27.388538361000144, 42.670417785000097 ], [ 27.395038604000149, 42.67227935700015 ], [ 27.399452210000106, 42.674690247000115 ], [ 27.404630661000056, 42.679473877000135 ], [ 27.409776687000033, 42.683776856000122 ], [ 27.413900375000026, 42.686203004000106 ], [ 27.417076111000029, 42.687976837000065 ], [ 27.420406342000149, 42.692352295000092 ], [ 27.420148849999975, 42.698291778000112 ], [ 27.417650223000123, 42.702445983000189 ], [ 27.415096283000025, 42.705642700000055 ], [ 27.414464951000184, 42.710178375000112 ], [ 27.41528511000007, 42.713466644000107 ], [ 27.418233871000098, 42.716674805000082 ], [ 27.42233467, 42.718868255000018 ], [ 27.425500869000075, 42.720630645000028 ], [ 27.429561614000079, 42.722122193000132 ], [ 27.432134629000075, 42.724155425000163 ], [ 27.432241, 42.72501700000015 ], [ 27.434509278000178, 42.720375061000027 ], [ 27.437927246000186, 42.718441010000106 ], [ 27.44138526800009, 42.716995240000074 ], [ 27.443125076000172, 42.716829062000159 ], [ 27.443516669000132, 42.716791659000194 ], [ 27.445978165000099, 42.716556549000074 ], [ 27.44998931900011, 42.716392517000031 ], [ 27.451682246000132, 42.716185243000098 ], [ 27.453355070000157, 42.715980430000116 ], [ 27.455846786000109, 42.71567535500003 ], [ 27.45775050300017, 42.715457176000143 ], [ 27.45875736000005, 42.715341784000032 ], [ 27.460939407000012, 42.715091706000123 ], [ 27.466485977000104, 42.713935852000077 ], [ 27.467742716000089, 42.713603657000192 ], [ 27.469476187000112, 42.713145446 ], [ 27.471277236000162, 42.71266937200005 ], [ 27.476957322000089, 42.709621429000038 ], [ 27.480409415000167, 42.707203984000103 ], [ 27.48225200000013, 42.705914000000121 ], [ 27.48568517200016, 42.703509882000162 ], [ 27.485695, 42.703503001000058 ], [ 27.48725433900006, 42.701479680000091 ], [ 27.49083699900018, 42.696830999000099 ], [ 27.49249571200005, 42.693508329000167 ], [ 27.493050001000142, 42.69239799900015 ], [ 27.494862, 42.689499000000183 ], [ 27.496135756000115, 42.688662459000113 ], [ 27.497854232000179, 42.687534332000155 ], [ 27.501134873000126, 42.685417175000055 ], [ 27.504568101000132, 42.682720184000061 ], [ 27.505606674000035, 42.681907018000118 ], [ 27.506257183000116, 42.681397692000075 ], [ 27.507837295000115, 42.680160523000097 ], [ 27.508061431000158, 42.679877090000048 ], [ 27.508486131000154, 42.679340031000095 ], [ 27.510129929000072, 42.677261353000063 ], [ 27.510348414000134, 42.67682878200003 ], [ 27.510744735000173, 42.676044123000054 ], [ 27.511455536000085, 42.674636840000062 ], [ 27.511371613000165, 42.67275238100018 ], [ 27.511138916000164, 42.671112060000098 ], [ 27.511070765000113, 42.670978670000068 ], [ 27.510900290000166, 42.670645005999972 ], [ 27.510246277000135, 42.669364930000143 ], [ 27.50899505600006, 42.666568757000164 ], [ 27.508045197000058, 42.663776398000095 ], [ 27.5080110130001, 42.663669919000085 ], [ 27.507946022000112, 42.663467481000055 ], [ 27.507480619999967, 42.662017822999985 ], [ 27.507079817000147, 42.660773948000042 ], [ 27.506930604000161, 42.660310873000185 ], [ 27.506540299000108, 42.659099579000156 ], [ 27.505503616, 42.658342526000126 ], [ 27.504801000000157, 42.657829000000106 ], [ 27.503992934000053, 42.654544579 ], [ 27.503789192999989, 42.653728063000131 ], [ 27.502171088000125, 42.651056482000172 ], [ 27.502058143000113, 42.650869962000172 ], [ 27.502042770000173, 42.650844575000121 ], [ 27.499439239000139, 42.647083284000018 ], [ 27.496824264000054, 42.643028259000175 ], [ 27.496677352000177, 42.640200192 ], [ 27.496626000000163, 42.639210000000162 ], [ 27.497221, 42.635056000000191 ], [ 27.498537, 42.632473000000175 ], [ 27.498582388000045, 42.63238391200008 ], [ 27.49904823300011, 42.631469727000194 ], [ 27.499797339000111, 42.629223775000185 ], [ 27.501135, 42.625214001000074 ], [ 27.501140444000157, 42.625204628000063 ], [ 27.502104, 42.623546000000147 ], [ 27.502355538000131, 42.623112943000137 ], [ 27.504087449000167, 42.620132446000184 ], [ 27.505967490000046, 42.617798457000049 ], [ 27.50703383400014, 42.616474637000124 ], [ 27.507491003000041, 42.615907238000148 ], [ 27.511722928000154, 42.61198406699998 ], [ 27.524848939000094, 42.605255126000031 ], [ 27.529916764000063, 42.601940155000136 ], [ 27.530371740000078, 42.600639319000152 ], [ 27.530635920000066, 42.599883992000059 ], [ 27.531284333000144, 42.598030090000179 ], [ 27.531200409000121, 42.59586334300019 ], [ 27.534568155999978, 42.590525123000134 ], [ 27.53550338000008, 42.589042699000061 ], [ 27.538215638000167, 42.584743500000059 ], [ 27.540023894000058, 42.580224769000154 ], [ 27.541806396000084, 42.575770395 ], [ 27.542734147000033, 42.573451996000131 ], [ 27.543360263000125, 42.57303889300016 ], [ 27.543730373000187, 42.572794699000042 ], [ 27.548278809000124, 42.56979370200014 ], [ 27.551404635000097, 42.567533814 ], [ 27.552147247000107, 42.566996925000126 ], [ 27.5533599850001, 42.566120147000049 ], [ 27.561677932000066, 42.562889099000017 ], [ 27.56176084100008, 42.56281883600019 ], [ 27.561959, 42.56265100000013 ], [ 27.565679550000027, 42.559497834000183 ], [ 27.569026947000168, 42.555339814000035 ], [ 27.569026947000168, 42.555137635000108 ], [ 27.568750381000029, 42.555137635000108 ], [ 27.568750381000029, 42.554862977000141 ], [ 27.568471908000163, 42.554862977000141 ], [ 27.568471908000163, 42.554626466000173 ], [ 27.566086661000043, 42.552600965000181 ], [ 27.565803803000108, 42.552360769000018 ], [ 27.565416335, 42.552360535000048 ], [ 27.565416335, 42.552082062000181 ], [ 27.564582826000048, 42.552082062000181 ], [ 27.564582826000048, 42.551807404000158 ], [ 27.563749314, 42.551807404000158 ], [ 27.563749314, 42.552082062000181 ], [ 27.563472749000141, 42.552082062000181 ], [ 27.563472749000141, 42.551807404000158 ], [ 27.562360764000061, 42.551807404000158 ], [ 27.562360764000061, 42.551528931000121 ], [ 27.562084199000026, 42.551528931000121 ], [ 27.562084199000026, 42.551250458000084 ], [ 27.560417176000044, 42.551250458000084 ], [ 27.560417176000044, 42.550971985000047 ], [ 27.559583664000172, 42.550971985000047 ], [ 27.559583664000172, 42.550693512 ], [ 27.559305191000135, 42.550693512 ], [ 27.559305191000135, 42.550415038999972 ], [ 27.558195114, 42.550415038999972 ], [ 27.558195114, 42.550693512 ], [ 27.556804657000157, 42.550693512 ], [ 27.556804657000157, 42.550971985000047 ], [ 27.556528091000189, 42.550971985000047 ], [ 27.556528091000189, 42.551250458000084 ], [ 27.556249618000152, 42.551250458000084 ], [ 27.556249618000152, 42.551528931000121 ], [ 27.555973053000116, 42.551528931000121 ], [ 27.555973053000116, 42.551807404000158 ], [ 27.555694580000079, 42.551807404000158 ], [ 27.555694580000079, 42.552082062000181 ], [ 27.555139541000074, 42.552082062000181 ], [ 27.555139541000074, 42.552360535000048 ], [ 27.55374908400006, 42.552360535000048 ], [ 27.55374908400006, 42.552639008000085 ], [ 27.553194047000034, 42.552639008000085 ], [ 27.553194047000034, 42.552360535000048 ], [ 27.552639009000131, 42.552360535000048 ], [ 27.552639009000131, 42.552639008000085 ], [ 27.551805497000089, 42.552639008000085 ], [ 27.551805497000089, 42.552917481000122 ], [ 27.550971985000047, 42.552917481000122 ], [ 27.550971985000047, 42.553195954000159 ], [ 27.550695420000125, 42.553195954000159 ], [ 27.55069351200018, 42.553470612000126 ], [ 27.550416947000087, 42.553470612000126 ], [ 27.550416947000087, 42.55402755800003 ], [ 27.549861908000082, 42.55402755800003 ], [ 27.549861908000082, 42.554306031000067 ], [ 27.549304962, 42.554306031000067 ], [ 27.549304962, 42.554584504000104 ], [ 27.549028397000143, 42.554584504000104 ], [ 27.549028397000143, 42.554862977000141 ], [ 27.548749924000106, 42.554862977000141 ], [ 27.548749924000106, 42.555137635000108 ], [ 27.548471451000069, 42.555137635000108 ], [ 27.548471451000069, 42.555416108000145 ], [ 27.547916412000063, 42.555416108000145 ], [ 27.547916412000063, 42.555694581000182 ], [ 27.546527862000119, 42.555694581000182 ], [ 27.546527862000119, 42.555973054000049 ], [ 27.545694351000179, 42.555973054000049 ], [ 27.545694351000179, 42.556251525000107 ], [ 27.545139312000174, 42.556251525000107 ], [ 27.545139312000174, 42.556526185000052 ], [ 27.544305801, 42.556526185000052 ], [ 27.544305801, 42.55680465800009 ], [ 27.543750762, 42.55680465800009 ], [ 27.543750762, 42.557083129000148 ], [ 27.543193816000098, 42.557083129000148 ], [ 27.543193816000098, 42.557361602000185 ], [ 27.542638778000025, 42.557361602000185 ], [ 27.542638778000025, 42.557640075000052 ], [ 27.542083739000191, 42.557640075000052 ], [ 27.542083739000191, 42.557918548000089 ], [ 27.541528701000118, 42.557918548000089 ], [ 27.541528701000118, 42.558193206000055 ], [ 27.540971757000193, 42.558193206000055 ], [ 27.540971757000193, 42.558471679000093 ], [ 27.540416718000188, 42.558471679000093 ], [ 27.540416718000188, 42.55875015200013 ], [ 27.538749695000035, 42.55875015200013 ], [ 27.538749695000035, 42.559028625000167 ], [ 27.537361145000091, 42.559028625000167 ], [ 27.537361145000091, 42.559307098000033 ], [ 27.534860611000113, 42.559307098000033 ], [ 27.534860611000113, 42.559581756000057 ], [ 27.532638549000126, 42.559581756000057 ], [ 27.532638549000126, 42.559307098000033 ], [ 27.530694961000052, 42.559307098000033 ], [ 27.530694961000052, 42.559028625000167 ], [ 27.526527405000024, 42.559028625000167 ], [ 27.526527405000024, 42.55875015200013 ], [ 27.525417328000117, 42.55875015200013 ], [ 27.525417328000117, 42.558471679000093 ], [ 27.524026871000103, 42.558471679000093 ], [ 27.524026871000103, 42.557918548000089 ], [ 27.523750305000135, 42.557918548000089 ], [ 27.523750305000135, 42.558193206000055 ], [ 27.523195267, 42.558193206000055 ], [ 27.523195267, 42.557918548000089 ], [ 27.522916793999968, 42.557918548000089 ], [ 27.522916793999968, 42.557640075000052 ], [ 27.522361755000134, 42.557640075000052 ], [ 27.522361755000134, 42.557361602000185 ], [ 27.521249771000157, 42.557361602000185 ], [ 27.521249771000157, 42.557083129000148 ], [ 27.52097129800012, 42.557083129000148 ], [ 27.52097129800012, 42.55680465800009 ], [ 27.520694732000152, 42.55680465800009 ], [ 27.520694732000152, 42.556251525000107 ], [ 27.520139694000079, 42.556251525000107 ], [ 27.520139694000079, 42.555973054000049 ], [ 27.519306182000037, 42.555973054000049 ], [ 27.519306182000037, 42.555694581000182 ], [ 27.518194199000106, 42.555694581000182 ], [ 27.518194199000106, 42.555416108000145 ], [ 27.517915726000069, 42.555416108000145 ], [ 27.517915726000069, 42.555137635000108 ], [ 27.517084122000028, 42.555137635000108 ], [ 27.517084122000028, 42.554862977000141 ], [ 27.516250611000089, 42.554862977000141 ], [ 27.516250611000089, 42.554584504000104 ], [ 27.515972138000052, 42.554584504000104 ], [ 27.515972138000052, 42.554306031000067 ], [ 27.515693665000185, 42.554306031000067 ], [ 27.515693665000185, 42.553749085000163 ], [ 27.514305115000013, 42.553749085000163 ], [ 27.514305115000013, 42.553470612000126 ], [ 27.513750076, 42.553470612000126 ], [ 27.513750076, 42.553195954000159 ], [ 27.513471602999971, 42.553195954000159 ], [ 27.513471602999971, 42.552917481000122 ], [ 27.512916565000069, 42.552917481000122 ], [ 27.512916565000069, 42.552639008000085 ], [ 27.512361526000063, 42.552639008000085 ], [ 27.512361526000063, 42.552360535000048 ], [ 27.511249542000087, 42.552360535000048 ], [ 27.511249542000087, 42.552082062000181 ], [ 27.510694503000082, 42.552082062000181 ], [ 27.510694503000082, 42.551807404000158 ], [ 27.510139465000179, 42.551807404000158 ], [ 27.510139465000179, 42.551528931000121 ], [ 27.509305953000137, 42.551528931000121 ], [ 27.509305953000137, 42.551250458000084 ], [ 27.5090274800001, 42.551250458000084 ], [ 27.5090274800001, 42.550693512 ], [ 27.508750915, 42.550693512 ], [ 27.508750915, 42.550415038999972 ], [ 27.508193969000104, 42.550415038999972 ], [ 27.508193969000104, 42.549861908000139 ], [ 27.507638930000098, 42.549861908000139 ], [ 27.507638930000098, 42.549674989000039 ], [ 27.507638930000098, 42.549583435000102 ], [ 27.507360459000097, 42.549583435000102 ], [ 27.507360459000097, 42.549026489000028 ], [ 27.507083892000026, 42.549026489000028 ], [ 27.507083892000026, 42.548751831000061 ], [ 27.506805420999967, 42.548751831000061 ], [ 27.506805420999967, 42.548473358000194 ], [ 27.506526948000158, 42.548473358000194 ], [ 27.506526948000158, 42.548194885000157 ], [ 27.506250382000189, 42.548194885000157 ], [ 27.506250382000189, 42.54791641200012 ], [ 27.505971909000152, 42.54791641200012 ], [ 27.505971909000152, 42.547359466000046 ], [ 27.50569534400006, 42.547359466000046 ], [ 27.50569534400006, 42.547084808000022 ], [ 27.505416871000023, 42.547084808000022 ], [ 27.505416871000023, 42.546806334999985 ], [ 27.505138398000156, 42.546806334999985 ], [ 27.505138398000156, 42.546527862000175 ], [ 27.504861832000188, 42.546527862000175 ], [ 27.504861832000188, 42.546249389000138 ], [ 27.504583359000151, 42.546249389000138 ], [ 27.504583359000151, 42.54597091800008 ], [ 27.504028321000078, 42.54597091800008 ], [ 27.504028321000078, 42.545696258000078 ], [ 27.503749848000041, 42.545696258000078 ], [ 27.503749848000041, 42.545417785000041 ], [ 27.503471375000174, 42.545417785000041 ], [ 27.503471375000174, 42.545139314000039 ], [ 27.503194809000036, 42.545139314000039 ], [ 27.503194809000036, 42.544582368000135 ], [ 27.502916336000169, 42.544582368000135 ], [ 27.502916336000169, 42.544303895000098 ], [ 27.502639771000133, 42.544303895000098 ], [ 27.502639771000133, 42.544029237000075 ], [ 27.502361298000096, 42.544029237000075 ], [ 27.502361298000096, 42.543750764000038 ], [ 27.502082825000059, 42.543750764000038 ], [ 27.502082825000059, 42.543472291 ], [ 27.501527786000054, 42.543472291 ], [ 27.501527786000054, 42.543193818000134 ], [ 27.501249313000187, 42.543193818000134 ], [ 27.501249313000187, 42.542915345000097 ], [ 27.500972748000095, 42.542915345000097 ], [ 27.500972748000095, 42.54264068700013 ], [ 27.500694275000058, 42.54264068700013 ], [ 27.500694275000058, 42.542362214000093 ], [ 27.50041580200002, 42.542362214000093 ], [ 27.50041580200002, 42.541805268000189 ], [ 27.500139236000052, 42.541805268000189 ], [ 27.500139236000052, 42.541526795000152 ], [ 27.499860763000015, 42.541526795000152 ], [ 27.499860763000015, 42.540973664000148 ], [ 27.49958419800015, 42.540973664000148 ], [ 27.49958419800015, 42.540695191000111 ], [ 27.499305725000113, 42.540695191000111 ], [ 27.499305725000113, 42.540138245000037 ], [ 27.499027252000076, 42.540138245000037 ], [ 27.499027252000076, 42.53985977200017 ], [ 27.498750686000108, 42.53985977200017 ], [ 27.498750686000108, 42.539306641000167 ], [ 27.49847221300007, 42.539306641000167 ], [ 27.49847221300007, 42.538749695000092 ], [ 27.498193740000033, 42.538749695000092 ], [ 27.498193740000033, 42.538471222000055 ], [ 27.497917175000168, 42.538471222000055 ], [ 27.497917175000168, 42.537918091000165 ], [ 27.497638702000131, 42.537918091000165 ], [ 27.497638702000131, 42.537639618000128 ], [ 27.497360229000094, 42.537639618000128 ], [ 27.497360229000094, 42.537082672000054 ], [ 27.497083663000126, 42.537082672000054 ], [ 27.497083663000126, 42.53652954100005 ], [ 27.496805190000089, 42.53652954100005 ], [ 27.496805190000089, 42.536251068000183 ], [ 27.496528625000053, 42.536251068000183 ], [ 27.496528625000053, 42.535694122000109 ], [ 27.496250152000187, 42.535694122000109 ], [ 27.496250152000187, 42.535415649000072 ], [ 27.495971681000128, 42.535415649000072 ], [ 27.495971681000128, 42.534862518000068 ], [ 27.495695113000181, 42.534862518000068 ], [ 27.495695113000181, 42.534584045000031 ], [ 27.495416642000123, 42.534584045000031 ], [ 27.495416642000123, 42.534027101000106 ], [ 27.495138169000086, 42.534027101000106 ], [ 27.495138169000086, 42.533473968000067 ], [ 27.49486160400005, 42.533473968000067 ], [ 27.49486160400005, 42.533195497000065 ], [ 27.494583131000184, 42.533195497000065 ], [ 27.494583131000184, 42.532917024000028 ], [ 27.494028092000178, 42.532917024000028 ], [ 27.494028092000178, 42.532638551000161 ], [ 27.493749619000141, 42.532638551000161 ], [ 27.493749619000141, 42.532360078000124 ], [ 27.493194581000012, 42.532360078000124 ], [ 27.493194581000012, 42.531806947000121 ], [ 27.492916107999974, 42.531806947000121 ], [ 27.492916107999974, 42.531528474000083 ], [ 27.492639542, 42.531528474000083 ], [ 27.492639542, 42.531250001000046 ], [ 27.492361068999969, 42.531250001000046 ], [ 27.492361068999969, 42.53097152800018 ], [ 27.491806031000067, 42.53097152800018 ], [ 27.491806031000067, 42.530693055000143 ], [ 27.49152755800003, 42.530693055000143 ], [ 27.49152755800003, 42.529304504999971 ], [ 27.491249085000163, 42.529304504999971 ], [ 27.491249085000163, 42.529026032000104 ], [ 27.490972519000024, 42.529026032000104 ], [ 27.490972519000024, 42.528194428000063 ], [ 27.490694046000158, 42.528194428000063 ], [ 27.490694046000158, 42.527637482000159 ], [ 27.490417481000122, 42.527637482000159 ], [ 27.490417481000122, 42.527362824000193 ], [ 27.490139008000085, 42.527362824000193 ], [ 27.490139008000085, 42.527084351000155 ], [ 27.48958396900008, 42.527084351000155 ], [ 27.48958396900008, 42.526805878000118 ], [ 27.489305496000043, 42.526805878000118 ], [ 27.489305496000043, 42.526248932000044 ], [ 27.489027023000176, 42.526248932000044 ], [ 27.489027023000176, 42.524307251000039 ], [ 27.48875045800014, 42.524307251000039 ], [ 27.48875045800014, 42.524028778000172 ], [ 27.488471985000103, 42.524028778000172 ], [ 27.488471985000103, 42.523471832000098 ], [ 27.488193512000066, 42.523471832000098 ], [ 27.488193512000066, 42.522640228000057 ], [ 27.487916946000098, 42.522640228000057 ], [ 27.487916946000098, 42.522083284000132 ], [ 27.487638473000061, 42.522083284000132 ], [ 27.487638473000061, 42.521526338000058 ], [ 27.486249923000059, 42.521526338000058 ], [ 27.486249923000059, 42.520973207000054 ], [ 27.486528396000097, 42.520973207000054 ], [ 27.486528396000097, 42.52041626100015 ], [ 27.486249923000059, 42.52041626100015 ], [ 27.486249923000059, 42.519306184000072 ], [ 27.485971450000022, 42.519306184000072 ], [ 27.485971450000022, 42.518470765000131 ], [ 27.485694885000157, 42.518470765000131 ], [ 27.485694885000157, 42.517917634000128 ], [ 27.48513793799998, 42.517917634000128 ], [ 27.48513793799998, 42.515972137000176 ], [ 27.485416411000017, 42.515972137000176 ], [ 27.485416411000017, 42.515415191000102 ], [ 27.485694885000157, 42.515415191000102 ], [ 27.485694885000157, 42.515140534000182 ], [ 27.485416411000017, 42.515140534000182 ], [ 27.485416411000017, 42.514583587 ], [ 27.48513793799998, 42.514583587 ], [ 27.48513793799998, 42.513748168000063 ], [ 27.484861373000115, 42.513748168000063 ], [ 27.484861373000115, 42.51319503700006 ], [ 27.48513793799998, 42.51319503700006 ], [ 27.48513793799998, 42.512084960000152 ], [ 27.484861373000115, 42.512084960000152 ], [ 27.484861373000115, 42.511528014000078 ], [ 27.484582902000113, 42.511528014000078 ], [ 27.484582902000113, 42.509582520000038 ], [ 27.484306334000109, 42.509582520000038 ], [ 27.484306334000109, 42.507637024000189 ], [ 27.484027863000108, 42.507637024000189 ], [ 27.484027863000108, 42.505695343000184 ], [ 27.483749390000071, 42.505695343000184 ], [ 27.483749390000071, 42.505416870000147 ], [ 27.483472825000149, 42.505416870000147 ], [ 27.483472825000149, 42.503471374000128 ], [ 27.483749390000071, 42.503471374000128 ], [ 27.483749390000071, 42.499862670000141 ], [ 27.484027863000108, 42.499862670000141 ], [ 27.484027863000108, 42.499584197000104 ], [ 27.483749390000071, 42.499584197000104 ], [ 27.483749390000071, 42.496250153000119 ], [ 27.484027863000108, 42.496250153000119 ], [ 27.484027863000108, 42.495140076000041 ], [ 27.483749390000071, 42.495140076000041 ], [ 27.483749390000071, 42.494583130000137 ], [ 27.483472825000149, 42.494583130000137 ], [ 27.483472825000149, 42.49375152600004 ], [ 27.483194352000112, 42.49375152600004 ], [ 27.483194352000112, 42.493194580000136 ], [ 27.482915879000075, 42.493194580000136 ], [ 27.482915879000075, 42.492916107000099 ], [ 27.482639313000107, 42.492916107000099 ], [ 27.482639313000107, 42.492637634000062 ], [ 27.482360840000069, 42.492637634000062 ], [ 27.482360840000069, 42.492362976000095 ], [ 27.482084275000034, 42.492362976000095 ], [ 27.482084275000034, 42.491527557000154 ], [ 27.482360840000069, 42.491527557000154 ], [ 27.482360840000069, 42.491249084000117 ], [ 27.482084275000034, 42.491249084000117 ], [ 27.482082367000032, 42.490139007000039 ], [ 27.481805802000167, 42.490139007000039 ], [ 27.481805802000167, 42.489860534000172 ], [ 27.48152732900013, 42.489860534000172 ], [ 27.48152732900013, 42.489028930000131 ], [ 27.481805802000167, 42.489028930000131 ], [ 27.481805802000167, 42.488750457000094 ], [ 27.482082367000032, 42.488750457000094 ], [ 27.482084275000034, 42.488471986000036 ], [ 27.482360840000069, 42.488471986000036 ], [ 27.482360840000069, 42.488193513000169 ], [ 27.482639313000107, 42.488193513000169 ], [ 27.482639313000107, 42.487915040000132 ], [ 27.482915879000075, 42.487915040000132 ], [ 27.482915879000075, 42.48764038000013 ], [ 27.483194352000112, 42.48764038000013 ], [ 27.483194352000112, 42.487083436000091 ], [ 27.483472825000149, 42.487083436000091 ], [ 27.483472825000149, 42.486804963000054 ], [ 27.483749390000071, 42.486804963000054 ], [ 27.483749390000071, 42.484306336000145 ], [ 27.483472825000149, 42.484306336000145 ], [ 27.483472825000149, 42.483749390000071 ], [ 27.483749390000071, 42.483749390000071 ], [ 27.483749390000071, 42.482082367000089 ], [ 27.483472825000149, 42.482082367000089 ], [ 27.483472825000149, 42.481803894000052 ], [ 27.483194352000112, 42.481803894000052 ], [ 27.483194352000112, 42.481529236000085 ], [ 27.482915879000075, 42.481529236000085 ], [ 27.482915879000075, 42.481803894000052 ], [ 27.482639313000107, 42.481803894000052 ], [ 27.482639313000107, 42.482639313000163 ], [ 27.482360840000069, 42.482639313000163 ], [ 27.482360840000069, 42.48291778600003 ], [ 27.482084275000034, 42.48291778600003 ], [ 27.482084275000034, 42.483196259000067 ], [ 27.48152732900013, 42.483196259000067 ], [ 27.48152732900013, 42.483749390000071 ], [ 27.481250763000162, 42.483749390000071 ], [ 27.481250763000162, 42.484027863000108 ], [ 27.480972290000125, 42.484027863000108 ], [ 27.480972290000125, 42.485416413000053 ], [ 27.481250763000162, 42.485416413000053 ], [ 27.481250763000162, 42.48569488600009 ], [ 27.48152732900013, 42.48569488600009 ], [ 27.48152732900013, 42.486251832 ], [ 27.481250763000162, 42.486251832 ], [ 27.481250763000162, 42.486526490000188 ], [ 27.480972290000125, 42.486526490000188 ], [ 27.480972290000125, 42.486804963000054 ], [ 27.480693817000088, 42.486804963000054 ], [ 27.480693817000088, 42.487083436000091 ], [ 27.480417252000052, 42.487083436000091 ], [ 27.480417252000052, 42.487361909000128 ], [ 27.479860306000148, 42.487361909000128 ], [ 27.479860306000148, 42.48764038000013 ], [ 27.47958374000018, 42.48764038000013 ], [ 27.47958374000018, 42.487915040000132 ], [ 27.477916716999971, 42.487915040000132 ], [ 27.477916716999971, 42.48764038000013 ], [ 27.476804733000165, 42.48764038000013 ], [ 27.476804733000165, 42.487361909000128 ], [ 27.476528167000026, 42.487361909000128 ], [ 27.476528167000026, 42.487083436000091 ], [ 27.475973129000124, 42.487083436000091 ], [ 27.475973129000124, 42.486804963000054 ], [ 27.474306106000142, 42.486804963000054 ], [ 27.474306106000142, 42.487083436000091 ], [ 27.474027633000105, 42.487083436000091 ], [ 27.474027633000105, 42.486804963000054 ], [ 27.472639085000139, 42.486804963000054 ], [ 27.472639085000139, 42.486526490000188 ], [ 27.47291755599997, 42.486526490000188 ], [ 27.47291755599997, 42.486251832 ], [ 27.474582671000178, 42.486251832 ], [ 27.474582671000178, 42.485973359000127 ], [ 27.475139617000082, 42.485973359000127 ], [ 27.475139617000082, 42.48569488600009 ], [ 27.475694656000087, 42.48569488600009 ], [ 27.475694656000087, 42.485416413000053 ], [ 27.475973129000124, 42.485416413000053 ], [ 27.475973129000124, 42.485137940000016 ], [ 27.477638244000161, 42.485137940000016 ], [ 27.477638244000161, 42.484859466999978 ], [ 27.478471755999976, 42.484859466999978 ], [ 27.478471755999976, 42.484584809000182 ], [ 27.479028702000051, 42.484584809000182 ], [ 27.479028702000051, 42.484306336000145 ], [ 27.47958374000018, 42.484306336000145 ], [ 27.47958374000018, 42.483196259000067 ], [ 27.479305267000143, 42.483196259000067 ], [ 27.479305267000143, 42.48291778600003 ], [ 27.478750229000013, 42.48291778600003 ], [ 27.478750229000013, 42.483196259000067 ], [ 27.477916716999971, 42.483196259000067 ], [ 27.477916716999971, 42.48291778600003 ], [ 27.47624969400016, 42.48291778600003 ], [ 27.47624969400016, 42.483196259000067 ], [ 27.47541618300005, 42.483196259000067 ], [ 27.47541618300005, 42.483470917000034 ], [ 27.474306106000142, 42.483470917000034 ], [ 27.474306106000142, 42.483196259000067 ], [ 27.473749160000068, 42.483196259000067 ], [ 27.473749160000068, 42.48291778600003 ], [ 27.471805573000097, 42.48291778600003 ], [ 27.471805573000097, 42.483196259000067 ], [ 27.470972062000158, 42.483196259000067 ], [ 27.470972062000158, 42.483470917000034 ], [ 27.470417023000152, 42.483470917000034 ], [ 27.470417023000152, 42.483749390000071 ], [ 27.470138550000115, 42.483749390000071 ], [ 27.470138550000115, 42.484027863000108 ], [ 27.469861985000023, 42.484027863000108 ], [ 27.469861985000023, 42.484306336000145 ], [ 27.469583512000156, 42.484306336000145 ], [ 27.469583512000156, 42.484859466999978 ], [ 27.469305039000119, 42.484859466999978 ], [ 27.469305039000119, 42.485137940000016 ], [ 27.469141006000143, 42.485137940000016 ], [ 27.469028473000151, 42.485137940000016 ], [ 27.469028473000151, 42.485416413000053 ], [ 27.468750000000114, 42.485416413000053 ], [ 27.468750000000114, 42.486251832 ], [ 27.468194962000041, 42.486251832 ], [ 27.468194962000041, 42.486526490000188 ], [ 27.467638016000137, 42.486526490000188 ], [ 27.467638016000137, 42.486804963000054 ], [ 27.467361450000169, 42.486804963000054 ], [ 27.467361450000169, 42.487083436000091 ], [ 27.467082977000132, 42.487083436000091 ], [ 27.467082977000132, 42.487361909000128 ], [ 27.466806412000096, 42.487361909000128 ], [ 27.466806412000096, 42.48764038000013 ], [ 27.466249466000193, 42.48764038000013 ], [ 27.466249466000193, 42.487915040000132 ], [ 27.465972900000054, 42.487915040000132 ], [ 27.465972900000054, 42.488193513000169 ], [ 27.464305877000015, 42.488193513000169 ], [ 27.464305877000015, 42.487915040000132 ], [ 27.464027403999978, 42.487915040000132 ], [ 27.464027403999978, 42.488193513000169 ], [ 27.463472366000076, 42.488193513000169 ], [ 27.463472366000076, 42.487915040000132 ], [ 27.463193893000039, 42.487915040000132 ], [ 27.463193893000039, 42.48764038000013 ], [ 27.462917327000071, 42.48764038000013 ], [ 27.462917327000071, 42.487361909000128 ], [ 27.462638854000033, 42.487361909000128 ], [ 27.462638854000033, 42.486526490000188 ], [ 27.463193893000039, 42.486526490000188 ], [ 27.463193893000039, 42.486251832 ], [ 27.463472366000076, 42.486251832 ], [ 27.463472366000076, 42.485973359000127 ], [ 27.463750839000113, 42.485973359000127 ], [ 27.463750839000113, 42.484584809000182 ], [ 27.463472366000076, 42.484584809000182 ], [ 27.463472366000076, 42.484306336000145 ], [ 27.463193893000039, 42.484306336000145 ], [ 27.463193893000039, 42.484027863000108 ], [ 27.462917327000071, 42.484027863000108 ], [ 27.462917327000071, 42.483207702000186 ], [ 27.462638854000033, 42.483196259000067 ], [ 27.462638854000033, 42.482639313000163 ], [ 27.462360381000167, 42.482639313000163 ], [ 27.462360381000167, 42.482360840000126 ], [ 27.462083816000131, 42.482360840000126 ], [ 27.462083816000131, 42.481803894000052 ], [ 27.461805345000073, 42.481803894000052 ], [ 27.461805345000073, 42.481529236000085 ], [ 27.461526872000036, 42.481529236000085 ], [ 27.461526872000036, 42.481250763000048 ], [ 27.461250306000068, 42.481250763000048 ], [ 27.461250306000068, 42.480972290000182 ], [ 27.460695268000165, 42.480972290000182 ], [ 27.460695268000165, 42.480693817000144 ], [ 27.460138322000091, 42.480693817000144 ], [ 27.460138322000091, 42.480972290000182 ], [ 27.459583283000086, 42.480972290000182 ], [ 27.459583283000086, 42.481250763000048 ], [ 27.458194733000141, 42.481250763000048 ], [ 27.458194733000141, 42.481529236000085 ], [ 27.457639695000012, 42.481529236000085 ], [ 27.457639695000012, 42.481803894000052 ], [ 27.456527710000159, 42.481803894000052 ], [ 27.456527710000159, 42.482082367000089 ], [ 27.45597267200003, 42.482082367000089 ], [ 27.45597267200003, 42.482563019000054 ], [ 27.45597267200003, 42.482639313000163 ], [ 27.455694199000163, 42.482639313000163 ], [ 27.455694199000163, 42.483470917000034 ], [ 27.45597267200003, 42.483470917000034 ], [ 27.45597267200003, 42.484027863000108 ], [ 27.455139160000158, 42.484027863000108 ], [ 27.455139160000158, 42.484306336000145 ], [ 27.455415726000126, 42.484306336000145 ], [ 27.455417633000025, 42.484584809000182 ], [ 27.455694199000163, 42.484584809000182 ], [ 27.455694199000163, 42.484306336000145 ], [ 27.45597267200003, 42.484306336000145 ], [ 27.45597267200003, 42.484584809000182 ], [ 27.456527710000159, 42.484584809000182 ], [ 27.456527710000159, 42.48569488600009 ], [ 27.456806182999969, 42.48569488600009 ], [ 27.456806182999969, 42.485973359000127 ], [ 27.456527710000159, 42.485973359000127 ], [ 27.456527710000159, 42.486251832 ], [ 27.455139160000158, 42.486251832 ], [ 27.455139160000158, 42.485973359000127 ], [ 27.454860687000121, 42.485973359000127 ], [ 27.454860687000121, 42.48569488600009 ], [ 27.454584122000085, 42.48569488600009 ], [ 27.454584122000085, 42.485416413000053 ], [ 27.454305649000048, 42.485416413000053 ], [ 27.454305649000048, 42.485137940000016 ], [ 27.454027175000078, 42.485137940000016 ], [ 27.454027175000078, 42.484859466999978 ], [ 27.453750610000043, 42.484859466999978 ], [ 27.453750610000043, 42.484306336000145 ], [ 27.453472137000176, 42.484306336000145 ], [ 27.453472137000176, 42.484027863000108 ], [ 27.453193664000139, 42.484027863000108 ], [ 27.453193664000139, 42.483749390000071 ], [ 27.452917098000171, 42.483749390000071 ], [ 27.452917098000171, 42.483470917000034 ], [ 27.452638625000134, 42.483470917000034 ], [ 27.452638625000134, 42.483196259000067 ], [ 27.452083587000061, 42.483196259000067 ], [ 27.452083587000061, 42.48291778600003 ], [ 27.450971602000152, 42.48291778600003 ], [ 27.450971602000152, 42.483196259000067 ], [ 27.450138093000191, 42.483196259000067 ], [ 27.450138093000191, 42.48291778600003 ], [ 27.449861527000053, 42.48291778600003 ], [ 27.449861527000053, 42.482639313000163 ], [ 27.450138093000191, 42.482639313000163 ], [ 27.450138093000191, 42.482360840000126 ], [ 27.45069503700006, 42.482360840000126 ], [ 27.45069503700006, 42.482082367000089 ], [ 27.451805114000024, 42.482082367000089 ], [ 27.451805114000024, 42.481689453000058 ], [ 27.451805114000024, 42.481529236000085 ], [ 27.452083587000061, 42.481529236000085 ], [ 27.452083587000061, 42.480415344000107 ], [ 27.451805114000024, 42.480415344000107 ], [ 27.451805114000024, 42.479862213000047 ], [ 27.451528548000056, 42.479862213000047 ], [ 27.451528548000056, 42.47958374000001 ], [ 27.451250075000189, 42.47958374000001 ], [ 27.451250075000189, 42.479026794000106 ], [ 27.450416566000058, 42.479026794000106 ], [ 27.450416566000058, 42.478748321000069 ], [ 27.450138093000191, 42.478748321000069 ], [ 27.450138093000191, 42.478473663000102 ], [ 27.449861527000053, 42.478473663000102 ], [ 27.449861527000053, 42.478195190000065 ], [ 27.449306489000151, 42.478195190000065 ], [ 27.449306489000151, 42.478473663000102 ], [ 27.448194504000071, 42.478473663000102 ], [ 27.448194504000071, 42.477916717000028 ], [ 27.447916031000034, 42.477916717000028 ], [ 27.447916031000034, 42.47735977300016 ], [ 27.447639466000112, 42.47735977300016 ], [ 27.447639466000112, 42.477085113000157 ], [ 27.447360993000075, 42.477085113000157 ], [ 27.447360993000075, 42.47680664000012 ], [ 27.44680595400007, 42.47680664000012 ], [ 27.44680595400007, 42.476528169000062 ], [ 27.446527481000032, 42.476528169000062 ], [ 27.446527481000032, 42.473751069000173 ], [ 27.44680595400007, 42.473751069000173 ], [ 27.44680595400007, 42.473194123000098 ], [ 27.447082520000038, 42.473194123000098 ], [ 27.447082520000038, 42.472084046000134 ], [ 27.44680595400007, 42.472084046000134 ], [ 27.44680595400007, 42.470695496000189 ], [ 27.446527481000032, 42.470695496000189 ], [ 27.446527481000032, 42.469860077000078 ], [ 27.44680595400007, 42.469860077000078 ], [ 27.44680595400007, 42.46791839600013 ], [ 27.447082520000038, 42.46791839600013 ], [ 27.447082520000038, 42.467361450000055 ], [ 27.447360993000075, 42.467361450000055 ], [ 27.447360993000075, 42.466804504000152 ], [ 27.447639466000112, 42.466804504000152 ], [ 27.447639466000112, 42.465972900000054 ], [ 27.447916031000034, 42.465972900000054 ], [ 27.447916031000034, 42.465694427000017 ], [ 27.448194504000071, 42.465694427000017 ], [ 27.448194504000071, 42.465415956000186 ], [ 27.448472977000108, 42.465415956000186 ], [ 27.448472977000108, 42.465137483000149 ], [ 27.448749543000076, 42.465137483000149 ], [ 27.448749543000076, 42.464584352000088 ], [ 27.449028016000113, 42.464584352000088 ], [ 27.449028016000113, 42.464305879000051 ], [ 27.449304581000149, 42.464305879000051 ], [ 27.449306489000151, 42.464027406000014 ], [ 27.449583054000186, 42.464027406000014 ], [ 27.449583054000186, 42.463748932999977 ], [ 27.449861527000053, 42.463748932999977 ], [ 27.449861527000053, 42.462638856000069 ], [ 27.449583054000186, 42.462638856000069 ], [ 27.449583054000186, 42.462360383000032 ], [ 27.449028016000113, 42.462360383000032 ], [ 27.449028016000113, 42.462081910000165 ], [ 27.448472977000108, 42.462081910000165 ], [ 27.448472977000108, 42.461807252000028 ], [ 27.445138931000088, 42.461807252000028 ], [ 27.445138931000088, 42.461528779000162 ], [ 27.443750381000143, 42.461528779000162 ], [ 27.443750381000143, 42.46069336000005 ], [ 27.445417404000125, 42.46069336000005 ], [ 27.445417404000125, 42.460414887000184 ], [ 27.445693970000093, 42.460414887000184 ], [ 27.445693970000093, 42.460140229000046 ], [ 27.44597244300013, 42.460140229000046 ], [ 27.44597244300013, 42.459583283000143 ], [ 27.446250916000167, 42.459583283000143 ], [ 27.446250916000167, 42.459304810000106 ], [ 27.446527481000032, 42.459304810000106 ], [ 27.446527481000032, 42.458751679000045 ], [ 27.448194504000071, 42.458751679000045 ], [ 27.448194504000071, 42.458473206 ], [ 27.448472977000108, 42.458473206 ], [ 27.448472977000108, 42.458194732999971 ], [ 27.448749543000076, 42.458194732999971 ], [ 27.448749543000076, 42.457637787000067 ], [ 27.449028016000113, 42.457637787000067 ], [ 27.449028016000113, 42.456806183000026 ], [ 27.449583054000186, 42.456806183000026 ], [ 27.449583054000186, 42.457084656000063 ], [ 27.450416566000058, 42.457084656000063 ], [ 27.450416566000058, 42.456806183000026 ], [ 27.451528548000056, 42.456806183000026 ], [ 27.451528548000056, 42.457084656000063 ], [ 27.452360152000097, 42.457084656000063 ], [ 27.452360152000097, 42.456806183000026 ], [ 27.452083587000061, 42.456806183000026 ], [ 27.452083587000061, 42.455139160000044 ], [ 27.452360152000097, 42.455139160000044 ], [ 27.452360152000097, 42.453750612000078 ], [ 27.452083587000061, 42.453750612000078 ], [ 27.452083587000061, 42.453472139000041 ], [ 27.451805114000024, 42.453472139000041 ], [ 27.451805114000024, 42.453193665000072 ], [ 27.452638625000134, 42.453193665000072 ], [ 27.452638625000134, 42.452915192000034 ], [ 27.453750610000043, 42.452915192000034 ], [ 27.453750610000043, 42.452640535000171 ], [ 27.454584122000085, 42.452640535000171 ], [ 27.454584122000085, 42.452915192000034 ], [ 27.454860687000121, 42.452915192000034 ], [ 27.454860687000121, 42.452640535000171 ], [ 27.455415726000126, 42.452640535000171 ], [ 27.455415726000126, 42.452362062000134 ], [ 27.455694199000163, 42.452362062000134 ], [ 27.455694199000163, 42.452083589000097 ], [ 27.45597267200003, 42.452083589000097 ], [ 27.45597267200003, 42.451805115000127 ], [ 27.456249237000122, 42.451805115000127 ], [ 27.456249237000122, 42.45152664200009 ], [ 27.456527710000159, 42.45152664200009 ], [ 27.456527710000159, 42.451248169000053 ], [ 27.457082749000165, 42.451248169000053 ], [ 27.457082749000165, 42.450973512000132 ], [ 27.457361221999975, 42.450973512000132 ], [ 27.457361221999975, 42.450695038000049 ], [ 27.457639695000012, 42.450695038000049 ], [ 27.457639695000012, 42.450138092000145 ], [ 27.457916260000104, 42.450138092000145 ], [ 27.457916260000104, 42.449584962000188 ], [ 27.458471299000109, 42.449584962000188 ], [ 27.458471299000109, 42.449859619000108 ], [ 27.460138322000091, 42.449859619000108 ], [ 27.460138322000091, 42.450138092000145 ], [ 27.461526872000036, 42.450138092000145 ], [ 27.461526872000036, 42.449859619000108 ], [ 27.461805345000073, 42.449859619000108 ], [ 27.461805345000073, 42.449584962000188 ], [ 27.460695268000165, 42.449584962000188 ], [ 27.460695268000165, 42.44902801500001 ], [ 27.460416795000128, 42.44902801500001 ], [ 27.460416795000128, 42.448471069000163 ], [ 27.460971833000031, 42.448471069000163 ], [ 27.460971833000031, 42.448192596000126 ], [ 27.461250306000068, 42.448192596000126 ], [ 27.461250306000068, 42.448471069000163 ], [ 27.462083816000131, 42.448471069000163 ], [ 27.462083816000131, 42.449306488000047 ], [ 27.462638854000033, 42.449306488000047 ], [ 27.462638854000033, 42.449584962000188 ], [ 27.464027403999978, 42.449584962000188 ], [ 27.464027403999978, 42.449306488000047 ], [ 27.464305877000015, 42.449306488000047 ], [ 27.464305877000015, 42.448749541999973 ], [ 27.464582442999983, 42.448749541999973 ], [ 27.464582442999983, 42.448471069000163 ], [ 27.465972900000054, 42.448471069000163 ], [ 27.465972900000054, 42.447917938000103 ], [ 27.466249466000193, 42.447917938000103 ], [ 27.466249466000193, 42.447360992000029 ], [ 27.466527939000059, 42.447360992000029 ], [ 27.466527939000059, 42.446804046000125 ], [ 27.466806412000096, 42.446804046000125 ], [ 27.466806412000096, 42.446250915000121 ], [ 27.467082977000132, 42.446250915000121 ], [ 27.467082977000132, 42.445972442000084 ], [ 27.467361450000169, 42.445972442000084 ], [ 27.467361450000169, 42.446250915000121 ], [ 27.467584611000063, 42.446250915000121 ], [ 27.467916489000174, 42.446250915000121 ], [ 27.467916489000174, 42.446529388000158 ], [ 27.468471527000077, 42.446529388000158 ], [ 27.468471527000077, 42.446804046000125 ], [ 27.469028473000151, 42.446804046000125 ], [ 27.469028473000151, 42.447082519000162 ], [ 27.469305039000119, 42.447082519000162 ], [ 27.469305039000119, 42.447360992000029 ], [ 27.469861985000023, 42.447360992000029 ], [ 27.469861985000023, 42.447639465000066 ], [ 27.470138550000115, 42.447639465000066 ], [ 27.470138550000115, 42.447917938000103 ], [ 27.470417023000152, 42.447917938000103 ], [ 27.470417023000152, 42.448192596000126 ], [ 27.470972062000158, 42.448192596000126 ], [ 27.470972062000158, 42.448471069000163 ], [ 27.471250534999967, 42.448471069000163 ], [ 27.471250534999967, 42.448749541999973 ], [ 27.473194123000042, 42.448749541999973 ], [ 27.473194123000042, 42.44902801500001 ], [ 27.4734725940001, 42.44902801500001 ], [ 27.4734725940001, 42.449306488000047 ], [ 27.474027633000105, 42.449306488000047 ], [ 27.474027633000105, 42.449584962000188 ], [ 27.474306106000142, 42.449584962000188 ], [ 27.474306106000142, 42.449859619000108 ], [ 27.474582671000178, 42.449859619000108 ], [ 27.474582671000178, 42.450138092000145 ], [ 27.474861144000045, 42.450138092000145 ], [ 27.474861144000045, 42.450416565000182 ], [ 27.474582671000178, 42.450416565000182 ], [ 27.474582671000178, 42.450695038000049 ], [ 27.474306106000142, 42.450695038000049 ], [ 27.474306106000142, 42.450973512000132 ], [ 27.474027633000105, 42.450973512000132 ], [ 27.474027633000105, 42.45152664200009 ], [ 27.473749160000068, 42.45152664200009 ], [ 27.473749160000068, 42.451805115000127 ], [ 27.4734725940001, 42.451805115000127 ], [ 27.4734725940001, 42.452083589000097 ], [ 27.473194123000042, 42.452083589000097 ], [ 27.473194123000042, 42.452362062000134 ], [ 27.472639085000139, 42.452362062000134 ], [ 27.472639085000139, 42.452640535000171 ], [ 27.472084046000134, 42.452640535000171 ], [ 27.472084046000134, 42.452915192000034 ], [ 27.471805573000097, 42.452915192000034 ], [ 27.471805573000097, 42.453472139000041 ], [ 27.472084046000134, 42.453472139000041 ], [ 27.472084046000134, 42.453750612000078 ], [ 27.472360612000102, 42.453750612000078 ], [ 27.472360612000102, 42.454303742000036 ], [ 27.472639085000139, 42.454303742000036 ], [ 27.472639085000139, 42.454582216000119 ], [ 27.47291755599997, 42.454582216000119 ], [ 27.47291755599997, 42.454860687000178 ], [ 27.473194123000042, 42.454860687000178 ], [ 27.473194123000042, 42.455417633000081 ], [ 27.4734725940001, 42.455417633000081 ], [ 27.4734725940001, 42.455696106000119 ], [ 27.473749160000068, 42.455696106000119 ], [ 27.473749160000068, 42.455970764000085 ], [ 27.474306106000142, 42.455970764000085 ], [ 27.474306106000142, 42.456249237000122 ], [ 27.474861144000045, 42.456249237000122 ], [ 27.474861144000045, 42.456474304000039 ], [ 27.474861144000045, 42.456527710000159 ], [ 27.474802017000059, 42.456527710000159 ], [ 27.474582671000178, 42.456527710000159 ], [ 27.474582671000178, 42.456733704000158 ], [ 27.474582671000178, 42.456806183000026 ], [ 27.474506378000171, 42.456806183000026 ], [ 27.474306106000142, 42.456806183000026 ], [ 27.474306106000142, 42.456993104000105 ], [ 27.474306106000142, 42.457084656000063 ], [ 27.474208831000169, 42.457084656000063 ], [ 27.474027633000105, 42.457084656000063 ], [ 27.474027633000105, 42.457256318000077 ], [ 27.474027633000105, 42.45735931400003 ], [ 27.473917007000182, 42.45735931400003 ], [ 27.473749160000068, 42.45735931400003 ], [ 27.473749160000068, 42.457515716000046 ], [ 27.473749160000068, 42.457637787000067 ], [ 27.473619461000055, 42.457637787000067 ], [ 27.4734725940001, 42.457637787000067 ], [ 27.4734725940001, 42.457775116000164 ], [ 27.4734725940001, 42.458194732999971 ], [ 27.473749160000068, 42.458194732999971 ], [ 27.473749160000068, 42.458473206 ], [ 27.474027633000105, 42.458473206 ], [ 27.474027633000105, 42.458751679000045 ], [ 27.474582671000178, 42.458751679000045 ], [ 27.474582671000178, 42.459026337000068 ], [ 27.474861144000045, 42.459026337000068 ], [ 27.474861144000045, 42.459304810000106 ], [ 27.475139617000082, 42.459304810000106 ], [ 27.475139617000082, 42.459583283000143 ], [ 27.475694656000087, 42.459583283000143 ], [ 27.475694656000087, 42.45986175600018 ], [ 27.477638244000161, 42.45986175600018 ], [ 27.477638244000161, 42.460414887000184 ], [ 27.477916716999971, 42.460414887000184 ], [ 27.477916716999971, 42.46069336000005 ], [ 27.47819519, 42.46069336000005 ], [ 27.47819519, 42.461250306000125 ], [ 27.478471755999976, 42.461250306000125 ], [ 27.478471755999976, 42.461807252000028 ], [ 27.478750229000013, 42.461807252000028 ], [ 27.478750229000013, 42.462081910000165 ], [ 27.47958374000018, 42.462081910000165 ], [ 27.47958374000018, 42.461807252000028 ], [ 27.479860306000148, 42.461807252000028 ], [ 27.479860306000148, 42.460971833000087 ], [ 27.480138779000185, 42.460971833000087 ], [ 27.480138779000185, 42.45986175600018 ], [ 27.480417252000052, 42.45986175600018 ], [ 27.480417252000052, 42.459304810000106 ], [ 27.480138779000185, 42.459304810000106 ], [ 27.480138779000185, 42.459026337000068 ], [ 27.480417252000052, 42.459026337000068 ], [ 27.480417252000052, 42.458473206 ], [ 27.480693817000088, 42.458473206 ], [ 27.480693817000088, 42.457916260000104 ], [ 27.480972290000125, 42.457916260000104 ], [ 27.480972290000125, 42.457637787000067 ], [ 27.481250763000162, 42.457637787000067 ], [ 27.481250763000162, 42.457084656000063 ], [ 27.48152732900013, 42.457084656000063 ], [ 27.48152732900013, 42.456527710000159 ], [ 27.481805802000167, 42.456527710000159 ], [ 27.481805802000167, 42.456249237000122 ], [ 27.482360840000069, 42.456249237000122 ], [ 27.482360840000069, 42.455970764000085 ], [ 27.482915879000075, 42.455970764000085 ], [ 27.482915879000075, 42.455696106000119 ], [ 27.483194352000112, 42.455696106000119 ], [ 27.483194352000112, 42.455417633000081 ], [ 27.483472825000149, 42.455417633000081 ], [ 27.483472825000149, 42.454860687000178 ], [ 27.483749390000071, 42.454860687000178 ], [ 27.483749390000071, 42.454582216000119 ], [ 27.484027863000108, 42.454582216000119 ], [ 27.484027863000108, 42.454029083000137 ], [ 27.484306334000109, 42.454029083000137 ], [ 27.484306334000109, 42.453750612000078 ], [ 27.484582902000113, 42.453750612000078 ], [ 27.484582902000113, 42.453193665000072 ], [ 27.484861373000115, 42.453193665000072 ], [ 27.484861373000115, 42.452915192000034 ], [ 27.48513793799998, 42.452915192000034 ], [ 27.48513793799998, 42.452640535000171 ], [ 27.485416411000017, 42.452640535000171 ], [ 27.485416411000017, 42.452083589000097 ], [ 27.485694885000157, 42.452083589000097 ], [ 27.485694885000157, 42.451805115000127 ], [ 27.485971450000022, 42.451805115000127 ], [ 27.485971450000022, 42.451248169000053 ], [ 27.486249923000059, 42.451248169000053 ], [ 27.486249923000059, 42.450973512000132 ], [ 27.486804961000189, 42.450973512000132 ], [ 27.486804961000189, 42.450695038000049 ], [ 27.487083435000102, 42.450695038000049 ], [ 27.487083435000102, 42.450416565000182 ], [ 27.487361907999968, 42.450416565000182 ], [ 27.487361907999968, 42.450138092000145 ], [ 27.487916946000098, 42.450138092000145 ], [ 27.487916946000098, 42.449859619000108 ], [ 27.488193512000066, 42.449859619000108 ], [ 27.488193512000066, 42.449584962000188 ], [ 27.48875045800014, 42.449584962000188 ], [ 27.48875045800014, 42.449306488000047 ], [ 27.489027023000176, 42.449306488000047 ], [ 27.489027023000176, 42.44902801500001 ], [ 27.489305496000043, 42.44902801500001 ], [ 27.489305496000043, 42.448749541999973 ], [ 27.489860535000048, 42.448749541999973 ], [ 27.489860535000048, 42.447917938000103 ], [ 27.490139008000085, 42.447917938000103 ], [ 27.490139008000085, 42.447639465000066 ], [ 27.490694046000158, 42.447639465000066 ], [ 27.490694046000158, 42.447360992000029 ], [ 27.490972519000024, 42.447360992000029 ], [ 27.490972519000024, 42.447082519000162 ], [ 27.49152755800003, 42.447082519000162 ], [ 27.49152755800003, 42.446804046000125 ], [ 27.491806031000067, 42.446804046000125 ], [ 27.491806031000067, 42.446529388000158 ], [ 27.492361068999969, 42.446529388000158 ], [ 27.492361068999969, 42.446250915000121 ], [ 27.492639542, 42.446250915000121 ], [ 27.492639542, 42.445972442000084 ], [ 27.493194581000012, 42.445972442000084 ], [ 27.493194581000012, 42.445693969000047 ], [ 27.493473054000049, 42.445693969000047 ], [ 27.493473054000049, 42.44541549600018 ], [ 27.494304658000146, 42.44541549600018 ], [ 27.494304658000146, 42.445137023000143 ], [ 27.49486160400005, 42.445137023000143 ], [ 27.49486160400005, 42.444862365000176 ], [ 27.495138169000086, 42.444862365000176 ], [ 27.495138169000086, 42.444583892000139 ], [ 27.495416642000123, 42.444583892000139 ], [ 27.495416642000123, 42.444305419000102 ], [ 27.495695113000181, 42.444305419000102 ], [ 27.495695113000181, 42.444583892000139 ], [ 27.496250152000187, 42.444583892000139 ], [ 27.496250152000187, 42.444862365000176 ], [ 27.496805190000089, 42.444862365000176 ], [ 27.496805190000089, 42.444583892000139 ], [ 27.497917175000168, 42.444583892000139 ], [ 27.497917175000168, 42.444026946000065 ], [ 27.498193740000033, 42.444026946000065 ], [ 27.498193740000033, 42.443473815 ], [ 27.49847221300007, 42.443473815 ], [ 27.49847221300007, 42.443195342000138 ], [ 27.498750686000108, 42.443195342000138 ], [ 27.498750686000108, 42.443473815 ], [ 27.49958419800015, 42.443473815 ], [ 27.49958419800015, 42.443195342000138 ], [ 27.499860763000015, 42.443195342000138 ], [ 27.499860763000015, 42.442916869000101 ], [ 27.500139236000052, 42.442916869000101 ], [ 27.500139236000052, 42.442638398000099 ], [ 27.50041580200002, 42.442638398000099 ], [ 27.50041580200002, 42.442359925000062 ], [ 27.500972748000095, 42.442359925000062 ], [ 27.500972748000095, 42.442081452000025 ], [ 27.501249313000187, 42.442081452000025 ], [ 27.501249313000187, 42.441806794 ], [ 27.501527786000054, 42.441806794 ], [ 27.501527786000054, 42.441249848000155 ], [ 27.502082825000059, 42.441249848000155 ], [ 27.502082825000059, 42.44069290200008 ], [ 27.502361298000096, 42.44069290200008 ], [ 27.502361298000096, 42.440418244000057 ], [ 27.502639771000133, 42.440418244000057 ], [ 27.502639771000133, 42.44013977100019 ], [ 27.502916336000169, 42.44013977100019 ], [ 27.502916336000169, 42.439861298000153 ], [ 27.503749848000041, 42.439861298000153 ], [ 27.503749848000041, 42.439582825000116 ], [ 27.504583359000151, 42.439582825000116 ], [ 27.504583359000151, 42.439304352000079 ], [ 27.505138398000156, 42.439304352000079 ], [ 27.505138398000156, 42.439025879000042 ], [ 27.505971909000152, 42.439025879000042 ], [ 27.505971909000152, 42.438751221000075 ], [ 27.507638930000098, 42.438751221000075 ], [ 27.507638930000098, 42.438472748000038 ], [ 27.508193969000104, 42.438472748000038 ], [ 27.508193969000104, 42.438194275000171 ], [ 27.508750915, 42.438194275000171 ], [ 27.508750915, 42.437915802000134 ], [ 27.5090274800001, 42.437915802000134 ], [ 27.5090274800001, 42.43736267100013 ], [ 27.509305953000137, 42.43736267100013 ], [ 27.509305953000137, 42.436805725000056 ], [ 27.509582519000105, 42.436805725000056 ], [ 27.509582519000105, 42.436248779000152 ], [ 27.509860992000142, 42.436248779000152 ], [ 27.509860992000142, 42.435974121000129 ], [ 27.510416030000044, 42.435970306000115 ], [ 27.510416030000044, 42.434307098000147 ], [ 27.510139465000179, 42.434307098000147 ], [ 27.510139465000179, 42.433750152000073 ], [ 27.509860992000142, 42.433750152000073 ], [ 27.509860992000142, 42.433471679000036 ], [ 27.509305953000137, 42.433471679000036 ], [ 27.509305953000137, 42.432640075000165 ], [ 27.509582519000105, 42.432640075000165 ], [ 27.509582519000105, 42.432083129000091 ], [ 27.509305953000137, 42.432083129000091 ], [ 27.509305953000137, 42.431804658000033 ], [ 27.5090274800001, 42.431804658000033 ], [ 27.5090274800001, 42.431598664000035 ], [ 27.5090274800001, 42.431526185 ], [ 27.508750915, 42.431526185 ], [ 27.508750915, 42.43125152500005 ], [ 27.50847244199997, 42.43125152500005 ], [ 27.50847244199997, 42.430137635000051 ], [ 27.508750915, 42.430137635000051 ], [ 27.508750915, 42.429862977000084 ], [ 27.5090274800001, 42.429862977000084 ], [ 27.5090274800001, 42.429306031000181 ], [ 27.509305953000137, 42.429306031000181 ], [ 27.509305953000137, 42.428749085000106 ], [ 27.510694503000082, 42.428749085000106 ], [ 27.510694503000082, 42.428470612000069 ], [ 27.512361526000063, 42.428470612000069 ], [ 27.512361526000063, 42.428749085000106 ], [ 27.514305115000013, 42.428749085000106 ], [ 27.514305115000013, 42.428470612000069 ], [ 27.51513862600018, 42.428470612000069 ], [ 27.51513862600018, 42.428749085000106 ], [ 27.516250611000089, 42.428749085000106 ], [ 27.516250611000089, 42.429027558000143 ], [ 27.516527176000125, 42.429027558000143 ], [ 27.516527176000125, 42.429306031000181 ], [ 27.516805649000162, 42.429306031000181 ], [ 27.516805649000162, 42.429584504000047 ], [ 27.517084122000028, 42.429584504000047 ], [ 27.517084122000028, 42.429306031000181 ], [ 27.518194199000106, 42.429306031000181 ], [ 27.518194199000106, 42.429584504000047 ], [ 27.51902770900017, 42.429584504000047 ], [ 27.51902770900017, 42.429862977000084 ], [ 27.521528244000024, 42.429862977000084 ], [ 27.521528244000024, 42.430137635000051 ], [ 27.521804809000059, 42.430137635000051 ], [ 27.521804809000059, 42.430416108000088 ], [ 27.522083282000096, 42.430416108000088 ], [ 27.522083282000096, 42.430694581000125 ], [ 27.522638321000102, 42.430694581000125 ], [ 27.522638321000102, 42.431804658000033 ], [ 27.522083282000096, 42.431804658000033 ], [ 27.522083282000096, 42.432083129000091 ], [ 27.521804809000059, 42.432083129000091 ], [ 27.521804809000059, 42.432361602000128 ], [ 27.522083282000096, 42.432361602000128 ], [ 27.522083282000096, 42.432640075000165 ], [ 27.522361755000134, 42.432640075000165 ], [ 27.522361755000134, 42.432914733000132 ], [ 27.522638321000102, 42.432918548000032 ], [ 27.522638321000102, 42.433193206000169 ], [ 27.522916793999968, 42.433193206000169 ], [ 27.522916793999968, 42.433750152000073 ], [ 27.523195267, 42.433750152000073 ], [ 27.523195267, 42.43402862500011 ], [ 27.523471832000098, 42.43402862500011 ], [ 27.523471832000098, 42.434307098000147 ], [ 27.524026871000103, 42.434307098000147 ], [ 27.524026871000103, 42.434581756000171 ], [ 27.52430534400014, 42.434581756000171 ], [ 27.52430534400014, 42.43486022899998 ], [ 27.524583817000178, 42.43486022899998 ], [ 27.524583817000178, 42.435138702000017 ], [ 27.525417328000117, 42.435138702000017 ], [ 27.525417328000117, 42.435417175000055 ], [ 27.526805878000062, 42.435417175000055 ], [ 27.526805878000062, 42.435695648000092 ], [ 27.52708244400003, 42.435695648000092 ], [ 27.52708244400003, 42.435970306000115 ], [ 27.527639390000104, 42.435974121000129 ], [ 27.527639390000104, 42.436248779000152 ], [ 27.527915954999969, 42.436248779000152 ], [ 27.527915954999969, 42.436527252000189 ], [ 27.528194428, 42.436527252000189 ], [ 27.528194428, 42.436805725000056 ], [ 27.528472901000043, 42.436805725000056 ], [ 27.528472901000043, 42.43736267100013 ], [ 27.528749467000011, 42.43736267100013 ], [ 27.528749467000011, 42.437637329000097 ], [ 27.529027940000049, 42.437637329000097 ], [ 27.529027940000049, 42.438751221000075 ], [ 27.528749467000011, 42.438751221000075 ], [ 27.528749467000011, 42.439025879000042 ], [ 27.528472901000043, 42.439029694000112 ], [ 27.528472901000043, 42.439582825000116 ], [ 27.528749467000011, 42.439582825000116 ], [ 27.528749467000011, 42.44069290200008 ], [ 27.529027940000049, 42.44069290200008 ], [ 27.529027940000049, 42.441528321000192 ], [ 27.529306413000086, 42.441528321000192 ], [ 27.529306413000086, 42.441806794 ], [ 27.529582978000178, 42.441806794 ], [ 27.529582978000178, 42.442081452000025 ], [ 27.529861451000045, 42.442081452000025 ], [ 27.529861451000045, 42.442359925000062 ], [ 27.530138017000183, 42.442359925000062 ], [ 27.530138017000183, 42.442638398000099 ], [ 27.530416488000014, 42.442638398000099 ], [ 27.530416488000014, 42.442916869000101 ], [ 27.530971526000144, 42.442916869000101 ], [ 27.530971526000144, 42.443473815 ], [ 27.531249999000181, 42.443473815 ], [ 27.531249999000181, 42.445137023000143 ], [ 27.531528472000048, 42.445137023000143 ], [ 27.531528472000048, 42.44541549600018 ], [ 27.53236198400009, 42.44541549600018 ], [ 27.53236198400009, 42.445693969000047 ], [ 27.532917022000163, 42.445693969000047 ], [ 27.532917022000163, 42.445972442000084 ], [ 27.533750534000035, 42.445972442000084 ], [ 27.533750534000035, 42.445693969000047 ], [ 27.534584045000145, 42.445693969000047 ], [ 27.534584045000145, 42.445972442000084 ], [ 27.53513908400015, 42.445972442000084 ], [ 27.53513908400015, 42.446250915000121 ], [ 27.536527634000095, 42.446250915000121 ], [ 27.536527634000095, 42.446529388000158 ], [ 27.536806107000132, 42.446529388000158 ], [ 27.536806107000132, 42.446804046000125 ], [ 27.537361145000091, 42.446804046000125 ], [ 27.537361145000091, 42.447082519000162 ], [ 27.537916184000096, 42.447082519000162 ], [ 27.537916184000096, 42.447360992000029 ], [ 27.538194657000133, 42.447360992000029 ], [ 27.538194657000133, 42.447639465000066 ], [ 27.53847313000017, 42.447639465000066 ], [ 27.53847313000017, 42.448192596000126 ], [ 27.537916184000096, 42.448192596000126 ], [ 27.537916184000096, 42.448471069000163 ], [ 27.537361145000091, 42.448471069000163 ], [ 27.537361145000091, 42.448749541999973 ], [ 27.537082672000054, 42.448749541999973 ], [ 27.537082672000054, 42.44902801500001 ], [ 27.536806107000132, 42.44902801500001 ], [ 27.536806107000132, 42.449859619000108 ], [ 27.536249161000057, 42.449859619000108 ], [ 27.536249161000057, 42.450138092000145 ], [ 27.535972595000089, 42.450138092000145 ], [ 27.535972595000089, 42.450416565000182 ], [ 27.535417557000187, 42.450416565000182 ], [ 27.535417557000187, 42.450695038000049 ], [ 27.53513908400015, 42.450695038000049 ], [ 27.53513908400015, 42.451248169000053 ], [ 27.534860611000113, 42.451248169000053 ], [ 27.534860611000113, 42.45152664200009 ], [ 27.534584045000145, 42.45152664200009 ], [ 27.534584045000145, 42.452915192000034 ], [ 27.534860611000113, 42.452915192000034 ], [ 27.534860611000113, 42.453472139000041 ], [ 27.535417557000187, 42.453472139000041 ], [ 27.535417557000187, 42.453750612000078 ], [ 27.535694122000052, 42.453750612000078 ], [ 27.535694122000052, 42.454029083000137 ], [ 27.535972595000089, 42.454029083000137 ], [ 27.535972595000089, 42.454303742000036 ], [ 27.536249161000057, 42.454303742000036 ], [ 27.536249161000057, 42.454582216000119 ], [ 27.536527634000095, 42.454582216000119 ], [ 27.536527634000095, 42.454860687000178 ], [ 27.536806107000132, 42.454860687000178 ], [ 27.536806107000132, 42.455139160000044 ], [ 27.537361145000091, 42.455139160000044 ], [ 27.537361145000091, 42.455417633000081 ], [ 27.538194657000133, 42.455417633000081 ], [ 27.538194657000133, 42.455696106000119 ], [ 27.53847313000017, 42.455696106000119 ], [ 27.53847313000017, 42.455970764000085 ], [ 27.538749695000035, 42.455970764000085 ], [ 27.538749695000035, 42.456527710000159 ], [ 27.53847313000017, 42.456527710000159 ], [ 27.53847313000017, 42.456806183000026 ], [ 27.538749695000035, 42.456806183000026 ], [ 27.538749695000035, 42.456943512000123 ], [ 27.538749695000035, 42.457084656000063 ], [ 27.539304734000041, 42.457084656000063 ], [ 27.539304734000041, 42.45735931400003 ], [ 27.539861680000115, 42.45735931400003 ], [ 27.539861680000115, 42.457084656000063 ], [ 27.540416718000188, 42.457084656000063 ], [ 27.540416718000188, 42.456806183000026 ], [ 27.540695191000054, 42.456806183000026 ], [ 27.540695191000054, 42.456527710000159 ], [ 27.540971757000193, 42.456527710000159 ], [ 27.540971757000193, 42.456249237000122 ], [ 27.541528701000118, 42.456249237000122 ], [ 27.541528701000118, 42.455970764000085 ], [ 27.542083739000191, 42.455970764000085 ], [ 27.542083739000191, 42.455696106000119 ], [ 27.542638778000025, 42.455696106000119 ], [ 27.542638778000025, 42.455417633000081 ], [ 27.542917251000063, 42.455417633000081 ], [ 27.542917251000063, 42.455139160000044 ], [ 27.543193816000098, 42.455139160000044 ], [ 27.543193816000098, 42.454860687000178 ], [ 27.544305801, 42.454860687000178 ], [ 27.544305801, 42.455139160000044 ], [ 27.544584274000044, 42.455139160000044 ], [ 27.544584274000044, 42.455417633000081 ], [ 27.546249389000081, 42.455417633000081 ], [ 27.546249389000081, 42.455139160000044 ], [ 27.546806335000156, 42.455139160000044 ], [ 27.546806335000156, 42.454860687000178 ], [ 27.547082901000124, 42.454860687000178 ], [ 27.547082901000124, 42.454582216000119 ], [ 27.547361374000161, 42.454582216000119 ], [ 27.547361374000161, 42.454303742000036 ], [ 27.547637939000026, 42.454303742000036 ], [ 27.547637939000026, 42.454029083000137 ], [ 27.547916412000063, 42.454029083000137 ], [ 27.547916412000063, 42.453472139000041 ], [ 27.5481948850001, 42.453472139000041 ], [ 27.5481948850001, 42.453193665000072 ], [ 27.548471451000069, 42.453193665000072 ], [ 27.548471451000069, 42.452915192000034 ], [ 27.548749924000106, 42.452915192000034 ], [ 27.548749924000106, 42.452640535000171 ], [ 27.549028397000143, 42.452640535000171 ], [ 27.549028397000143, 42.452362062000134 ], [ 27.549304962, 42.452362062000134 ], [ 27.549304962, 42.452083589000097 ], [ 27.549861908000082, 42.452083589000097 ], [ 27.549861908000082, 42.451805115000127 ], [ 27.550416947000087, 42.451805115000127 ], [ 27.550416947000087, 42.45152664200009 ], [ 27.550971985000047, 42.45152664200009 ], [ 27.550971985000047, 42.451248169000053 ], [ 27.551527024000052, 42.451248169000053 ], [ 27.551527024000052, 42.450973512000132 ], [ 27.552083970000126, 42.450973512000132 ], [ 27.552083970000126, 42.450695038000049 ], [ 27.552639009000131, 42.450695038000049 ], [ 27.552639009000131, 42.450416565000182 ], [ 27.552917480000133, 42.450416565000182 ], [ 27.552917480000133, 42.450164796000195 ], [ 27.552558517000023, 42.45026397100014 ], [ 27.550722, 42.450771 ], [ 27.547184, 42.4426 ], [ 27.546158, 42.439201 ], [ 27.546215717000109, 42.437448019000044 ], [ 27.54623599100006, 42.436832287000129 ], [ 27.546020829000156, 42.436203352 ], [ 27.545343399000103, 42.434223174000124 ], [ 27.544456195, 42.4320276790001 ], [ 27.543953, 42.430782000000193 ], [ 27.543961, 42.428204 ], [ 27.545336, 42.4249650000001 ], [ 27.546047526000166, 42.423565820000135 ], [ 27.546558381000068, 42.422561645000087 ], [ 27.547224113000084, 42.421672148000141 ], [ 27.548385952000046, 42.420120065000049 ], [ 27.550582885000154, 42.418964387000187 ], [ 27.551685334000183, 42.416549683000028 ], [ 27.552254114000164, 42.415606637000167 ], [ 27.552934647000086, 42.414478302000134 ], [ 27.55364608800005, 42.413299561000088 ], [ 27.555381775000058, 42.410587312000075 ], [ 27.555879592999986, 42.408565522000117 ], [ 27.555423561000111, 42.407077628000138 ], [ 27.554565429000149, 42.404277801000035 ], [ 27.553387607000047, 42.402266260000147 ], [ 27.552110672000026, 42.400085450000176 ], [ 27.545671405000064, 42.393885441000066 ], [ 27.542613984000127, 42.390941621000081 ], [ 27.540042647000064, 42.388785892000101 ], [ 27.536112000000173, 42.385490000000118 ], [ 27.530605797000135, 42.38072548700012 ], [ 27.529579163000108, 42.379837036000083 ], [ 27.524227142000029, 42.374759675000178 ], [ 27.517900265000151, 42.367332311000098 ], [ 27.514928817000111, 42.365131379000047 ], [ 27.511081696000076, 42.362548828000172 ], [ 27.507015228000057, 42.36193084700011 ], [ 27.50358772300001, 42.362998962000063 ], [ 27.501649857000075, 42.36484909100011 ], [ 27.501155057000176, 42.365394764000087 ], [ 27.49832916400004, 42.368511200000171 ], [ 27.49516131300004, 42.37424350100008 ], [ 27.493762970000091, 42.376773835000051 ], [ 27.490184785000054, 42.381053925000117 ], [ 27.485946656000124, 42.382953644 ], [ 27.476871491, 42.379600525000114 ], [ 27.472000122000111, 42.372985840000069 ], [ 27.467714174000037, 42.373500979000141 ], [ 27.465799332000074, 42.375694274000125 ], [ 27.465101440000069, 42.378432466000049 ], [ 27.464801788000102, 42.379608155000085 ], [ 27.464303380000104, 42.380743550000147 ], [ 27.462812000000156, 42.384140000000116 ], [ 27.459827, 42.388992000000144 ], [ 27.457935, 42.392448 ], [ 27.454727000000162, 42.394802 ], [ 27.447931, 42.395023000000151 ], [ 27.443681641000126, 42.394821444000172 ], [ 27.442070008000087, 42.394744874000082 ], [ 27.439881247000073, 42.394517471000142 ], [ 27.43825100000015, 42.394348 ], [ 27.438195306000125, 42.394332072000168 ], [ 27.431957244000046, 42.392547609000076 ], [ 27.42810994700011, 42.391527404000101 ], [ 27.424289704000103, 42.390514374000134 ], [ 27.417051315000094, 42.388931274000072 ], [ 27.406274795, 42.387939453000172 ], [ 27.390100480000172, 42.387466431000121 ], [ 27.381921769000144, 42.386875153000062 ], [ 27.370086670000092, 42.385826111000085 ], [ 27.367997448000096, 42.385727976000055 ], [ 27.360260009000172, 42.38536453200004 ], [ 27.35248375000009, 42.385951997000063 ], [ 27.345193863000077, 42.386352539000143 ], [ 27.343675116000099, 42.386930269000175 ], [ 27.342897415000152, 42.387226105000138 ], [ 27.342742103000091, 42.387536731000068 ], [ 27.342565537000041, 42.387889863000169 ], [ 27.345167158999971, 42.389625549000073 ], [ 27.349725723000063, 42.391563415000178 ], [ 27.35455322200005, 42.393451691000109 ], [ 27.358421325000108, 42.394939423000096 ], [ 27.362258910000094, 42.396396637 ], [ 27.364639282000041, 42.397876739000083 ], [ 27.366416930000071, 42.399143219999985 ], [ 27.367898942000124, 42.400619507000044 ], [ 27.368495940000116, 42.402774811000029 ], [ 27.368194581000125, 42.404705048000096 ], [ 27.36552238500019, 42.408405304000041 ], [ 27.362564087000067, 42.412399292000089 ], [ 27.361160279000046, 42.414478302000134 ], [ 27.360061645000087, 42.416107178000118 ], [ 27.359750748000067, 42.416568757 ], [ 27.358562469000049, 42.421398163000106 ], [ 27.358421325000108, 42.42630004800003 ], [ 27.358850478000193, 42.430126190000067 ], [ 27.359264375000066, 42.433723451000105 ], [ 27.359758378000151, 42.439235687000178 ], [ 27.359348296000178, 42.442840576000094 ], [ 27.357219696000072, 42.445873260000042 ], [ 27.355440140000098, 42.449756622 ], [ 27.354812621000121, 42.45403671300005 ], [ 27.35363578800019, 42.458141327000192 ], [ 27.352716446000159, 42.461818695000147 ], [ 27.350353240000175, 42.464675904000046 ], [ 27.344692230000021, 42.463756561000082 ], [ 27.337514878000036, 42.465244293000069 ], [ 27.332651138000131, 42.467739105000078 ], [ 27.330015182000182, 42.470195770000089 ], [ 27.327678680000076, 42.472835541000052 ], [ 27.326742173000127, 42.475677490000123 ], [ 27.324363709000181, 42.477458954999975 ], [ 27.318559647000086, 42.478061676000038 ], [ 27.313104629000122, 42.479717256000072 ], [ 27.31047630400019, 42.482379912999988 ], [ 27.308250427000132, 42.491302491 ], [ 27.307693481000058, 42.495853425000178 ], [ 27.307048798000096, 42.498889924000139 ], [ 27.303817749000189, 42.500495910000154 ], [ 27.300226211, 42.500816345000089 ], [ 27.29609108000011, 42.500709535000112 ], [ 27.29250907900007, 42.500167847000057 ], [ 27.288263320000056, 42.49747085600012 ], [ 27.285980226000163, 42.495590210000159 ], [ 27.283321381000178, 42.491977693000081 ], [ 27.276319503000138, 42.489131927000187 ], [ 27.272722244000079, 42.488574981000113 ], [ 27.269662856000082, 42.487998962000177 ], [ 27.268426896000165, 42.485439302000088 ], [ 27.266826631000185, 42.480918885000108 ], [ 27.261899948000121, 42.476509094000164 ], [ 27.257575990000134, 42.472919465000075 ], [ 27.254751205000048, 42.471118928000067 ], [ 27.252092361000166, 42.471611024000083 ], [ 27.250448226000117, 42.472412109000061 ], [ 27.248569488000101, 42.473972322000066 ], [ 27.24687385600015, 42.476642609000123 ], [ 27.245990752000068, 42.478725434000069 ], [ 27.245286941000188, 42.481479646000025 ], [ 27.244405747000087, 42.483352661000026 ], [ 27.24156379700014, 42.485721588 ], [ 27.238027574000057, 42.488521576000039 ], [ 27.235561371000188, 42.490203858000143 ], [ 27.230543136, 42.491935731000183 ], [ 27.228492737000124, 42.493495942000038 ], [ 27.22683715900007, 42.494617462000122 ], [ 27.223945619000119, 42.496852874000183 ], [ 27.222606659000178, 42.498630525000067 ], [ 27.221111298000153, 42.500080108000191 ], [ 27.219306946000074, 42.501300812000125 ], [ 27.217086792000032, 42.502971649000074 ], [ 27.213777542000173, 42.505741120000152 ], [ 27.212875365000059, 42.507839204000049 ], [ 27.212390900000173, 42.509582520000038 ], [ 27.212179184999968, 42.511112212000114 ], [ 27.212558746000013, 42.512634278000121 ], [ 27.213518143000101, 42.514270783000086 ], [ 27.21462822, 42.516113282000049 ], [ 27.215015411000024, 42.517742158000146 ], [ 27.21510505700013, 42.519504548000157 ], [ 27.214906693000046, 42.521137237000119 ], [ 27.214857101000064, 42.522789002000081 ], [ 27.214412690000131, 42.52530288700018 ], [ 27.214086532000124, 42.527069092000033 ], [ 27.213043213000049, 42.529254913000159 ], [ 27.212152481000089, 42.531452180000144 ], [ 27.211570739000081, 42.533878327000082 ], [ 27.210399627000186, 42.536285402000033 ], [ 27.208747864000031, 42.540122987000188 ], [ 27.206279754000093, 42.542888641000047 ], [ 27.203573227000049, 42.546199799000078 ], [ 27.200828553000179, 42.548957825000059 ], [ 27.198398589000192, 42.552265168000019 ], [ 27.197042465999971, 42.554138183000191 ], [ 27.196447373000069, 42.55633163400006 ], [ 27.196409226000185, 42.558086396000135 ], [ 27.198236464, 42.559490204000099 ], [ 27.200725556000066, 42.559795381000015 ], [ 27.202621460000103, 42.559883118000073 ], [ 27.204504013000189, 42.559753419000117 ], [ 27.206678390000036, 42.559638976000144 ], [ 27.208986283000115, 42.559387206999986 ], [ 27.211288453000179, 42.559032440000067 ], [ 27.214462280000134, 42.558692932000042 ], [ 27.216604232000122, 42.558109284000068 ], [ 27.220064162000028, 42.557857513000101 ], [ 27.226547241000048, 42.557781219000162 ], [ 27.230998992000082, 42.557830811000031 ], [ 27.237993240000037, 42.557819366000047 ], [ 27.241531373000157, 42.557643890000122 ], [ 27.245157243000108, 42.55669021600005 ], [ 27.248304368, 42.555000306000011 ], [ 27.250461579000046, 42.553321838000045 ], [ 27.252767561999974, 42.551734926000051 ], [ 27.25431823700012, 42.550643922000177 ], [ 27.256433486000105, 42.547927857000104 ], [ 27.263488769000048, 42.54539489800004 ], [ 27.27082443300003, 42.541648865000127 ], [ 27.277791977000106, 42.538516999000194 ], [ 27.282552720000069, 42.5363082880001 ], [ 27.286195756000041, 42.533546448000038 ], [ 27.289064408000115, 42.530803680000133 ], [ 27.293933868000124, 42.529476165000176 ], [ 27.299297332000151, 42.529914856000119 ], [ 27.310834885000077, 42.531646729000158 ], [ 27.320959092000123, 42.535190583000087 ], [ 27.328596115000096, 42.541175843000076 ], [ 27.334997178000094, 42.546009065000135 ], [ 27.342214584000033, 42.551395417000094 ], [ 27.346693038000012, 42.555694581000182 ], [ 27.351837159000127, 42.558486939000147 ], [ 27.359384538000143, 42.562969207000094 ], [ 27.362810136000064, 42.568485261000149 ], [ 27.366104125000049, 42.571933747000173 ], [ 27.368663788000163, 42.575981140000124 ], [ 27.370159150000063, 42.581264497000063 ], [ 27.370697021000069, 42.583614350000062 ], [ 27.370925904000103, 42.586864472 ], [ 27.369239807000099, 42.590190888000109 ], [ 27.362411500000121, 42.590747834000183 ], [ 27.360055924000108, 42.589649200000053 ], [ 27.35528183100007, 42.586563110000156 ], [ 27.350963593000131, 42.584655761000135 ], [ 27.346797943000126, 42.584777832000043 ], [ 27.340955734000147, 42.588253022000174 ], [ 27.335205078000058, 42.592624664000027 ], [ 27.330547332000151, 42.596652985000162 ], [ 27.32812881600006, 42.599708557000042 ], [ 27.321449280000024, 42.601722718000133 ], [ 27.31356811600017, 42.6028823850001 ], [ 27.308847427000103, 42.606006622000052 ], [ 27.302465438000127, 42.607101440000065 ], [ 27.296300887000143, 42.60610199100006 ], [ 27.291997910000191, 42.604732514000148 ], [ 27.286975860000155, 42.603981019000059 ], [ 27.280509949000077, 42.60475158700001 ], [ 27.273206710000068, 42.604946137000127 ], [ 27.268516540000121, 42.60416793800016 ], [ 27.260633468000151, 42.601951599000188 ], [ 27.252899171000138, 42.601516724000192 ], [ 27.239530564000063, 42.604984284000182 ], [ 27.233415603000083, 42.608287811000082 ], [ 27.229610442000137, 42.611549378000177 ], [ 27.225904466000088, 42.614498138999977 ] ] ] ] } },
{ "type": "Feature", "properties": { "fid": 17, "GID_2": "BGR.2.3_1", "GID_0": "BGR", "COUNTRY": "Bulgaria", "GID_1": "BGR.2_1", "NAME_1": "Burgas", "NL_NAME_1": "Бургас", "NAME_2": "Kameno", "VARNAME_2": "NA", "NL_NAME_2": "NA", "TYPE_2": "Obshtina", "ENGTYPE_2": "Municipality", "CC_2": "NA", "HASC_2": "BG.BR.KM" }, "geometry": { "type": "MultiPolygon", "coordinates": [ [ [ [ 27.158340455000086, 42.61988830700011 ], [ 27.165197373000069, 42.622428894000109 ], [ 27.168905257000063, 42.624561311000036 ], [ 27.174879074999978, 42.62843322700013 ], [ 27.178567887000042, 42.630180359000121 ], [ 27.184244156000091, 42.63317489700006 ], [ 27.188646317000121, 42.634750366000105 ], [ 27.203823089000139, 42.641242980000186 ], [ 27.209207536000065, 42.643363952000129 ], [ 27.214561462000177, 42.645305633000135 ], [ 27.217214584000146, 42.645999908000135 ], [ 27.220592499000134, 42.646701813 ], [ 27.222965240000065, 42.646503449000136 ], [ 27.224054337000041, 42.645065307000152 ], [ 27.223911285000099, 42.642566682000108 ], [ 27.222782135000102, 42.639709473000039 ], [ 27.220745086000079, 42.637386322000111 ], [ 27.217742921000081, 42.634899140000186 ], [ 27.212814330000072, 42.631896972000106 ], [ 27.211240769000142, 42.629573822999987 ], [ 27.210580825000079, 42.626358033000031 ], [ 27.21162986700017, 42.623836517000143 ], [ 27.213817597000173, 42.620777131000125 ], [ 27.216831208000031, 42.619514465000123 ], [ 27.222345352000104, 42.616264344000058 ], [ 27.225904466000088, 42.614498138999977 ], [ 27.229610442000137, 42.611549378000177 ], [ 27.233415603000083, 42.608287811000082 ], [ 27.239530564000063, 42.604984284000182 ], [ 27.252899171000138, 42.601516724000192 ], [ 27.260633468000151, 42.601951599000188 ], [ 27.268516540000121, 42.60416793800016 ], [ 27.273206710000068, 42.604946137000127 ], [ 27.280509949000077, 42.60475158700001 ], [ 27.286975860000155, 42.603981019000059 ], [ 27.291997910000191, 42.604732514000148 ], [ 27.296300887000143, 42.60610199100006 ], [ 27.302465438000127, 42.607101440000065 ], [ 27.308847427000103, 42.606006622000052 ], [ 27.31356811600017, 42.6028823850001 ], [ 27.321449280000024, 42.601722718000133 ], [ 27.32812881600006, 42.599708557000042 ], [ 27.330547332000151, 42.596652985000162 ], [ 27.335205078000058, 42.592624664000027 ], [ 27.340955734000147, 42.588253022000174 ], [ 27.346797943000126, 42.584777832000043 ], [ 27.350963593000131, 42.584655761000135 ], [ 27.35528183100007, 42.586563110000156 ], [ 27.360055924000108, 42.589649200000053 ], [ 27.362411500000121, 42.590747834000183 ], [ 27.369239807000099, 42.590190888000109 ], [ 27.370925904000103, 42.586864472 ], [ 27.370697021000069, 42.583614350000062 ], [ 27.370159150000063, 42.581264497000063 ], [ 27.368663788000163, 42.575981140000124 ], [ 27.366104125000049, 42.571933747000173 ], [ 27.362810136000064, 42.568485261000149 ], [ 27.359384538000143, 42.562969207000094 ], [ 27.351837159000127, 42.558486939000147 ], [ 27.346693038000012, 42.555694581000182 ], [ 27.342214584000033, 42.551395417000094 ], [ 27.334997178000094, 42.546009065000135 ], [ 27.328596115000096, 42.541175843000076 ], [ 27.320959092000123, 42.535190583000087 ], [ 27.310834885000077, 42.531646729000158 ], [ 27.299297332000151, 42.529914856000119 ], [ 27.293933868000124, 42.529476165000176 ], [ 27.289064408000115, 42.530803680000133 ], [ 27.286195756000041, 42.533546448000038 ], [ 27.282552720000069, 42.5363082880001 ], [ 27.277791977000106, 42.538516999000194 ], [ 27.27082443300003, 42.541648865000127 ], [ 27.263488769000048, 42.54539489800004 ], [ 27.256433486000105, 42.547927857000104 ], [ 27.25431823700012, 42.550643922000177 ], [ 27.252767561999974, 42.551734926000051 ], [ 27.250461579000046, 42.553321838000045 ], [ 27.248304368, 42.555000306000011 ], [ 27.245157243000108, 42.55669021600005 ], [ 27.241531373000157, 42.557643890000122 ], [ 27.237993240000037, 42.557819366000047 ], [ 27.230998992000082, 42.557830811000031 ], [ 27.226547241000048, 42.557781219000162 ], [ 27.220064162000028, 42.557857513000101 ], [ 27.216604232000122, 42.558109284000068 ], [ 27.214462280000134, 42.558692932000042 ], [ 27.211288453000179, 42.559032440000067 ], [ 27.208986283000115, 42.559387206999986 ], [ 27.206678390000036, 42.559638976000144 ], [ 27.204504013000189, 42.559753419000117 ], [ 27.202621460000103, 42.559883118000073 ], [ 27.200725556000066, 42.559795381000015 ], [ 27.198236464, 42.559490204000099 ], [ 27.196409226000185, 42.558086396000135 ], [ 27.196447373000069, 42.55633163400006 ], [ 27.197042465999971, 42.554138183000191 ], [ 27.198398589000192, 42.552265168000019 ], [ 27.200828553000179, 42.548957825000059 ], [ 27.203573227000049, 42.546199799000078 ], [ 27.206279754000093, 42.542888641000047 ], [ 27.208747864000031, 42.540122987000188 ], [ 27.210399627000186, 42.536285402000033 ], [ 27.211570739000081, 42.533878327000082 ], [ 27.212152481000089, 42.531452180000144 ], [ 27.213043213000049, 42.529254913000159 ], [ 27.214086532000124, 42.527069092000033 ], [ 27.214412690000131, 42.52530288700018 ], [ 27.214857101000064, 42.522789002000081 ], [ 27.214906693000046, 42.521137237000119 ], [ 27.21510505700013, 42.519504548000157 ], [ 27.215015411000024, 42.517742158000146 ], [ 27.21462822, 42.516113282000049 ], [ 27.213518143000101, 42.514270783000086 ], [ 27.212558746000013, 42.512634278000121 ], [ 27.212179184999968, 42.511112212000114 ], [ 27.212390900000173, 42.509582520000038 ], [ 27.212875365000059, 42.507839204000049 ], [ 27.213777542000173, 42.505741120000152 ], [ 27.217086792000032, 42.502971649000074 ], [ 27.219306946000074, 42.501300812000125 ], [ 27.221111298000153, 42.500080108000191 ], [ 27.222606659000178, 42.498630525000067 ], [ 27.223945619000119, 42.496852874000183 ], [ 27.22683715900007, 42.494617462000122 ], [ 27.228492737000124, 42.493495942000038 ], [ 27.230543136, 42.491935731000183 ], [ 27.235561371000188, 42.490203858000143 ], [ 27.238027574000057, 42.488521576000039 ], [ 27.24156379700014, 42.485721588 ], [ 27.244405747000087, 42.483352661000026 ], [ 27.245286941000188, 42.481479646000025 ], [ 27.245990752000068, 42.478725434000069 ], [ 27.24687385600015, 42.476642609000123 ], [ 27.248569488000101, 42.473972322000066 ], [ 27.250448226000117, 42.472412109000061 ], [ 27.252092361000166, 42.471611024000083 ], [ 27.254751205000048, 42.471118928000067 ], [ 27.257575990000134, 42.472919465000075 ], [ 27.261899948000121, 42.476509094000164 ], [ 27.266826631000185, 42.480918885000108 ], [ 27.268426896000165, 42.485439302000088 ], [ 27.269662856000082, 42.487998962000177 ], [ 27.272722244000079, 42.488574981000113 ], [ 27.276319503000138, 42.489131927000187 ], [ 27.283321381000178, 42.491977693000081 ], [ 27.285980226000163, 42.495590210000159 ], [ 27.288263320000056, 42.49747085600012 ], [ 27.29250907900007, 42.500167847000057 ], [ 27.29609108000011, 42.500709535000112 ], [ 27.300226211, 42.500816345000089 ], [ 27.303817749000189, 42.500495910000154 ], [ 27.307048798000096, 42.498889924000139 ], [ 27.307693481000058, 42.495853425000178 ], [ 27.308250427000132, 42.491302491 ], [ 27.31047630400019, 42.482379912999988 ], [ 27.313104629000122, 42.479717256000072 ], [ 27.318559647000086, 42.478061676000038 ], [ 27.324363709000181, 42.477458954999975 ], [ 27.326742173000127, 42.475677490000123 ], [ 27.327678680000076, 42.472835541000052 ], [ 27.330015182000182, 42.470195770000089 ], [ 27.332651138000131, 42.467739105000078 ], [ 27.337514878000036, 42.465244293000069 ], [ 27.344692230000021, 42.463756561000082 ], [ 27.350353240000175, 42.464675904000046 ], [ 27.352716446000159, 42.461818695000147 ], [ 27.35363578800019, 42.458141327000192 ], [ 27.354812621000121, 42.45403671300005 ], [ 27.355440140000098, 42.449756622 ], [ 27.357219696000072, 42.445873260000042 ], [ 27.359348296000178, 42.442840576000094 ], [ 27.359758378000151, 42.439235687000178 ], [ 27.359264375000066, 42.433723451000105 ], [ 27.358850478000193, 42.430126190000067 ], [ 27.358421325000108, 42.42630004800003 ], [ 27.358562469000049, 42.421398163000106 ], [ 27.359750748000067, 42.416568757 ], [ 27.360061645000087, 42.416107178000118 ], [ 27.358243942000058, 42.415599824000026 ], [ 27.356365204000042, 42.414478302000134 ], [ 27.353000641000108, 42.41247177200006 ], [ 27.344343186000117, 42.409378052000022 ], [ 27.339315415000044, 42.40830612200017 ], [ 27.334665299000051, 42.406055452000089 ], [ 27.327316285000052, 42.40269851700009 ], [ 27.321653365000088, 42.402572631000169 ], [ 27.314912796000044, 42.402801513999975 ], [ 27.307781220000095, 42.404998780000085 ], [ 27.301759720000177, 42.407138825000118 ], [ 27.296533585000191, 42.409862518000182 ], [ 27.289415359000088, 42.411773682000046 ], [ 27.283397675000117, 42.412189484000123 ], [ 27.275827408000168, 42.411746979000043 ], [ 27.27357101399997, 42.411800384000117 ], [ 27.267513275000169, 42.411327362000065 ], [ 27.264480591000051, 42.411083222000116 ], [ 27.261491776000128, 42.412029267000094 ], [ 27.258565903000033, 42.414421081000114 ], [ 27.258527757000081, 42.414478302000134 ], [ 27.257150650000085, 42.416515350000111 ], [ 27.255365371000096, 42.419189453000115 ], [ 27.251720428000056, 42.422191620000092 ], [ 27.243379592000053, 42.422332764000089 ], [ 27.241857528000025, 42.42235946600016 ], [ 27.236951828000031, 42.423316956000122 ], [ 27.232412338000131, 42.424255372000175 ], [ 27.22788810600008, 42.425800324000079 ], [ 27.223794937000093, 42.428211213000168 ], [ 27.217344284000035, 42.430675508000036 ], [ 27.211519242000179, 42.430751801000042 ], [ 27.204057694000085, 42.429645539000035 ], [ 27.197425840999983, 42.429718018000074 ], [ 27.190036773000031, 42.430686951000041 ], [ 27.183813096000165, 42.431648254000095 ], [ 27.173355103, 42.434711457000105 ], [ 27.166002274000164, 42.437454223000032 ], [ 27.161432267000123, 42.441036224000015 ], [ 27.158016205000081, 42.44401931800013 ], [ 27.153919220000148, 42.449661255000194 ], [ 27.14871215800008, 42.457080841 ], [ 27.143426896000108, 42.46274948100006 ], [ 27.138414383000054, 42.465740203999985 ], [ 27.135860444, 42.466087342000151 ], [ 27.135955811000031, 42.468288423000104 ], [ 27.136077881000176, 42.470951080000191 ], [ 27.136381148000112, 42.472560883000085 ], [ 27.136219025000116, 42.474334716000044 ], [ 27.13565635700013, 42.477725983000084 ], [ 27.134338380000031, 42.480224610000107 ], [ 27.131582261000176, 42.482738495000035 ], [ 27.129524232000165, 42.484535216999973 ], [ 27.127685546000066, 42.48616790799997 ], [ 27.126083373000085, 42.487594605000027 ], [ 27.124481201000037, 42.489204408000035 ], [ 27.123136520000116, 42.491180421000024 ], [ 27.122253419000117, 42.492614746000129 ], [ 27.121671676000062, 42.495651245000147 ], [ 27.122034073000066, 42.498313905000145 ], [ 27.12527084300001, 42.501125337000076 ], [ 27.126758575, 42.50236129700005 ], [ 27.129219055000192, 42.503936768000074 ], [ 27.13070869500018, 42.505012512000121 ], [ 27.132186889000081, 42.506065368000179 ], [ 27.13344574000007, 42.507484437000073 ], [ 27.134031296000046, 42.509601594000173 ], [ 27.134109497, 42.511375427000132 ], [ 27.133024216000024, 42.513702393000131 ], [ 27.130777358000103, 42.516410828000119 ], [ 27.127435683999977, 42.521587373000045 ], [ 27.124263762999988, 42.525371553000184 ], [ 27.122940063000101, 42.527698517000147 ], [ 27.122423172000026, 42.531620026000155 ], [ 27.122541427000158, 42.533943177000083 ], [ 27.122898100999976, 42.536430359000178 ], [ 27.121107102000053, 42.53895187400019 ], [ 27.11880493200016, 42.54092788700018 ], [ 27.114654540000117, 42.544353485000102 ], [ 27.110227585000018, 42.547084808000022 ], [ 27.108182907000128, 42.549423218000072 ], [ 27.107299805000082, 42.550849914000025 ], [ 27.106952667000144, 42.553539276000095 ], [ 27.106130601000132, 42.556053161000193 ], [ 27.10434341399997, 42.558918000000176 ], [ 27.102775574000134, 42.561073303000057 ], [ 27.100732803000142, 42.563423156000056 ], [ 27.099899291000099, 42.565925598000035 ], [ 27.098581314000171, 42.568271638000169 ], [ 27.098661423000124, 42.570045471000071 ], [ 27.098621369000057, 42.573795319000055 ], [ 27.099039078000033, 42.577545165000117 ], [ 27.101224899000158, 42.582324982000102 ], [ 27.103536606000034, 42.585147859000188 ], [ 27.10949134800012, 42.588470460000053 ], [ 27.114585877000025, 42.593421937000187 ], [ 27.119323731000179, 42.596229553000114 ], [ 27.123464585000136, 42.601360321000129 ], [ 27.134811402000082, 42.60679245100016 ], [ 27.137256622000109, 42.607479095000087 ], [ 27.139223099000162, 42.608352661000083 ], [ 27.142124175000049, 42.60868835500014 ], [ 27.145027161000087, 42.609024048000151 ], [ 27.148902893000127, 42.609535217000087 ], [ 27.151348114000029, 42.610393524000131 ], [ 27.154041291000169, 42.611278534000178 ], [ 27.156019211000057, 42.612503051000147 ], [ 27.15731239400003, 42.614097596000192 ], [ 27.15834617500002, 42.615516662000175 ], [ 27.158956527999976, 42.618011474000184 ], [ 27.158340455000086, 42.61988830700011 ] ] ] ] } },
{ "type": "Feature", "properties": { "fid": 18, "GID_2": "BGR.2.4_1", "GID_0": "BGR", "COUNTRY": "Bulgaria", "GID_1": "BGR.2_1", "NAME_1": "Burgas", "NL_NAME_1": "Бургас", "NAME_2": "Karnobat", "VARNAME_2": "NA", "NL_NAME_2": "Карнобат", "TYPE_2": "Obshtina", "ENGTYPE_2": "Municipality", "CC_2": "NA", "HASC_2": "BG.BR.KR" }, "geometry": { "type": "MultiPolygon", "coordinates": [ [ [ [ 27.076553345000036, 42.788078308000138 ], [ 27.075527192000152, 42.786361695000153 ], [ 27.074455260999969, 42.784114838000107 ], [ 27.072496415000103, 42.782562257 ], [ 27.068067550000023, 42.781738281000059 ], [ 27.062440873000128, 42.781593322000049 ], [ 27.05710983300014, 42.781448365000017 ], [ 27.050479887999984, 42.780441285000052 ], [ 27.047246934000043, 42.778690338 ], [ 27.044000627000116, 42.776268005000077 ], [ 27.043243409000127, 42.774250030000132 ], [ 27.043104172000085, 42.771781922000059 ], [ 27.043529510000099, 42.76793289200009 ], [ 27.044658660000096, 42.765655518000131 ], [ 27.047624589000122, 42.762680053000054 ], [ 27.048782348000032, 42.761096954000038 ], [ 27.052484512000149, 42.760120393000193 ], [ 27.057443619000026, 42.759357452000188 ], [ 27.061759949000134, 42.75860977200017 ], [ 27.065111161000118, 42.757194519 ], [ 27.068414688000132, 42.754890443000136 ], [ 27.071390153000038, 42.752368927000077 ], [ 27.074008940999988, 42.749176025000054 ], [ 27.076032638000186, 42.746440887000063 ], [ 27.077171326000098, 42.74461364900003 ], [ 27.078659058000085, 42.743469238000102 ], [ 27.081754684000089, 42.743202210000049 ], [ 27.086124421000022, 42.74359130900018 ], [ 27.08831977900013, 42.744014741 ], [ 27.092161179000186, 42.745990753000115 ], [ 27.093515397000147, 42.748016358000086 ], [ 27.095451355000137, 42.74933624300013 ], [ 27.096557617000144, 42.752250672000173 ], [ 27.09762191700014, 42.754718780000076 ], [ 27.098041534000117, 42.756290436000086 ], [ 27.098194122000109, 42.758998871000074 ], [ 27.096815109000147, 42.761940003000063 ], [ 27.095130920000145, 42.76490402200011 ], [ 27.092769622000162, 42.767181396000069 ], [ 27.091680526000118, 42.769905091000112 ], [ 27.091236115000015, 42.77260971100003 ], [ 27.092002869000055, 42.775070191000054 ], [ 27.093671799000106, 42.777076722000061 ], [ 27.09685134800003, 42.778175354000041 ], [ 27.102434158000108, 42.778129577000072 ], [ 27.106039047000024, 42.776058197000111 ], [ 27.107509613000047, 42.774700166000116 ], [ 27.109760284000174, 42.771064758000193 ], [ 27.110460281000087, 42.767204285000105 ], [ 27.109529495000174, 42.762012482000159 ], [ 27.108938217000116, 42.757301331000178 ], [ 27.107442855000045, 42.75302887100014 ], [ 27.103878020000025, 42.745178223000039 ], [ 27.101522445000057, 42.741825103000053 ], [ 27.095638274, 42.736480713000162 ], [ 27.090442658000029, 42.732269288000111 ], [ 27.086168290000046, 42.728038787000116 ], [ 27.080688476000148, 42.724056243000121 ], [ 27.078659058000085, 42.72115326 ], [ 27.076633453000113, 42.718029023000042 ], [ 27.075937271000043, 42.716457367000032 ], [ 27.074853897000082, 42.71376800600018 ], [ 27.074743270000113, 42.711742401000038 ], [ 27.075288773000011, 42.710151672000109 ], [ 27.0782547, 42.707862854000098 ], [ 27.080345155000089, 42.706478119 ], [ 27.081842423000126, 42.70554351800007 ], [ 27.084243775000061, 42.704391479000037 ], [ 27.086704255000086, 42.703903199000138 ], [ 27.089782715000069, 42.703636169000049 ], [ 27.093412400000091, 42.702457428000116 ], [ 27.09578323300002, 42.700630188000105 ], [ 27.096614837000118, 42.698818208000148 ], [ 27.097774506000064, 42.697456359000171 ], [ 27.100452422000103, 42.695842743000071 ], [ 27.103183745000024, 42.694900512000174 ], [ 27.106815338000047, 42.693969726000034 ], [ 27.10920715300017, 42.692588806 ], [ 27.110912322000104, 42.690078735999975 ], [ 27.110769273000074, 42.687599181999985 ], [ 27.109050750000108, 42.684242250000068 ], [ 27.106067658000029, 42.680221559000188 ], [ 27.10465431200015, 42.67684936600017 ], [ 27.10297584500006, 42.674171448000095 ], [ 27.101551056000062, 42.670570374000022 ], [ 27.100845338000113, 42.668548584000064 ], [ 27.100614547000077, 42.664489747000061 ], [ 27.100769042000024, 42.661567688000162 ], [ 27.10146141000007, 42.657051086000195 ], [ 27.101560592000112, 42.655815125000174 ], [ 27.102380753000034, 42.654212953000126 ], [ 27.103233337000063, 42.652854919 ], [ 27.104066849000105, 42.651042939000035 ], [ 27.104591369000161, 42.649230957000043 ], [ 27.106920243000104, 42.647602081000059 ], [ 27.10919380200005, 42.644706727000141 ], [ 27.115264893000074, 42.640354156000171 ], [ 27.121477127, 42.638530731000174 ], [ 27.12898254400011, 42.634159088000047 ], [ 27.137254714000107, 42.630870819000052 ], [ 27.146015167000087, 42.627937317000146 ], [ 27.151668549000135, 42.625579834000064 ], [ 27.155839920000062, 42.62249755900018 ], [ 27.158132553000144, 42.620529175000058 ], [ 27.158340455000086, 42.61988830700011 ], [ 27.158956527999976, 42.618011474000184 ], [ 27.15834617500002, 42.615516662000175 ], [ 27.15731239400003, 42.614097596000192 ], [ 27.156019211000057, 42.612503051000147 ], [ 27.154041291000169, 42.611278534000178 ], [ 27.151348114000029, 42.610393524000131 ], [ 27.148902893000127, 42.609535217000087 ], [ 27.145027161000087, 42.609024048000151 ], [ 27.142124175000049, 42.60868835500014 ], [ 27.139223099000162, 42.608352661000083 ], [ 27.137256622000109, 42.607479095000087 ], [ 27.134811402000082, 42.60679245100016 ], [ 27.123464585000136, 42.601360321000129 ], [ 27.119323731000179, 42.596229553000114 ], [ 27.114585877000025, 42.593421937000187 ], [ 27.10949134800012, 42.588470460000053 ], [ 27.103536606000034, 42.585147859000188 ], [ 27.101224899000158, 42.582324982000102 ], [ 27.099039078000033, 42.577545165000117 ], [ 27.098621369000057, 42.573795319000055 ], [ 27.098661423000124, 42.570045471000071 ], [ 27.098581314000171, 42.568271638000169 ], [ 27.099899291000099, 42.565925598000035 ], [ 27.100732803000142, 42.563423156000056 ], [ 27.102775574000134, 42.561073303000057 ], [ 27.10434341399997, 42.558918000000176 ], [ 27.106130601000132, 42.556053161000193 ], [ 27.106952667000144, 42.553539276000095 ], [ 27.107299805000082, 42.550849914000025 ], [ 27.108182907000128, 42.549423218000072 ], [ 27.110227585000018, 42.547084808000022 ], [ 27.114654540000117, 42.544353485000102 ], [ 27.11880493200016, 42.54092788700018 ], [ 27.121107102000053, 42.53895187400019 ], [ 27.122898100999976, 42.536430359000178 ], [ 27.122541427000158, 42.533943177000083 ], [ 27.122423172000026, 42.531620026000155 ], [ 27.122940063000101, 42.527698517000147 ], [ 27.124263762999988, 42.525371553000184 ], [ 27.127435683999977, 42.521587373000045 ], [ 27.130777358000103, 42.516410828000119 ], [ 27.133024216000024, 42.513702393000131 ], [ 27.134109497, 42.511375427000132 ], [ 27.134031296000046, 42.509601594000173 ], [ 27.13344574000007, 42.507484437000073 ], [ 27.132186889000081, 42.506065368000179 ], [ 27.13070869500018, 42.505012512000121 ], [ 27.129219055000192, 42.503936768000074 ], [ 27.126758575, 42.50236129700005 ], [ 27.12527084300001, 42.501125337000076 ], [ 27.122034073000066, 42.498313905000145 ], [ 27.121671676000062, 42.495651245000147 ], [ 27.122253419000117, 42.492614746000129 ], [ 27.123136520000116, 42.491180421000024 ], [ 27.124481201000037, 42.489204408000035 ], [ 27.126083373000085, 42.487594605000027 ], [ 27.127685546000066, 42.48616790799997 ], [ 27.129524232000165, 42.484535216999973 ], [ 27.131582261000176, 42.482738495000035 ], [ 27.134338380000031, 42.480224610000107 ], [ 27.13565635700013, 42.477725983000084 ], [ 27.136219025000116, 42.474334716000044 ], [ 27.136381148000112, 42.472560883000085 ], [ 27.136077881000176, 42.470951080000191 ], [ 27.135955811000031, 42.468288423000104 ], [ 27.135860444, 42.466087342000151 ], [ 27.133705140000018, 42.466377258000136 ], [ 27.131341935000023, 42.466705322000109 ], [ 27.126585007000074, 42.466449737000175 ], [ 27.121402741000054, 42.465599060000045 ], [ 27.116567612000154, 42.463859558000195 ], [ 27.109388351000064, 42.462444306000123 ], [ 27.101850510000133, 42.462516785 ], [ 27.097841262000031, 42.461380004000034 ], [ 27.090591430000075, 42.458503724000082 ], [ 27.084949493000181, 42.456195831000173 ], [ 27.078155517000084, 42.454803466000158 ], [ 27.071790694000072, 42.454292297000052 ], [ 27.064653397000086, 42.453800202000082 ], [ 27.058265684999981, 42.4521331790001 ], [ 27.045497894000107, 42.448200227000086 ], [ 27.042356492000067, 42.448860168000067 ], [ 27.038417815, 42.449230195000041 ], [ 27.030925751000098, 42.449382782000157 ], [ 27.025442122000129, 42.450382234000074 ], [ 27.020334243000036, 42.45138549800015 ], [ 27.015222549000043, 42.451507569 ], [ 27.010446549000108, 42.450130462000061 ], [ 27.008037567000088, 42.44841384900019 ], [ 27.003690720000066, 42.447635650000052 ], [ 26.998598099000105, 42.448348999000189 ], [ 26.992670059000091, 42.44731521500006 ], [ 26.989877701000125, 42.445312501000103 ], [ 26.989042282000014, 42.443260193000128 ], [ 26.989017486000137, 42.441627503 ], [ 26.986787795999987, 42.439014436000093 ], [ 26.984552384000153, 42.436107634999985 ], [ 26.982757569000057, 42.434234620000041 ], [ 26.980155945000092, 42.431335449000017 ], [ 26.978172302000189, 42.43006897000015 ], [ 26.976190567000117, 42.428630829999975 ], [ 26.973833084000148, 42.427368165000075 ], [ 26.971742631000154, 42.426139833000036 ], [ 26.970163345, 42.425292968000065 ], [ 26.963872910000134, 42.422077180000088 ], [ 26.958433152000168, 42.426956176000147 ], [ 26.95695686300013, 42.429328920000046 ], [ 26.955490112000177, 42.43227386500007 ], [ 26.954004287000089, 42.434638976000087 ], [ 26.951820373000032, 42.439929962000178 ], [ 26.948825837000072, 42.442920684000171 ], [ 26.945829392, 42.445922852000081 ], [ 26.939830780000023, 42.451343537000128 ], [ 26.936048508000056, 42.45262527400007 ], [ 26.926923751000118, 42.45293808100007 ], [ 26.919290543000045, 42.452045442000042 ], [ 26.910131454000123, 42.451206208000031 ], [ 26.901720047000026, 42.450935365000134 ], [ 26.897888183000077, 42.450485229000151 ], [ 26.891777039000146, 42.450119019000056 ], [ 26.884147644000109, 42.451568603999988 ], [ 26.879606246000037, 42.454643249000128 ], [ 26.876619339000115, 42.459384918000126 ], [ 26.874374391000174, 42.462383271000135 ], [ 26.873666763000074, 42.465892791000101 ], [ 26.872968675000038, 42.469974517000139 ], [ 26.872283935000041, 42.475807190000182 ], [ 26.872367859000065, 42.481021882000164 ], [ 26.872447968000188, 42.48566818200004 ], [ 26.872497558000191, 42.489734650000059 ], [ 26.872581482000044, 42.495544433000191 ], [ 26.869560241999977, 42.49853897100013 ], [ 26.86499214100013, 42.500469208000084 ], [ 26.853563308000162, 42.504955291000044 ], [ 26.852045059000034, 42.505020142000035 ], [ 26.846010209000042, 42.512214661000144 ], [ 26.843763351000121, 42.516357423000045 ], [ 26.841533662000131, 42.52167129500009 ], [ 26.839323043000093, 42.527545930000031 ], [ 26.83556556700006, 42.53408050600018 ], [ 26.830266952000102, 42.537765504000106 ], [ 26.824962616000164, 42.543758392000143 ], [ 26.818941116000076, 42.552677155000083 ], [ 26.812896728000169, 42.559860229000094 ], [ 26.806875228000024, 42.568782807000048 ], [ 26.800117493000187, 42.58059692300003 ], [ 26.799404145000153, 42.585823058000187 ], [ 26.797201157000131, 42.594596864000152 ], [ 26.791963577000161, 42.605743409000013 ], [ 26.792016984000043, 42.610946655000134 ], [ 26.792097093000052, 42.617858887000068 ], [ 26.789884567000115, 42.623725892000095 ], [ 26.786136626000086, 42.628452301000095 ], [ 26.779354096000191, 42.63446045000012 ], [ 26.775588988999971, 42.638031007000052 ], [ 26.770328523000103, 42.642238617000032 ], [ 26.766593933000024, 42.64639663700018 ], [ 26.764364243000102, 42.650482178000061 ], [ 26.759878158000106, 42.655220032000045 ], [ 26.75323867700007, 42.659999847 ], [ 26.750299454000185, 42.664096833000087 ], [ 26.75047874500018, 42.666893005000134 ], [ 26.755382538000106, 42.669673920000093 ], [ 26.759210587000041, 42.670452119000117 ], [ 26.763927460000104, 42.671669006000172 ], [ 26.768615723000153, 42.671977998000159 ], [ 26.773601531000054, 42.671607971000185 ], [ 26.777431488000104, 42.673061371000188 ], [ 26.78009414800016, 42.674762726000154 ], [ 26.78127670300006, 42.676063537000061 ], [ 26.783931733000145, 42.677768707000098 ], [ 26.78684806900003, 42.678127289000088 ], [ 26.790094376000127, 42.677589416000103 ], [ 26.792734145000168, 42.677047730000027 ], [ 26.794206619000136, 42.675876618000132 ], [ 26.795522691000144, 42.674388886000145 ], [ 26.798162460000128, 42.672058106 ], [ 26.802272797000171, 42.668552400000067 ], [ 26.805196762000037, 42.665771484000174 ], [ 26.808734895000157, 42.663192749000075 ], [ 26.812250137000035, 42.659931183000026 ], [ 26.817573547000165, 42.657714844000054 ], [ 26.822032928000056, 42.657123567000042 ], [ 26.825611114000026, 42.657657624000137 ], [ 26.82949829100005, 42.657741546000125 ], [ 26.83624267600004, 42.659927368000126 ], [ 26.839286803999983, 42.662731172000122 ], [ 26.840848922000134, 42.666496276000089 ], [ 26.841493607000075, 42.669178009 ], [ 26.840642930000115, 42.674804688000108 ], [ 26.840684890000034, 42.678627014000142 ], [ 26.840431213000102, 42.682674409000128 ], [ 26.840183258000081, 42.687160492000146 ], [ 26.838760377000085, 42.693496703999983 ], [ 26.839151383000058, 42.699974059999988 ], [ 26.839546204000158, 42.705787659000066 ], [ 26.840190887000119, 42.708694457999968 ], [ 26.841135026000188, 42.711128235 ], [ 26.842412948, 42.714214325000114 ], [ 26.844589233000079, 42.717063903000167 ], [ 26.846750259000146, 42.718795777000082 ], [ 26.850450515000091, 42.721130371000186 ], [ 26.853538514000036, 42.723045348000085 ], [ 26.857547760000159, 42.724929809000116 ], [ 26.860944749000112, 42.725944519000052 ], [ 26.865270614000167, 42.727596284000185 ], [ 26.869281769000168, 42.728588105000085 ], [ 26.87513351399997, 42.729286193000121 ], [ 26.879461289000062, 42.730045319000055 ], [ 26.884422302000075, 42.731216431000178 ], [ 26.887538910000046, 42.731567383000083 ], [ 26.890632630000027, 42.732357025 ], [ 26.894706726000152, 42.734241485000155 ], [ 26.897562027000049, 42.736408234000123 ], [ 26.899784089000093, 42.738353730000142 ], [ 26.902343749000124, 42.740966798000159 ], [ 26.903984071000139, 42.74338912900015 ], [ 26.904714585000193, 42.746730805000027 ], [ 26.906055450000167, 42.749607086000083 ], [ 26.907369614, 42.751811981000174 ], [ 26.909353257000078, 42.755352020000089 ], [ 26.911619186000109, 42.757747650000056 ], [ 26.912050246000035, 42.760986329000048 ], [ 26.913385391000133, 42.763420105000137 ], [ 26.91470909100002, 42.765396118000126 ], [ 26.914796830000114, 42.767639160000101 ], [ 26.917770387000189, 42.772045137000077 ], [ 26.91928482000003, 42.774810791000107 ], [ 26.920598984000037, 42.776454926000156 ], [ 26.923013687000093, 42.77840805000011 ], [ 26.925725937000152, 42.779552461000037 ], [ 26.927045822000025, 42.777381897 ], [ 26.927421569000103, 42.775352479000162 ], [ 26.928443909000123, 42.773296356000117 ], [ 26.930610656000113, 42.772991181000179 ], [ 26.93313789400014, 42.773380279000037 ], [ 26.935342788000128, 42.773986818000026 ], [ 26.935907364000116, 42.776000977000137 ], [ 26.937223434000089, 42.77786254900019 ], [ 26.93872642600013, 42.780056 ], [ 26.939735413000051, 42.78172302300004 ], [ 26.940576552999971, 42.783050538000168 ], [ 26.943172455000024, 42.78487777800018 ], [ 26.946479797000109, 42.78545761100014 ], [ 26.948797226000124, 42.784725189000085 ], [ 26.951671600000054, 42.78239822400019 ], [ 26.952711106000095, 42.781013489000145 ], [ 26.95386123600008, 42.778621675000124 ], [ 26.955675125000141, 42.777111054000102 ], [ 26.957853317000058, 42.776828766000165 ], [ 26.96051788300008, 42.776863097999978 ], [ 26.962560653000139, 42.777027130000079 ], [ 26.964469910000105, 42.777648927000087 ], [ 26.966077805, 42.778625488000159 ], [ 26.967878342000063, 42.780364991000113 ], [ 26.969680787000073, 42.782123566000053 ], [ 26.971317291000105, 42.783535003000054 ], [ 26.973407746000134, 42.788089751000143 ], [ 26.973644257000103, 42.789783478 ], [ 26.973741532000076, 42.791679382000041 ], [ 26.97445488000011, 42.793457032000049 ], [ 26.975000381000029, 42.795017243000075 ], [ 26.975080490000153, 42.796714783000027 ], [ 26.975009919000115, 42.798511505000192 ], [ 26.975118637000037, 42.801101685999981 ], [ 26.975761414000033, 42.804214477000073 ], [ 26.976146697, 42.805797576000032 ], [ 26.97702789300007, 42.80779647900016 ], [ 26.978069305000133, 42.809684753000056 ], [ 26.979734420000113, 42.811664581000116 ], [ 26.981378555000163, 42.812973022000108 ], [ 26.983650207000039, 42.814258575000167 ], [ 26.986415863000047, 42.815887451000094 ], [ 26.988685607000093, 42.817192077000016 ], [ 26.992227554000124, 42.818229676000158 ], [ 26.994785308000019, 42.818840027000135 ], [ 26.997493745000043, 42.819225312000128 ], [ 27.001291275000028, 42.819602966000105 ], [ 27.008710861000168, 42.819553376000101 ], [ 27.012311935000071, 42.81901931800013 ], [ 27.01637840300009, 42.818611146000137 ], [ 27.020147324000106, 42.818416595000087 ], [ 27.023759841000128, 42.818233491000058 ], [ 27.027212143000099, 42.818054200000063 ], [ 27.030801773000121, 42.817642211000134 ], [ 27.035476685000049, 42.816867829000046 ], [ 27.039110183000105, 42.816925050000066 ], [ 27.041482926000072, 42.817329406000113 ], [ 27.043666839000025, 42.817176819 ], [ 27.043834687000071, 42.81728744500009 ], [ 27.043714523000062, 42.813964844000111 ], [ 27.043771744000082, 42.812389375 ], [ 27.044374467000125, 42.809333802000083 ], [ 27.045326234000072, 42.806835175000174 ], [ 27.046455384000069, 42.80479049600001 ], [ 27.04838180500002, 42.802845002000026 ], [ 27.050334931000179, 42.801464081000063 ], [ 27.053192138000043, 42.79926300000011 ], [ 27.055484772000057, 42.798099518000129 ], [ 27.057817459000034, 42.79794693000008 ], [ 27.060903549000102, 42.797000886000149 ], [ 27.06338501, 42.79673767100013 ], [ 27.065328599000168, 42.795127869000169 ], [ 27.065408707000188, 42.793659210000044 ], [ 27.064661025000134, 42.791629792000037 ], [ 27.064243318000138, 42.789844513 ], [ 27.06539344700019, 42.78802108800005 ], [ 27.068361283000058, 42.788108827000087 ], [ 27.070398331000035, 42.788059235000105 ], [ 27.07400131300011, 42.788242341000114 ], [ 27.076322556000036, 42.788089751000143 ], [ 27.076553345000036, 42.788078308000138 ] ] ] ] } },
{ "type": "Feature", "properties": { "fid": 19, "GID_2": "BGR.2.5_1", "GID_0": "BGR", "COUNTRY": "Bulgaria", "GID_1": "BGR.2_1", "NAME_1": "Burgas", "NL_NAME_1": "Бургас", "NAME_2": "Malko Tarnovo", "VARNAME_2": "NA", "NL_NAME_2": "Малко Търново", "TYPE_2": "Obshtina", "ENGTYPE_2": "Municipality", "CC_2": "NA", "HASC_2": "BG.BR.MT" }, "geometry": { "type": "MultiPolygon", "coordinates": [ [ [ [ 27.303976059000149, 42.200523376000092 ], [ 27.305246354000133, 42.200523376000092 ], [ 27.307201014000043, 42.200689510000132 ], [ 27.309555053000054, 42.200889588 ], [ 27.313470841000026, 42.200828553 ], [ 27.31650924600018, 42.200580596 ], [ 27.32019805900012, 42.198787689000085 ], [ 27.321191494000175, 42.198060940000119 ], [ 27.323196412000129, 42.196594239000149 ], [ 27.325759887000061, 42.19442749000018 ], [ 27.32761360100011, 42.193647239000029 ], [ 27.330065, 42.192616 ], [ 27.335247000000152, 42.192711 ], [ 27.338514, 42.193634 ], [ 27.342079000000183, 42.194756 ], [ 27.345947000000137, 42.197029000000157 ], [ 27.346231075000105, 42.19719365300017 ], [ 27.348566056000095, 42.198547363000102 ], [ 27.350985676000107, 42.199567247000118 ], [ 27.353000641000108, 42.200416566000115 ], [ 27.359323502000052, 42.202079774000083 ], [ 27.361860983000156, 42.202387225000052 ], [ 27.366533280000112, 42.202953339000146 ], [ 27.371641160000138, 42.20287704600014 ], [ 27.374562743000183, 42.200947645000099 ], [ 27.379549, 42.197655 ], [ 27.382084000000134, 42.195656 ], [ 27.389078, 42.190598 ], [ 27.391619, 42.188385 ], [ 27.392830034000042, 42.187868292000189 ], [ 27.393943787000069, 42.187393188000101 ], [ 27.396621703000164, 42.187454223000088 ], [ 27.398202545, 42.187586619000058 ], [ 27.399673000000121, 42.18771 ], [ 27.401773000000105, 42.188042000000166 ], [ 27.402864998000041, 42.18827997000011 ], [ 27.404150008000158, 42.188560485000153 ], [ 27.407818722000115, 42.189950919000069 ], [ 27.40814590500014, 42.190074921000019 ], [ 27.409805299000084, 42.190406800000062 ], [ 27.413677215000178, 42.191181183000083 ], [ 27.416232628000159, 42.191360868000118 ], [ 27.418451309000147, 42.191516876000094 ], [ 27.422971725000082, 42.191455841000106 ], [ 27.426248551000128, 42.19061279400006 ], [ 27.428895223000097, 42.189536864000047 ], [ 27.429758073000073, 42.189186097000061 ], [ 27.430605547000027, 42.18895735000001 ], [ 27.431793000000141, 42.188637 ], [ 27.432105129000092, 42.188558053000122 ], [ 27.432987212000171, 42.188335419000168 ], [ 27.436613082000122, 42.187576294000166 ], [ 27.438924790000101, 42.187263489000145 ], [ 27.441183128999967, 42.187133118000077 ], [ 27.441898347000176, 42.18709182900011 ], [ 27.443541155000048, 42.186835805999976 ], [ 27.444982529000129, 42.186611176000042 ], [ 27.450054169000168, 42.18626022300009 ], [ 27.451268944000049, 42.186257518000104 ], [ 27.45348, 42.186253 ], [ 27.456121143000132, 42.186267977000171 ], [ 27.45806503200015, 42.186279298000159 ], [ 27.460857621000173, 42.186466376000169 ], [ 27.464727402, 42.186725617000036 ], [ 27.466410318000158, 42.186717771000076 ], [ 27.468000413000027, 42.186710358000084 ], [ 27.471099853000112, 42.187088014000096 ], [ 27.47221374500009, 42.187370300000168 ], [ 27.477849959000139, 42.185611725000058 ], [ 27.486038208000082, 42.183799744000169 ], [ 27.494241715000157, 42.183357239000031 ], [ 27.506399155000111, 42.181137085000046 ], [ 27.510726930000033, 42.179592133000085 ], [ 27.514329911000118, 42.178302765000183 ], [ 27.517581939000081, 42.177581788000111 ], [ 27.521207809000089, 42.175991059000012 ], [ 27.523389816000019, 42.174201965000123 ], [ 27.525930405, 42.171287536000136 ], [ 27.528467179000131, 42.16752624500009 ], [ 27.529916764000063, 42.163024903000121 ], [ 27.534654618000047, 42.154712677000191 ], [ 27.539039612000124, 42.152187348000041 ], [ 27.543081283000163, 42.150787353000112 ], [ 27.547159195000063, 42.148559571000192 ], [ 27.551872253000113, 42.145530701000041 ], [ 27.556127547000074, 42.143669128999989 ], [ 27.560739518000048, 42.143119813000055 ], [ 27.563941956000178, 42.143459319000044 ], [ 27.566850662000149, 42.144584657000109 ], [ 27.568674088000023, 42.145515443000193 ], [ 27.572010041000055, 42.148174285000096 ], [ 27.57289505, 42.151504516000045 ], [ 27.57380294799998, 42.156700135000108 ], [ 27.574258804000067, 42.16122818000008 ], [ 27.577550888000133, 42.164173127000083 ], [ 27.580108643000131, 42.166938782000045 ], [ 27.586315154000033, 42.171569824000073 ], [ 27.589227676000121, 42.172393800000179 ], [ 27.591783523000117, 42.174640655000189 ], [ 27.592844010000192, 42.176731111000151 ], [ 27.593204497000102, 42.178340911000134 ], [ 27.592092515000104, 42.180358886000192 ], [ 27.59172248800013, 42.182029724000074 ], [ 27.590629577000186, 42.18568420500003 ], [ 27.590255737000177, 42.187637329000154 ], [ 27.590250016000141, 42.189552307000156 ], [ 27.592420578000144, 42.189914704000046 ], [ 27.596796035000068, 42.189266206000184 ], [ 27.60260391300011, 42.187683106000122 ], [ 27.609510421000095, 42.183872223000037 ], [ 27.611995698000101, 42.180698394000046 ], [ 27.614801407000186, 42.178661346000069 ], [ 27.616052628000091, 42.173828125000114 ], [ 27.619974136000167, 42.168144226000152 ], [ 27.620246887000064, 42.166584015000069 ], [ 27.621852875000116, 42.164199829000154 ], [ 27.625255584000172, 42.162513732000036 ], [ 27.627943040000162, 42.160594940000067 ], [ 27.632459641000025, 42.159664154000154 ], [ 27.638360978000037, 42.15786743200016 ], [ 27.644021988000191, 42.157375336000143 ], [ 27.649736404000123, 42.156280518000131 ], [ 27.650070190000065, 42.152523041 ], [ 27.652563096000108, 42.147083282000153 ], [ 27.653810502000113, 42.142902375000176 ], [ 27.654178619000106, 42.138084412000069 ], [ 27.652301789000035, 42.13209915200008 ], [ 27.650014877, 42.127723694000053 ], [ 27.641965867000181, 42.118709565000017 ], [ 27.639625550000062, 42.113540650000175 ], [ 27.638219834000097, 42.110832215000187 ], [ 27.637643814000057, 42.107444764000149 ], [ 27.63794136100006, 42.104618072 ], [ 27.639480591000051, 42.100456238999982 ], [ 27.641534805000049, 42.096847535000052 ], [ 27.645812988000046, 42.091472626000041 ], [ 27.649217605000104, 42.088039398000149 ], [ 27.65344238199998, 42.084983826000098 ], [ 27.656389236000109, 42.083641052000019 ], [ 27.657272339000087, 42.082229615000074 ], [ 27.659517287000028, 42.08090591500013 ], [ 27.660459519000028, 42.080017089000137 ], [ 27.661071777000018, 42.079010009000115 ], [ 27.662038803000087, 42.077407837000067 ], [ 27.661930085000165, 42.07592392000015 ], [ 27.661830903000123, 42.07413482600009 ], [ 27.66175079400017, 42.072284699000193 ], [ 27.662551879000091, 42.069740294999974 ], [ 27.664222717000143, 42.066497803000118 ], [ 27.66593170200008, 42.065803528000117 ], [ 27.667625427000132, 42.064769745000149 ], [ 27.67103385900009, 42.064628600999981 ], [ 27.674459457000182, 42.06417465200019 ], [ 27.68254470800008, 42.06257629400011 ], [ 27.688070297000138, 42.061710358000028 ], [ 27.691469192000056, 42.060321808000083 ], [ 27.693592071000126, 42.059272767000039 ], [ 27.697395324000126, 42.056255341000167 ], [ 27.702030182000101, 42.050949097000057 ], [ 27.703708648000088, 42.047042846000068 ], [ 27.705390929000089, 42.043453216000046 ], [ 27.707912444999977, 42.040119172000061 ], [ 27.710018158000025, 42.037151338000172 ], [ 27.713411332000135, 42.034122468000191 ], [ 27.716388702000131, 42.033035278000114 ], [ 27.725299835000158, 42.027488708000021 ], [ 27.73463630700013, 42.02420806900011 ], [ 27.740142822000166, 42.02139663700018 ], [ 27.744808196000179, 42.019588470000087 ], [ 27.749467850000087, 42.015499116000115 ], [ 27.754138946000012, 42.010429383000144 ], [ 27.760053635000133, 42.003658296000083 ], [ 27.763362885, 41.997970582 ], [ 27.764537811000082, 41.995304107000095 ], [ 27.765722274000098, 41.993305206000173 ], [ 27.767259598000123, 41.990299225000058 ], [ 27.768377303000136, 41.987640380000073 ], [ 27.769453049000163, 41.984672546000184 ], [ 27.770450593000078, 41.980705261000082 ], [ 27.769857407000188, 41.978458405000026 ], [ 27.768323898000062, 41.974937440000076 ], [ 27.765899657000091, 41.971138002000146 ], [ 27.763483047000193, 41.967304230000025 ], [ 27.762073518000193, 41.965744019000169 ], [ 27.756690978000165, 41.962425231000168 ], [ 27.754121780000048, 41.95983886700003 ], [ 27.744592666000131, 41.960083009000186 ], [ 27.737537383000131, 41.960262300000181 ], [ 27.734884261, 41.962463378000052 ], [ 27.735654830000101, 41.963199615000121 ], [ 27.737625122000054, 41.965087891000053 ], [ 27.740417480000133, 41.967742920000092 ], [ 27.738643647, 41.969432832000109 ], [ 27.729068756000117, 41.972743987000058 ], [ 27.726236342999982, 41.969326020000153 ], [ 27.725469590000046, 41.968395233000138 ], [ 27.725070954000103, 41.967899323000154 ], [ 27.722322465000161, 41.967029572 ], [ 27.715496063000046, 41.970573425000055 ], [ 27.715166092, 41.970741273000101 ], [ 27.713872909000031, 41.970870972000057 ], [ 27.692621231000089, 41.972965240000178 ], [ 27.692291260000047, 41.971908570000153 ], [ 27.69196128800013, 41.970851898000092 ], [ 27.696060182000167, 41.966518403000123 ], [ 27.695167542000036, 41.965927125 ], [ 27.693611145000091, 41.964927673000091 ], [ 27.683076858000049, 41.966598512000076 ], [ 27.681289672000162, 41.966880798000147 ], [ 27.676101684000059, 41.964900970000144 ], [ 27.673789978000116, 41.958362581000131 ], [ 27.673038483000028, 41.958171844000049 ], [ 27.670438766000132, 41.957500458000084 ], [ 27.668466569000088, 41.952606201000094 ], [ 27.665430069000024, 41.952209473000096 ], [ 27.664438248000124, 41.954658509000069 ], [ 27.663211822999983, 41.957675934000065 ], [ 27.653627396000047, 41.951557159000117 ], [ 27.651235581000094, 41.952087402000075 ], [ 27.649578094, 41.956604003999985 ], [ 27.64527511700004, 41.955799103000118 ], [ 27.642896653000093, 41.955352782000034 ], [ 27.641279220000115, 41.954452515000071 ], [ 27.638910294000027, 41.953132630000027 ], [ 27.633966445000169, 41.950386047000052 ], [ 27.633384704999969, 41.951793671000189 ], [ 27.632299424000166, 41.954429627000138 ], [ 27.630470276000153, 41.953773498000089 ], [ 27.624959945000114, 41.951789855000015 ], [ 27.616592408000145, 41.95434189000008 ], [ 27.61414909400014, 41.953224182000156 ], [ 27.61466789300016, 41.950859069000103 ], [ 27.61796760500016, 41.94852829000007 ], [ 27.620897292000166, 41.946456910000109 ], [ 27.622608185000047, 41.945247651000159 ], [ 27.608139037000171, 41.937583924000137 ], [ 27.602643967000063, 41.936061859000063 ], [ 27.602466584000013, 41.939163209000128 ], [ 27.602279663000104, 41.942436219000058 ], [ 27.596910476000062, 41.944213868000134 ], [ 27.580720902000053, 41.930934906000118 ], [ 27.577426909999986, 41.93147659300007 ], [ 27.571580886000163, 41.936584473000153 ], [ 27.568567275000134, 41.93664169300007 ], [ 27.568675995000092, 41.931453705000138 ], [ 27.568429946000037, 41.931159974000082 ], [ 27.560766220000119, 41.921985626000037 ], [ 27.568552017000115, 41.920391084000073 ], [ 27.569049835000101, 41.917778016000057 ], [ 27.561998367, 41.915233612000065 ], [ 27.557416915000033, 41.913585663000049 ], [ 27.55736351000013, 41.912174224000069 ], [ 27.565435409000031, 41.910331725000106 ], [ 27.566415787000096, 41.908317566000164 ], [ 27.567394257000103, 41.906280518000187 ], [ 27.563875198000119, 41.901424408000025 ], [ 27.551439285000129, 41.899597167000081 ], [ 27.542110443000126, 41.907005309 ], [ 27.541553497000052, 41.90751648000014 ], [ 27.535417557000187, 41.913124086000096 ], [ 27.530298232000177, 41.920394897000165 ], [ 27.52598953200004, 41.929450989000031 ], [ 27.521623611, 41.936710359000074 ], [ 27.515726089, 41.943996430000084 ], [ 27.509033203000115, 41.950714112000128 ], [ 27.505275727000082, 41.953178405000187 ], [ 27.499866486000087, 41.952083588999983 ], [ 27.498807906000081, 41.951976777000027 ], [ 27.489858627000046, 41.951072694000118 ], [ 27.480701446000126, 41.952438355000027 ], [ 27.474697114000151, 41.956745148000152 ], [ 27.470941542999981, 41.959209443000191 ], [ 27.466516495000178, 41.964672089000089 ], [ 27.463544846000048, 41.968315125000061 ], [ 27.460519790000035, 41.969562531000065 ], [ 27.452808381000125, 41.968509674000074 ], [ 27.441354752000052, 41.969917297000109 ], [ 27.436128617000122, 41.974807739000084 ], [ 27.433300019, 41.98264312800012 ], [ 27.431888580000191, 41.986854553000171 ], [ 27.42815017800018, 41.989910126000098 ], [ 27.425832749000165, 41.989353180000194 ], [ 27.419681549000131, 41.988868712999988 ], [ 27.415891648000184, 41.990142822000166 ], [ 27.413017274000026, 41.996776581000063 ], [ 27.410814285000072, 41.999809265000181 ], [ 27.407068252000045, 42.002876281999988 ], [ 27.402557373000093, 42.005954743000075 ], [ 27.3943367010001, 42.013286591999986 ], [ 27.389959336000175, 42.021156311000027 ], [ 27.386997222000048, 42.024810792000153 ], [ 27.385610580000105, 42.030223846000013 ], [ 27.384189605000188, 42.034442901000148 ], [ 27.381246567000062, 42.039276123000036 ], [ 27.379049302000055, 42.043525696000188 ], [ 27.376867295000068, 42.049530030000142 ], [ 27.371578217000149, 42.054393768000068 ], [ 27.364740372000085, 42.058082581000178 ], [ 27.354837417000056, 42.06065368700007 ], [ 27.347993852, 42.060806274000186 ], [ 27.339616776000014, 42.06216812200006 ], [ 27.338087082000129, 42.063964844000054 ], [ 27.339588165000066, 42.065704346000075 ], [ 27.338718415000017, 42.071582794000108 ], [ 27.336843490999968, 42.075450897000167 ], [ 27.335561752000046, 42.078094484000133 ], [ 27.329357148000042, 42.08409500200014 ], [ 27.323259353000083, 42.085384368000064 ], [ 27.315578460000097, 42.089069366000103 ], [ 27.309476852000046, 42.090358734000063 ], [ 27.302555085000165, 42.094604492000144 ], [ 27.298715592000178, 42.096435548000159 ], [ 27.291086197000141, 42.097770691000051 ], [ 27.285736084000064, 42.0990448 ], [ 27.281127929000036, 42.10147476200018 ], [ 27.275703429000146, 42.105068208000148 ], [ 27.280513764000148, 42.109699250000119 ], [ 27.281414032000043, 42.112194062000128 ], [ 27.281604766000157, 42.114025115000061 ], [ 27.281097412000122, 42.119289399000024 ], [ 27.280975341000044, 42.122013092000088 ], [ 27.281581879000157, 42.125675201000149 ], [ 27.282852172000162, 42.128067018000024 ], [ 27.282173157000045, 42.134571075000053 ], [ 27.282642364000026, 42.137279510000042 ], [ 27.282501220000086, 42.13960647600004 ], [ 27.282127380000077, 42.142044068000132 ], [ 27.281518937000101, 42.14439010600006 ], [ 27.280782700000032, 42.146522523000044 ], [ 27.279943466000191, 42.148769378000054 ], [ 27.279310226, 42.150386811000033 ], [ 27.27784538200018, 42.152225495000096 ], [ 27.276704789000178, 42.154067994000059 ], [ 27.273048400000107, 42.159934999000086 ], [ 27.270797729000094, 42.16435623100017 ], [ 27.269430160000013, 42.16906738400013 ], [ 27.267486572000166, 42.172569276000161 ], [ 27.266010285000107, 42.174858093000068 ], [ 27.265666962000068, 42.179450988000042 ], [ 27.265920638000068, 42.182426453000119 ], [ 27.266561508000166, 42.185813903999986 ], [ 27.267831803000036, 42.188705444000163 ], [ 27.268726350000065, 42.190696716000048 ], [ 27.270500183000024, 42.192996978000167 ], [ 27.273275375000139, 42.194698333000133 ], [ 27.275686264000058, 42.196224212000175 ], [ 27.278459549000104, 42.197517395000148 ], [ 27.28110885500007, 42.198127746000125 ], [ 27.284997940000096, 42.198810578000121 ], [ 27.288892745, 42.199298858000191 ], [ 27.28991699300019, 42.199459076000153 ], [ 27.295539856000119, 42.200004579000051 ], [ 27.300865173000147, 42.200546264000025 ], [ 27.303976059000149, 42.200523376000092 ] ] ] ] } },
{ "type": "Feature", "properties": { "fid": 20, "GID_2": "BGR.2.6_1", "GID_0": "BGR", "COUNTRY": "Bulgaria", "GID_1": "BGR.2_1", "NAME_1": "Burgas", "NL_NAME_1": "Бургас", "NAME_2": "Nesebar", "VARNAME_2": "Nesebăr", "NL_NAME_2": "Несебър", "TYPE_2": "Obshtina", "ENGTYPE_2": "Municipality", "CC_2": "NA", "HASC_2": "BG.BR.NE" }, "geometry": { "type": "MultiPolygon", "coordinates": [ [ [ [ 27.882638932000134, 42.833686828000111 ], [ 27.882638932000134, 42.832359313000154 ], [ 27.882917405000171, 42.832359313000154 ], [ 27.882917405000171, 42.832084655000187 ], [ 27.883193971000139, 42.832084655000187 ], [ 27.883193971000139, 42.830696105000015 ], [ 27.882917405000171, 42.830696105000015 ], [ 27.882917405000171, 42.830139161000147 ], [ 27.883193971000139, 42.830139161000147 ], [ 27.883193971000139, 42.828472138000166 ], [ 27.883472444000176, 42.828472138000166 ], [ 27.883472444000176, 42.826805115000127 ], [ 27.883750915000064, 42.826805115000127 ], [ 27.883750915000064, 42.825138092000145 ], [ 27.8840274800001, 42.825138092000145 ], [ 27.8840274800001, 42.824306488000104 ], [ 27.884305953000137, 42.824306488000104 ], [ 27.884305953000137, 42.822082519 ], [ 27.884582519000105, 42.822082519 ], [ 27.884582519000105, 42.821804046000182 ], [ 27.884860992000142, 42.821804046000182 ], [ 27.884860992000142, 42.821529388000158 ], [ 27.885139465000179, 42.821529388000158 ], [ 27.885139465000179, 42.820972442000084 ], [ 27.885416030000044, 42.820972442000084 ], [ 27.885416030000044, 42.820693969000047 ], [ 27.885694503000082, 42.820693969000047 ], [ 27.885694503000082, 42.82041549600018 ], [ 27.885972976000119, 42.82041549600018 ], [ 27.885972976000119, 42.819583892000139 ], [ 27.885694503000082, 42.819583892000139 ], [ 27.885694503000082, 42.819305419000102 ], [ 27.885416030000044, 42.819305419000102 ], [ 27.885416030000044, 42.817916871000136 ], [ 27.885694503000082, 42.817916871000136 ], [ 27.885694503000082, 42.816806794000058 ], [ 27.885972976000119, 42.816806794000058 ], [ 27.885972976000119, 42.816528321000192 ], [ 27.886249542000087, 42.816528321000192 ], [ 27.886249542000087, 42.815971375000117 ], [ 27.886528015000124, 42.815971375000117 ], [ 27.886528015000124, 42.815418244000057 ], [ 27.886804579999989, 42.815418244000057 ], [ 27.886804579999989, 42.81513977100002 ], [ 27.886528015000124, 42.81513977100002 ], [ 27.886528015000124, 42.814304352000136 ], [ 27.887638092000032, 42.814304352000136 ], [ 27.887638092000032, 42.813472748000038 ], [ 27.887361526000063, 42.813472748000038 ], [ 27.887361526000063, 42.813194275000171 ], [ 27.887083053000026, 42.813194275000171 ], [ 27.887083053000026, 42.811805725000056 ], [ 27.887361526000063, 42.811805725000056 ], [ 27.887361526000063, 42.811248779000152 ], [ 27.887638092000032, 42.811248779000152 ], [ 27.887638092000032, 42.810417175000111 ], [ 27.887916565000069, 42.810417175000111 ], [ 27.887916565000069, 42.809581756000171 ], [ 27.888195038000106, 42.809581756000171 ], [ 27.888195038000106, 42.807918548000032 ], [ 27.888471603000028, 42.807914735000168 ], [ 27.888471603000028, 42.807083131000127 ], [ 27.888750076000065, 42.807083131000127 ], [ 27.888750076000065, 42.80680465800009 ], [ 27.889028549000102, 42.80680465800009 ], [ 27.889028549000102, 42.806526185000052 ], [ 27.88930511500007, 42.806526185000052 ], [ 27.88930511500007, 42.806251527000029 ], [ 27.889583588000107, 42.806251527000029 ], [ 27.889583588000107, 42.805694581000125 ], [ 27.889860153000143, 42.805694581000125 ], [ 27.889860153000143, 42.805137635000051 ], [ 27.889583588000107, 42.805137635000051 ], [ 27.889583588000107, 42.802917481000065 ], [ 27.889860153000143, 42.802917481000065 ], [ 27.889862061000144, 42.802082062000125 ], [ 27.89013862600018, 42.802082062000125 ], [ 27.89013862600018, 42.801250458000027 ], [ 27.890417099000047, 42.801250458000027 ], [ 27.890417099000047, 42.800971985 ], [ 27.890693665000185, 42.800971985 ], [ 27.890693665000185, 42.799861908000082 ], [ 27.890972138000052, 42.799861908000082 ], [ 27.890972138000052, 42.798751831000175 ], [ 27.891250611000089, 42.798751831000175 ], [ 27.891250611000089, 42.796527862000119 ], [ 27.891527176000125, 42.796527862000119 ], [ 27.891527176000125, 42.79624939100006 ], [ 27.892084122000028, 42.79624939100006 ], [ 27.892084122000028, 42.795970918000194 ], [ 27.892360688000167, 42.795970918000194 ], [ 27.892360688000167, 42.794860841000116 ], [ 27.892084122000028, 42.794860841000116 ], [ 27.892084122000028, 42.794303895000041 ], [ 27.892360688000167, 42.794303895000041 ], [ 27.892360688000167, 42.794029237000018 ], [ 27.892639161000034, 42.794029237000018 ], [ 27.892639161000034, 42.793472291000171 ], [ 27.892915726000126, 42.793472291000171 ], [ 27.892915726000126, 42.792362214000036 ], [ 27.893194199000163, 42.792362214000036 ], [ 27.893194199000163, 42.79208374100017 ], [ 27.893472671999973, 42.79208374100017 ], [ 27.893472671999973, 42.791805268000132 ], [ 27.893749238000169, 42.791805268000132 ], [ 27.893749238000169, 42.790695191000054 ], [ 27.894027710999978, 42.790695191000054 ], [ 27.894027710999978, 42.789859772000113 ], [ 27.894306184000015, 42.789859772000113 ], [ 27.894306184000015, 42.78930664100011 ], [ 27.894582749000108, 42.78930664100011 ], [ 27.894582749000108, 42.788749695000035 ], [ 27.894861222000145, 42.788749695000035 ], [ 27.894861222000145, 42.787361145000034 ], [ 27.895139692999976, 42.787361145000034 ], [ 27.895139692999976, 42.787082672 ], [ 27.895416259000115, 42.787082672 ], [ 27.895416259000115, 42.786529541000164 ], [ 27.895694731999981, 42.786529541000164 ], [ 27.895694731999981, 42.785415651000051 ], [ 27.895971297000074, 42.785415651000051 ], [ 27.895971297000074, 42.784584045000145 ], [ 27.896249770000111, 42.784584045000145 ], [ 27.896249770000111, 42.784305574000086 ], [ 27.896528243000148, 42.784305574000086 ], [ 27.896528243000148, 42.783748628000012 ], [ 27.896804809000116, 42.783748628000012 ], [ 27.896804809000116, 42.783473970000045 ], [ 27.897083282000153, 42.783473970000045 ], [ 27.897083282000153, 42.782917024000142 ], [ 27.89736175500019, 42.782917024000142 ], [ 27.89736175500019, 42.782638551000105 ], [ 27.897638320000056, 42.782638551000105 ], [ 27.897638320000056, 42.78208160500003 ], [ 27.897916793000093, 42.78208160500003 ], [ 27.897916793000093, 42.781806947000064 ], [ 27.897638320000056, 42.781806947000064 ], [ 27.897638320000056, 42.78125000100016 ], [ 27.89736175500019, 42.78125000100016 ], [ 27.89736175500019, 42.780693055000086 ], [ 27.897083282000153, 42.780693055000086 ], [ 27.897083282000153, 42.779582978000178 ], [ 27.89736175500019, 42.779582978000178 ], [ 27.89736175500019, 42.779304505000141 ], [ 27.897638320000056, 42.779304505000141 ], [ 27.897638320000056, 42.779026032000104 ], [ 27.897916793000093, 42.779026032000104 ], [ 27.897916793000093, 42.778472901000043 ], [ 27.89819526600013, 42.778472901000043 ], [ 27.89819526600013, 42.777637482000102 ], [ 27.898471832000098, 42.777637482000102 ], [ 27.898471832000098, 42.777084351000099 ], [ 27.898750305000135, 42.777084351000099 ], [ 27.898750305000135, 42.776527405000024 ], [ 27.898471832000098, 42.776527405000024 ], [ 27.898471832000098, 42.775417328000117 ], [ 27.898750305000135, 42.775417328000117 ], [ 27.898750305000135, 42.77486038100011 ], [ 27.899026870000171, 42.77486038100011 ], [ 27.899026870000171, 42.774307250999982 ], [ 27.899305343000037, 42.774307250999982 ], [ 27.899305343000037, 42.773750304000032 ], [ 27.899583816000074, 42.773750304000032 ], [ 27.899583816000074, 42.773471833000144 ], [ 27.899860382000043, 42.773471833000144 ], [ 27.899860382000043, 42.773193360000107 ], [ 27.90013885500008, 42.773193360000107 ], [ 27.90013885500008, 42.77291488700007 ], [ 27.900417328000117, 42.77291488700007 ], [ 27.900417328000117, 42.772361756000066 ], [ 27.900693892999982, 42.772361756000066 ], [ 27.900693892999982, 42.772083283000029 ], [ 27.900972366000019, 42.772083283000029 ], [ 27.900972366000019, 42.770694733000084 ], [ 27.900693892999982, 42.770694733000084 ], [ 27.900693892999982, 42.770137787000181 ], [ 27.900417328000117, 42.770137787000181 ], [ 27.900417328000117, 42.76958465600012 ], [ 27.900693892999982, 42.76958465600012 ], [ 27.900693892999982, 42.769306183000083 ], [ 27.900972366000019, 42.769306183000083 ], [ 27.900972366000019, 42.767639160000101 ], [ 27.900693892999982, 42.767639160000101 ], [ 27.900693892999982, 42.766250610000156 ], [ 27.900417328000117, 42.766250610000156 ], [ 27.900417328000117, 42.765972137000119 ], [ 27.90013885500008, 42.765972137000119 ], [ 27.90013885500008, 42.765415191000045 ], [ 27.899860382000043, 42.765415191000045 ], [ 27.899860382000043, 42.765140533000022 ], [ 27.899305343000037, 42.765140533000022 ], [ 27.899305343000037, 42.764862059999984 ], [ 27.898750305000135, 42.764862059999984 ], [ 27.898750305000135, 42.764583587000175 ], [ 27.898471832000098, 42.764583587000175 ], [ 27.898471832000098, 42.7640266410001 ], [ 27.89819526600013, 42.7640266410001 ], [ 27.89819526600013, 42.763748168000063 ], [ 27.897916793000093, 42.763748168000063 ], [ 27.897916793000093, 42.76347351000004 ], [ 27.897638320000056, 42.76347351000004 ], [ 27.897638320000056, 42.763195037000173 ], [ 27.896390914000051, 42.763195037000173 ], [ 27.895416259000115, 42.763195037000173 ], [ 27.895416259000115, 42.762916564000136 ], [ 27.894861222000145, 42.762916564000136 ], [ 27.894861222000145, 42.762638091000099 ], [ 27.894582749000108, 42.762638091000099 ], [ 27.894582749000108, 42.762359620000097 ], [ 27.894306184000015, 42.762359620000097 ], [ 27.894306184000015, 42.761528016 ], [ 27.894027710999978, 42.761528016 ], [ 27.894027710999978, 42.761035919000051 ], [ 27.894027710999978, 42.760971070000096 ], [ 27.893957138000133, 42.760971070000096 ], [ 27.893749238000169, 42.760971070000096 ], [ 27.893749238000169, 42.760784149000187 ], [ 27.893749238000169, 42.760417939000092 ], [ 27.894027710999978, 42.760417939000092 ], [ 27.894027710999978, 42.759582520000151 ], [ 27.893749238000169, 42.759582520000151 ], [ 27.893749238000169, 42.759304047000114 ], [ 27.893472671999973, 42.759304047000114 ], [ 27.893472671999973, 42.758193970000036 ], [ 27.892915726000126, 42.758193970000036 ], [ 27.892915726000126, 42.757637024000132 ], [ 27.892639161000034, 42.757637024000132 ], [ 27.892639161000034, 42.755695343000127 ], [ 27.892360688000167, 42.755695343000127 ], [ 27.892360688000167, 42.75541687000009 ], [ 27.891250611000089, 42.75541687000009 ], [ 27.891250611000089, 42.755138397000053 ], [ 27.890972138000052, 42.755138397000053 ], [ 27.890972138000052, 42.754859924000016 ], [ 27.890693665000185, 42.754859924000016 ], [ 27.890693665000185, 42.754585266000049 ], [ 27.890417099000047, 42.754581450999979 ], [ 27.890417099000047, 42.754306793000183 ], [ 27.89013862600018, 42.754306793000183 ], [ 27.89013862600018, 42.754028320000145 ], [ 27.88930511500007, 42.754028320000145 ], [ 27.88930511500007, 42.753749847000108 ], [ 27.889028549000102, 42.753749847000108 ], [ 27.889028549000102, 42.753471374000071 ], [ 27.888750076000065, 42.753471374000071 ], [ 27.888750076000065, 42.75263977000003 ], [ 27.888471603000028, 42.75263977000003 ], [ 27.888471603000028, 42.750972747 ], [ 27.888750076000065, 42.750972747 ], [ 27.888750076000065, 42.750694276000161 ], [ 27.889028549000102, 42.750694276000161 ], [ 27.889028549000102, 42.750415803000124 ], [ 27.88930511500007, 42.750415803000124 ], [ 27.88930511500007, 42.749862670000084 ], [ 27.889583588000107, 42.749862670000084 ], [ 27.889583588000107, 42.749305726000046 ], [ 27.889860153000143, 42.749305726000046 ], [ 27.889860153000143, 42.748474122000118 ], [ 27.889583588000107, 42.748474122000118 ], [ 27.889583588000107, 42.746807099000137 ], [ 27.889860153000143, 42.746807099000137 ], [ 27.889862061000144, 42.746528626000099 ], [ 27.89013862600018, 42.746528626000099 ], [ 27.89013862600018, 42.744861603000118 ], [ 27.890417099000047, 42.744861603000118 ], [ 27.890417099000047, 42.74458313000008 ], [ 27.890693665000185, 42.74458313000008 ], [ 27.890693665000185, 42.744304657000043 ], [ 27.890972138000052, 42.744304657000043 ], [ 27.890972138000052, 42.742916107000099 ], [ 27.891250611000089, 42.742916107000099 ], [ 27.891250611000089, 42.74041748000019 ], [ 27.891527176000125, 42.74041748000019 ], [ 27.891527176000125, 42.740139007000153 ], [ 27.891805649000162, 42.740139007000153 ], [ 27.891805649000162, 42.739860534000115 ], [ 27.892084122000028, 42.739860534000115 ], [ 27.892084122000028, 42.739307403000112 ], [ 27.892360688000167, 42.739307403000112 ], [ 27.892360688000167, 42.738193513000112 ], [ 27.892639161000034, 42.738193513000112 ], [ 27.892639161000034, 42.736526490000131 ], [ 27.892915726000126, 42.736526490000131 ], [ 27.892915726000126, 42.73569488600009 ], [ 27.893194199000163, 42.73569488600009 ], [ 27.893194199000163, 42.734306336000088 ], [ 27.893472671999973, 42.734306336000088 ], [ 27.893472671999973, 42.733749390000014 ], [ 27.893749238000169, 42.733749390000014 ], [ 27.893749238000169, 42.733470916999977 ], [ 27.894027710999978, 42.733470916999977 ], [ 27.894027710999978, 42.732917786000144 ], [ 27.894306184000015, 42.732917786000144 ], [ 27.894306184000015, 42.731529236000029 ], [ 27.894582749000108, 42.731529236000029 ], [ 27.894582749000108, 42.731250763000162 ], [ 27.894861222000145, 42.731250763000162 ], [ 27.894861222000145, 42.730972290000125 ], [ 27.895139692999976, 42.730972290000125 ], [ 27.895139692999976, 42.730693817000088 ], [ 27.895416259000115, 42.730693817000088 ], [ 27.895416259000115, 42.73041534400005 ], [ 27.895694731999981, 42.73041534400005 ], [ 27.895694731999981, 42.72958374000018 ], [ 27.895971297000074, 42.72958374000018 ], [ 27.895971297000074, 42.728748323000048 ], [ 27.896249770000111, 42.728748323000048 ], [ 27.896249770000111, 42.727916717000141 ], [ 27.896528243000148, 42.727916717000141 ], [ 27.896528243000148, 42.72763824600014 ], [ 27.896804809000116, 42.72763824600014 ], [ 27.896804809000116, 42.727359773000103 ], [ 27.897083282000153, 42.727359773000103 ], [ 27.897083282000153, 42.726806642000042 ], [ 27.89736175500019, 42.726806642000042 ], [ 27.89736175500019, 42.726528169 ], [ 27.897638320000056, 42.726528169 ], [ 27.897638320000056, 42.725692750000064 ], [ 27.897916793000093, 42.725692750000064 ], [ 27.897916793000093, 42.724861146000194 ], [ 27.89819526600013, 42.724861146000194 ], [ 27.89819526600013, 42.724582673000157 ], [ 27.898471832000098, 42.724582673000157 ], [ 27.898471832000098, 42.724029542000153 ], [ 27.898750305000135, 42.724029542000153 ], [ 27.898750305000135, 42.723751069000116 ], [ 27.899026870000171, 42.723751069000116 ], [ 27.899026870000171, 42.723194123000042 ], [ 27.899305343000037, 42.723194123000042 ], [ 27.899305343000037, 42.722637177000138 ], [ 27.899583816000074, 42.722637177000138 ], [ 27.899583816000074, 42.722362519000171 ], [ 27.899860382000043, 42.722362519000171 ], [ 27.899860382000043, 42.722084046000134 ], [ 27.90013885500008, 42.722084046000134 ], [ 27.90013885500008, 42.721805573000097 ], [ 27.900417328000117, 42.721805573000097 ], [ 27.900417328000117, 42.72097396900017 ], [ 27.900693892999982, 42.72097396900017 ], [ 27.900693892999982, 42.720138550000058 ], [ 27.900972366000019, 42.720138550000058 ], [ 27.900972366000019, 42.719306946000188 ], [ 27.901250839000056, 42.719306946000188 ], [ 27.901250839000056, 42.718750000000114 ], [ 27.901527405000024, 42.718750000000114 ], [ 27.901527405000024, 42.716251373000034 ], [ 27.901250839000056, 42.716251373000034 ], [ 27.901250839000056, 42.715694429000166 ], [ 27.901527405000024, 42.715694429000166 ], [ 27.901527405000024, 42.715137483000092 ], [ 27.901805878000062, 42.715137483000092 ], [ 27.901805878000062, 42.714584352000088 ], [ 27.902082443000154, 42.714584352000088 ], [ 27.902082443000154, 42.714305879000051 ], [ 27.902360916000191, 42.714305879000051 ], [ 27.902360916000191, 42.713195802000087 ], [ 27.902082443000154, 42.713195802000087 ], [ 27.902082443000154, 42.710693359000061 ], [ 27.901805878000062, 42.710693359000061 ], [ 27.901805878000062, 42.71014022900016 ], [ 27.901527405000024, 42.71014022900016 ], [ 27.901527405000024, 42.709304809000116 ], [ 27.901250839000056, 42.709304809000116 ], [ 27.901250839000056, 42.708751678999988 ], [ 27.900972366000019, 42.708751678999988 ], [ 27.900972366000019, 42.708194732000038 ], [ 27.900693892999982, 42.708194732000038 ], [ 27.900693892999982, 42.707916259000172 ], [ 27.900972366000019, 42.707916259000172 ], [ 27.900972366000019, 42.706527709000056 ], [ 27.900693892999982, 42.706527709000056 ], [ 27.900693892999982, 42.70624923600019 ], [ 27.900417328000117, 42.70624923600019 ], [ 27.900417328000117, 42.705696105000129 ], [ 27.899860382000043, 42.705696105000129 ], [ 27.899860382000043, 42.70430374200015 ], [ 27.90013885500008, 42.70430374200015 ], [ 27.90013885500008, 42.704029084000126 ], [ 27.899860382000043, 42.704029084000126 ], [ 27.899860382000043, 42.703193665000015 ], [ 27.90013885500008, 42.703193665000015 ], [ 27.90013885500008, 42.702640534000182 ], [ 27.900693892999982, 42.702640534000182 ], [ 27.900693892999982, 42.702362061000144 ], [ 27.900972366000019, 42.702362061000144 ], [ 27.900972366000019, 42.702083588000107 ], [ 27.901250839000056, 42.702083588000107 ], [ 27.901250839000056, 42.701248169000166 ], [ 27.900972366000019, 42.701248169000166 ], [ 27.900972366000019, 42.700973511000029 ], [ 27.900693892999982, 42.700973511000029 ], [ 27.900693892999982, 42.700695038000163 ], [ 27.900417328000117, 42.700695038000163 ], [ 27.900417328000117, 42.700416565000126 ], [ 27.90013885500008, 42.700416565000126 ], [ 27.90013885500008, 42.700138092000088 ], [ 27.899305343000037, 42.700138092000088 ], [ 27.899305343000037, 42.699859619000051 ], [ 27.898750305000135, 42.699859619000051 ], [ 27.898750305000135, 42.699584961000085 ], [ 27.89819526600013, 42.699584961000085 ], [ 27.89819526600013, 42.699306488000047 ], [ 27.897916793000093, 42.699306488000047 ], [ 27.897916793000093, 42.699028015000181 ], [ 27.897638320000056, 42.699028015000181 ], [ 27.897638320000056, 42.698749542000144 ], [ 27.897331238000049, 42.698749542000144 ], [ 27.896528243000148, 42.698749542000144 ], [ 27.896528243000148, 42.698471069000107 ], [ 27.896249770000111, 42.698471069000107 ], [ 27.896249770000111, 42.698192596000069 ], [ 27.895971297000074, 42.698192596000069 ], [ 27.895971297000074, 42.697917938000046 ], [ 27.895416259000115, 42.697917938000046 ], [ 27.895416259000115, 42.697639465 ], [ 27.893749238000169, 42.697639465 ], [ 27.893749238000169, 42.697360991999972 ], [ 27.892360688000167, 42.697360991999972 ], [ 27.892360688000167, 42.697639465 ], [ 27.890693665000185, 42.697639465 ], [ 27.890693665000185, 42.697917938000046 ], [ 27.888471603000028, 42.697917938000046 ], [ 27.888471603000028, 42.698192596000069 ], [ 27.887361526000063, 42.698192596000069 ], [ 27.887361526000063, 42.698471069000107 ], [ 27.886806488000161, 42.698471069000107 ], [ 27.886806488000161, 42.698749542000144 ], [ 27.885694503000082, 42.698749542000144 ], [ 27.885694503000082, 42.699028015000181 ], [ 27.885139465000179, 42.699028015000181 ], [ 27.885139465000179, 42.699306488000047 ], [ 27.882083894000061, 42.699306488000047 ], [ 27.882083894000061, 42.699584961000085 ], [ 27.881526948000158, 42.699584961000085 ], [ 27.881526948000158, 42.699859619000051 ], [ 27.881250382000189, 42.699859619000051 ], [ 27.881250382000189, 42.700138092000088 ], [ 27.88069534400006, 42.700138092000088 ], [ 27.88069534400006, 42.700416565000126 ], [ 27.878471375000174, 42.700416565000126 ], [ 27.878471375000174, 42.700695038000163 ], [ 27.877916336000169, 42.700695038000163 ], [ 27.877916336000169, 42.700973511000029 ], [ 27.875972748000152, 42.700973511000029 ], [ 27.875972748000152, 42.701248169000166 ], [ 27.875694274000182, 42.701248169000166 ], [ 27.875694274000182, 42.700973511000029 ], [ 27.87458419799998, 42.700973511000029 ], [ 27.87458419799998, 42.700695038000163 ], [ 27.872638701000028, 42.700695038000163 ], [ 27.872638701000028, 42.700416565000126 ], [ 27.872083663000126, 42.700416565000126 ], [ 27.872083663000126, 42.700138092000088 ], [ 27.868749619000141, 42.700138092000088 ], [ 27.868749619000141, 42.700416565000126 ], [ 27.867361069000026, 42.700416565000126 ], [ 27.867361069000026, 42.700138092000088 ], [ 27.861528396000153, 42.700138092000088 ], [ 27.861528396000153, 42.700416565000126 ], [ 27.859306336000145, 42.700416565000126 ], [ 27.859306336000145, 42.700695038000163 ], [ 27.858472824999978, 42.700695038000163 ], [ 27.858472824999978, 42.700973511000029 ], [ 27.858194352000169, 42.700973511000029 ], [ 27.858194352000169, 42.700695038000163 ], [ 27.856805802000167, 42.700695038000163 ], [ 27.856805802000167, 42.700973511000029 ], [ 27.854028702000107, 42.700973511000029 ], [ 27.854028702000107, 42.700695038000163 ], [ 27.848749162000047, 42.700695038000163 ], [ 27.848749162000047, 42.700416565000126 ], [ 27.847084046000134, 42.700416565000126 ], [ 27.847084046000134, 42.700695038000163 ], [ 27.843750000000171, 42.700695038000163 ], [ 27.843750000000171, 42.700973511000029 ], [ 27.842916488000128, 42.700973511000029 ], [ 27.842916488000128, 42.700695038000163 ], [ 27.842082977000132, 42.700695038000163 ], [ 27.842082977000132, 42.700416565000126 ], [ 27.840139388000182, 42.700416565000126 ], [ 27.840139388000182, 42.700695038000163 ], [ 27.839582442000108, 42.700695038000163 ], [ 27.839582442000108, 42.700973511000029 ], [ 27.839027404000035, 42.700973511000029 ], [ 27.839027404000035, 42.701248169000166 ], [ 27.83847236500003, 42.701248169000166 ], [ 27.83847236500003, 42.701526642000033 ], [ 27.838193894000142, 42.701526642000033 ], [ 27.838193894000142, 42.70180511500007 ], [ 27.835138321000045, 42.70180511500007 ], [ 27.835138321000045, 42.702083588000107 ], [ 27.834583283000086, 42.702083588000107 ], [ 27.834583283000086, 42.70180511500007 ], [ 27.834304810000049, 42.70180511500007 ], [ 27.834304810000049, 42.702083588000107 ], [ 27.833471298, 42.702083588000107 ], [ 27.833471298, 42.70180511500007 ], [ 27.833194733000141, 42.70180511500007 ], [ 27.833194733000141, 42.702083588000107 ], [ 27.832082748000062, 42.702083588000107 ], [ 27.832082748000062, 42.702362061000144 ], [ 27.831527710000159, 42.702362061000144 ], [ 27.831527710000159, 42.702640534000182 ], [ 27.830139159999987, 42.702640534000182 ], [ 27.830139159999987, 42.702915191999978 ], [ 27.829027175000135, 42.702915191999978 ], [ 27.829027175000135, 42.703193665000015 ], [ 27.827083587000061, 42.703193665000015 ], [ 27.827083587000061, 42.703472138000052 ], [ 27.825971604000131, 42.703472138000052 ], [ 27.825971604000131, 42.703750611000089 ], [ 27.825416566000058, 42.703750611000089 ], [ 27.825416566000058, 42.703472138000052 ], [ 27.824583054000186, 42.703472138000052 ], [ 27.824583054000186, 42.703750611000089 ], [ 27.824028016000113, 42.703750611000089 ], [ 27.824028016000113, 42.704029084000126 ], [ 27.823472977000108, 42.704029084000126 ], [ 27.823472977000108, 42.70430374200015 ], [ 27.822916031000034, 42.70430374200015 ], [ 27.822916031000034, 42.704582215000187 ], [ 27.821527481000089, 42.704582215000187 ], [ 27.821527481000089, 42.70430374200015 ], [ 27.820138931000088, 42.70430374200015 ], [ 27.820138931000088, 42.704582215000187 ], [ 27.819583893000186, 42.704582215000187 ], [ 27.819583893000186, 42.70430374200015 ], [ 27.818750381000143, 42.70430374200015 ], [ 27.818750381000143, 42.704029084000126 ], [ 27.816528320000032, 42.704029084000126 ], [ 27.816528320000032, 42.703750611000089 ], [ 27.815416337000158, 42.703750611000089 ], [ 27.815416337000158, 42.703472138000052 ], [ 27.814861299000086, 42.703472138000052 ], [ 27.814861299000086, 42.703193665000015 ], [ 27.81430626000008, 42.703193665000015 ], [ 27.81430626000008, 42.702915191999978 ], [ 27.813472749000084, 42.702915191999978 ], [ 27.813472749000084, 42.702640534000182 ], [ 27.812360764, 42.702640534000182 ], [ 27.812360764, 42.702362061000144 ], [ 27.81208419900014, 42.702362061000144 ], [ 27.81208419900014, 42.701248169000166 ], [ 27.810138702000188, 42.701248169000166 ], [ 27.810138702000188, 42.700973511000029 ], [ 27.809583664000115, 42.700973511000029 ], [ 27.809583664000115, 42.700695038000163 ], [ 27.808195114000171, 42.700695038000163 ], [ 27.808195114000171, 42.700973511000029 ], [ 27.807638168000096, 42.700973511000029 ], [ 27.807638168000096, 42.701248169000166 ], [ 27.806804656000054, 42.701248169000166 ], [ 27.806804656000054, 42.701526642000033 ], [ 27.806528091000132, 42.701526642000033 ], [ 27.806528091000132, 42.702083588000107 ], [ 27.806249618000095, 42.702083588000107 ], [ 27.806249618000095, 42.702362061000144 ], [ 27.805973052000127, 42.702362061000144 ], [ 27.805973052000127, 42.702640534000182 ], [ 27.80569457900009, 42.702640534000182 ], [ 27.80569457900009, 42.702915191999978 ], [ 27.805416106000052, 42.702915191999978 ], [ 27.805416106000052, 42.703193665000015 ], [ 27.805139541000187, 42.703193665000015 ], [ 27.805139541000187, 42.703472138000052 ], [ 27.80486106800015, 42.703472138000052 ], [ 27.80486106800015, 42.703193665000015 ], [ 27.803472520000184, 42.703193665000015 ], [ 27.803472520000184, 42.703472138000052 ], [ 27.802639008000142, 42.703472138000052 ], [ 27.802639008000142, 42.703750611000089 ], [ 27.80097198500016, 42.703750611000089 ], [ 27.80097198500016, 42.703472138000052 ], [ 27.798194885000044, 42.703472138000052 ], [ 27.798194885000044, 42.703193665000015 ], [ 27.797361374000104, 42.703193665000015 ], [ 27.797361374000104, 42.702915191999978 ], [ 27.796249389000025, 42.702915191999978 ], [ 27.796249389000025, 42.702640534000182 ], [ 27.795415878000085, 42.702640534000182 ], [ 27.795415878000085, 42.702362061000144 ], [ 27.794305801000178, 42.702362061000144 ], [ 27.794305801000178, 42.702083588000107 ], [ 27.793193816000098, 42.702083588000107 ], [ 27.793193816000098, 42.702362061000144 ], [ 27.792917251000176, 42.702362061000144 ], [ 27.792917251000176, 42.702640534000182 ], [ 27.792638778000139, 42.702640534000182 ], [ 27.792638778000139, 42.702915191999978 ], [ 27.792917251000176, 42.702915191999978 ], [ 27.792917251000176, 42.703472138000052 ], [ 27.79208374100017, 42.703472138000052 ], [ 27.79208374100017, 42.702915191999978 ], [ 27.792360307000138, 42.702915191999978 ], [ 27.792360307000138, 42.702640534000182 ], [ 27.79125023, 42.702640534000182 ], [ 27.79125023, 42.703193665000015 ], [ 27.790695191, 42.703193665000015 ], [ 27.790695191, 42.703472138000052 ], [ 27.789304734000154, 42.703472138000052 ], [ 27.789304734000154, 42.703750611000089 ], [ 27.785972595000089, 42.703750611000089 ], [ 27.785972595000089, 42.704029084000126 ], [ 27.78541755700013, 42.704029084000126 ], [ 27.78541755700013, 42.70430374200015 ], [ 27.784584045000088, 42.70430374200015 ], [ 27.784584045000088, 42.704582215000187 ], [ 27.78180503800013, 42.704582215000187 ], [ 27.78180503800013, 42.704860688000053 ], [ 27.78069496300003, 42.704860688000053 ], [ 27.78069496300003, 42.705139159000055 ], [ 27.778194428000177, 42.705139159000055 ], [ 27.778194428000177, 42.705417632000092 ], [ 27.776805878, 42.705417632000092 ], [ 27.776805878, 42.705139159000055 ], [ 27.775693893000096, 42.705139159000055 ], [ 27.775693893000096, 42.705417632000092 ], [ 27.775138855000023, 42.705417632000092 ], [ 27.775138855000023, 42.705696105000129 ], [ 27.774026870000114, 42.705696105000129 ], [ 27.774026870000114, 42.705970763000153 ], [ 27.773195266000073, 42.705970763000153 ], [ 27.773195266000073, 42.70624923600019 ], [ 27.772638320000169, 42.70624923600019 ], [ 27.772638320000169, 42.706527709000056 ], [ 27.772361755000134, 42.706527709000056 ], [ 27.772361755000134, 42.706806182000093 ], [ 27.770971297000187, 42.706806182000093 ], [ 27.770971297000187, 42.706527709000056 ], [ 27.770416259000058, 42.706527709000056 ], [ 27.770416259000058, 42.706806182000093 ], [ 27.769861220000053, 42.706806182000093 ], [ 27.769861220000053, 42.707084655000131 ], [ 27.767917634000185, 42.707084655000131 ], [ 27.767915726000012, 42.707359313000097 ], [ 27.766250611000032, 42.707359313000097 ], [ 27.766250611000032, 42.707637786000134 ], [ 27.765972138000166, 42.707637786000134 ], [ 27.765972138000166, 42.707916259000172 ], [ 27.765693665000128, 42.707916259000172 ], [ 27.765693665000128, 42.708194732000038 ], [ 27.762638091999975, 42.708194732000038 ], [ 27.762638091999975, 42.708473205000075 ], [ 27.759860992000085, 42.708473205000075 ], [ 27.759860992000085, 42.708194732000038 ], [ 27.758472442000141, 42.708194732000038 ], [ 27.758472442000141, 42.708473205000075 ], [ 27.75736045900004, 42.708473205000075 ], [ 27.75736045900004, 42.708194732000038 ], [ 27.757083894000175, 42.708194732000038 ], [ 27.757083894000175, 42.707916259000172 ], [ 27.756805421000138, 42.707916259000172 ], [ 27.756805421000138, 42.707637786000134 ], [ 27.754861832000131, 42.707637786000134 ], [ 27.754861832000131, 42.707359313000097 ], [ 27.751527786000167, 42.707359313000097 ], [ 27.751527786000167, 42.707637786000134 ], [ 27.75124931300013, 42.707637786000134 ], [ 27.75124931300013, 42.707916259000172 ], [ 27.750139236000052, 42.707916259000172 ], [ 27.750139236000052, 42.708194732000038 ], [ 27.749305725000056, 42.708194732000038 ], [ 27.749305725000056, 42.708473205000075 ], [ 27.747083663000069, 42.708473205000075 ], [ 27.747083663000069, 42.708751678999988 ], [ 27.746528625000167, 42.708751678999988 ], [ 27.746528625000167, 42.708473205000075 ], [ 27.745971679999968, 42.708473205000075 ], [ 27.745971679999968, 42.708194732000038 ], [ 27.744304657000157, 42.708194732000038 ], [ 27.744304657000157, 42.708473205000075 ], [ 27.744028092000121, 42.708473205000075 ], [ 27.744028092000121, 42.708194732000038 ], [ 27.743473053000116, 42.708194732000038 ], [ 27.743473053000116, 42.707916259000172 ], [ 27.742916107000042, 42.707916259000172 ], [ 27.742916107000042, 42.708194732000038 ], [ 27.742639542000177, 42.708194732000038 ], [ 27.742639542000177, 42.707916259000172 ], [ 27.741806030000134, 42.707916259000172 ], [ 27.741806030000134, 42.707637786000134 ], [ 27.741527557000097, 42.707637786000134 ], [ 27.741527557000097, 42.707359313000097 ], [ 27.740694046000101, 42.707359313000097 ], [ 27.740694046000101, 42.707084655000131 ], [ 27.740417480000133, 42.707084655000131 ], [ 27.740417480000133, 42.706806182000093 ], [ 27.739583969000023, 42.706806182000093 ], [ 27.739583969000023, 42.707084655000131 ], [ 27.739027023000119, 42.707084655000131 ], [ 27.739027023000119, 42.707359313000097 ], [ 27.738471984000114, 42.707359313000097 ], [ 27.738471984000114, 42.707637786000134 ], [ 27.738195419000078, 42.707637786000134 ], [ 27.738193511000077, 42.707916259000172 ], [ 27.737916946000041, 42.707916259000172 ], [ 27.737916946000041, 42.708194732000038 ], [ 27.737638473000175, 42.708194732000038 ], [ 27.737638473000175, 42.708473205000075 ], [ 27.737083434000169, 42.708473205000075 ], [ 27.737083434000169, 42.708751678999988 ], [ 27.736528396000097, 42.708751678999988 ], [ 27.736528396000097, 42.709026336000079 ], [ 27.735416413000166, 42.709026336000079 ], [ 27.735416413000166, 42.709304809000116 ], [ 27.734306336000088, 42.709304809000116 ], [ 27.734306336000088, 42.709583282000153 ], [ 27.73263931300005, 42.709583282000153 ], [ 27.73263931300005, 42.709026336000079 ], [ 27.730972290000068, 42.709026336000079 ], [ 27.730972290000068, 42.708751678999988 ], [ 27.730693817000031, 42.708751678999988 ], [ 27.730693817000031, 42.709026336000079 ], [ 27.730138779000129, 42.709026336000079 ], [ 27.730138779000129, 42.709304809000116 ], [ 27.729860306000091, 42.709304809000116 ], [ 27.729860306000091, 42.709026336000079 ], [ 27.729583740000123, 42.709026336000079 ], [ 27.729583740000123, 42.708751678999988 ], [ 27.729028702000051, 42.708751678999988 ], [ 27.729028702000051, 42.708473205000075 ], [ 27.728471756000147, 42.708473205000075 ], [ 27.728471756000147, 42.708194732000038 ], [ 27.727916717000141, 42.708194732000038 ], [ 27.727916717000141, 42.707916259000172 ], [ 27.727083205999975, 42.707916259000172 ], [ 27.727083205999975, 42.708194732000038 ], [ 27.726528166999969, 42.708194732000038 ], [ 27.726528166999969, 42.707916259000172 ], [ 27.726249694000103, 42.707916259000172 ], [ 27.726249694000103, 42.707084655000131 ], [ 27.725973129000067, 42.707084655000131 ], [ 27.725973129000067, 42.706527709000056 ], [ 27.724582671000121, 42.706527709000056 ], [ 27.724582671000121, 42.706325532000108 ], [ 27.724582671000121, 42.705970763000153 ], [ 27.724306106000085, 42.705970763000153 ], [ 27.724306106000085, 42.705696105000129 ], [ 27.724027635000027, 42.705696105000129 ], [ 27.724027635000027, 42.705417632000092 ], [ 27.723749162000161, 42.705417632000092 ], [ 27.723749162000161, 42.705139159000055 ], [ 27.723194123000155, 42.705139159000055 ], [ 27.723194123000155, 42.704860688000053 ], [ 27.722639085000083, 42.704860688000053 ], [ 27.722639085000083, 42.704582215000187 ], [ 27.722084046000077, 42.704582215000187 ], [ 27.722084046000077, 42.70430374200015 ], [ 27.721527100000174, 42.70430374200015 ], [ 27.721527100000174, 42.704029084000126 ], [ 27.721250535000138, 42.704029084000126 ], [ 27.721250535000138, 42.702640534000182 ], [ 27.720972062000101, 42.702640534000182 ], [ 27.720972062000101, 42.70180511500007 ], [ 27.720417023000095, 42.70180511500007 ], [ 27.720417023000095, 42.701526642000033 ], [ 27.719583512000099, 42.701526642000033 ], [ 27.719583512000099, 42.701248169000166 ], [ 27.719305039000062, 42.701248169000166 ], [ 27.719305039000062, 42.700973511000029 ], [ 27.719028473000094, 42.700973511000029 ], [ 27.719028473000094, 42.700695038000163 ], [ 27.71875, 42.700695038000163 ], [ 27.71875, 42.700138092000088 ], [ 27.71847152700002, 42.700138092000088 ], [ 27.71847152700002, 42.699306488000047 ], [ 27.717916489000118, 42.699306488000047 ], [ 27.717916489000118, 42.699028015000181 ], [ 27.71763801600008, 42.699028015000181 ], [ 27.71763801600008, 42.698749542000144 ], [ 27.717361450000112, 42.698749542000144 ], [ 27.717361450000112, 42.698471069000107 ], [ 27.717082977000075, 42.698471069000107 ], [ 27.717082977000075, 42.697917938000046 ], [ 27.716806412000039, 42.697917938000046 ], [ 27.716806412000039, 42.697082519000105 ], [ 27.716527939000173, 42.697082519000105 ], [ 27.716527939000173, 42.696804046000068 ], [ 27.716249466000136, 42.696804046000068 ], [ 27.716249466000136, 42.696529388000101 ], [ 27.715972900000168, 42.696529388000101 ], [ 27.715972900000168, 42.695972442000027 ], [ 27.71569442700013, 42.695972442000027 ], [ 27.71569442700013, 42.695415496000123 ], [ 27.715415954000093, 42.695415496000123 ], [ 27.715415954000093, 42.694583892000082 ], [ 27.715139389000058, 42.694583892000082 ], [ 27.715139389000058, 42.694305419000045 ], [ 27.714582443000154, 42.694305419000045 ], [ 27.714582443000154, 42.694026948000158 ], [ 27.714305877000186, 42.694026948000158 ], [ 27.714305877000186, 42.69374847500012 ], [ 27.714027404000149, 42.69374847500012 ], [ 27.714027404000149, 42.692638398000042 ], [ 27.714305877000186, 42.692638398000042 ], [ 27.714305877000186, 42.692359925000176 ], [ 27.715139389000058, 42.692359925000176 ], [ 27.715139389000058, 42.691806794000172 ], [ 27.715415954000093, 42.691806794000172 ], [ 27.715415954000093, 42.691249848000098 ], [ 27.715139389000058, 42.691249848000098 ], [ 27.715139389000058, 42.690971375000061 ], [ 27.714860916000191, 42.690971375000061 ], [ 27.714860916000191, 42.690692902000194 ], [ 27.713750839000056, 42.690692902000194 ], [ 27.713750839000056, 42.690418244 ], [ 27.713472366000019, 42.690418244 ], [ 27.713472366000019, 42.689582825000059 ], [ 27.713750839000056, 42.689582825000059 ], [ 27.713750839000056, 42.688194275000114 ], [ 27.713472366000019, 42.688194275000114 ], [ 27.713472366000019, 42.687915802000077 ], [ 27.712917327000014, 42.687915802000077 ], [ 27.712917327000014, 42.685974121000129 ], [ 27.712638856000183, 42.685974121000129 ], [ 27.712638856000183, 42.682083131000013 ], [ 27.712360383000146, 42.682083131000013 ], [ 27.712360383000146, 42.681804657999976 ], [ 27.712083817000178, 42.681804657999976 ], [ 27.712083817000178, 42.680694581000068 ], [ 27.71180534400014, 42.680694581000068 ], [ 27.71180534400014, 42.678749085000049 ], [ 27.711526871000103, 42.678749085000049 ], [ 27.711526871000103, 42.675415039000029 ], [ 27.711250306000011, 42.675415039000029 ], [ 27.711250306000011, 42.673194885000044 ], [ 27.711526871000103, 42.673194885000044 ], [ 27.711526871000103, 42.672084808000136 ], [ 27.71180534400014, 42.672084808000136 ], [ 27.71180534400014, 42.670970918000137 ], [ 27.712083817000178, 42.670970918000137 ], [ 27.712083817000178, 42.670139314000096 ], [ 27.712360383000146, 42.670139314000096 ], [ 27.712360383000146, 42.669582368000192 ], [ 27.712638856000183, 42.669582368000192 ], [ 27.712638856000183, 42.669029237000132 ], [ 27.712917327000014, 42.669029237000132 ], [ 27.712917327000014, 42.668472291000057 ], [ 27.713193892000106, 42.668472291000057 ], [ 27.713193892000106, 42.66819381800002 ], [ 27.713472366000019, 42.66819381800002 ], [ 27.713472366000019, 42.667640687000187 ], [ 27.713750839000056, 42.667640687000187 ], [ 27.713750839000056, 42.667083741000113 ], [ 27.714582443000154, 42.667083741000113 ], [ 27.714582443000154, 42.666805268000076 ], [ 27.714860916000191, 42.666805268000076 ], [ 27.714860916000191, 42.666526795000038 ], [ 27.715139389000058, 42.666526795000038 ], [ 27.715139389000058, 42.666248322000172 ], [ 27.715415954000093, 42.666248322000172 ], [ 27.715415954000093, 42.665973664000035 ], [ 27.71569442700013, 42.665973664000035 ], [ 27.71569442700013, 42.665695191000168 ], [ 27.716806412000039, 42.665695191000168 ], [ 27.716806412000039, 42.665416718000131 ], [ 27.71847152700002, 42.665416718000131 ], [ 27.71847152700002, 42.665138245000094 ], [ 27.720138550000058, 42.665138245000094 ], [ 27.720138550000058, 42.664859772000057 ], [ 27.720417023000095, 42.664859772000057 ], [ 27.720417023000095, 42.66458511400009 ], [ 27.720693589000064, 42.66458511400009 ], [ 27.720693589000064, 42.664028168000186 ], [ 27.720972062000101, 42.664028168000186 ], [ 27.720972062000101, 42.663749695000149 ], [ 27.721250535000138, 42.663749695000149 ], [ 27.721250535000138, 42.663471222000112 ], [ 27.72180557300004, 42.663471222000112 ], [ 27.72180557300004, 42.663192749000075 ], [ 27.722084046000077, 42.663192749000075 ], [ 27.722084046000077, 42.662918091000051 ], [ 27.722360612000045, 42.662918091000051 ], [ 27.722360612000045, 42.662639618000014 ], [ 27.72291755800012, 42.662639618000014 ], [ 27.72291755800012, 42.662361144999977 ], [ 27.723194123000155, 42.662361144999977 ], [ 27.723194123000155, 42.662082672000111 ], [ 27.723472596000192, 42.662082672000111 ], [ 27.723472596000192, 42.661529541000107 ], [ 27.723749162000161, 42.661529541000107 ], [ 27.723749162000161, 42.660694122000166 ], [ 27.724027635000027, 42.660694122000166 ], [ 27.724027635000027, 42.660415649000129 ], [ 27.725139617000025, 42.660415649000129 ], [ 27.725139617000025, 42.660137178000127 ], [ 27.72569465600003, 42.660137178000127 ], [ 27.72569465600003, 42.659862518000125 ], [ 27.727361679000012, 42.659862518000125 ], [ 27.727361679000012, 42.659584045000088 ], [ 27.729028702000051, 42.659584045000088 ], [ 27.729028702000051, 42.65930557400003 ], [ 27.729583740000123, 42.65930557400003 ], [ 27.729583740000123, 42.659027101000163 ], [ 27.730417252000166, 42.659027101000163 ], [ 27.730417252000166, 42.65930557400003 ], [ 27.732084275000147, 42.65930557400003 ], [ 27.732084275000147, 42.659584045000088 ], [ 27.732360840000013, 42.659584045000088 ], [ 27.732360840000013, 42.660972595000032 ], [ 27.733749390000185, 42.660972595000032 ], [ 27.733749390000185, 42.660415649000129 ], [ 27.735416413000166, 42.660415649000129 ], [ 27.735416413000166, 42.660694122000166 ], [ 27.735694884000054, 42.660694122000166 ], [ 27.735694884000054, 42.660972595000032 ], [ 27.736249923000059, 42.660972595000032 ], [ 27.736249923000059, 42.66125106800007 ], [ 27.737361907000036, 42.66125106800007 ], [ 27.737361907000036, 42.661529541000107 ], [ 27.739305496000156, 42.661529541000107 ], [ 27.739305496000156, 42.66125106800007 ], [ 27.739583969000023, 42.66125106800007 ], [ 27.739583969000023, 42.660972595000032 ], [ 27.739860534000059, 42.660972595000032 ], [ 27.739860534000059, 42.660694122000166 ], [ 27.740417480000133, 42.660694122000166 ], [ 27.740417480000133, 42.660415649000129 ], [ 27.740694046000101, 42.660415649000129 ], [ 27.740694046000101, 42.660137178000127 ], [ 27.74124908400006, 42.660137178000127 ], [ 27.74124908400006, 42.659862518000125 ], [ 27.741527557000097, 42.659862518000125 ], [ 27.741527557000097, 42.65930557400003 ], [ 27.74124908400006, 42.65930557400003 ], [ 27.74124908400006, 42.659027101000163 ], [ 27.740972518999968, 42.659027101000163 ], [ 27.740972518999968, 42.658748628000126 ], [ 27.740417480000133, 42.658748628000126 ], [ 27.740417480000133, 42.65847396800018 ], [ 27.738750457000151, 42.65847396800018 ], [ 27.738750457000151, 42.658195497000122 ], [ 27.738471984000114, 42.658195497000122 ], [ 27.738471984000114, 42.657917024000085 ], [ 27.738193511000077, 42.657917024000085 ], [ 27.738193511000077, 42.657638551000048 ], [ 27.737916946000041, 42.657638551000048 ], [ 27.737916946000041, 42.657360078000181 ], [ 27.736528396000097, 42.657360078000181 ], [ 27.736528396000097, 42.657638551000048 ], [ 27.735137940000129, 42.657638551000048 ], [ 27.735137940000129, 42.657360078000181 ], [ 27.734306336000088, 42.657360078000181 ], [ 27.734306336000088, 42.657081605000144 ], [ 27.733749390000185, 42.657081605000144 ], [ 27.733749390000185, 42.656806947000177 ], [ 27.733472825000092, 42.656806947000177 ], [ 27.733472825000092, 42.65652847400014 ], [ 27.733194352000055, 42.65652847400014 ], [ 27.733194352000055, 42.656250001000103 ], [ 27.732915879000018, 42.656250001000103 ], [ 27.732915879000018, 42.655693055000029 ], [ 27.73263931300005, 42.655693055000029 ], [ 27.73263931300005, 42.655418397 ], [ 27.732084275000147, 42.655418397 ], [ 27.732082366999975, 42.654861451000102 ], [ 27.73180580200011, 42.654861451000102 ], [ 27.73180580200011, 42.654582978000064 ], [ 27.731250763000105, 42.654582978000064 ], [ 27.731250763000105, 42.654304505000027 ], [ 27.729860306000091, 42.654304505000027 ], [ 27.729860306000091, 42.655418397 ], [ 27.730138779000129, 42.655418397 ], [ 27.730138779000129, 42.655971528000066 ], [ 27.730417252000166, 42.655971528000066 ], [ 27.730417252000166, 42.656806947000177 ], [ 27.730138779000129, 42.656806947000177 ], [ 27.730138779000129, 42.657081605000144 ], [ 27.729860306000091, 42.657081605000144 ], [ 27.729860306000091, 42.657638551000048 ], [ 27.729583740000123, 42.657638551000048 ], [ 27.729583740000123, 42.658195497000122 ], [ 27.729305267000086, 42.658195497000122 ], [ 27.729305267000086, 42.65847396800018 ], [ 27.729028702000051, 42.65847396800018 ], [ 27.729028702000051, 42.658748628000126 ], [ 27.728471756000147, 42.658748628000126 ], [ 27.728471756000147, 42.659027101000163 ], [ 27.727361679000012, 42.659027101000163 ], [ 27.727361679000012, 42.658748628000126 ], [ 27.726249694000103, 42.658748628000126 ], [ 27.726249694000103, 42.657360078000181 ], [ 27.725416183000164, 42.657360078000181 ], [ 27.725416183000164, 42.657638551000048 ], [ 27.724861144000158, 42.657638551000048 ], [ 27.724861144000158, 42.657917024000085 ], [ 27.724306106000085, 42.657917024000085 ], [ 27.724306106000085, 42.658195497000122 ], [ 27.722360612000045, 42.658195497000122 ], [ 27.722360612000045, 42.657917024000085 ], [ 27.72180557300004, 42.657917024000085 ], [ 27.72180557300004, 42.657638551000048 ], [ 27.721527100000174, 42.657638551000048 ], [ 27.721527100000174, 42.657360078000181 ], [ 27.719861984999966, 42.657360078000181 ], [ 27.719861984999966, 42.657081605000144 ], [ 27.719583512000099, 42.657081605000144 ], [ 27.719583512000099, 42.657360078000181 ], [ 27.719305039000062, 42.657360078000181 ], [ 27.719305039000062, 42.657081605000144 ], [ 27.71875, 42.657081605000144 ], [ 27.71875, 42.656879425000113 ], [ 27.71875, 42.656806947000177 ], [ 27.717916489000118, 42.656806947000177 ], [ 27.717916489000118, 42.65652847400014 ], [ 27.717361450000112, 42.65652847400014 ], [ 27.717361450000112, 42.655971528000066 ], [ 27.717082977000075, 42.655971528000066 ], [ 27.717082977000075, 42.655418397 ], [ 27.716527939000173, 42.655418397 ], [ 27.716527939000173, 42.655139923999968 ], [ 27.716249466000136, 42.655139923999968 ], [ 27.716249466000136, 42.654861451000102 ], [ 27.715972900000168, 42.654861451000102 ], [ 27.715972900000168, 42.654582978000064 ], [ 27.71569442700013, 42.654582978000064 ], [ 27.71569442700013, 42.654304505000027 ], [ 27.715415954000093, 42.654304505000027 ], [ 27.715415954000093, 42.654026032 ], [ 27.715139389000058, 42.654026032 ], [ 27.715139389000058, 42.654304505000027 ], [ 27.714860916000191, 42.654304505000027 ], [ 27.714860916000191, 42.654026032 ], [ 27.714582443000154, 42.654026032 ], [ 27.714582443000154, 42.653751374000194 ], [ 27.714305877000186, 42.653751374000194 ], [ 27.714305877000186, 42.653472901000157 ], [ 27.714027404000149, 42.653472901000157 ], [ 27.714027404000149, 42.652915955000083 ], [ 27.713750839000056, 42.652915955000083 ], [ 27.713750839000056, 42.652362824000079 ], [ 27.713472366000019, 42.652362824000079 ], [ 27.713472366000019, 42.652084351000042 ], [ 27.713193892000106, 42.652084351000042 ], [ 27.713193892000106, 42.651805878000175 ], [ 27.712917327000014, 42.651805878000175 ], [ 27.712917327000014, 42.651527405000138 ], [ 27.712638856000183, 42.651527405000138 ], [ 27.712638856000183, 42.651248932000101 ], [ 27.712360383000146, 42.651248932000101 ], [ 27.712360383000146, 42.650695801000097 ], [ 27.712083817000178, 42.650695801000097 ], [ 27.712083817000178, 42.649860382000156 ], [ 27.71180534400014, 42.649860382000156 ], [ 27.71180534400014, 42.649105073000101 ], [ 27.71180534400014, 42.649028778000059 ], [ 27.712083817000178, 42.649028778000059 ], [ 27.712083817000178, 42.648750305000021 ], [ 27.712360383000146, 42.648750305000021 ], [ 27.712360383000146, 42.648471831999984 ], [ 27.712083817000178, 42.648471831999984 ], [ 27.712083817000178, 42.647361757000056 ], [ 27.71180534400014, 42.647361757000056 ], [ 27.71180534400014, 42.646526337000068 ], [ 27.711526871000103, 42.646526337000068 ], [ 27.711526871000103, 42.646251680000148 ], [ 27.711250306000011, 42.646251680000148 ], [ 27.711250306000011, 42.646526337000068 ], [ 27.710695267, 42.646526337000068 ], [ 27.710695267, 42.645973207000111 ], [ 27.709861756000066, 42.645973207000111 ], [ 27.709861756000066, 42.646251680000148 ], [ 27.709583283000029, 42.646251680000148 ], [ 27.709583283000029, 42.646373748000144 ], [ 27.709583283000029, 42.646526337000068 ], [ 27.709028244000024, 42.646526337000068 ], [ 27.709028244000024, 42.646804810000106 ], [ 27.708749771000157, 42.646804810000106 ], [ 27.708749771000157, 42.647083284000018 ], [ 27.707916260000047, 42.647083284000018 ], [ 27.707916260000047, 42.647914887000184 ], [ 27.707639694000079, 42.647914887000184 ], [ 27.707639694000079, 42.647640228000114 ], [ 27.707361221000042, 42.647640228000114 ], [ 27.707361221000042, 42.647361757000056 ], [ 27.707082748000175, 42.647361757000056 ], [ 27.707082748000175, 42.647640228000114 ], [ 27.706527710000103, 42.647640228000114 ], [ 27.706527710000103, 42.647914887000184 ], [ 27.705972671000097, 42.647914887000184 ], [ 27.705972671000097, 42.648471831999984 ], [ 27.70569419800006, 42.648471831999984 ], [ 27.70569419800006, 42.648750305000021 ], [ 27.705139160000101, 42.648750305000021 ], [ 27.705139160000101, 42.649028778000059 ], [ 27.704584121000096, 42.649028778000059 ], [ 27.704584121000096, 42.649307251000096 ], [ 27.704027175000022, 42.649307251000096 ], [ 27.704027175000022, 42.649581909000119 ], [ 27.703750610000156, 42.649581909000119 ], [ 27.703750610000156, 42.649307251000096 ], [ 27.702917098000114, 42.649307251000096 ], [ 27.702917098000114, 42.649581909000119 ], [ 27.702362060000041, 42.649581909000119 ], [ 27.702362060000041, 42.649860382000156 ], [ 27.702083587000175, 42.649860382000156 ], [ 27.702083587000175, 42.650138855000193 ], [ 27.701528548000169, 42.650138855000193 ], [ 27.701528548000169, 42.650695801000097 ], [ 27.701250075000132, 42.650695801000097 ], [ 27.701250075000132, 42.650970459000064 ], [ 27.700695039000038, 42.650970459000064 ], [ 27.700695039000038, 42.651248932000101 ], [ 27.700416566000172, 42.651248932000101 ], [ 27.700416566000172, 42.650970459000064 ], [ 27.700138093000135, 42.650970459000064 ], [ 27.700138093000135, 42.651248932000101 ], [ 27.699583054000129, 42.651248932000101 ], [ 27.699583054000129, 42.651527405000138 ], [ 27.699306489000094, 42.651527405000138 ], [ 27.699306489000094, 42.651805878000175 ], [ 27.697360993000018, 42.651805878000175 ], [ 27.697360993000018, 42.651527405000138 ], [ 27.696805954000013, 42.651527405000138 ], [ 27.696805954000013, 42.651248932000101 ], [ 27.695693970000036, 42.651248932000101 ], [ 27.695693970000036, 42.651527405000138 ], [ 27.695417404000068, 42.651527405000138 ], [ 27.695417404000068, 42.651805878000175 ], [ 27.695138931000031, 42.651805878000175 ], [ 27.695138931000031, 42.652084351000042 ], [ 27.691804885000067, 42.652084351000042 ], [ 27.691804885000067, 42.651805878000175 ], [ 27.691528319999975, 42.651805878000175 ], [ 27.691528319999975, 42.651248932000101 ], [ 27.691804885000067, 42.651248932000101 ], [ 27.691804885000067, 42.649860382000156 ], [ 27.691528319999975, 42.649860382000156 ], [ 27.691528319999975, 42.649581909000119 ], [ 27.69013977000003, 42.649581909000119 ], [ 27.69013977000003, 42.649860382000156 ], [ 27.689306259999967, 42.649860382000156 ], [ 27.689306259999967, 42.649581909000119 ], [ 27.689027787000157, 42.649581909000119 ], [ 27.689027787000157, 42.649028778000059 ], [ 27.68874931400012, 42.649028778000059 ], [ 27.68874931400012, 42.648750305000021 ], [ 27.688194276000161, 42.648750305000021 ], [ 27.688194276000161, 42.648471831999984 ], [ 27.687915803000124, 42.648471831999984 ], [ 27.687915803000124, 42.647914887000184 ], [ 27.687639237000155, 42.647914887000184 ], [ 27.687639237000155, 42.647361757000056 ], [ 27.687360764000118, 42.647361757000056 ], [ 27.687360764000118, 42.647083284000018 ], [ 27.687084199000083, 42.647083284000018 ], [ 27.687084199000083, 42.646804810000106 ], [ 27.686805726000046, 42.646804810000106 ], [ 27.686805726000046, 42.646526337000068 ], [ 27.68625068700004, 42.646526337000068 ], [ 27.68625068700004, 42.646259308000083 ], [ 27.686223984000037, 42.646251680000148 ], [ 27.685972214000174, 42.646251680000148 ], [ 27.685972214000174, 42.646183014000144 ], [ 27.685972214000174, 42.645973207000111 ], [ 27.685417176000101, 42.645973207000111 ], [ 27.685417176000101, 42.645694732999971 ], [ 27.684906007000166, 42.645694732999971 ], [ 27.684860230000027, 42.645694732999971 ], [ 27.684860230000027, 42.645660400000111 ], [ 27.684860230000027, 42.645416260000161 ], [ 27.684583664000058, 42.645416260000161 ], [ 27.684583664000058, 42.644584656000063 ], [ 27.684305191000192, 42.644584656000063 ], [ 27.684305191000192, 42.644306183000026 ], [ 27.684028626000099, 42.644306183000026 ], [ 27.684028626000099, 42.644027710000159 ], [ 27.683750153000062, 42.644027710000159 ], [ 27.683750153000062, 42.643749237000122 ], [ 27.683471680000025, 42.643749237000122 ], [ 27.683471680000025, 42.643470764000085 ], [ 27.683195114000057, 42.643470764000085 ], [ 27.683195114000057, 42.643196106000119 ], [ 27.68291664100002, 42.643196106000119 ], [ 27.68291664100002, 42.642917633000081 ], [ 27.682638167999983, 42.642917633000081 ], [ 27.682638167999983, 42.641803741000103 ], [ 27.682361603000118, 42.641803741000103 ], [ 27.682361603000118, 42.641529083000137 ], [ 27.681804656000168, 42.641529083000137 ], [ 27.681804656000168, 42.6412506100001 ], [ 27.681249618000038, 42.6412506100001 ], [ 27.681249618000038, 42.640972137000063 ], [ 27.680973053000173, 42.640972137000063 ], [ 27.680973053000173, 42.640415191000159 ], [ 27.680694580000136, 42.640415191000159 ], [ 27.680694580000136, 42.640140533000135 ], [ 27.680416106000166, 42.640140533000135 ], [ 27.680416106000166, 42.639305114000024 ], [ 27.680139541000131, 42.639305114000024 ], [ 27.680139541000131, 42.639026640999987 ], [ 27.679861068000093, 42.639026640999987 ], [ 27.679861068000093, 42.638748168000177 ], [ 27.679582595000056, 42.638748168000177 ], [ 27.679582595000056, 42.638473510000154 ], [ 27.679306029000088, 42.638473510000154 ], [ 27.679306029000088, 42.638195037000116 ], [ 27.679027556000051, 42.638195037000116 ], [ 27.679027556000051, 42.637916564000079 ], [ 27.678749085, 42.637916564000079 ], [ 27.678749085, 42.637638091000042 ], [ 27.678472518000149, 42.637638091000042 ], [ 27.678472518000149, 42.637359620000041 ], [ 27.67819404700009, 42.637359620000041 ], [ 27.67819404700009, 42.637084960000038 ], [ 27.677917481000122, 42.637084960000038 ], [ 27.677917481000122, 42.636806487000172 ], [ 27.677639008000085, 42.636806487000172 ], [ 27.677639008000085, 42.635971070000039 ], [ 27.677360535000048, 42.635971070000039 ], [ 27.677360535000048, 42.635417939000035 ], [ 27.677083970000183, 42.635417939000035 ], [ 27.677083970000183, 42.635139466000169 ], [ 27.676805497000146, 42.635139466000169 ], [ 27.676805497000146, 42.635417939000035 ], [ 27.676527024000109, 42.635417939000035 ], [ 27.676527024000109, 42.636528016000113 ], [ 27.676805497000146, 42.636528016000113 ], [ 27.676805497000146, 42.637359620000041 ], [ 27.676252366000085, 42.637359620000041 ], [ 27.675971985000103, 42.637359620000041 ], [ 27.675971985000103, 42.637638091000042 ], [ 27.675138474000164, 42.637638091000042 ], [ 27.675138474000164, 42.637916564000079 ], [ 27.674583435000159, 42.637916564000079 ], [ 27.674583435000159, 42.637638091000042 ], [ 27.672637939000083, 42.637638091000042 ], [ 27.672637939000083, 42.637359620000041 ], [ 27.671527862000175, 42.637359620000041 ], [ 27.671527862000175, 42.637638091000042 ], [ 27.670972824000103, 42.637638091000042 ], [ 27.670972824000103, 42.637916564000079 ], [ 27.670694351000066, 42.637916564000079 ], [ 27.670694351000066, 42.637638091000042 ], [ 27.667360307000081, 42.637638091000042 ], [ 27.667360307000081, 42.637916564000079 ], [ 27.666805268000076, 42.637916564000079 ], [ 27.666805268000076, 42.638195037000116 ], [ 27.666528701000175, 42.638195037000116 ], [ 27.666528701000175, 42.638473510000154 ], [ 27.666250230000117, 42.638473510000154 ], [ 27.666250230000117, 42.638195037000116 ], [ 27.665695191000111, 42.638195037000116 ], [ 27.665695191000111, 42.638473510000154 ], [ 27.665416718000074, 42.638473510000154 ], [ 27.665416718000074, 42.638748168000177 ], [ 27.664962310000135, 42.638748993000149 ], [ 27.664861996000184, 42.638893 ], [ 27.664861680000172, 42.639026640999987 ], [ 27.664769924000041, 42.639027000000112 ], [ 27.663243268000031, 42.641216705000033 ], [ 27.660337420000133, 42.64538459500011 ], [ 27.659847260000049, 42.646087647000172 ], [ 27.659643092000067, 42.646407901000032 ], [ 27.655621001000043, 42.652718001000039 ], [ 27.655607951000036, 42.652746359999981 ], [ 27.654617, 42.6549 ], [ 27.654462386000034, 42.655235950000133 ], [ 27.653564453000058, 42.657188415000121 ], [ 27.652988434000122, 42.659755707000045 ], [ 27.652675967000107, 42.661127709000084 ], [ 27.652584, 42.661532 ], [ 27.652403000000163, 42.662327000000118 ], [ 27.651070000000175, 42.666222000000118 ], [ 27.648823, 42.670826 ], [ 27.648083, 42.673737 ], [ 27.646994, 42.677132 ], [ 27.646506397000167, 42.678309373000104 ], [ 27.645817, 42.679974 ], [ 27.642616115000124, 42.681907931000126 ], [ 27.641640312000163, 42.683627095000077 ], [ 27.640919000000167, 42.684898001000079 ], [ 27.639859027000114, 42.686672793000184 ], [ 27.638800000000117, 42.688446 ], [ 27.638781640000047, 42.688478808000127 ], [ 27.637879793000138, 42.690090419000171 ], [ 27.63621330300009, 42.693069459000071 ], [ 27.635688013000163, 42.69413237700013 ], [ 27.635077000000138, 42.69537 ], [ 27.634623048000037, 42.700532924000072 ], [ 27.634209, 42.705242000000169 ], [ 27.632357000000127, 42.710222000000101 ], [ 27.630035000000191, 42.716469 ], [ 27.626041000000157, 42.721077 ], [ 27.625543137000079, 42.721679927000139 ], [ 27.622682270000041, 42.725145251000185 ], [ 27.621948118000091, 42.726179111000079 ], [ 27.620354000000134, 42.728424000000132 ], [ 27.618027, 42.730572 ], [ 27.617538494000087, 42.731049247000158 ], [ 27.616899490000151, 42.731674195000039 ], [ 27.616695403000051, 42.733882904000041 ], [ 27.616514207000137, 42.736763001000043 ], [ 27.61352725200004, 42.74012077600014 ], [ 27.612320001000057, 42.741478 ], [ 27.610488948000182, 42.742613032000122 ], [ 27.608655196000143, 42.743751141000075 ], [ 27.607153, 42.745434000000103 ], [ 27.604448, 42.748466000000178 ], [ 27.599009509000098, 42.753899537000052 ], [ 27.596153266000101, 42.757029266000131 ], [ 27.595104170000127, 42.758178813000086 ], [ 27.594259179000119, 42.759978023000087 ], [ 27.592478, 42.763771000000133 ], [ 27.590988, 42.766251000000182 ], [ 27.590972852999982, 42.766271822000135 ], [ 27.589543832000174, 42.768236455000078 ], [ 27.587717057000077, 42.770748139000034 ], [ 27.583551407000016, 42.776607513000101 ], [ 27.582384110000191, 42.779518127000188 ], [ 27.582403898000052, 42.780173267000066 ], [ 27.582442000000185, 42.781428 ], [ 27.582490767000024, 42.783046279000075 ], [ 27.582955888000072, 42.785300146000168 ], [ 27.583542, 42.788132000000132 ], [ 27.58331796300007, 42.791226709000171 ], [ 27.582890360000135, 42.791931819000069 ], [ 27.581555566000191, 42.794132873000081 ], [ 27.58154361600009, 42.794151130000103 ], [ 27.58087104700013, 42.794972384000175 ], [ 27.578572359000191, 42.797779234000075 ], [ 27.57856251200019, 42.797793180000156 ], [ 27.577782296000123, 42.799175871999978 ], [ 27.576797486000146, 42.800922395000157 ], [ 27.575916290000066, 42.802276611000138 ], [ 27.575054169000055, 42.804729461000022 ], [ 27.575135101000171, 42.805126370000096 ], [ 27.575410791000081, 42.806477179000069 ], [ 27.575413, 42.806488000000172 ], [ 27.576095000000123, 42.806792 ], [ 27.576436547000014, 42.806944303000137 ], [ 27.578203202000111, 42.807731629000102 ], [ 27.582471480000152, 42.80827482900014 ], [ 27.582519842000067, 42.808280980000177 ], [ 27.587152481000089, 42.808803559000182 ], [ 27.589289715000177, 42.80875063700006 ], [ 27.591158000000121, 42.808704 ], [ 27.594756000000132, 42.809177 ], [ 27.596702434000065, 42.809432980000111 ], [ 27.596733, 42.809437 ], [ 27.598059, 42.810437 ], [ 27.599556429000188, 42.811567814000171 ], [ 27.602743000000146, 42.814177 ], [ 27.604269000000102, 42.815426000000173 ], [ 27.605099, 42.816253 ], [ 27.607731, 42.818874 ], [ 27.60780861700016, 42.818955341999981 ], [ 27.611607000000106, 42.822936 ], [ 27.611831651000159, 42.823171537000064 ], [ 27.614468049000152, 42.825475587000085 ], [ 27.617483000000107, 42.82811 ], [ 27.622496000000126, 42.832169000000135 ], [ 27.628883, 42.835644 ], [ 27.629604, 42.836504000000161 ], [ 27.630152000000123, 42.837158000000102 ], [ 27.631031277000147, 42.838164553000183 ], [ 27.632038, 42.839317 ], [ 27.632053597000152, 42.839338390000194 ], [ 27.632485, 42.839930000000152 ], [ 27.633621, 42.841488 ], [ 27.633963000000165, 42.843222 ], [ 27.634311719000152, 42.844992574000116 ], [ 27.634331, 42.846233 ], [ 27.634337303000109, 42.846659299000123 ], [ 27.634342195000158, 42.846977233000132 ], [ 27.634354241000096, 42.847757283000192 ], [ 27.634373000000153, 42.848953000000108 ], [ 27.634122000000161, 42.850373000000161 ], [ 27.634098000000108, 42.850506000000166 ], [ 27.636623000000156, 42.854401 ], [ 27.63882800000016, 42.857006 ], [ 27.638849000000107, 42.858266 ], [ 27.638856956000041, 42.858758262000094 ], [ 27.638623543, 42.860739572999989 ], [ 27.638596000000121, 42.860973 ], [ 27.637839632000066, 42.861760863000143 ], [ 27.637083000000189, 42.862549001000161 ], [ 27.637032498999986, 42.86266102899998 ], [ 27.635883, 42.865211 ], [ 27.634543000000178, 42.866730000000132 ], [ 27.633496827000045, 42.867915729000117 ], [ 27.633486001, 42.86792800000012 ], [ 27.632697305000136, 42.86884388500016 ], [ 27.630769974000088, 42.871082027000057 ], [ 27.630275257000108, 42.871590037000033 ], [ 27.628351214000133, 42.873565780000149 ], [ 27.628393170000095, 42.875774202000059 ], [ 27.62878616800009, 42.876241922000077 ], [ 27.629650115000061, 42.877269745000092 ], [ 27.632732392000094, 42.878074646000186 ], [ 27.63444217000017, 42.878168979000066 ], [ 27.635497999000052, 42.878226999000105 ], [ 27.636540517000128, 42.87827371100002 ], [ 27.638578416000087, 42.87836456399998 ], [ 27.641028569000071, 42.878471025000181 ], [ 27.641236000000106, 42.878480000000138 ], [ 27.641640923000125, 42.87849756300011 ], [ 27.641650999000035, 42.878497999000103 ], [ 27.643808, 42.878448000000162 ], [ 27.644362000000115, 42.878989000000161 ], [ 27.646, 42.880589 ], [ 27.646005000000116, 42.880877 ], [ 27.646029744000032, 42.882335931000057 ], [ 27.64603, 42.882351000000142 ], [ 27.645773000000133, 42.883112 ], [ 27.64543, 42.884129 ], [ 27.644539000000179, 42.886349 ], [ 27.643467000000101, 42.888576 ], [ 27.643358000000148, 42.888802000000112 ], [ 27.641533000000152, 42.890606000000162 ], [ 27.639721000000122, 42.892651 ], [ 27.639289010000084, 42.894193963000134 ], [ 27.638857001000133, 42.895737000000167 ], [ 27.638859, 42.89610000000016 ], [ 27.638862043000017, 42.896712892999972 ], [ 27.638866210000117, 42.897510460000149 ], [ 27.639848710000024, 42.897182465000128 ], [ 27.645362854000098, 42.896232606000126 ], [ 27.648685455000134, 42.895896913000172 ], [ 27.651632309999968, 42.895561219000115 ], [ 27.656419754000126, 42.894634246000066 ], [ 27.660848617000056, 42.894279480000193 ], [ 27.666376113000183, 42.894130708000148 ], [ 27.672658920000174, 42.893192291 ], [ 27.677442550000023, 42.89202880900001 ], [ 27.681135177999977, 42.891414643000189 ], [ 27.685195923000151, 42.891063691000113 ], [ 27.688888551000161, 42.890724183000088 ], [ 27.691478730000142, 42.890659333000031 ], [ 27.695186616000171, 42.89031982400013 ], [ 27.700271607000161, 42.889366150000058 ], [ 27.700719833000107, 42.889427185000045 ], [ 27.704401015000087, 42.887245178000114 ], [ 27.706611634000126, 42.885883331000116 ], [ 27.708812714000146, 42.884006501000101 ], [ 27.710269928000116, 42.881874086000153 ], [ 27.711740494000082, 42.879989625000064 ], [ 27.712455750000117, 42.878368379000051 ], [ 27.711687089, 42.876544953000177 ], [ 27.710176467999986, 42.87474823000008 ], [ 27.709053040000128, 42.873455049000142 ], [ 27.707187653000062, 42.87191390900017 ], [ 27.705665589000091, 42.87010955900007 ], [ 27.704908371000101, 42.868793488000165 ], [ 27.704517365000129, 42.867229462000068 ], [ 27.704858779000119, 42.865627289000145 ], [ 27.707061767000141, 42.863815307000095 ], [ 27.70855140700013, 42.862373352000077 ], [ 27.710420608000106, 42.860660554000106 ], [ 27.717117309000059, 42.856227874000183 ], [ 27.720737458000031, 42.852535248000038 ], [ 27.723270417000094, 42.849708558000088 ], [ 27.727373124000167, 42.846050262000063 ], [ 27.732889175000139, 42.84405136100014 ], [ 27.740959168000018, 42.838405609 ], [ 27.745351792000065, 42.833621980000089 ], [ 27.749736787000018, 42.833267213000113 ], [ 27.758886338000082, 42.834217072000115 ], [ 27.762537002000158, 42.832748414000093 ], [ 27.765819550000174, 42.832706452000025 ], [ 27.7691059120001, 42.831409454000152 ], [ 27.77064323400009, 42.829605102000073 ], [ 27.772785187000125, 42.827838899000085 ], [ 27.774938583000164, 42.82659149300008 ], [ 27.775680543000078, 42.824306488000104 ], [ 27.777612686000168, 42.821125031000179 ], [ 27.780990601000155, 42.820541382000158 ], [ 27.785661698000183, 42.819591522000053 ], [ 27.790870667000149, 42.820236205000185 ], [ 27.795513152000126, 42.820865632000164 ], [ 27.801553725000133, 42.821697236000034 ], [ 27.809047699000075, 42.822669984000015 ], [ 27.815265655000132, 42.823551178000116 ], [ 27.823711396000192, 42.826957703000176 ], [ 27.829971314000147, 42.829586028000108 ], [ 27.837106704000064, 42.832588196000188 ], [ 27.84181785700008, 42.833889007000096 ], [ 27.845306396000126, 42.834533692000036 ], [ 27.848571778000121, 42.834888459000183 ], [ 27.85255622800014, 42.8349456790001 ], [ 27.859077453000111, 42.835174560000098 ], [ 27.867879868000045, 42.834697723000033 ], [ 27.870223998000029, 42.834655761000079 ], [ 27.874435425000058, 42.834106445000145 ], [ 27.880594254000073, 42.834064483000191 ], [ 27.880605697000021, 42.833789825000053 ], [ 27.882638932000134, 42.833686828000111 ] ] ] ] } },
{ "type": "Feature", "properties": { "fid": 21, "GID_2": "BGR.2.7_1", "GID_0": "BGR", "COUNTRY": "Bulgaria", "GID_1": "BGR.2_1", "NAME_1": "Burgas", "NL_NAME_1": "Бургас", "NAME_2": "Pomorie", "VARNAME_2": "Anchialos|Anchialus|Tuthom|Anhia", "NL_NAME_2": "Поморие", "TYPE_2": "Obshtina", "ENGTYPE_2": "Municipality", "CC_2": "NA", "HASC_2": "BG.BR.PO" }, "geometry": { "type": "MultiPolygon", "coordinates": [ [ [ [ 27.566086661000043, 42.552600965000181 ], [ 27.568471908000163, 42.554626466000173 ], [ 27.568472001000089, 42.554306000000167 ], [ 27.568195001000049, 42.554306000000167 ], [ 27.568195001000049, 42.554028 ], [ 27.567916999000147, 42.554028 ], [ 27.567916999000147, 42.553749001000142 ], [ 27.567638000000102, 42.553749001000142 ], [ 27.567638000000102, 42.553470999000069 ], [ 27.567362000000173, 42.553470999000069 ], [ 27.567362000000173, 42.553195999000025 ], [ 27.567083001000071, 42.553195999000025 ], [ 27.567083001000071, 42.552639 ], [ 27.56625, 42.552639 ], [ 27.56625, 42.552361001000065 ], [ 27.565803803000108, 42.552360769000018 ], [ 27.566086661000043, 42.552600965000181 ] ] ], [ [ [ 27.664862, 42.638748000000135 ], [ 27.664861996000184, 42.638893 ], [ 27.664962310000135, 42.638748993000149 ], [ 27.664862, 42.638748000000135 ] ] ], [ [ [ 27.432698999000024, 42.728413001000035 ], [ 27.433133566000038, 42.732190379000087 ], [ 27.433322907000161, 42.733837129000108 ], [ 27.433967590000123, 42.739509582000039 ], [ 27.434562683000024, 42.743988037000122 ], [ 27.43400573700012, 42.750183105000076 ], [ 27.431886673000122, 42.755504609000184 ], [ 27.429927078000105, 42.758459532000131 ], [ 27.429278, 42.759438000000102 ], [ 27.429119000000185, 42.759678 ], [ 27.427038000000152, 42.76498800000013 ], [ 27.424835000000144, 42.768661000000122 ], [ 27.422939, 42.772049 ], [ 27.422486955000068, 42.777309438000145 ], [ 27.422469454000179, 42.777479091000089 ], [ 27.422438, 42.777784000000167 ], [ 27.42241300000012, 42.778023 ], [ 27.422647, 42.779157 ], [ 27.422918747000097, 42.780475165000155 ], [ 27.423290253000118, 42.782276154000044 ], [ 27.426734924000129, 42.78446960399998 ], [ 27.435054779000097, 42.787166595000144 ], [ 27.449815750000084, 42.79120254500009 ], [ 27.456888199000048, 42.792739869000116 ], [ 27.457399541000086, 42.792803875000061 ], [ 27.458785596000098, 42.792977372000166 ], [ 27.462404251000066, 42.793430329000046 ], [ 27.470256806000123, 42.797779083000137 ], [ 27.470540638000159, 42.797957617000179 ], [ 27.471313169000041, 42.798443548000137 ], [ 27.471742750000146, 42.798713802000123 ], [ 27.47312164300007, 42.800060272000167 ], [ 27.475019454000176, 42.801395417000037 ], [ 27.477460861000111, 42.803089142000147 ], [ 27.477632781000125, 42.803439308000122 ], [ 27.477843088000043, 42.803867659000161 ], [ 27.478912354000045, 42.806045533000031 ], [ 27.479841232000183, 42.808631896000065 ], [ 27.480516434000094, 42.811630249000075 ], [ 27.480013325000073, 42.813914884000042 ], [ 27.479924659000062, 42.814317521000021 ], [ 27.479888917000096, 42.81447982800006 ], [ 27.478469848000032, 42.817382814000098 ], [ 27.477048599000113, 42.820050736000042 ], [ 27.477041215000042, 42.820064623 ], [ 27.475454330000105, 42.824394227000141 ], [ 27.473629865000021, 42.826577165000117 ], [ 27.473503097000048, 42.826728884000147 ], [ 27.472860336000053, 42.829170225999974 ], [ 27.472206115000176, 42.831436157000155 ], [ 27.472129436000159, 42.832994053999982 ], [ 27.472086015, 42.833877704000088 ], [ 27.47296714800018, 42.835842134000131 ], [ 27.473023347000151, 42.836877585000082 ], [ 27.473081672000092, 42.837952248000079 ], [ 27.473119735000125, 42.838653565000129 ], [ 27.47238862800009, 42.840120269000124 ], [ 27.471875300000079, 42.841150077000066 ], [ 27.471256255000128, 42.842391968000072 ], [ 27.468351364000171, 42.84578323400018 ], [ 27.467220306000058, 42.848464965000119 ], [ 27.466975430000048, 42.849411452000027 ], [ 27.466928, 42.849595 ], [ 27.466372, 42.851746000000105 ], [ 27.466612000000168, 42.855967999000086 ], [ 27.468116902000133, 42.859939741000062 ], [ 27.468298721000167, 42.860152307000078 ], [ 27.468622095000114, 42.860530368000184 ], [ 27.470586776000061, 42.862827301000095 ], [ 27.471799851000128, 42.866203309000184 ], [ 27.472932816000025, 42.868156433000138 ], [ 27.473192104000134, 42.869032648000086 ], [ 27.473619461000055, 42.870476820000192 ], [ 27.473873137999988, 42.871334077000142 ], [ 27.47242164700009, 42.872829437000064 ], [ 27.470483982000076, 42.874748029000159 ], [ 27.470235, 42.875150000000133 ], [ 27.470017350000035, 42.875501223000128 ], [ 27.469316482000124, 42.876632690000065 ], [ 27.467943192000178, 42.879341125000053 ], [ 27.467817259000128, 42.880474517000039 ], [ 27.467604000000165, 42.882397 ], [ 27.467251, 42.885029 ], [ 27.467449160000172, 42.888782268000057 ], [ 27.467453002000127, 42.888854981000122 ], [ 27.467471125000088, 42.888964938000072 ], [ 27.467736264999985, 42.890573479000068 ], [ 27.467847872000107, 42.891250569000135 ], [ 27.468027114000165, 42.891101838000168 ], [ 27.469266475000154, 42.89123772500011 ], [ 27.470667892, 42.891391382000108 ], [ 27.47279358000003, 42.891624450000052 ], [ 27.476568222000083, 42.892494201000147 ], [ 27.477658165000094, 42.892685335000181 ], [ 27.478528247000156, 42.892837914000097 ], [ 27.480005265000159, 42.89309692400019 ], [ 27.480371665000064, 42.893149631000028 ], [ 27.481259, 42.893277000000182 ], [ 27.484116, 42.893688000000111 ], [ 27.487201750000054, 42.894042971000033 ], [ 27.487394503000132, 42.894048949000194 ], [ 27.487678881000193, 42.894057770000131 ], [ 27.490276337000182, 42.894138336000026 ], [ 27.491502945000036, 42.894206481000083 ], [ 27.491996297000185, 42.89423388900002 ], [ 27.49267959600013, 42.894271852000088 ], [ 27.497796190000031, 42.894514775000175 ], [ 27.497821544000146, 42.894515979000118 ], [ 27.498295225000163, 42.894613727000035 ], [ 27.49908087100016, 42.894775852 ], [ 27.499910355000054, 42.894947053000067 ], [ 27.499964717000125, 42.894955799000115 ], [ 27.50232655800005, 42.89533560700005 ], [ 27.50345258800013, 42.895357641000146 ], [ 27.506118774000129, 42.89540863000019 ], [ 27.509874345000071, 42.89466858000003 ], [ 27.511233190000155, 42.894133344000181 ], [ 27.512144641000134, 42.893774332000135 ], [ 27.512247086, 42.893733979000046 ], [ 27.514226914000062, 42.891483306000111 ], [ 27.51617431700015, 42.888431548000028 ], [ 27.517473221000159, 42.88649749800004 ], [ 27.519807815000036, 42.88423919700017 ], [ 27.521869659000117, 42.883598327000072 ], [ 27.525375366, 42.883686066000109 ], [ 27.528175355000144, 42.883541107000099 ], [ 27.530637740000031, 42.883701324000128 ], [ 27.532772065000131, 42.884399413999972 ], [ 27.534396028000117, 42.884723041000029 ], [ 27.534507237000184, 42.88474520300008 ], [ 27.53489685, 42.88482284600002 ], [ 27.537807464000139, 42.887092590000066 ], [ 27.538831388000119, 42.887645596000027 ], [ 27.538985945000036, 42.887729070000148 ], [ 27.539615631000117, 42.88806915400005 ], [ 27.544721467000159, 42.890829429000064 ], [ 27.546208340000135, 42.891633250000098 ], [ 27.548280717000125, 42.892753601000152 ], [ 27.551897049, 42.894439697 ], [ 27.555511476, 42.895877838999979 ], [ 27.557528939000065, 42.896648934000098 ], [ 27.559809979000136, 42.897520385000178 ], [ 27.559843000000114, 42.897533 ], [ 27.562074965000136, 42.897860685000126 ], [ 27.562730789000057, 42.897956849000082 ], [ 27.564027049000174, 42.898075657000106 ], [ 27.56668430000002, 42.898318936000067 ], [ 27.569933000000105, 42.898712000000103 ], [ 27.572115000000167, 42.899158 ], [ 27.576477000000125, 42.900043 ], [ 27.578484, 42.900338 ], [ 27.57874144200008, 42.900375876000112 ], [ 27.579387665000127, 42.900470735000056 ], [ 27.582284928000149, 42.900615692000031 ], [ 27.585184097000138, 42.900760651000041 ], [ 27.587634898000147, 42.900850847000072 ], [ 27.588812000000189, 42.900894000000164 ], [ 27.589971333000108, 42.90085160600006 ], [ 27.592449189000149, 42.900760651000041 ], [ 27.594977502000177, 42.900670511000044 ], [ 27.596220211000059, 42.900626206000027 ], [ 27.596836090000124, 42.900604247999979 ], [ 27.598905167000169, 42.90073325200018 ], [ 27.600192800000173, 42.900813534000065 ], [ 27.60234260500016, 42.900947572000177 ], [ 27.60565567000009, 42.901103974000137 ], [ 27.607860566000113, 42.901042939000149 ], [ 27.608993881000174, 42.901001727000107 ], [ 27.610791518000156, 42.900936237 ], [ 27.610820053000111, 42.900931958000115 ], [ 27.614246058000163, 42.900303834000169 ], [ 27.615936280000028, 42.899993897000058 ], [ 27.616135087000032, 42.899963973000069 ], [ 27.617209407000132, 42.899802267000155 ], [ 27.620346069000107, 42.899330139000028 ], [ 27.624730039000099, 42.899190305000161 ], [ 27.624770922000039, 42.899189002000128 ], [ 27.624830710000026, 42.89918033500004 ], [ 27.625692561000164, 42.899055084000054 ], [ 27.626976012000057, 42.898868562000075 ], [ 27.629909515000065, 42.89824676600017 ], [ 27.631123567000145, 42.898022848000096 ], [ 27.631452717000172, 42.897962140000061 ], [ 27.633218765000095, 42.89763641400009 ], [ 27.638004304000049, 42.897228241000164 ], [ 27.638165830000048, 42.897281129000135 ], [ 27.638866210000117, 42.897510460000149 ], [ 27.638862043000017, 42.896712892999972 ], [ 27.638859, 42.89610000000016 ], [ 27.638857001000133, 42.895737000000167 ], [ 27.639289010000084, 42.894193963000134 ], [ 27.639721000000122, 42.892651 ], [ 27.641533000000152, 42.890606000000162 ], [ 27.643358000000148, 42.888802000000112 ], [ 27.643467000000101, 42.888576 ], [ 27.644539000000179, 42.886349 ], [ 27.64543, 42.884129 ], [ 27.645773000000133, 42.883112 ], [ 27.64603, 42.882351000000142 ], [ 27.646029744000032, 42.882335931000057 ], [ 27.646005000000116, 42.880877 ], [ 27.646, 42.880589 ], [ 27.644362000000115, 42.878989000000161 ], [ 27.643808, 42.878448000000162 ], [ 27.641650999000035, 42.878497999000103 ], [ 27.641640923000125, 42.87849756300011 ], [ 27.641236000000106, 42.878480000000138 ], [ 27.641028569000071, 42.878471025000181 ], [ 27.638578416000087, 42.87836456399998 ], [ 27.636540517000128, 42.87827371100002 ], [ 27.635497999000052, 42.878226999000105 ], [ 27.63444217000017, 42.878168979000066 ], [ 27.632732392000094, 42.878074646000186 ], [ 27.629650115000061, 42.877269745000092 ], [ 27.62878616800009, 42.876241922000077 ], [ 27.628393170000095, 42.875774202000059 ], [ 27.628351214000133, 42.873565780000149 ], [ 27.630275257000108, 42.871590037000033 ], [ 27.630769974000088, 42.871082027000057 ], [ 27.632697305000136, 42.86884388500016 ], [ 27.633486001, 42.86792800000012 ], [ 27.633496827000045, 42.867915729000117 ], [ 27.634543000000178, 42.866730000000132 ], [ 27.635883, 42.865211 ], [ 27.637032498999986, 42.86266102899998 ], [ 27.637083000000189, 42.862549001000161 ], [ 27.637839632000066, 42.861760863000143 ], [ 27.638596000000121, 42.860973 ], [ 27.638623543, 42.860739572999989 ], [ 27.638856956000041, 42.858758262000094 ], [ 27.638849000000107, 42.858266 ], [ 27.63882800000016, 42.857006 ], [ 27.636623000000156, 42.854401 ], [ 27.634098000000108, 42.850506000000166 ], [ 27.634122000000161, 42.850373000000161 ], [ 27.634373000000153, 42.848953000000108 ], [ 27.634354241000096, 42.847757283000192 ], [ 27.634342195000158, 42.846977233000132 ], [ 27.634337303000109, 42.846659299000123 ], [ 27.634331, 42.846233 ], [ 27.634311719000152, 42.844992574000116 ], [ 27.633963000000165, 42.843222 ], [ 27.633621, 42.841488 ], [ 27.632485, 42.839930000000152 ], [ 27.632053597000152, 42.839338390000194 ], [ 27.632038, 42.839317 ], [ 27.631031277000147, 42.838164553000183 ], [ 27.630152000000123, 42.837158000000102 ], [ 27.629604, 42.836504000000161 ], [ 27.628883, 42.835644 ], [ 27.622496000000126, 42.832169000000135 ], [ 27.617483000000107, 42.82811 ], [ 27.614468049000152, 42.825475587000085 ], [ 27.611831651000159, 42.823171537000064 ], [ 27.611607000000106, 42.822936 ], [ 27.60780861700016, 42.818955341999981 ], [ 27.607731, 42.818874 ], [ 27.605099, 42.816253 ], [ 27.604269000000102, 42.815426000000173 ], [ 27.602743000000146, 42.814177 ], [ 27.599556429000188, 42.811567814000171 ], [ 27.598059, 42.810437 ], [ 27.596733, 42.809437 ], [ 27.596702434000065, 42.809432980000111 ], [ 27.594756000000132, 42.809177 ], [ 27.591158000000121, 42.808704 ], [ 27.589289715000177, 42.80875063700006 ], [ 27.587152481000089, 42.808803559000182 ], [ 27.582519842000067, 42.808280980000177 ], [ 27.582471480000152, 42.80827482900014 ], [ 27.578203202000111, 42.807731629000102 ], [ 27.576436547000014, 42.806944303000137 ], [ 27.576095000000123, 42.806792 ], [ 27.575413, 42.806488000000172 ], [ 27.575410791000081, 42.806477179000069 ], [ 27.575135101000171, 42.805126370000096 ], [ 27.575054169000055, 42.804729461000022 ], [ 27.575916290000066, 42.802276611000138 ], [ 27.576797486000146, 42.800922395000157 ], [ 27.577782296000123, 42.799175871999978 ], [ 27.57856251200019, 42.797793180000156 ], [ 27.578572359000191, 42.797779234000075 ], [ 27.58087104700013, 42.794972384000175 ], [ 27.58154361600009, 42.794151130000103 ], [ 27.581555566000191, 42.794132873000081 ], [ 27.582890360000135, 42.791931819000069 ], [ 27.58331796300007, 42.791226709000171 ], [ 27.583542, 42.788132000000132 ], [ 27.582955888000072, 42.785300146000168 ], [ 27.582490767000024, 42.783046279000075 ], [ 27.582442000000185, 42.781428 ], [ 27.582403898000052, 42.780173267000066 ], [ 27.582384110000191, 42.779518127000188 ], [ 27.583551407000016, 42.776607513000101 ], [ 27.587717057000077, 42.770748139000034 ], [ 27.589543832000174, 42.768236455000078 ], [ 27.590972852999982, 42.766271822000135 ], [ 27.590988, 42.766251000000182 ], [ 27.592478, 42.763771000000133 ], [ 27.594259179000119, 42.759978023000087 ], [ 27.595104170000127, 42.758178813000086 ], [ 27.596153266000101, 42.757029266000131 ], [ 27.599009509000098, 42.753899537000052 ], [ 27.604448, 42.748466000000178 ], [ 27.607153, 42.745434000000103 ], [ 27.608655196000143, 42.743751141000075 ], [ 27.610488948000182, 42.742613032000122 ], [ 27.612320001000057, 42.741478 ], [ 27.61352725200004, 42.74012077600014 ], [ 27.616514207000137, 42.736763001000043 ], [ 27.616695403000051, 42.733882904000041 ], [ 27.616899490000151, 42.731674195000039 ], [ 27.617538494000087, 42.731049247000158 ], [ 27.618027, 42.730572 ], [ 27.620354000000134, 42.728424000000132 ], [ 27.621948118000091, 42.726179111000079 ], [ 27.622682270000041, 42.725145251000185 ], [ 27.625543137000079, 42.721679927000139 ], [ 27.626041000000157, 42.721077 ], [ 27.630035000000191, 42.716469 ], [ 27.632357000000127, 42.710222000000101 ], [ 27.634209, 42.705242000000169 ], [ 27.634623048000037, 42.700532924000072 ], [ 27.635077000000138, 42.69537 ], [ 27.635688013000163, 42.69413237700013 ], [ 27.63621330300009, 42.693069459000071 ], [ 27.637879793000138, 42.690090419000171 ], [ 27.638781640000047, 42.688478808000127 ], [ 27.638800000000117, 42.688446 ], [ 27.639859027000114, 42.686672793000184 ], [ 27.640919000000167, 42.684898001000079 ], [ 27.641640312000163, 42.683627095000077 ], [ 27.642616115000124, 42.681907931000126 ], [ 27.645817, 42.679974 ], [ 27.646506397000167, 42.678309373000104 ], [ 27.646994, 42.677132 ], [ 27.648083, 42.673737 ], [ 27.648823, 42.670826 ], [ 27.651070000000175, 42.666222000000118 ], [ 27.652403000000163, 42.662327000000118 ], [ 27.652584, 42.661532 ], [ 27.652675967000107, 42.661127709000084 ], [ 27.652988434000122, 42.659755707000045 ], [ 27.653564453000058, 42.657188415000121 ], [ 27.654462386000034, 42.655235950000133 ], [ 27.654617, 42.6549 ], [ 27.655607951000036, 42.652746359999981 ], [ 27.655621001000043, 42.652718001000039 ], [ 27.659643092000067, 42.646407901000032 ], [ 27.659847260000049, 42.646087647000172 ], [ 27.660337420000133, 42.64538459500011 ], [ 27.663243268000031, 42.641216705000033 ], [ 27.664769924000041, 42.639027000000112 ], [ 27.664305000000127, 42.639027000000112 ], [ 27.664305000000127, 42.639305 ], [ 27.663195000000144, 42.639305 ], [ 27.663195000000144, 42.639027000000112 ], [ 27.660973000000126, 42.639027000000112 ], [ 27.660973000000126, 42.638748000000135 ], [ 27.660694000000149, 42.638748000000135 ], [ 27.660694000000149, 42.638474 ], [ 27.659861000000149, 42.638474 ], [ 27.659861000000149, 42.638748000000135 ], [ 27.659584000000109, 42.638748000000135 ], [ 27.659584000000109, 42.638474 ], [ 27.659306, 42.638474 ], [ 27.659306, 42.638195 ], [ 27.658751000000109, 42.638195 ], [ 27.658751000000109, 42.63791700000013 ], [ 27.658194, 42.63791700000013 ], [ 27.658194, 42.637638000000152 ], [ 27.657917, 42.637638000000152 ], [ 27.657917, 42.63791700000013 ], [ 27.657639000000131, 42.63791700000013 ], [ 27.657639000000131, 42.637638000000152 ], [ 27.657084, 42.637638000000152 ], [ 27.657084, 42.63736 ], [ 27.656528, 42.63736 ], [ 27.656528, 42.637085 ], [ 27.655972, 42.637085 ], [ 27.655972, 42.636528000000112 ], [ 27.655695, 42.636528000000112 ], [ 27.655695, 42.63625 ], [ 27.655138000000136, 42.63625 ], [ 27.655138000000136, 42.635971 ], [ 27.654861000000153, 42.635971 ], [ 27.654861000000153, 42.63625 ], [ 27.654583, 42.63625 ], [ 27.654583, 42.636528000000112 ], [ 27.654306, 42.636528000000112 ], [ 27.654306, 42.636806 ], [ 27.654028000000153, 42.636806 ], [ 27.654028000000153, 42.637085 ], [ 27.653749000000175, 42.637085 ], [ 27.653749000000175, 42.63736 ], [ 27.653473, 42.63736 ], [ 27.653473, 42.637638000000152 ], [ 27.653194, 42.637638000000152 ], [ 27.653194, 42.63791700000013 ], [ 27.652639000000136, 42.63791700000013 ], [ 27.652639000000136, 42.638195 ], [ 27.651806000000136, 42.638195 ], [ 27.651806000000136, 42.638474 ], [ 27.651251, 42.638474 ], [ 27.651251, 42.638748000000135 ], [ 27.650972, 42.638748000000135 ], [ 27.650972, 42.639027000000112 ], [ 27.650417000000175, 42.639027000000112 ], [ 27.650417000000175, 42.638748000000135 ], [ 27.64930500000014, 42.638748000000135 ], [ 27.64930500000014, 42.639027000000112 ], [ 27.649027, 42.639027000000112 ], [ 27.649027, 42.639305 ], [ 27.648195000000158, 42.639305 ], [ 27.648195000000158, 42.639027000000112 ], [ 27.647917, 42.639027000000112 ], [ 27.647917, 42.638748000000135 ], [ 27.647638, 42.638748000000135 ], [ 27.647638, 42.639027000000112 ], [ 27.64708300000018, 42.639027000000112 ], [ 27.64708300000018, 42.638748000000135 ], [ 27.646528, 42.638748000000135 ], [ 27.646528, 42.638474 ], [ 27.645971, 42.638474 ], [ 27.645971, 42.638195 ], [ 27.644861000000162, 42.638195 ], [ 27.644861000000162, 42.637085 ], [ 27.644306, 42.637085 ], [ 27.644306, 42.636806 ], [ 27.644028000000162, 42.636806 ], [ 27.644028000000162, 42.63625 ], [ 27.643749000000184, 42.63625 ], [ 27.643749000000184, 42.635971 ], [ 27.643473, 42.635971 ], [ 27.643473, 42.635693000000117 ], [ 27.643194000000108, 42.635693000000117 ], [ 27.643194000000108, 42.635418000000129 ], [ 27.642361000000108, 42.635418000000129 ], [ 27.642361000000108, 42.634861 ], [ 27.642084, 42.634861 ], [ 27.642084, 42.634583000000134 ], [ 27.641527000000167, 42.634583000000134 ], [ 27.641527000000167, 42.634029000000112 ], [ 27.641251, 42.634029000000112 ], [ 27.641251, 42.633751 ], [ 27.640694000000167, 42.633751 ], [ 27.640694000000167, 42.633369 ], [ 27.640694000000167, 42.633194000000117 ], [ 27.640417000000184, 42.633194000000117 ], [ 27.640417000000184, 42.632637 ], [ 27.640139, 42.632637 ], [ 27.640139, 42.632084000000134 ], [ 27.639862000000107, 42.632084000000134 ], [ 27.639860000000112, 42.631805000000156 ], [ 27.639305, 42.631805000000156 ], [ 27.639305, 42.631527 ], [ 27.639029000000107, 42.631527 ], [ 27.639029000000107, 42.630974000000151 ], [ 27.63875, 42.630974000000151 ], [ 27.63875, 42.630695000000117 ], [ 27.638472, 42.630695000000117 ], [ 27.638472, 42.630138 ], [ 27.637638, 42.630138 ], [ 27.637638, 42.629860000000178 ], [ 27.637362000000167, 42.629860000000178 ], [ 27.637362000000167, 42.629307 ], [ 27.637638, 42.629307 ], [ 27.637638, 42.629028 ], [ 27.637362000000167, 42.629028 ], [ 27.637362000000167, 42.628471000000161 ], [ 27.637083000000189, 42.628471000000161 ], [ 27.637083000000189, 42.627918 ], [ 27.636806, 42.627918 ], [ 27.636805, 42.627361000000178 ], [ 27.636528000000112, 42.627361000000178 ], [ 27.636528000000112, 42.626804 ], [ 27.636250000000189, 42.626804 ], [ 27.636250000000189, 42.626251000000138 ], [ 27.635973, 42.626251000000138 ], [ 27.635973, 42.625694 ], [ 27.635695000000112, 42.625694 ], [ 27.635695000000112, 42.624863 ], [ 27.635416, 42.624863 ], [ 27.635416, 42.624306000000161 ], [ 27.635139, 42.624306000000161 ], [ 27.635139, 42.623749 ], [ 27.634861000000171, 42.623749 ], [ 27.634861000000171, 42.623196000000178 ], [ 27.634583, 42.623196000000178 ], [ 27.634583, 42.622639 ], [ 27.634306, 42.622639 ], [ 27.634306, 42.622082 ], [ 27.634027000000117, 42.622082 ], [ 27.634027000000117, 42.62180700000016 ], [ 27.633751000000188, 42.62180700000016 ], [ 27.633751000000188, 42.619583 ], [ 27.633472, 42.619583 ], [ 27.633472, 42.619305000000111 ], [ 27.633194000000117, 42.619305000000111 ], [ 27.633194000000117, 42.61763800000017 ], [ 27.632917, 42.61763800000017 ], [ 27.632917, 42.616249 ], [ 27.632639, 42.616249 ], [ 27.632639, 42.614861 ], [ 27.63236, 42.614861 ], [ 27.63236, 42.613194000000192 ], [ 27.632084, 42.613194000000192 ], [ 27.632084, 42.611805000000174 ], [ 27.631805, 42.611805000000174 ], [ 27.631805, 42.610416 ], [ 27.631527, 42.610416 ], [ 27.631527, 42.609028 ], [ 27.63125, 42.609028 ], [ 27.63125, 42.60763900000012 ], [ 27.630972, 42.60763900000012 ], [ 27.630972, 42.604862 ], [ 27.63125, 42.604862 ], [ 27.63125, 42.600418 ], [ 27.631527, 42.600418 ], [ 27.631527, 42.596249 ], [ 27.631805, 42.596249 ], [ 27.631805, 42.592083000000173 ], [ 27.632084, 42.592083000000173 ], [ 27.632084, 42.587639000000138 ], [ 27.63236, 42.587639000000138 ], [ 27.63236, 42.584862 ], [ 27.632639, 42.584862 ], [ 27.632639, 42.583752 ], [ 27.632917, 42.583752 ], [ 27.632917, 42.582638 ], [ 27.633194000000117, 42.582638 ], [ 27.633194000000117, 42.581249 ], [ 27.633472, 42.581249 ], [ 27.633472, 42.580139 ], [ 27.633751000000188, 42.580139 ], [ 27.633751000000188, 42.579029000000105 ], [ 27.634027000000117, 42.579029000000105 ], [ 27.634027000000117, 42.577641 ], [ 27.634306, 42.577641 ], [ 27.634306, 42.577362000000164 ], [ 27.634027000000117, 42.577362000000164 ], [ 27.634027000000117, 42.576805 ], [ 27.634306, 42.576805 ], [ 27.634306, 42.57569500000011 ], [ 27.634583, 42.57569500000011 ], [ 27.634583, 42.575417000000186 ], [ 27.634861000000171, 42.575417000000186 ], [ 27.634861000000171, 42.574860000000115 ], [ 27.635139, 42.574860000000115 ], [ 27.635139, 42.574028000000169 ], [ 27.635416, 42.574028000000169 ], [ 27.635416, 42.572639 ], [ 27.635973, 42.572639 ], [ 27.635973, 42.572361000000114 ], [ 27.636528000000112, 42.572361000000114 ], [ 27.636528000000112, 42.571804 ], [ 27.636805, 42.571804 ], [ 27.636806, 42.570972 ], [ 27.637083000000189, 42.570972 ], [ 27.637083000000189, 42.570694 ], [ 27.637638, 42.570694 ], [ 27.637638, 42.570415 ], [ 27.637917, 42.570415 ], [ 27.637917, 42.570137000000102 ], [ 27.638195000000167, 42.570137000000102 ], [ 27.638195000000167, 42.569862000000114 ], [ 27.638472, 42.569862000000114 ], [ 27.638472, 42.569305 ], [ 27.63875, 42.569305 ], [ 27.63875, 42.569027000000119 ], [ 27.639029000000107, 42.569027000000119 ], [ 27.639029000000107, 42.568748000000141 ], [ 27.639305, 42.568748000000141 ], [ 27.639305, 42.568474 ], [ 27.639584000000184, 42.568474 ], [ 27.639584000000184, 42.568195 ], [ 27.639860000000112, 42.568195 ], [ 27.639862000000107, 42.567917000000136 ], [ 27.640417000000184, 42.567917000000136 ], [ 27.640417000000184, 42.567638000000102 ], [ 27.640694000000167, 42.567638000000102 ], [ 27.640694000000167, 42.56736 ], [ 27.640972, 42.56736 ], [ 27.640972, 42.565418000000136 ], [ 27.641251, 42.565418000000136 ], [ 27.641251, 42.56514 ], [ 27.641806, 42.56514 ], [ 27.641806, 42.564861 ], [ 27.642084, 42.564861 ], [ 27.642084, 42.564583000000141 ], [ 27.642639, 42.564583000000141 ], [ 27.642639, 42.564304000000106 ], [ 27.642916000000184, 42.564304000000106 ], [ 27.642916000000184, 42.564026 ], [ 27.643194000000108, 42.564026 ], [ 27.643194000000108, 42.563751 ], [ 27.643473, 42.563751 ], [ 27.643473, 42.563473000000101 ], [ 27.643749000000184, 42.563473000000101 ], [ 27.643749000000184, 42.563194000000124 ], [ 27.644028000000162, 42.563194000000124 ], [ 27.644028000000162, 42.562916 ], [ 27.644306, 42.562916 ], [ 27.644306, 42.562637 ], [ 27.644583, 42.562637 ], [ 27.644583, 42.561527 ], [ 27.644861000000162, 42.561527 ], [ 27.644861000000162, 42.561249000000146 ], [ 27.645695, 42.561249000000146 ], [ 27.645695, 42.559860000000128 ], [ 27.645971, 42.559860000000128 ], [ 27.645971, 42.559582 ], [ 27.64625000000018, 42.559582 ], [ 27.64625000000018, 42.559307 ], [ 27.646805, 42.559307 ], [ 27.646805, 42.558750000000146 ], [ 27.64708300000018, 42.558750000000146 ], [ 27.64708300000018, 42.558193 ], [ 27.647362000000157, 42.558193 ], [ 27.647362000000157, 42.55791900000014 ], [ 27.647638, 42.55791500000015 ], [ 27.647638, 42.557640000000106 ], [ 27.647917, 42.557640000000106 ], [ 27.647917, 42.557362 ], [ 27.648195000000158, 42.557362 ], [ 27.648195000000158, 42.557083 ], [ 27.64930500000014, 42.557083 ], [ 27.64930500000014, 42.556805000000168 ], [ 27.649584000000175, 42.556805000000168 ], [ 27.649584000000175, 42.556252 ], [ 27.64986, 42.556252 ], [ 27.64986, 42.555973 ], [ 27.650417000000175, 42.555973 ], [ 27.650417000000175, 42.555695000000128 ], [ 27.650972, 42.555695000000128 ], [ 27.650972, 42.55541600000015 ], [ 27.651251, 42.55541600000015 ], [ 27.651251, 42.554863 ], [ 27.650972, 42.554863 ], [ 27.650972, 42.554585000000145 ], [ 27.650417000000175, 42.554585000000145 ], [ 27.650417000000175, 42.554306000000167 ], [ 27.650139, 42.554306000000167 ], [ 27.650139, 42.554028 ], [ 27.64986, 42.554028 ], [ 27.64986, 42.553749 ], [ 27.649584000000175, 42.553749 ], [ 27.649584000000175, 42.553471000000172 ], [ 27.647917, 42.553471000000172 ], [ 27.647917, 42.553196000000128 ], [ 27.647638, 42.553196000000128 ], [ 27.647638, 42.55291700000015 ], [ 27.647362000000157, 42.55291700000015 ], [ 27.647362000000157, 42.552639 ], [ 27.646528, 42.552639 ], [ 27.646528, 42.552361000000133 ], [ 27.645971, 42.552361000000133 ], [ 27.645971, 42.552082000000155 ], [ 27.644583, 42.552082000000155 ], [ 27.644583, 42.552361000000133 ], [ 27.644028000000162, 42.552361000000133 ], [ 27.644028000000162, 42.552639 ], [ 27.642361000000108, 42.552639 ], [ 27.642361000000108, 42.552082000000155 ], [ 27.642084, 42.552082000000155 ], [ 27.642084, 42.551807000000167 ], [ 27.64185, 42.551807000000167 ], [ 27.641806, 42.551807000000167 ], [ 27.641806, 42.55125 ], [ 27.641527000000167, 42.55125 ], [ 27.641527000000167, 42.550972000000172 ], [ 27.641251, 42.550972000000172 ], [ 27.641251, 42.550694 ], [ 27.639862000000107, 42.550694 ], [ 27.639862000000107, 42.550972000000172 ], [ 27.639584000000184, 42.550972000000172 ], [ 27.639584000000184, 42.55125 ], [ 27.639862000000107, 42.55125 ], [ 27.639862000000107, 42.551807000000167 ], [ 27.640417000000184, 42.551807000000167 ], [ 27.640417000000184, 42.552082000000155 ], [ 27.640972, 42.552082000000155 ], [ 27.640972, 42.552361000000133 ], [ 27.641251, 42.552361000000133 ], [ 27.641251, 42.552528000000109 ], [ 27.641251, 42.552639 ], [ 27.641806, 42.552639 ], [ 27.641806, 42.55291700000015 ], [ 27.642084, 42.55291700000015 ], [ 27.642084, 42.554028 ], [ 27.641806, 42.554028 ], [ 27.641806, 42.554306000000167 ], [ 27.641527000000167, 42.554306000000167 ], [ 27.641527000000167, 42.554585000000145 ], [ 27.641251, 42.554585000000145 ], [ 27.641251, 42.554863 ], [ 27.640417000000184, 42.554863 ], [ 27.640417000000184, 42.555138 ], [ 27.639584000000184, 42.555138 ], [ 27.639584000000184, 42.55541600000015 ], [ 27.639305, 42.55541600000015 ], [ 27.639305, 42.555695000000128 ], [ 27.639029000000107, 42.555695000000128 ], [ 27.639029000000107, 42.555973 ], [ 27.63875, 42.555973 ], [ 27.63875, 42.556526000000133 ], [ 27.638472, 42.556526000000133 ], [ 27.638472, 42.557083 ], [ 27.637917, 42.557083 ], [ 27.637917, 42.557362 ], [ 27.637165, 42.557362 ], [ 27.637083000000189, 42.557362 ], [ 27.637083000000189, 42.557449000000133 ], [ 27.637083000000189, 42.557640000000106 ], [ 27.636908000000119, 42.557640000000106 ], [ 27.636806, 42.557640000000106 ], [ 27.636806, 42.557751 ], [ 27.636806, 42.55791900000014 ], [ 27.636652, 42.55791900000014 ], [ 27.636250000000189, 42.55791900000014 ], [ 27.636250000000189, 42.558193 ], [ 27.635695000000112, 42.558193 ], [ 27.635695000000112, 42.558750000000146 ], [ 27.635416, 42.558750000000146 ], [ 27.635416, 42.559029000000123 ], [ 27.635139, 42.559029000000123 ], [ 27.635139, 42.559307 ], [ 27.634861000000171, 42.559307 ], [ 27.634861000000171, 42.559582 ], [ 27.634583, 42.559582 ], [ 27.634583, 42.559860000000128 ], [ 27.634027000000117, 42.559860000000128 ], [ 27.634027000000117, 42.560139000000106 ], [ 27.633472, 42.560139000000106 ], [ 27.633472, 42.560417 ], [ 27.63236, 42.560417 ], [ 27.63236, 42.560696 ], [ 27.632084, 42.560696 ], [ 27.632084, 42.560974000000101 ], [ 27.631527, 42.560974000000101 ], [ 27.631527, 42.561249000000146 ], [ 27.630972, 42.561249000000146 ], [ 27.630972, 42.561527 ], [ 27.630138, 42.561527 ], [ 27.630138, 42.561806 ], [ 27.629583000000139, 42.561806 ], [ 27.629583000000139, 42.562084000000141 ], [ 27.627361000000121, 42.562084000000141 ], [ 27.627361000000121, 42.562363000000119 ], [ 27.626528000000121, 42.562363000000119 ], [ 27.626528000000121, 42.562637 ], [ 27.625973, 42.562637 ], [ 27.625973, 42.562916 ], [ 27.625416000000143, 42.562916 ], [ 27.625416000000143, 42.563194000000124 ], [ 27.624306000000104, 42.563194000000124 ], [ 27.624306000000104, 42.563473000000101 ], [ 27.62236, 42.563473000000101 ], [ 27.62236, 42.563751 ], [ 27.622084000000143, 42.563751 ], [ 27.622084000000143, 42.564026 ], [ 27.620695000000126, 42.56403 ], [ 27.620695000000126, 42.564304000000106 ], [ 27.619583000000148, 42.564304000000106 ], [ 27.619583000000148, 42.564583000000141 ], [ 27.616249000000153, 42.564583000000141 ], [ 27.616249000000153, 42.564861 ], [ 27.613194000000135, 42.564861 ], [ 27.613194000000135, 42.564583000000141 ], [ 27.612083, 42.564583000000141 ], [ 27.612083, 42.564304000000106 ], [ 27.611805000000174, 42.564304000000106 ], [ 27.611805000000174, 42.56403 ], [ 27.610695000000135, 42.56403 ], [ 27.610695000000135, 42.564304000000106 ], [ 27.609583000000157, 42.564304000000106 ], [ 27.609583000000157, 42.563473000000101 ], [ 27.607916000000102, 42.563473000000101 ], [ 27.607916000000102, 42.563751 ], [ 27.607084000000157, 42.563751 ], [ 27.607082000000162, 42.563473000000101 ], [ 27.605972000000179, 42.563473000000101 ], [ 27.605972000000179, 42.563194000000124 ], [ 27.605694, 42.563194000000124 ], [ 27.605694, 42.562916 ], [ 27.605417000000102, 42.562916 ], [ 27.605417000000102, 42.562637 ], [ 27.605139000000179, 42.562637 ], [ 27.605139000000179, 42.562363000000119 ], [ 27.60486, 42.562363000000119 ], [ 27.60486, 42.562084000000141 ], [ 27.604584000000102, 42.562084000000141 ], [ 27.604584000000102, 42.561806 ], [ 27.604305, 42.561806 ], [ 27.604305, 42.561527 ], [ 27.604029, 42.561527 ], [ 27.604029, 42.561249000000146 ], [ 27.603750000000161, 42.561249000000146 ], [ 27.603750000000161, 42.560974000000101 ], [ 27.603472, 42.560974000000101 ], [ 27.603472, 42.560696 ], [ 27.603195, 42.560696 ], [ 27.603195, 42.560417 ], [ 27.602917000000161, 42.560417 ], [ 27.602917000000161, 42.560139000000106 ], [ 27.602638000000184, 42.560139000000106 ], [ 27.602638000000184, 42.559860000000128 ], [ 27.602083000000107, 42.559860000000128 ], [ 27.602083000000107, 42.559582 ], [ 27.601805000000184, 42.559582 ], [ 27.601805000000184, 42.559307 ], [ 27.601528, 42.559307 ], [ 27.601528, 42.559029000000123 ], [ 27.601250000000107, 42.559029000000123 ], [ 27.601250000000107, 42.558472 ], [ 27.600973, 42.558472 ], [ 27.600973, 42.55791900000014 ], [ 27.600416000000166, 42.55791900000014 ], [ 27.600416000000166, 42.557640000000106 ], [ 27.599306000000183, 42.557640000000106 ], [ 27.599306000000183, 42.558193 ], [ 27.599028, 42.558193 ], [ 27.599028, 42.558750000000146 ], [ 27.598749000000112, 42.558750000000146 ], [ 27.598749000000112, 42.559307 ], [ 27.598473000000183, 42.559307 ], [ 27.598473000000183, 42.559582 ], [ 27.598194, 42.559582 ], [ 27.598194, 42.559860000000128 ], [ 27.597918000000107, 42.559860000000128 ], [ 27.597918000000107, 42.560139000000106 ], [ 27.597639, 42.560139000000106 ], [ 27.597639, 42.560417 ], [ 27.597361, 42.560417 ], [ 27.597361, 42.560696 ], [ 27.597084000000166, 42.560696 ], [ 27.597084000000166, 42.560974000000101 ], [ 27.596806, 42.560974000000101 ], [ 27.596806, 42.561249000000146 ], [ 27.596527, 42.561249000000146 ], [ 27.596527, 42.561527 ], [ 27.596251000000166, 42.561527 ], [ 27.596251000000166, 42.561806 ], [ 27.595972000000188, 42.561806 ], [ 27.595972000000188, 42.562084000000141 ], [ 27.595694, 42.562084000000141 ], [ 27.595694, 42.562916 ], [ 27.594862, 42.562916 ], [ 27.594862, 42.563194000000124 ], [ 27.594305000000134, 42.563194000000124 ], [ 27.594305000000134, 42.563473000000101 ], [ 27.59375, 42.563473000000101 ], [ 27.59375, 42.563751 ], [ 27.592361, 42.563751 ], [ 27.592361, 42.564026 ], [ 27.592083000000116, 42.56403 ], [ 27.592083000000116, 42.564304000000106 ], [ 27.591528, 42.564304000000106 ], [ 27.591528, 42.564583000000141 ], [ 27.590416, 42.564583000000141 ], [ 27.590416, 42.564861 ], [ 27.589861, 42.564861 ], [ 27.589861, 42.564583000000141 ], [ 27.589582000000121, 42.564583000000141 ], [ 27.589582000000121, 42.564861 ], [ 27.588751000000116, 42.564861 ], [ 27.588751000000116, 42.56514 ], [ 27.587639000000138, 42.56514 ], [ 27.587639000000138, 42.564861 ], [ 27.587084, 42.564861 ], [ 27.587084, 42.564583000000141 ], [ 27.585972, 42.564583000000141 ], [ 27.585972, 42.564861 ], [ 27.584028000000103, 42.564861 ], [ 27.584028000000103, 42.564583000000141 ], [ 27.58375, 42.564583000000141 ], [ 27.58375, 42.564304000000106 ], [ 27.583471, 42.564304000000106 ], [ 27.583471, 42.56403 ], [ 27.581806000000142, 42.564026 ], [ 27.581806000000142, 42.563751 ], [ 27.580973000000142, 42.563751 ], [ 27.580973000000142, 42.563473000000101 ], [ 27.580694000000165, 42.563473000000101 ], [ 27.580694000000165, 42.563194000000124 ], [ 27.579861000000164, 42.563194000000124 ], [ 27.579861000000164, 42.562916 ], [ 27.579306, 42.562916 ], [ 27.579306, 42.562637 ], [ 27.577362000000164, 42.562637 ], [ 27.577360000000169, 42.562363000000119 ], [ 27.576805, 42.562363000000119 ], [ 27.576805, 42.562084000000141 ], [ 27.57625000000013, 42.562084000000141 ], [ 27.57625000000013, 42.561806 ], [ 27.575972, 42.561806 ], [ 27.575972, 42.561527 ], [ 27.575695, 42.561527 ], [ 27.575695, 42.560139000000106 ], [ 27.57541700000013, 42.560139000000106 ], [ 27.57541700000013, 42.559860000000128 ], [ 27.574862, 42.559860000000128 ], [ 27.574862, 42.560139000000106 ], [ 27.57375, 42.560139000000106 ], [ 27.57375, 42.559582 ], [ 27.573473, 42.559582 ], [ 27.573473, 42.559307 ], [ 27.573195000000169, 42.559307 ], [ 27.573195000000169, 42.559029000000123 ], [ 27.572916000000134, 42.559029000000123 ], [ 27.572916000000134, 42.558750000000146 ], [ 27.572639000000152, 42.558750000000146 ], [ 27.572639000000152, 42.558472 ], [ 27.572361, 42.558472 ], [ 27.572361, 42.558193 ], [ 27.572083000000134, 42.558193 ], [ 27.572083000000134, 42.55791900000014 ], [ 27.571806000000151, 42.55791900000014 ], [ 27.571806000000151, 42.557362 ], [ 27.571527000000174, 42.557362 ], [ 27.571527000000174, 42.557083 ], [ 27.571251, 42.557083 ], [ 27.571251, 42.556805000000168 ], [ 27.570972, 42.556805000000168 ], [ 27.570972, 42.556526000000133 ], [ 27.569584000000134, 42.556526000000133 ], [ 27.569584000000134, 42.555973 ], [ 27.569305000000156, 42.555973 ], [ 27.569305000000156, 42.55541600000015 ], [ 27.569027, 42.55541600000015 ], [ 27.569026947000168, 42.555339814000035 ], [ 27.565679550000027, 42.559497834000183 ], [ 27.561959, 42.56265100000013 ], [ 27.56176084100008, 42.56281883600019 ], [ 27.561677932000066, 42.562889099000017 ], [ 27.5533599850001, 42.566120147000049 ], [ 27.552147247000107, 42.566996925000126 ], [ 27.551404635000097, 42.567533814 ], [ 27.548278809000124, 42.56979370200014 ], [ 27.543730373000187, 42.572794699000042 ], [ 27.543360263000125, 42.57303889300016 ], [ 27.542734147000033, 42.573451996000131 ], [ 27.541806396000084, 42.575770395 ], [ 27.540023894000058, 42.580224769000154 ], [ 27.538215638000167, 42.584743500000059 ], [ 27.53550338000008, 42.589042699000061 ], [ 27.534568155999978, 42.590525123000134 ], [ 27.531200409000121, 42.59586334300019 ], [ 27.531284333000144, 42.598030090000179 ], [ 27.530635920000066, 42.599883992000059 ], [ 27.530371740000078, 42.600639319000152 ], [ 27.529916764000063, 42.601940155000136 ], [ 27.524848939000094, 42.605255126000031 ], [ 27.511722928000154, 42.61198406699998 ], [ 27.507491003000041, 42.615907238000148 ], [ 27.50703383400014, 42.616474637000124 ], [ 27.505967490000046, 42.617798457000049 ], [ 27.504087449000167, 42.620132446000184 ], [ 27.502355538000131, 42.623112943000137 ], [ 27.502104, 42.623546000000147 ], [ 27.501140444000157, 42.625204628000063 ], [ 27.501135, 42.625214001000074 ], [ 27.499797339000111, 42.629223775000185 ], [ 27.49904823300011, 42.631469727000194 ], [ 27.498582388000045, 42.63238391200008 ], [ 27.498537, 42.632473000000175 ], [ 27.497221, 42.635056000000191 ], [ 27.496626000000163, 42.639210000000162 ], [ 27.496677352000177, 42.640200192 ], [ 27.496824264000054, 42.643028259000175 ], [ 27.499439239000139, 42.647083284000018 ], [ 27.502042770000173, 42.650844575000121 ], [ 27.502058143000113, 42.650869962000172 ], [ 27.502171088000125, 42.651056482000172 ], [ 27.503789192999989, 42.653728063000131 ], [ 27.503992934000053, 42.654544579 ], [ 27.504801000000157, 42.657829000000106 ], [ 27.505503616, 42.658342526000126 ], [ 27.506540299000108, 42.659099579000156 ], [ 27.506930604000161, 42.660310873000185 ], [ 27.507079817000147, 42.660773948000042 ], [ 27.507480619999967, 42.662017822999985 ], [ 27.507946022000112, 42.663467481000055 ], [ 27.5080110130001, 42.663669919000085 ], [ 27.508045197000058, 42.663776398000095 ], [ 27.50899505600006, 42.666568757000164 ], [ 27.510246277000135, 42.669364930000143 ], [ 27.510900290000166, 42.670645005999972 ], [ 27.511070765000113, 42.670978670000068 ], [ 27.511138916000164, 42.671112060000098 ], [ 27.511371613000165, 42.67275238100018 ], [ 27.511455536000085, 42.674636840000062 ], [ 27.510744735000173, 42.676044123000054 ], [ 27.510348414000134, 42.67682878200003 ], [ 27.510129929000072, 42.677261353000063 ], [ 27.508486131000154, 42.679340031000095 ], [ 27.508061431000158, 42.679877090000048 ], [ 27.507837295000115, 42.680160523000097 ], [ 27.506257183000116, 42.681397692000075 ], [ 27.505606674000035, 42.681907018000118 ], [ 27.504568101000132, 42.682720184000061 ], [ 27.501134873000126, 42.685417175000055 ], [ 27.497854232000179, 42.687534332000155 ], [ 27.496135756000115, 42.688662459000113 ], [ 27.494862, 42.689499000000183 ], [ 27.493050001000142, 42.69239799900015 ], [ 27.49249571200005, 42.693508329000167 ], [ 27.49083699900018, 42.696830999000099 ], [ 27.48725433900006, 42.701479680000091 ], [ 27.485695, 42.703503001000058 ], [ 27.48568517200016, 42.703509882000162 ], [ 27.48225200000013, 42.705914000000121 ], [ 27.480409415000167, 42.707203984000103 ], [ 27.476957322000089, 42.709621429000038 ], [ 27.471277236000162, 42.71266937200005 ], [ 27.469476187000112, 42.713145446 ], [ 27.467742716000089, 42.713603657000192 ], [ 27.466485977000104, 42.713935852000077 ], [ 27.460939407000012, 42.715091706000123 ], [ 27.45875736000005, 42.715341784000032 ], [ 27.45775050300017, 42.715457176000143 ], [ 27.455846786000109, 42.71567535500003 ], [ 27.453355070000157, 42.715980430000116 ], [ 27.451682246000132, 42.716185243000098 ], [ 27.44998931900011, 42.716392517000031 ], [ 27.445978165000099, 42.716556549000074 ], [ 27.443516669000132, 42.716791659000194 ], [ 27.443125076000172, 42.716829062000159 ], [ 27.44138526800009, 42.716995240000074 ], [ 27.437927246000186, 42.718441010000106 ], [ 27.434509278000178, 42.720375061000027 ], [ 27.432241, 42.72501700000015 ], [ 27.432697344000132, 42.728400718000159 ], [ 27.432698999000024, 42.728413001000035 ] ] ] ] } },
{ "type": "Feature", "properties": { "fid": 22, "GID_2": "BGR.2.8_1", "GID_0": "BGR", "COUNTRY": "Bulgaria", "GID_1": "BGR.2_1", "NAME_1": "Burgas", "NL_NAME_1": "Бургас", "NAME_2": "Primorsko", "VARNAME_2": "NA", "NL_NAME_2": "NA", "TYPE_2": "Obshtina", "ENGTYPE_2": "Municipality", "CC_2": "NA", "HASC_2": "BG.BR.PR" }, "geometry": { "type": "MultiPolygon", "coordinates": [ [ [ [ 27.650070190000065, 42.152523041 ], [ 27.649736404000123, 42.156280518000131 ], [ 27.644021988000191, 42.157375336000143 ], [ 27.638360978000037, 42.15786743200016 ], [ 27.632459641000025, 42.159664154000154 ], [ 27.627943040000162, 42.160594940000067 ], [ 27.625255584000172, 42.162513732000036 ], [ 27.621852875000116, 42.164199829000154 ], [ 27.620246887000064, 42.166584015000069 ], [ 27.619974136000167, 42.168144226000152 ], [ 27.616052628000091, 42.173828125000114 ], [ 27.614801407000186, 42.178661346000069 ], [ 27.611995698000101, 42.180698394000046 ], [ 27.609510421000095, 42.183872223000037 ], [ 27.60260391300011, 42.187683106000122 ], [ 27.596796035000068, 42.189266206000184 ], [ 27.592420578000144, 42.189914704000046 ], [ 27.590250016000141, 42.189552307000156 ], [ 27.590255737000177, 42.187637329000154 ], [ 27.590629577000186, 42.18568420500003 ], [ 27.59172248800013, 42.182029724000074 ], [ 27.592092515000104, 42.180358886000192 ], [ 27.593204497000102, 42.178340911000134 ], [ 27.592844010000192, 42.176731111000151 ], [ 27.591783523000117, 42.174640655000189 ], [ 27.589227676000121, 42.172393800000179 ], [ 27.586315154000033, 42.171569824000073 ], [ 27.580108643000131, 42.166938782000045 ], [ 27.577550888000133, 42.164173127000083 ], [ 27.574258804000067, 42.16122818000008 ], [ 27.57380294799998, 42.156700135000108 ], [ 27.57289505, 42.151504516000045 ], [ 27.572010041000055, 42.148174285000096 ], [ 27.568674088000023, 42.145515443000193 ], [ 27.566850662000149, 42.144584657000109 ], [ 27.563941956000178, 42.143459319000044 ], [ 27.560739518000048, 42.143119813000055 ], [ 27.556127547000074, 42.143669128999989 ], [ 27.551872253000113, 42.145530701000041 ], [ 27.547159195000063, 42.148559571000192 ], [ 27.543081283000163, 42.150787353000112 ], [ 27.539039612000124, 42.152187348000041 ], [ 27.534654618000047, 42.154712677000191 ], [ 27.529916764000063, 42.163024903000121 ], [ 27.528467179000131, 42.16752624500009 ], [ 27.525930405, 42.171287536000136 ], [ 27.523389816000019, 42.174201965000123 ], [ 27.521207809000089, 42.175991059000012 ], [ 27.517581939000081, 42.177581788000111 ], [ 27.514329911000118, 42.178302765000183 ], [ 27.510726930000033, 42.179592133000085 ], [ 27.506399155000111, 42.181137085000046 ], [ 27.494241715000157, 42.183357239000031 ], [ 27.486038208000082, 42.183799744000169 ], [ 27.477849959000139, 42.185611725000058 ], [ 27.47221374500009, 42.187370300000168 ], [ 27.472193722000156, 42.18828720800019 ], [ 27.472158, 42.189903000000129 ], [ 27.472166000000129, 42.191856 ], [ 27.472164000000191, 42.194923000000188 ], [ 27.471443000000193, 42.198292 ], [ 27.470371000000114, 42.199978000000101 ], [ 27.468248000000187, 42.203632 ], [ 27.467176000000109, 42.20533 ], [ 27.465520699000024, 42.207312620000152 ], [ 27.465052, 42.207874 ], [ 27.464862584000173, 42.208394235000185 ], [ 27.464334000000122, 42.209846000000141 ], [ 27.463275961000079, 42.212093242000094 ], [ 27.463237874000072, 42.212330467000129 ], [ 27.462917327000071, 42.214328765000062 ], [ 27.462915794000025, 42.215120180999975 ], [ 27.462914, 42.216297000000111 ], [ 27.463480468000057, 42.217849779000062 ], [ 27.463621000000103, 42.218235 ], [ 27.464338000000112, 42.220169 ], [ 27.46471946700018, 42.221659073000126 ], [ 27.465052, 42.222958 ], [ 27.465616659000148, 42.223717997000108 ], [ 27.466480254000089, 42.224880219 ], [ 27.467903138000054, 42.226535797000054 ], [ 27.469563020000066, 42.228296716000159 ], [ 27.470755000000111, 42.22956100000016 ], [ 27.471774880000112, 42.231129226000064 ], [ 27.472189000000128, 42.231766000000164 ], [ 27.474695000000168, 42.234505000000127 ], [ 27.476843, 42.237843000000112 ], [ 27.482595000000117, 42.245060000000194 ], [ 27.4842510470001, 42.248338711000144 ], [ 27.485125, 42.250069 ], [ 27.488041, 42.255909 ], [ 27.490595000000155, 42.260605000000112 ], [ 27.490265004000037, 42.263698967000039 ], [ 27.491369248000069, 42.267585756000074 ], [ 27.492498398000066, 42.270885468000017 ], [ 27.493246078000141, 42.272811890000071 ], [ 27.493559720000121, 42.273583932 ], [ 27.494362, 42.275558000000103 ], [ 27.496939000000168, 42.278511 ], [ 27.499134, 42.280624 ], [ 27.500826584000094, 42.281980603000136 ], [ 27.502071, 42.282978000000128 ], [ 27.504658, 42.286427 ], [ 27.505779, 42.288296000000173 ], [ 27.507877878000158, 42.291161859000056 ], [ 27.510609, 42.294891000000121 ], [ 27.513178718000177, 42.302697348000152 ], [ 27.516029358000139, 42.311355592000098 ], [ 27.517338605000191, 42.314364710000063 ], [ 27.518702000000133, 42.317497 ], [ 27.520348, 42.324554 ], [ 27.521637000000169, 42.330814 ], [ 27.522849550000103, 42.333637850000059 ], [ 27.52438926700006, 42.337223054000049 ], [ 27.526326417000121, 42.338876056000061 ], [ 27.527380000000164, 42.339775 ], [ 27.532169, 42.342155000000105 ], [ 27.536523978000162, 42.342349999000191 ], [ 27.546293259000151, 42.341857911000147 ], [ 27.55425453200013, 42.341205598000101 ], [ 27.563257217000057, 42.340190888000166 ], [ 27.574743271999978, 42.338977814000145 ], [ 27.576291812000079, 42.338480404 ], [ 27.5829260000001, 42.336349 ], [ 27.58325585800003, 42.335751037000023 ], [ 27.58533477800006, 42.331981658000188 ], [ 27.584886550000135, 42.327564238999969 ], [ 27.585212612000078, 42.325341001000083 ], [ 27.585506, 42.323338000000149 ], [ 27.586332876000029, 42.321140368000044 ], [ 27.587563, 42.317871 ], [ 27.589661, 42.314911000000109 ], [ 27.594271000000163, 42.312859000000174 ], [ 27.59854300000012, 42.311974000000134 ], [ 27.603874000000133, 42.311295 ], [ 27.609182, 42.310612 ], [ 27.615545000000168, 42.309872 ], [ 27.621548000000189, 42.309170000000108 ], [ 27.624129772000117, 42.308999186 ], [ 27.628939000000116, 42.308681000000149 ], [ 27.633127, 42.306728 ], [ 27.635462599000164, 42.304871049000155 ], [ 27.637664795000092, 42.303119660999982 ], [ 27.639913010000043, 42.300860227000101 ], [ 27.641487, 42.299278000000186 ], [ 27.646011000000101, 42.293762000000129 ], [ 27.650411529000166, 42.290831220000143 ], [ 27.650552792000042, 42.290737139000043 ], [ 27.655428000000143, 42.289108000000169 ], [ 27.657642816000077, 42.289186847000053 ], [ 27.658546, 42.289219000000116 ], [ 27.659563737000155, 42.289715955000133 ], [ 27.660639, 42.290241000000151 ], [ 27.661926004000122, 42.291585173000044 ], [ 27.663408279000066, 42.293132783000033 ], [ 27.665324697000187, 42.294568439000159 ], [ 27.666168, 42.295200000000136 ], [ 27.668449372, 42.296773995000024 ], [ 27.670995712000035, 42.298530578000168 ], [ 27.675589475000038, 42.300464551000061 ], [ 27.678553, 42.301712000000123 ], [ 27.684383000000139, 42.302505 ], [ 27.689454456000192, 42.303050247000101 ], [ 27.694326, 42.303574 ], [ 27.696745000000135, 42.306698 ], [ 27.69886, 42.309460000000115 ], [ 27.702175000000182, 42.311646000000167 ], [ 27.704391, 42.313625000000116 ], [ 27.705593537000141, 42.314399504999983 ], [ 27.706470103000186, 42.31496404700016 ], [ 27.708204, 42.31575 ], [ 27.712011, 42.316486 ], [ 27.715818000000127, 42.316410000000189 ], [ 27.718935000000101, 42.316654 ], [ 27.720562, 42.318157 ], [ 27.721643993000157, 42.319126 ], [ 27.722458000000131, 42.319855000000132 ], [ 27.723583280000128, 42.320881941999971 ], [ 27.724163000000146, 42.321411 ], [ 27.72534800000011, 42.322941000000185 ], [ 27.725859000000128, 42.324375 ], [ 27.725730761000079, 42.325107312000171 ], [ 27.725555419000159, 42.326110841000173 ], [ 27.724607467000055, 42.328380585000048 ], [ 27.735565186000144, 42.32495880200014 ], [ 27.740673065000067, 42.325046539000027 ], [ 27.741475888000139, 42.326639975000091 ], [ 27.742679554000119, 42.329029000000105 ], [ 27.743473053000116, 42.329029083000023 ], [ 27.743473053000116, 42.328750609999986 ], [ 27.743749619000084, 42.328750609999986 ], [ 27.743749619000084, 42.328472139000155 ], [ 27.744861603000061, 42.328472139000155 ], [ 27.744861603000061, 42.328193666000118 ], [ 27.745138169000029, 42.328193666000118 ], [ 27.745138169000029, 42.327915193000081 ], [ 27.745416642000066, 42.327915193000081 ], [ 27.745416642000066, 42.327640535000114 ], [ 27.745971679999968, 42.327640535000114 ], [ 27.745971679999968, 42.327362062000077 ], [ 27.746250153, 42.327362062000077 ], [ 27.746250153, 42.32708358900004 ], [ 27.747360229000037, 42.32708358900004 ], [ 27.747360229000037, 42.326805116000173 ], [ 27.748472213000014, 42.326805116000173 ], [ 27.748472213000014, 42.326526643000136 ], [ 27.748750686000051, 42.326526643000136 ], [ 27.748750686000051, 42.326248170000099 ], [ 27.749305725000056, 42.326248170000099 ], [ 27.749305725000056, 42.325973512000076 ], [ 27.750415802000191, 42.325973512000076 ], [ 27.750415802000191, 42.325695039000038 ], [ 27.750694275000058, 42.325695039000038 ], [ 27.750694275000058, 42.325416566 ], [ 27.750972748000095, 42.325416566 ], [ 27.750972748000095, 42.325138093000135 ], [ 27.751527786000167, 42.325138093000135 ], [ 27.751527786000167, 42.324859620000097 ], [ 27.752361298000039, 42.324859620000097 ], [ 27.752361298000039, 42.325138093000135 ], [ 27.752639771000077, 42.325138093000135 ], [ 27.752639771000077, 42.325416566 ], [ 27.753749848000155, 42.325416566 ], [ 27.753749848000155, 42.326526643000136 ], [ 27.754028321000192, 42.326526643000136 ], [ 27.754028321000192, 42.326805116000173 ], [ 27.754304886000057, 42.326805116000173 ], [ 27.754304886000057, 42.32708358900004 ], [ 27.754861832000131, 42.32708358900004 ], [ 27.754861832000131, 42.327362062000077 ], [ 27.755695344, 42.327362062000077 ], [ 27.755695344, 42.328750609999986 ], [ 27.755971909000095, 42.328750609999986 ], [ 27.755971909000095, 42.329029083000023 ], [ 27.756250382000133, 42.329029083000023 ], [ 27.756250382000133, 42.329303743000025 ], [ 27.756526948000101, 42.329303743000025 ], [ 27.756526948000101, 42.329860687000121 ], [ 27.756805421000138, 42.329860687000121 ], [ 27.756805421000138, 42.331665039000029 ], [ 27.756805421000138, 42.332084656000177 ], [ 27.756526948000101, 42.332084656000177 ], [ 27.756526948000101, 42.332916260000047 ], [ 27.756805421000138, 42.332916260000047 ], [ 27.756805421000138, 42.333194733000084 ], [ 27.75736045900004, 42.333194733000084 ], [ 27.75736045900004, 42.333473206000122 ], [ 27.757917403000135, 42.333473206000122 ], [ 27.757917403000135, 42.333751679000159 ], [ 27.758193971000082, 42.333751679000159 ], [ 27.758193971000082, 42.334026337000182 ], [ 27.758750915000178, 42.334026337000182 ], [ 27.758750915000178, 42.334304810000049 ], [ 27.759027480000043, 42.334304810000049 ], [ 27.759027480000043, 42.334026337000182 ], [ 27.759582519000048, 42.334026337000182 ], [ 27.759582519000048, 42.333751679000159 ], [ 27.759860992000085, 42.333751679000159 ], [ 27.759860992000085, 42.333194733000084 ], [ 27.760416030000158, 42.333194733000084 ], [ 27.760416030000158, 42.332916260000047 ], [ 27.762083052999969, 42.332916260000047 ], [ 27.762083052999969, 42.33263778700001 ], [ 27.762361526, 42.33263778700001 ], [ 27.762361526, 42.332916260000047 ], [ 27.763750076000179, 42.332916260000047 ], [ 27.763750076000179, 42.333194733000084 ], [ 27.764305115000184, 42.333194733000084 ], [ 27.764305115000184, 42.333473206000122 ], [ 27.764862061000088, 42.333473206000122 ], [ 27.764862061000088, 42.333751679000159 ], [ 27.76541709900016, 42.333751679000159 ], [ 27.76541709900016, 42.334026337000182 ], [ 27.765693665000128, 42.334026337000182 ], [ 27.765693665000128, 42.334304810000049 ], [ 27.766250611000032, 42.334304810000049 ], [ 27.766250611000032, 42.334583283000086 ], [ 27.766527176000068, 42.334583283000086 ], [ 27.766527176000068, 42.334861756000123 ], [ 27.766805649000105, 42.334861756000123 ], [ 27.766805649000105, 42.335414887000127 ], [ 27.767084122000142, 42.335414887000127 ], [ 27.767084122000142, 42.335693360000164 ], [ 27.767639161000147, 42.335693360000164 ], [ 27.767639161000147, 42.335971833000031 ], [ 27.768472672000087, 42.335971833000031 ], [ 27.768472672000087, 42.336250306000068 ], [ 27.769027711000092, 42.336250306000068 ], [ 27.769027711000092, 42.336528779000105 ], [ 27.769582749000051, 42.336528779000105 ], [ 27.769582749000051, 42.336807252000142 ], [ 27.770416259000058, 42.336807252000142 ], [ 27.770416259000058, 42.337081910000109 ], [ 27.770971297000187, 42.337081910000109 ], [ 27.770971297000187, 42.337360383000146 ], [ 27.771528243000091, 42.337360383000146 ], [ 27.771528243000091, 42.337638856000183 ], [ 27.772638320000169, 42.337638856000183 ], [ 27.772638320000169, 42.337081910000109 ], [ 27.772916793000036, 42.337081910000109 ], [ 27.772916793000036, 42.336807252000142 ], [ 27.773195266000073, 42.336807252000142 ], [ 27.773195266000073, 42.334861756000123 ], [ 27.773471832000041, 42.334861756000123 ], [ 27.773471832000041, 42.333473206000122 ], [ 27.773750305000078, 42.333473206000122 ], [ 27.773750305000078, 42.333194733000084 ], [ 27.774026870000114, 42.333194733000084 ], [ 27.774026870000114, 42.332916260000047 ], [ 27.774583816000188, 42.332916260000047 ], [ 27.774583816000188, 42.333194733000084 ], [ 27.774860382000156, 42.333194733000084 ], [ 27.774860382000156, 42.333473206000122 ], [ 27.775138855000023, 42.333473206000122 ], [ 27.775138855000023, 42.334026337000182 ], [ 27.77541732800006, 42.334026337000182 ], [ 27.77541732800006, 42.334583283000086 ], [ 27.775138855000023, 42.334583283000086 ], [ 27.775138855000023, 42.33514022900016 ], [ 27.77541732800006, 42.33514022900016 ], [ 27.77541732800006, 42.335414887000127 ], [ 27.775693893000096, 42.335414887000127 ], [ 27.775693893000096, 42.335971833000031 ], [ 27.777360916000134, 42.335971833000031 ], [ 27.777360916000134, 42.335693360000164 ], [ 27.779027939000116, 42.335693360000164 ], [ 27.779027939000116, 42.335414887000127 ], [ 27.779306413000086, 42.335414887000127 ], [ 27.779306413000086, 42.334583283000086 ], [ 27.779861451000158, 42.334583283000086 ], [ 27.779861451000158, 42.334861756000123 ], [ 27.780138016000024, 42.334861756000123 ], [ 27.780138016000024, 42.335414887000127 ], [ 27.780416490000164, 42.335414887000127 ], [ 27.780416490000164, 42.335971833000031 ], [ 27.781528472000161, 42.335971833000031 ], [ 27.781528472000161, 42.335693360000164 ], [ 27.782361984000033, 42.335693360000164 ], [ 27.782361984000033, 42.335414887000127 ], [ 27.782638549000069, 42.335414887000127 ], [ 27.782638549000069, 42.335693360000164 ], [ 27.783472061000111, 42.335693360000164 ], [ 27.783472061000111, 42.335971833000031 ], [ 27.783750534000148, 42.335971833000031 ], [ 27.783750534000148, 42.336250306000068 ], [ 27.784860611000056, 42.336250306000068 ], [ 27.784860611000056, 42.335971833000031 ], [ 27.785139084000093, 42.335971833000031 ], [ 27.785139084000093, 42.335693360000164 ], [ 27.78541755700013, 42.335693360000164 ], [ 27.78541755700013, 42.335414887000127 ], [ 27.785972595000089, 42.335414887000127 ], [ 27.785972595000089, 42.33514022900016 ], [ 27.786249161000057, 42.33514022900016 ], [ 27.786249161000057, 42.334026337000182 ], [ 27.785972595000089, 42.334026337000182 ], [ 27.785972595000089, 42.333751679000159 ], [ 27.785694122000052, 42.333751679000159 ], [ 27.785694122000052, 42.333473206000122 ], [ 27.78541755700013, 42.333473206000122 ], [ 27.78541755700013, 42.333194733000084 ], [ 27.785139084000093, 42.333194733000084 ], [ 27.785139084000093, 42.332916260000047 ], [ 27.784860611000056, 42.332916260000047 ], [ 27.784860611000056, 42.332359313999973 ], [ 27.784584045000088, 42.332359313999973 ], [ 27.784584045000088, 42.332084656000177 ], [ 27.784305572000051, 42.332084656000177 ], [ 27.784305572000051, 42.331527710000103 ], [ 27.784027099000014, 42.331527710000103 ], [ 27.784027099000014, 42.331249237000065 ], [ 27.783750534000148, 42.331249237000065 ], [ 27.783750534000148, 42.330970764000028 ], [ 27.783472061000111, 42.330970764000028 ], [ 27.783472061000111, 42.330696106000062 ], [ 27.783193588000074, 42.330696106000062 ], [ 27.783193588000074, 42.330417633000025 ], [ 27.782917022000106, 42.330417633000025 ], [ 27.782917022000106, 42.329582214000084 ], [ 27.783472061000111, 42.329582214000084 ], [ 27.783472061000111, 42.329303743000025 ], [ 27.783750534000148, 42.329303743000025 ], [ 27.783750534000148, 42.328193666000118 ], [ 27.783472061000111, 42.328193666000118 ], [ 27.783472061000111, 42.327915193000081 ], [ 27.783193588000074, 42.327915193000081 ], [ 27.783193588000074, 42.327640535000114 ], [ 27.782638549000069, 42.327640535000114 ], [ 27.782638549000069, 42.327362062000077 ], [ 27.78180503800013, 42.327362062000077 ], [ 27.78180503800013, 42.32708358900004 ], [ 27.781249999000124, 42.32708358900004 ], [ 27.781249999000124, 42.326805116000173 ], [ 27.780971528000066, 42.326805116000173 ], [ 27.780971528000066, 42.326526643000136 ], [ 27.78069496300003, 42.326526643000136 ], [ 27.78069496300003, 42.326248170000099 ], [ 27.780416490000164, 42.326248170000099 ], [ 27.780416490000164, 42.325695039000038 ], [ 27.78180503800013, 42.325695039000038 ], [ 27.78180503800013, 42.325416566 ], [ 27.782361984000033, 42.325416566 ], [ 27.782361984000033, 42.325138093000135 ], [ 27.782638549000069, 42.325138093000135 ], [ 27.782638549000069, 42.324306489000094 ], [ 27.782361984000033, 42.324306489000094 ], [ 27.782361984000033, 42.32374954300019 ], [ 27.782083511000167, 42.32374954300019 ], [ 27.782083511000167, 42.323471070000153 ], [ 27.78180503800013, 42.323471070000153 ], [ 27.78180503800013, 42.323192596000013 ], [ 27.780971528000066, 42.323192596000013 ], [ 27.780971528000066, 42.322917939000149 ], [ 27.780416490000164, 42.322917939000149 ], [ 27.780416490000164, 42.322639466000112 ], [ 27.779861451000158, 42.322639466000112 ], [ 27.779861451000158, 42.322360993000075 ], [ 27.77791595500014, 42.322360993000075 ], [ 27.77791595500014, 42.322082519000105 ], [ 27.777082443000097, 42.322082519000105 ], [ 27.777082443000097, 42.321804046000068 ], [ 27.775972366000133, 42.321804046000068 ], [ 27.775972366000133, 42.321529388999977 ], [ 27.77541732800006, 42.321529388999977 ], [ 27.77541732800006, 42.321250916000167 ], [ 27.774305343000151, 42.321250916000167 ], [ 27.774305343000151, 42.32097244300013 ], [ 27.773750305000078, 42.32097244300013 ], [ 27.773750305000078, 42.32069396900016 ], [ 27.772916793000036, 42.32069396900016 ], [ 27.772916793000036, 42.320415496000123 ], [ 27.772638320000169, 42.320415496000123 ], [ 27.772638320000169, 42.320137023000086 ], [ 27.77541732800006, 42.320137023000086 ], [ 27.77541732800006, 42.320415496000123 ], [ 27.775972366000133, 42.320415496000123 ], [ 27.775972366000133, 42.320137023000086 ], [ 27.778472901000043, 42.320137023000086 ], [ 27.778472901000043, 42.319862366000166 ], [ 27.779306413000086, 42.319862366000166 ], [ 27.779306413000086, 42.319583892000082 ], [ 27.779582978000121, 42.319583892000082 ], [ 27.779582978000121, 42.319305419000045 ], [ 27.779861451000158, 42.319305419000045 ], [ 27.779861451000158, 42.319026946000179 ], [ 27.780138016000024, 42.319026946000179 ], [ 27.780138016000024, 42.318748473000142 ], [ 27.78069496300003, 42.318748473000142 ], [ 27.78069496300003, 42.319026946000179 ], [ 27.782083511000167, 42.319026946000179 ], [ 27.782083511000167, 42.318748473000142 ], [ 27.782361984000033, 42.318748473000142 ], [ 27.782361984000033, 42.317638398000042 ], [ 27.782083511000167, 42.317638398000042 ], [ 27.782083511000167, 42.317359925000176 ], [ 27.78180503800013, 42.317359925000176 ], [ 27.78180503800013, 42.317085265000173 ], [ 27.781528472000161, 42.317081452000139 ], [ 27.781528472000161, 42.316806792000136 ], [ 27.781249999000124, 42.316806792000136 ], [ 27.781249999000124, 42.316528321000078 ], [ 27.781528472000161, 42.316528321000078 ], [ 27.781528472000161, 42.31541824400017 ], [ 27.781249999000124, 42.31541824400017 ], [ 27.781249999000124, 42.315139771000133 ], [ 27.780971528000066, 42.315139771000133 ], [ 27.780971528000066, 42.314861298000096 ], [ 27.78069496300003, 42.314861298000096 ], [ 27.78069496300003, 42.314582825000059 ], [ 27.780416490000164, 42.314582825000059 ], [ 27.780416490000164, 42.314029694000055 ], [ 27.780138016000024, 42.314025879000155 ], [ 27.780138016000024, 42.313472748000152 ], [ 27.78069496300003, 42.313472748000152 ], [ 27.78069496300003, 42.313194275000114 ], [ 27.782083511000167, 42.313194275000114 ], [ 27.782083511000167, 42.312915802000077 ], [ 27.782361984000033, 42.312915802000077 ], [ 27.782361984000033, 42.31263732900004 ], [ 27.783750534000148, 42.31263732900004 ], [ 27.783750534000148, 42.312915802000077 ], [ 27.78541755700013, 42.312915802000077 ], [ 27.78541755700013, 42.31263732900004 ], [ 27.785972595000089, 42.31263732900004 ], [ 27.785972595000089, 42.312362671000074 ], [ 27.786806107000132, 42.312362671000074 ], [ 27.786806107000132, 42.312084198000036 ], [ 27.787082672000167, 42.312084198000036 ], [ 27.787082672000167, 42.31180572500017 ], [ 27.787361145000034, 42.31180572500017 ], [ 27.787361145000034, 42.311527252000133 ], [ 27.787639618000071, 42.311527252000133 ], [ 27.787639618000071, 42.311248779000096 ], [ 27.788473130000114, 42.311248779000096 ], [ 27.788473130000114, 42.310974121000072 ], [ 27.789304734000154, 42.310970306000058 ], [ 27.789304734000154, 42.310695648000035 ], [ 27.789861680000058, 42.310695648000035 ], [ 27.789861680000058, 42.310417175 ], [ 27.790138245000094, 42.310417175 ], [ 27.790138245000094, 42.310138702000131 ], [ 27.790416718000131, 42.310138702000131 ], [ 27.790416718000131, 42.309581756000057 ], [ 27.790695191, 42.309581756000057 ], [ 27.790695191, 42.30930709800009 ], [ 27.79125023, 42.30930709800009 ], [ 27.79125023, 42.309028625000053 ], [ 27.792360307000138, 42.309028625000053 ], [ 27.792360307000138, 42.30930709800009 ], [ 27.792917251000176, 42.30930709800009 ], [ 27.792917251000176, 42.309028625000053 ], [ 27.793750762000172, 42.309028625000053 ], [ 27.793750762000172, 42.308750152000187 ], [ 27.794027328000141, 42.308750152000187 ], [ 27.794027328000141, 42.308471679000149 ], [ 27.794305801000178, 42.308471679000149 ], [ 27.794305801000178, 42.308193206000112 ], [ 27.794582366000043, 42.308193206000112 ], [ 27.794584273999988, 42.307640075000108 ], [ 27.79486083900008, 42.307640075000108 ], [ 27.79486083900008, 42.307083129000034 ], [ 27.795139312000117, 42.307083129000034 ], [ 27.795139312000117, 42.306804656000168 ], [ 27.79486083900008, 42.306804656000168 ], [ 27.79486083900008, 42.306526185000109 ], [ 27.794584273999988, 42.306526185000109 ], [ 27.794582366000043, 42.306251525000164 ], [ 27.793472289000135, 42.306251525000164 ], [ 27.793472289000135, 42.305973052000127 ], [ 27.790971757000136, 42.305973052000127 ], [ 27.790971757000136, 42.306251525000164 ], [ 27.790416718000131, 42.306251525000164 ], [ 27.790416718000131, 42.306526185000109 ], [ 27.790138245000094, 42.306526185000109 ], [ 27.790138245000094, 42.306804656000168 ], [ 27.789583207000192, 42.306804656000168 ], [ 27.789583207000192, 42.307083129000034 ], [ 27.789304734000154, 42.307083129000034 ], [ 27.789304734000154, 42.306804656000168 ], [ 27.788473130000114, 42.306804656000168 ], [ 27.788473130000114, 42.306526185000109 ], [ 27.787639618000071, 42.306526185000109 ], [ 27.787639618000071, 42.306804656000168 ], [ 27.787082672000167, 42.306804656000168 ], [ 27.787082672000167, 42.307083129000034 ], [ 27.785694122000052, 42.307083129000034 ], [ 27.785694122000052, 42.306804656000168 ], [ 27.78541755700013, 42.306804656000168 ], [ 27.78541755700013, 42.306526185000109 ], [ 27.785139084000093, 42.306526185000109 ], [ 27.785139084000093, 42.306251525000164 ], [ 27.784584045000088, 42.306251525000164 ], [ 27.784584045000088, 42.305973052000127 ], [ 27.784305572000051, 42.305973052000127 ], [ 27.784305572000051, 42.305694581000068 ], [ 27.782083511000167, 42.305694581000068 ], [ 27.782083511000167, 42.305416108000031 ], [ 27.78180503800013, 42.305416108000031 ], [ 27.78180503800013, 42.305137635000165 ], [ 27.781528472000161, 42.305137635000165 ], [ 27.781528472000161, 42.304584504000161 ], [ 27.781249999000124, 42.304584504000161 ], [ 27.781249999000124, 42.304306031000124 ], [ 27.780971528000066, 42.304306031000124 ], [ 27.780971528000066, 42.303749085000049 ], [ 27.78069496300003, 42.303749085000049 ], [ 27.78069496300003, 42.303470612000183 ], [ 27.780416490000164, 42.303470612000183 ], [ 27.780416490000164, 42.303195953999989 ], [ 27.780138016000024, 42.303195953999989 ], [ 27.780138016000024, 42.302639008000085 ], [ 27.779861451000158, 42.302639008000085 ], [ 27.779861451000158, 42.302360535000048 ], [ 27.779306413000086, 42.302360535000048 ], [ 27.779306413000086, 42.302082062000011 ], [ 27.778749466000079, 42.302082062000011 ], [ 27.778749466000079, 42.301807404000044 ], [ 27.77791595500014, 42.301807404000044 ], [ 27.77791595500014, 42.302082062000011 ], [ 27.776805878, 42.302082062000011 ], [ 27.776805878, 42.301807404000044 ], [ 27.776527404999968, 42.301807404000044 ], [ 27.776527404999968, 42.301528931000178 ], [ 27.776250839, 42.301528931000178 ], [ 27.776250839, 42.30125045800014 ], [ 27.775972366000133, 42.30125045800014 ], [ 27.775972366000133, 42.300971985000103 ], [ 27.77541732800006, 42.300971985000103 ], [ 27.77541732800006, 42.300693512000066 ], [ 27.774860382000156, 42.300693512000066 ], [ 27.774860382000156, 42.300415039000029 ], [ 27.773195266000073, 42.300415039000029 ], [ 27.773195266000073, 42.300693512000066 ], [ 27.769861220000053, 42.300693512000066 ], [ 27.769861220000053, 42.300415039000029 ], [ 27.76930618200015, 42.300415039000029 ], [ 27.76930618200015, 42.299583435000159 ], [ 27.769582749000051, 42.299583435000159 ], [ 27.769582749000051, 42.299304962000122 ], [ 27.770416259000058, 42.299304962000122 ], [ 27.770416259000058, 42.299026489000084 ], [ 27.770694732000095, 42.299026489000084 ], [ 27.770694732000095, 42.298751831000118 ], [ 27.771249770000054, 42.298751831000118 ], [ 27.771249770000054, 42.298473358000081 ], [ 27.771804809000059, 42.298473358000081 ], [ 27.771804809000059, 42.298194885000044 ], [ 27.772083282000096, 42.298194885000044 ], [ 27.772083282000096, 42.297916412000177 ], [ 27.772361755000134, 42.297916412000177 ], [ 27.772361755000134, 42.29763793900014 ], [ 27.772916793000036, 42.29763793900014 ], [ 27.772916793000036, 42.297359466000103 ], [ 27.773195266000073, 42.297359466000103 ], [ 27.773195266000073, 42.297084808000079 ], [ 27.773471832000041, 42.297084808000079 ], [ 27.773471832000041, 42.296806335000042 ], [ 27.773750305000078, 42.296806335000042 ], [ 27.773750305000078, 42.29513931200006 ], [ 27.773471832000041, 42.29513931200006 ], [ 27.773471832000041, 42.294860839000194 ], [ 27.773195266000073, 42.294860839000194 ], [ 27.773195266000073, 42.294582368000192 ], [ 27.772638320000169, 42.294582368000192 ], [ 27.772638320000169, 42.294303895000155 ], [ 27.770694732000095, 42.294303895000155 ], [ 27.770694732000095, 42.294029235000153 ], [ 27.770416259000058, 42.294029235000153 ], [ 27.770416259000058, 42.293750764000094 ], [ 27.77013969300009, 42.293750764000094 ], [ 27.77013969300009, 42.293472291000057 ], [ 27.76930618200015, 42.293472291000057 ], [ 27.76930618200015, 42.293193818000191 ], [ 27.769027711000092, 42.293193818000191 ], [ 27.769027711000092, 42.292915345000154 ], [ 27.768749238000055, 42.292915345000154 ], [ 27.768749238000055, 42.29236221400015 ], [ 27.768472672000087, 42.29236221400015 ], [ 27.768472672000087, 42.292083741000113 ], [ 27.767915726000012, 42.292083741000113 ], [ 27.767915726000012, 42.291805268000076 ], [ 27.76736068800011, 42.291805268000076 ], [ 27.76736068800011, 42.291526795000038 ], [ 27.767084122000142, 42.291526795000038 ], [ 27.767084122000142, 42.291248322000172 ], [ 27.766805649000105, 42.291248322000172 ], [ 27.766805649000105, 42.290973664000035 ], [ 27.766527176000068, 42.290973664000035 ], [ 27.766527176000068, 42.290695191000168 ], [ 27.766250611000032, 42.290695191000168 ], [ 27.766250611000032, 42.290138245000094 ], [ 27.765972138000166, 42.290138245000094 ], [ 27.765972138000166, 42.289585114000033 ], [ 27.765693665000128, 42.289585114000033 ], [ 27.765693665000128, 42.289306641 ], [ 27.764862061000088, 42.289306641 ], [ 27.764860153000086, 42.289028168000129 ], [ 27.762638091999975, 42.289028168000129 ], [ 27.762638091999975, 42.288749695000092 ], [ 27.76124954200003, 42.288749695000092 ], [ 27.76124954200003, 42.289028168000129 ], [ 27.760972976000062, 42.289028168000129 ], [ 27.760972976000062, 42.289306641 ], [ 27.760139465000123, 42.289306641 ], [ 27.760139465000123, 42.289028168000129 ], [ 27.759860992000085, 42.289028168000129 ], [ 27.759860992000085, 42.288749695000092 ], [ 27.759582519000048, 42.288749695000092 ], [ 27.759582519000048, 42.288471222000055 ], [ 27.75930595300008, 42.288471222000055 ], [ 27.75930595300008, 42.288192749000018 ], [ 27.758750915000178, 42.288192749000018 ], [ 27.758750915000178, 42.288749695000092 ], [ 27.758472442000141, 42.288749695000092 ], [ 27.758472442000141, 42.289028168000129 ], [ 27.758193971000082, 42.289028168000129 ], [ 27.758193971000082, 42.289306641 ], [ 27.757638932000077, 42.289306641 ], [ 27.757638932000077, 42.289028168000129 ], [ 27.756526948000101, 42.289028168000129 ], [ 27.756526948000101, 42.288749695000092 ], [ 27.755971909000095, 42.288749695000092 ], [ 27.755971909000095, 42.288471222000055 ], [ 27.755695344, 42.288471222000055 ], [ 27.755695344, 42.287639618000185 ], [ 27.755416870999966, 42.287639618000185 ], [ 27.755416870999966, 42.287361145000148 ], [ 27.754583359000094, 42.287361145000148 ], [ 27.754583359000094, 42.287082672000111 ], [ 27.754304886000057, 42.287082672000111 ], [ 27.754304886000057, 42.286804199000073 ], [ 27.753749848000155, 42.286804199000073 ], [ 27.753749848000155, 42.286529541000107 ], [ 27.753194809000149, 42.286529541000107 ], [ 27.753194809000149, 42.28625106800007 ], [ 27.752916336000112, 42.28625106800007 ], [ 27.752916336000112, 42.285972595000032 ], [ 27.752361298000039, 42.285972595000032 ], [ 27.752361298000039, 42.285415649000129 ], [ 27.752639771000077, 42.285415649000129 ], [ 27.752639771000077, 42.284584045000088 ], [ 27.752916336000112, 42.284584045000088 ], [ 27.752916336000112, 42.283195495000086 ], [ 27.752639771000077, 42.283195495000086 ], [ 27.752639771000077, 42.281528474000083 ], [ 27.752361298000039, 42.281528474000083 ], [ 27.752361298000039, 42.279861451000102 ], [ 27.752082825000173, 42.279861451000102 ], [ 27.752082825000173, 42.278751374000194 ], [ 27.752361298000039, 42.278751374000194 ], [ 27.752361298000039, 42.27819442800012 ], [ 27.752639771000077, 42.27819442800012 ], [ 27.752639771000077, 42.277915955000083 ], [ 27.752916336000112, 42.277915955000083 ], [ 27.752916336000112, 42.277362824000079 ], [ 27.753194809000149, 42.277362824000079 ], [ 27.753194809000149, 42.277084351000042 ], [ 27.753471375000117, 42.277084351000042 ], [ 27.753471375000117, 42.276527405000138 ], [ 27.753749848000155, 42.276527405000138 ], [ 27.753749848000155, 42.275138855000137 ], [ 27.753471375000117, 42.275138855000137 ], [ 27.753471375000117, 42.274581909000062 ], [ 27.753749848000155, 42.274581909000062 ], [ 27.753749848000155, 42.274028778000059 ], [ 27.754028321000192, 42.274028778000059 ], [ 27.754028321000192, 42.273471832000155 ], [ 27.754304886000057, 42.273471832000155 ], [ 27.754304886000057, 42.272914886000081 ], [ 27.754583359000094, 42.272914886000081 ], [ 27.754583359000094, 42.272640228000114 ], [ 27.756250382000133, 42.272640228000114 ], [ 27.756250382000133, 42.272914886000081 ], [ 27.756805421000138, 42.272914886000081 ], [ 27.756805421000138, 42.273193359000118 ], [ 27.757083894000175, 42.273193359000118 ], [ 27.757083894000175, 42.272640228000114 ], [ 27.757638932000077, 42.272640228000114 ], [ 27.757638932000077, 42.27208328200004 ], [ 27.757917403000135, 42.27208328200004 ], [ 27.757917403000135, 42.271804811000152 ], [ 27.758193971000082, 42.271804811000152 ], [ 27.758193971000082, 42.271526338000115 ], [ 27.758472442000141, 42.271526338000115 ], [ 27.758472442000141, 42.270973207000111 ], [ 27.759027480000043, 42.270973207000111 ], [ 27.759027480000043, 42.269859315000133 ], [ 27.75930595300008, 42.269859315000133 ], [ 27.75930595300008, 42.269306184000129 ], [ 27.759582519000048, 42.269306184000129 ], [ 27.759582519000048, 42.269027711000092 ], [ 27.759860992000085, 42.269027711000092 ], [ 27.759860992000085, 42.268749238000055 ], [ 27.760139465000123, 42.268749238000055 ], [ 27.760139465000123, 42.268470765000188 ], [ 27.760972976000062, 42.268470765000188 ], [ 27.760972976000062, 42.268196107 ], [ 27.761528015000067, 42.268196107 ], [ 27.761528015000067, 42.267917634000128 ], [ 27.762916565000012, 42.267917634000128 ], [ 27.762916565000012, 42.267360688000053 ], [ 27.763471603000141, 42.267360688000053 ], [ 27.763471603000141, 42.267082215000016 ], [ 27.764028549000045, 42.267082215000016 ], [ 27.764028549000045, 42.266803741999979 ], [ 27.76458358800005, 42.266803741999979 ], [ 27.76458358800005, 42.266529084000183 ], [ 27.765138626000123, 42.266529084000183 ], [ 27.765138626000123, 42.266250611000146 ], [ 27.76541709900016, 42.266250611000146 ], [ 27.76541709900016, 42.265693665000072 ], [ 27.765693665000128, 42.265693665000072 ], [ 27.765693665000128, 42.265415192000034 ], [ 27.765972138000166, 42.265415192000034 ], [ 27.765972138000166, 42.265140534000068 ], [ 27.76541709900016, 42.265140534000068 ], [ 27.76541709900016, 42.264862061000031 ], [ 27.765138626000123, 42.264862061000031 ], [ 27.765138626000123, 42.264583588000164 ], [ 27.76458358800005, 42.264583588000164 ], [ 27.76458358800005, 42.264305115000127 ], [ 27.763471603000141, 42.264305115000127 ], [ 27.763471603000141, 42.264583588000164 ], [ 27.762916565000012, 42.264583588000164 ], [ 27.762916565000012, 42.264305115000127 ], [ 27.762638091999975, 42.264305115000127 ], [ 27.762638091999975, 42.264583588000164 ], [ 27.761528015000067, 42.264583588000164 ], [ 27.761528015000067, 42.264305115000127 ], [ 27.76124954200003, 42.264305115000127 ], [ 27.76124954200003, 42.26402664200009 ], [ 27.760416030000158, 42.26402664200009 ], [ 27.760416030000158, 42.263748169000053 ], [ 27.760139465000123, 42.263748169000053 ], [ 27.760139465000123, 42.263473511000086 ], [ 27.759582519000048, 42.263473511000086 ], [ 27.759582519000048, 42.263195038000049 ], [ 27.758472442000141, 42.263195038000049 ], [ 27.758472442000141, 42.263473511000086 ], [ 27.758193971000082, 42.263473511000086 ], [ 27.758193971000082, 42.263748169000053 ], [ 27.757638932000077, 42.263748169000053 ], [ 27.757638932000077, 42.26402664200009 ], [ 27.757083894000175, 42.26402664200009 ], [ 27.757083894000175, 42.264305115000127 ], [ 27.756250382000133, 42.264305115000127 ], [ 27.756250382000133, 42.264862061000031 ], [ 27.755971909000095, 42.264862061000031 ], [ 27.755971909000095, 42.265140534000068 ], [ 27.755416870999966, 42.265140534000068 ], [ 27.755416870999966, 42.264862061000031 ], [ 27.754028321000192, 42.264862061000031 ], [ 27.754028321000192, 42.264583588000164 ], [ 27.753749848000155, 42.264583588000164 ], [ 27.753749848000155, 42.26402664200009 ], [ 27.753471375000117, 42.26402664200009 ], [ 27.753471375000117, 42.263748169000053 ], [ 27.753194809000149, 42.263748169000053 ], [ 27.753194809000149, 42.263473511000086 ], [ 27.752916336000112, 42.263473511000086 ], [ 27.752916336000112, 42.263195038000049 ], [ 27.752639771000077, 42.263195038000049 ], [ 27.752639771000077, 42.262638092000145 ], [ 27.752361298000039, 42.262638092000145 ], [ 27.752361298000039, 42.262382507000041 ], [ 27.752361298000039, 42.262084961000085 ], [ 27.751806259000034, 42.262084961000085 ], [ 27.751806259000034, 42.261806488000047 ], [ 27.751527786000167, 42.261806488000047 ], [ 27.751527786000167, 42.26152801500001 ], [ 27.75124931300013, 42.26152801500001 ], [ 27.75124931300013, 42.261249541999973 ], [ 27.750972748000095, 42.261249541999973 ], [ 27.750972748000095, 42.260971071000142 ], [ 27.750694275000058, 42.260971071000142 ], [ 27.750694275000058, 42.260692598000105 ], [ 27.750415802000191, 42.260692598000105 ], [ 27.750415802000191, 42.259029390000137 ], [ 27.750139236000052, 42.259029390000137 ], [ 27.750139236000052, 42.2587509170001 ], [ 27.749860763000186, 42.2587509170001 ], [ 27.749860763000186, 42.258472444000063 ], [ 27.749584198000093, 42.258472444000063 ], [ 27.749584198000093, 42.258193971000026 ], [ 27.749027252000019, 42.258193971000026 ], [ 27.749027252000019, 42.257915497000113 ], [ 27.748750686000051, 42.257915497000113 ], [ 27.748750686000051, 42.257637024000076 ], [ 27.748472213000014, 42.257637024000076 ], [ 27.748472213000014, 42.253471374000185 ], [ 27.748750686000051, 42.253471374000185 ], [ 27.748750686000051, 42.253192901000148 ], [ 27.749027252000019, 42.253192901000148 ], [ 27.749027252000019, 42.252639770000087 ], [ 27.749305725000056, 42.252639770000087 ], [ 27.749305725000056, 42.25236129700005 ], [ 27.749584198000093, 42.25236129700005 ], [ 27.749584198000093, 42.252082824000013 ], [ 27.749860763000186, 42.252082824000013 ], [ 27.749860763000186, 42.251804350999976 ], [ 27.750139236000052, 42.251804350999976 ], [ 27.750139236000052, 42.251525878000166 ], [ 27.750415802000191, 42.251525878000166 ], [ 27.750415802000191, 42.250694274000068 ], [ 27.750694275000058, 42.250694274000068 ], [ 27.750694275000058, 42.250415801000031 ], [ 27.75124931300013, 42.250415801000031 ], [ 27.75124931300013, 42.250137328000164 ], [ 27.751527786000167, 42.250137328000164 ], [ 27.751527786000167, 42.249862670000027 ], [ 27.751806259000034, 42.249862670000027 ], [ 27.751806259000034, 42.249305724000124 ], [ 27.752082825000173, 42.249305724000124 ], [ 27.752082825000173, 42.249027253000065 ], [ 27.752361298000039, 42.249027253000065 ], [ 27.752361298000039, 42.248474120000083 ], [ 27.752916336000112, 42.248470307 ], [ 27.752916336000112, 42.248195649000024 ], [ 27.753194809000149, 42.248195649000024 ], [ 27.753194809000149, 42.247917176000158 ], [ 27.753471375000117, 42.247917176000158 ], [ 27.753471375000117, 42.247638703000121 ], [ 27.754028321000192, 42.247638703000121 ], [ 27.754028321000192, 42.247360230000083 ], [ 27.754304886000057, 42.247360230000083 ], [ 27.754304886000057, 42.247081757000046 ], [ 27.754583359000094, 42.247081757000046 ], [ 27.754583359000094, 42.24680709900008 ], [ 27.754861832000131, 42.24680709900008 ], [ 27.754861832000131, 42.246528626000043 ], [ 27.755138398000099, 42.246528626000043 ], [ 27.755138398000099, 42.245971680000139 ], [ 27.755416870999966, 42.245971680000139 ], [ 27.755416870999966, 42.245693207000102 ], [ 27.757083894000175, 42.245693207000102 ], [ 27.757083894000175, 42.245418549000078 ], [ 27.75930595300008, 42.245414734000065 ], [ 27.75930595300008, 42.245140076000041 ], [ 27.759582519000048, 42.245140076000041 ], [ 27.759582519000048, 42.244583130000194 ], [ 27.759860992000085, 42.244583130000194 ], [ 27.759860992000085, 42.244304657000157 ], [ 27.760139465000123, 42.244304657000157 ], [ 27.760139465000123, 42.24402618400012 ], [ 27.760416030000158, 42.24402618400012 ], [ 27.760416030000158, 42.243751526000096 ], [ 27.764305115000184, 42.243751526000096 ], [ 27.764305115000184, 42.243473053000059 ], [ 27.765138626000123, 42.243473053000059 ], [ 27.765138626000123, 42.243194580000193 ], [ 27.765693665000128, 42.243194580000193 ], [ 27.765693665000128, 42.242916107000156 ], [ 27.765972138000166, 42.242916107000156 ], [ 27.765972138000166, 42.242637634000118 ], [ 27.766250611000032, 42.242637634000118 ], [ 27.766250611000032, 42.242084503000115 ], [ 27.766527176000068, 42.242084503000115 ], [ 27.766527176000068, 42.241806030000077 ], [ 27.766805649000105, 42.241806030000077 ], [ 27.766805649000105, 42.24152755700004 ], [ 27.767084122000142, 42.24152755700004 ], [ 27.767084122000142, 42.240970611000137 ], [ 27.76736068800011, 42.240970611000137 ], [ 27.76736068800011, 42.24069595300017 ], [ 27.767639161000147, 42.24069595300017 ], [ 27.767639161000147, 42.240417480000133 ], [ 27.768472672000087, 42.240417480000133 ], [ 27.768472672000087, 42.240139007000096 ], [ 27.768749238000055, 42.240139007000096 ], [ 27.768749238000055, 42.240417480000133 ], [ 27.770694732000095, 42.240417480000133 ], [ 27.770694732000095, 42.24069595300017 ], [ 27.770971297000187, 42.24069595300017 ], [ 27.770971297000187, 42.240970611000137 ], [ 27.771528243000091, 42.240970611000137 ], [ 27.771528243000091, 42.241249084000174 ], [ 27.771804809000059, 42.241249084000174 ], [ 27.771804809000059, 42.243194580000193 ], [ 27.771528243000091, 42.243194580000193 ], [ 27.771528243000091, 42.243473053000059 ], [ 27.771249770000054, 42.243473053000059 ], [ 27.771249770000054, 42.243751526000096 ], [ 27.770971297000187, 42.243751526000096 ], [ 27.770971297000187, 42.24402618400012 ], [ 27.770694732000095, 42.24402618400012 ], [ 27.770694732000095, 42.244861603 ], [ 27.772916793000036, 42.244861603 ], [ 27.772916793000036, 42.245140076000041 ], [ 27.774026870000114, 42.245140076000041 ], [ 27.774026870000114, 42.244861603 ], [ 27.774305343000151, 42.244861603 ], [ 27.774305343000151, 42.244304657000157 ], [ 27.774583816000188, 42.244304657000157 ], [ 27.774583816000188, 42.24402618400012 ], [ 27.774860382000156, 42.24402618400012 ], [ 27.774860382000156, 42.243473053000059 ], [ 27.775138855000023, 42.243473053000059 ], [ 27.775138855000023, 42.243194580000193 ], [ 27.775693893000096, 42.243194580000193 ], [ 27.775693893000096, 42.242916107000156 ], [ 27.777639389000171, 42.242916107000156 ], [ 27.777639389000171, 42.242637634000118 ], [ 27.77791595500014, 42.242637634000118 ], [ 27.77791595500014, 42.242084503000115 ], [ 27.778194428000177, 42.242084503000115 ], [ 27.778194428000177, 42.238750457000094 ], [ 27.778472901000043, 42.238750457000094 ], [ 27.778472901000043, 42.23819351100002 ], [ 27.779027939000116, 42.23819351100002 ], [ 27.779027939000116, 42.237915040000189 ], [ 27.779582978000121, 42.237915040000189 ], [ 27.779582978000121, 42.237640380000187 ], [ 27.779861451000158, 42.237640380000187 ], [ 27.779861451000158, 42.23736190700015 ], [ 27.78069496300003, 42.23736190700015 ], [ 27.78069496300003, 42.237083436000148 ], [ 27.781249999000124, 42.237083436000148 ], [ 27.781249999000124, 42.236804963000111 ], [ 27.783472061000111, 42.236804963000111 ], [ 27.783472061000111, 42.237083436000148 ], [ 27.783750534000148, 42.237083436000148 ], [ 27.783750534000148, 42.237915040000189 ], [ 27.784027099000014, 42.237915040000189 ], [ 27.784027099000014, 42.23819351100002 ], [ 27.784860611000056, 42.23819351100002 ], [ 27.784860611000056, 42.237915040000189 ], [ 27.785139084000093, 42.237915040000189 ], [ 27.785139084000093, 42.236526490000074 ], [ 27.78541755700013, 42.236526490000074 ], [ 27.78541755700013, 42.235973359000184 ], [ 27.785694122000052, 42.235973359000184 ], [ 27.785694122000052, 42.234859467000035 ], [ 27.78541755700013, 42.234859467000035 ], [ 27.78541755700013, 42.234584809000069 ], [ 27.785139084000093, 42.234584809000069 ], [ 27.785139084000093, 42.234306336000031 ], [ 27.784860611000056, 42.234306336000031 ], [ 27.784860611000056, 42.234027863000165 ], [ 27.784305572000051, 42.234027863000165 ], [ 27.784305572000051, 42.233749390000128 ], [ 27.783750534000148, 42.233749390000128 ], [ 27.783750534000148, 42.234027863000165 ], [ 27.782917022000106, 42.234027863000165 ], [ 27.782917022000106, 42.233749390000128 ], [ 27.782361984000033, 42.233749390000128 ], [ 27.782361984000033, 42.233470917000091 ], [ 27.782083511000167, 42.233470917000091 ], [ 27.782083511000167, 42.233749390000128 ], [ 27.781249999000124, 42.233749390000128 ], [ 27.781249999000124, 42.234306336000031 ], [ 27.780971528000066, 42.234306336000031 ], [ 27.780971528000066, 42.234584809000069 ], [ 27.78069496300003, 42.234584809000069 ], [ 27.78069496300003, 42.234859467000035 ], [ 27.779582978000121, 42.234859467000035 ], [ 27.779582978000121, 42.234584809000069 ], [ 27.778749466000079, 42.234584809000069 ], [ 27.778749466000079, 42.234306336000031 ], [ 27.778472901000043, 42.234306336000031 ], [ 27.778472901000043, 42.234027863000165 ], [ 27.778194428000177, 42.234027863000165 ], [ 27.778194428000177, 42.233470917000091 ], [ 27.77791595500014, 42.233470917000091 ], [ 27.77791595500014, 42.233196259000124 ], [ 27.777639389000171, 42.233196259000124 ], [ 27.777639389000171, 42.23263931300005 ], [ 27.777360916000134, 42.23263931300005 ], [ 27.777360916000134, 42.232360840000183 ], [ 27.777082443000097, 42.232360840000183 ], [ 27.777082443000097, 42.232082367000146 ], [ 27.776805878, 42.232082367000146 ], [ 27.776805878, 42.231803894000109 ], [ 27.776527404999968, 42.231803894000109 ], [ 27.776527404999968, 42.230140686000141 ], [ 27.776805878, 42.230140686000141 ], [ 27.776805878, 42.228748321000126 ], [ 27.776527404999968, 42.228748321000126 ], [ 27.776527404999968, 42.228195190000122 ], [ 27.776805878, 42.228195190000122 ], [ 27.776805878, 42.227916717000085 ], [ 27.777082443000097, 42.227916717000085 ], [ 27.777082443000097, 42.227638244000048 ], [ 27.777360916000134, 42.227638244000048 ], [ 27.777360916000134, 42.227085113000044 ], [ 27.777639389000171, 42.227085113000044 ], [ 27.777639389000171, 42.226806640000177 ], [ 27.77791595500014, 42.226806640000177 ], [ 27.77791595500014, 42.22652816700014 ], [ 27.778194428000177, 42.22652816700014 ], [ 27.778194428000177, 42.226249696000082 ], [ 27.778749466000079, 42.226249696000082 ], [ 27.778749466000079, 42.225971223000045 ], [ 27.780138016000024, 42.225971223000045 ], [ 27.780138016000024, 42.225692750000178 ], [ 27.781528472000161, 42.225692750000178 ], [ 27.781528472000161, 42.225971223000045 ], [ 27.78180503800013, 42.225971223000045 ], [ 27.78180503800013, 42.226249696000082 ], [ 27.782361984000033, 42.226249696000082 ], [ 27.782361984000033, 42.225971223000045 ], [ 27.782917022000106, 42.225971223000045 ], [ 27.782917022000106, 42.225692750000178 ], [ 27.783193588000074, 42.225692750000178 ], [ 27.783193588000074, 42.2245826730001 ], [ 27.782917022000106, 42.2245826730001 ], [ 27.782917022000106, 42.223751069 ], [ 27.783193588000074, 42.223751069 ], [ 27.783193588000074, 42.223194123000155 ], [ 27.783750534000148, 42.223194123000155 ], [ 27.783750534000148, 42.222915650000118 ], [ 27.785694122000052, 42.222915650000118 ], [ 27.785694122000052, 42.222637177000081 ], [ 27.786249161000057, 42.222637177000081 ], [ 27.786249161000057, 42.222362519000058 ], [ 27.786806107000132, 42.222362519000058 ], [ 27.786806107000132, 42.222084046000191 ], [ 27.787082672000167, 42.222084046000191 ], [ 27.787082672000167, 42.22124862700008 ], [ 27.786806107000132, 42.22124862700008 ], [ 27.786806107000132, 42.220973969000113 ], [ 27.786527634000095, 42.220973969000113 ], [ 27.786527634000095, 42.219581604000098 ], [ 27.787082672000167, 42.219581604000098 ], [ 27.787082672000167, 42.219306946000131 ], [ 27.787916184000039, 42.219306946000131 ], [ 27.787916184000039, 42.219028473000094 ], [ 27.788473130000114, 42.219028473000094 ], [ 27.788473130000114, 42.21791839600013 ], [ 27.788749695000149, 42.21791839600013 ], [ 27.788749695000149, 42.217639923000092 ], [ 27.789028168000186, 42.217639923000092 ], [ 27.789028168000186, 42.217361450000055 ], [ 27.789289475000032, 42.217361450000055 ], [ 27.781930923000118, 42.213916778000169 ], [ 27.650070190000065, 42.152523041 ] ] ] ] } },
{ "type": "Feature", "properties": { "fid": 23, "GID_2": "BGR.2.9_1", "GID_0": "BGR", "COUNTRY": "Bulgaria", "GID_1": "BGR.2_1", "NAME_1": "Burgas", "NL_NAME_1": "Бургас", "NAME_2": "Ruen", "VARNAME_2": "NA", "NL_NAME_2": "NA", "TYPE_2": "Obshtina", "ENGTYPE_2": "Municipality", "CC_2": "NA", "HASC_2": "BG.BR.RU" }, "geometry": { "type": "MultiPolygon", "coordinates": [ [ [ [ 27.422486955000068, 42.777309438000145 ], [ 27.409473420000097, 42.778148651000038 ], [ 27.400838853000039, 42.77924346900005 ], [ 27.390451431000145, 42.78067016600005 ], [ 27.381029130000115, 42.783000945000083 ], [ 27.37467765700012, 42.786155701000155 ], [ 27.36772918700018, 42.78930664100011 ], [ 27.359916688000112, 42.792751312000064 ], [ 27.355213165000066, 42.793914794000102 ], [ 27.348850250000169, 42.792987823000033 ], [ 27.343149185000186, 42.792755127000135 ], [ 27.336139679000041, 42.791385651000155 ], [ 27.330825805000188, 42.788734436000084 ], [ 27.323181152000132, 42.787372590000189 ], [ 27.317018508000046, 42.785926820000157 ], [ 27.310899734000031, 42.785202026000036 ], [ 27.304737092000096, 42.784225465000134 ], [ 27.297346116000028, 42.783519745000035 ], [ 27.293069840000044, 42.783653259000062 ], [ 27.28819084200012, 42.784271240000123 ], [ 27.284870149000085, 42.785331727000028 ], [ 27.280328751000184, 42.786647796000125 ], [ 27.275707245000092, 42.787235261000149 ], [ 27.266399383000191, 42.787925721000079 ], [ 27.259826660000158, 42.788555145000089 ], [ 27.252204896000137, 42.788219452000135 ], [ 27.24450302200006, 42.787643433000142 ], [ 27.237380981000115, 42.787250519000168 ], [ 27.233531953000124, 42.787540436000086 ], [ 27.232198716000028, 42.787410737000073 ], [ 27.227552413000126, 42.787242889000026 ], [ 27.222328186000141, 42.787509919000115 ], [ 27.21799278300017, 42.787551881000013 ], [ 27.213624955000057, 42.787349700999982 ], [ 27.208013535000134, 42.786735535000162 ], [ 27.203943252000045, 42.786312103000114 ], [ 27.198886872000173, 42.785003662000122 ], [ 27.190824509000038, 42.783050538000168 ], [ 27.184921265000071, 42.781513215000075 ], [ 27.182403565000129, 42.780399323000097 ], [ 27.179256440000074, 42.779075624000086 ], [ 27.17369461100003, 42.77822113100018 ], [ 27.170309066000129, 42.77799987800006 ], [ 27.164468764999981, 42.777820587000065 ], [ 27.159605026000179, 42.778430939000145 ], [ 27.156633377000048, 42.780036926000037 ], [ 27.153711318000148, 42.782302857000047 ], [ 27.149967195000045, 42.786399842000037 ], [ 27.145853042000113, 42.789577484 ], [ 27.141153335000183, 42.793212891000167 ], [ 27.137834549000047, 42.794380188000048 ], [ 27.131881715000077, 42.79802322400019 ], [ 27.124557494000044, 42.799884796000015 ], [ 27.120302200000083, 42.801048279000099 ], [ 27.115680695000037, 42.801532746000134 ], [ 27.109796525000093, 42.802028657000051 ], [ 27.106079101000148, 42.80204773000014 ], [ 27.09976959300019, 42.800769806000062 ], [ 27.095355988000108, 42.799900055000137 ], [ 27.089630127000191, 42.797916412000063 ], [ 27.083787918999974, 42.794124604000046 ], [ 27.080795288000104, 42.791015625999989 ], [ 27.077257154999984, 42.78925705100005 ], [ 27.076553345000036, 42.788078308000138 ], [ 27.076322556000036, 42.788089751000143 ], [ 27.07400131300011, 42.788242341000114 ], [ 27.070398331000035, 42.788059235000105 ], [ 27.068361283000058, 42.788108827000087 ], [ 27.06539344700019, 42.78802108800005 ], [ 27.064243318000138, 42.789844513 ], [ 27.064661025000134, 42.791629792000037 ], [ 27.065408707000188, 42.793659210000044 ], [ 27.065328599000168, 42.795127869000169 ], [ 27.06338501, 42.79673767100013 ], [ 27.060903549000102, 42.797000886000149 ], [ 27.057817459000034, 42.79794693000008 ], [ 27.055484772000057, 42.798099518000129 ], [ 27.053192138000043, 42.79926300000011 ], [ 27.050334931000179, 42.801464081000063 ], [ 27.04838180500002, 42.802845002000026 ], [ 27.046455384000069, 42.80479049600001 ], [ 27.045326234000072, 42.806835175000174 ], [ 27.044374467000125, 42.809333802000083 ], [ 27.043771744000082, 42.812389375 ], [ 27.043714523000062, 42.813964844000111 ], [ 27.043834687000071, 42.81728744500009 ], [ 27.044935226000064, 42.818679810000106 ], [ 27.046266556000091, 42.819892884000126 ], [ 27.048858642000141, 42.821098328 ], [ 27.050735473000088, 42.82374954200003 ], [ 27.051500321000162, 42.825893403 ], [ 27.052724838000131, 42.827888489000088 ], [ 27.053777695000122, 42.82991790900013 ], [ 27.055816650000168, 42.832267761000026 ], [ 27.05749511700003, 42.834171295000147 ], [ 27.059810638000044, 42.835948944000052 ], [ 27.063209534000066, 42.837604524000085 ], [ 27.065761566000162, 42.838237763000166 ], [ 27.068740844000104, 42.838333130000137 ], [ 27.071849822000161, 42.837944030000131 ], [ 27.07467079200012, 42.837909698000146 ], [ 27.077791215000161, 42.837875367000038 ], [ 27.080543519000116, 42.839199066000049 ], [ 27.083683014000087, 42.839393615000063 ], [ 27.090856552000162, 42.839317322000056 ], [ 27.094455719000166, 42.839279175000172 ], [ 27.096960068000158, 42.839698791999979 ], [ 27.099199296000165, 42.840354920000095 ], [ 27.100742341, 42.842468262000182 ], [ 27.101976394000076, 42.844829560000164 ], [ 27.102996826000151, 42.848522186000139 ], [ 27.103090286000054, 42.852344512000059 ], [ 27.101930619000086, 42.853599548000147 ], [ 27.100139618000128, 42.854858400000012 ], [ 27.098054885000067, 42.856361390000018 ], [ 27.095939636000082, 42.857509614000037 ], [ 27.090923308000185, 42.862075806000178 ], [ 27.086841584000126, 42.864269256000114 ], [ 27.083810807000134, 42.865768433000085 ], [ 27.082044602000053, 42.867599487000064 ], [ 27.080266953000148, 42.86908721900005 ], [ 27.076959609000085, 42.871402740000065 ], [ 27.073991775000025, 42.874137878000056 ], [ 27.07044601399997, 42.877559661000134 ], [ 27.068441392000068, 42.880516052000189 ], [ 27.06638526800009, 42.882804872000065 ], [ 27.064699172000189, 42.885990144000175 ], [ 27.063898087000098, 42.888233184000114 ], [ 27.062488556000062, 42.890743256000178 ], [ 27.060640334000084, 42.891441346000192 ], [ 27.057889938000073, 42.892841340000189 ], [ 27.053987502000155, 42.895835877000081 ], [ 27.049142838000023, 42.899055481000175 ], [ 27.043539048000184, 42.900520325000059 ], [ 27.035423280000145, 42.902137756000059 ], [ 27.031442643000048, 42.904232026000159 ], [ 27.026319502999968, 42.908370972000114 ], [ 27.023023606000038, 42.911579133000089 ], [ 27.021348953000143, 42.915218353000114 ], [ 27.021436692000179, 42.916576387000191 ], [ 27.022262573000035, 42.915794373000153 ], [ 27.034570695000014, 42.916851044999987 ], [ 27.045381546000044, 42.920120240000074 ], [ 27.055433273000119, 42.924568176000037 ], [ 27.065435409000088, 42.928470612000126 ], [ 27.074689865000039, 42.933521271000131 ], [ 27.083049774000131, 42.937438965000126 ], [ 27.090501786000118, 42.940219880000086 ], [ 27.101295472000061, 42.944683074000068 ], [ 27.110267639000142, 42.946300507000046 ], [ 27.115125657000135, 42.946804046000068 ], [ 27.123191833000135, 42.947284698000033 ], [ 27.128000260000192, 42.947231293000129 ], [ 27.130399703000023, 42.947193147000178 ], [ 27.136722564000138, 42.945960999000192 ], [ 27.14157676700006, 42.946491241 ], [ 27.148962020000113, 42.947563172000173 ], [ 27.159738540000035, 42.950908661000085 ], [ 27.168094634000056, 42.954292297000109 ], [ 27.178159713000184, 42.958808899000076 ], [ 27.18742942800003, 42.963901519999979 ], [ 27.192571640999972, 42.967887879000045 ], [ 27.197702407000122, 42.971866608000028 ], [ 27.206045150000023, 42.975822448000088 ], [ 27.214294434000124, 42.978603363000104 ], [ 27.219999314000177, 42.979705810000098 ], [ 27.228057862000071, 42.980209351000099 ], [ 27.232864379000148, 42.980148316000111 ], [ 27.240060807000134, 42.980075837000072 ], [ 27.247964859000092, 42.979404449000128 ], [ 27.25579261900009, 42.978725434000125 ], [ 27.26350402800017, 42.977455140000188 ], [ 27.271968842000092, 42.976715088000049 ], [ 27.281112670000141, 42.975944519000166 ], [ 27.287952423000036, 42.975776673000155 ], [ 27.299999238000169, 42.975448608000079 ], [ 27.310308456000143, 42.973400117000153 ], [ 27.319766998999967, 42.970783234000066 ], [ 27.327754974000186, 42.969345092000083 ], [ 27.337221145000171, 42.96841430600017 ], [ 27.34582328800019, 42.966335296000125 ], [ 27.34787368800005, 42.964515686000027 ], [ 27.35413551400012, 42.960788726000033 ], [ 27.357538224000109, 42.95775222900005 ], [ 27.360006332000069, 42.956192015999989 ], [ 27.361238480000054, 42.954528808000077 ], [ 27.36279869100008, 42.952838899000142 ], [ 27.363351822000141, 42.951198579000106 ], [ 27.36488914600011, 42.94897079499998 ], [ 27.365791321000074, 42.947589875000119 ], [ 27.367034912, 42.946186067000156 ], [ 27.367607116000102, 42.944816590000073 ], [ 27.369485856000153, 42.942844391000051 ], [ 27.371044159, 42.941158294000104 ], [ 27.373350143000039, 42.940502168000137 ], [ 27.375322342000061, 42.939884187000075 ], [ 27.378568649000158, 42.938396454000042 ], [ 27.38116073600014, 42.937194825000176 ], [ 27.38378143400007, 42.936264039000037 ], [ 27.387325287000124, 42.934204103000127 ], [ 27.390924453000025, 42.932956695000144 ], [ 27.393831252000098, 42.931468965000136 ], [ 27.395086288000186, 42.930328369000108 ], [ 27.39667892500006, 42.92917251700004 ], [ 27.398609161000081, 42.92800521800018 ], [ 27.400499344000082, 42.926284790000125 ], [ 27.403781891000165, 42.925327302000142 ], [ 27.407987595000179, 42.924137116000054 ], [ 27.409639358000163, 42.922859192000033 ], [ 27.412101746000133, 42.919792175000168 ], [ 27.417724609000061, 42.913833618000183 ], [ 27.423477174000027, 42.909740449000026 ], [ 27.429237366000052, 42.905658723000158 ], [ 27.434385300000031, 42.90242385900018 ], [ 27.439258575999986, 42.899993897000058 ], [ 27.445489883000164, 42.89749527000015 ], [ 27.447387694000099, 42.895774842000094 ], [ 27.450010300000031, 42.89455413800016 ], [ 27.453617096000187, 42.892993927000134 ], [ 27.457918168000049, 42.891674042000091 ], [ 27.461267472000088, 42.891220094000175 ], [ 27.467847872000107, 42.891250569000135 ], [ 27.467736264999985, 42.890573479000068 ], [ 27.467471125000088, 42.888964938000072 ], [ 27.467453002000127, 42.888854981000122 ], [ 27.467449160000172, 42.888782268000057 ], [ 27.467251, 42.885029 ], [ 27.467604000000165, 42.882397 ], [ 27.467817259000128, 42.880474517000039 ], [ 27.467943192000178, 42.879341125000053 ], [ 27.469316482000124, 42.876632690000065 ], [ 27.470017350000035, 42.875501223000128 ], [ 27.470235, 42.875150000000133 ], [ 27.470483982000076, 42.874748029000159 ], [ 27.47242164700009, 42.872829437000064 ], [ 27.473873137999988, 42.871334077000142 ], [ 27.473619461000055, 42.870476820000192 ], [ 27.473192104000134, 42.869032648000086 ], [ 27.472932816000025, 42.868156433000138 ], [ 27.471799851000128, 42.866203309000184 ], [ 27.470586776000061, 42.862827301000095 ], [ 27.468622095000114, 42.860530368000184 ], [ 27.468298721000167, 42.860152307000078 ], [ 27.468116902000133, 42.859939741000062 ], [ 27.466612000000168, 42.855967999000086 ], [ 27.466372, 42.851746000000105 ], [ 27.466928, 42.849595 ], [ 27.466975430000048, 42.849411452000027 ], [ 27.467220306000058, 42.848464965000119 ], [ 27.468351364000171, 42.84578323400018 ], [ 27.471256255000128, 42.842391968000072 ], [ 27.471875300000079, 42.841150077000066 ], [ 27.47238862800009, 42.840120269000124 ], [ 27.473119735000125, 42.838653565000129 ], [ 27.473081672000092, 42.837952248000079 ], [ 27.473023347000151, 42.836877585000082 ], [ 27.47296714800018, 42.835842134000131 ], [ 27.472086015, 42.833877704000088 ], [ 27.472129436000159, 42.832994053999982 ], [ 27.472206115000176, 42.831436157000155 ], [ 27.472860336000053, 42.829170225999974 ], [ 27.473503097000048, 42.826728884000147 ], [ 27.473629865000021, 42.826577165000117 ], [ 27.475454330000105, 42.824394227000141 ], [ 27.477041215000042, 42.820064623 ], [ 27.477048599000113, 42.820050736000042 ], [ 27.478469848000032, 42.817382814000098 ], [ 27.479888917000096, 42.81447982800006 ], [ 27.479924659000062, 42.814317521000021 ], [ 27.480013325000073, 42.813914884000042 ], [ 27.480516434000094, 42.811630249000075 ], [ 27.479841232000183, 42.808631896000065 ], [ 27.478912354000045, 42.806045533000031 ], [ 27.477843088000043, 42.803867659000161 ], [ 27.477632781000125, 42.803439308000122 ], [ 27.477460861000111, 42.803089142000147 ], [ 27.475019454000176, 42.801395417000037 ], [ 27.47312164300007, 42.800060272000167 ], [ 27.471742750000146, 42.798713802000123 ], [ 27.471313169000041, 42.798443548000137 ], [ 27.470540638000159, 42.797957617000179 ], [ 27.470256806000123, 42.797779083000137 ], [ 27.462404251000066, 42.793430329000046 ], [ 27.458785596000098, 42.792977372000166 ], [ 27.457399541000086, 42.792803875000061 ], [ 27.456888199000048, 42.792739869000116 ], [ 27.449815750000084, 42.79120254500009 ], [ 27.435054779000097, 42.787166595000144 ], [ 27.426734924000129, 42.78446960399998 ], [ 27.423290253000118, 42.782276154000044 ], [ 27.422918747000097, 42.780475165000155 ], [ 27.422647, 42.779157 ], [ 27.42241300000012, 42.778023 ], [ 27.422438, 42.777784000000167 ], [ 27.422469454000179, 42.777479091000089 ], [ 27.422486955000068, 42.777309438000145 ] ] ] ] } },
{ "type": "Feature", "properties": { "fid": 24, "GID_2": "BGR.2.10_1", "GID_0": "BGR", "COUNTRY": "Bulgaria", "GID_1": "BGR.2_1", "NAME_1": "Burgas", "NL_NAME_1": "Бургас", "NAME_2": "Sozopol", "VARNAME_2": "NA", "NL_NAME_2": "Созопол", "TYPE_2": "Obshtina", "ENGTYPE_2": "Municipality", "CC_2": "NA", "HASC_2": "BG.BR.SO" }, "geometry": { "type": "MultiPolygon", "coordinates": [ [ [ [ 27.342742103000091, 42.387536731000068 ], [ 27.342897415000152, 42.387226105000138 ], [ 27.343675116000099, 42.386930269000175 ], [ 27.345193863000077, 42.386352539000143 ], [ 27.35248375000009, 42.385951997000063 ], [ 27.360260009000172, 42.38536453200004 ], [ 27.367997448000096, 42.385727976000055 ], [ 27.370086670000092, 42.385826111000085 ], [ 27.381921769000144, 42.386875153000062 ], [ 27.390100480000172, 42.387466431000121 ], [ 27.406274795, 42.387939453000172 ], [ 27.417051315000094, 42.388931274000072 ], [ 27.424289704000103, 42.390514374000134 ], [ 27.42810994700011, 42.391527404000101 ], [ 27.431957244000046, 42.392547609000076 ], [ 27.438195306000125, 42.394332072000168 ], [ 27.43825100000015, 42.394348 ], [ 27.439881247000073, 42.394517471000142 ], [ 27.442070008000087, 42.394744874000082 ], [ 27.443681641000126, 42.394821444000172 ], [ 27.447931, 42.395023000000151 ], [ 27.454727000000162, 42.394802 ], [ 27.457935, 42.392448 ], [ 27.459827, 42.388992000000144 ], [ 27.462812000000156, 42.384140000000116 ], [ 27.464303380000104, 42.380743550000147 ], [ 27.464801788000102, 42.379608155000085 ], [ 27.465101440000069, 42.378432466000049 ], [ 27.465799332000074, 42.375694274000125 ], [ 27.467714174000037, 42.373500979000141 ], [ 27.472000122000111, 42.372985840000069 ], [ 27.476871491, 42.379600525000114 ], [ 27.485946656000124, 42.382953644 ], [ 27.490184785000054, 42.381053925000117 ], [ 27.493762970000091, 42.376773835000051 ], [ 27.49516131300004, 42.37424350100008 ], [ 27.49832916400004, 42.368511200000171 ], [ 27.501155057000176, 42.365394764000087 ], [ 27.501649857000075, 42.36484909100011 ], [ 27.50358772300001, 42.362998962000063 ], [ 27.507015228000057, 42.36193084700011 ], [ 27.511081696000076, 42.362548828000172 ], [ 27.514928817000111, 42.365131379000047 ], [ 27.517900265000151, 42.367332311000098 ], [ 27.524227142000029, 42.374759675000178 ], [ 27.529579163000108, 42.379837036000083 ], [ 27.530605797000135, 42.38072548700012 ], [ 27.536112000000173, 42.385490000000118 ], [ 27.540042647000064, 42.388785892000101 ], [ 27.542613984000127, 42.390941621000081 ], [ 27.545671405000064, 42.393885441000066 ], [ 27.552110672000026, 42.400085450000176 ], [ 27.553387607000047, 42.402266260000147 ], [ 27.554565429000149, 42.404277801000035 ], [ 27.555423561000111, 42.407077628000138 ], [ 27.555879592999986, 42.408565522000117 ], [ 27.555381775000058, 42.410587312000075 ], [ 27.55364608800005, 42.413299561000088 ], [ 27.552934647000086, 42.414478302000134 ], [ 27.552254114000164, 42.415606637000167 ], [ 27.551685334000183, 42.416549683000028 ], [ 27.550582885000154, 42.418964387000187 ], [ 27.548385952000046, 42.420120065000049 ], [ 27.547224113000084, 42.421672148000141 ], [ 27.546558381000068, 42.422561645000087 ], [ 27.546047526000166, 42.423565820000135 ], [ 27.545336, 42.4249650000001 ], [ 27.543961, 42.428204 ], [ 27.543953, 42.430782000000193 ], [ 27.544456195, 42.4320276790001 ], [ 27.545343399000103, 42.434223174000124 ], [ 27.546020829000156, 42.436203352 ], [ 27.54623599100006, 42.436832287000129 ], [ 27.546215717000109, 42.437448019000044 ], [ 27.546158, 42.439201 ], [ 27.547184, 42.4426 ], [ 27.550722, 42.450771 ], [ 27.552558517000023, 42.45026397100014 ], [ 27.552917480000133, 42.450164796000195 ], [ 27.553019, 42.450138000000152 ], [ 27.554583, 42.450138000000152 ], [ 27.554583, 42.44986 ], [ 27.554861000000187, 42.44986 ], [ 27.554861000000187, 42.449631000000124 ], [ 27.554861000000187, 42.449585000000184 ], [ 27.555025000000114, 42.449585000000184 ], [ 27.555416, 42.449585000000184 ], [ 27.555416, 42.449478 ], [ 27.555416, 42.449306 ], [ 27.555973, 42.449306 ], [ 27.555973, 42.449028000000112 ], [ 27.556528000000128, 42.449028000000112 ], [ 27.556528000000128, 42.44875 ], [ 27.556805000000111, 42.44875 ], [ 27.556805000000111, 42.448471 ], [ 27.557083, 42.448471 ], [ 27.557083, 42.448193000000117 ], [ 27.557638000000111, 42.448193000000117 ], [ 27.557638000000111, 42.447918000000129 ], [ 27.55875, 42.447918000000129 ], [ 27.55875, 42.447639000000152 ], [ 27.559584, 42.447639000000152 ], [ 27.559584, 42.447361 ], [ 27.560417, 42.447361 ], [ 27.560417, 42.447083000000134 ], [ 27.561527000000183, 42.447083000000134 ], [ 27.561527000000183, 42.446804000000157 ], [ 27.562084, 42.446804000000157 ], [ 27.562084, 42.446529000000112 ], [ 27.562639000000161, 42.446529000000112 ], [ 27.562639000000161, 42.446251 ], [ 27.562916, 42.446251 ], [ 27.562916, 42.445972 ], [ 27.563194, 42.445972 ], [ 27.563194, 42.445694000000117 ], [ 27.567638000000102, 42.445694000000117 ], [ 27.567638000000102, 42.445415000000139 ], [ 27.567917, 42.445415000000139 ], [ 27.567917, 42.445137 ], [ 27.568195000000173, 42.445137 ], [ 27.568195000000173, 42.444862 ], [ 27.568472000000156, 42.444862 ], [ 27.568472000000156, 42.445137 ], [ 27.569584000000134, 42.445137 ], [ 27.569584000000134, 42.445415000000139 ], [ 27.570694000000174, 42.445415000000139 ], [ 27.570694000000174, 42.445137 ], [ 27.570972, 42.445137 ], [ 27.570972, 42.444862 ], [ 27.571251, 42.444862 ], [ 27.571251, 42.444584000000134 ], [ 27.571527000000174, 42.444584000000134 ], [ 27.571527000000174, 42.444862 ], [ 27.572083000000134, 42.444862 ], [ 27.572083000000134, 42.445137 ], [ 27.573195000000169, 42.445137 ], [ 27.573195000000169, 42.444862 ], [ 27.574862, 42.444862 ], [ 27.574862, 42.445137 ], [ 27.57541700000013, 42.445137 ], [ 27.57541700000013, 42.445415000000139 ], [ 27.575695, 42.445415000000139 ], [ 27.575695, 42.445694000000117 ], [ 27.57625000000013, 42.445694000000117 ], [ 27.57625000000013, 42.445972 ], [ 27.576805, 42.445972 ], [ 27.576805, 42.445694000000117 ], [ 27.578194, 42.445694000000117 ], [ 27.578194, 42.445972 ], [ 27.580139, 42.445972 ], [ 27.580139, 42.445694000000117 ], [ 27.580694000000165, 42.445694000000117 ], [ 27.580694000000165, 42.446529000000112 ], [ 27.581528, 42.446529000000112 ], [ 27.581528, 42.446804000000157 ], [ 27.582361, 42.446804000000157 ], [ 27.582361, 42.447083000000134 ], [ 27.582083000000125, 42.447083000000134 ], [ 27.582083000000125, 42.447918000000129 ], [ 27.582361, 42.447918000000129 ], [ 27.582361, 42.448193000000117 ], [ 27.582083000000125, 42.448193000000117 ], [ 27.582083000000125, 42.448471 ], [ 27.581806000000142, 42.448471 ], [ 27.581806000000142, 42.44875 ], [ 27.581528, 42.44875 ], [ 27.581528, 42.449028000000112 ], [ 27.581249, 42.449028000000112 ], [ 27.581249, 42.449306 ], [ 27.580973000000142, 42.449306 ], [ 27.580973000000142, 42.44986 ], [ 27.580694000000165, 42.44986 ], [ 27.580694000000165, 42.450974 ], [ 27.580418, 42.450974 ], [ 27.580416, 42.451248000000135 ], [ 27.580139, 42.451248000000135 ], [ 27.580139, 42.451527000000112 ], [ 27.579861000000164, 42.451527000000112 ], [ 27.579861000000164, 42.452362000000107 ], [ 27.579584000000125, 42.452362000000107 ], [ 27.579584000000125, 42.452641 ], [ 27.576529000000164, 42.452641 ], [ 27.576529000000164, 42.452362000000107 ], [ 27.57625000000013, 42.452362000000107 ], [ 27.57625000000013, 42.452084000000184 ], [ 27.575695, 42.452084000000184 ], [ 27.575695, 42.451805 ], [ 27.575138000000152, 42.451805 ], [ 27.575138000000152, 42.452084000000184 ], [ 27.574583, 42.452084000000184 ], [ 27.574583, 42.452362000000107 ], [ 27.574306, 42.452362000000107 ], [ 27.574306, 42.452915 ], [ 27.574583, 42.452915 ], [ 27.574583, 42.453472 ], [ 27.574862, 42.453472 ], [ 27.574862, 42.453751000000125 ], [ 27.57541700000013, 42.453751000000125 ], [ 27.57541700000013, 42.454029 ], [ 27.575972, 42.454029 ], [ 27.575972, 42.454304 ], [ 27.576529000000164, 42.454304 ], [ 27.576529000000164, 42.45458200000013 ], [ 27.577362000000164, 42.45458200000013 ], [ 27.577362000000164, 42.454861000000108 ], [ 27.579861000000164, 42.454861000000108 ], [ 27.579861000000164, 42.455139 ], [ 27.580139, 42.455139 ], [ 27.580139, 42.455418000000179 ], [ 27.580416, 42.455418000000179 ], [ 27.580418, 42.455696000000103 ], [ 27.580694000000165, 42.455696000000103 ], [ 27.580694000000165, 42.455971 ], [ 27.580973000000142, 42.455971 ], [ 27.580973000000142, 42.456249000000184 ], [ 27.581528, 42.456249000000184 ], [ 27.581528, 42.457638 ], [ 27.581249, 42.457638 ], [ 27.581249, 42.458195000000103 ], [ 27.581528, 42.458195000000103 ], [ 27.581528, 42.458473 ], [ 27.581806000000142, 42.458473 ], [ 27.581806000000142, 42.458752000000175 ], [ 27.582361, 42.458752000000175 ], [ 27.582361, 42.459026000000108 ], [ 27.58264, 42.459026000000108 ], [ 27.58264, 42.459305 ], [ 27.582916000000125, 42.459305 ], [ 27.582916000000125, 42.460297000000139 ], [ 27.582916000000125, 42.461807000000192 ], [ 27.583195000000103, 42.461807000000192 ], [ 27.583195000000103, 42.462360000000103 ], [ 27.583471, 42.462360000000103 ], [ 27.583471, 42.462639 ], [ 27.58375, 42.462639 ], [ 27.58375, 42.462917000000175 ], [ 27.584583, 42.462917000000175 ], [ 27.584583, 42.463196000000153 ], [ 27.58541700000012, 42.463196000000153 ], [ 27.58541700000012, 42.46347 ], [ 27.586527000000103, 42.46347 ], [ 27.586527000000103, 42.463196000000153 ], [ 27.587084, 42.463196000000153 ], [ 27.587084, 42.462917000000175 ], [ 27.587360000000103, 42.462917000000175 ], [ 27.587360000000103, 42.462360000000103 ], [ 27.587639000000138, 42.462360000000103 ], [ 27.587639000000138, 42.461807000000192 ], [ 27.587360000000103, 42.461807000000192 ], [ 27.587360000000103, 42.461250000000121 ], [ 27.587084, 42.461250000000121 ], [ 27.587084, 42.460972 ], [ 27.586805, 42.460972 ], [ 27.586805, 42.460415000000125 ], [ 27.586527000000103, 42.460415000000125 ], [ 27.586527000000103, 42.45958300000018 ], [ 27.586805, 42.45958300000018 ], [ 27.586805, 42.459026000000108 ], [ 27.587917, 42.459026000000108 ], [ 27.587917, 42.459305 ], [ 27.588472000000138, 42.459305 ], [ 27.588472000000138, 42.459026000000108 ], [ 27.588751000000116, 42.459026000000108 ], [ 27.588751000000116, 42.458473 ], [ 27.589027, 42.458473 ], [ 27.589027, 42.457638 ], [ 27.589306000000192, 42.457638 ], [ 27.589306000000192, 42.457359 ], [ 27.589582000000121, 42.457359 ], [ 27.589582000000121, 42.456806 ], [ 27.591806000000133, 42.456806 ], [ 27.591806000000133, 42.456528 ], [ 27.592361, 42.456528 ], [ 27.592361, 42.456249000000184 ], [ 27.592916000000116, 42.456249000000184 ], [ 27.592916000000116, 42.455971 ], [ 27.593472000000133, 42.455971 ], [ 27.593472000000133, 42.455696000000103 ], [ 27.594028, 42.455696000000103 ], [ 27.594028, 42.454861000000108 ], [ 27.594305000000134, 42.454861000000108 ], [ 27.594305000000134, 42.453472 ], [ 27.594584000000111, 42.453472 ], [ 27.594584000000111, 42.453194 ], [ 27.595139000000188, 42.453194 ], [ 27.595139000000188, 42.452915 ], [ 27.595417000000111, 42.452915 ], [ 27.595417000000111, 42.452641 ], [ 27.595694, 42.452641 ], [ 27.595694, 42.452362000000107 ], [ 27.595972000000188, 42.452362000000107 ], [ 27.595972000000188, 42.452084000000184 ], [ 27.596251000000166, 42.452084000000184 ], [ 27.596251000000166, 42.451805 ], [ 27.596806, 42.451805 ], [ 27.596806, 42.451527000000112 ], [ 27.597084000000166, 42.451527000000112 ], [ 27.597084000000166, 42.451248000000135 ], [ 27.597361, 42.451248000000135 ], [ 27.597361, 42.450974 ], [ 27.597639, 42.450974 ], [ 27.597639, 42.450695 ], [ 27.597918000000107, 42.450695 ], [ 27.597918000000107, 42.45041700000013 ], [ 27.598194, 42.45041700000013 ], [ 27.598194, 42.450138000000152 ], [ 27.598473000000183, 42.450138000000152 ], [ 27.598473000000183, 42.44986 ], [ 27.599028, 42.44986 ], [ 27.599028, 42.449585000000184 ], [ 27.599306000000183, 42.449585000000184 ], [ 27.599306000000183, 42.449306 ], [ 27.599583000000166, 42.449306 ], [ 27.599583000000166, 42.449028000000112 ], [ 27.599861, 42.449028000000112 ], [ 27.599861, 42.44875 ], [ 27.60014, 42.44875 ], [ 27.60014, 42.448471 ], [ 27.600695, 42.448471 ], [ 27.600695, 42.448193000000117 ], [ 27.600973, 42.448193000000117 ], [ 27.600973, 42.447918000000129 ], [ 27.601250000000107, 42.447918000000129 ], [ 27.601250000000107, 42.447639000000152 ], [ 27.601805000000184, 42.447639000000152 ], [ 27.601805000000184, 42.447361 ], [ 27.602083000000107, 42.447361 ], [ 27.602083000000107, 42.447083000000134 ], [ 27.602638000000184, 42.447083000000134 ], [ 27.602638000000184, 42.446922000000143 ], [ 27.602638000000184, 42.446804000000157 ], [ 27.602917000000161, 42.446804000000157 ], [ 27.602917000000161, 42.446529000000112 ], [ 27.603472, 42.446529000000112 ], [ 27.603472, 42.446251 ], [ 27.603750000000161, 42.446251 ], [ 27.603750000000161, 42.445972 ], [ 27.604305, 42.445972 ], [ 27.604305, 42.445694000000117 ], [ 27.605417000000102, 42.445694000000117 ], [ 27.605417000000102, 42.445415000000139 ], [ 27.606806, 42.445415000000139 ], [ 27.606806, 42.445137 ], [ 27.608473000000174, 42.445137 ], [ 27.608473000000174, 42.444862 ], [ 27.610138, 42.444862 ], [ 27.610138, 42.444584000000134 ], [ 27.611528000000135, 42.444584000000134 ], [ 27.611528000000135, 42.444305000000156 ], [ 27.613194000000135, 42.444305000000156 ], [ 27.613194000000135, 42.444027 ], [ 27.61513900000017, 42.444027 ], [ 27.61513900000017, 42.444305000000156 ], [ 27.617916, 42.444305000000156 ], [ 27.617916, 42.444584000000134 ], [ 27.620417, 42.444584000000134 ], [ 27.620417, 42.444862 ], [ 27.623194000000126, 42.444862 ], [ 27.623194000000126, 42.445137 ], [ 27.623472, 42.445137 ], [ 27.623472, 42.445415000000139 ], [ 27.624027000000126, 42.445415000000139 ], [ 27.624027000000126, 42.445694000000117 ], [ 27.624584, 42.445694000000117 ], [ 27.624584, 42.445972 ], [ 27.624861, 42.445972 ], [ 27.624861, 42.446251 ], [ 27.625416000000143, 42.446251 ], [ 27.625416000000143, 42.447918000000129 ], [ 27.625139000000104, 42.447918000000129 ], [ 27.625139000000104, 42.449028000000112 ], [ 27.625416000000143, 42.449028000000112 ], [ 27.625416000000143, 42.44986 ], [ 27.625694, 42.44986 ], [ 27.625694, 42.450138000000152 ], [ 27.626249000000143, 42.450138000000152 ], [ 27.626249000000143, 42.45041700000013 ], [ 27.626528000000121, 42.45041700000013 ], [ 27.626528000000121, 42.450695 ], [ 27.626806, 42.450695 ], [ 27.626806, 42.450974 ], [ 27.627083, 42.450974 ], [ 27.627083, 42.451248000000135 ], [ 27.62764, 42.451248000000135 ], [ 27.62764, 42.451527000000112 ], [ 27.627888, 42.451527000000112 ], [ 27.627916, 42.451527000000112 ], [ 27.627916, 42.451805 ], [ 27.627811, 42.451805 ], [ 27.627361000000121, 42.451805 ], [ 27.627361000000121, 42.452084000000184 ], [ 27.627083, 42.452084000000184 ], [ 27.627083, 42.452362000000107 ], [ 27.626806, 42.452362000000107 ], [ 27.626806, 42.452915 ], [ 27.626528000000121, 42.452915 ], [ 27.626528000000121, 42.453194 ], [ 27.626665, 42.453194 ], [ 27.626806, 42.453194 ], [ 27.626806, 42.454029 ], [ 27.626528000000121, 42.454029 ], [ 27.626528000000121, 42.455696000000103 ], [ 27.626806, 42.455696000000103 ], [ 27.626806, 42.455971 ], [ 27.627083, 42.455971 ], [ 27.627083, 42.456249000000184 ], [ 27.627361000000121, 42.456249000000184 ], [ 27.627361000000121, 42.456528 ], [ 27.627083, 42.456528 ], [ 27.627083, 42.456806 ], [ 27.626528000000121, 42.456806 ], [ 27.626528000000121, 42.45708500000012 ], [ 27.626249000000143, 42.45708500000012 ], [ 27.626249000000143, 42.457916000000125 ], [ 27.626528000000121, 42.457916000000125 ], [ 27.626528000000121, 42.458473 ], [ 27.626806, 42.458473 ], [ 27.626806, 42.459026000000108 ], [ 27.627361000000121, 42.459026000000108 ], [ 27.627361000000121, 42.459305 ], [ 27.628195, 42.459305 ], [ 27.628195, 42.45958300000018 ], [ 27.630417, 42.45958300000018 ], [ 27.630417, 42.459305 ], [ 27.630138, 42.459305 ], [ 27.630138, 42.459026000000108 ], [ 27.629583000000139, 42.459026000000108 ], [ 27.629583000000139, 42.458752000000175 ], [ 27.629862000000116, 42.458752000000175 ], [ 27.629862000000116, 42.458473 ], [ 27.629583000000139, 42.458473 ], [ 27.629583000000139, 42.457916000000125 ], [ 27.629028, 42.457916000000125 ], [ 27.629028, 42.457638 ], [ 27.628471000000104, 42.457638 ], [ 27.628471000000104, 42.45708500000012 ], [ 27.628750000000139, 42.45708500000012 ], [ 27.628750000000139, 42.456806 ], [ 27.629028, 42.456806 ], [ 27.629028, 42.456528 ], [ 27.629305, 42.456528 ], [ 27.629305, 42.455971 ], [ 27.629583000000139, 42.455971 ], [ 27.629583000000139, 42.455696000000103 ], [ 27.629862000000116, 42.455696000000103 ], [ 27.629862000000116, 42.455418000000179 ], [ 27.630138, 42.455418000000179 ], [ 27.630138, 42.455139 ], [ 27.630417, 42.455139 ], [ 27.630417, 42.454861000000108 ], [ 27.630695000000117, 42.454861000000108 ], [ 27.630695000000117, 42.45458200000013 ], [ 27.630972, 42.45458200000013 ], [ 27.630972, 42.454304 ], [ 27.63125, 42.454304 ], [ 27.63125, 42.454029 ], [ 27.631805, 42.454029 ], [ 27.631805, 42.453751000000125 ], [ 27.632639, 42.453751000000125 ], [ 27.632639, 42.453472 ], [ 27.633194000000117, 42.453472 ], [ 27.633194000000117, 42.453751000000125 ], [ 27.633751000000188, 42.453751000000125 ], [ 27.633751000000188, 42.453472 ], [ 27.634306, 42.453472 ], [ 27.634306, 42.453194 ], [ 27.634583, 42.453194 ], [ 27.634583, 42.452641 ], [ 27.634861000000171, 42.452641 ], [ 27.634861000000171, 42.452362000000107 ], [ 27.635139, 42.452362000000107 ], [ 27.635139, 42.452084000000184 ], [ 27.635416, 42.452084000000184 ], [ 27.635416, 42.451527000000112 ], [ 27.635139, 42.451527000000112 ], [ 27.635139, 42.451248000000135 ], [ 27.634861000000171, 42.451248000000135 ], [ 27.634861000000171, 42.450974 ], [ 27.634583, 42.450974 ], [ 27.634583, 42.45041700000013 ], [ 27.634306, 42.45041700000013 ], [ 27.634306, 42.450138000000152 ], [ 27.634027000000117, 42.450138000000152 ], [ 27.634027000000117, 42.44986 ], [ 27.633751000000188, 42.44986 ], [ 27.633751000000188, 42.449585000000184 ], [ 27.634027000000117, 42.449585000000184 ], [ 27.634027000000117, 42.449306 ], [ 27.634583, 42.449306 ], [ 27.634583, 42.449028000000112 ], [ 27.635973, 42.449028000000112 ], [ 27.635973, 42.44875 ], [ 27.636805, 42.44875 ], [ 27.636806, 42.448471 ], [ 27.637083000000189, 42.448471 ], [ 27.637083000000189, 42.448193000000117 ], [ 27.637638, 42.448193000000117 ], [ 27.637638, 42.447918000000129 ], [ 27.638472, 42.447918000000129 ], [ 27.638472, 42.447639000000152 ], [ 27.639305, 42.447639000000152 ], [ 27.639305, 42.447918000000129 ], [ 27.639862000000107, 42.447918000000129 ], [ 27.639862000000107, 42.448193000000117 ], [ 27.640139, 42.448193000000117 ], [ 27.640139, 42.448471 ], [ 27.640417000000184, 42.448471 ], [ 27.640417000000184, 42.449306 ], [ 27.640694000000167, 42.449306 ], [ 27.640694000000167, 42.449585000000184 ], [ 27.641251, 42.449585000000184 ], [ 27.641251, 42.44986 ], [ 27.641527000000167, 42.44986 ], [ 27.641527000000167, 42.450138000000152 ], [ 27.642696000000115, 42.450138000000152 ], [ 27.644861000000162, 42.450138000000152 ], [ 27.644861000000162, 42.45041700000013 ], [ 27.64514000000014, 42.45041700000013 ], [ 27.64514000000014, 42.450695 ], [ 27.645416, 42.450695 ], [ 27.645416, 42.450974 ], [ 27.645695, 42.450974 ], [ 27.645695, 42.451248000000135 ], [ 27.646805, 42.451248000000135 ], [ 27.646805, 42.451527000000112 ], [ 27.64875, 42.451527000000112 ], [ 27.64875, 42.451248000000135 ], [ 27.649584000000175, 42.451248000000135 ], [ 27.649584000000175, 42.450974 ], [ 27.651806000000136, 42.450974 ], [ 27.651806000000136, 42.450695 ], [ 27.651527000000158, 42.450695 ], [ 27.651527000000158, 42.45041700000013 ], [ 27.651806000000136, 42.45041700000013 ], [ 27.651806000000136, 42.449028000000112 ], [ 27.651527000000158, 42.449028000000112 ], [ 27.651527000000158, 42.44875 ], [ 27.650694000000158, 42.44875 ], [ 27.650694000000158, 42.448471 ], [ 27.650139, 42.448471 ], [ 27.650139, 42.447361 ], [ 27.64986, 42.447361 ], [ 27.64986, 42.446251 ], [ 27.650417000000175, 42.446251 ], [ 27.650417000000175, 42.445137 ], [ 27.650139, 42.445137 ], [ 27.650139, 42.444305000000156 ], [ 27.650694000000158, 42.444305000000156 ], [ 27.650694000000158, 42.444027 ], [ 27.652082, 42.444027 ], [ 27.652082, 42.443748 ], [ 27.652361, 42.443748 ], [ 27.652361, 42.443474000000151 ], [ 27.652082, 42.443474000000151 ], [ 27.652082, 42.443195000000117 ], [ 27.651806000000136, 42.443195000000117 ], [ 27.651806000000136, 42.442917 ], [ 27.651527000000158, 42.442917 ], [ 27.651527000000158, 42.442638 ], [ 27.651251, 42.442638 ], [ 27.651251, 42.442085000000134 ], [ 27.650417000000175, 42.442081000000144 ], [ 27.650417000000175, 42.441807 ], [ 27.650139, 42.441807 ], [ 27.650139, 42.441250000000139 ], [ 27.64986, 42.441250000000139 ], [ 27.64986, 42.440971000000161 ], [ 27.649027, 42.440971000000161 ], [ 27.649027, 42.441250000000139 ], [ 27.647917, 42.441250000000139 ], [ 27.647917, 42.440971000000161 ], [ 27.647638, 42.440971000000161 ], [ 27.647638, 42.440693 ], [ 27.647362000000157, 42.440693 ], [ 27.647362000000157, 42.440418 ], [ 27.64708300000018, 42.440418 ], [ 27.64708300000018, 42.439861000000121 ], [ 27.646805, 42.439861000000121 ], [ 27.646805, 42.439583 ], [ 27.64708300000018, 42.439583 ], [ 27.64708300000018, 42.439030000000116 ], [ 27.646805, 42.439026000000183 ], [ 27.646805, 42.438751000000138 ], [ 27.64708300000018, 42.438751000000138 ], [ 27.64708300000018, 42.438194 ], [ 27.649027, 42.438194 ], [ 27.649027, 42.437916000000143 ], [ 27.650139, 42.437916000000143 ], [ 27.650139, 42.437637000000166 ], [ 27.650972, 42.437637000000166 ], [ 27.650972, 42.437363 ], [ 27.652082, 42.437363 ], [ 27.652082, 42.437084 ], [ 27.652361, 42.437084 ], [ 27.652361, 42.436806000000161 ], [ 27.652639000000136, 42.436806000000161 ], [ 27.652639000000136, 42.436527000000183 ], [ 27.652916000000175, 42.436527000000183 ], [ 27.652916000000175, 42.436249 ], [ 27.653194, 42.436249 ], [ 27.653194, 42.435974 ], [ 27.653749000000175, 42.43597 ], [ 27.653749000000175, 42.435696000000121 ], [ 27.654028000000153, 42.435696000000121 ], [ 27.654028000000153, 42.435139 ], [ 27.653749000000175, 42.435139 ], [ 27.653749000000175, 42.434582000000148 ], [ 27.653473, 42.434582000000148 ], [ 27.653473, 42.43430700000016 ], [ 27.653194, 42.43430700000016 ], [ 27.653194, 42.434029 ], [ 27.652916000000175, 42.434029 ], [ 27.652916000000175, 42.43375 ], [ 27.652639000000136, 42.43375 ], [ 27.652639000000136, 42.43264 ], [ 27.652916000000175, 42.43264 ], [ 27.652916000000175, 42.432362000000182 ], [ 27.654306, 42.432362000000182 ], [ 27.654306, 42.432083000000148 ], [ 27.655416, 42.432083000000148 ], [ 27.655416, 42.431805 ], [ 27.655972, 42.431805 ], [ 27.655972, 42.431252000000143 ], [ 27.656250000000114, 42.431252000000143 ], [ 27.656250000000114, 42.430695 ], [ 27.655695, 42.430695 ], [ 27.655695, 42.430416 ], [ 27.655138000000136, 42.430416 ], [ 27.655138000000136, 42.429863000000182 ], [ 27.654861000000153, 42.429863000000182 ], [ 27.654861000000153, 42.429585 ], [ 27.654306, 42.429585 ], [ 27.654306, 42.429306 ], [ 27.653749000000175, 42.429306 ], [ 27.653749000000175, 42.429585 ], [ 27.653194, 42.429585 ], [ 27.653194, 42.429863000000182 ], [ 27.652639000000136, 42.429863000000182 ], [ 27.652639000000136, 42.43013800000017 ], [ 27.652082, 42.43013800000017 ], [ 27.652082, 42.431526 ], [ 27.651527000000158, 42.431526 ], [ 27.651527000000158, 42.431252000000143 ], [ 27.650417000000175, 42.431252000000143 ], [ 27.650417000000175, 42.430973000000165 ], [ 27.64930500000014, 42.430973000000165 ], [ 27.64930500000014, 42.430695 ], [ 27.649027, 42.430695 ], [ 27.649027, 42.430416 ], [ 27.646805, 42.430416 ], [ 27.646805, 42.43013800000017 ], [ 27.646528, 42.43013800000017 ], [ 27.646528, 42.429863000000182 ], [ 27.645416, 42.429863000000182 ], [ 27.645416, 42.43013800000017 ], [ 27.644306, 42.43013800000017 ], [ 27.644306, 42.429863000000182 ], [ 27.644028000000162, 42.429863000000182 ], [ 27.644028000000162, 42.429585 ], [ 27.644306, 42.429585 ], [ 27.644306, 42.429527 ], [ 27.644306, 42.429306 ], [ 27.644583, 42.429306 ], [ 27.644583, 42.429028000000187 ], [ 27.644861000000162, 42.429028000000187 ], [ 27.644861000000162, 42.428749 ], [ 27.64514000000014, 42.428749 ], [ 27.64514000000014, 42.427917 ], [ 27.644861000000162, 42.427917 ], [ 27.644861000000162, 42.427082 ], [ 27.644583, 42.427082 ], [ 27.644583, 42.426807 ], [ 27.644306, 42.426807 ], [ 27.644306, 42.426529000000187 ], [ 27.644583, 42.426529000000187 ], [ 27.644583, 42.425972000000115 ], [ 27.644306, 42.425972000000115 ], [ 27.644306, 42.425140000000169 ], [ 27.644028000000162, 42.425140000000169 ], [ 27.644028000000162, 42.424862 ], [ 27.643749000000184, 42.424862 ], [ 27.643749000000184, 42.424583 ], [ 27.644028000000162, 42.424583 ], [ 27.644028000000162, 42.424305000000174 ], [ 27.644306, 42.424305000000174 ], [ 27.644306, 42.423473000000115 ], [ 27.644583, 42.423473000000115 ], [ 27.644583, 42.422916 ], [ 27.644861000000162, 42.422916 ], [ 27.644861000000162, 42.421806000000174 ], [ 27.64514000000014, 42.421806000000174 ], [ 27.64514000000014, 42.420971000000179 ], [ 27.645416, 42.420971000000179 ], [ 27.645416, 42.420696000000191 ], [ 27.645695, 42.420696000000191 ], [ 27.645695, 42.420418 ], [ 27.64625000000018, 42.420418 ], [ 27.64625000000018, 42.42013900000012 ], [ 27.646805, 42.42013900000012 ], [ 27.646805, 42.419861 ], [ 27.64708300000018, 42.419861 ], [ 27.64708300000018, 42.419582 ], [ 27.647362000000157, 42.419582 ], [ 27.647362000000157, 42.418751 ], [ 27.647638, 42.418751 ], [ 27.647638, 42.418194 ], [ 27.64847200000014, 42.418194 ], [ 27.64847200000014, 42.417915000000107 ], [ 27.64875, 42.417915000000107 ], [ 27.64875, 42.417641000000174 ], [ 27.64930500000014, 42.417641000000174 ], [ 27.64930500000014, 42.417362 ], [ 27.649584000000175, 42.417362 ], [ 27.649584000000175, 42.417084000000102 ], [ 27.650139, 42.417084000000102 ], [ 27.650139, 42.416805000000124 ], [ 27.650417000000175, 42.416805000000124 ], [ 27.650417000000175, 42.416527 ], [ 27.650972, 42.416527 ], [ 27.650972, 42.416248 ], [ 27.651527000000158, 42.416248 ], [ 27.651527000000158, 42.415974000000119 ], [ 27.652082, 42.415974000000119 ], [ 27.652082, 42.415695 ], [ 27.652361, 42.415695 ], [ 27.652361, 42.415417 ], [ 27.652639000000136, 42.415417 ], [ 27.652639000000136, 42.415138 ], [ 27.653194, 42.415138 ], [ 27.653194, 42.414860000000147 ], [ 27.653749000000175, 42.414860000000147 ], [ 27.653749000000175, 42.414585000000102 ], [ 27.654028000000153, 42.414585000000102 ], [ 27.654028000000153, 42.414478000000145 ], [ 27.654028000000153, 42.414307000000179 ], [ 27.654306, 42.414307000000179 ], [ 27.654306, 42.414028 ], [ 27.654861000000153, 42.414028 ], [ 27.654861000000153, 42.413750000000107 ], [ 27.655138000000136, 42.413750000000107 ], [ 27.655138000000136, 42.413471000000129 ], [ 27.655695, 42.413471000000129 ], [ 27.655695, 42.413193 ], [ 27.655972, 42.413193 ], [ 27.655972, 42.412918 ], [ 27.656528, 42.412918 ], [ 27.656528, 42.412640000000124 ], [ 27.657084, 42.412640000000124 ], [ 27.657084, 42.412361000000146 ], [ 27.657362000000148, 42.412361000000146 ], [ 27.657362000000148, 42.412083 ], [ 27.657917, 42.412083 ], [ 27.657917, 42.411804 ], [ 27.658472000000131, 42.411804 ], [ 27.658472000000131, 42.41153 ], [ 27.659027, 42.41153 ], [ 27.659027, 42.411251000000107 ], [ 27.659306, 42.411251000000107 ], [ 27.659306, 42.410973 ], [ 27.659861000000149, 42.410973 ], [ 27.659861000000149, 42.410694 ], [ 27.660973000000126, 42.410694 ], [ 27.660973000000126, 42.410416000000112 ], [ 27.662083000000109, 42.410416000000112 ], [ 27.662083000000109, 42.410137000000134 ], [ 27.663473, 42.410137000000134 ], [ 27.663473, 42.409863 ], [ 27.664583, 42.409863 ], [ 27.664583, 42.409584 ], [ 27.664738, 42.409584 ], [ 27.665695, 42.409584 ], [ 27.665695, 42.409306000000129 ], [ 27.667084, 42.409306000000129 ], [ 27.667084, 42.409027000000151 ], [ 27.668194, 42.409027000000151 ], [ 27.668194, 42.408749 ], [ 27.672638000000177, 42.408749 ], [ 27.672638000000177, 42.408474 ], [ 27.673195, 42.408474 ], [ 27.673195, 42.408749 ], [ 27.67375, 42.408749 ], [ 27.67375, 42.409027000000151 ], [ 27.674583, 42.409027000000151 ], [ 27.674583, 42.409306000000129 ], [ 27.674862000000189, 42.409306000000129 ], [ 27.674862000000189, 42.409584 ], [ 27.675138000000118, 42.409584 ], [ 27.675138000000118, 42.409863 ], [ 27.675972000000172, 42.409863 ], [ 27.675972000000172, 42.410137000000134 ], [ 27.676527, 42.410137000000134 ], [ 27.676527, 42.411251000000107 ], [ 27.67625, 42.411251000000107 ], [ 27.67625, 42.412361000000146 ], [ 27.676805000000172, 42.412361000000146 ], [ 27.676805000000172, 42.412640000000124 ], [ 27.677084, 42.412640000000124 ], [ 27.677084, 42.412918 ], [ 27.677639000000113, 42.412918 ], [ 27.677639000000113, 42.413193 ], [ 27.678473000000167, 42.413193 ], [ 27.678473000000167, 42.413471000000129 ], [ 27.679583, 42.413471000000129 ], [ 27.679583, 42.413750000000107 ], [ 27.680973, 42.413750000000107 ], [ 27.680973, 42.413471000000129 ], [ 27.683195, 42.413471000000129 ], [ 27.683195, 42.413193 ], [ 27.684305, 42.413193 ], [ 27.684305, 42.413471000000129 ], [ 27.684584, 42.413471000000129 ], [ 27.684584, 42.414028 ], [ 27.685694, 42.414028 ], [ 27.685694, 42.414478000000145 ], [ 27.685694, 42.414585000000102 ], [ 27.685417, 42.414585000000102 ], [ 27.685417, 42.415138 ], [ 27.685694, 42.415138 ], [ 27.685694, 42.415417 ], [ 27.685972000000163, 42.415417 ], [ 27.685972000000163, 42.415974000000119 ], [ 27.686251000000141, 42.415974000000119 ], [ 27.686251000000141, 42.416248 ], [ 27.686527, 42.416248 ], [ 27.686527, 42.416527 ], [ 27.686806, 42.416527 ], [ 27.686806, 42.416805000000124 ], [ 27.68736100000018, 42.416805000000124 ], [ 27.68736100000018, 42.417084000000102 ], [ 27.687639, 42.417084000000102 ], [ 27.687639, 42.417362 ], [ 27.687916, 42.417362 ], [ 27.687916, 42.417641000000174 ], [ 27.688473000000158, 42.417641000000174 ], [ 27.688473000000158, 42.417915000000107 ], [ 27.689028, 42.417915000000107 ], [ 27.689028, 42.418194 ], [ 27.689306000000158, 42.418194 ], [ 27.689306000000158, 42.418472000000179 ], [ 27.688749, 42.418472000000179 ], [ 27.688749, 42.418751 ], [ 27.688473000000158, 42.418751 ], [ 27.688473000000158, 42.419029 ], [ 27.687916, 42.419029 ], [ 27.687916, 42.419304000000125 ], [ 27.687639, 42.419304000000125 ], [ 27.687639, 42.419582 ], [ 27.68736100000018, 42.419582 ], [ 27.68736100000018, 42.419861 ], [ 27.687639, 42.419861 ], [ 27.687639, 42.42013900000012 ], [ 27.689028, 42.42013900000012 ], [ 27.689028, 42.419861 ], [ 27.69014, 42.419861 ], [ 27.69014, 42.42013900000012 ], [ 27.690416000000141, 42.42013900000012 ], [ 27.690416000000141, 42.419861 ], [ 27.690971, 42.419861 ], [ 27.690971, 42.42013900000012 ], [ 27.691422000000102, 42.42013900000012 ], [ 27.691528000000119, 42.42013900000012 ], [ 27.691528000000119, 42.420418 ], [ 27.691805000000159, 42.420418 ], [ 27.691805000000159, 42.421249000000103 ], [ 27.691528000000119, 42.421249000000103 ], [ 27.691528000000119, 42.421528 ], [ 27.69125, 42.421528 ], [ 27.69125, 42.421806000000174 ], [ 27.690971, 42.421806000000174 ], [ 27.690971, 42.423195000000192 ], [ 27.692362, 42.423195000000192 ], [ 27.692362, 42.423473000000115 ], [ 27.692638000000159, 42.423473000000115 ], [ 27.692638000000159, 42.423752 ], [ 27.692917000000136, 42.423752 ], [ 27.692917000000136, 42.424026 ], [ 27.693195, 42.424026 ], [ 27.693195, 42.424305000000174 ], [ 27.693472, 42.424305000000174 ], [ 27.693472, 42.424583 ], [ 27.693750000000136, 42.424583 ], [ 27.693750000000136, 42.425140000000169 ], [ 27.693472, 42.425140000000169 ], [ 27.693472, 42.425415 ], [ 27.693195, 42.425415 ], [ 27.693195, 42.425694000000192 ], [ 27.692638000000159, 42.425694000000192 ], [ 27.692638000000159, 42.425972000000115 ], [ 27.692362, 42.425972000000115 ], [ 27.692362, 42.425694000000192 ], [ 27.692083, 42.425694000000192 ], [ 27.692083, 42.425415 ], [ 27.691805000000159, 42.425415 ], [ 27.691805000000159, 42.424862 ], [ 27.691528000000119, 42.424862 ], [ 27.691528000000119, 42.424305000000174 ], [ 27.69125, 42.424305000000174 ], [ 27.69125, 42.424026 ], [ 27.690971, 42.424026 ], [ 27.690971, 42.423752 ], [ 27.690695000000119, 42.423752 ], [ 27.690695000000119, 42.423195000000192 ], [ 27.690416000000141, 42.423195000000192 ], [ 27.690416000000141, 42.42263800000012 ], [ 27.689861, 42.42263800000012 ], [ 27.689861, 42.422359 ], [ 27.68819400000018, 42.422359 ], [ 27.68819400000018, 42.423195000000192 ], [ 27.688473000000158, 42.423195000000192 ], [ 27.688473000000158, 42.423473000000115 ], [ 27.688749, 42.423473000000115 ], [ 27.688749, 42.424305000000174 ], [ 27.688473000000158, 42.424305000000174 ], [ 27.688473000000158, 42.424583 ], [ 27.68819400000018, 42.424583 ], [ 27.68819400000018, 42.424862 ], [ 27.687916, 42.424862 ], [ 27.687916, 42.425415 ], [ 27.687639, 42.425415 ], [ 27.687639, 42.425694000000192 ], [ 27.68819400000018, 42.425694000000192 ], [ 27.68819400000018, 42.425972000000115 ], [ 27.688473000000158, 42.425972000000115 ], [ 27.688473000000158, 42.42625 ], [ 27.689306000000158, 42.42625 ], [ 27.689306000000158, 42.426529000000187 ], [ 27.69014, 42.426529000000187 ], [ 27.69014, 42.426807 ], [ 27.692638000000159, 42.426807 ], [ 27.692638000000159, 42.426529000000187 ], [ 27.693472, 42.426529000000187 ], [ 27.693472, 42.42625 ], [ 27.694860000000119, 42.42625 ], [ 27.694860000000119, 42.426529000000187 ], [ 27.695417, 42.426529000000187 ], [ 27.695417, 42.426807 ], [ 27.696251000000132, 42.426807 ], [ 27.696251000000132, 42.427082 ], [ 27.698750000000132, 42.427082 ], [ 27.698750000000132, 42.426807 ], [ 27.699305, 42.426807 ], [ 27.699306000000149, 42.426529000000187 ], [ 27.700138, 42.426529000000187 ], [ 27.700138, 42.42625 ], [ 27.70069500000011, 42.42625 ], [ 27.70069500000011, 42.425972000000115 ], [ 27.700972000000149, 42.425972000000115 ], [ 27.700972000000149, 42.425694000000192 ], [ 27.70125, 42.425694000000192 ], [ 27.70125, 42.425140000000169 ], [ 27.700972000000149, 42.425140000000169 ], [ 27.700972000000149, 42.424862 ], [ 27.700417, 42.424862 ], [ 27.700417, 42.424583 ], [ 27.700138, 42.424583 ], [ 27.700138, 42.424305000000174 ], [ 27.697916, 42.424305000000174 ], [ 27.697916, 42.424026 ], [ 27.697083, 42.424026 ], [ 27.697083, 42.423752 ], [ 27.696806, 42.423752 ], [ 27.696806, 42.423473000000115 ], [ 27.696527, 42.423473000000115 ], [ 27.696527, 42.423195000000192 ], [ 27.696251000000132, 42.423195000000192 ], [ 27.696251000000132, 42.422359 ], [ 27.695694, 42.422359 ], [ 27.695694, 42.422085 ], [ 27.695139000000154, 42.422085 ], [ 27.695139000000154, 42.421806000000174 ], [ 27.694860000000119, 42.421806000000174 ], [ 27.694860000000119, 42.421528 ], [ 27.694584, 42.421528 ], [ 27.694584, 42.421249000000103 ], [ 27.694860000000119, 42.421249000000103 ], [ 27.694860000000119, 42.420696000000191 ], [ 27.695139000000154, 42.420696000000191 ], [ 27.695139000000154, 42.420418 ], [ 27.695417, 42.420418 ], [ 27.695417, 42.419861 ], [ 27.695694, 42.419861 ], [ 27.695694, 42.419582 ], [ 27.695972000000154, 42.419582 ], [ 27.695972000000154, 42.419304000000125 ], [ 27.696527, 42.419304000000125 ], [ 27.696527, 42.419029 ], [ 27.696806, 42.419029 ], [ 27.696806, 42.419304000000125 ], [ 27.697361000000114, 42.419304000000125 ], [ 27.697361000000114, 42.419582 ], [ 27.698750000000132, 42.419582 ], [ 27.698750000000132, 42.419861 ], [ 27.699028, 42.419861 ], [ 27.699028, 42.42013900000012 ], [ 27.69986200000011, 42.42013900000012 ], [ 27.69986200000011, 42.420418 ], [ 27.700417, 42.420418 ], [ 27.700417, 42.42013900000012 ], [ 27.70069500000011, 42.42013900000012 ], [ 27.70069500000011, 42.419861 ], [ 27.70125, 42.419861 ], [ 27.70125, 42.419582 ], [ 27.702084000000127, 42.419582 ], [ 27.702084000000127, 42.419861 ], [ 27.702917000000127, 42.419861 ], [ 27.702917000000127, 42.419582 ], [ 27.70319400000011, 42.419582 ], [ 27.70319400000011, 42.419029 ], [ 27.702917000000127, 42.419029 ], [ 27.702917000000127, 42.418472000000179 ], [ 27.702639, 42.418472000000179 ], [ 27.702639, 42.417915000000107 ], [ 27.702362, 42.417915000000107 ], [ 27.70236, 42.417362 ], [ 27.702084000000127, 42.417362 ], [ 27.702084000000127, 42.416805000000124 ], [ 27.701805000000149, 42.416805000000124 ], [ 27.701805000000149, 42.416527 ], [ 27.70125, 42.416527 ], [ 27.70125, 42.416248 ], [ 27.700417, 42.416248 ], [ 27.700417, 42.415695 ], [ 27.700138, 42.415695 ], [ 27.700138, 42.415138 ], [ 27.69986200000011, 42.415138 ], [ 27.69986200000011, 42.414585000000102 ], [ 27.700138, 42.414585000000102 ], [ 27.700138, 42.414478000000145 ], [ 27.700138, 42.414028 ], [ 27.700417, 42.414028 ], [ 27.700417, 42.413750000000107 ], [ 27.70069500000011, 42.413750000000107 ], [ 27.70069500000011, 42.413471000000129 ], [ 27.700972000000149, 42.413471000000129 ], [ 27.700972000000149, 42.413193 ], [ 27.70125, 42.413193 ], [ 27.70125, 42.412918 ], [ 27.701529, 42.412918 ], [ 27.701529, 42.412361000000146 ], [ 27.701805000000149, 42.412361000000146 ], [ 27.701805000000149, 42.412083 ], [ 27.702084000000127, 42.412083 ], [ 27.702084000000127, 42.411804 ], [ 27.70236, 42.411804 ], [ 27.702362, 42.41153 ], [ 27.702639, 42.41153 ], [ 27.702639, 42.411251000000107 ], [ 27.702917000000127, 42.411251000000107 ], [ 27.702917000000127, 42.410973 ], [ 27.703472, 42.410973 ], [ 27.703472, 42.410694 ], [ 27.704584000000182, 42.410694 ], [ 27.704584000000182, 42.410416000000112 ], [ 27.704861, 42.410416000000112 ], [ 27.704861, 42.409306000000129 ], [ 27.705139, 42.409306000000129 ], [ 27.705139, 42.409027000000151 ], [ 27.705973, 42.409027000000151 ], [ 27.705973, 42.408749 ], [ 27.706528000000105, 42.408749 ], [ 27.706528000000105, 42.408474 ], [ 27.709305, 42.408474 ], [ 27.709305, 42.408195 ], [ 27.709583000000123, 42.408195 ], [ 27.709583000000123, 42.407917000000111 ], [ 27.709862000000101, 42.407917000000111 ], [ 27.709862000000101, 42.407639 ], [ 27.710417000000177, 42.407639 ], [ 27.710417000000177, 42.407917000000111 ], [ 27.712084000000118, 42.407917000000111 ], [ 27.712084000000118, 42.407639 ], [ 27.71236, 42.407639 ], [ 27.71236, 42.406719000000123 ], [ 27.71236, 42.40625 ], [ 27.713472, 42.40625 ], [ 27.713472, 42.406528000000151 ], [ 27.713751000000173, 42.406528000000151 ], [ 27.713751000000173, 42.406727000000103 ], [ 27.713751000000173, 42.406807000000128 ], [ 27.714027000000101, 42.406807000000128 ], [ 27.714027000000101, 42.40736 ], [ 27.714306, 42.40736 ], [ 27.714306, 42.408474 ], [ 27.714582000000178, 42.408474 ], [ 27.714582000000178, 42.408749 ], [ 27.715694, 42.408749 ], [ 27.715694, 42.408474 ], [ 27.716528, 42.408474 ], [ 27.716528, 42.408749 ], [ 27.717083000000173, 42.408749 ], [ 27.717083000000173, 42.409027000000151 ], [ 27.717638, 42.409027000000151 ], [ 27.717638, 42.409863 ], [ 27.717916000000173, 42.409863 ], [ 27.717916000000173, 42.410137000000134 ], [ 27.71930500000019, 42.410137000000134 ], [ 27.71930500000019, 42.409306000000129 ], [ 27.719584000000168, 42.409306000000129 ], [ 27.719584000000168, 42.409027000000151 ], [ 27.721806000000186, 42.409027000000151 ], [ 27.721806000000186, 42.409306000000129 ], [ 27.722918000000163, 42.409306000000129 ], [ 27.722918000000163, 42.409584 ], [ 27.724028000000146, 42.409584 ], [ 27.724028000000146, 42.409863 ], [ 27.725140000000124, 42.409863 ], [ 27.725140000000124, 42.410137000000134 ], [ 27.727917, 42.410137000000134 ], [ 27.727917, 42.410416000000112 ], [ 27.728195000000142, 42.410416000000112 ], [ 27.728195000000142, 42.410694 ], [ 27.728472000000124, 42.410694 ], [ 27.728472000000124, 42.410416000000112 ], [ 27.729305000000124, 42.410416000000112 ], [ 27.729305000000124, 42.410137000000134 ], [ 27.729584000000159, 42.410137000000134 ], [ 27.729584000000159, 42.409306000000129 ], [ 27.729305000000124, 42.409306000000129 ], [ 27.729305000000124, 42.409027000000151 ], [ 27.729029, 42.409027000000151 ], [ 27.729029, 42.408749 ], [ 27.72875, 42.408749 ], [ 27.72875, 42.408474 ], [ 27.728472000000124, 42.408474 ], [ 27.728472000000124, 42.408195 ], [ 27.728195000000142, 42.408195 ], [ 27.728195000000142, 42.40625 ], [ 27.728472000000124, 42.40625 ], [ 27.728472000000124, 42.405972000000133 ], [ 27.729029, 42.405972000000133 ], [ 27.729029, 42.405418000000111 ], [ 27.729305000000124, 42.405418000000111 ], [ 27.729305000000124, 42.40514 ], [ 27.729584000000159, 42.40514 ], [ 27.729584000000159, 42.404861 ], [ 27.72986, 42.404861 ], [ 27.72986, 42.404305 ], [ 27.729584000000159, 42.404305 ], [ 27.729584000000159, 42.404026 ], [ 27.729305000000124, 42.404026 ], [ 27.729305000000124, 42.403751 ], [ 27.727083000000164, 42.403751 ], [ 27.727083000000164, 42.403473000000133 ], [ 27.726528, 42.403473000000133 ], [ 27.726528, 42.402084000000116 ], [ 27.726250000000164, 42.402084000000116 ], [ 27.726250000000164, 42.401527 ], [ 27.725973000000124, 42.401527 ], [ 27.725973000000124, 42.401249000000178 ], [ 27.725695, 42.401249000000178 ], [ 27.725695, 42.400970000000143 ], [ 27.725416, 42.400970000000143 ], [ 27.725416, 42.400417 ], [ 27.725140000000124, 42.400417 ], [ 27.725140000000124, 42.400139000000138 ], [ 27.724861000000146, 42.400139000000138 ], [ 27.724861000000146, 42.39986000000016 ], [ 27.724306, 42.39986000000016 ], [ 27.724306, 42.399582 ], [ 27.723194, 42.399582 ], [ 27.723194, 42.399307 ], [ 27.722361, 42.399307 ], [ 27.722361, 42.399582 ], [ 27.721806000000186, 42.399582 ], [ 27.721806000000186, 42.39986000000016 ], [ 27.721251, 42.39986000000016 ], [ 27.721251, 42.400139000000138 ], [ 27.720139, 42.400139000000138 ], [ 27.720139, 42.400417 ], [ 27.719862, 42.400417 ], [ 27.719862, 42.400696 ], [ 27.719584000000168, 42.400696 ], [ 27.719584000000168, 42.400970000000143 ], [ 27.718195000000151, 42.400970000000143 ], [ 27.718195000000151, 42.400696 ], [ 27.717445000000112, 42.400696 ], [ 27.716528, 42.400696 ], [ 27.716528, 42.400139000000138 ], [ 27.716249000000118, 42.400139000000138 ], [ 27.716249000000118, 42.39986000000016 ], [ 27.715694, 42.39986000000016 ], [ 27.715694, 42.400139000000138 ], [ 27.714861, 42.400139000000138 ], [ 27.714861, 42.400417 ], [ 27.710138, 42.400417 ], [ 27.710138, 42.400139000000138 ], [ 27.709862000000101, 42.400139000000138 ], [ 27.709862000000101, 42.39986000000016 ], [ 27.709583000000123, 42.39986000000016 ], [ 27.709583000000123, 42.399582 ], [ 27.709305, 42.399582 ], [ 27.709305, 42.399307 ], [ 27.708750000000123, 42.399307 ], [ 27.708750000000123, 42.399029000000155 ], [ 27.708471, 42.399029000000155 ], [ 27.708471, 42.398750000000177 ], [ 27.708195, 42.398750000000177 ], [ 27.708195, 42.398472 ], [ 27.707916000000182, 42.398472 ], [ 27.707916000000182, 42.397915000000182 ], [ 27.70764, 42.397915000000182 ], [ 27.70764, 42.3978 ], [ 27.70764, 42.397362 ], [ 27.707361000000105, 42.397362 ], [ 27.707361000000105, 42.396805000000143 ], [ 27.707083000000182, 42.396805000000143 ], [ 27.707083000000182, 42.396252 ], [ 27.706806, 42.396252 ], [ 27.706806, 42.39569500000016 ], [ 27.706528000000105, 42.39569500000016 ], [ 27.706528000000105, 42.395138 ], [ 27.706249000000128, 42.395138 ], [ 27.706249000000128, 42.394585000000177 ], [ 27.705973, 42.394585000000177 ], [ 27.705973, 42.39319600000016 ], [ 27.706249000000128, 42.39319600000016 ], [ 27.706249000000128, 42.391251000000182 ], [ 27.706528000000105, 42.391251000000182 ], [ 27.706528000000105, 42.389584 ], [ 27.706806, 42.389584 ], [ 27.706806, 42.386806 ], [ 27.707083000000182, 42.386806 ], [ 27.707083000000182, 42.385139 ], [ 27.707361000000105, 42.385139 ], [ 27.707361000000105, 42.384861000000114 ], [ 27.70764, 42.384861000000114 ], [ 27.70764, 42.384583000000191 ], [ 27.707916000000182, 42.384583000000191 ], [ 27.707916000000182, 42.384029000000169 ], [ 27.708195, 42.384029000000169 ], [ 27.708195, 42.383751 ], [ 27.708471, 42.383751 ], [ 27.708471, 42.383472 ], [ 27.708750000000123, 42.383472 ], [ 27.708750000000123, 42.383194000000174 ], [ 27.710972, 42.383194000000174 ], [ 27.710972, 42.382915 ], [ 27.711250000000177, 42.382915 ], [ 27.711250000000177, 42.383194000000174 ], [ 27.712917000000118, 42.383194000000174 ], [ 27.712917000000118, 42.382915 ], [ 27.713194000000101, 42.382915 ], [ 27.713194000000101, 42.382637000000102 ], [ 27.714027000000101, 42.382637000000102 ], [ 27.714027000000101, 42.382362000000114 ], [ 27.715139, 42.382362000000114 ], [ 27.715139, 42.382084000000191 ], [ 27.716528, 42.382084000000191 ], [ 27.716528, 42.382362000000114 ], [ 27.71680600000019, 42.382362000000114 ], [ 27.71680600000019, 42.382084000000191 ], [ 27.717083000000173, 42.382084000000191 ], [ 27.717083000000173, 42.382362000000114 ], [ 27.717361, 42.382362000000114 ], [ 27.717361, 42.382084000000191 ], [ 27.717638, 42.382084000000191 ], [ 27.717638, 42.381527000000119 ], [ 27.718195000000151, 42.381527000000119 ], [ 27.718195000000151, 42.381248000000141 ], [ 27.71875, 42.381248000000141 ], [ 27.71875, 42.380974 ], [ 27.719584000000168, 42.380974 ], [ 27.719584000000168, 42.380695000000173 ], [ 27.720139, 42.380695000000173 ], [ 27.720139, 42.380417 ], [ 27.720972, 42.380417 ], [ 27.720972, 42.380138000000102 ], [ 27.721527000000151, 42.380138000000102 ], [ 27.721527000000151, 42.37986 ], [ 27.722361, 42.37986 ], [ 27.722361, 42.379581 ], [ 27.723194, 42.379581 ], [ 27.723194, 42.379307 ], [ 27.723749000000169, 42.379307 ], [ 27.723749000000169, 42.379028000000119 ], [ 27.724028000000146, 42.379028000000119 ], [ 27.724028000000146, 42.378193000000124 ], [ 27.723749000000169, 42.378193000000124 ], [ 27.723749000000169, 42.377918 ], [ 27.723473, 42.377918 ], [ 27.723473, 42.37764 ], [ 27.722918000000163, 42.37764 ], [ 27.722918000000163, 42.377361 ], [ 27.722639000000186, 42.377361 ], [ 27.722639000000186, 42.377083000000141 ], [ 27.722084, 42.377083000000141 ], [ 27.722084, 42.376804000000106 ], [ 27.720972, 42.376804000000106 ], [ 27.720972, 42.376530000000173 ], [ 27.71847200000019, 42.376526 ], [ 27.71847200000019, 42.376251 ], [ 27.717638, 42.376251 ], [ 27.717638, 42.375973000000101 ], [ 27.717083000000173, 42.375973000000101 ], [ 27.717083000000173, 42.375416 ], [ 27.71680600000019, 42.375416 ], [ 27.71680600000019, 42.374863000000119 ], [ 27.716528, 42.374863000000119 ], [ 27.716528, 42.373474000000101 ], [ 27.71680600000019, 42.373470000000111 ], [ 27.71680600000019, 42.372639000000106 ], [ 27.716528, 42.372639000000106 ], [ 27.716528, 42.372360000000128 ], [ 27.716249000000118, 42.372360000000128 ], [ 27.716249000000118, 42.372082 ], [ 27.71597300000019, 42.372082 ], [ 27.71597300000019, 42.371807 ], [ 27.714861, 42.371807 ], [ 27.714861, 42.371529000000123 ], [ 27.714027000000101, 42.371529000000123 ], [ 27.714027000000101, 42.371250000000146 ], [ 27.713751000000173, 42.371250000000146 ], [ 27.713751000000173, 42.370972 ], [ 27.713472, 42.370972 ], [ 27.713472, 42.370693 ], [ 27.712917000000118, 42.370693 ], [ 27.712917000000118, 42.371807 ], [ 27.712639, 42.371807 ], [ 27.712639, 42.372082 ], [ 27.710695000000101, 42.372082 ], [ 27.710695000000101, 42.371807 ], [ 27.710417000000177, 42.371807 ], [ 27.710417000000177, 42.371529000000123 ], [ 27.710138, 42.371529000000123 ], [ 27.710138, 42.370693 ], [ 27.709862000000101, 42.370693 ], [ 27.709862000000101, 42.37041900000014 ], [ 27.709583000000123, 42.37041900000014 ], [ 27.709583000000123, 42.369862 ], [ 27.709305, 42.369862 ], [ 27.709305, 42.369583 ], [ 27.709028, 42.369583 ], [ 27.709028, 42.369305000000111 ], [ 27.708471, 42.369305000000111 ], [ 27.708471, 42.369026000000133 ], [ 27.708195, 42.369026000000133 ], [ 27.708195, 42.36791600000015 ], [ 27.708471, 42.36791600000015 ], [ 27.708471, 42.367638 ], [ 27.708750000000123, 42.367638 ], [ 27.708750000000123, 42.366806000000111 ], [ 27.708471, 42.366806000000111 ], [ 27.708471, 42.366528 ], [ 27.708195, 42.366528 ], [ 27.708195, 42.366249 ], [ 27.708471, 42.366249 ], [ 27.708471, 42.365971000000172 ], [ 27.708750000000123, 42.365971000000172 ], [ 27.708750000000123, 42.36541700000015 ], [ 27.709028, 42.36541700000015 ], [ 27.709028, 42.365139 ], [ 27.709305, 42.365139 ], [ 27.709305, 42.364582000000155 ], [ 27.709583000000123, 42.364582000000155 ], [ 27.709583000000123, 42.36430700000011 ], [ 27.709862000000101, 42.36430700000011 ], [ 27.709862000000101, 42.364029 ], [ 27.710138, 42.364029 ], [ 27.710138, 42.363472000000172 ], [ 27.710417000000177, 42.363472000000172 ], [ 27.710417000000177, 42.36264 ], [ 27.710695000000101, 42.36264 ], [ 27.710695000000101, 42.362083000000155 ], [ 27.710972, 42.362083000000155 ], [ 27.710972, 42.361805 ], [ 27.711250000000177, 42.361805 ], [ 27.711250000000177, 42.36125200000015 ], [ 27.711527, 42.36125200000015 ], [ 27.711527, 42.360973000000172 ], [ 27.711805, 42.360973000000172 ], [ 27.711805, 42.360695 ], [ 27.712084000000118, 42.360695 ], [ 27.712084000000118, 42.360416 ], [ 27.713194000000101, 42.360416 ], [ 27.713194000000101, 42.360138000000177 ], [ 27.713472, 42.360138000000177 ], [ 27.713472, 42.359585 ], [ 27.713751000000173, 42.359585 ], [ 27.713751000000173, 42.359306 ], [ 27.714027000000101, 42.359306 ], [ 27.714027000000101, 42.358471 ], [ 27.714306, 42.358471 ], [ 27.714306, 42.358196 ], [ 27.714582000000178, 42.358196 ], [ 27.714582000000178, 42.357639000000177 ], [ 27.715139, 42.357639000000177 ], [ 27.715139, 42.357361 ], [ 27.715416000000118, 42.357361 ], [ 27.715416000000118, 42.356804000000182 ], [ 27.715694, 42.356804000000182 ], [ 27.715694, 42.356529000000137 ], [ 27.71597300000019, 42.356529000000137 ], [ 27.71597300000019, 42.355972 ], [ 27.716249000000118, 42.355972 ], [ 27.716249000000118, 42.355415000000164 ], [ 27.716528, 42.355415000000164 ], [ 27.716528, 42.354862 ], [ 27.71680600000019, 42.354862 ], [ 27.71680600000019, 42.354584000000159 ], [ 27.717083000000173, 42.354584000000159 ], [ 27.717083000000173, 42.354027 ], [ 27.717638, 42.354027 ], [ 27.717638, 42.35374800000011 ], [ 27.717916000000173, 42.35374800000011 ], [ 27.717916000000173, 42.353474000000176 ], [ 27.718195000000151, 42.353474000000176 ], [ 27.718195000000151, 42.352917000000105 ], [ 27.71847200000019, 42.352917000000105 ], [ 27.71847200000019, 42.352638 ], [ 27.71875, 42.352638 ], [ 27.71875, 42.352085000000159 ], [ 27.719028000000151, 42.352085000000159 ], [ 27.719028000000151, 42.351807 ], [ 27.719584000000168, 42.351807 ], [ 27.719584000000168, 42.351250000000164 ], [ 27.719862, 42.351250000000164 ], [ 27.719862, 42.350418000000104 ], [ 27.720139, 42.350418000000104 ], [ 27.720139, 42.350140000000181 ], [ 27.720417000000168, 42.350140000000181 ], [ 27.720417000000168, 42.349583000000109 ], [ 27.720694000000151, 42.349583000000109 ], [ 27.720694000000151, 42.349304 ], [ 27.720972, 42.349304 ], [ 27.720972, 42.34903 ], [ 27.722084, 42.34903 ], [ 27.722084, 42.348751000000163 ], [ 27.722361, 42.348751000000163 ], [ 27.722361, 42.347363 ], [ 27.722084, 42.347363 ], [ 27.722084, 42.347084000000109 ], [ 27.722361, 42.347084000000109 ], [ 27.722361, 42.346806000000186 ], [ 27.722918000000163, 42.346806000000186 ], [ 27.722918000000163, 42.347084000000109 ], [ 27.724028000000146, 42.347084000000109 ], [ 27.724028000000146, 42.346806000000186 ], [ 27.724306, 42.346806000000186 ], [ 27.724306, 42.346527 ], [ 27.724583, 42.346527 ], [ 27.724583, 42.346249000000114 ], [ 27.725140000000124, 42.346249000000114 ], [ 27.725140000000124, 42.34486 ], [ 27.725416, 42.34486 ], [ 27.725416, 42.344582 ], [ 27.727362000000142, 42.344582 ], [ 27.727362000000142, 42.34486 ], [ 27.727638, 42.34486 ], [ 27.727638, 42.345139 ], [ 27.728195000000142, 42.345139 ], [ 27.728195000000142, 42.345417000000168 ], [ 27.729584000000159, 42.345417000000168 ], [ 27.729584000000159, 42.345139 ], [ 27.730417000000159, 42.345139 ], [ 27.730417000000159, 42.344028 ], [ 27.730139, 42.344028 ], [ 27.730139, 42.343750000000114 ], [ 27.729584000000159, 42.343750000000114 ], [ 27.729584000000159, 42.34347200000019 ], [ 27.729029, 42.34347200000019 ], [ 27.729029, 42.342083 ], [ 27.729305000000124, 42.342083 ], [ 27.729305000000124, 42.341526000000101 ], [ 27.729029, 42.341526000000101 ], [ 27.729029, 42.340416000000118 ], [ 27.729305000000124, 42.340416000000118 ], [ 27.729305000000124, 42.340137000000141 ], [ 27.730417000000159, 42.340137000000141 ], [ 27.730417000000159, 42.340416000000118 ], [ 27.730972, 42.340416000000118 ], [ 27.730972, 42.340137000000141 ], [ 27.731251, 42.340137000000141 ], [ 27.731251, 42.339027000000101 ], [ 27.730972, 42.339027000000101 ], [ 27.730972, 42.338749 ], [ 27.730694000000142, 42.338749 ], [ 27.730694000000142, 42.33847 ], [ 27.730417000000159, 42.33847 ], [ 27.730417000000159, 42.338196 ], [ 27.72986, 42.338196 ], [ 27.72986, 42.337082000000123 ], [ 27.730139, 42.337082000000123 ], [ 27.730139, 42.336807000000135 ], [ 27.72986, 42.336807000000135 ], [ 27.72986, 42.335693000000106 ], [ 27.730139, 42.335693000000106 ], [ 27.730139, 42.335415 ], [ 27.730417000000159, 42.335415 ], [ 27.730417000000159, 42.335140000000195 ], [ 27.730694000000142, 42.335140000000195 ], [ 27.730694000000142, 42.334862000000101 ], [ 27.731251, 42.334862000000101 ], [ 27.731251, 42.334583000000123 ], [ 27.731527000000142, 42.334583000000123 ], [ 27.731527000000142, 42.334305 ], [ 27.73180600000012, 42.334305 ], [ 27.73180600000012, 42.334026 ], [ 27.732082, 42.334026 ], [ 27.732084, 42.333752000000118 ], [ 27.732361, 42.333752000000118 ], [ 27.732361, 42.33347300000014 ], [ 27.73263900000012, 42.33347300000014 ], [ 27.73263900000012, 42.333195 ], [ 27.732916000000159, 42.333195 ], [ 27.732916000000159, 42.332916 ], [ 27.733194, 42.332916 ], [ 27.733194, 42.332638000000145 ], [ 27.733749000000159, 42.332638000000145 ], [ 27.733749000000159, 42.332359000000167 ], [ 27.734028000000137, 42.332359000000167 ], [ 27.734028000000137, 42.332085 ], [ 27.734306, 42.332085 ], [ 27.734306, 42.331806 ], [ 27.734583, 42.331806 ], [ 27.734583, 42.331528000000105 ], [ 27.734861000000137, 42.331528000000105 ], [ 27.734861000000137, 42.331249000000128 ], [ 27.73513800000012, 42.331249000000128 ], [ 27.73513800000012, 42.330971 ], [ 27.735416, 42.330971 ], [ 27.735416, 42.330696 ], [ 27.735695, 42.330696 ], [ 27.735695, 42.330418000000122 ], [ 27.736250000000155, 42.330418000000122 ], [ 27.736250000000155, 42.330139000000145 ], [ 27.736528, 42.330139000000145 ], [ 27.736528, 42.329861 ], [ 27.736805, 42.329861 ], [ 27.736805, 42.329582 ], [ 27.737083000000155, 42.329582 ], [ 27.737083000000155, 42.32930400000015 ], [ 27.737362000000132, 42.32930400000015 ], [ 27.737362000000132, 42.329029000000105 ], [ 27.737917, 42.329029000000105 ], [ 27.737917, 42.328751 ], [ 27.738472000000115, 42.328751 ], [ 27.738472000000115, 42.328472 ], [ 27.73875, 42.328472 ], [ 27.73875, 42.328194000000167 ], [ 27.739305000000115, 42.328194000000167 ], [ 27.739305000000115, 42.327915000000132 ], [ 27.739861000000133, 42.327915000000132 ], [ 27.739861000000133, 42.327641 ], [ 27.740417, 42.327641 ], [ 27.740417, 42.327915000000132 ], [ 27.741249, 42.327915000000132 ], [ 27.741249, 42.328194000000167 ], [ 27.741528000000187, 42.328194000000167 ], [ 27.741528000000187, 42.328751 ], [ 27.741806000000111, 42.328751 ], [ 27.741806000000111, 42.329029000000105 ], [ 27.742679554000119, 42.329029000000105 ], [ 27.741475888000139, 42.326639975000091 ], [ 27.740673065000067, 42.325046539000027 ], [ 27.735565186000144, 42.32495880200014 ], [ 27.724607467000055, 42.328380585000048 ], [ 27.725555419000159, 42.326110841000173 ], [ 27.725730761000079, 42.325107312000171 ], [ 27.725859000000128, 42.324375 ], [ 27.72534800000011, 42.322941000000185 ], [ 27.724163000000146, 42.321411 ], [ 27.723583280000128, 42.320881941999971 ], [ 27.722458000000131, 42.319855000000132 ], [ 27.721643993000157, 42.319126 ], [ 27.720562, 42.318157 ], [ 27.718935000000101, 42.316654 ], [ 27.715818000000127, 42.316410000000189 ], [ 27.712011, 42.316486 ], [ 27.708204, 42.31575 ], [ 27.706470103000186, 42.31496404700016 ], [ 27.705593537000141, 42.314399504999983 ], [ 27.704391, 42.313625000000116 ], [ 27.702175000000182, 42.311646000000167 ], [ 27.69886, 42.309460000000115 ], [ 27.696745000000135, 42.306698 ], [ 27.694326, 42.303574 ], [ 27.689454456000192, 42.303050247000101 ], [ 27.684383000000139, 42.302505 ], [ 27.678553, 42.301712000000123 ], [ 27.675589475000038, 42.300464551000061 ], [ 27.670995712000035, 42.298530578000168 ], [ 27.668449372, 42.296773995000024 ], [ 27.666168, 42.295200000000136 ], [ 27.665324697000187, 42.294568439000159 ], [ 27.663408279000066, 42.293132783000033 ], [ 27.661926004000122, 42.291585173000044 ], [ 27.660639, 42.290241000000151 ], [ 27.659563737000155, 42.289715955000133 ], [ 27.658546, 42.289219000000116 ], [ 27.657642816000077, 42.289186847000053 ], [ 27.655428000000143, 42.289108000000169 ], [ 27.650552792000042, 42.290737139000043 ], [ 27.650411529000166, 42.290831220000143 ], [ 27.646011000000101, 42.293762000000129 ], [ 27.641487, 42.299278000000186 ], [ 27.639913010000043, 42.300860227000101 ], [ 27.637664795000092, 42.303119660999982 ], [ 27.635462599000164, 42.304871049000155 ], [ 27.633127, 42.306728 ], [ 27.628939000000116, 42.308681000000149 ], [ 27.624129772000117, 42.308999186 ], [ 27.621548000000189, 42.309170000000108 ], [ 27.615545000000168, 42.309872 ], [ 27.609182, 42.310612 ], [ 27.603874000000133, 42.311295 ], [ 27.59854300000012, 42.311974000000134 ], [ 27.594271000000163, 42.312859000000174 ], [ 27.589661, 42.314911000000109 ], [ 27.587563, 42.317871 ], [ 27.586332876000029, 42.321140368000044 ], [ 27.585506, 42.323338000000149 ], [ 27.585212612000078, 42.325341001000083 ], [ 27.584886550000135, 42.327564238999969 ], [ 27.58533477800006, 42.331981658000188 ], [ 27.58325585800003, 42.335751037000023 ], [ 27.5829260000001, 42.336349 ], [ 27.576291812000079, 42.338480404 ], [ 27.574743271999978, 42.338977814000145 ], [ 27.563257217000057, 42.340190888000166 ], [ 27.55425453200013, 42.341205598000101 ], [ 27.546293259000151, 42.341857911000147 ], [ 27.536523978000162, 42.342349999000191 ], [ 27.532169, 42.342155000000105 ], [ 27.527380000000164, 42.339775 ], [ 27.526326417000121, 42.338876056000061 ], [ 27.52438926700006, 42.337223054000049 ], [ 27.522849550000103, 42.333637850000059 ], [ 27.521637000000169, 42.330814 ], [ 27.520348, 42.324554 ], [ 27.518702000000133, 42.317497 ], [ 27.517338605000191, 42.314364710000063 ], [ 27.516029358000139, 42.311355592000098 ], [ 27.513178718000177, 42.302697348000152 ], [ 27.510609, 42.294891000000121 ], [ 27.507877878000158, 42.291161859000056 ], [ 27.505779, 42.288296000000173 ], [ 27.504658, 42.286427 ], [ 27.502071, 42.282978000000128 ], [ 27.500826584000094, 42.281980603000136 ], [ 27.499134, 42.280624 ], [ 27.496939000000168, 42.278511 ], [ 27.494362, 42.275558000000103 ], [ 27.493559720000121, 42.273583932 ], [ 27.493246078000141, 42.272811890000071 ], [ 27.492498398000066, 42.270885468000017 ], [ 27.491369248000069, 42.267585756000074 ], [ 27.490265004000037, 42.263698967000039 ], [ 27.490595000000155, 42.260605000000112 ], [ 27.488041, 42.255909 ], [ 27.485125, 42.250069 ], [ 27.4842510470001, 42.248338711000144 ], [ 27.482595000000117, 42.245060000000194 ], [ 27.476843, 42.237843000000112 ], [ 27.474695000000168, 42.234505000000127 ], [ 27.472189000000128, 42.231766000000164 ], [ 27.471774880000112, 42.231129226000064 ], [ 27.470755000000111, 42.22956100000016 ], [ 27.469563020000066, 42.228296716000159 ], [ 27.467903138000054, 42.226535797000054 ], [ 27.466480254000089, 42.224880219 ], [ 27.465616659000148, 42.223717997000108 ], [ 27.465052, 42.222958 ], [ 27.46471946700018, 42.221659073000126 ], [ 27.464338000000112, 42.220169 ], [ 27.463621000000103, 42.218235 ], [ 27.463480468000057, 42.217849779000062 ], [ 27.462914, 42.216297000000111 ], [ 27.462915794000025, 42.215120180999975 ], [ 27.462917327000071, 42.214328765000062 ], [ 27.463237874000072, 42.212330467000129 ], [ 27.463275961000079, 42.212093242000094 ], [ 27.464334000000122, 42.209846000000141 ], [ 27.464862584000173, 42.208394235000185 ], [ 27.465052, 42.207874 ], [ 27.465520699000024, 42.207312620000152 ], [ 27.467176000000109, 42.20533 ], [ 27.468248000000187, 42.203632 ], [ 27.470371000000114, 42.199978000000101 ], [ 27.471443000000193, 42.198292 ], [ 27.472164000000191, 42.194923000000188 ], [ 27.472166000000129, 42.191856 ], [ 27.472158, 42.189903000000129 ], [ 27.472193722000156, 42.18828720800019 ], [ 27.47221374500009, 42.187370300000168 ], [ 27.471099853000112, 42.187088014000096 ], [ 27.468000413000027, 42.186710358000084 ], [ 27.466410318000158, 42.186717771000076 ], [ 27.464727402, 42.186725617000036 ], [ 27.460857621000173, 42.186466376000169 ], [ 27.45806503200015, 42.186279298000159 ], [ 27.456121143000132, 42.186267977000171 ], [ 27.45348, 42.186253 ], [ 27.451268944000049, 42.186257518000104 ], [ 27.450054169000168, 42.18626022300009 ], [ 27.444982529000129, 42.186611176000042 ], [ 27.443541155000048, 42.186835805999976 ], [ 27.441898347000176, 42.18709182900011 ], [ 27.441183128999967, 42.187133118000077 ], [ 27.438924790000101, 42.187263489000145 ], [ 27.436613082000122, 42.187576294000166 ], [ 27.432987212000171, 42.188335419000168 ], [ 27.432105129000092, 42.188558053000122 ], [ 27.431793000000141, 42.188637 ], [ 27.430605547000027, 42.18895735000001 ], [ 27.429758073000073, 42.189186097000061 ], [ 27.428895223000097, 42.189536864000047 ], [ 27.426248551000128, 42.19061279400006 ], [ 27.422971725000082, 42.191455841000106 ], [ 27.418451309000147, 42.191516876000094 ], [ 27.416232628000159, 42.191360868000118 ], [ 27.413677215000178, 42.191181183000083 ], [ 27.409805299000084, 42.190406800000062 ], [ 27.40814590500014, 42.190074921000019 ], [ 27.407818722000115, 42.189950919000069 ], [ 27.404150008000158, 42.188560485000153 ], [ 27.402864998000041, 42.18827997000011 ], [ 27.401773000000105, 42.188042000000166 ], [ 27.399673000000121, 42.18771 ], [ 27.398202545, 42.187586619000058 ], [ 27.396621703000164, 42.187454223000088 ], [ 27.393943787000069, 42.187393188000101 ], [ 27.392830034000042, 42.187868292000189 ], [ 27.391619, 42.188385 ], [ 27.389078, 42.190598 ], [ 27.382084000000134, 42.195656 ], [ 27.379549, 42.197655 ], [ 27.374562743000183, 42.200947645000099 ], [ 27.371641160000138, 42.20287704600014 ], [ 27.366533280000112, 42.202953339000146 ], [ 27.361860983000156, 42.202387225000052 ], [ 27.359323502000052, 42.202079774000083 ], [ 27.353000641000108, 42.200416566000115 ], [ 27.350985676000107, 42.199567247000118 ], [ 27.348566056000095, 42.198547363000102 ], [ 27.346231075000105, 42.19719365300017 ], [ 27.345947000000137, 42.197029000000157 ], [ 27.342079000000183, 42.194756 ], [ 27.338514, 42.193634 ], [ 27.335247000000152, 42.192711 ], [ 27.330065, 42.192616 ], [ 27.32761360100011, 42.193647239000029 ], [ 27.325759887000061, 42.19442749000018 ], [ 27.323196412000129, 42.196594239000149 ], [ 27.321191494000175, 42.198060940000119 ], [ 27.32019805900012, 42.198787689000085 ], [ 27.31650924600018, 42.200580596 ], [ 27.313470841000026, 42.200828553 ], [ 27.309555053000054, 42.200889588 ], [ 27.307201014000043, 42.200689510000132 ], [ 27.305246354000133, 42.200523376000092 ], [ 27.303976059000149, 42.200523376000092 ], [ 27.304037193000056, 42.200620809000043 ], [ 27.30409813000017, 42.200717927000085 ], [ 27.304237366000166, 42.203983308000034 ], [ 27.30458775, 42.205011443000103 ], [ 27.305282593000072, 42.207050324000136 ], [ 27.30638885500008, 42.211257934000116 ], [ 27.30692083100007, 42.212369669000168 ], [ 27.307662964000087, 42.213920594000115 ], [ 27.308669644000076, 42.215531025000075 ], [ 27.310656000000108, 42.218708000000106 ], [ 27.311392007000165, 42.219667414000071 ], [ 27.312860488000069, 42.22158050500019 ], [ 27.315275191000126, 42.223491669000055 ], [ 27.318353653000088, 42.224643708000087 ], [ 27.32146453900009, 42.225982666 ], [ 27.324586868000097, 42.227504730000192 ], [ 27.32615934100005, 42.228331155000092 ], [ 27.327497482000012, 42.229034424000076 ], [ 27.329366684000149, 42.229610444000173 ], [ 27.330558156000166, 42.230231555000103 ], [ 27.331247330000167, 42.230590820000089 ], [ 27.33182132100012, 42.231186290000153 ], [ 27.332725524000068, 42.232124329000044 ], [ 27.333352848000118, 42.23319276400008 ], [ 27.333509445000175, 42.233459474000142 ], [ 27.333867967000174, 42.23518784200013 ], [ 27.333786463000024, 42.23561413900012 ], [ 27.33313942000018, 42.238998414000093 ], [ 27.332038894999982, 42.24006714899997 ], [ 27.331753, 42.240345000000161 ], [ 27.328783000000158, 42.24321 ], [ 27.326550000000168, 42.246265 ], [ 27.324961000000144, 42.248577 ], [ 27.32434939500007, 42.250721473000112 ], [ 27.323612214000093, 42.253307342000085 ], [ 27.322800816000097, 42.255506780000189 ], [ 27.322629927999969, 42.255970001000037 ], [ 27.322178401000031, 42.256985656000154 ], [ 27.321100234000085, 42.259410858000081 ], [ 27.31883239800004, 42.263233184000171 ], [ 27.317662883000139, 42.266562297000178 ], [ 27.317440033000025, 42.267196655000077 ], [ 27.316480637000041, 42.26887130800003 ], [ 27.316188308000108, 42.269100466000168 ], [ 27.313920975000144, 42.270877838000104 ], [ 27.310646057000099, 42.273231507999981 ], [ 27.307685853000123, 42.275245667000092 ], [ 27.304983376000052, 42.276343750000137 ], [ 27.303705216000026, 42.276863098000092 ], [ 27.300218583000117, 42.278709412000069 ], [ 27.29833603000003, 42.279655456000057 ], [ 27.295053481000139, 42.281768798000087 ], [ 27.294220317000111, 42.283831512000063 ], [ 27.293795000000159, 42.284885 ], [ 27.292894016000048, 42.287227277999989 ], [ 27.292510987000071, 42.288223268000195 ], [ 27.292488098000035, 42.288616181000066 ], [ 27.292078019000144, 42.28942108200016 ], [ 27.291824340000176, 42.293136598000103 ], [ 27.293123245000118, 42.296604156000114 ], [ 27.293226241000127, 42.298697418000131 ], [ 27.293252944000074, 42.299240112000064 ], [ 27.293979645000093, 42.302078247000168 ], [ 27.294969559000094, 42.305778503000056 ], [ 27.295019011000136, 42.307233308000093 ], [ 27.295074462000173, 42.30886459300018 ], [ 27.294817693000141, 42.310234028000025 ], [ 27.294616698000141, 42.311306000000116 ], [ 27.294244869000181, 42.311806661000048 ], [ 27.293262482000159, 42.313129425000056 ], [ 27.292825925000045, 42.314204733000054 ], [ 27.292538, 42.314915 ], [ 27.292393000000175, 42.317551 ], [ 27.292568262000088, 42.319463111000118 ], [ 27.292593003000093, 42.319732667000039 ], [ 27.294684035000103, 42.320849117000193 ], [ 27.296473, 42.3218040000001 ], [ 27.30032893200007, 42.323719525 ], [ 27.305150986000058, 42.326114656000073 ], [ 27.314420701000131, 42.330459595000093 ], [ 27.319452287000047, 42.333808899000132 ], [ 27.322242619000178, 42.337157297000033 ], [ 27.323209763000079, 42.338317870000083 ], [ 27.323867760999974, 42.339267449000033 ], [ 27.325792312000146, 42.342044830000077 ], [ 27.327072144000169, 42.348487854000098 ], [ 27.32761490300004, 42.349757627000088 ], [ 27.329038621000109, 42.353088380000031 ], [ 27.329488755000057, 42.358604431000174 ], [ 27.330272674000128, 42.36449050900012 ], [ 27.330613549000191, 42.366347794000035 ], [ 27.331144332000122, 42.369239807000156 ], [ 27.331557881000151, 42.371227536000049 ], [ 27.331963, 42.373173 ], [ 27.334796759000085, 42.379117332000021 ], [ 27.335720062, 42.381053925000117 ], [ 27.336462502000188, 42.38206266200018 ], [ 27.339182000000108, 42.385757000000183 ], [ 27.342565537000041, 42.387889863000169 ], [ 27.342742103000091, 42.387536731000068 ] ] ], [ [ [ 27.694304999000167, 42.44069300100017 ], [ 27.695139000000154, 42.44069300100017 ], [ 27.695139000000154, 42.440418001000126 ], [ 27.695417, 42.440418001000126 ], [ 27.695417, 42.440139999000053 ], [ 27.695693999000127, 42.440139999000053 ], [ 27.695693999000127, 42.439861000000121 ], [ 27.69597200100003, 42.439861000000121 ], [ 27.69597200100003, 42.439583 ], [ 27.696251000000132, 42.439583 ], [ 27.696251000000132, 42.439304001000153 ], [ 27.696527, 42.439304001000153 ], [ 27.696527, 42.439030001000049 ], [ 27.696805999000105, 42.43902599900008 ], [ 27.696805999000105, 42.438750999000035 ], [ 27.697082999000145, 42.438750999000035 ], [ 27.697082999000145, 42.438194 ], [ 27.696251000000132, 42.438194 ], [ 27.696251000000132, 42.437916001000076 ], [ 27.695693999000127, 42.437916001000076 ], [ 27.695693999000127, 42.437636999000063 ], [ 27.695417, 42.437636999000063 ], [ 27.695417, 42.437362999000129 ], [ 27.695139000000154, 42.437362999000129 ], [ 27.695139000000154, 42.437084 ], [ 27.694860000000119, 42.437084 ], [ 27.694860000000119, 42.436806000000161 ], [ 27.694304999000167, 42.436806000000161 ], [ 27.694304999000167, 42.436527001000059 ], [ 27.692638000000159, 42.436527001000059 ], [ 27.692638000000159, 42.436248999000156 ], [ 27.69014, 42.436248999000156 ], [ 27.69014, 42.435974 ], [ 27.689583000000141, 42.435974 ], [ 27.689583000000141, 42.436248999000156 ], [ 27.688194001000056, 42.436248999000156 ], [ 27.688194001000056, 42.436527001000059 ], [ 27.685972000000163, 42.436527001000059 ], [ 27.685972000000163, 42.436806000000161 ], [ 27.685694, 42.436806000000161 ], [ 27.685694, 42.437084 ], [ 27.685972000000163, 42.437084 ], [ 27.685972000000163, 42.437362999000129 ], [ 27.686250999000038, 42.437362999000129 ], [ 27.686250999000038, 42.437636999000063 ], [ 27.686526998999966, 42.437636999000063 ], [ 27.686526998999966, 42.437916001000076 ], [ 27.68680600100015, 42.437916001000076 ], [ 27.68680600100015, 42.438194 ], [ 27.687084000000141, 42.438194 ], [ 27.687084000000141, 42.438473 ], [ 27.68736100000018, 42.438473 ], [ 27.68736100000018, 42.438750999000035 ], [ 27.687638999000171, 42.438750999000035 ], [ 27.687638999000171, 42.43902599900008 ], [ 27.687915999000154, 42.439030001000049 ], [ 27.687915999000154, 42.439304001000153 ], [ 27.688194001000056, 42.439304001000153 ], [ 27.688194001000056, 42.439583 ], [ 27.688473000000158, 42.439583 ], [ 27.688473000000158, 42.439861000000121 ], [ 27.688749, 42.439861000000121 ], [ 27.688749, 42.440418001000126 ], [ 27.689027999000132, 42.440418001000126 ], [ 27.689027999000132, 42.44069300100017 ], [ 27.69014, 42.44069300100017 ], [ 27.69014, 42.440971000000161 ], [ 27.690971, 42.440971000000161 ], [ 27.690971, 42.441250000000139 ], [ 27.694304999000167, 42.441250000000139 ], [ 27.694304999000167, 42.44069300100017 ] ] ] ] } },
{ "type": "Feature", "properties": { "fid": 25, "GID_2": "BGR.2.11_1", "GID_0": "BGR", "COUNTRY": "Bulgaria", "GID_1": "BGR.2_1", "NAME_1": "Burgas", "NL_NAME_1": "Бургас", "NAME_2": "Sredets", "VARNAME_2": "NA", "NL_NAME_2": "Средец", "TYPE_2": "Obshtina", "ENGTYPE_2": "Municipality", "CC_2": "NA", "HASC_2": "BG.BR.SR" }, "geometry": { "type": "MultiPolygon", "coordinates": [ [ [ [ 27.360061645000087, 42.416107178000118 ], [ 27.361160279000046, 42.414478302000134 ], [ 27.362564087000067, 42.412399292000089 ], [ 27.36552238500019, 42.408405304000041 ], [ 27.368194581000125, 42.404705048000096 ], [ 27.368495940000116, 42.402774811000029 ], [ 27.367898942000124, 42.400619507000044 ], [ 27.366416930000071, 42.399143219999985 ], [ 27.364639282000041, 42.397876739000083 ], [ 27.362258910000094, 42.396396637 ], [ 27.358421325000108, 42.394939423000096 ], [ 27.35455322200005, 42.393451691000109 ], [ 27.349725723000063, 42.391563415000178 ], [ 27.345167158999971, 42.389625549000073 ], [ 27.342565537000041, 42.387889863000169 ], [ 27.339182000000108, 42.385757000000183 ], [ 27.336462502000188, 42.38206266200018 ], [ 27.335720062, 42.381053925000117 ], [ 27.334796759000085, 42.379117332000021 ], [ 27.331963, 42.373173 ], [ 27.331557881000151, 42.371227536000049 ], [ 27.331144332000122, 42.369239807000156 ], [ 27.330613549000191, 42.366347794000035 ], [ 27.330272674000128, 42.36449050900012 ], [ 27.329488755000057, 42.358604431000174 ], [ 27.329038621000109, 42.353088380000031 ], [ 27.32761490300004, 42.349757627000088 ], [ 27.327072144000169, 42.348487854000098 ], [ 27.325792312000146, 42.342044830000077 ], [ 27.323867760999974, 42.339267449000033 ], [ 27.323209763000079, 42.338317870000083 ], [ 27.322242619000178, 42.337157297000033 ], [ 27.319452287000047, 42.333808899000132 ], [ 27.314420701000131, 42.330459595000093 ], [ 27.305150986000058, 42.326114656000073 ], [ 27.30032893200007, 42.323719525 ], [ 27.296473, 42.3218040000001 ], [ 27.294684035000103, 42.320849117000193 ], [ 27.292593003000093, 42.319732667000039 ], [ 27.292568262000088, 42.319463111000118 ], [ 27.292393000000175, 42.317551 ], [ 27.292538, 42.314915 ], [ 27.292825925000045, 42.314204733000054 ], [ 27.293262482000159, 42.313129425000056 ], [ 27.294244869000181, 42.311806661000048 ], [ 27.294616698000141, 42.311306000000116 ], [ 27.294817693000141, 42.310234028000025 ], [ 27.295074462000173, 42.30886459300018 ], [ 27.295019011000136, 42.307233308000093 ], [ 27.294969559000094, 42.305778503000056 ], [ 27.293979645000093, 42.302078247000168 ], [ 27.293252944000074, 42.299240112000064 ], [ 27.293226241000127, 42.298697418000131 ], [ 27.293123245000118, 42.296604156000114 ], [ 27.291824340000176, 42.293136598000103 ], [ 27.292078019000144, 42.28942108200016 ], [ 27.292488098000035, 42.288616181000066 ], [ 27.292510987000071, 42.288223268000195 ], [ 27.292894016000048, 42.287227277999989 ], [ 27.293795000000159, 42.284885 ], [ 27.294220317000111, 42.283831512000063 ], [ 27.295053481000139, 42.281768798000087 ], [ 27.29833603000003, 42.279655456000057 ], [ 27.300218583000117, 42.278709412000069 ], [ 27.303705216000026, 42.276863098000092 ], [ 27.304983376000052, 42.276343750000137 ], [ 27.307685853000123, 42.275245667000092 ], [ 27.310646057000099, 42.273231507999981 ], [ 27.313920975000144, 42.270877838000104 ], [ 27.316188308000108, 42.269100466000168 ], [ 27.316480637000041, 42.26887130800003 ], [ 27.317440033000025, 42.267196655000077 ], [ 27.317662883000139, 42.266562297000178 ], [ 27.31883239800004, 42.263233184000171 ], [ 27.321100234000085, 42.259410858000081 ], [ 27.322178401000031, 42.256985656000154 ], [ 27.322629927999969, 42.255970001000037 ], [ 27.322800816000097, 42.255506780000189 ], [ 27.323612214000093, 42.253307342000085 ], [ 27.32434939500007, 42.250721473000112 ], [ 27.324961000000144, 42.248577 ], [ 27.326550000000168, 42.246265 ], [ 27.328783000000158, 42.24321 ], [ 27.331753, 42.240345000000161 ], [ 27.332038894999982, 42.24006714899997 ], [ 27.33313942000018, 42.238998414000093 ], [ 27.333786463000024, 42.23561413900012 ], [ 27.333867967000174, 42.23518784200013 ], [ 27.333509445000175, 42.233459474000142 ], [ 27.333352848000118, 42.23319276400008 ], [ 27.332725524000068, 42.232124329000044 ], [ 27.33182132100012, 42.231186290000153 ], [ 27.331247330000167, 42.230590820000089 ], [ 27.330558156000166, 42.230231555000103 ], [ 27.329366684000149, 42.229610444000173 ], [ 27.327497482000012, 42.229034424000076 ], [ 27.32615934100005, 42.228331155000092 ], [ 27.324586868000097, 42.227504730000192 ], [ 27.32146453900009, 42.225982666 ], [ 27.318353653000088, 42.224643708000087 ], [ 27.315275191000126, 42.223491669000055 ], [ 27.312860488000069, 42.22158050500019 ], [ 27.311392007000165, 42.219667414000071 ], [ 27.310656000000108, 42.218708000000106 ], [ 27.308669644000076, 42.215531025000075 ], [ 27.307662964000087, 42.213920594000115 ], [ 27.30692083100007, 42.212369669000168 ], [ 27.30638885500008, 42.211257934000116 ], [ 27.305282593000072, 42.207050324000136 ], [ 27.30458775, 42.205011443000103 ], [ 27.304237366000166, 42.203983308000034 ], [ 27.30409813000017, 42.200717927000085 ], [ 27.304037193000056, 42.200620809000043 ], [ 27.303976059000149, 42.200523376000092 ], [ 27.300865173000147, 42.200546264000025 ], [ 27.295539856000119, 42.200004579000051 ], [ 27.28991699300019, 42.199459076000153 ], [ 27.288892745, 42.199298858000191 ], [ 27.284997940000096, 42.198810578000121 ], [ 27.28110885500007, 42.198127746000125 ], [ 27.278459549000104, 42.197517395000148 ], [ 27.275686264000058, 42.196224212000175 ], [ 27.273275375000139, 42.194698333000133 ], [ 27.270500183000024, 42.192996978000167 ], [ 27.268726350000065, 42.190696716000048 ], [ 27.267831803000036, 42.188705444000163 ], [ 27.266561508000166, 42.185813903999986 ], [ 27.265920638000068, 42.182426453000119 ], [ 27.265666962000068, 42.179450988000042 ], [ 27.266010285000107, 42.174858093000068 ], [ 27.267486572000166, 42.172569276000161 ], [ 27.269430160000013, 42.16906738400013 ], [ 27.270797729000094, 42.16435623100017 ], [ 27.273048400000107, 42.159934999000086 ], [ 27.276704789000178, 42.154067994000059 ], [ 27.27784538200018, 42.152225495000096 ], [ 27.279310226, 42.150386811000033 ], [ 27.279943466000191, 42.148769378000054 ], [ 27.280782700000032, 42.146522523000044 ], [ 27.281518937000101, 42.14439010600006 ], [ 27.282127380000077, 42.142044068000132 ], [ 27.282501220000086, 42.13960647600004 ], [ 27.282642364000026, 42.137279510000042 ], [ 27.282173157000045, 42.134571075000053 ], [ 27.282852172000162, 42.128067018000024 ], [ 27.281581879000157, 42.125675201000149 ], [ 27.280975341000044, 42.122013092000088 ], [ 27.281097412000122, 42.119289399000024 ], [ 27.281604766000157, 42.114025115000061 ], [ 27.281414032000043, 42.112194062000128 ], [ 27.280513764000148, 42.109699250000119 ], [ 27.275703429000146, 42.105068208000148 ], [ 27.27186202900009, 42.106300353000051 ], [ 27.266075133000186, 42.105297089000146 ], [ 27.265766144000111, 42.105243682999969 ], [ 27.264818192000178, 42.104713441000172 ], [ 27.262754440000151, 42.103549956999984 ], [ 27.254264832000047, 42.105411529000037 ], [ 27.248071670000115, 42.106655122000177 ], [ 27.239723206000178, 42.103286744000172 ], [ 27.229766846000075, 42.101085664000152 ], [ 27.223894119000079, 42.093654632999971 ], [ 27.221744538000166, 42.089653015000181 ], [ 27.215904234999982, 42.086364746000186 ], [ 27.215692520000175, 42.086242675999983 ], [ 27.208007812000062, 42.083984375000114 ], [ 27.207361222000031, 42.08111953800011 ], [ 27.209268571000052, 42.074230195000041 ], [ 27.212556838000069, 42.069606781000118 ], [ 27.209518433000085, 42.064937592000092 ], [ 27.203332901000067, 42.065006256000061 ], [ 27.197732926000072, 42.067890168000133 ], [ 27.193708420000178, 42.069602966000105 ], [ 27.190385819000142, 42.073028564000026 ], [ 27.186376571000096, 42.07416534500004 ], [ 27.182426453000062, 42.074153899000123 ], [ 27.171892167000124, 42.070228578000183 ], [ 27.171552659000099, 42.070098877000191 ], [ 27.16362953200013, 42.070640564000144 ], [ 27.148519517000182, 42.072292327000127 ], [ 27.139657974000158, 42.075092316000053 ], [ 27.13227653600012, 42.079597474000138 ], [ 27.127244950000033, 42.084098815000175 ], [ 27.123899461000065, 42.086910247000105 ], [ 27.114152909000097, 42.0901985160001 ], [ 27.102945329000022, 42.089988709000068 ], [ 27.09301948600006, 42.09126663100011 ], [ 27.085372925000058, 42.09305572500017 ], [ 27.080650329000093, 42.093807220000087 ], [ 27.077743530000191, 42.09426879900019 ], [ 27.07592964100013, 42.093830109000123 ], [ 27.074186326000188, 42.093395233000194 ], [ 27.069709779000107, 42.092285156000116 ], [ 27.065982819000112, 42.090175629999976 ], [ 27.060464858000159, 42.087047578000181 ], [ 27.050916671000152, 42.083911896000075 ], [ 27.043684004999989, 42.083858491000171 ], [ 27.038507462000098, 42.083816529000103 ], [ 27.0426063540001, 42.088760376000153 ], [ 27.046188354000037, 42.097564698000099 ], [ 27.043699265000043, 42.10252761900017 ], [ 27.037040711000145, 42.107139587000177 ], [ 27.031618118999972, 42.10981750500008 ], [ 27.025688171000127, 42.110385895000036 ], [ 27.019704818000093, 42.111526490000188 ], [ 27.013816833000078, 42.112113953000176 ], [ 27.008722306000152, 42.113258362000124 ], [ 27.004541398000072, 42.113540650000175 ], [ 26.998388290000094, 42.114463806000174 ], [ 26.990911484000151, 42.115184784000178 ], [ 26.982601165000062, 42.11768341100003 ], [ 26.97479438900001, 42.120357514000034 ], [ 26.966651917000092, 42.124130249000189 ], [ 26.961517334000064, 42.127597809000065 ], [ 26.955509185000096, 42.132999421000022 ], [ 26.951879500000018, 42.138736725000115 ], [ 26.947698594000144, 42.147430420000092 ], [ 26.944162369000026, 42.151859283000135 ], [ 26.943445205000046, 42.159057618000077 ], [ 26.945060730000023, 42.169246673000146 ], [ 26.942695617000027, 42.175521852000031 ], [ 26.942802430000029, 42.181236267000031 ], [ 26.944417953000027, 42.186965943000189 ], [ 26.948259353000083, 42.19095993000019 ], [ 26.953590393000127, 42.19321823100006 ], [ 26.95890045200008, 42.194911958000148 ], [ 26.963481904000105, 42.197765351000044 ], [ 26.968835830000046, 42.201744080000026 ], [ 26.969617844000084, 42.203468324000028 ], [ 26.969673156000056, 42.20688629100016 ], [ 26.968950272000086, 42.209167481000065 ], [ 26.967502595000155, 42.212619782000161 ], [ 26.966003417000081, 42.213768006000123 ], [ 26.96380233900004, 42.216083527000137 ], [ 26.959299088000023, 42.217834472000163 ], [ 26.954090119000057, 42.22023010200013 ], [ 26.948905946000025, 42.22386169400005 ], [ 26.945972443000073, 42.227443695000034 ], [ 26.942302704000099, 42.231632233000028 ], [ 26.938625336000086, 42.234657288000108 ], [ 26.935773850000089, 42.242343903000062 ], [ 26.937421798000173, 42.248756409000066 ], [ 26.942880631000037, 42.259132385000044 ], [ 26.946687699000108, 42.261940003000177 ], [ 26.952005386000167, 42.26588058599998 ], [ 26.958854675000111, 42.27095413100011 ], [ 26.961206437000044, 42.276149750000059 ], [ 26.962026596000101, 42.280220033000091 ], [ 26.962867737000181, 42.284282685000164 ], [ 26.960618972000191, 42.287258148000092 ], [ 26.956085205000136, 42.287399292000032 ], [ 26.95155334500015, 42.287479401000155 ], [ 26.939474105999977, 42.290084840000191 ], [ 26.933435441000142, 42.291404724000131 ], [ 26.926649093000151, 42.295040130000189 ], [ 26.922876358000167, 42.298622132000105 ], [ 26.92319107100019, 42.299343109000176 ], [ 26.920640946000105, 42.303325653000172 ], [ 26.917676925000137, 42.307483673000149 ], [ 26.916965484000116, 42.310405732000049 ], [ 26.917011261000084, 42.314476013000103 ], [ 26.9155902870001, 42.32090759200014 ], [ 26.912643432000095, 42.326232911000147 ], [ 26.908914567000068, 42.329254151000043 ], [ 26.904485702000159, 42.336383820000094 ], [ 26.90074920700016, 42.339416504000042 ], [ 26.893276214000082, 42.343727111000078 ], [ 26.888776778000135, 42.346206665000068 ], [ 26.880514146000053, 42.348808289000033 ], [ 26.873758317000181, 42.35137176500001 ], [ 26.868494033000161, 42.353881837000074 ], [ 26.864772796000182, 42.356937408000192 ], [ 26.86256027200011, 42.361663819 ], [ 26.86114692600006, 42.369285584000124 ], [ 26.860414504000175, 42.372795106000069 ], [ 26.860460281000144, 42.376865387000123 ], [ 26.859739303000026, 42.380397797 ], [ 26.85828971900014, 42.386245728000119 ], [ 26.858345032000045, 42.390331268000068 ], [ 26.859878539000135, 42.39376068100006 ], [ 26.862171174000025, 42.396583558000145 ], [ 26.86519813600006, 42.398216247000107 ], [ 26.869743346000064, 42.399799346000123 ], [ 26.873514175000025, 42.399665832000096 ], [ 26.878797531000032, 42.401210785000103 ], [ 26.885601044000111, 42.402126313000167 ], [ 26.89319419800006, 42.402446748000159 ], [ 26.900098801000183, 42.40336227500012 ], [ 26.90775680500019, 42.403682708000076 ], [ 26.916187287000128, 42.405735017000154 ], [ 26.923076630000025, 42.406646729000101 ], [ 26.931467056000088, 42.40694046100009 ], [ 26.939107894000074, 42.408432008000091 ], [ 26.944477081000116, 42.41059875500008 ], [ 26.948312760000135, 42.412208558000145 ], [ 26.951448440000092, 42.414478302000134 ], [ 26.952154160000191, 42.414989471000069 ], [ 26.956764221000185, 42.418331147000174 ], [ 26.961376190000124, 42.421096802000136 ], [ 26.963872910000134, 42.422077180000088 ], [ 26.970163345, 42.425292968000065 ], [ 26.971742631000154, 42.426139833000036 ], [ 26.973833084000148, 42.427368165000075 ], [ 26.976190567000117, 42.428630829999975 ], [ 26.978172302000189, 42.43006897000015 ], [ 26.980155945000092, 42.431335449000017 ], [ 26.982757569000057, 42.434234620000041 ], [ 26.984552384000153, 42.436107634999985 ], [ 26.986787795999987, 42.439014436000093 ], [ 26.989017486000137, 42.441627503 ], [ 26.989042282000014, 42.443260193000128 ], [ 26.989877701000125, 42.445312501000103 ], [ 26.992670059000091, 42.44731521500006 ], [ 26.998598099000105, 42.448348999000189 ], [ 27.003690720000066, 42.447635650000052 ], [ 27.008037567000088, 42.44841384900019 ], [ 27.010446549000108, 42.450130462000061 ], [ 27.015222549000043, 42.451507569 ], [ 27.020334243000036, 42.45138549800015 ], [ 27.025442122000129, 42.450382234000074 ], [ 27.030925751000098, 42.449382782000157 ], [ 27.038417815, 42.449230195000041 ], [ 27.042356492000067, 42.448860168000067 ], [ 27.045497894000107, 42.448200227000086 ], [ 27.058265684999981, 42.4521331790001 ], [ 27.064653397000086, 42.453800202000082 ], [ 27.071790694000072, 42.454292297000052 ], [ 27.078155517000084, 42.454803466000158 ], [ 27.084949493000181, 42.456195831000173 ], [ 27.090591430000075, 42.458503724000082 ], [ 27.097841262000031, 42.461380004000034 ], [ 27.101850510000133, 42.462516785 ], [ 27.109388351000064, 42.462444306000123 ], [ 27.116567612000154, 42.463859558000195 ], [ 27.121402741000054, 42.465599060000045 ], [ 27.126585007000074, 42.466449737000175 ], [ 27.131341935000023, 42.466705322000109 ], [ 27.133705140000018, 42.466377258000136 ], [ 27.135860444, 42.466087342000151 ], [ 27.138414383000054, 42.465740203999985 ], [ 27.143426896000108, 42.46274948100006 ], [ 27.14871215800008, 42.457080841 ], [ 27.153919220000148, 42.449661255000194 ], [ 27.158016205000081, 42.44401931800013 ], [ 27.161432267000123, 42.441036224000015 ], [ 27.166002274000164, 42.437454223000032 ], [ 27.173355103, 42.434711457000105 ], [ 27.183813096000165, 42.431648254000095 ], [ 27.190036773000031, 42.430686951000041 ], [ 27.197425840999983, 42.429718018000074 ], [ 27.204057694000085, 42.429645539000035 ], [ 27.211519242000179, 42.430751801000042 ], [ 27.217344284000035, 42.430675508000036 ], [ 27.223794937000093, 42.428211213000168 ], [ 27.22788810600008, 42.425800324000079 ], [ 27.232412338000131, 42.424255372000175 ], [ 27.236951828000031, 42.423316956000122 ], [ 27.241857528000025, 42.42235946600016 ], [ 27.243379592000053, 42.422332764000089 ], [ 27.251720428000056, 42.422191620000092 ], [ 27.255365371000096, 42.419189453000115 ], [ 27.257150650000085, 42.416515350000111 ], [ 27.258527757000081, 42.414478302000134 ], [ 27.258565903000033, 42.414421081000114 ], [ 27.261491776000128, 42.412029267000094 ], [ 27.264480591000051, 42.411083222000116 ], [ 27.267513275000169, 42.411327362000065 ], [ 27.27357101399997, 42.411800384000117 ], [ 27.275827408000168, 42.411746979000043 ], [ 27.283397675000117, 42.412189484000123 ], [ 27.289415359000088, 42.411773682000046 ], [ 27.296533585000191, 42.409862518000182 ], [ 27.301759720000177, 42.407138825000118 ], [ 27.307781220000095, 42.404998780000085 ], [ 27.314912796000044, 42.402801513999975 ], [ 27.321653365000088, 42.402572631000169 ], [ 27.327316285000052, 42.40269851700009 ], [ 27.334665299000051, 42.406055452000089 ], [ 27.339315415000044, 42.40830612200017 ], [ 27.344343186000117, 42.409378052000022 ], [ 27.353000641000108, 42.41247177200006 ], [ 27.356365204000042, 42.414478302000134 ], [ 27.358243942000058, 42.415599824000026 ], [ 27.360061645000087, 42.416107178000118 ] ] ] ] } },
{ "type": "Feature", "properties": { "fid": 26, "GID_2": "BGR.2.12_1", "GID_0": "BGR", "COUNTRY": "Bulgaria", "GID_1": "BGR.2_1", "NAME_1": "Burgas", "NL_NAME_1": "Бургас", "NAME_2": "Sungurlare", "VARNAME_2": "NA", "NL_NAME_2": "NA", "TYPE_2": "Obshtina", "ENGTYPE_2": "Municipality", "CC_2": "NA", "HASC_2": "BG.BR.SU" }, "geometry": { "type": "MultiPolygon", "coordinates": [ [ [ [ 27.043834687000071, 42.81728744500009 ], [ 27.043666839000025, 42.817176819 ], [ 27.041482926000072, 42.817329406000113 ], [ 27.039110183000105, 42.816925050000066 ], [ 27.035476685000049, 42.816867829000046 ], [ 27.030801773000121, 42.817642211000134 ], [ 27.027212143000099, 42.818054200000063 ], [ 27.023759841000128, 42.818233491000058 ], [ 27.020147324000106, 42.818416595000087 ], [ 27.01637840300009, 42.818611146000137 ], [ 27.012311935000071, 42.81901931800013 ], [ 27.008710861000168, 42.819553376000101 ], [ 27.001291275000028, 42.819602966000105 ], [ 26.997493745000043, 42.819225312000128 ], [ 26.994785308000019, 42.818840027000135 ], [ 26.992227554000124, 42.818229676000158 ], [ 26.988685607000093, 42.817192077000016 ], [ 26.986415863000047, 42.815887451000094 ], [ 26.983650207000039, 42.814258575000167 ], [ 26.981378555000163, 42.812973022000108 ], [ 26.979734420000113, 42.811664581000116 ], [ 26.978069305000133, 42.809684753000056 ], [ 26.97702789300007, 42.80779647900016 ], [ 26.976146697, 42.805797576000032 ], [ 26.975761414000033, 42.804214477000073 ], [ 26.975118637000037, 42.801101685999981 ], [ 26.975009919000115, 42.798511505000192 ], [ 26.975080490000153, 42.796714783000027 ], [ 26.975000381000029, 42.795017243000075 ], [ 26.97445488000011, 42.793457032000049 ], [ 26.973741532000076, 42.791679382000041 ], [ 26.973644257000103, 42.789783478 ], [ 26.973407746000134, 42.788089751000143 ], [ 26.971317291000105, 42.783535003000054 ], [ 26.969680787000073, 42.782123566000053 ], [ 26.967878342000063, 42.780364991000113 ], [ 26.966077805, 42.778625488000159 ], [ 26.964469910000105, 42.777648927000087 ], [ 26.962560653000139, 42.777027130000079 ], [ 26.96051788300008, 42.776863097999978 ], [ 26.957853317000058, 42.776828766000165 ], [ 26.955675125000141, 42.777111054000102 ], [ 26.95386123600008, 42.778621675000124 ], [ 26.952711106000095, 42.781013489000145 ], [ 26.951671600000054, 42.78239822400019 ], [ 26.948797226000124, 42.784725189000085 ], [ 26.946479797000109, 42.78545761100014 ], [ 26.943172455000024, 42.78487777800018 ], [ 26.940576552999971, 42.783050538000168 ], [ 26.939735413000051, 42.78172302300004 ], [ 26.93872642600013, 42.780056 ], [ 26.937223434000089, 42.77786254900019 ], [ 26.935907364000116, 42.776000977000137 ], [ 26.935342788000128, 42.773986818000026 ], [ 26.93313789400014, 42.773380279000037 ], [ 26.930610656000113, 42.772991181000179 ], [ 26.928443909000123, 42.773296356000117 ], [ 26.927421569000103, 42.775352479000162 ], [ 26.927045822000025, 42.777381897 ], [ 26.925725937000152, 42.779552461000037 ], [ 26.923013687000093, 42.77840805000011 ], [ 26.920598984000037, 42.776454926000156 ], [ 26.91928482000003, 42.774810791000107 ], [ 26.917770387000189, 42.772045137000077 ], [ 26.914796830000114, 42.767639160000101 ], [ 26.91470909100002, 42.765396118000126 ], [ 26.913385391000133, 42.763420105000137 ], [ 26.912050246000035, 42.760986329000048 ], [ 26.911619186000109, 42.757747650000056 ], [ 26.909353257000078, 42.755352020000089 ], [ 26.907369614, 42.751811981000174 ], [ 26.906055450000167, 42.749607086000083 ], [ 26.904714585000193, 42.746730805000027 ], [ 26.903984071000139, 42.74338912900015 ], [ 26.902343749000124, 42.740966798000159 ], [ 26.899784089000093, 42.738353730000142 ], [ 26.897562027000049, 42.736408234000123 ], [ 26.894706726000152, 42.734241485000155 ], [ 26.890632630000027, 42.732357025 ], [ 26.887538910000046, 42.731567383000083 ], [ 26.884422302000075, 42.731216431000178 ], [ 26.879461289000062, 42.730045319000055 ], [ 26.87513351399997, 42.729286193000121 ], [ 26.869281769000168, 42.728588105000085 ], [ 26.865270614000167, 42.727596284000185 ], [ 26.860944749000112, 42.725944519000052 ], [ 26.857547760000159, 42.724929809000116 ], [ 26.853538514000036, 42.723045348000085 ], [ 26.850450515000091, 42.721130371000186 ], [ 26.846750259000146, 42.718795777000082 ], [ 26.844589233000079, 42.717063903000167 ], [ 26.842412948, 42.714214325000114 ], [ 26.841135026000188, 42.711128235 ], [ 26.840190887000119, 42.708694457999968 ], [ 26.839546204000158, 42.705787659000066 ], [ 26.839151383000058, 42.699974059999988 ], [ 26.838760377000085, 42.693496703999983 ], [ 26.840183258000081, 42.687160492000146 ], [ 26.840431213000102, 42.682674409000128 ], [ 26.840684890000034, 42.678627014000142 ], [ 26.840642930000115, 42.674804688000108 ], [ 26.841493607000075, 42.669178009 ], [ 26.840848922000134, 42.666496276000089 ], [ 26.839286803999983, 42.662731172000122 ], [ 26.83624267600004, 42.659927368000126 ], [ 26.82949829100005, 42.657741546000125 ], [ 26.825611114000026, 42.657657624000137 ], [ 26.822032928000056, 42.657123567000042 ], [ 26.817573547000165, 42.657714844000054 ], [ 26.812250137000035, 42.659931183000026 ], [ 26.808734895000157, 42.663192749000075 ], [ 26.805196762000037, 42.665771484000174 ], [ 26.802272797000171, 42.668552400000067 ], [ 26.798162460000128, 42.672058106 ], [ 26.795522691000144, 42.674388886000145 ], [ 26.794206619000136, 42.675876618000132 ], [ 26.792734145000168, 42.677047730000027 ], [ 26.790094376000127, 42.677589416000103 ], [ 26.78684806900003, 42.678127289000088 ], [ 26.783931733000145, 42.677768707000098 ], [ 26.78127670300006, 42.676063537000061 ], [ 26.78009414800016, 42.674762726000154 ], [ 26.777431488000104, 42.673061371000188 ], [ 26.773601531000054, 42.671607971000185 ], [ 26.768615723000153, 42.671977998000159 ], [ 26.763927460000104, 42.671669006000172 ], [ 26.759210587000041, 42.670452119000117 ], [ 26.755382538000106, 42.669673920000093 ], [ 26.75047874500018, 42.666893005000134 ], [ 26.747369767000123, 42.669338227000139 ], [ 26.742950440000129, 42.671749115000125 ], [ 26.740013122000107, 42.67526245200014 ], [ 26.735628129000133, 42.681663514000036 ], [ 26.732681274000129, 42.685726167000041 ], [ 26.728273392000062, 42.690391541000054 ], [ 26.724618911000107, 42.694446563000156 ], [ 26.719499588000133, 42.699672698000143 ], [ 26.716573716000141, 42.703136445000098 ], [ 26.711450576000118, 42.707218171000136 ], [ 26.701030731000117, 42.71181869500009 ], [ 26.698839188000079, 42.712985992000142 ], [ 26.703596116000028, 42.717479705000073 ], [ 26.705057144000136, 42.718898774000195 ], [ 26.706520080000189, 42.722583771000131 ], [ 26.707984924000073, 42.725711823000154 ], [ 26.70908165000003, 42.727695466000057 ], [ 26.709445953000056, 42.732826234000015 ], [ 26.709436417000177, 42.735370636000084 ], [ 26.707969666000054, 42.737697602000026 ], [ 26.70688057000018, 42.73971557700014 ], [ 26.70506095900015, 42.741462709000075 ], [ 26.702495574000068, 42.743194580000136 ], [ 26.699209213000017, 42.745262147 ], [ 26.695913316000087, 42.747295380000139 ], [ 26.691894532000106, 42.749927521000018 ], [ 26.68824386600005, 42.752258302000087 ], [ 26.685321807000093, 42.754299165000077 ], [ 26.68165969800009, 42.756347656 ], [ 26.679092407000041, 42.758102416000099 ], [ 26.674341202000107, 42.761878968000076 ], [ 26.672512054000094, 42.763893127000017 ], [ 26.669219970000029, 42.7673835760001 ], [ 26.66812324600005, 42.770244598000033 ], [ 26.667020797000077, 42.772544860000096 ], [ 26.665929793000032, 42.77484130800002 ], [ 26.663728715000161, 42.777721405000023 ], [ 26.661899567000148, 42.780040741000107 ], [ 26.658601760000067, 42.781784058000028 ], [ 26.653842927000028, 42.782417297999984 ], [ 26.651643754000077, 42.782733918000076 ], [ 26.648717879000174, 42.785343170000147 ], [ 26.646516801000132, 42.788497925000172 ], [ 26.645059585000183, 42.790802003000181 ], [ 26.642490387000066, 42.79255676300005 ], [ 26.64029693700013, 42.793724060000102 ], [ 26.63662147500014, 42.794063569000059 ], [ 26.634059905000072, 42.794372558000134 ], [ 26.629280091000055, 42.794437409000068 ], [ 26.624874115000182, 42.794494628999985 ], [ 26.621938705000105, 42.794525148000105 ], [ 26.615690231000031, 42.794601441000111 ], [ 26.612012864000121, 42.794651031000171 ], [ 26.605392456, 42.794448852000016 ], [ 26.603546142000027, 42.794761659000073 ], [ 26.598030091000055, 42.796241761000147 ], [ 26.595821381000121, 42.79855346700009 ], [ 26.593246460000103, 42.799430848000156 ], [ 26.59140777600004, 42.800605775000065 ], [ 26.589212418000102, 42.804618836000031 ], [ 26.587003707000065, 42.80662918000013 ], [ 26.58406066900011, 42.810661316000107 ], [ 26.582603454000036, 42.814949035000097 ], [ 26.581136703000084, 42.821254730000192 ], [ 26.581876755000053, 42.827514649000079 ], [ 26.584114074000183, 42.832328797000116 ], [ 26.586700440000129, 42.835723878000124 ], [ 26.589281082000127, 42.83882522600004 ], [ 26.592578888000105, 42.841918946000192 ], [ 26.593698501000119, 42.843051911000089 ], [ 26.59664154100011, 42.846431733000088 ], [ 26.598474502000158, 42.850383758000191 ], [ 26.598850250000169, 42.854663848000087 ], [ 26.598480225000174, 42.858646393000186 ], [ 26.597368240000094, 42.862640382000166 ], [ 26.596267701000102, 42.866073608000193 ], [ 26.593336106000095, 42.868965149000076 ], [ 26.590019226000095, 42.874698640000076 ], [ 26.586719514000094, 42.878433227000073 ], [ 26.58487892200003, 42.882434845000091 ], [ 26.582300187000101, 42.88559341500013 ], [ 26.579729081000153, 42.889331818000073 ], [ 26.577516555000045, 42.892200470000091 ], [ 26.576055527000165, 42.894775390000177 ], [ 26.575670241000068, 42.899333954000042 ], [ 26.576038361000144, 42.902740479000101 ], [ 26.576036452999972, 42.905590057000154 ], [ 26.576766968000129, 42.907569885000157 ], [ 26.577861786000142, 42.909824371000184 ], [ 26.579326630000025, 42.912658691000047 ], [ 26.580425262000119, 42.913707733000138 ], [ 26.582979201000171, 42.915668487000062 ], [ 26.584440232000134, 42.91764068700013 ], [ 26.585172654000189, 42.919334411000136 ], [ 26.586261750000062, 42.922161103000064 ], [ 26.586257935000162, 42.923587800000064 ], [ 26.585880280000083, 42.92585754400011 ], [ 26.585142135000069, 42.927852630000189 ], [ 26.582941055, 42.92844772300009 ], [ 26.580009459999985, 42.928779602000134 ], [ 26.579996109000035, 42.931606294000062 ], [ 26.579631805000133, 42.93389892600004 ], [ 26.58034896800001, 42.936149597000167 ], [ 26.582912445000147, 42.938396454000042 ], [ 26.585834503000115, 42.939773559000173 ], [ 26.58985328600005, 42.940578462000076 ], [ 26.591676711000162, 42.940841674000183 ], [ 26.59422874400002, 42.941093446000082 ], [ 26.596780778000152, 42.94162750300012 ], [ 26.599704742000142, 42.942436219000058 ], [ 26.603340148000029, 42.94267654500004 ], [ 26.605537416000118, 42.94264221100002 ], [ 26.609916686000076, 42.942584991000103 ], [ 26.612836838000135, 42.942264558000147 ], [ 26.615764618000071, 42.942230224000127 ], [ 26.620161056000029, 42.94216918900014 ], [ 26.623098374000051, 42.94184494100017 ], [ 26.625673294000137, 42.941505433000145 ], [ 26.63156318800003, 42.940303804000109 ], [ 26.634147644000166, 42.940265655000019 ], [ 26.638212204000183, 42.939929962000065 ], [ 26.643026352000106, 42.939586640000073 ], [ 26.647077560000071, 42.937553405000187 ], [ 26.648921966000103, 42.935245514000087 ], [ 26.648542404000125, 42.933544159000064 ], [ 26.647413253000082, 42.93042755100015 ], [ 26.645181656000091, 42.926773072000174 ], [ 26.643693924000104, 42.924522399000068 ], [ 26.642587662000039, 42.922248840000123 ], [ 26.641111373000172, 42.919719697000062 ], [ 26.640367508000168, 42.916313172000173 ], [ 26.640373231000012, 42.91318511999998 ], [ 26.641109467000035, 42.91147232000003 ], [ 26.643316269000024, 42.909172058000138 ], [ 26.645511627000133, 42.907432556000117 ], [ 26.648088455000163, 42.907112121000125 ], [ 26.64918136600005, 42.906818390000069 ], [ 26.652128219000076, 42.907066346000192 ], [ 26.655813217000173, 42.907573700000057 ], [ 26.660247802000185, 42.908657074000132 ], [ 26.663949966000075, 42.909458161000089 ], [ 26.668771744000082, 42.909957887000076 ], [ 26.672861098, 42.910472871000024 ], [ 26.677484512000092, 42.911243439000032 ], [ 26.683105468000122, 42.911468505000187 ], [ 26.687685013000078, 42.91112518400007 ], [ 26.69264221200018, 42.910499572 ], [ 26.698368073000097, 42.90985488900003 ], [ 26.704488755000057, 42.909214020000036 ], [ 26.709098816000051, 42.909160614000086 ], [ 26.714105606000032, 42.909095764000028 ], [ 26.718330384000183, 42.908767701000158 ], [ 26.723741532000076, 42.909000397000057 ], [ 26.728023528, 42.910087585000099 ], [ 26.73155403100003, 42.911762239000154 ], [ 26.733524323000154, 42.912883759000181 ], [ 26.737901688000193, 42.915966034000064 ], [ 26.743417739000165, 42.918472291000057 ], [ 26.747364044000108, 42.920154572000058 ], [ 26.753719330000138, 42.92321777300009 ], [ 26.759313584000097, 42.926597596000079 ], [ 26.763338090000047, 42.929405213000109 ], [ 26.767789841000024, 42.932495118000077 ], [ 26.771007537000173, 42.934749604000103 ], [ 26.774671554000179, 42.937839508000138 ], [ 26.777957915000059, 42.940666198000031 ], [ 26.78037452600006, 42.942073822000168 ], [ 26.782411576000072, 42.943485260000045 ], [ 26.788421631000062, 42.945430756000121 ], [ 26.792398451999986, 42.945968629000106 ], [ 26.79716682500009, 42.946502687000077 ], [ 26.80035209700003, 42.947048187000064 ], [ 26.803144455000165, 42.947303772000168 ], [ 26.807498932000101, 42.947254182000165 ], [ 26.810646056999985, 42.946960448000027 ], [ 26.813409806000152, 42.946651459000122 ], [ 26.818521499000042, 42.945743561000143 ], [ 26.822444915000119, 42.944862365000063 ], [ 26.827960968000127, 42.943660736000027 ], [ 26.831102371000043, 42.942764282000098 ], [ 26.835102081000059, 42.942710877000025 ], [ 26.839897155000131, 42.942653656000175 ], [ 26.843511582000133, 42.942886352000073 ], [ 26.84973335300009, 42.942932129000042 ], [ 26.854940415000158, 42.948177338000164 ], [ 26.859725952000076, 42.949092866000058 ], [ 26.869478226000126, 42.950065614000096 ], [ 26.874355316999981, 42.949977875000172 ], [ 26.882425308000052, 42.948692322000113 ], [ 26.88881492500019, 42.946247100000164 ], [ 26.892860412000175, 42.945606232000046 ], [ 26.90001106200009, 42.941993713000045 ], [ 26.905595779000066, 42.93956756700004 ], [ 26.910406112000089, 42.93774414100011 ], [ 26.915248871000131, 42.936481477000086 ], [ 26.924253463000184, 42.936271667000142 ], [ 26.928419113000018, 42.937347413000168 ], [ 26.935926438000081, 42.939483643000187 ], [ 26.942661286000089, 42.942230224000127 ], [ 26.946838379000098, 42.943302154000037 ], [ 26.955797196, 42.94198227000004 ], [ 26.960681915000123, 42.941310883000028 ], [ 26.967391967000026, 42.943496704000154 ], [ 26.973276138000074, 42.945720673000039 ], [ 26.980731965000132, 42.946735383000146 ], [ 26.988943099999972, 42.946578980000083 ], [ 26.992795945000182, 42.942451477000077 ], [ 26.99652862500011, 42.936584472 ], [ 26.998106004000192, 42.935394286000133 ], [ 26.999555587000089, 42.932460786000036 ], [ 27.005779266, 42.927124024000079 ], [ 27.009761809999986, 42.925300598000035 ], [ 27.01542282000014, 42.924045562000117 ], [ 27.021436692000179, 42.916576387000191 ], [ 27.021348953000143, 42.915218353000114 ], [ 27.023023606000038, 42.911579133000089 ], [ 27.026319502999968, 42.908370972000114 ], [ 27.031442643000048, 42.904232026000159 ], [ 27.035423280000145, 42.902137756000059 ], [ 27.043539048000184, 42.900520325000059 ], [ 27.049142838000023, 42.899055481000175 ], [ 27.053987502000155, 42.895835877000081 ], [ 27.057889938000073, 42.892841340000189 ], [ 27.060640334000084, 42.891441346000192 ], [ 27.062488556000062, 42.890743256000178 ], [ 27.063898087000098, 42.888233184000114 ], [ 27.064699172000189, 42.885990144000175 ], [ 27.06638526800009, 42.882804872000065 ], [ 27.068441392000068, 42.880516052000189 ], [ 27.07044601399997, 42.877559661000134 ], [ 27.073991775000025, 42.874137878000056 ], [ 27.076959609000085, 42.871402740000065 ], [ 27.080266953000148, 42.86908721900005 ], [ 27.082044602000053, 42.867599487000064 ], [ 27.083810807000134, 42.865768433000085 ], [ 27.086841584000126, 42.864269256000114 ], [ 27.090923308000185, 42.862075806000178 ], [ 27.095939636000082, 42.857509614000037 ], [ 27.098054885000067, 42.856361390000018 ], [ 27.100139618000128, 42.854858400000012 ], [ 27.101930619000086, 42.853599548000147 ], [ 27.103090286000054, 42.852344512000059 ], [ 27.102996826000151, 42.848522186000139 ], [ 27.101976394000076, 42.844829560000164 ], [ 27.100742341, 42.842468262000182 ], [ 27.099199296000165, 42.840354920000095 ], [ 27.096960068000158, 42.839698791999979 ], [ 27.094455719000166, 42.839279175000172 ], [ 27.090856552000162, 42.839317322000056 ], [ 27.083683014000087, 42.839393615000063 ], [ 27.080543519000116, 42.839199066000049 ], [ 27.077791215000161, 42.837875367000038 ], [ 27.07467079200012, 42.837909698000146 ], [ 27.071849822000161, 42.837944030000131 ], [ 27.068740844000104, 42.838333130000137 ], [ 27.065761566000162, 42.838237763000166 ], [ 27.063209534000066, 42.837604524000085 ], [ 27.059810638000044, 42.835948944000052 ], [ 27.05749511700003, 42.834171295000147 ], [ 27.055816650000168, 42.832267761000026 ], [ 27.053777695000122, 42.82991790900013 ], [ 27.052724838000131, 42.827888489000088 ], [ 27.051500321000162, 42.825893403 ], [ 27.050735473000088, 42.82374954200003 ], [ 27.048858642000141, 42.821098328 ], [ 27.046266556000091, 42.819892884000126 ], [ 27.044935226000064, 42.818679810000106 ], [ 27.043834687000071, 42.81728744500009 ] ] ] ] } },
{ "type": "Feature", "properties": { "fid": 27, "GID_2": "BGR.2.13_1", "GID_0": "BGR", "COUNTRY": "Bulgaria", "GID_1": "BGR.2_1", "NAME_1": "Burgas", "NL_NAME_1": "Бургас", "NAME_2": "Tsarevo", "VARNAME_2": "Carevo|Tzarevo|Vasiliko|Michurin", "NL_NAME_2": "Царево", "TYPE_2": "Obshtina", "ENGTYPE_2": "Municipality", "CC_2": "NA", "HASC_2": "BG.BR.CA" }, "geometry": { "type": "MultiPolygon", "coordinates": [ [ [ [ 27.754121780000048, 41.95983886700003 ], [ 27.756690978000165, 41.962425231000168 ], [ 27.762073518000193, 41.965744019000169 ], [ 27.763483047000193, 41.967304230000025 ], [ 27.765899657000091, 41.971138002000146 ], [ 27.768323898000062, 41.974937440000076 ], [ 27.769857407000188, 41.978458405000026 ], [ 27.770450593000078, 41.980705261000082 ], [ 27.769453049000163, 41.984672546000184 ], [ 27.768377303000136, 41.987640380000073 ], [ 27.767259598000123, 41.990299225000058 ], [ 27.765722274000098, 41.993305206000173 ], [ 27.764537811000082, 41.995304107000095 ], [ 27.763362885, 41.997970582 ], [ 27.760053635000133, 42.003658296000083 ], [ 27.754138946000012, 42.010429383000144 ], [ 27.749467850000087, 42.015499116000115 ], [ 27.744808196000179, 42.019588470000087 ], [ 27.740142822000166, 42.02139663700018 ], [ 27.73463630700013, 42.02420806900011 ], [ 27.725299835000158, 42.027488708000021 ], [ 27.716388702000131, 42.033035278000114 ], [ 27.713411332000135, 42.034122468000191 ], [ 27.710018158000025, 42.037151338000172 ], [ 27.707912444999977, 42.040119172000061 ], [ 27.705390929000089, 42.043453216000046 ], [ 27.703708648000088, 42.047042846000068 ], [ 27.702030182000101, 42.050949097000057 ], [ 27.697395324000126, 42.056255341000167 ], [ 27.693592071000126, 42.059272767000039 ], [ 27.691469192000056, 42.060321808000083 ], [ 27.688070297000138, 42.061710358000028 ], [ 27.68254470800008, 42.06257629400011 ], [ 27.674459457000182, 42.06417465200019 ], [ 27.67103385900009, 42.064628600999981 ], [ 27.667625427000132, 42.064769745000149 ], [ 27.66593170200008, 42.065803528000117 ], [ 27.664222717000143, 42.066497803000118 ], [ 27.662551879000091, 42.069740294999974 ], [ 27.66175079400017, 42.072284699000193 ], [ 27.661830903000123, 42.07413482600009 ], [ 27.661930085000165, 42.07592392000015 ], [ 27.662038803000087, 42.077407837000067 ], [ 27.661071777000018, 42.079010009000115 ], [ 27.660459519000028, 42.080017089000137 ], [ 27.659517287000028, 42.08090591500013 ], [ 27.657272339000087, 42.082229615000074 ], [ 27.656389236000109, 42.083641052000019 ], [ 27.65344238199998, 42.084983826000098 ], [ 27.649217605000104, 42.088039398000149 ], [ 27.645812988000046, 42.091472626000041 ], [ 27.641534805000049, 42.096847535000052 ], [ 27.639480591000051, 42.100456238999982 ], [ 27.63794136100006, 42.104618072 ], [ 27.637643814000057, 42.107444764000149 ], [ 27.638219834000097, 42.110832215000187 ], [ 27.639625550000062, 42.113540650000175 ], [ 27.641965867000181, 42.118709565000017 ], [ 27.650014877, 42.127723694000053 ], [ 27.652301789000035, 42.13209915200008 ], [ 27.654178619000106, 42.138084412000069 ], [ 27.653810502000113, 42.142902375000176 ], [ 27.652563096000108, 42.147083282000153 ], [ 27.650070190000065, 42.152523041 ], [ 27.781930923000118, 42.213916778000169 ], [ 27.789289475000032, 42.217361450000055 ], [ 27.789861680000058, 42.217361450000055 ], [ 27.789861680000058, 42.217082977000018 ], [ 27.790138245000094, 42.217082977000018 ], [ 27.790138245000094, 42.216804503999981 ], [ 27.790416718000131, 42.216804503999981 ], [ 27.790416718000131, 42.216526031000171 ], [ 27.790695191, 42.216526031000171 ], [ 27.790695191, 42.216251373000148 ], [ 27.790971757000136, 42.216251373000148 ], [ 27.790971757000136, 42.215972900000111 ], [ 27.79152870300004, 42.215972900000111 ], [ 27.79152870300004, 42.215694427000074 ], [ 27.791805268000132, 42.215694427000074 ], [ 27.791805268000132, 42.215415954000036 ], [ 27.79208374100017, 42.215415954000036 ], [ 27.79208374100017, 42.215137483000035 ], [ 27.792360307000138, 42.215137483000035 ], [ 27.792360307000138, 42.214862823000033 ], [ 27.793472289000135, 42.214862823000033 ], [ 27.793472289000135, 42.214584350000166 ], [ 27.795139312000117, 42.214584350000166 ], [ 27.795139312000117, 42.214305879000108 ], [ 27.796249389000025, 42.214305879000108 ], [ 27.796249389000025, 42.214862823000033 ], [ 27.796527862000062, 42.214862823000033 ], [ 27.796527862000062, 42.215694427000074 ], [ 27.797082901000067, 42.215694427000074 ], [ 27.797082901000067, 42.215415954000036 ], [ 27.797637938999969, 42.215415954000036 ], [ 27.797637938999969, 42.215137483000035 ], [ 27.797916412, 42.215137483000035 ], [ 27.797916412, 42.214584350000166 ], [ 27.798471451000012, 42.214584350000166 ], [ 27.798471451000012, 42.214027406000071 ], [ 27.798749924000049, 42.214027406000071 ], [ 27.798749924000049, 42.214584350000166 ], [ 27.799028397000086, 42.214584350000166 ], [ 27.799028397000086, 42.214862823000033 ], [ 27.799583435000045, 42.214862823000033 ], [ 27.799583435000045, 42.215137483000035 ], [ 27.80013847400005, 42.215137483000035 ], [ 27.80013847400005, 42.215415954000036 ], [ 27.801805497000032, 42.215415954000036 ], [ 27.801805497000032, 42.215694427000074 ], [ 27.802360535000105, 42.215694427000074 ], [ 27.802360535000105, 42.215415954000036 ], [ 27.802639008000142, 42.215415954000036 ], [ 27.802639008000142, 42.215694427000074 ], [ 27.803472520000184, 42.215694427000074 ], [ 27.803472520000184, 42.215972900000111 ], [ 27.803749085000049, 42.215972900000111 ], [ 27.803749085000049, 42.216251373000148 ], [ 27.804582595000113, 42.216251373000148 ], [ 27.804582595000113, 42.216526031000171 ], [ 27.805139541000187, 42.216526031000171 ], [ 27.805139541000187, 42.215972900000111 ], [ 27.80486106800015, 42.215972900000111 ], [ 27.80486106800015, 42.215415954000036 ], [ 27.804306029000145, 42.215415954000036 ], [ 27.804306029000145, 42.215137483000035 ], [ 27.804027556000108, 42.215137483000035 ], [ 27.804027556000108, 42.214862823000033 ], [ 27.803749085000049, 42.214862823000033 ], [ 27.803749085000049, 42.214584350000166 ], [ 27.803472520000184, 42.214584350000166 ], [ 27.803472520000184, 42.214305879000108 ], [ 27.803194047000147, 42.214305879000108 ], [ 27.803194047000147, 42.21319580200003 ], [ 27.803472520000184, 42.21319580200003 ], [ 27.803472520000184, 42.212917329000163 ], [ 27.803749085000049, 42.212917329000163 ], [ 27.803749085000049, 42.212360383000089 ], [ 27.804027556000108, 42.212360383000089 ], [ 27.804027556000108, 42.212081910000052 ], [ 27.80486106800015, 42.212081910000052 ], [ 27.80486106800015, 42.211807252000085 ], [ 27.805416106000052, 42.211807252000085 ], [ 27.805416106000052, 42.211528779000048 ], [ 27.80569457900009, 42.211528779000048 ], [ 27.80569457900009, 42.211250306000181 ], [ 27.806528091000132, 42.211250306000181 ], [ 27.806528091000132, 42.210971833000144 ], [ 27.807638168000096, 42.210971833000144 ], [ 27.807638168000096, 42.211250306000181 ], [ 27.808471679000036, 42.211250306000181 ], [ 27.808471679000036, 42.210971833000144 ], [ 27.808750152000073, 42.210971833000144 ], [ 27.808750152000073, 42.210693360000107 ], [ 27.80902862500011, 42.210693360000107 ], [ 27.80902862500011, 42.21041488700007 ], [ 27.809305191000078, 42.21041488700007 ], [ 27.809305191000078, 42.210140229000046 ], [ 27.809860229000151, 42.210140229000046 ], [ 27.809860229000151, 42.21041488700007 ], [ 27.810417175000055, 42.21041488700007 ], [ 27.810417175000055, 42.210140229000046 ], [ 27.810693741000023, 42.210140229000046 ], [ 27.810693741000023, 42.209026337000125 ], [ 27.81208419900014, 42.209026337000125 ], [ 27.81208419900014, 42.209304810000162 ], [ 27.812360764, 42.209304810000162 ], [ 27.812360764, 42.209861756 ], [ 27.812639237000042, 42.209861756 ], [ 27.812639237000042, 42.21041488700007 ], [ 27.812915802000134, 42.21041488700007 ], [ 27.812915802000134, 42.210693360000107 ], [ 27.813472749000084, 42.210693360000107 ], [ 27.813472749000084, 42.21041488700007 ], [ 27.813749314000177, 42.21041488700007 ], [ 27.813749314000177, 42.209861756 ], [ 27.814027787000043, 42.209861756 ], [ 27.814027787000043, 42.209026337000125 ], [ 27.81430626000008, 42.209026337000125 ], [ 27.81430626000008, 42.208751679000102 ], [ 27.815971374000185, 42.208751679000102 ], [ 27.815971374000185, 42.208473206000065 ], [ 27.816528320000032, 42.208473206000065 ], [ 27.816528320000032, 42.208194733000028 ], [ 27.816804885000124, 42.208194733000028 ], [ 27.816804885000124, 42.207916260000161 ], [ 27.817638397000167, 42.207916260000161 ], [ 27.817638397000167, 42.207637787000124 ], [ 27.818471908000106, 42.207637787000124 ], [ 27.818471908000106, 42.207359314000087 ], [ 27.819583893000186, 42.207359314000087 ], [ 27.819583893000186, 42.204582214000027 ], [ 27.819305420000148, 42.204582214000027 ], [ 27.819305420000148, 42.2037506100001 ], [ 27.819026947000111, 42.2037506100001 ], [ 27.819026947000111, 42.203472137000063 ], [ 27.818750381000143, 42.203472137000063 ], [ 27.818750381000143, 42.203193666000061 ], [ 27.818471908000106, 42.203193666000061 ], [ 27.818471908000106, 42.202915193000194 ], [ 27.81819534300007, 42.202915193000194 ], [ 27.81819534300007, 42.202362062000191 ], [ 27.817916870000033, 42.202362062000191 ], [ 27.817916870000033, 42.202083589000154 ], [ 27.81819534300007, 42.202083589000154 ], [ 27.81819534300007, 42.201805116000116 ], [ 27.818471908000106, 42.201805116000116 ], [ 27.818471908000106, 42.200973512000189 ], [ 27.818750381000143, 42.200973512000189 ], [ 27.818750381000143, 42.200138093000078 ], [ 27.819026947000111, 42.200138093000078 ], [ 27.819026947000111, 42.199584962000074 ], [ 27.819305420000148, 42.199584962000074 ], [ 27.819305420000148, 42.199306489000037 ], [ 27.819583893000186, 42.199306489000037 ], [ 27.819583893000186, 42.19902801600017 ], [ 27.819860458000051, 42.19902801600017 ], [ 27.819860458000051, 42.198749543000133 ], [ 27.820138931000088, 42.198749543000133 ], [ 27.820138931000088, 42.19902801600017 ], [ 27.820693970000093, 42.19902801600017 ], [ 27.820693970000093, 42.199306489000037 ], [ 27.822082520000095, 42.199306489000037 ], [ 27.822082520000095, 42.19902801600017 ], [ 27.822639466000169, 42.19902801600017 ], [ 27.822639466000169, 42.199306489000037 ], [ 27.824028016000113, 42.199306489000037 ], [ 27.824028016000113, 42.198749543000133 ], [ 27.824304581000149, 42.198749543000133 ], [ 27.824306489000151, 42.197639466000055 ], [ 27.824583054000186, 42.197639466000055 ], [ 27.824583054000186, 42.197360993000189 ], [ 27.825416566000058, 42.197360993000189 ], [ 27.825416566000058, 42.197639466000055 ], [ 27.825695039000095, 42.197639466000055 ], [ 27.825695039000095, 42.197917939000092 ], [ 27.826528548000056, 42.197917939000092 ], [ 27.826528548000056, 42.197639466000055 ], [ 27.826805116, 42.197639466000055 ], [ 27.826805116, 42.197360993000189 ], [ 27.828193664000139, 42.197360993000189 ], [ 27.828193664000139, 42.197639466000055 ], [ 27.828472137000176, 42.197639466000055 ], [ 27.828472137000176, 42.197917939000092 ], [ 27.828750610000043, 42.197917939000092 ], [ 27.828750610000043, 42.198749543000133 ], [ 27.829027175000135, 42.198749543000133 ], [ 27.829027175000135, 42.199306489000037 ], [ 27.830139159999987, 42.199306489000037 ], [ 27.830139159999987, 42.19902801600017 ], [ 27.83041572500008, 42.19902801600017 ], [ 27.83041572500008, 42.197360993000189 ], [ 27.830139159999987, 42.197360993000189 ], [ 27.830139159999987, 42.196529389000091 ], [ 27.829860687000178, 42.196529389000091 ], [ 27.829860687000178, 42.195972443000016 ], [ 27.829584120999982, 42.195972443000016 ], [ 27.829584120999982, 42.195137024000132 ], [ 27.829305648000172, 42.195137024000132 ], [ 27.829305648000172, 42.194583893000072 ], [ 27.829027175000135, 42.194583893000072 ], [ 27.829027175000135, 42.193748474000131 ], [ 27.829305648000172, 42.193748474000131 ], [ 27.829305648000172, 42.193473816000164 ], [ 27.829860687000178, 42.193473816000164 ], [ 27.829860687000178, 42.193195343000127 ], [ 27.832082748000062, 42.193195343000127 ], [ 27.832082748000062, 42.193473816000164 ], [ 27.832639694000136, 42.193473816000164 ], [ 27.832639694000136, 42.193748474000131 ], [ 27.833194733000141, 42.193748474000131 ], [ 27.833194733000141, 42.194026947000168 ], [ 27.833749771000043, 42.194026947000168 ], [ 27.833749771000043, 42.195137024000132 ], [ 27.834028244000081, 42.195137024000132 ], [ 27.834028244000081, 42.19541549700017 ], [ 27.834304810000049, 42.19541549700017 ], [ 27.834304810000049, 42.195693969999979 ], [ 27.834583283000086, 42.195693969999979 ], [ 27.834583283000086, 42.19541549700017 ], [ 27.835138321000045, 42.19541549700017 ], [ 27.835138321000045, 42.195137024000132 ], [ 27.835416794000082, 42.195137024000132 ], [ 27.835416794000082, 42.194583893000072 ], [ 27.835695267000119, 42.194583893000072 ], [ 27.835695267000119, 42.194305420000035 ], [ 27.835971833000087, 42.194305420000035 ], [ 27.835971833000087, 42.194026947000168 ], [ 27.836250306000125, 42.194026947000168 ], [ 27.836250306000125, 42.193748474000131 ], [ 27.836805344000027, 42.193748474000131 ], [ 27.836805344000027, 42.193473816000164 ], [ 27.839582442000108, 42.193473816000164 ], [ 27.839582442000108, 42.193748474000131 ], [ 27.839860915000145, 42.193748474000131 ], [ 27.839860915000145, 42.194026947000168 ], [ 27.840139388000182, 42.194026947000168 ], [ 27.840139388000182, 42.194305420000035 ], [ 27.84041595400015, 42.194305420000035 ], [ 27.84041595400015, 42.194583893000072 ], [ 27.840694427000187, 42.194583893000072 ], [ 27.840694427000187, 42.194862366000109 ], [ 27.841806411000164, 42.194862366000109 ], [ 27.841806411000164, 42.193748474000131 ], [ 27.841527938000127, 42.193748474000131 ], [ 27.841527938000127, 42.193473816000164 ], [ 27.841249465000089, 42.193473816000164 ], [ 27.841249465000089, 42.193195343000127 ], [ 27.840972900000054, 42.193195343000127 ], [ 27.840972900000054, 42.19291687000009 ], [ 27.840694427000187, 42.19291687000009 ], [ 27.840694427000187, 42.192638397000053 ], [ 27.840972900000054, 42.192638397000053 ], [ 27.840972900000054, 42.191806793000183 ], [ 27.840694427000187, 42.191806793000183 ], [ 27.840694427000187, 42.191528321000021 ], [ 27.839305877000072, 42.191528321000021 ], [ 27.839305877000072, 42.191249847999984 ], [ 27.837638856000069, 42.191249847999984 ], [ 27.837638856000069, 42.190971375000117 ], [ 27.837360383000032, 42.190971375000117 ], [ 27.837360383000032, 42.190418244000114 ], [ 27.837083817000064, 42.190418244000114 ], [ 27.837083817000064, 42.190139771000077 ], [ 27.836805344000027, 42.190139771000077 ], [ 27.836805344000027, 42.189582825000173 ], [ 27.83652687100016, 42.189582825000173 ], [ 27.83652687100016, 42.189304352000136 ], [ 27.836250306000125, 42.189304352000136 ], [ 27.836250306000125, 42.188751221000132 ], [ 27.83652687100016, 42.188751221000132 ], [ 27.83652687100016, 42.188472748000095 ], [ 27.836805344000027, 42.188472748000095 ], [ 27.836805344000027, 42.188194275000058 ], [ 27.837083817000064, 42.188194275000058 ], [ 27.837083817000064, 42.187915802000191 ], [ 27.838750838000067, 42.187915802000191 ], [ 27.838750838000067, 42.188194275000058 ], [ 27.839305877000072, 42.188194275000058 ], [ 27.839305877000072, 42.188472748000095 ], [ 27.840139388000182, 42.188472748000095 ], [ 27.840139388000182, 42.188751221000132 ], [ 27.840694427000187, 42.188751221000132 ], [ 27.840694427000187, 42.189025879000098 ], [ 27.841249465000089, 42.189025879000098 ], [ 27.841249465000089, 42.189304352000136 ], [ 27.841806411000164, 42.189304352000136 ], [ 27.841806411000164, 42.189582825000173 ], [ 27.842916488000128, 42.189582825000173 ], [ 27.842916488000128, 42.189304352000136 ], [ 27.843471527000133, 42.189304352000136 ], [ 27.843471527000133, 42.188194275000058 ], [ 27.843750000000171, 42.188194275000058 ], [ 27.843750000000171, 42.187915802000191 ], [ 27.84402847299998, 42.187915802000191 ], [ 27.84402847299998, 42.186805725000113 ], [ 27.843750000000171, 42.186805725000113 ], [ 27.843750000000171, 42.185417175000111 ], [ 27.844583511999986, 42.185417175000111 ], [ 27.844583511999986, 42.185695648000149 ], [ 27.844861985000023, 42.185695648000149 ], [ 27.844861985000023, 42.185970306000172 ], [ 27.845417023000152, 42.185974121000186 ], [ 27.845417023000152, 42.186248779000039 ], [ 27.84569358900012, 42.186248779000039 ], [ 27.84569358900012, 42.186527252000076 ], [ 27.845972062000158, 42.186527252000076 ], [ 27.845972062000158, 42.186805725000113 ], [ 27.846805573000097, 42.186805725000113 ], [ 27.846805573000097, 42.186248779000039 ], [ 27.847084046000134, 42.186248779000039 ], [ 27.847084046000134, 42.185974121000186 ], [ 27.846805573000097, 42.185974121000186 ], [ 27.846805573000097, 42.184860229000037 ], [ 27.84652710000006, 42.184860229000037 ], [ 27.84652710000006, 42.184307098000033 ], [ 27.846250535000024, 42.184307098000033 ], [ 27.846250535000024, 42.184028625000167 ], [ 27.845972062000158, 42.184028625000167 ], [ 27.845972062000158, 42.18375015200013 ], [ 27.84569358900012, 42.18375015200013 ], [ 27.84569358900012, 42.183471679000093 ], [ 27.845138550000115, 42.183471679000093 ], [ 27.845138550000115, 42.183193206000055 ], [ 27.844583511999986, 42.183193206000055 ], [ 27.844583511999986, 42.182918548000089 ], [ 27.844305038000073, 42.182918548000089 ], [ 27.844305038000073, 42.182640075000052 ], [ 27.84402847299998, 42.182640075000052 ], [ 27.84402847299998, 42.182361602000185 ], [ 27.843750000000171, 42.182361602000185 ], [ 27.843750000000171, 42.182083129000148 ], [ 27.843471527000133, 42.182083129000148 ], [ 27.843471527000133, 42.181804656000111 ], [ 27.843194962000041, 42.181804656000111 ], [ 27.843194962000041, 42.181526183000074 ], [ 27.843471527000133, 42.181526183000074 ], [ 27.843471527000133, 42.180973052000013 ], [ 27.843750000000171, 42.180973052000013 ], [ 27.843750000000171, 42.180694578999976 ], [ 27.844305038000073, 42.180694578999976 ], [ 27.844305038000073, 42.180416108000145 ], [ 27.844583511999986, 42.180416108000145 ], [ 27.844583511999986, 42.180137635000108 ], [ 27.844861985000023, 42.180137635000108 ], [ 27.844861985000023, 42.179862975000106 ], [ 27.845138550000115, 42.179862975000106 ], [ 27.845138550000115, 42.178749085000163 ], [ 27.846250535000024, 42.178749085000163 ], [ 27.846250535000024, 42.17902755800003 ], [ 27.847917558000177, 42.17902755800003 ], [ 27.847917558000177, 42.179306031000067 ], [ 27.848472596000079, 42.179306031000067 ], [ 27.848472596000079, 42.179584504000104 ], [ 27.848749162000047, 42.179584504000104 ], [ 27.848749162000047, 42.179862975000106 ], [ 27.849027635000084, 42.179862975000106 ], [ 27.849027635000084, 42.180137635000108 ], [ 27.849306106000142, 42.180137635000108 ], [ 27.849306106000142, 42.180416108000145 ], [ 27.85041618300005, 42.180416108000145 ], [ 27.85041618300005, 42.179862975000106 ], [ 27.850694656000087, 42.179862975000106 ], [ 27.850694656000087, 42.179584504000104 ], [ 27.850973129000124, 42.179584504000104 ], [ 27.850973129000124, 42.179306031000067 ], [ 27.851528167000026, 42.179306031000067 ], [ 27.851528167000026, 42.17902755800003 ], [ 27.852361679000069, 42.17902755800003 ], [ 27.852361679000069, 42.178749085000163 ], [ 27.852638244000161, 42.178749085000163 ], [ 27.852638244000161, 42.178195954000103 ], [ 27.852916717000028, 42.178195954000103 ], [ 27.852916717000028, 42.177360535 ], [ 27.852638244000161, 42.177360535 ], [ 27.852638244000161, 42.177082062000125 ], [ 27.852083206000032, 42.177082062000125 ], [ 27.852083206000032, 42.176807404000158 ], [ 27.851528167000026, 42.176807404000158 ], [ 27.851528167000026, 42.176528931000121 ], [ 27.850973129000124, 42.176528931000121 ], [ 27.850973129000124, 42.175971985000047 ], [ 27.850694656000087, 42.175971985000047 ], [ 27.850694656000087, 42.174861908000139 ], [ 27.850973129000124, 42.174861908000139 ], [ 27.850973129000124, 42.174583435000102 ], [ 27.850694656000087, 42.174583435000102 ], [ 27.850694656000087, 42.174304962000065 ], [ 27.850973129000124, 42.174304962000065 ], [ 27.850973129000124, 42.173473358000194 ], [ 27.851528167000026, 42.173473358000194 ], [ 27.851528167000026, 42.173194885000157 ], [ 27.85375022900007, 42.173194885000157 ], [ 27.85375022900007, 42.173473358000194 ], [ 27.854860306000148, 42.173473358000194 ], [ 27.854860306000148, 42.173751831 ], [ 27.855138779000185, 42.173751831 ], [ 27.855138779000185, 42.174026489000028 ], [ 27.855417252000052, 42.174026489000028 ], [ 27.855417252000052, 42.173751831 ], [ 27.856250763000162, 42.173751831 ], [ 27.856250763000162, 42.174026489000028 ], [ 27.856805802000167, 42.174026489000028 ], [ 27.856805802000167, 42.174304962000065 ], [ 27.857639313000163, 42.174304962000065 ], [ 27.857639313000163, 42.174861908000139 ], [ 27.858194352000169, 42.174861908000139 ], [ 27.858194352000169, 42.174583435000102 ], [ 27.858749390000071, 42.174583435000102 ], [ 27.858749390000071, 42.174304962000065 ], [ 27.859306336000145, 42.174304962000065 ], [ 27.859306336000145, 42.174026489000028 ], [ 27.85986137500015, 42.174026489000028 ], [ 27.85986137500015, 42.172637939000083 ], [ 27.859582902000113, 42.172637939000083 ], [ 27.859582902000113, 42.172359466000046 ], [ 27.859306336000145, 42.172359466000046 ], [ 27.859306336000145, 42.172084808000193 ], [ 27.859582902000113, 42.172084808000193 ], [ 27.859582902000113, 42.171527862000119 ], [ 27.85986137500015, 42.171527862000119 ], [ 27.85986137500015, 42.170417785000041 ], [ 27.859582902000113, 42.170417785000041 ], [ 27.859582902000113, 42.170139312000174 ], [ 27.858749390000071, 42.170139312000174 ], [ 27.858749390000071, 42.170417785000041 ], [ 27.858194352000169, 42.170417785000041 ], [ 27.858194352000169, 42.170696258000078 ], [ 27.856250763000162, 42.170696258000078 ], [ 27.856250763000162, 42.170417785000041 ], [ 27.855693817000088, 42.170417785000041 ], [ 27.855693817000088, 42.170139312000174 ], [ 27.855138779000185, 42.170139312000174 ], [ 27.855138779000185, 42.169860839000137 ], [ 27.853471756000033, 42.169860839000137 ], [ 27.853471756000033, 42.169582368000079 ], [ 27.852916717000028, 42.169582368000079 ], [ 27.852916717000028, 42.169029235000096 ], [ 27.852638244000161, 42.169029235000096 ], [ 27.852638244000161, 42.168193818000134 ], [ 27.852361679000069, 42.168193818000134 ], [ 27.852361679000069, 42.16764068700013 ], [ 27.852083206000032, 42.16764068700013 ], [ 27.852083206000032, 42.166526795000152 ], [ 27.852361679000069, 42.166526795000152 ], [ 27.852361679000069, 42.166248322000115 ], [ 27.852638244000161, 42.166248322000115 ], [ 27.852638244000161, 42.165973664000148 ], [ 27.852916717000028, 42.165973664000148 ], [ 27.852916717000028, 42.165695191000111 ], [ 27.853195190000065, 42.165695191000111 ], [ 27.853195190000065, 42.165416718000074 ], [ 27.85375022900007, 42.165416718000074 ], [ 27.85375022900007, 42.165138245000037 ], [ 27.85458374000018, 42.165138245000037 ], [ 27.85458374000018, 42.16485977200017 ], [ 27.854860306000148, 42.16485977200017 ], [ 27.854860306000148, 42.164585114000147 ], [ 27.855417252000052, 42.164585114000147 ], [ 27.855417252000052, 42.16430664100011 ], [ 27.856250763000162, 42.16430664100011 ], [ 27.856250763000162, 42.164028168000073 ], [ 27.85652732900013, 42.164028168000073 ], [ 27.85652732900013, 42.163749695000035 ], [ 27.857360840000126, 42.163749695000035 ], [ 27.857360840000126, 42.163471222 ], [ 27.857639313000163, 42.163471222 ], [ 27.857639313000163, 42.163192749000132 ], [ 27.858749390000071, 42.163192749000132 ], [ 27.858749390000071, 42.163471222 ], [ 27.859306336000145, 42.163471222 ], [ 27.859306336000145, 42.163749695000035 ], [ 27.85986137500015, 42.163749695000035 ], [ 27.85986137500015, 42.164028168000073 ], [ 27.860137940000186, 42.164028168000073 ], [ 27.860139848000188, 42.16430664100011 ], [ 27.860416413000053, 42.16430664100011 ], [ 27.860416413000053, 42.164585114000147 ], [ 27.860694884000111, 42.164585114000147 ], [ 27.860694884000111, 42.165138245000037 ], [ 27.860971452000058, 42.165138245000037 ], [ 27.860971452000058, 42.165695191000111 ], [ 27.861528396000153, 42.165695191000111 ], [ 27.861528396000153, 42.165973664000148 ], [ 27.862638473000061, 42.165973664000148 ], [ 27.862638473000061, 42.165695191000111 ], [ 27.862916946000098, 42.165695191000111 ], [ 27.862916946000098, 42.165138245000037 ], [ 27.863193511000134, 42.165138245000037 ], [ 27.863193511000134, 42.164585114000147 ], [ 27.863471984000171, 42.164585114000147 ], [ 27.863471984000171, 42.16430664100011 ], [ 27.863193511000134, 42.16430664100011 ], [ 27.863193511000134, 42.164028168000073 ], [ 27.862361907000093, 42.164028168000073 ], [ 27.862361907000093, 42.163749695000035 ], [ 27.862083434000056, 42.163749695000035 ], [ 27.862083434000056, 42.163192749000132 ], [ 27.862361907000093, 42.163192749000132 ], [ 27.862361907000093, 42.162918091000165 ], [ 27.862916946000098, 42.162918091000165 ], [ 27.862916946000098, 42.162639618000128 ], [ 27.863750457000037, 42.162639618000128 ], [ 27.863750457000037, 42.162361145000091 ], [ 27.865417480000019, 42.162361145000091 ], [ 27.865417480000019, 42.162082672000054 ], [ 27.865972519000024, 42.162082672000054 ], [ 27.865972519000024, 42.161804199000187 ], [ 27.866249084000117, 42.161804199000187 ], [ 27.866249084000117, 42.160972595000146 ], [ 27.865972519000024, 42.160972595000146 ], [ 27.865972519000024, 42.160694122000109 ], [ 27.865694045999987, 42.160694122000109 ], [ 27.865694045999987, 42.159305572000164 ], [ 27.865417480000019, 42.159305572000164 ], [ 27.865417480000019, 42.159027099000127 ], [ 27.865139006999982, 42.159027099000127 ], [ 27.865139006999982, 42.15874862600009 ], [ 27.864860534000172, 42.15874862600009 ], [ 27.864860534000172, 42.158473968000067 ], [ 27.865139006999982, 42.158473968000067 ], [ 27.865139006999982, 42.158195495000029 ], [ 27.865694045999987, 42.158195495000029 ], [ 27.865694045999987, 42.157917022000163 ], [ 27.865972519000024, 42.157917022000163 ], [ 27.865972519000024, 42.157638551000161 ], [ 27.866527557000154, 42.157638551000161 ], [ 27.866527557000154, 42.157360078000124 ], [ 27.866806030000191, 42.157360078000124 ], [ 27.866806030000191, 42.157081605000087 ], [ 27.867361069000026, 42.157081605000087 ], [ 27.867361069000026, 42.156528474000027 ], [ 27.867639542000063, 42.156528474000027 ], [ 27.867639542000063, 42.156250000999989 ], [ 27.868473053000173, 42.156250000999989 ], [ 27.868473053000173, 42.156528474000027 ], [ 27.869304657000043, 42.156528474000027 ], [ 27.869304657000043, 42.156806947000064 ], [ 27.870138169000086, 42.156806947000064 ], [ 27.870138169000086, 42.157081605000087 ], [ 27.870416642000123, 42.157081605000087 ], [ 27.870416642000123, 42.157360078000124 ], [ 27.87069511500016, 42.157360078000124 ], [ 27.87069511500016, 42.158473968000067 ], [ 27.870971680000082, 42.158473968000067 ], [ 27.870971680000082, 42.159027099000127 ], [ 27.871250153000119, 42.159027099000127 ], [ 27.871250153000119, 42.159305572000164 ], [ 27.871528626000156, 42.159305572000164 ], [ 27.871528626000156, 42.159862518000011 ], [ 27.871805192000124, 42.159862518000011 ], [ 27.871805192000124, 42.160137176000035 ], [ 27.872638701000028, 42.160137176000035 ], [ 27.872638701000028, 42.160694122000109 ], [ 27.872917174000065, 42.160694122000109 ], [ 27.872917174000065, 42.161251068000183 ], [ 27.874305724000067, 42.161251068000183 ], [ 27.874305724000067, 42.160972595000146 ], [ 27.87458419799998, 42.160972595000146 ], [ 27.87458419799998, 42.160694122000109 ], [ 27.874860763000072, 42.160694122000109 ], [ 27.874860763000072, 42.160137176000035 ], [ 27.875139236000109, 42.160137176000035 ], [ 27.875139236000109, 42.159862518000011 ], [ 27.875694274000182, 42.159862518000011 ], [ 27.875694274000182, 42.159584044999974 ], [ 27.875972748000152, 42.159584044999974 ], [ 27.875972748000152, 42.15874862600009 ], [ 27.875694274000182, 42.15874862600009 ], [ 27.875694274000182, 42.158473968000067 ], [ 27.875415801000145, 42.158473968000067 ], [ 27.875415801000145, 42.158195495000029 ], [ 27.875139236000109, 42.158195495000029 ], [ 27.875139236000109, 42.157917022000163 ], [ 27.874860763000072, 42.157917022000163 ], [ 27.874860763000072, 42.157360078000124 ], [ 27.87458419799998, 42.157360078000124 ], [ 27.87458419799998, 42.157081605000087 ], [ 27.874860763000072, 42.157081605000087 ], [ 27.874860763000072, 42.156528474000027 ], [ 27.875139236000109, 42.156528474000027 ], [ 27.875139236000109, 42.156250000999989 ], [ 27.876527786000054, 42.156250000999989 ], [ 27.876527786000054, 42.155971528000123 ], [ 27.877361298000096, 42.155971528000123 ], [ 27.877361298000096, 42.155693055000086 ], [ 27.877916336000169, 42.155693055000086 ], [ 27.877916336000169, 42.155418397000119 ], [ 27.878471375000174, 42.155418397000119 ], [ 27.878471375000174, 42.153194428000063 ], [ 27.878749848000041, 42.153194428000063 ], [ 27.878749848000041, 42.152362824000193 ], [ 27.878471375000174, 42.152362824000193 ], [ 27.878471375000174, 42.151805878000118 ], [ 27.878194809000036, 42.151805878000118 ], [ 27.878194809000036, 42.151527405000081 ], [ 27.877639771000133, 42.151527405000081 ], [ 27.877639771000133, 42.151248932000044 ], [ 27.877361298000096, 42.151248932000044 ], [ 27.877361298000096, 42.150970459000177 ], [ 27.877082825000059, 42.150970459000177 ], [ 27.877082825000059, 42.150695801000154 ], [ 27.876806259000091, 42.150695801000154 ], [ 27.876806259000091, 42.150417328000117 ], [ 27.876249313000187, 42.150417328000117 ], [ 27.876249313000187, 42.15013885500008 ], [ 27.875972748000152, 42.15013885500008 ], [ 27.875972748000152, 42.149860382000043 ], [ 27.875694274000182, 42.149860382000043 ], [ 27.875694274000182, 42.149307251000039 ], [ 27.875972748000152, 42.149307251000039 ], [ 27.875972748000152, 42.149028778000172 ], [ 27.876249313000187, 42.149028778000172 ], [ 27.876249313000187, 42.148750305000135 ], [ 27.876806259000091, 42.148750305000135 ], [ 27.876806259000091, 42.148471832000098 ], [ 27.877639771000133, 42.148471832000098 ], [ 27.877639771000133, 42.148193359000061 ], [ 27.878471375000174, 42.148193359000061 ], [ 27.878471375000174, 42.147914886000194 ], [ 27.878749848000041, 42.147914886000194 ], [ 27.878749848000041, 42.147640228000057 ], [ 27.879028321000078, 42.147640228000057 ], [ 27.879028321000078, 42.14736175500019 ], [ 27.882638932000134, 42.14736175500019 ], [ 27.882638932000134, 42.147083282000153 ], [ 27.883750915000064, 42.147083282000153 ], [ 27.883750915000064, 42.146804811000095 ], [ 27.8840274800001, 42.146804811000095 ], [ 27.8840274800001, 42.146526338000058 ], [ 27.884305953000137, 42.146526338000058 ], [ 27.884305953000137, 42.145973205000018 ], [ 27.884582519000105, 42.145973205000018 ], [ 27.884582519000105, 42.145137788000113 ], [ 27.884860992000142, 42.145137788000113 ], [ 27.884860992000142, 42.144859315000076 ], [ 27.885139465000179, 42.144859315000076 ], [ 27.885139465000179, 42.144306184000072 ], [ 27.885416030000044, 42.144306184000072 ], [ 27.885416030000044, 42.143749238000169 ], [ 27.886249542000087, 42.143749238000169 ], [ 27.886249542000087, 42.144027711000035 ], [ 27.886528015000124, 42.144027711000035 ], [ 27.886528015000124, 42.144306184000072 ], [ 27.887083053000026, 42.144306184000072 ], [ 27.887083053000026, 42.144584657000109 ], [ 27.887361526000063, 42.144584657000109 ], [ 27.887361526000063, 42.144306184000072 ], [ 27.888195038000106, 42.144306184000072 ], [ 27.888195038000106, 42.144027711000035 ], [ 27.888471603000028, 42.144027711000035 ], [ 27.888471603000028, 42.143749238000169 ], [ 27.889028549000102, 42.143749238000169 ], [ 27.889028549000102, 42.143470765000131 ], [ 27.889862061000144, 42.143470765000131 ], [ 27.889862061000144, 42.143749238000169 ], [ 27.890693665000185, 42.143749238000169 ], [ 27.890693665000185, 42.144027711000035 ], [ 27.891527176000125, 42.144027711000035 ], [ 27.891527176000125, 42.144306184000072 ], [ 27.892084122000028, 42.144306184000072 ], [ 27.892084122000028, 42.144027711000035 ], [ 27.892360688000167, 42.144027711000035 ], [ 27.892360688000167, 42.143749238000169 ], [ 27.892639161000034, 42.143749238000169 ], [ 27.892639161000034, 42.143196107000108 ], [ 27.892915726000126, 42.143196107000108 ], [ 27.892915726000126, 42.142917634000071 ], [ 27.893749238000169, 42.142917634000071 ], [ 27.893749238000169, 42.142639161000034 ], [ 27.894027710999978, 42.142639161000034 ], [ 27.894027710999978, 42.142360688 ], [ 27.894861222000145, 42.142360688 ], [ 27.894861222000145, 42.142917634000071 ], [ 27.895139692999976, 42.142917634000071 ], [ 27.895139692999976, 42.143470765000131 ], [ 27.896249770000111, 42.143470765000131 ], [ 27.896249770000111, 42.143196107000108 ], [ 27.896528243000148, 42.143196107000108 ], [ 27.896528243000148, 42.14208221500013 ], [ 27.896804809000116, 42.14208221500013 ], [ 27.896804809000116, 42.141803742000093 ], [ 27.897083282000153, 42.141803742000093 ], [ 27.897083282000153, 42.141529084000126 ], [ 27.897638320000056, 42.141529084000126 ], [ 27.897638320000056, 42.141250611000089 ], [ 27.898471832000098, 42.141250611000089 ], [ 27.898471832000098, 42.140972138000052 ], [ 27.898750305000135, 42.140972138000052 ], [ 27.898750305000135, 42.140415192000148 ], [ 27.899026870000171, 42.140415192000148 ], [ 27.899026870000171, 42.13930511500007 ], [ 27.899305343000037, 42.13930511500007 ], [ 27.899305343000037, 42.139026642000033 ], [ 27.899583816000074, 42.139026642000033 ], [ 27.899583816000074, 42.138748169000166 ], [ 27.899860382000043, 42.138748169000166 ], [ 27.899860382000043, 42.137916565000126 ], [ 27.90013885500008, 42.137916565000126 ], [ 27.90013885500008, 42.137084961000028 ], [ 27.899860382000043, 42.137084961000028 ], [ 27.899860382000043, 42.136528015000124 ], [ 27.899583816000074, 42.136528015000124 ], [ 27.899583816000074, 42.136249542000087 ], [ 27.899305343000037, 42.136249542000087 ], [ 27.899305343000037, 42.13597106900005 ], [ 27.899026870000171, 42.13597106900005 ], [ 27.899026870000171, 42.135692598000048 ], [ 27.898750305000135, 42.135692598000048 ], [ 27.898750305000135, 42.135139465000179 ], [ 27.898471832000098, 42.135139465000179 ], [ 27.898471832000098, 42.134582521000084 ], [ 27.899860382000043, 42.134582521000084 ], [ 27.899860382000043, 42.134304048000047 ], [ 27.900693892999982, 42.134304048000047 ], [ 27.900693892999982, 42.134582521000084 ], [ 27.901250839000056, 42.134582521000084 ], [ 27.901250839000056, 42.134860994000121 ], [ 27.901527405000024, 42.134860994000121 ], [ 27.901527405000024, 42.135139465000179 ], [ 27.902360916000191, 42.135139465000179 ], [ 27.902360916000191, 42.134860994000121 ], [ 27.902915955000026, 42.134860994000121 ], [ 27.902915955000026, 42.134582521000084 ], [ 27.9034729010001, 42.134582521000084 ], [ 27.9034729010001, 42.13402939000008 ], [ 27.903749466000136, 42.13402939000008 ], [ 27.903749466000136, 42.133750917000043 ], [ 27.904027939000173, 42.133750917000043 ], [ 27.904027939000173, 42.131805421000195 ], [ 27.904306412000039, 42.131805421000195 ], [ 27.904306412000039, 42.131526948000158 ], [ 27.904582978000178, 42.131526948000158 ], [ 27.904582978000178, 42.130138398000042 ], [ 27.904306412000039, 42.130138398000042 ], [ 27.904306412000039, 42.129028321000078 ], [ 27.904582978000178, 42.129028321000078 ], [ 27.904582978000178, 42.128749848000041 ], [ 27.90513801600008, 42.128749848000041 ], [ 27.90513801600008, 42.128471375 ], [ 27.906528472000048, 42.128471375 ], [ 27.906528472000048, 42.128192901000091 ], [ 27.90736198400009, 42.128192901000091 ], [ 27.90736198400009, 42.128471375 ], [ 27.907917022000163, 42.128471375 ], [ 27.907917022000163, 42.128749848000041 ], [ 27.908193587000028, 42.128749848000041 ], [ 27.908193587000028, 42.129306794000115 ], [ 27.908750534000035, 42.129306794000115 ], [ 27.908750534000035, 42.129028321000078 ], [ 27.909305572000108, 42.129028321000078 ], [ 27.909305572000108, 42.128749848000041 ], [ 27.909584044999974, 42.128749848000041 ], [ 27.909584044999974, 42.128471375 ], [ 27.909860611000113, 42.128471375 ], [ 27.909860611000113, 42.128192901000091 ], [ 27.910139083999979, 42.128192901000091 ], [ 27.910139083999979, 42.12791824400017 ], [ 27.910417557000017, 42.12791824400017 ], [ 27.910417557000017, 42.127639771000133 ], [ 27.910972595000146, 42.127639771000133 ], [ 27.910972595000146, 42.127361298000096 ], [ 27.911249161000114, 42.127361298000096 ], [ 27.911249161000114, 42.127082825000059 ], [ 27.911527634000151, 42.127082825000059 ], [ 27.911527634000151, 42.126804351000089 ], [ 27.911806107000189, 42.126804351000089 ], [ 27.911806107000189, 42.127082825000059 ], [ 27.912361145000091, 42.127082825000059 ], [ 27.912361145000091, 42.127361298000096 ], [ 27.912916184000096, 42.127361298000096 ], [ 27.912916184000096, 42.127082825000059 ], [ 27.913194657000133, 42.127082825000059 ], [ 27.913194657000133, 42.126525878000052 ], [ 27.91347313000017, 42.126525878000052 ], [ 27.91347313000017, 42.125972748000152 ], [ 27.913749695000035, 42.125972748000152 ], [ 27.913749695000035, 42.125694274000182 ], [ 27.914028168000073, 42.125694274000182 ], [ 27.914028168000073, 42.125415801000145 ], [ 27.914304734000041, 42.125415801000145 ], [ 27.914304734000041, 42.124584197000104 ], [ 27.914583207000078, 42.124584197000104 ], [ 27.914583207000078, 42.122917176000101 ], [ 27.914028168000073, 42.122917176000101 ], [ 27.914028168000073, 42.122638703000064 ], [ 27.913749695000035, 42.122638703000064 ], [ 27.913749695000035, 42.122360230000027 ], [ 27.91347313000017, 42.122360230000027 ], [ 27.91347313000017, 42.12208175700016 ], [ 27.913194657000133, 42.12208175700016 ], [ 27.913194657000133, 42.121528626000156 ], [ 27.912916184000096, 42.121528626000156 ], [ 27.912916184000096, 42.120971680000082 ], [ 27.912639618000128, 42.120971680000082 ], [ 27.912639618000128, 42.120693207000045 ], [ 27.911527634000151, 42.120693207000045 ], [ 27.911527634000151, 42.120971680000082 ], [ 27.910694122000109, 42.120971680000082 ], [ 27.910694122000109, 42.120693207000045 ], [ 27.910417557000017, 42.120693207000045 ], [ 27.910417557000017, 42.120418549000021 ], [ 27.910139083999979, 42.120418549000021 ], [ 27.910139083999979, 42.120140075999984 ], [ 27.909860611000113, 42.120140075999984 ], [ 27.909860611000113, 42.119861603000118 ], [ 27.909584044999974, 42.119861603000118 ], [ 27.909584044999974, 42.11958313000008 ], [ 27.909305572000108, 42.11958313000008 ], [ 27.909305572000108, 42.119304657000043 ], [ 27.90902709900007, 42.119304657000043 ], [ 27.90902709900007, 42.11875152600004 ], [ 27.909305572000108, 42.11875152600004 ], [ 27.909305572000108, 42.118473053000173 ], [ 27.909860611000113, 42.118473053000173 ], [ 27.909860611000113, 42.118194580000136 ], [ 27.911806107000189, 42.118194580000136 ], [ 27.911806107000189, 42.117916107000099 ], [ 27.912082672000054, 42.117916107000099 ], [ 27.912082672000054, 42.117637634000062 ], [ 27.912361145000091, 42.117637634000062 ], [ 27.912361145000091, 42.117362976000095 ], [ 27.912639618000128, 42.117362976000095 ], [ 27.912639618000128, 42.117084503000058 ], [ 27.912916184000096, 42.117084503000058 ], [ 27.912916184000096, 42.116806030000191 ], [ 27.913194657000133, 42.116806030000191 ], [ 27.913194657000133, 42.116527557000154 ], [ 27.91347313000017, 42.116527557000154 ], [ 27.91347313000017, 42.116249084000117 ], [ 27.913749695000035, 42.116249084000117 ], [ 27.913749695000035, 42.11597061100008 ], [ 27.914028168000073, 42.11597061100008 ], [ 27.914028168000073, 42.115417480000076 ], [ 27.914304734000041, 42.115417480000076 ], [ 27.914304734000041, 42.114307403000112 ], [ 27.914583207000078, 42.114307403000112 ], [ 27.914583207000078, 42.113471984 ], [ 27.914304734000041, 42.113471984 ], [ 27.914304734000041, 42.112915040000132 ], [ 27.914028168000073, 42.112915040000132 ], [ 27.914028168000073, 42.112361907000093 ], [ 27.913749695000035, 42.112361907000093 ], [ 27.913749695000035, 42.111804963 ], [ 27.91347313000017, 42.111804963 ], [ 27.91347313000017, 42.111526490000188 ], [ 27.913194657000133, 42.111526490000188 ], [ 27.913194657000133, 42.110973359000127 ], [ 27.91347313000017, 42.110973359000127 ], [ 27.91347313000017, 42.110416413000053 ], [ 27.914583207000078, 42.110416413000053 ], [ 27.914583207000078, 42.11069488600009 ], [ 27.91513824499998, 42.11069488600009 ], [ 27.91513824499998, 42.110416413000053 ], [ 27.915695191000054, 42.110416413000053 ], [ 27.915695191000054, 42.110137940000186 ], [ 27.916528703000097, 42.110137940000186 ], [ 27.916528703000097, 42.109859467000149 ], [ 27.916805268000189, 42.109859467000149 ], [ 27.916805268000189, 42.109584809000182 ], [ 27.917360307000024, 42.109584809000182 ], [ 27.917360307000024, 42.109306336000145 ], [ 27.917917251000063, 42.109306336000145 ], [ 27.917917251000063, 42.109027863000108 ], [ 27.918193818000134, 42.109027863000108 ], [ 27.918193818000134, 42.108749390000071 ], [ 27.918472289000192, 42.108749390000071 ], [ 27.918472289000192, 42.107639313000163 ], [ 27.918750762000059, 42.107639313000163 ], [ 27.918750762000059, 42.107360840000126 ], [ 27.919027328000027, 42.107360840000126 ], [ 27.919027328000027, 42.106803894000052 ], [ 27.9195823660001, 42.106803894000052 ], [ 27.919584274000101, 42.106529236000029 ], [ 27.920139312000174, 42.106529236000029 ], [ 27.920139312000174, 42.106250763 ], [ 27.920415878000142, 42.106250763 ], [ 27.920415878000142, 42.105972290000125 ], [ 27.922916412000063, 42.105972290000125 ], [ 27.922916412000063, 42.105693817000088 ], [ 27.9231948850001, 42.105693817000088 ], [ 27.9231948850001, 42.103748321000069 ], [ 27.923471451000069, 42.103748321000069 ], [ 27.923471451000069, 42.103195190000065 ], [ 27.923749924000106, 42.103195190000065 ], [ 27.923749924000106, 42.102916717000028 ], [ 27.924028396999972, 42.102916717000028 ], [ 27.924028396999972, 42.102638244000161 ], [ 27.924304962000065, 42.102638244000161 ], [ 27.924304962000065, 42.102359771000124 ], [ 27.924583435000102, 42.102359771000124 ], [ 27.924583435000102, 42.102085113000157 ], [ 27.924861908000139, 42.102085113000157 ], [ 27.924861908000139, 42.10180664000012 ], [ 27.925971985000047, 42.10180664000012 ], [ 27.925971985000047, 42.102085113000157 ], [ 27.926805497000089, 42.102085113000157 ], [ 27.926805497000089, 42.102359771000124 ], [ 27.927083970000126, 42.102359771000124 ], [ 27.927083970000126, 42.102085113000157 ], [ 27.927639008000028, 42.102085113000157 ], [ 27.927639008000028, 42.10180664000012 ], [ 27.928194047000034, 42.10180664000012 ], [ 27.928194047000034, 42.101528167000083 ], [ 27.929306029000031, 42.101528167000083 ], [ 27.929306029000031, 42.101249694000046 ], [ 27.930416106000109, 42.101249694000046 ], [ 27.930416106000109, 42.101528167000083 ], [ 27.930973052000013, 42.101528167000083 ], [ 27.930973052000013, 42.101249694000046 ], [ 27.932083129000148, 42.101249694000046 ], [ 27.932083129000148, 42.101528167000083 ], [ 27.932638168000153, 42.101528167000083 ], [ 27.932638168000153, 42.10180664000012 ], [ 27.93291664100019, 42.10180664000012 ], [ 27.93291664100019, 42.102085113000157 ], [ 27.933471679000093, 42.102085113000157 ], [ 27.933471679000093, 42.102359771000124 ], [ 27.935138702000074, 42.102359771000124 ], [ 27.935138702000074, 42.102638244000161 ], [ 27.935417175000111, 42.102638244000161 ], [ 27.935417175000111, 42.102916717000028 ], [ 27.93569374100008, 42.102916717000028 ], [ 27.93569374100008, 42.103195190000065 ], [ 27.935972214000117, 42.103195190000065 ], [ 27.935972214000117, 42.103473663000102 ], [ 27.936250687000154, 42.103473663000102 ], [ 27.936250687000154, 42.10458374000018 ], [ 27.936527252000019, 42.10458374000018 ], [ 27.936527252000019, 42.104862213000047 ], [ 27.936805725000056, 42.104862213000047 ], [ 27.936805725000056, 42.105140686000084 ], [ 27.937360764000061, 42.105140686000084 ], [ 27.937360764000061, 42.104862213000047 ], [ 27.937639237000099, 42.104862213000047 ], [ 27.937639237000099, 42.10458374000018 ], [ 27.937915802000191, 42.10458374000018 ], [ 27.937915802000191, 42.104305267000143 ], [ 27.938472748000095, 42.104305267000143 ], [ 27.938472748000095, 42.104026794000106 ], [ 27.9390277870001, 42.104026794000106 ], [ 27.9390277870001, 42.103748321000069 ], [ 27.939582825000173, 42.103748321000069 ], [ 27.939582825000173, 42.103473663000102 ], [ 27.939861298000039, 42.103473663000102 ], [ 27.939861298000039, 42.103195190000065 ], [ 27.940139771000077, 42.103195190000065 ], [ 27.940139771000077, 42.102916717000028 ], [ 27.940416337000045, 42.102916717000028 ], [ 27.940416337000045, 42.102638244000161 ], [ 27.940694808000103, 42.102638244000161 ], [ 27.940694808000103, 42.102359771000124 ], [ 27.941249847000108, 42.102359771000124 ], [ 27.941249847000108, 42.102085113000157 ], [ 27.943471908000163, 42.102085113000157 ], [ 27.943471908000163, 42.102359771000124 ], [ 27.943750381000029, 42.102359771000124 ], [ 27.943750381000029, 42.102638244000161 ], [ 27.944305420000035, 42.102638244000161 ], [ 27.944305420000035, 42.102916717000028 ], [ 27.944860458000107, 42.102916717000028 ], [ 27.944860458000107, 42.103473663000102 ], [ 27.945138930999974, 42.103473663000102 ], [ 27.945138930999974, 42.103748321000069 ], [ 27.945417404000011, 42.103748321000069 ], [ 27.945417404000011, 42.104026794000106 ], [ 27.945693969999979, 42.104026794000106 ], [ 27.945693969999979, 42.104305267000143 ], [ 27.947082520000151, 42.104305267000143 ], [ 27.947082520000151, 42.104026794000106 ], [ 27.947360993000189, 42.104026794000106 ], [ 27.947360993000189, 42.102359771000124 ], [ 27.947639466000055, 42.102359771000124 ], [ 27.947639466000055, 42.102085113000157 ], [ 27.948194504000128, 42.102085113000157 ], [ 27.948194504000128, 42.10180664000012 ], [ 27.948749543000133, 42.10180664000012 ], [ 27.948749543000133, 42.101528167000083 ], [ 27.94902801600017, 42.101528167000083 ], [ 27.94902801600017, 42.101249694000046 ], [ 27.949304581000035, 42.101249694000046 ], [ 27.949304581000035, 42.100418090000119 ], [ 27.94902801600017, 42.100418090000119 ], [ 27.94902801600017, 42.100139619000117 ], [ 27.948472977000165, 42.100139619000117 ], [ 27.948472977000165, 42.100418090000119 ], [ 27.947639466000055, 42.100418090000119 ], [ 27.947639466000055, 42.100692750000121 ], [ 27.947082520000151, 42.100692750000121 ], [ 27.947082520000151, 42.100418090000119 ], [ 27.946527481000146, 42.100418090000119 ], [ 27.946527481000146, 42.100139619000117 ], [ 27.945417404000011, 42.100139619000117 ], [ 27.945417404000011, 42.09986114600008 ], [ 27.945138930999974, 42.09986114600008 ], [ 27.945138930999974, 42.099582673000043 ], [ 27.944583893000072, 42.099582673000043 ], [ 27.944583893000072, 42.099304200000176 ], [ 27.944305420000035, 42.099304200000176 ], [ 27.944305420000035, 42.099029541999982 ], [ 27.944026947000168, 42.099029541999982 ], [ 27.944026947000168, 42.098472596000079 ], [ 27.944305420000035, 42.098472596000079 ], [ 27.944305420000035, 42.098194123000042 ], [ 27.944860458000107, 42.098194123000042 ], [ 27.944860458000107, 42.09791565 ], [ 27.945417404000011, 42.09791565 ], [ 27.945417404000011, 42.097637177000195 ], [ 27.945693969999979, 42.097637177000195 ], [ 27.945693969999979, 42.097362519000171 ], [ 27.945972443000016, 42.097362519000171 ], [ 27.945972443000016, 42.097084046000134 ], [ 27.946527481000146, 42.097084046000134 ], [ 27.946527481000146, 42.096805573000097 ], [ 27.947639466000055, 42.096805573000097 ], [ 27.947639466000055, 42.097084046000134 ], [ 27.947916031000091, 42.097084046000134 ], [ 27.947916031000091, 42.097362519000171 ], [ 27.948194504000128, 42.097362519000171 ], [ 27.948194504000128, 42.097637177000195 ], [ 27.948749543000133, 42.097637177000195 ], [ 27.948749543000133, 42.098194123000042 ], [ 27.949306489000037, 42.098194123000042 ], [ 27.949306489000037, 42.098472596000079 ], [ 27.950416566000115, 42.098472596000079 ], [ 27.950416566000115, 42.098194123000042 ], [ 27.950695039000152, 42.098194123000042 ], [ 27.950695039000152, 42.09791565 ], [ 27.950971604000017, 42.09791565 ], [ 27.950971604000017, 42.096805573000097 ], [ 27.950695039000152, 42.096805573000097 ], [ 27.950695039000152, 42.096248627000193 ], [ 27.950416566000115, 42.096248627000193 ], [ 27.950416566000115, 42.094860077000078 ], [ 27.950138093000078, 42.094860077000078 ], [ 27.950138093000078, 42.094581604000041 ], [ 27.951528550000091, 42.094581604000041 ], [ 27.951528550000091, 42.094306946000074 ], [ 27.953193664000025, 42.094306946000074 ], [ 27.953193664000025, 42.094028473000037 ], [ 27.953472137000063, 42.094028473000037 ], [ 27.953472137000063, 42.093750000000171 ], [ 27.954027175000192, 42.093750000000171 ], [ 27.954027175000192, 42.093471527000133 ], [ 27.954860687000064, 42.093471527000133 ], [ 27.954860687000064, 42.093193054000096 ], [ 27.955415725000137, 42.093193054000096 ], [ 27.955415725000137, 42.092918396000073 ], [ 27.955694198000174, 42.092918396000073 ], [ 27.955694198000174, 42.092639923000036 ], [ 27.95597267100004, 42.092639923000036 ], [ 27.95597267100004, 42.092082977000132 ], [ 27.956249237000179, 42.092082977000132 ], [ 27.956249237000179, 42.09041595400015 ], [ 27.956527710000046, 42.09041595400015 ], [ 27.956527710000046, 42.088748933000147 ], [ 27.956249237000179, 42.088748933000147 ], [ 27.956249237000179, 42.088195802000143 ], [ 27.956527710000046, 42.088195802000143 ], [ 27.956527710000046, 42.087081910000165 ], [ 27.956806183000083, 42.087081910000165 ], [ 27.956806183000083, 42.086807252000028 ], [ 27.956527710000046, 42.086807252000028 ], [ 27.956527710000046, 42.086528779000162 ], [ 27.956249237000179, 42.086528779000162 ], [ 27.956249237000179, 42.085414887000184 ], [ 27.956806183000083, 42.085414887000184 ], [ 27.956806183000083, 42.085140229 ], [ 27.957082748000118, 42.085140229 ], [ 27.957082748000118, 42.085414887000184 ], [ 27.9587497710001, 42.085414887000184 ], [ 27.9587497710001, 42.085140229 ], [ 27.959583282999972, 42.085140229 ], [ 27.959583282999972, 42.084861756000123 ], [ 27.960138321000102, 42.084861756000123 ], [ 27.960138321000102, 42.084583283000086 ], [ 27.960416794000139, 42.084583283000086 ], [ 27.960416794000139, 42.084304810000049 ], [ 27.960695267000176, 42.084304810000049 ], [ 27.960695267000176, 42.084026337000012 ], [ 27.960971833000144, 42.084026337000012 ], [ 27.960971833000144, 42.083751679000045 ], [ 27.961526871000046, 42.083751679000045 ], [ 27.961526871000046, 42.083473206000178 ], [ 27.961805344000084, 42.083473206000178 ], [ 27.961805344000084, 42.083194733000141 ], [ 27.962638856000126, 42.083194733000141 ], [ 27.962638856000126, 42.082916260000104 ], [ 27.963193894000028, 42.082916260000104 ], [ 27.963193894000028, 42.083194733000141 ], [ 27.963750838000124, 42.083194733000141 ], [ 27.963750838000124, 42.083473206000178 ], [ 27.965139388000068, 42.083473206000178 ], [ 27.965139388000068, 42.08235931400003 ], [ 27.964860915000031, 42.08235931400003 ], [ 27.964860915000031, 42.082084656000063 ], [ 27.964582442000165, 42.082084656000063 ], [ 27.964582442000165, 42.081806183000026 ], [ 27.964305877000129, 42.081806183000026 ], [ 27.964305877000129, 42.081527710000159 ], [ 27.964027404000092, 42.081527710000159 ], [ 27.964027404000092, 42.079303741000103 ], [ 27.963472365000086, 42.079303741000103 ], [ 27.963472365000086, 42.07902908300008 ], [ 27.962917329000163, 42.07902908300008 ], [ 27.962917329000163, 42.078750610000043 ], [ 27.962638856000126, 42.078750610000043 ], [ 27.962638856000126, 42.077640533000135 ], [ 27.962917329000163, 42.077640533000135 ], [ 27.962917329000163, 42.077362062000077 ], [ 27.963193894000028, 42.077362062000077 ], [ 27.963193894000028, 42.07708358900004 ], [ 27.965139388000068, 42.07708358900004 ], [ 27.965139388000068, 42.077362062000077 ], [ 27.965415954000036, 42.077362062000077 ], [ 27.965415954000036, 42.07708358900004 ], [ 27.966249464999976, 42.07708358900004 ], [ 27.966249464999976, 42.076805116 ], [ 27.96680641100005, 42.076805116 ], [ 27.96680641100005, 42.076526643000193 ], [ 27.967638015000148, 42.076526643000193 ], [ 27.967638015000148, 42.076248170000156 ], [ 27.967916488000185, 42.076248170000156 ], [ 27.967916488000185, 42.073749543000076 ], [ 27.968194961000052, 42.073749543000076 ], [ 27.968194961000052, 42.073471070000039 ], [ 27.96847152700019, 42.073471070000039 ], [ 27.96847152700019, 42.073192597000173 ], [ 27.96875, 42.073192597000173 ], [ 27.96875, 42.072917939000035 ], [ 27.969583511000167, 42.072917939000035 ], [ 27.969583511000167, 42.072639466000169 ], [ 27.969861984000033, 42.072639466000169 ], [ 27.969861984000033, 42.072360993000132 ], [ 27.970138550000172, 42.072360993000132 ], [ 27.970138550000172, 42.071529389000034 ], [ 27.969861984000033, 42.071529389000034 ], [ 27.969861984000033, 42.071250916 ], [ 27.969583511000167, 42.071250916 ], [ 27.969583511000167, 42.07097244300013 ], [ 27.96930503800013, 42.07097244300013 ], [ 27.96930503800013, 42.070137024000019 ], [ 27.969028473000094, 42.070137024000019 ], [ 27.969028473000094, 42.069305420000148 ], [ 27.96875, 42.069305420000148 ], [ 27.96875, 42.068473816000107 ], [ 27.969028473000094, 42.068473816000107 ], [ 27.969028473000094, 42.06819534300007 ], [ 27.96930503800013, 42.06819534300007 ], [ 27.96930503800013, 42.067916870000033 ], [ 27.969583511000167, 42.067916870000033 ], [ 27.969583511000167, 42.067638397000167 ], [ 27.970138550000172, 42.067638397000167 ], [ 27.970138550000172, 42.067081453000071 ], [ 27.970417023000039, 42.067081453000071 ], [ 27.970417023000039, 42.066528320000089 ], [ 27.970693588000074, 42.066528320000089 ], [ 27.970693588000074, 42.06624984900003 ], [ 27.970417023000039, 42.06624984900003 ], [ 27.970417023000039, 42.065692903000127 ], [ 27.971250534000148, 42.065692903000127 ], [ 27.971250534000148, 42.065971376000164 ], [ 27.971527100000117, 42.065971376000164 ], [ 27.971527100000117, 42.066528320000089 ], [ 27.971805573000154, 42.066528320000089 ], [ 27.971805573000154, 42.067081453000071 ], [ 27.972639084000093, 42.067081453000071 ], [ 27.972639084000093, 42.066806793000126 ], [ 27.973194123000098, 42.066806793000126 ], [ 27.973194123000098, 42.066528320000089 ], [ 27.973472596000136, 42.066528320000089 ], [ 27.973472596000136, 42.065971376000164 ], [ 27.974306108, 42.065971376000164 ], [ 27.974306108, 42.065692903000127 ], [ 27.977083206000145, 42.065692903000127 ], [ 27.977083206000145, 42.065971376000164 ], [ 27.977361679000182, 42.065971376000164 ], [ 27.977361679000182, 42.06624984900003 ], [ 27.977916717000085, 42.06624984900003 ], [ 27.977916717000085, 42.065692903000127 ], [ 27.978195190000122, 42.065692903000127 ], [ 27.978195190000122, 42.06541824500016 ], [ 27.97847175600009, 42.06541824500016 ], [ 27.97847175600009, 42.064582826000048 ], [ 27.978750229000127, 42.064582826000048 ], [ 27.978750229000127, 42.064304353000182 ], [ 27.979028702000164, 42.064304353000182 ], [ 27.979028702000164, 42.064582826000048 ], [ 27.979305267000029, 42.064582826000048 ], [ 27.979305267000029, 42.064861299000086 ], [ 27.979583740000066, 42.064861299000086 ], [ 27.979583740000066, 42.065139772000123 ], [ 27.979860306000035, 42.065139772000123 ], [ 27.979860306000035, 42.06541824500016 ], [ 27.980693816999974, 42.06541824500016 ], [ 27.980693816999974, 42.065139772000123 ], [ 27.980972290000011, 42.065139772000123 ], [ 27.980972290000011, 42.064861299000086 ], [ 27.981250763000048, 42.064861299000086 ], [ 27.981250763000048, 42.063751222000121 ], [ 27.981527329000016, 42.063751222000121 ], [ 27.981527329000016, 42.063194276000047 ], [ 27.982082367000146, 42.063194276000047 ], [ 27.982084275000091, 42.062915802000134 ], [ 27.982360840000183, 42.062915802000134 ], [ 27.982360840000183, 42.062637329000097 ], [ 27.98263931300005, 42.062637329000097 ], [ 27.98263931300005, 42.062362672000177 ], [ 27.983194352000055, 42.062362672000177 ], [ 27.983194352000055, 42.062637329000097 ], [ 27.983749390000128, 42.062637329000097 ], [ 27.983749390000128, 42.062915802000134 ], [ 27.984027863000165, 42.062915802000134 ], [ 27.984027863000165, 42.063194276000047 ], [ 27.984306336000031, 42.063194276000047 ], [ 27.984306336000031, 42.063751222000121 ], [ 27.98458290200017, 42.063751222000121 ], [ 27.98458290200017, 42.064304353000182 ], [ 27.984861375000037, 42.064304353000182 ], [ 27.984861375000037, 42.064582826000048 ], [ 27.987083434000112, 42.064582826000048 ], [ 27.987083434000112, 42.064304353000182 ], [ 27.98736190700015, 42.064304353000182 ], [ 27.98736190700015, 42.064582826000048 ], [ 27.988750457000094, 42.064582826000048 ], [ 27.988750457000094, 42.064304353000182 ], [ 27.9893054960001, 42.064304353000182 ], [ 27.9893054960001, 42.064025879000042 ], [ 27.990139007000096, 42.064025879000042 ], [ 27.990139007000096, 42.063751222000121 ], [ 27.991806030000077, 42.063751222000121 ], [ 27.991806030000077, 42.063472749000084 ], [ 27.992082596000046, 42.063472749000084 ], [ 27.992082596000046, 42.062637329000097 ], [ 27.992361069000083, 42.062637329000097 ], [ 27.992361069000083, 42.061248779000152 ], [ 27.99263954200012, 42.061248779000152 ], [ 27.99263954200012, 42.060974122000061 ], [ 27.993473053000059, 42.060970306000115 ], [ 27.993473053000059, 42.060417175000055 ], [ 27.993749619000027, 42.060417175000055 ], [ 27.993749619000027, 42.059860229000151 ], [ 27.994028092000065, 42.059860229000151 ], [ 27.994028092000065, 42.05902862500011 ], [ 27.993749619000027, 42.05902862500011 ], [ 27.993749619000027, 42.058750152000073 ], [ 27.993473053000059, 42.058750152000073 ], [ 27.993473053000059, 42.058471679000036 ], [ 27.993194580000193, 42.058471679000036 ], [ 27.993194580000193, 42.058193206000169 ], [ 27.992916107000156, 42.058193206000169 ], [ 27.992916107000156, 42.057918548000032 ], [ 27.99152755700004, 42.057918548000032 ], [ 27.99152755700004, 42.058193206000169 ], [ 27.990972519000138, 42.058193206000169 ], [ 27.990972519000138, 42.057918548000032 ], [ 27.990694046000101, 42.057918548000032 ], [ 27.990694046000101, 42.057640075000165 ], [ 27.990417480000133, 42.057640075000165 ], [ 27.990417480000133, 42.057083129000091 ], [ 27.989860534000059, 42.057083129000091 ], [ 27.989860534000059, 42.056804656000054 ], [ 27.989583969000137, 42.056804656000054 ], [ 27.989583969000137, 42.056526183000187 ], [ 27.988750457000094, 42.056526183000187 ], [ 27.988750457000094, 42.056251525 ], [ 27.98736190700015, 42.056251525 ], [ 27.98736190700015, 42.055973052000127 ], [ 27.987083434000112, 42.055973052000127 ], [ 27.987083434000112, 42.05569457900009 ], [ 27.986804961000075, 42.05569457900009 ], [ 27.986804961000075, 42.055416108000088 ], [ 27.985971452000115, 42.055416108000088 ], [ 27.985971452000115, 42.055137635000051 ], [ 27.98541641300011, 42.055137635000051 ], [ 27.98541641300011, 42.053470612000069 ], [ 27.985694886000147, 42.053470612000069 ], [ 27.985694886000147, 42.053195954000046 ], [ 27.987083434000112, 42.053195954000046 ], [ 27.987083434000112, 42.053470612000069 ], [ 27.98736190700015, 42.053470612000069 ], [ 27.98736190700015, 42.053749085000106 ], [ 27.987916946000155, 42.053749085000106 ], [ 27.987916946000155, 42.054027558000143 ], [ 27.988471984000057, 42.054027558000143 ], [ 27.988471984000057, 42.053749085000106 ], [ 27.9893054960001, 42.053749085000106 ], [ 27.9893054960001, 42.053470612000069 ], [ 27.990417480000133, 42.053470612000069 ], [ 27.990417480000133, 42.053195954000046 ], [ 27.990694046000101, 42.053195954000046 ], [ 27.990694046000101, 42.052639008000142 ], [ 27.990972519000138, 42.052639008000142 ], [ 27.990972519000138, 42.052082062000068 ], [ 27.991249084000174, 42.052082062000068 ], [ 27.991249084000174, 42.05097198500016 ], [ 27.99152755700004, 42.05097198500016 ], [ 27.99152755700004, 42.050415039000086 ], [ 27.992082596000046, 42.050415039000086 ], [ 27.992082596000046, 42.050140381000119 ], [ 27.992361069000083, 42.050140381000119 ], [ 27.992361069000083, 42.049861908000082 ], [ 27.99263954200012, 42.049861908000082 ], [ 27.99263954200012, 42.049583435000045 ], [ 27.992361069000083, 42.049583435000045 ], [ 27.992361069000083, 42.049304962000178 ], [ 27.99263954200012, 42.049304962000178 ], [ 27.99263954200012, 42.049026489000141 ], [ 27.992361069000083, 42.049026489000141 ], [ 27.992361069000083, 42.048751831000118 ], [ 27.992082596000046, 42.048751831000118 ], [ 27.992082596000046, 42.048473358000081 ], [ 27.990972519000138, 42.048473358000081 ], [ 27.990972519000138, 42.047637938999969 ], [ 27.99152755700004, 42.047637938999969 ], [ 27.99152755700004, 42.04735946600016 ], [ 27.991806030000077, 42.04735946600016 ], [ 27.991806030000077, 42.046806335000099 ], [ 27.992082596000046, 42.046806335000099 ], [ 27.992082596000046, 42.046249389000025 ], [ 27.99263954200012, 42.046249389000025 ], [ 27.99263954200012, 42.045970916000158 ], [ 27.993749619000027, 42.045970916000158 ], [ 27.993749619000027, 42.045696258000191 ], [ 27.994861603, 42.045696258000191 ], [ 27.994861603, 42.045970916000158 ], [ 27.995138168999972, 42.045970916000158 ], [ 27.995138168999972, 42.046249389000025 ], [ 27.995971680000139, 42.046249389000025 ], [ 27.995971680000139, 42.045970916000158 ], [ 27.997083665000048, 42.045970916000158 ], [ 27.997083665000048, 42.046249389000025 ], [ 27.998193740000147, 42.046249389000025 ], [ 27.998193740000147, 42.045970916000158 ], [ 27.998472213000184, 42.045970916000158 ], [ 27.998472213000184, 42.045417785000154 ], [ 27.998750686, 42.045417785000154 ], [ 27.998750686, 42.04486083900008 ], [ 27.999860763000129, 42.04486083900008 ], [ 28.000139236000166, 42.04486083900008 ], [ 28.000415801000031, 42.04486083900008 ], [ 28.000415801000031, 42.044303894999985 ], [ 28.000694274000068, 42.044303894999985 ], [ 28.000694274000068, 42.044029235000039 ], [ 28.001249313000073, 42.044029235000039 ], [ 28.001249313000073, 42.043750762000172 ], [ 28.001806259000148, 42.043750762000172 ], [ 28.001806259000148, 42.04291534500004 ], [ 28.002082824000013, 42.04291534500004 ], [ 28.002082824000013, 42.042640687000073 ], [ 28.003194809000092, 42.042640687000073 ], [ 28.003194809000092, 42.042362214000036 ], [ 28.003749847000051, 42.042362214000036 ], [ 28.003749847000051, 42.04208374100017 ], [ 28.004583359000094, 42.04208374100017 ], [ 28.004583359000094, 42.041805268000132 ], [ 28.005138397000167, 42.041805268000132 ], [ 28.005138397000167, 42.039306641000053 ], [ 28.005416870000033, 42.039306641000053 ], [ 28.005416870000033, 42.038192749000075 ], [ 28.005138397000167, 42.038192749000075 ], [ 28.005138397000167, 42.037082672000167 ], [ 28.004861832000131, 42.037082672000167 ], [ 28.004861832000131, 42.03680419900013 ], [ 28.003194809000092, 42.03680419900013 ], [ 28.003194809000092, 42.036251068000126 ], [ 28.003471374000185, 42.036251068000126 ], [ 28.003471374000185, 42.035694122000052 ], [ 28.003749847000051, 42.035694122000052 ], [ 28.003749847000051, 42.035415649000186 ], [ 28.004028320000089, 42.035415649000186 ], [ 28.004028320000089, 42.035137176000148 ], [ 28.004304886000057, 42.035137176000148 ], [ 28.004304886000057, 42.034584045000088 ], [ 28.004583359000094, 42.034584045000088 ], [ 28.004583359000094, 42.034305572000051 ], [ 28.004861832000131, 42.034305572000051 ], [ 28.004861832000131, 42.034027099000014 ], [ 28.005416870000033, 42.034027099000014 ], [ 28.005416870000033, 42.034305572000051 ], [ 28.007083894000118, 42.034305572000051 ], [ 28.007083894000118, 42.034027099000014 ], [ 28.008472444000063, 42.034027099000014 ], [ 28.008472444000063, 42.033748625999976 ], [ 28.009027482000135, 42.033748625999976 ], [ 28.009027482000135, 42.03347396800018 ], [ 28.009582519000162, 42.03347396800018 ], [ 28.009582519000162, 42.033195495000143 ], [ 28.010139465000066, 42.033195495000143 ], [ 28.010139465000066, 42.032917022000106 ], [ 28.010416030000101, 42.032917022000106 ], [ 28.010416030000101, 42.032638549000069 ], [ 28.010694503000138, 42.032638549000069 ], [ 28.010694503000138, 42.03208160500003 ], [ 28.010972976000176, 42.03208160500003 ], [ 28.010972976000176, 42.03152847400014 ], [ 28.012361526000177, 42.03152847400014 ], [ 28.012361526000177, 42.031250001000103 ], [ 28.012638092000145, 42.031250001000103 ], [ 28.012638092000145, 42.030971528000066 ], [ 28.012916565000182, 42.030971528000066 ], [ 28.012916565000182, 42.030418397000062 ], [ 28.013195038, 42.030418397000062 ], [ 28.013195038, 42.030139924000025 ], [ 28.013471603000085, 42.030139924000025 ], [ 28.013471603000085, 42.029861451000158 ], [ 28.013750076000122, 42.029861451000158 ], [ 28.013750076000122, 42.029582978000121 ], [ 28.014028549000159, 42.029582978000121 ], [ 28.014028549000159, 42.029304505000084 ], [ 28.013750076000122, 42.029304505000084 ], [ 28.013750076000122, 42.029026032000047 ], [ 28.014583588000164, 42.029026032000047 ], [ 28.014583588000164, 42.02875137400008 ], [ 28.014860153000029, 42.02875137400008 ], [ 28.014862061000031, 42.028194428000177 ], [ 28.015138626000066, 42.028194428000177 ], [ 28.015138626000066, 42.02791595500014 ], [ 28.015417099000103, 42.02791595500014 ], [ 28.015417099000103, 42.027637482000102 ], [ 28.015693665000072, 42.027637482000102 ], [ 28.015693665000072, 42.027084351000042 ], [ 28.015972138000109, 42.027084351000042 ], [ 28.015972138000109, 42.026527404999968 ], [ 28.015693665000072, 42.026527404999968 ], [ 28.015693665000072, 42.025970459000121 ], [ 28.015417099000103, 42.025970459000121 ], [ 28.015417099000103, 42.02541732800006 ], [ 28.015138626000066, 42.02541732800006 ], [ 28.015138626000066, 42.024860382000156 ], [ 28.014862061000031, 42.024860382000156 ], [ 28.014860153000029, 42.024581909000119 ], [ 28.013195038, 42.024581909000119 ], [ 28.013195038, 42.024860382000156 ], [ 28.01208305300014, 42.024860382000156 ], [ 28.01208305300014, 42.024307251000153 ], [ 28.011806488000047, 42.024307251000153 ], [ 28.011804580000103, 42.024028778000115 ], [ 28.010972976000176, 42.024028778000115 ], [ 28.010972976000176, 42.023750305000078 ], [ 28.009305953000023, 42.023750305000078 ], [ 28.009305953000023, 42.022361755000134 ], [ 28.009582519000162, 42.022361755000134 ], [ 28.009582519000162, 42.022083282000096 ], [ 28.009860992000029, 42.022083282000096 ], [ 28.009860992000029, 42.021526338000172 ], [ 28.010139465000066, 42.021526338000172 ], [ 28.010139465000066, 42.021251678 ], [ 28.01208305300014, 42.021251678 ], [ 28.01208305300014, 42.021526338000172 ], [ 28.012361526000177, 42.021526338000172 ], [ 28.012361526000177, 42.021804809000059 ], [ 28.012916565000182, 42.021804809000059 ], [ 28.012916565000182, 42.022083282000096 ], [ 28.013195038, 42.022083282000096 ], [ 28.013195038, 42.021804809000059 ], [ 28.013750076000122, 42.021804809000059 ], [ 28.013750076000122, 42.021526338000172 ], [ 28.014305115000127, 42.021526338000172 ], [ 28.014305115000127, 42.021251678 ], [ 28.015417099000103, 42.021251678 ], [ 28.015417099000103, 42.020973205000132 ], [ 28.016527176000011, 42.020973205000132 ], [ 28.016527176000011, 42.020694734000131 ], [ 28.017639161000091, 42.020694734000131 ], [ 28.017639161000091, 42.020137788000056 ], [ 28.017915726000183, 42.020137788000056 ], [ 28.017915726000183, 42.019584657 ], [ 28.01819419900005, 42.019584657 ], [ 28.01819419900005, 42.015972138000166 ], [ 28.018472672000087, 42.015972138000166 ], [ 28.018472672000087, 42.015415192000091 ], [ 28.018749238000055, 42.015415192000091 ], [ 28.018749238000055, 42.014862061000088 ], [ 28.019027711000092, 42.014862061000088 ], [ 28.019027711000092, 42.01374816900011 ], [ 28.018749238000055, 42.01374816900011 ], [ 28.018749238000055, 42.012916565000012 ], [ 28.019306184000129, 42.012916565000012 ], [ 28.019306184000129, 42.012638091999975 ], [ 28.020139693000033, 42.012638091999975 ], [ 28.020139693000033, 42.012359619000165 ], [ 28.019582749000165, 42.012359619000165 ], [ 28.019582749000165, 42.012084961000141 ], [ 28.019306184000129, 42.012084961000141 ], [ 28.019306184000129, 42.011806488000104 ], [ 28.018749238000055, 42.011806488000104 ], [ 28.018749238000055, 42.01124954200003 ], [ 28.019027711000092, 42.01124954200003 ], [ 28.019027711000092, 42.010971069000163 ], [ 28.019306184000129, 42.010971069000163 ], [ 28.019306184000129, 42.010692596000126 ], [ 28.019861222000031, 42.010692596000126 ], [ 28.019861222000031, 42.01041793800016 ], [ 28.020139693000033, 42.01041793800016 ], [ 28.020139693000033, 42.010139465000123 ], [ 28.020416261000037, 42.010139465000123 ], [ 28.020416261000037, 42.009860992000085 ], [ 28.020694732000038, 42.009860992000085 ], [ 28.020694732000038, 42.009582521000027 ], [ 28.020971299000109, 42.009582521000027 ], [ 28.020971299000109, 42.009304048 ], [ 28.021249770000168, 42.009304048 ], [ 28.021249770000168, 42.008750917000157 ], [ 28.021528243000034, 42.008750917000157 ], [ 28.021528243000034, 42.00847244400012 ], [ 28.021249770000168, 42.00847244400012 ], [ 28.021249770000168, 42.008193971000082 ], [ 28.020971299000109, 42.008193971000082 ], [ 28.020971299000109, 42.007915498000045 ], [ 28.020139693000033, 42.007915498000045 ], [ 28.020139693000033, 42.007362367000042 ], [ 28.019861222000031, 42.007362367000042 ], [ 28.019861222000031, 42.007083894000175 ], [ 28.021528243000034, 42.007083894000175 ], [ 28.021528243000034, 42.006805421000138 ], [ 28.021804809000173, 42.006805421000138 ], [ 28.021804809000173, 42.006526948000101 ], [ 28.02208328200004, 42.006526948000101 ], [ 28.02208328200004, 42.006248475000064 ], [ 28.022638320000112, 42.006248475000064 ], [ 28.022638320000112, 42.00597381700004 ], [ 28.022916793000149, 42.00597381700004 ], [ 28.022916793000149, 42.005695344 ], [ 28.023195266000187, 42.005695344 ], [ 28.023195266000187, 42.005416871000193 ], [ 28.023471832000155, 42.005416871000193 ], [ 28.023471832000155, 42.005138398000156 ], [ 28.024026870000057, 42.005138398000156 ], [ 28.024026870000057, 42.004859925000119 ], [ 28.022361755000077, 42.004859925000119 ], [ 28.022361755000077, 42.004028321000192 ], [ 28.022638320000112, 42.004028321000192 ], [ 28.022638320000112, 42.003749848000155 ], [ 28.023471832000155, 42.003749848000155 ], [ 28.023471832000155, 42.003471375000117 ], [ 28.023750305000192, 42.003471375000117 ], [ 28.023750305000192, 42.002918244000114 ], [ 28.024026870000057, 42.002918244000114 ], [ 28.024026870000057, 42.002639771000077 ], [ 28.024305343000094, 42.002639771000077 ], [ 28.024305343000094, 42.002361298000039 ], [ 28.025417328000174, 42.002361298000039 ], [ 28.025417328000174, 42.002082825000173 ], [ 28.025693893000096, 42.002082825000173 ], [ 28.025693893000096, 42.001525879000098 ], [ 28.025972366000133, 42.001525879000098 ], [ 28.025972366000133, 42.001251221000132 ], [ 28.02625083900017, 42.001251221000132 ], [ 28.02625083900017, 42.000972748000095 ], [ 28.026805878000175, 42.000972748000095 ], [ 28.026805878000175, 42.000694275000058 ], [ 28.02708244300004, 42.000694275000058 ], [ 28.02708244300004, 42.000415802000191 ], [ 28.027639389000115, 42.000415802000191 ], [ 28.027639389000115, 42.000137329000154 ], [ 28.027360916000077, 42.000137329000154 ], [ 28.027360916000077, 41.99986267100013 ], [ 28.027360916000077, 41.999305725000056 ], [ 28.027639389000115, 41.999305725000056 ], [ 28.027639389000115, 41.999027252000019 ], [ 28.027360916000077, 41.999027252000019 ], [ 28.027360916000077, 41.998748780000085 ], [ 28.02819442800012, 41.998748780000085 ], [ 28.02819442800012, 41.998474121000186 ], [ 28.028749466000193, 41.998470307000048 ], [ 28.028749466000193, 41.998195648000149 ], [ 28.030138015999967, 41.998195648000149 ], [ 28.030138015999967, 41.997917175000111 ], [ 28.030694962000041, 41.997917175000111 ], [ 28.030694962000041, 41.997638703000177 ], [ 28.030971528, 41.997638703000177 ], [ 28.030971528, 41.99736023000014 ], [ 28.031250001000046, 41.99736023000014 ], [ 28.031250001000046, 41.997081757000103 ], [ 28.031528472000105, 41.997081757000103 ], [ 28.031528472000105, 41.996807100000183 ], [ 28.031805039000176, 41.996807100000183 ], [ 28.031805039000176, 41.995971680000025 ], [ 28.032083510000177, 41.995971680000025 ], [ 28.032083510000177, 41.995693207000159 ], [ 28.032638549000183, 41.995693207000159 ], [ 28.032638549000183, 41.995418550000068 ], [ 28.032917022000049, 41.995414734000121 ], [ 28.032917022000049, 41.995140076000098 ], [ 28.033193587000142, 41.995140076000098 ], [ 28.033193587000142, 41.994861603000061 ], [ 28.033472060000179, 41.994861603000061 ], [ 28.033472060000179, 41.994583130000024 ], [ 28.033750532999989, 41.994583130000024 ], [ 28.033750532999989, 41.994304656999986 ], [ 28.034027099000184, 41.994304656999986 ], [ 28.034027099000184, 41.990970611000193 ], [ 28.034305572, 41.990970611000193 ], [ 28.034305572, 41.990695953 ], [ 28.034584045000031, 41.990695953 ], [ 28.034584045000031, 41.989860534000115 ], [ 28.034860610000123, 41.989860534000115 ], [ 28.034860610000123, 41.988193511000077 ], [ 28.035139083000161, 41.988193511000077 ], [ 28.035139083000161, 41.98791503800004 ], [ 28.035417556000027, 41.98791503800004 ], [ 28.035417556000027, 41.987640380000073 ], [ 28.035694122000166, 41.987640380000073 ], [ 28.035694122000166, 41.987083434000169 ], [ 28.035972595000032, 41.987083434000169 ], [ 28.035972595000032, 41.985694886000033 ], [ 28.036249160000068, 41.985694886000033 ], [ 28.036249160000068, 41.985416413000166 ], [ 28.036527633000105, 41.985416413000166 ], [ 28.036527633000105, 41.984859467000092 ], [ 28.036249160000068, 41.984859467000092 ], [ 28.036249160000068, 41.984584809000125 ], [ 28.036527633000105, 41.984584809000125 ], [ 28.036527633000105, 41.984027863000051 ], [ 28.036249160000068, 41.984027863000051 ], [ 28.036249160000068, 41.983196259000181 ], [ 28.035972595000032, 41.983196259000181 ], [ 28.035972595000032, 41.982917786000144 ], [ 28.035417556000027, 41.982917786000144 ], [ 28.035417556000027, 41.982639313000107 ], [ 28.034860610000123, 41.982639313000107 ], [ 28.034860610000123, 41.982360840000069 ], [ 28.034662246000039, 41.982360840000069 ], [ 28.031341553000175, 41.987037659 ], [ 28.017227174000027, 41.98601913400006 ], [ 28.017112731000054, 41.986026765000076 ], [ 28.017709732000185, 41.983898163000163 ], [ 28.019348144000048, 41.981025695000142 ], [ 28.015430450000053, 41.978748321000182 ], [ 28.007322312000099, 41.977840424000135 ], [ 27.996269227000141, 41.976528166999969 ], [ 27.995010376000153, 41.976379395000095 ], [ 27.994058608000103, 41.976268768000125 ], [ 27.977924347000169, 41.976772308000193 ], [ 27.976867675000165, 41.976802827000142 ], [ 27.976026536000063, 41.976886749000187 ], [ 27.965911865000123, 41.984104157000161 ], [ 27.965316772000165, 41.984523774000138 ], [ 27.960639953, 41.983470917000147 ], [ 27.957426072000089, 41.978889465000123 ], [ 27.939899445000094, 41.97238540800015 ], [ 27.937862395000138, 41.977764130000025 ], [ 27.931438446000186, 41.974792481000065 ], [ 27.91917419400005, 41.977565766000112 ], [ 27.917133331000059, 41.972618104000048 ], [ 27.915962219000164, 41.969779968000068 ], [ 27.91187477200009, 41.970394135000163 ], [ 27.911523817999978, 41.970703124000067 ], [ 27.909543991000078, 41.972438813000053 ], [ 27.902822495000066, 41.968566894000048 ], [ 27.896690368000122, 41.968894959000068 ], [ 27.88939857400004, 41.973800659000119 ], [ 27.88852119500001, 41.976093292000144 ], [ 27.890565871000092, 41.981914520000089 ], [ 27.888809204000154, 41.984176636000029 ], [ 27.887714385000038, 41.98426055900012 ], [ 27.877477646000102, 41.984962464000034 ], [ 27.876241685000082, 41.985050201000092 ], [ 27.874345779000066, 41.986103058000083 ], [ 27.8591403960001, 41.994544984000072 ], [ 27.856300353, 41.996139526000036 ], [ 27.851890564000087, 41.996574402000135 ], [ 27.849266053000122, 41.994922639000151 ], [ 27.849338532000161, 41.993900299000131 ], [ 27.849893570000063, 41.986038208000025 ], [ 27.846382141000049, 41.983673097000178 ], [ 27.843160630000057, 41.983413697 ], [ 27.842235564000077, 41.991626740000015 ], [ 27.840652465000119, 41.991546631000062 ], [ 27.837833405000083, 41.991401672000052 ], [ 27.837625503000083, 41.990242005000141 ], [ 27.836408616000028, 41.983413697 ], [ 27.8290462490001, 41.983695983000132 ], [ 27.822761536000144, 41.986026765000076 ], [ 27.821020127000168, 41.986675263000052 ], [ 27.819873809, 41.985683441000049 ], [ 27.813037872999985, 41.979782105000083 ], [ 27.810735703000148, 41.970623017999969 ], [ 27.81285858200016, 41.965843200999984 ], [ 27.81554412800017, 41.964584350000052 ], [ 27.816190719000076, 41.958908081000118 ], [ 27.815608979000103, 41.95727539000012 ], [ 27.815204620000145, 41.956150055000194 ], [ 27.814424516000088, 41.953987121000125 ], [ 27.816543580000086, 41.951095580000072 ], [ 27.819227218000094, 41.950550080000028 ], [ 27.819824219000168, 41.950859069000103 ], [ 27.821514130000139, 41.951778412000067 ], [ 27.823043822000045, 41.952610016000108 ], [ 27.824256897000112, 41.953281403000176 ], [ 27.826917649000166, 41.951400757000158 ], [ 27.827438355000083, 41.945426942000154 ], [ 27.824390411000138, 41.942348480000192 ], [ 27.820222855000111, 41.941001892000145 ], [ 27.81641960200011, 41.941379547000054 ], [ 27.815378188000125, 41.943119049000074 ], [ 27.814390182000068, 41.944774629000108 ], [ 27.806503297000063, 41.943809509000175 ], [ 27.806295395000063, 41.942691804000162 ], [ 27.805280685000128, 41.937229156000114 ], [ 27.802497864000031, 41.93573379500009 ], [ 27.799423218000186, 41.936691285000109 ], [ 27.799312592000092, 41.937324525000065 ], [ 27.798559190000105, 41.941669464000142 ], [ 27.794713974999979, 41.943897248000098 ], [ 27.789243698000064, 41.942596437000191 ], [ 27.783124924000106, 41.941139221000071 ], [ 27.778879165000035, 41.944854736000082 ], [ 27.777561188000163, 41.946006774000182 ], [ 27.774761200000114, 41.945404053000118 ], [ 27.773605346000068, 41.945156097000051 ], [ 27.77316856300007, 41.945617676000154 ], [ 27.772451401000069, 41.946372986000085 ], [ 27.778720855000131, 41.954238892000092 ], [ 27.77663040200008, 41.955699921000075 ], [ 27.770067215000154, 41.958240510000053 ], [ 27.765233993000095, 41.955493927000077 ], [ 27.763614655000083, 41.954574586000149 ], [ 27.760488511000062, 41.956306457000153 ], [ 27.754121780000048, 41.95983886700003 ] ] ] ] } },
{ "type": "Feature", "properties": { "fid": 216, "GID_2": "BGR.24.1_1", "GID_0": "BGR", "COUNTRY": "Bulgaria", "GID_1": "BGR.24_1", "NAME_1": "Varna", "NL_NAME_1": "Варна", "NAME_2": "Aksakovo", "VARNAME_2": "NA", "NL_NAME_2": "Аксаково", "TYPE_2": "Obshtina", "ENGTYPE_2": "Municipality", "CC_2": "NA", "HASC_2": "BG.VN.AK" }, "geometry": { "type": "MultiPolygon", "coordinates": [ [ [ [ 27.973876953000115, 43.395011901000032 ], [ 27.974523545000181, 43.393650055000137 ], [ 27.976894379000044, 43.390056610999977 ], [ 27.979185104000123, 43.388027191000106 ], [ 27.981588364, 43.386444092000147 ], [ 27.983772279000164, 43.384860993000189 ], [ 27.985094071000105, 43.383293152000192 ], [ 27.986831665000182, 43.381999969000049 ], [ 27.989423751000061, 43.380107880000082 ], [ 27.990726470000084, 43.378524781000124 ], [ 27.992050172000177, 43.375808716000165 ], [ 27.993328094000049, 43.373916625000049 ], [ 27.994819641000106, 43.372035980000135 ], [ 27.99629783600011, 43.369842529000096 ], [ 27.998386384000071, 43.366924285000039 ], [ 28.000034333000087, 43.36529159600002 ], [ 28.001861572, 43.363639831000057 ], [ 28.004285813000138, 43.361373902000082 ], [ 28.006294251000043, 43.359714506999978 ], [ 28.008861542000091, 43.357273103000125 ], [ 28.011783599000012, 43.35425186100008 ], [ 28.013881682000147, 43.351230622000173 ], [ 28.014257430000157, 43.350486755000134 ], [ 28.0153903960001, 43.348678590000191 ], [ 28.016313554000135, 43.34660720800008 ], [ 28.01704597500003, 43.344676972000059 ], [ 28.017576218000158, 43.342769623000038 ], [ 28.018461227000103, 43.340240479000045 ], [ 28.019334793000098, 43.33729171900012 ], [ 28.019655228000033, 43.335243225000113 ], [ 28.02033805800005, 43.332733155000085 ], [ 28.020664215000124, 43.330963135000161 ], [ 28.021301270000151, 43.327297211000086 ], [ 28.022119523000072, 43.323608398000147 ], [ 28.022796630000073, 43.321533203000115 ], [ 28.023653030000048, 43.319446565000135 ], [ 28.024671555000054, 43.31648254400011 ], [ 28.025697708000109, 43.314083099000072 ], [ 28.026382446000127, 43.312595367000085 ], [ 28.027240753000171, 43.310649873000045 ], [ 28.028480529000092, 43.308689118000075 ], [ 28.032617570000127, 43.30069732700008 ], [ 28.029550552000046, 43.299858093000125 ], [ 28.027953791000186, 43.299199562000069 ], [ 28.026969910000048, 43.298793793000186 ], [ 28.025545145000024, 43.298044193000123 ], [ 28.021786001, 43.296066000000167 ], [ 28.019050367000148, 43.293294326000137 ], [ 28.017080307000072, 43.291297913000108 ], [ 28.015557785, 43.289615862000062 ], [ 28.01500511200004, 43.289005279000094 ], [ 28.009619559000043, 43.284675355000161 ], [ 28.008884430000023, 43.28408432100008 ], [ 28.007542372000046, 43.282360046000122 ], [ 28.005609512000149, 43.279876709000121 ], [ 27.998895645, 43.274993897000058 ], [ 27.996536255000024, 43.27249527000015 ], [ 27.994503831000088, 43.271784285000024 ], [ 27.992795944000079, 43.271186829000158 ], [ 27.991653115000133, 43.270823143000086 ], [ 27.989343643000154, 43.270088197000064 ], [ 27.984430312000143, 43.268188476000148 ], [ 27.977773665000143, 43.26619720500014 ], [ 27.970235825000145, 43.263809205000086 ], [ 27.96004867500011, 43.261154176000048 ], [ 27.948762893000151, 43.259857178000061 ], [ 27.944124390000184, 43.260618562000161 ], [ 27.941326142000094, 43.26107788000013 ], [ 27.932926179000049, 43.261058807000097 ], [ 27.92548561000001, 43.261901856000122 ], [ 27.922149659000127, 43.262542724000014 ], [ 27.919115067000064, 43.263877869000112 ], [ 27.916101361000131, 43.265426750000074 ], [ 27.913372040000127, 43.268703460000154 ], [ 27.910341263000134, 43.27198028600003 ], [ 27.909945185000026, 43.27381033000006 ], [ 27.909406662000151, 43.27629852300015 ], [ 27.907268524000187, 43.27954864600008 ], [ 27.906248937999976, 43.281715066000061 ], [ 27.906045938000091, 43.282146408000074 ], [ 27.905721664000055, 43.284950256000059 ], [ 27.90541476500016, 43.28552832500003 ], [ 27.904804001000059, 43.286678 ], [ 27.904779001000122, 43.289046999000163 ], [ 27.903935790000105, 43.290544116000149 ], [ 27.903562596000143, 43.291206271000135 ], [ 27.900518418000161, 43.292755127000021 ], [ 27.899256946000037, 43.293563381000126 ], [ 27.897773742000084, 43.294513702000131 ], [ 27.896082056000068, 43.295303389000026 ], [ 27.895934999000076, 43.2953720000001 ], [ 27.895714994000059, 43.29543230000013 ], [ 27.892593384000065, 43.296287537000126 ], [ 27.890621186000146, 43.297164916000156 ], [ 27.890378011000166, 43.297229833000074 ], [ 27.888035001000105, 43.297854999000094 ], [ 27.886055741000121, 43.298026512000035 ], [ 27.885299682000039, 43.298091888999977 ], [ 27.883029938000163, 43.297908783000139 ], [ 27.880294800000172, 43.297397614000033 ], [ 27.879484018000028, 43.296958957000072 ], [ 27.878180001000089, 43.296252999000103 ], [ 27.87470099900014, 43.293621 ], [ 27.87229199900014, 43.291477 ], [ 27.870486378000066, 43.290220703000102 ], [ 27.868959426000174, 43.289157868000189 ], [ 27.867213399000036, 43.287176023000086 ], [ 27.866233826000098, 43.286064148000037 ], [ 27.865161316000183, 43.285316793999982 ], [ 27.862144470000146, 43.283214570000155 ], [ 27.857950085000084, 43.280289399000139 ], [ 27.857593535999968, 43.280040741000164 ], [ 27.856069565000098, 43.278980256000125 ], [ 27.8552525180001, 43.278697563000094 ], [ 27.854261398000176, 43.278354645000093 ], [ 27.853206354000065, 43.278081454000187 ], [ 27.852287293000131, 43.277843475999987 ], [ 27.849903739000126, 43.277503893000073 ], [ 27.848779678000085, 43.277343750000057 ], [ 27.847725863000051, 43.277284575000067 ], [ 27.845586776000061, 43.277164459000062 ], [ 27.843149185000073, 43.277084350000109 ], [ 27.841318567000144, 43.27704841700006 ], [ 27.839651108000112, 43.277015687000187 ], [ 27.83841902100005, 43.276934979000089 ], [ 27.836913999000046, 43.27683599900007 ], [ 27.828852, 43.276062 ], [ 27.828346583000098, 43.276046286000167 ], [ 27.826278685999966, 43.275981903000059 ], [ 27.825280583999984, 43.275817038000014 ], [ 27.822006000000158, 43.27527600000019 ], [ 27.820401185000151, 43.274749229000065 ], [ 27.818206788, 43.274028779000105 ], [ 27.817115065, 43.273406714000089 ], [ 27.814859000000126, 43.272121 ], [ 27.813738403000059, 43.271260647000076 ], [ 27.813339233000079, 43.270954133000089 ], [ 27.812122345000091, 43.268814087000123 ], [ 27.813337305000061, 43.266414684000097 ], [ 27.81501197800003, 43.264781951000145 ], [ 27.816078186000141, 43.263473510000154 ], [ 27.817899704000183, 43.261291505000145 ], [ 27.818208695000067, 43.258258820000151 ], [ 27.817134858000145, 43.256011963000105 ], [ 27.815447160000133, 43.254038048000155 ], [ 27.81485176100017, 43.253341675000172 ], [ 27.813383953000027, 43.252362603000165 ], [ 27.811352001000159, 43.251007000000186 ], [ 27.809808636000071, 43.249780834000148 ], [ 27.809215547000122, 43.249309541000173 ], [ 27.805574416000184, 43.246871949000081 ], [ 27.803818956999976, 43.246122155000194 ], [ 27.799188614000116, 43.244144439000195 ], [ 27.796517425000161, 43.243939044000172 ], [ 27.794326782000041, 43.243770599000129 ], [ 27.790155411000114, 43.243236542000091 ], [ 27.786052272000177, 43.241885105000108 ], [ 27.784225463000098, 43.241283417000091 ], [ 27.782854446999977, 43.240851613000018 ], [ 27.780870438000079, 43.240226746000133 ], [ 27.777733727000168, 43.2382867930001 ], [ 27.776491001000181, 43.237518001000069 ], [ 27.775890798000148, 43.236903457000039 ], [ 27.773645400000191, 43.234603882000101 ], [ 27.768749238000055, 43.230426789000092 ], [ 27.767063206000046, 43.2297096530001 ], [ 27.765396118000126, 43.229003907000106 ], [ 27.763334274000044, 43.228855133000081 ], [ 27.759998321000182, 43.22835159400006 ], [ 27.753835679000076, 43.227172851000148 ], [ 27.747419358000059, 43.225997926 ], [ 27.744098662999988, 43.224964143000193 ], [ 27.739501953000172, 43.224685670000156 ], [ 27.734407424000096, 43.224983216000055 ], [ 27.730087281000124, 43.224533080000128 ], [ 27.722503661000076, 43.224170685000104 ], [ 27.719736099000045, 43.224422455000138 ], [ 27.715215682000064, 43.224552156000129 ], [ 27.710973740000043, 43.225406646000124 ], [ 27.707742692000068, 43.226787568000134 ], [ 27.705009461000145, 43.226703644000168 ], [ 27.699792862000095, 43.227027894000173 ], [ 27.696075440000186, 43.226406098000041 ], [ 27.691118240000151, 43.225276947000111 ], [ 27.687656403000176, 43.223735810000051 ], [ 27.684444428000063, 43.22273254300012 ], [ 27.682674407000093, 43.221736909000128 ], [ 27.680561066000109, 43.224525452000023 ], [ 27.679368972000077, 43.225681306000126 ], [ 27.677450180000108, 43.227779389000091 ], [ 27.673856736000118, 43.230506897000168 ], [ 27.671213150000085, 43.232265472000051 ], [ 27.667661666000015, 43.235542298000155 ], [ 27.663135529000101, 43.238300323000146 ], [ 27.6603202820001, 43.241184235000048 ], [ 27.659383773000172, 43.242149353000116 ], [ 27.651866913000106, 43.24763488800005 ], [ 27.648841857000093, 43.250358583000093 ], [ 27.64978790300006, 43.250305175000108 ], [ 27.653135299999974, 43.250736238000172 ], [ 27.656242371000133, 43.250972749000084 ], [ 27.658403397000029, 43.251258850000056 ], [ 27.663200379000102, 43.251628875000051 ], [ 27.668275833000109, 43.253097534000119 ], [ 27.67073249800012, 43.255409242000098 ], [ 27.672700882000072, 43.257194518000176 ], [ 27.674915314000145, 43.25952148500005 ], [ 27.67617607, 43.261520385999972 ], [ 27.676692962000175, 43.263362885000106 ], [ 27.677953721000108, 43.265727998000159 ], [ 27.678718567000146, 43.267749787000184 ], [ 27.679731369000081, 43.269390107 ], [ 27.680479049000155, 43.271026611000082 ], [ 27.681962966000071, 43.272285463000117 ], [ 27.683679581000092, 43.273338317000025 ], [ 27.689022064000085, 43.273342132000096 ], [ 27.692184448000091, 43.273239135000154 ], [ 27.698036194000053, 43.272323609000068 ], [ 27.702440261, 43.27198028600003 ], [ 27.705642701000158, 43.272071838000102 ], [ 27.708353043000045, 43.272182465000128 ], [ 27.711807250000106, 43.272079468000072 ], [ 27.715267182000048, 43.271610261000035 ], [ 27.717737198000123, 43.271175386000039 ], [ 27.721208573000183, 43.270526886000027 ], [ 27.724206924000043, 43.270065309000131 ], [ 27.72819328300011, 43.269226074000017 ], [ 27.731449128000122, 43.269325257000162 ], [ 27.734716416000083, 43.269809724000027 ], [ 27.738496780000048, 43.270267486000023 ], [ 27.741022109000028, 43.271503449000079 ], [ 27.743562698000176, 43.273670197000115 ], [ 27.744836807000127, 43.276611328 ], [ 27.746631622000052, 43.280456543000128 ], [ 27.743648529000041, 43.286636353 ], [ 27.74089813300003, 43.290599823000036 ], [ 27.737422943000126, 43.294948577000184 ], [ 27.733722687000181, 43.300224304000153 ], [ 27.732255936000058, 43.302680969999983 ], [ 27.730792999000073, 43.306236265999985 ], [ 27.72513198900009, 43.309906006000062 ], [ 27.71778488200016, 43.314380645000028 ], [ 27.714611054000102, 43.316333772000064 ], [ 27.711465836000116, 43.319026948000158 ], [ 27.708597184000098, 43.323009492000153 ], [ 27.706445694000024, 43.326408385999969 ], [ 27.705030442000179, 43.329238892000092 ], [ 27.698574067000038, 43.336116791000109 ], [ 27.694803238000077, 43.340213776000041 ], [ 27.691768646000185, 43.343769075000125 ], [ 27.690420150000136, 43.347286225000175 ], [ 27.690753936000021, 43.350311279000039 ], [ 27.691345216000116, 43.352020264000089 ], [ 27.692790986000034, 43.354133606000175 ], [ 27.694786072000056, 43.356018066000161 ], [ 27.696493149000162, 43.357475282000109 ], [ 27.697366715000157, 43.359191895000095 ], [ 27.69794845500013, 43.360900880000031 ], [ 27.698549271000104, 43.362831116000052 ], [ 27.697740555000166, 43.365028381 ], [ 27.69664573700004, 43.367015839000146 ], [ 27.694999695000092, 43.369663238000101 ], [ 27.693634033000023, 43.37144851700009 ], [ 27.69171714800018, 43.374317169000108 ], [ 27.68869590700001, 43.377456666000114 ], [ 27.686815261000049, 43.381206512000063 ], [ 27.685159684000098, 43.382774353000173 ], [ 27.683221818000163, 43.383274079000159 ], [ 27.681011199000125, 43.383342744000061 ], [ 27.677675248000071, 43.383037567000088 ], [ 27.674076079000088, 43.382732391000104 ], [ 27.671318055000143, 43.383041383000091 ], [ 27.66939926200007, 43.383552551999969 ], [ 27.666938782000102, 43.384513854000147 ], [ 27.663677215000121, 43.386589051000158 ], [ 27.660432815000092, 43.388217925000106 ], [ 27.656629562000091, 43.390537262000066 ], [ 27.653137208000146, 43.393035889000146 ], [ 27.650732040000094, 43.395309448000035 ], [ 27.647792815000173, 43.397796631 ], [ 27.644588469999974, 43.400966645000153 ], [ 27.642234802000132, 43.404514314000096 ], [ 27.641502380000077, 43.408000947000062 ], [ 27.641725540999971, 43.409809112000175 ], [ 27.64182090800017, 43.410583496000129 ], [ 27.642141343000105, 43.413372039000194 ], [ 27.644395828000029, 43.41782760500007 ], [ 27.64690971400006, 43.422267913000098 ], [ 27.649982453000177, 43.426689148000094 ], [ 27.652196884000148, 43.429191590000187 ], [ 27.659601211000052, 43.432159424000076 ], [ 27.663757323000027, 43.436122894999983 ], [ 27.668746949000024, 43.439834594000047 ], [ 27.672372817, 43.443382263000046 ], [ 27.67575836300017, 43.449340820000032 ], [ 27.679399491000027, 43.453769684 ], [ 27.681415558000083, 43.460414886000081 ], [ 27.683139801000038, 43.464904786000147 ], [ 27.684843064000177, 43.46918869000001 ], [ 27.685989380000024, 43.472175598999968 ], [ 27.686607361000085, 43.477146150000124 ], [ 27.687490463000131, 43.477954865000129 ], [ 27.692287445000034, 43.478683472000114 ], [ 27.69929885900018, 43.479053497000109 ], [ 27.70223999100017, 43.478099822000161 ], [ 27.704828263000081, 43.477458954000042 ], [ 27.707412719000047, 43.476539612000181 ], [ 27.708866119000049, 43.475051879000091 ], [ 27.709590911000134, 43.473594666000054 ], [ 27.711040496000066, 43.470687867000152 ], [ 27.711757660000103, 43.467792511000084 ], [ 27.713188172000173, 43.464595794000161 ], [ 27.713909148000141, 43.462570192000044 ], [ 27.71459579499998, 43.45881652800017 ], [ 27.71567726100011, 43.455337525000175 ], [ 27.71676254200014, 43.452999116000058 ], [ 27.718946457000072, 43.44863891600005 ], [ 27.719665528000178, 43.446613312000125 ], [ 27.721874237, 43.44310379 ], [ 27.723728181000126, 43.441036225000119 ], [ 27.727050781000059, 43.437221527000133 ], [ 27.731575011000132, 43.435092927000028 ], [ 27.736831665000011, 43.432079316 ], [ 27.740604401000098, 43.429687501000103 ], [ 27.742124558000171, 43.429363251000098 ], [ 27.749324798000146, 43.424865723000096 ], [ 27.750839234000011, 43.423969268000121 ], [ 27.753116607999971, 43.421039581000059 ], [ 27.756170273000123, 43.420089721000181 ], [ 27.761541368, 43.418525696000188 ], [ 27.765764236, 43.417263031000061 ], [ 27.768840790000183, 43.417175292000024 ], [ 27.773864745000139, 43.416469574000075 ], [ 27.778509140000097, 43.415771484 ], [ 27.782381057000066, 43.415672302000189 ], [ 27.784719467000116, 43.415317535000042 ], [ 27.788599013000123, 43.414638519000164 ], [ 27.789381027000161, 43.413185120000094 ], [ 27.789781571000105, 43.409461976000046 ], [ 27.789791107000156, 43.4057617200001 ], [ 27.790973664000035, 43.402297975000124 ], [ 27.79331970200019, 43.39966964700011 ], [ 27.797649384000124, 43.395851135000157 ], [ 27.800416947000087, 43.393207549000124 ], [ 27.803178787000149, 43.391139985000109 ], [ 27.805965424000021, 43.388793945000145 ], [ 27.808349609000061, 43.386451722000061 ], [ 27.81155204900017, 43.382102966000161 ], [ 27.813970565000091, 43.377769471000136 ], [ 27.819179536000036, 43.373661041000048 ], [ 27.825199128000179, 43.369544982999969 ], [ 27.828821183000116, 43.367191315000127 ], [ 27.832870483000136, 43.364555359000121 ], [ 27.83567237900013, 43.362491607000095 ], [ 27.841335297000114, 43.359249115000068 ], [ 27.843347549000157, 43.358356476000154 ], [ 27.846967698000128, 43.357429505000141 ], [ 27.850973129000124, 43.357078553000065 ], [ 27.854974746000039, 43.358146668000018 ], [ 27.861358643000017, 43.360298157000159 ], [ 27.866533280000169, 43.36360931500019 ], [ 27.872888565000096, 43.368038177000187 ], [ 27.878425598000035, 43.372772217000033 ], [ 27.882780074000095, 43.376667024000142 ], [ 27.886335373000179, 43.379734040000073 ], [ 27.89226913400006, 43.384178161000136 ], [ 27.897016526000129, 43.38721466100003 ], [ 27.902568816000155, 43.389957429000162 ], [ 27.907733918000133, 43.392154695000045 ], [ 27.913688660000048, 43.39403534000013 ], [ 27.919214249000106, 43.395618439000089 ], [ 27.926235200000065, 43.397068025000124 ], [ 27.932044982999969, 43.397640229000046 ], [ 27.937816620000149, 43.39823913500004 ], [ 27.941675186, 43.398090363000165 ], [ 27.947860718000015, 43.39813232500012 ], [ 27.954898834000062, 43.39823913500004 ], [ 27.959558487000095, 43.398174287000188 ], [ 27.96551704400008, 43.397407531000169 ], [ 27.96768760700013, 43.396957397000051 ], [ 27.973876953000115, 43.395011901000032 ] ] ] ] } },
{ "type": "Feature", "properties": { "fid": 217, "GID_2": "BGR.24.2_1", "GID_0": "BGR", "COUNTRY": "Bulgaria", "GID_1": "BGR.24_1", "NAME_1": "Varna", "NL_NAME_1": "Варна", "NAME_2": "Avren", "VARNAME_2": "NA", "NL_NAME_2": "NA", "TYPE_2": "Obshtina", "ENGTYPE_2": "Municipality", "CC_2": "NA", "HASC_2": "BG.VN.AV" }, "geometry": { "type": "MultiPolygon", "coordinates": [ [ [ [ 27.80908584600013, 43.14273452700013 ], [ 27.814310073000115, 43.141948700000171 ], [ 27.820035934000032, 43.140758515000016 ], [ 27.82782363900003, 43.139564514000085 ], [ 27.82992363000011, 43.135856630000092 ], [ 27.829663658000129, 43.135102319000111 ], [ 27.829420089000109, 43.134395599000072 ], [ 27.829421907999972, 43.133932527000127 ], [ 27.829425811000078, 43.132938385000102 ], [ 27.829015186000106, 43.13190875700019 ], [ 27.828403473000037, 43.130374908000192 ], [ 27.82533836500005, 43.126373291000107 ], [ 27.824953743000037, 43.124983411000073 ], [ 27.824835, 43.12455400000016 ], [ 27.826864078000085, 43.122733455000059 ], [ 27.826927027000067, 43.122676989000183 ], [ 27.82901, 43.121917999000118 ], [ 27.831224138000096, 43.121888074000026 ], [ 27.834707261000062, 43.121841431000178 ], [ 27.836383329000171, 43.122016235000046 ], [ 27.837816239000063, 43.122165681000183 ], [ 27.839534734000097, 43.12214939100005 ], [ 27.84143829400017, 43.122131349000142 ], [ 27.84619346900007, 43.121819974000061 ], [ 27.848196031000043, 43.121688843000129 ], [ 27.851918798000156, 43.121317078 ], [ 27.852359915000136, 43.12127301400011 ], [ 27.856508, 43.120480001000146 ], [ 27.858529497000063, 43.12021734200016 ], [ 27.859624932000031, 43.120075113000041 ], [ 27.859921, 43.119583 ], [ 27.863295000000107, 43.117359 ], [ 27.866762000000108, 43.114628000999971 ], [ 27.871308383000098, 43.11300647600001 ], [ 27.88029289200017, 43.109802246000129 ], [ 27.884849548000091, 43.108833313000162 ], [ 27.885548342000163, 43.108573167000145 ], [ 27.888179999000045, 43.10759399900013 ], [ 27.89089399900007, 43.106235999000035 ], [ 27.896210954000082, 43.106153906000031 ], [ 27.900091170000167, 43.1060943600001 ], [ 27.902816773000154, 43.106651306000174 ], [ 27.905771256000094, 43.107391358000143 ], [ 27.907548749000171, 43.107503667000117 ], [ 27.908910751000064, 43.107589723000103 ], [ 27.912164688000075, 43.106948853000176 ], [ 27.914044426000032, 43.105945315000099 ], [ 27.914529799000093, 43.105686188000107 ], [ 27.917133331000059, 43.103519440000014 ], [ 27.918575611, 43.102937996000094 ], [ 27.920047760000045, 43.102344512000172 ], [ 27.923471001000053, 43.100945000000195 ], [ 27.923471451000069, 43.100692749000189 ], [ 27.923749924000106, 43.100692749000189 ], [ 27.923749924000106, 43.099582672000111 ], [ 27.923471451000069, 43.099582672000111 ], [ 27.923471451000069, 43.098472594999976 ], [ 27.9231948850001, 43.098472594999976 ], [ 27.9231948850001, 43.098194122000109 ], [ 27.922916412000063, 43.098194122000109 ], [ 27.922916412000063, 43.097637176000035 ], [ 27.922637939000026, 43.097637176000035 ], [ 27.922637939000026, 43.097362518000068 ], [ 27.922361374000161, 43.097362518000068 ], [ 27.922361374000161, 43.097637176000035 ], [ 27.921806335000156, 43.097637176000035 ], [ 27.921806335000156, 43.097362518000068 ], [ 27.921527862000119, 43.097362518000068 ], [ 27.921527862000119, 43.097084045000031 ], [ 27.921249389000081, 43.097084045000031 ], [ 27.921249389000081, 43.09624862600009 ], [ 27.920972824000046, 43.09624862600009 ], [ 27.920972824000046, 43.095417022000049 ], [ 27.920694351000179, 43.095417022000049 ], [ 27.920694351000179, 43.094860076000145 ], [ 27.920972824000046, 43.094860076000145 ], [ 27.920972824000046, 43.094581603000108 ], [ 27.921249389000081, 43.094581603000108 ], [ 27.921249389000081, 43.093749999000067 ], [ 27.920972824000046, 43.093749999000067 ], [ 27.920972824000046, 43.092361451000102 ], [ 27.920694351000179, 43.092361451000102 ], [ 27.920694351000179, 43.091526032000161 ], [ 27.920415878000142, 43.091526032000161 ], [ 27.920415878000142, 43.089584351000155 ], [ 27.920694351000179, 43.089584351000155 ], [ 27.920694351000179, 43.089305878000118 ], [ 27.920415878000142, 43.089305878000118 ], [ 27.920415878000142, 43.088748932000044 ], [ 27.920139312000174, 43.088748932000044 ], [ 27.920139312000174, 43.08819580100004 ], [ 27.919860839000137, 43.08819580100004 ], [ 27.919860839000137, 43.087917328000174 ], [ 27.919584274000101, 43.087917328000174 ], [ 27.9195823660001, 43.087638855000137 ], [ 27.919305801000064, 43.087638855000137 ], [ 27.919305801000064, 43.087360382000099 ], [ 27.919027328000027, 43.087360382000099 ], [ 27.919027328000027, 43.086807251000096 ], [ 27.918750762000059, 43.086807251000096 ], [ 27.918750762000059, 43.086528778000059 ], [ 27.918193818000134, 43.086528778000059 ], [ 27.918193818000134, 43.086250305000192 ], [ 27.917917251000063, 43.086250305000192 ], [ 27.917917251000063, 43.085971832000155 ], [ 27.917638780000061, 43.085971832000155 ], [ 27.917638780000061, 43.085414886000081 ], [ 27.917360307000024, 43.085414886000081 ], [ 27.917360307000024, 43.085140228000057 ], [ 27.917083741000056, 43.085140228000057 ], [ 27.917083741000056, 43.08486175500002 ], [ 27.916805268000189, 43.08486175500002 ], [ 27.916805268000189, 43.084583281999983 ], [ 27.916528703000097, 43.084583281999983 ], [ 27.916528703000097, 43.084026336000079 ], [ 27.91625023000006, 43.084026336000079 ], [ 27.91625023000006, 43.083473205000075 ], [ 27.915971757000023, 43.083473205000075 ], [ 27.915971757000023, 43.082916259000172 ], [ 27.915695191000054, 43.082916259000172 ], [ 27.915695191000054, 43.082359315000133 ], [ 27.915416718000017, 43.082359315000133 ], [ 27.915416718000017, 43.079029084000183 ], [ 27.915695191000054, 43.079029084000183 ], [ 27.915695191000054, 43.078472138000109 ], [ 27.91625023000006, 43.078472138000109 ], [ 27.91625023000006, 43.078193665000072 ], [ 27.915971757000023, 43.078193665000072 ], [ 27.915971757000023, 43.077640534000011 ], [ 27.91625023000006, 43.077640534000011 ], [ 27.91625023000006, 43.07680511500007 ], [ 27.915971757000023, 43.07680511500007 ], [ 27.915971757000023, 43.076526642000033 ], [ 27.915695191000054, 43.076526642000033 ], [ 27.915695191000054, 43.076248169 ], [ 27.915416718000017, 43.076248169 ], [ 27.915416718000017, 43.075973511000029 ], [ 27.91513824499998, 43.075973511000029 ], [ 27.91513824499998, 43.075416565000126 ], [ 27.914861680000115, 43.075416565000126 ], [ 27.914861680000115, 43.074859619000051 ], [ 27.914583207000078, 43.074859619000051 ], [ 27.914583207000078, 43.073749542000144 ], [ 27.914304734000041, 43.073749542000144 ], [ 27.914304734000041, 43.073471069000107 ], [ 27.914028168000073, 43.073471069000107 ], [ 27.914028168000073, 43.073749542000144 ], [ 27.913749695000035, 43.073749542000144 ], [ 27.913749695000035, 43.073471069000107 ], [ 27.91347313000017, 43.073471069000107 ], [ 27.91347313000017, 43.073192596000069 ], [ 27.913749695000035, 43.073192596000069 ], [ 27.913749695000035, 43.072082519000162 ], [ 27.91347313000017, 43.072082519000162 ], [ 27.91347313000017, 43.071250915000064 ], [ 27.913194657000133, 43.071250915000064 ], [ 27.913194657000133, 43.070972442000027 ], [ 27.912916184000096, 43.070972442000027 ], [ 27.912916184000096, 43.068473817000154 ], [ 27.913194657000133, 43.068473817000154 ], [ 27.913194657000133, 43.066528321000135 ], [ 27.91347313000017, 43.066528321000135 ], [ 27.91347313000017, 43.066249848000098 ], [ 27.913194657000133, 43.066249848000098 ], [ 27.913194657000133, 43.065692902000194 ], [ 27.91347313000017, 43.065692902000194 ], [ 27.91347313000017, 43.065418244000057 ], [ 27.913194657000133, 43.065418244000057 ], [ 27.913194657000133, 43.064113618000079 ], [ 27.913194657000133, 43.063472747999981 ], [ 27.91347313000017, 43.063472747999981 ], [ 27.91347313000017, 43.063194275000114 ], [ 27.913749695000035, 43.063194275000114 ], [ 27.913749695000035, 43.06263732900004 ], [ 27.91347313000017, 43.06263732900004 ], [ 27.91347313000017, 43.062084198000036 ], [ 27.913194657000133, 43.062084198000036 ], [ 27.913194657000133, 43.06180572500017 ], [ 27.912916184000096, 43.06180572500017 ], [ 27.912916184000096, 43.061527252000133 ], [ 27.912639618000128, 43.061527252000133 ], [ 27.912639618000128, 43.060974121000129 ], [ 27.912361145000091, 43.060974121000129 ], [ 27.912361145000091, 43.060695648000092 ], [ 27.912082672000054, 43.060695648000092 ], [ 27.912082672000054, 43.060138702000188 ], [ 27.911806107000189, 43.060138702000188 ], [ 27.911806107000189, 43.059860229000151 ], [ 27.911527634000151, 43.059860229000151 ], [ 27.911527634000151, 43.059581756000114 ], [ 27.911249161000114, 43.059581756000114 ], [ 27.911249161000114, 43.059307098000147 ], [ 27.910972595000146, 43.059307098000147 ], [ 27.910972595000146, 43.058750152000073 ], [ 27.910694122000109, 43.058750152000073 ], [ 27.910694122000109, 43.058193208000148 ], [ 27.910417557000017, 43.058193208000148 ], [ 27.910417557000017, 43.057918548000146 ], [ 27.910139083999979, 43.057918548000146 ], [ 27.910139083999979, 43.057640077000144 ], [ 27.909860611000113, 43.057640077000144 ], [ 27.909860611000113, 43.05708313100007 ], [ 27.909584044999974, 43.05708313100007 ], [ 27.909584044999974, 43.056804658000033 ], [ 27.90902709900007, 43.056804658000033 ], [ 27.90902709900007, 43.056526185000166 ], [ 27.908790588000159, 43.056526185000166 ], [ 27.908750534000035, 43.056526185000166 ], [ 27.908750534000035, 43.056457519000162 ], [ 27.908750534000035, 43.056251526999972 ], [ 27.908630370000026, 43.056251526999972 ], [ 27.908472061000168, 43.056251526999972 ], [ 27.908472061000168, 43.056072236000148 ], [ 27.908472061000168, 43.055973054000106 ], [ 27.908224105999977, 43.055973054000106 ], [ 27.907917022000163, 43.055973054000106 ], [ 27.907917022000163, 43.055850983000084 ], [ 27.907917022000163, 43.055694581000068 ], [ 27.907518386000049, 43.055694581000068 ], [ 27.90736198400009, 43.055694581000068 ], [ 27.90736198400009, 43.055633545000035 ], [ 27.90736198400009, 43.055416108000031 ], [ 27.90708351000012, 43.055416108000031 ], [ 27.90708351000012, 43.055137635 ], [ 27.906105041999979, 43.055137635 ], [ 27.90513801600008, 43.055137635 ], [ 27.90513801600008, 43.054862977000028 ], [ 27.901805878000062, 43.054862977000028 ], [ 27.901805878000062, 43.054306031000124 ], [ 27.900972366000019, 43.054306031000124 ], [ 27.900972366000019, 43.053195954000046 ], [ 27.900693892999982, 43.053195954000046 ], [ 27.900693892999982, 43.052917481000179 ], [ 27.900417328000117, 43.052917481000179 ], [ 27.900417328000117, 43.052639008000142 ], [ 27.899860382000043, 43.052639008000142 ], [ 27.899860382000043, 43.051807404000101 ], [ 27.899583816000074, 43.051807404000101 ], [ 27.899583816000074, 43.050693512000123 ], [ 27.899026870000171, 43.050693512000123 ], [ 27.899026870000171, 43.050415039000086 ], [ 27.899305343000037, 43.050415039000086 ], [ 27.899305343000037, 43.050140381000062 ], [ 27.899026870000171, 43.050140381000062 ], [ 27.899026870000171, 43.049861908000025 ], [ 27.898750305000135, 43.049861908000025 ], [ 27.898750305000135, 43.048831939000195 ], [ 27.898750305000135, 43.047916412000177 ], [ 27.89819526600013, 43.047916412000177 ], [ 27.89819526600013, 43.047637941000175 ], [ 27.897916793000093, 43.047637941000175 ], [ 27.897916793000093, 43.046806335000099 ], [ 27.897638320000056, 43.046806335000099 ], [ 27.897638320000056, 43.046527864000041 ], [ 27.89736175500019, 43.046527864000041 ], [ 27.89736175500019, 43.046249391000174 ], [ 27.897083282000153, 43.046249391000174 ], [ 27.897083282000153, 43.045970918000137 ], [ 27.896804809000116, 43.045970918000137 ], [ 27.896804809000116, 43.04569626000017 ], [ 27.896528243000148, 43.04569626000017 ], [ 27.896528243000148, 43.045417787000133 ], [ 27.89628982500011, 43.045417787000133 ], [ 27.895971297000074, 43.045417787000133 ], [ 27.895971297000074, 43.045139314000096 ], [ 27.892360688000167, 43.045139314000096 ], [ 27.892360688000167, 43.044860841000059 ], [ 27.892084122000028, 43.044860841000059 ], [ 27.892084122000028, 43.044582368000192 ], [ 27.891805649000162, 43.044582368000192 ], [ 27.891805649000162, 43.044303895000155 ], [ 27.891527176000125, 43.044303895000155 ], [ 27.891527176000125, 43.044029237000188 ], [ 27.891250611000089, 43.044029237000188 ], [ 27.891250611000089, 43.043750764000151 ], [ 27.890972138000052, 43.043750764000151 ], [ 27.890972138000052, 43.043472291000114 ], [ 27.890693665000185, 43.043472291000114 ], [ 27.890693665000185, 43.042640687000016 ], [ 27.890417099000047, 43.042640687000016 ], [ 27.890417099000047, 43.041805268000076 ], [ 27.89013862600018, 43.041805268000076 ], [ 27.89013862600018, 43.040973664000035 ], [ 27.889862061000144, 43.040973664000035 ], [ 27.889860153000143, 43.040695191000168 ], [ 27.889583588000107, 43.040695191000168 ], [ 27.889583588000107, 43.040416718000131 ], [ 27.88930511500007, 43.040416718000131 ], [ 27.88930511500007, 43.040138245000094 ], [ 27.889028549000102, 43.040138245000094 ], [ 27.889028549000102, 43.03958511400009 ], [ 27.88930511500007, 43.03958511400009 ], [ 27.88930511500007, 43.039306641000053 ], [ 27.889028549000102, 43.039306641000053 ], [ 27.889028549000102, 43.037918091000108 ], [ 27.888750076000065, 43.037918091000108 ], [ 27.888750076000065, 43.035972595000032 ], [ 27.888195038000106, 43.035972595000032 ], [ 27.888195038000106, 43.035694123000098 ], [ 27.887916565000069, 43.035694123000098 ], [ 27.887916565000069, 43.034584046000191 ], [ 27.888195038000106, 43.034584046000191 ], [ 27.888195038000106, 43.032638550000172 ], [ 27.887916565000069, 43.032638550000172 ], [ 27.887916565000069, 43.031806946000074 ], [ 27.888195038000106, 43.031806946000074 ], [ 27.888195038000106, 43.030971527000133 ], [ 27.887916565000069, 43.030971527000133 ], [ 27.887916565000069, 43.029861450000055 ], [ 27.888195038000106, 43.029861450000055 ], [ 27.888195038000106, 43.029582977000189 ], [ 27.888700486, 43.029582977000189 ], [ 27.888750076000065, 43.029582977000189 ], [ 27.888750076000065, 43.029304504000152 ], [ 27.889028549000102, 43.029304504000152 ], [ 27.889028549000102, 43.028751373000148 ], [ 27.888532638000186, 43.028751373000148 ], [ 27.888195038000106, 43.028751373000148 ], [ 27.888195038000106, 43.028194427000074 ], [ 27.887916565000069, 43.028194427000074 ], [ 27.887916565000069, 43.027915954000036 ], [ 27.887638092000032, 43.027915954000036 ], [ 27.887638092000032, 43.02763748100017 ], [ 27.887916565000069, 43.02763748100017 ], [ 27.887916565000069, 43.027362822999976 ], [ 27.887638092000032, 43.027362822999976 ], [ 27.887638092000032, 43.027084350000109 ], [ 27.887916565000069, 43.027084350000109 ], [ 27.887916565000069, 43.026805877000072 ], [ 27.888139725000087, 43.026805877000072 ], [ 27.8880786900001, 43.026508331000173 ], [ 27.88793754600016, 43.02659988500011 ], [ 27.886041642000123, 43.026332855000021 ], [ 27.878807068000185, 43.026153564000026 ], [ 27.874029158999974, 43.025844575000121 ], [ 27.869855881000035, 43.024242402000027 ], [ 27.865676880000024, 43.022621156000127 ], [ 27.861465454999973, 43.020141602000137 ], [ 27.857866287000093, 43.018188476000034 ], [ 27.854259490000175, 43.016681671000129 ], [ 27.851852417000032, 43.015281677000132 ], [ 27.849424363000082, 43.013454437000121 ], [ 27.84639549200017, 43.011192323000159 ], [ 27.842760086000112, 43.010795594000115 ], [ 27.838481903000115, 43.011581421000017 ], [ 27.835958480000102, 43.013824464000095 ], [ 27.831163405000098, 43.021800995000035 ], [ 27.826427461000151, 43.028228759000058 ], [ 27.817718505000016, 43.031478881000055 ], [ 27.813087463000045, 43.032730102000073 ], [ 27.809875488000102, 43.0333671570001 ], [ 27.803636550000078, 43.033481598000094 ], [ 27.796218873000157, 43.032276153999987 ], [ 27.787582398000097, 43.030654908000145 ], [ 27.782678603000193, 43.02852630600006 ], [ 27.777135849000047, 43.02729416000011 ], [ 27.772232056000121, 43.025165558000026 ], [ 27.764196395000056, 43.024890900000173 ], [ 27.752510070000085, 43.02199935900012 ], [ 27.746948242000144, 43.022125245000041 ], [ 27.741413117000036, 43.020927429000096 ], [ 27.734590530000162, 43.022403718000078 ], [ 27.729648591000057, 43.022518159000072 ], [ 27.725938797000083, 43.02260589600013 ], [ 27.723447800000088, 43.023998261000145 ], [ 27.720958709000115, 43.025848390000192 ], [ 27.716621397999972, 43.026840211000092 ], [ 27.712305068000092, 43.0269584670001 ], [ 27.708585739000114, 43.02659988500011 ], [ 27.704280852000181, 43.026718140000014 ], [ 27.702409744000079, 43.028102875000116 ], [ 27.699941636000119, 43.029052735 ], [ 27.698680877000186, 43.030876160000162 ], [ 27.697431564000112, 43.033130646000188 ], [ 27.698610306000091, 43.037559509000062 ], [ 27.700382231999981, 43.041969300000176 ], [ 27.701536178000083, 43.045497894999983 ], [ 27.701406480000173, 43.050834656000063 ], [ 27.699451446000069, 43.055355072000168 ], [ 27.693763732000036, 43.061302185999978 ], [ 27.688106537000124, 43.066364288000159 ], [ 27.683723449000183, 43.070060729000033 ], [ 27.681219101000124, 43.072368622000113 ], [ 27.675567627000191, 43.077907562000121 ], [ 27.671138764000148, 43.083404542000153 ], [ 27.666831970000146, 43.08667755099998 ], [ 27.664331435000065, 43.089889526000093 ], [ 27.661878585000181, 43.091777802000195 ], [ 27.658285142000125, 43.092365264000136 ], [ 27.654125214000032, 43.092082978000064 ], [ 27.650619507000101, 43.090446472000167 ], [ 27.646564483000134, 43.086154938 ], [ 27.644853592000061, 43.083087922000061 ], [ 27.639629365000133, 43.076602936000143 ], [ 27.637321472, 43.070453645000043 ], [ 27.637451172999988, 43.069873810000104 ], [ 27.636880874000155, 43.067749023000033 ], [ 27.636461259000157, 43.065933228000176 ], [ 27.636175156000036, 43.064338684000063 ], [ 27.635885239000118, 43.062316894000105 ], [ 27.635740280000107, 43.060592650999979 ], [ 27.635593414000027, 43.058887483000149 ], [ 27.635000227999967, 43.056983949000028 ], [ 27.634552002000191, 43.055381776000047 ], [ 27.633375167000111, 43.053707123000152 ], [ 27.632350922000171, 43.052364350000175 ], [ 27.630165099000067, 43.050949096000124 ], [ 27.627416610000125, 43.050743104000105 ], [ 27.624113083000054, 43.050991058000193 ], [ 27.620950700000151, 43.050598145000095 ], [ 27.618114472000116, 43.051689148000037 ], [ 27.616268158000139, 43.05231857299998 ], [ 27.613304139000093, 43.053638459000126 ], [ 27.610479354000063, 43.054519653000057 ], [ 27.607805251000059, 43.055419923000102 ], [ 27.605413437000038, 43.055740356000058 ], [ 27.600477218000094, 43.055774690000078 ], [ 27.598346711000147, 43.055019378999987 ], [ 27.596189499000161, 43.053512574000138 ], [ 27.594293593000145, 43.051342010000099 ], [ 27.594257354000092, 43.049724579000156 ], [ 27.595188140000175, 43.047950745000094 ], [ 27.596542359000068, 43.046157837000067 ], [ 27.597333908000053, 43.044288636000033 ], [ 27.597427368000183, 43.042343140000185 ], [ 27.597074509000038, 43.040096283000025 ], [ 27.595329284000115, 43.038238525000111 ], [ 27.593620299, 43.037460327000019 ], [ 27.590087891000167, 43.036998750000123 ], [ 27.5872974400001, 43.037361145000034 ], [ 27.584514618000071, 43.037929536000036 ], [ 27.582702637000182, 43.038349151000034 ], [ 27.581062316000043, 43.039295197000172 ], [ 27.579021455000031, 43.040706634000173 ], [ 27.577125549000186, 43.04233169500003 ], [ 27.575529099000107, 43.044353485000158 ], [ 27.574066163, 43.04616546699998 ], [ 27.572483063000107, 43.04862976000004 ], [ 27.570795059000091, 43.051532746000078 ], [ 27.570047379000016, 43.053943634000063 ], [ 27.56903266900008, 43.056289674000027 ], [ 27.568000794000056, 43.058277130000192 ], [ 27.565874099000041, 43.060241699000073 ], [ 27.56372261100006, 43.061233521000077 ], [ 27.561670304000131, 43.061454773000094 ], [ 27.558290481000029, 43.059600831000182 ], [ 27.555875778000143, 43.057804107000038 ], [ 27.553356170000029, 43.056648255000141 ], [ 27.549499512000125, 43.056236267000145 ], [ 27.545568467000066, 43.057224275000181 ], [ 27.54046630800002, 43.059383394000065 ], [ 27.540205001000174, 43.059455872000171 ], [ 27.537406922000059, 43.060920716000055 ], [ 27.535680771000102, 43.061904907000041 ], [ 27.534116746000109, 43.063285827000072 ], [ 27.533237457000098, 43.064964295000038 ], [ 27.533197402999974, 43.066909791000057 ], [ 27.534206390000065, 43.068149567000148 ], [ 27.535751342000026, 43.069469452000192 ], [ 27.537868499000126, 43.071166993000077 ], [ 27.53742027300018, 43.071899415000075 ], [ 27.538574219000054, 43.071823119000157 ], [ 27.540899276000175, 43.07212448100006 ], [ 27.542573929000071, 43.073211669000159 ], [ 27.543855667000059, 43.074642181000172 ], [ 27.545856476000154, 43.076690675000066 ], [ 27.546943664000082, 43.080074311000033 ], [ 27.54823875500017, 43.081737519000171 ], [ 27.551607133000175, 43.083900452000194 ], [ 27.553672790000121, 43.084430695000094 ], [ 27.555334090000088, 43.084976196000184 ], [ 27.557029724000074, 43.086391449000132 ], [ 27.556953431000068, 43.087818146000131 ], [ 27.554574967000065, 43.089675903000114 ], [ 27.552587509000091, 43.091209412000069 ], [ 27.551023483000051, 43.092700958000194 ], [ 27.548927307000156, 43.094783783000139 ], [ 27.546665191000045, 43.095798493000075 ], [ 27.544647217000033, 43.096179963 ], [ 27.543069840000157, 43.097137451000037 ], [ 27.539888381000083, 43.098640443000193 ], [ 27.536779403000082, 43.101440430000139 ], [ 27.534736632999966, 43.104171753000116 ], [ 27.533246995000184, 43.106868744000053 ], [ 27.531747817000166, 43.109561920000147 ], [ 27.531902312000057, 43.113876342000083 ], [ 27.534111023000094, 43.116313934000118 ], [ 27.535722733000057, 43.117519378000054 ], [ 27.537353515000177, 43.118274689000089 ], [ 27.541618347000053, 43.119277955000143 ], [ 27.544807434000063, 43.119079591000059 ], [ 27.555410386000176, 43.120975495000096 ], [ 27.56228828400009, 43.125701904000096 ], [ 27.567026138000074, 43.12971115199997 ], [ 27.569641113000159, 43.133838653000169 ], [ 27.569599151000091, 43.137271881 ], [ 27.568527221000011, 43.139492035000046 ], [ 27.567436217000193, 43.142135621000136 ], [ 27.565296172000103, 43.144409180000025 ], [ 27.563175202000139, 43.146274568000194 ], [ 27.557352067000181, 43.15094375700005 ], [ 27.551584244000139, 43.153038025000171 ], [ 27.542173386000059, 43.157970429000045 ], [ 27.538522720000174, 43.161205292000091 ], [ 27.534870148000095, 43.164035798000157 ], [ 27.534324646000073, 43.167503358000033 ], [ 27.535341263000078, 43.169155120000084 ], [ 27.536342620000084, 43.171646119000059 ], [ 27.538385391000077, 43.174083711000094 ], [ 27.540418626000189, 43.176517487000069 ], [ 27.54350090000014, 43.179725647999987 ], [ 27.546571732000189, 43.183376312000064 ], [ 27.549661637000156, 43.186607360999972 ], [ 27.552751541000191, 43.191116334000128 ], [ 27.555440903000147, 43.194801332 ], [ 27.555091859000186, 43.199115754000104 ], [ 27.553087235000078, 43.202251434000061 ], [ 27.552185058000134, 43.206165314000032 ], [ 27.54930687000018, 43.208770752000135 ], [ 27.553977966000161, 43.209815980000144 ], [ 27.559547425000062, 43.212795258000085 ], [ 27.563669205000053, 43.2132453910001 ], [ 27.566854477000163, 43.213047027000016 ], [ 27.573659896000095, 43.211891175000176 ], [ 27.579593659000125, 43.21079635600006 ], [ 27.583194733000028, 43.20837402300009 ], [ 27.58596038800016, 43.20859527600004 ], [ 27.592470170000183, 43.209300996000138 ], [ 27.594806672000061, 43.209903717000032 ], [ 27.598478317000172, 43.20859527600004 ], [ 27.604515075000165, 43.207904816000109 ], [ 27.615625381000143, 43.203628540000125 ], [ 27.616409302000079, 43.20229339600013 ], [ 27.61741828900017, 43.200588226000093 ], [ 27.618274689000145, 43.197967530000142 ], [ 27.618173600000034, 43.194660188000057 ], [ 27.6185474400001, 43.191333772000178 ], [ 27.61611175600018, 43.188888550000172 ], [ 27.615095138000072, 43.186744690000069 ], [ 27.614521025999977, 43.183452607000106 ], [ 27.61484146100014, 43.178657533000035 ], [ 27.615161896000075, 43.17349624600007 ], [ 27.615541459000156, 43.167961121000133 ], [ 27.614652634000038, 43.163616181000179 ], [ 27.614246368000181, 43.160331727000028 ], [ 27.613811493000185, 43.157047273000046 ], [ 27.617134094, 43.154308319000108 ], [ 27.619945525000048, 43.153797150000173 ], [ 27.622766495000178, 43.154006958000139 ], [ 27.625570296000092, 43.15497970600012 ], [ 27.627908706000142, 43.155944824000073 ], [ 27.630729675000055, 43.157287599000028 ], [ 27.636856080000086, 43.163951874000134 ], [ 27.642335892000119, 43.17104721100003 ], [ 27.646793366000168, 43.17599487300015 ], [ 27.649299621000182, 43.179195403000108 ], [ 27.652673721000099, 43.179405213000052 ], [ 27.656572342000175, 43.179985047000059 ], [ 27.661922455000081, 43.180130005000137 ], [ 27.664342881000152, 43.179290772000115 ], [ 27.665765762000035, 43.17740249700006 ], [ 27.671094894000078, 43.173503875999984 ], [ 27.679401399000142, 43.168064117000142 ], [ 27.688278197000102, 43.162975311000082 ], [ 27.695745467000108, 43.158683777000078 ], [ 27.70328521800019, 43.155155182000101 ], [ 27.712425231000168, 43.153797150000173 ], [ 27.72060585000014, 43.154308319000108 ], [ 27.724172592000059, 43.155681611000034 ], [ 27.729305267000086, 43.159229280000034 ], [ 27.731880188000048, 43.161029817000042 ], [ 27.73546981800007, 43.162044525000169 ], [ 27.738557816000139, 43.16197204600013 ], [ 27.74111557100008, 43.160076142000094 ], [ 27.745222091000073, 43.15778732299998 ], [ 27.74931335499997, 43.153671265000128 ], [ 27.754447938, 43.151386260000152 ], [ 27.759065629000077, 43.148712157000148 ], [ 27.766279220000172, 43.148208619000059 ], [ 27.772956848000035, 43.147003174000076 ], [ 27.780162811000025, 43.144672393000064 ], [ 27.785310744000128, 43.141269684000122 ], [ 27.789989471000069, 43.139369963999968 ], [ 27.792585373000065, 43.138229371000193 ], [ 27.794660567, 43.13745880200014 ], [ 27.797761917000116, 43.137420655000085 ], [ 27.801908492000109, 43.137710572000174 ], [ 27.806537629000047, 43.14095306400003 ], [ 27.80908584600013, 43.14273452700013 ] ] ] ] } },
{ "type": "Feature", "properties": { "fid": 218, "GID_2": "BGR.24.3_1", "GID_0": "BGR", "COUNTRY": "Bulgaria", "GID_1": "BGR.24_1", "NAME_1": "Varna", "NL_NAME_1": "Варна", "NAME_2": "Beloslav", "VARNAME_2": "NA", "NL_NAME_2": "Белослав", "TYPE_2": "Obshtina", "ENGTYPE_2": "Municipality", "CC_2": "NA", "HASC_2": "BG.VN.BE" }, "geometry": { "type": "MultiPolygon", "coordinates": [ [ [ [ 27.682674407000093, 43.221736909000128 ], [ 27.684444428000063, 43.22273254300012 ], [ 27.687656403000176, 43.223735810000051 ], [ 27.691118240000151, 43.225276947000111 ], [ 27.696075440000186, 43.226406098000041 ], [ 27.699792862000095, 43.227027894000173 ], [ 27.705009461000145, 43.226703644000168 ], [ 27.707742692000068, 43.226787568000134 ], [ 27.710973740000043, 43.225406646000124 ], [ 27.715215682000064, 43.224552156000129 ], [ 27.719736099000045, 43.224422455000138 ], [ 27.722503661000076, 43.224170685000104 ], [ 27.730087281000124, 43.224533080000128 ], [ 27.734407424000096, 43.224983216000055 ], [ 27.739501953000172, 43.224685670000156 ], [ 27.744098662999988, 43.224964143000193 ], [ 27.747419358000059, 43.225997926 ], [ 27.753835679000076, 43.227172851000148 ], [ 27.759998321000182, 43.22835159400006 ], [ 27.763334274000044, 43.228855133000081 ], [ 27.765396118000126, 43.229003907000106 ], [ 27.767063206000046, 43.2297096530001 ], [ 27.768398117000061, 43.228126722000127 ], [ 27.76884213000011, 43.227082185000086 ], [ 27.769598000000144, 43.22530400100004 ], [ 27.771412000000112, 43.223011001000032 ], [ 27.772553069000139, 43.222004385000105 ], [ 27.773661, 43.221027000000106 ], [ 27.779537001000108, 43.21684999900009 ], [ 27.781678168000099, 43.215544813000122 ], [ 27.784072875999982, 43.214084625000112 ], [ 27.788280488000169, 43.212398529000041 ], [ 27.791147232000185, 43.210956574000193 ], [ 27.79401016200012, 43.20887756400009 ], [ 27.795488508000062, 43.207474453000088 ], [ 27.795508999000049, 43.207455 ], [ 27.795961520000105, 43.206718907000095 ], [ 27.796716691000142, 43.205490113000053 ], [ 27.797313689000134, 43.203983307000101 ], [ 27.797835351000174, 43.202357405000043 ], [ 27.798212000000149, 43.201183000000128 ], [ 27.798515000000179, 43.197933000000148 ], [ 27.798376327000142, 43.196272016000194 ], [ 27.798200608000116, 43.194171905000076 ], [ 27.797168041000191, 43.1904076080001 ], [ 27.796995001000084, 43.189777001000039 ], [ 27.796633328999974, 43.188415569000028 ], [ 27.795769000000178, 43.185162001000151 ], [ 27.796967001000098, 43.181598999000187 ], [ 27.797884817000181, 43.179123722000099 ], [ 27.798167999000157, 43.178360000000168 ], [ 27.798763, 43.17524000100002 ], [ 27.799200001000088, 43.170277000000169 ], [ 27.798737999000082, 43.167273999000145 ], [ 27.797817000000123, 43.163857000000121 ], [ 27.797202999000035, 43.157951000000139 ], [ 27.797029001000055, 43.155063999000106 ], [ 27.797148413000173, 43.152139268000099 ], [ 27.797164996000049, 43.151733134000096 ], [ 27.798515000000179, 43.149241999000139 ], [ 27.801211999000145, 43.146091 ], [ 27.804413001000114, 43.143894 ], [ 27.80550962500007, 43.143622014000073 ], [ 27.80908584600013, 43.14273452700013 ], [ 27.806537629000047, 43.14095306400003 ], [ 27.801908492000109, 43.137710572000174 ], [ 27.797761917000116, 43.137420655000085 ], [ 27.794660567, 43.13745880200014 ], [ 27.792585373000065, 43.138229371000193 ], [ 27.789989471000069, 43.139369963999968 ], [ 27.785310744000128, 43.141269684000122 ], [ 27.780162811000025, 43.144672393000064 ], [ 27.772956848000035, 43.147003174000076 ], [ 27.766279220000172, 43.148208619000059 ], [ 27.759065629000077, 43.148712157000148 ], [ 27.754447938, 43.151386260000152 ], [ 27.74931335499997, 43.153671265000128 ], [ 27.745222091000073, 43.15778732299998 ], [ 27.74111557100008, 43.160076142000094 ], [ 27.738557816000139, 43.16197204600013 ], [ 27.73546981800007, 43.162044525000169 ], [ 27.731880188000048, 43.161029817000042 ], [ 27.729305267000086, 43.159229280000034 ], [ 27.724172592000059, 43.155681611000034 ], [ 27.72060585000014, 43.154308319000108 ], [ 27.712425231000168, 43.153797150000173 ], [ 27.70328521800019, 43.155155182000101 ], [ 27.695745467000108, 43.158683777000078 ], [ 27.688278197000102, 43.162975311000082 ], [ 27.679401399000142, 43.168064117000142 ], [ 27.671094894000078, 43.173503875999984 ], [ 27.665765762000035, 43.17740249700006 ], [ 27.664342881000152, 43.179290772000115 ], [ 27.661922455000081, 43.180130005000137 ], [ 27.656572342000175, 43.179985047000059 ], [ 27.652673721000099, 43.179405213000052 ], [ 27.649299621000182, 43.179195403000108 ], [ 27.646793366000168, 43.17599487300015 ], [ 27.642335892000119, 43.17104721100003 ], [ 27.636856080000086, 43.163951874000134 ], [ 27.630729675000055, 43.157287599000028 ], [ 27.627908706000142, 43.155944824000073 ], [ 27.625570296000092, 43.15497970600012 ], [ 27.622766495000178, 43.154006958000139 ], [ 27.619945525000048, 43.153797150000173 ], [ 27.617134094, 43.154308319000108 ], [ 27.613811493000185, 43.157047273000046 ], [ 27.614246368000181, 43.160331727000028 ], [ 27.614652634000038, 43.163616181000179 ], [ 27.615541459000156, 43.167961121000133 ], [ 27.615161896000075, 43.17349624600007 ], [ 27.61484146100014, 43.178657533000035 ], [ 27.614521025999977, 43.183452607000106 ], [ 27.615095138000072, 43.186744690000069 ], [ 27.61611175600018, 43.188888550000172 ], [ 27.6185474400001, 43.191333772000178 ], [ 27.618173600000034, 43.194660188000057 ], [ 27.618274689000145, 43.197967530000142 ], [ 27.61741828900017, 43.200588226000093 ], [ 27.616409302000079, 43.20229339600013 ], [ 27.616752625000174, 43.202281952000078 ], [ 27.618213654000158, 43.203128815000071 ], [ 27.620847702000162, 43.204643250000061 ], [ 27.623464585000022, 43.205612183000028 ], [ 27.626310348000061, 43.205650330000083 ], [ 27.628393173000177, 43.203899383000078 ], [ 27.631425858000171, 43.201908112000069 ], [ 27.636154175000172, 43.200946808000083 ], [ 27.640703201000122, 43.201103210000099 ], [ 27.64714431699997, 43.20062255900018 ], [ 27.653413773000011, 43.201633454000103 ], [ 27.660469053999975, 43.204105378000122 ], [ 27.665649414000143, 43.208866119000163 ], [ 27.670093537000071, 43.212371825000105 ], [ 27.674053193000134, 43.215911866 ], [ 27.679494858000169, 43.219951630000139 ], [ 27.682674407000093, 43.221736909000128 ] ] ] ] } },
{ "type": "Feature", "properties": { "fid": 219, "GID_2": "BGR.24.4_1", "GID_0": "BGR", "COUNTRY": "Bulgaria", "GID_1": "BGR.24_1", "NAME_1": "Varna", "NL_NAME_1": "Варна", "NAME_2": "Byala", "VARNAME_2": "NA", "NL_NAME_2": "Бяла", "TYPE_2": "Obshtina", "ENGTYPE_2": "Municipality", "CC_2": "NA", "HASC_2": "BG.VN.BY" }, "geometry": { "type": "MultiPolygon", "coordinates": [ [ [ [ 27.882638932000134, 42.833686828000111 ], [ 27.880605697000021, 42.833789825000053 ], [ 27.880594254000073, 42.834064483000191 ], [ 27.874435425000058, 42.834106445000145 ], [ 27.870223998000029, 42.834655761000079 ], [ 27.867879868000045, 42.834697723000033 ], [ 27.859077453000111, 42.835174560000098 ], [ 27.85255622800014, 42.8349456790001 ], [ 27.848571778000121, 42.834888459000183 ], [ 27.845306396000126, 42.834533692000036 ], [ 27.84181785700008, 42.833889007000096 ], [ 27.837106704000064, 42.832588196000188 ], [ 27.829971314000147, 42.829586028000108 ], [ 27.823711396000192, 42.826957703000176 ], [ 27.815265655000132, 42.823551178000116 ], [ 27.809047699000075, 42.822669984000015 ], [ 27.801553725000133, 42.821697236000034 ], [ 27.795513152000126, 42.820865632000164 ], [ 27.790870667000149, 42.820236205000185 ], [ 27.785661698000183, 42.819591522000053 ], [ 27.780990601000155, 42.820541382000158 ], [ 27.777612686000168, 42.821125031000179 ], [ 27.775680543000078, 42.824306488000104 ], [ 27.774938583000164, 42.82659149300008 ], [ 27.772785187000125, 42.827838899000085 ], [ 27.77064323400009, 42.829605102000073 ], [ 27.7691059120001, 42.831409454000152 ], [ 27.765819550000174, 42.832706452000025 ], [ 27.762537002000158, 42.832748414000093 ], [ 27.758886338000082, 42.834217072000115 ], [ 27.749736787000018, 42.833267213000113 ], [ 27.745351792000065, 42.833621980000089 ], [ 27.740959168000018, 42.838405609 ], [ 27.732889175000139, 42.84405136100014 ], [ 27.727373124000167, 42.846050262000063 ], [ 27.723270417000094, 42.849708558000088 ], [ 27.720737458000031, 42.852535248000038 ], [ 27.717117309000059, 42.856227874000183 ], [ 27.710420608000106, 42.860660554000106 ], [ 27.70855140700013, 42.862373352000077 ], [ 27.707061767000141, 42.863815307000095 ], [ 27.704858779000119, 42.865627289000145 ], [ 27.704517365000129, 42.867229462000068 ], [ 27.704908371000101, 42.868793488000165 ], [ 27.705665589000091, 42.87010955900007 ], [ 27.707187653000062, 42.87191390900017 ], [ 27.709053040000128, 42.873455049000142 ], [ 27.710176467999986, 42.87474823000008 ], [ 27.711687089, 42.876544953000177 ], [ 27.712455750000117, 42.878368379000051 ], [ 27.711740494000082, 42.879989625000064 ], [ 27.710269928000116, 42.881874086000153 ], [ 27.708812714000146, 42.884006501000101 ], [ 27.706611634000126, 42.885883331000116 ], [ 27.704401015000087, 42.887245178000114 ], [ 27.700719833000107, 42.889427185000045 ], [ 27.700271607000161, 42.889366150000058 ], [ 27.701494217000061, 42.895717622000177 ], [ 27.704345703000115, 42.900417327000071 ], [ 27.706611634000126, 42.903167724000184 ], [ 27.711135864000141, 42.907043458000032 ], [ 27.715644837000127, 42.908950805000018 ], [ 27.723497390000148, 42.910793304000151 ], [ 27.73306083600005, 42.912570954000159 ], [ 27.746231080000143, 42.911605834000056 ], [ 27.752552031999983, 42.910892486000193 ], [ 27.758234025000036, 42.912315370000158 ], [ 27.76560211300017, 42.916202544999976 ], [ 27.769029616000182, 42.919425965000073 ], [ 27.774171830000057, 42.92500686700015 ], [ 27.781478882000158, 42.927989959000058 ], [ 27.78863906800018, 42.928562164000084 ], [ 27.798971177000169, 42.930149078000113 ], [ 27.80748176600008, 42.933055877000186 ], [ 27.81478691, 42.931583405000026 ], [ 27.825372696000159, 42.935451509000131 ], [ 27.832603455000083, 42.939414977000183 ], [ 27.838636398000176, 42.947376250000161 ], [ 27.845602035000184, 42.952457428000116 ], [ 27.851402283000141, 42.955883026000038 ], [ 27.854965210000103, 42.956054687000119 ], [ 27.85792732200008, 42.95462799000012 ], [ 27.860822678000034, 42.952835082999968 ], [ 27.865722657000163, 42.951492310000162 ], [ 27.870677947000161, 42.950874329000101 ], [ 27.875211717000127, 42.950962066000159 ], [ 27.87978744600008, 42.951377868000122 ], [ 27.88495636100015, 42.952556610000102 ], [ 27.890157700000145, 42.954101563000165 ], [ 27.895732881000072, 42.955924988000106 ], [ 27.895690919000117, 42.956016540000064 ], [ 27.895622253000113, 42.956317902000137 ], [ 27.899026870000171, 42.957702637000011 ], [ 27.899026870000171, 42.957637786000078 ], [ 27.899305343000037, 42.957637786000078 ], [ 27.899305343000037, 42.955970765000075 ], [ 27.899583816000074, 42.955970765000075 ], [ 27.899583816000074, 42.954029084000126 ], [ 27.899860382000043, 42.954029084000126 ], [ 27.899860382000043, 42.95208358800005 ], [ 27.90013885500008, 42.95208358800005 ], [ 27.90013885500008, 42.950138092000032 ], [ 27.900417328000117, 42.950138092000032 ], [ 27.900417328000117, 42.949584961000028 ], [ 27.900693892999982, 42.949584961000028 ], [ 27.900693892999982, 42.948749542000087 ], [ 27.900417328000117, 42.948749542000087 ], [ 27.900417328000117, 42.94847106900005 ], [ 27.900693892999982, 42.94847106900005 ], [ 27.900693892999982, 42.946804046000068 ], [ 27.900972366000019, 42.946804046000068 ], [ 27.900972366000019, 42.946529388000044 ], [ 27.901250839000056, 42.946529388000044 ], [ 27.901250839000056, 42.945972442000141 ], [ 27.901527405000024, 42.945972442000141 ], [ 27.901527405000024, 42.944583892000026 ], [ 27.901805878000062, 42.944583892000026 ], [ 27.901805878000062, 42.944026948000101 ], [ 27.902082443000154, 42.944026948000101 ], [ 27.902082443000154, 42.943473817000097 ], [ 27.902360916000191, 42.943473817000097 ], [ 27.902360916000191, 42.942359925000119 ], [ 27.902639389000058, 42.942359925000119 ], [ 27.902639389000058, 42.941806794000115 ], [ 27.902915955000026, 42.941806794000115 ], [ 27.902915955000026, 42.940692902000137 ], [ 27.902639389000058, 42.940692902000137 ], [ 27.902639389000058, 42.94041824400017 ], [ 27.902915955000026, 42.94041824400017 ], [ 27.902915955000026, 42.939861298000096 ], [ 27.903194428000063, 42.939861298000096 ], [ 27.903194428000063, 42.939304352000192 ], [ 27.9034729010001, 42.939304352000192 ], [ 27.9034729010001, 42.93791580200002 ], [ 27.903749466000136, 42.93791580200002 ], [ 27.903749466000136, 42.93708419800015 ], [ 27.904027939000173, 42.93708419800015 ], [ 27.904027939000173, 42.936527252000076 ], [ 27.904306412000039, 42.936527252000076 ], [ 27.904306412000039, 42.935417175000168 ], [ 27.904582978000178, 42.935417175000168 ], [ 27.904582978000178, 42.935138702000131 ], [ 27.904306412000039, 42.935138702000131 ], [ 27.904306412000039, 42.934860229000094 ], [ 27.904582978000178, 42.934860229000094 ], [ 27.904582978000178, 42.934581756000057 ], [ 27.904861451000045, 42.934581756000057 ], [ 27.904861451000045, 42.933750152000187 ], [ 27.90513801600008, 42.933750152000187 ], [ 27.90513801600008, 42.932640075000052 ], [ 27.905416489000118, 42.932640075000052 ], [ 27.905416489000118, 42.931804658000146 ], [ 27.905694962000155, 42.931804658000146 ], [ 27.905694962000155, 42.931526185000109 ], [ 27.905971528000123, 42.931526185000109 ], [ 27.905971528000123, 42.931251527000086 ], [ 27.90625000100016, 42.931251527000086 ], [ 27.90625000100016, 42.930416107999974 ], [ 27.906528472000048, 42.930416107999974 ], [ 27.906528472000048, 42.929862977000141 ], [ 27.906805037000083, 42.929862977000141 ], [ 27.906805037000083, 42.928749085000163 ], [ 27.906528472000048, 42.928749085000163 ], [ 27.906528472000048, 42.928195954000159 ], [ 27.90625000100016, 42.928195954000159 ], [ 27.90625000100016, 42.927360535000048 ], [ 27.905971528000123, 42.927360535000048 ], [ 27.905971528000123, 42.926807403999987 ], [ 27.905694962000155, 42.926807403999987 ], [ 27.905694962000155, 42.92625045800014 ], [ 27.905416489000118, 42.92625045800014 ], [ 27.905416489000118, 42.925971985000103 ], [ 27.90513801600008, 42.925971985000103 ], [ 27.90513801600008, 42.925693512000066 ], [ 27.904582978000178, 42.925693512000066 ], [ 27.904582978000178, 42.925415039000029 ], [ 27.904027939000173, 42.925415039000029 ], [ 27.904027939000173, 42.925140381000176 ], [ 27.903749466000136, 42.925140381000176 ], [ 27.903749466000136, 42.924861908000139 ], [ 27.9034729010001, 42.924861908000139 ], [ 27.9034729010001, 42.924583435000102 ], [ 27.903194428000063, 42.924583435000102 ], [ 27.903194428000063, 42.924026489000028 ], [ 27.902915955000026, 42.924026489000028 ], [ 27.902915955000026, 42.923751831000061 ], [ 27.902639389000058, 42.923751831000061 ], [ 27.902639389000058, 42.923194885000157 ], [ 27.902360916000191, 42.923194885000157 ], [ 27.902360916000191, 42.92291641200012 ], [ 27.902082443000154, 42.92291641200012 ], [ 27.902082443000154, 42.922359468000025 ], [ 27.901805878000062, 42.922359468000025 ], [ 27.901805878000062, 42.921806335000042 ], [ 27.901527405000024, 42.921806335000042 ], [ 27.901527405000024, 42.921249391000117 ], [ 27.901250839000056, 42.921249391000117 ], [ 27.901250839000056, 42.92097091800008 ], [ 27.900693892999982, 42.92097091800008 ], [ 27.900693892999982, 42.920696258000078 ], [ 27.90013885500008, 42.920696258000078 ], [ 27.90013885500008, 42.920417787000076 ], [ 27.898426057000108, 42.920417787000076 ], [ 27.897638320000056, 42.920417787000076 ], [ 27.897638320000056, 42.920139314000039 ], [ 27.89736175500019, 42.920139314000039 ], [ 27.89736175500019, 42.919860841000173 ], [ 27.897083282000153, 42.919860841000173 ], [ 27.897083282000153, 42.919582368000135 ], [ 27.896804809000116, 42.919582368000135 ], [ 27.896804809000116, 42.919029237000132 ], [ 27.896528243000148, 42.919029237000132 ], [ 27.896528243000148, 42.918762207000043 ], [ 27.896528243000148, 42.917362214000093 ], [ 27.896249770000111, 42.917362214000093 ], [ 27.896249770000111, 42.916805268000019 ], [ 27.895971297000074, 42.916805268000019 ], [ 27.895971297000074, 42.915138245000037 ], [ 27.896249770000111, 42.915138245000037 ], [ 27.896249770000111, 42.91485977200017 ], [ 27.895971297000074, 42.91485977200017 ], [ 27.895971297000074, 42.914028168000129 ], [ 27.896249770000111, 42.914028168000129 ], [ 27.896249770000111, 42.913192749000189 ], [ 27.896528243000148, 42.913192749000189 ], [ 27.896528243000148, 42.910415651000108 ], [ 27.896804809000116, 42.910415651000108 ], [ 27.896804809000116, 42.91013717800007 ], [ 27.897083282000153, 42.91013717800007 ], [ 27.897083282000153, 42.907638551000161 ], [ 27.89736175500019, 42.907638551000161 ], [ 27.89736175500019, 42.906250001000046 ], [ 27.897083282000153, 42.906250001000046 ], [ 27.897083282000153, 42.905418397000176 ], [ 27.89736175500019, 42.905418397000176 ], [ 27.89736175500019, 42.904861450000169 ], [ 27.897638320000056, 42.904861450000169 ], [ 27.897638320000056, 42.90291595400015 ], [ 27.897916793000093, 42.90291595400015 ], [ 27.897916793000093, 42.902637481000113 ], [ 27.898471832000098, 42.902637481000113 ], [ 27.898471832000098, 42.901805877000015 ], [ 27.898750305000135, 42.901805877000015 ], [ 27.898750305000135, 42.901248931000111 ], [ 27.898471832000098, 42.901248931000111 ], [ 27.898471832000098, 42.900417327000071 ], [ 27.898750305000135, 42.900417327000071 ], [ 27.898750305000135, 42.899307250000163 ], [ 27.899026870000171, 42.899307250000163 ], [ 27.899026870000171, 42.898193360000164 ], [ 27.899305343000037, 42.898193360000164 ], [ 27.899305343000037, 42.897361756000123 ], [ 27.899583816000074, 42.897361756000123 ], [ 27.899583816000074, 42.896804810000049 ], [ 27.899860382000043, 42.896804810000049 ], [ 27.899860382000043, 42.89485931400003 ], [ 27.90013885500008, 42.89485931400003 ], [ 27.90013885500008, 42.894584656 ], [ 27.900417328000117, 42.894584656 ], [ 27.900417328000117, 42.892917633000025 ], [ 27.900693892999982, 42.892917633000025 ], [ 27.900693892999982, 42.892082214000084 ], [ 27.900972366000019, 42.892082214000084 ], [ 27.900972366000019, 42.89152908300008 ], [ 27.901250839000056, 42.89152908300008 ], [ 27.901250839000056, 42.890972137000176 ], [ 27.901527405000024, 42.890972137000176 ], [ 27.901527405000024, 42.889862060000098 ], [ 27.901805878000062, 42.889862060000098 ], [ 27.901805878000062, 42.889026641000157 ], [ 27.902082443000154, 42.889026641000157 ], [ 27.902082443000154, 42.887638093000191 ], [ 27.902360916000191, 42.887638093000191 ], [ 27.902360916000191, 42.887359620000154 ], [ 27.902639389000058, 42.887359620000154 ], [ 27.902639389000058, 42.886806489000094 ], [ 27.902360916000191, 42.886806489000094 ], [ 27.902360916000191, 42.886249543000019 ], [ 27.902082443000154, 42.886249543000019 ], [ 27.902082443000154, 42.885971069999982 ], [ 27.901805878000062, 42.885971069999982 ], [ 27.901805878000062, 42.885417939000149 ], [ 27.901527405000024, 42.885417939000149 ], [ 27.901527405000024, 42.884029389000034 ], [ 27.901805878000062, 42.884029389000034 ], [ 27.901805878000062, 42.883750916000167 ], [ 27.901527405000024, 42.883750916000167 ], [ 27.901527405000024, 42.882915497000056 ], [ 27.901250839000056, 42.882915497000056 ], [ 27.901250839000056, 42.882637024000189 ], [ 27.900972366000019, 42.882637024000189 ], [ 27.900972366000019, 42.881526947000111 ], [ 27.900693892999982, 42.881526947000111 ], [ 27.900693892999982, 42.881248474000074 ], [ 27.900417328000117, 42.881248474000074 ], [ 27.900417328000117, 42.880695343000014 ], [ 27.90013885500008, 42.880695343000014 ], [ 27.90013885500008, 42.88013839700011 ], [ 27.900417328000117, 42.88013839700011 ], [ 27.900417328000117, 42.878749847000165 ], [ 27.90013885500008, 42.878749847000165 ], [ 27.90013885500008, 42.877918243000124 ], [ 27.899860382000043, 42.877918243000124 ], [ 27.899860382000043, 42.877639770000087 ], [ 27.899583816000074, 42.877639770000087 ], [ 27.899583816000074, 42.87736129700005 ], [ 27.899305343000037, 42.87736129700005 ], [ 27.899305343000037, 42.877082824000183 ], [ 27.899026870000171, 42.877082824000183 ], [ 27.899026870000171, 42.876251220000142 ], [ 27.898750305000135, 42.876251220000142 ], [ 27.898750305000135, 42.875694276000047 ], [ 27.898471832000098, 42.875694276000047 ], [ 27.898471832000098, 42.87541580300018 ], [ 27.89819526600013, 42.87541580300018 ], [ 27.89819526600013, 42.874862672000177 ], [ 27.897916793000093, 42.874862672000177 ], [ 27.897916793000093, 42.872917176000101 ], [ 27.89819526600013, 42.872917176000101 ], [ 27.89819526600013, 42.871807099000193 ], [ 27.898471832000098, 42.871807099000193 ], [ 27.898471832000098, 42.869583130000137 ], [ 27.898750305000135, 42.869583130000137 ], [ 27.898750305000135, 42.869026184000063 ], [ 27.899026870000171, 42.869026184000063 ], [ 27.899026870000171, 42.868194580000193 ], [ 27.899305343000037, 42.868194580000193 ], [ 27.899305343000037, 42.867637634000118 ], [ 27.899583816000074, 42.867637634000118 ], [ 27.899583816000074, 42.867362976000095 ], [ 27.899860382000043, 42.867362976000095 ], [ 27.899860382000043, 42.866527556999984 ], [ 27.899583816000074, 42.866527556999984 ], [ 27.899583816000074, 42.866249084000117 ], [ 27.899305343000037, 42.866249084000117 ], [ 27.899305343000037, 42.863750459000073 ], [ 27.899583816000074, 42.863750459000073 ], [ 27.899583816000074, 42.862640382000166 ], [ 27.899860382000043, 42.862640382000166 ], [ 27.899860382000043, 42.862083436000091 ], [ 27.90013885500008, 42.862083436000091 ], [ 27.90013885500008, 42.861526490000188 ], [ 27.900417328000117, 42.861526490000188 ], [ 27.900417328000117, 42.86125183200005 ], [ 27.900972366000019, 42.86125183200005 ], [ 27.900972366000019, 42.857639313000163 ], [ 27.901250839000056, 42.857639313000163 ], [ 27.901250839000056, 42.856529236000085 ], [ 27.901527405000024, 42.856529236000085 ], [ 27.901527405000024, 42.856250763000048 ], [ 27.902082443000154, 42.856250763000048 ], [ 27.902082443000154, 42.855972290000182 ], [ 27.902360916000191, 42.855972290000182 ], [ 27.902360916000191, 42.855693817000144 ], [ 27.902639389000058, 42.855693817000144 ], [ 27.902639389000058, 42.855415344000107 ], [ 27.903194428000063, 42.855415344000107 ], [ 27.903194428000063, 42.853748323000104 ], [ 27.902639389000058, 42.853748323000104 ], [ 27.902639389000058, 42.853473663000102 ], [ 27.901250839000056, 42.853473663000102 ], [ 27.901250839000056, 42.853748323000104 ], [ 27.900417328000117, 42.853748323000104 ], [ 27.900417328000117, 42.854026794000163 ], [ 27.898622514000124, 42.854026794000163 ], [ 27.897916793000093, 42.854026794000163 ], [ 27.897916793000093, 42.854305267000029 ], [ 27.895971297000074, 42.854305267000029 ], [ 27.895971297000074, 42.854583740000066 ], [ 27.895139692999976, 42.854583740000066 ], [ 27.895139692999976, 42.854862213000104 ], [ 27.893472671999973, 42.854862213000104 ], [ 27.893472671999973, 42.854583740000066 ], [ 27.892915726000126, 42.854583740000066 ], [ 27.892915726000126, 42.854305267000029 ], [ 27.892360688000167, 42.854305267000029 ], [ 27.892360688000167, 42.854026794000163 ], [ 27.891805649000162, 42.854026794000163 ], [ 27.891805649000162, 42.853748323000104 ], [ 27.891250611000089, 42.853748323000104 ], [ 27.891250611000089, 42.853473663000102 ], [ 27.890972138000052, 42.853473663000102 ], [ 27.890972138000052, 42.852916719000063 ], [ 27.89013862600018, 42.852916719000063 ], [ 27.89013862600018, 42.852638246000026 ], [ 27.889862061000144, 42.852638246000026 ], [ 27.889860153000143, 42.85235977300016 ], [ 27.88930511500007, 42.85235977300016 ], [ 27.88930511500007, 42.852085115000136 ], [ 27.889028549000102, 42.852085115000136 ], [ 27.889028549000102, 42.851806642000099 ], [ 27.888750076000065, 42.851806642000099 ], [ 27.888750076000065, 42.851528169000062 ], [ 27.888471603000028, 42.851528169000062 ], [ 27.888471603000028, 42.851249696000025 ], [ 27.888195038000106, 42.851249696000025 ], [ 27.888195038000106, 42.850971222999988 ], [ 27.887638092000032, 42.850971222999988 ], [ 27.887638092000032, 42.850692750000178 ], [ 27.887361526000063, 42.850692750000178 ], [ 27.887361526000063, 42.850418092000155 ], [ 27.886806488000161, 42.850418092000155 ], [ 27.886804579999989, 42.850139619000117 ], [ 27.886528015000124, 42.850139619000117 ], [ 27.886528015000124, 42.84986114600008 ], [ 27.886249542000087, 42.84986114600008 ], [ 27.886249542000087, 42.849582673000043 ], [ 27.885972976000119, 42.849582673000043 ], [ 27.885972976000119, 42.848751069000173 ], [ 27.885694503000082, 42.848751069000173 ], [ 27.885694503000082, 42.848472596000136 ], [ 27.885416030000044, 42.848472596000136 ], [ 27.885416030000044, 42.848194123000098 ], [ 27.885139465000179, 42.848194123000098 ], [ 27.885139465000179, 42.846805573000154 ], [ 27.884582519000105, 42.846805573000154 ], [ 27.884582519000105, 42.84624862700008 ], [ 27.884305953000137, 42.84624862700008 ], [ 27.884305953000137, 42.845973969000056 ], [ 27.8840274800001, 42.845973969000056 ], [ 27.8840274800001, 42.845138550000115 ], [ 27.883750915000064, 42.845138550000115 ], [ 27.883750915000064, 42.844581604000041 ], [ 27.883472444000176, 42.844581604000041 ], [ 27.883472444000176, 42.843750000000171 ], [ 27.883193971000139, 42.843750000000171 ], [ 27.883193971000139, 42.842639923000092 ], [ 27.882917405000171, 42.842639923000092 ], [ 27.882917405000171, 42.842082978000121 ], [ 27.882638932000134, 42.842082978000121 ], [ 27.882638932000134, 42.840137482000046 ], [ 27.882360459000097, 42.840137482000046 ], [ 27.882360459000097, 42.839584351000042 ], [ 27.882083894000061, 42.839584351000042 ], [ 27.882083894000061, 42.839027405000138 ], [ 27.882360459000097, 42.839027405000138 ], [ 27.882360459000097, 42.835693359000174 ], [ 27.882638932000134, 42.835693359000174 ], [ 27.882638932000134, 42.833686828000111 ] ] ] ] } },
{ "type": "Feature", "properties": { "fid": 220, "GID_2": "BGR.24.5_1", "GID_0": "BGR", "COUNTRY": "Bulgaria", "GID_1": "BGR.24_1", "NAME_1": "Varna", "NL_NAME_1": "Варна", "NAME_2": "Dalgopol", "VARNAME_2": "NA", "NL_NAME_2": "NA", "TYPE_2": "Obshtina", "ENGTYPE_2": "Municipality", "CC_2": "NA", "HASC_2": "BG.VN.DA" }, "geometry": { "type": "MultiPolygon", "coordinates": [ [ [ [ 27.407987595000179, 42.924137116000054 ], [ 27.403781891000165, 42.925327302000142 ], [ 27.400499344000082, 42.926284790000125 ], [ 27.398609161000081, 42.92800521800018 ], [ 27.39667892500006, 42.92917251700004 ], [ 27.395086288000186, 42.930328369000108 ], [ 27.393831252000098, 42.931468965000136 ], [ 27.390924453000025, 42.932956695000144 ], [ 27.387325287000124, 42.934204103000127 ], [ 27.38378143400007, 42.936264039000037 ], [ 27.38116073600014, 42.937194825000176 ], [ 27.378568649000158, 42.938396454000042 ], [ 27.375322342000061, 42.939884187000075 ], [ 27.373350143000039, 42.940502168000137 ], [ 27.371044159, 42.941158294000104 ], [ 27.369485856000153, 42.942844391000051 ], [ 27.367607116000102, 42.944816590000073 ], [ 27.367034912, 42.946186067000156 ], [ 27.365791321000074, 42.947589875000119 ], [ 27.36488914600011, 42.94897079499998 ], [ 27.363351822000141, 42.951198579000106 ], [ 27.36279869100008, 42.952838899000142 ], [ 27.361238480000054, 42.954528808000077 ], [ 27.360006332000069, 42.956192015999989 ], [ 27.357538224000109, 42.95775222900005 ], [ 27.35413551400012, 42.960788726000033 ], [ 27.34787368800005, 42.964515686000027 ], [ 27.34582328800019, 42.966335296000125 ], [ 27.337221145000171, 42.96841430600017 ], [ 27.327754974000186, 42.969345092000083 ], [ 27.319766998999967, 42.970783234000066 ], [ 27.310308456000143, 42.973400117000153 ], [ 27.299999238000169, 42.975448608000079 ], [ 27.287952423000036, 42.975776673000155 ], [ 27.281112670000141, 42.975944519000166 ], [ 27.271968842000092, 42.976715088000049 ], [ 27.26350402800017, 42.977455140000188 ], [ 27.25579261900009, 42.978725434000125 ], [ 27.247964859000092, 42.979404449000128 ], [ 27.240060807000134, 42.980075837000072 ], [ 27.232864379000148, 42.980148316000111 ], [ 27.228057862000071, 42.980209351000099 ], [ 27.219999314000177, 42.979705810000098 ], [ 27.214294434000124, 42.978603363000104 ], [ 27.206045150000023, 42.975822448000088 ], [ 27.197702407000122, 42.971866608000028 ], [ 27.192571640999972, 42.967887879000045 ], [ 27.18742942800003, 42.963901519999979 ], [ 27.178159713000184, 42.958808899000076 ], [ 27.168094634000056, 42.954292297000109 ], [ 27.159738540000035, 42.950908661000085 ], [ 27.148962020000113, 42.947563172000173 ], [ 27.14157676700006, 42.946491241 ], [ 27.136722564000138, 42.945960999000192 ], [ 27.130399703000023, 42.947193147000178 ], [ 27.128000260000192, 42.947231293000129 ], [ 27.129207612000073, 42.948867798000094 ], [ 27.130828858000086, 42.95215988200016 ], [ 27.131549835000158, 42.954032897000161 ], [ 27.132110596000075, 42.95648574900008 ], [ 27.132841110000129, 42.958499909000068 ], [ 27.133594513000048, 42.960792541000046 ], [ 27.134553910000079, 42.96280670100009 ], [ 27.135272978999978, 42.964382172000171 ], [ 27.135803222999982, 42.96596908600003 ], [ 27.136585235000041, 42.968410493000135 ], [ 27.137367249000079, 42.970714569000165 ], [ 27.137479782000071, 42.972301483000194 ], [ 27.137613296000097, 42.974025727000026 ], [ 27.137777329000073, 42.976333617000023 ], [ 27.13772964400016, 42.978492736000078 ], [ 27.135860444, 42.980815887000176 ], [ 27.133983611000076, 42.98285675 ], [ 27.132209778000117, 42.983753205000028 ], [ 27.12981033300008, 42.984352113 ], [ 27.127798081000037, 42.984668733000092 ], [ 27.125577927000052, 42.984855652000192 ], [ 27.123146057999975, 42.985164643000132 ], [ 27.12054824900008, 42.985626220000029 ], [ 27.118345261000059, 42.985805511000194 ], [ 27.11593437200014, 42.985832215000073 ], [ 27.113534928000036, 42.986019134 ], [ 27.111104966000084, 42.98590850800008 ], [ 27.108663559000149, 42.985504150000054 ], [ 27.106643677000136, 42.985378266000112 ], [ 27.102022171000044, 42.985736848000101 ], [ 27.099235535000048, 42.986503601000038 ], [ 27.09690856900005, 42.987987518000182 ], [ 27.096265793000157, 42.990592958000093 ], [ 27.096555710000075, 42.992027283000027 ], [ 27.097057343000131, 42.993457795000097 ], [ 27.097965241000111, 42.995185853000066 ], [ 27.09956169100019, 42.997894287000179 ], [ 27.100273131000108, 42.99947738700007 ], [ 27.101589203000117, 43.001323701000047 ], [ 27.102518081000028, 43.003185273000042 ], [ 27.103248596000185, 43.005184174000192 ], [ 27.104019164000135, 43.007617950999986 ], [ 27.10441017200003, 43.010791779000044 ], [ 27.104225159000066, 43.011081695000087 ], [ 27.103927612000064, 43.01266861 ], [ 27.102792739000051, 43.01397323600014 ], [ 27.101062775000059, 43.015312196000082 ], [ 27.099103927000158, 43.016342164000037 ], [ 27.095769883000173, 43.017986299000086 ], [ 27.093599319000191, 43.019027709999989 ], [ 27.090652465000062, 43.020362855000087 ], [ 27.089300155000103, 43.021549226000104 ], [ 27.088386536000087, 43.023143768000068 ], [ 27.089952470000128, 43.025581360000103 ], [ 27.093261718000065, 43.026668548000032 ], [ 27.095304489000057, 43.026924133000136 ], [ 27.097753524999973, 43.027305603000059 ], [ 27.099826813000107, 43.027572633000148 ], [ 27.102275848000147, 43.027374269000063 ], [ 27.104518890000122, 43.027225494000106 ], [ 27.106918335000159, 43.026451111000029 ], [ 27.109558106000179, 43.026130676000093 ], [ 27.113620759000128, 43.025779724000188 ], [ 27.116472245000182, 43.025737762000119 ], [ 27.118703842000173, 43.025562286000138 ], [ 27.121553421000101, 43.025379181000176 ], [ 27.124614715000121, 43.025474548000147 ], [ 27.128889083999979, 43.025413514000093 ], [ 27.131341935000023, 43.025535583000135 ], [ 27.133625031000065, 43.026084901000104 ], [ 27.13634681700006, 43.027198791000103 ], [ 27.137727737000091, 43.029483795000147 ], [ 27.138908387000072, 43.031768800000123 ], [ 27.139448167000126, 43.033771516000115 ], [ 27.140073776000122, 43.036788940000179 ], [ 27.140846252000074, 43.039070129000038 ], [ 27.14299011300011, 43.040634155000077 ], [ 27.144857406000142, 43.041179658000033 ], [ 27.147390366000138, 43.042587281000067 ], [ 27.149665833000029, 43.043281555000135 ], [ 27.15291595500014, 43.043388367000091 ], [ 27.156972886000176, 43.043350220000036 ], [ 27.160789490000127, 43.042869568000071 ], [ 27.165624619000084, 43.042522431000179 ], [ 27.168865203000166, 43.042339325000171 ], [ 27.171285629000067, 43.042171478 ], [ 27.173719406000089, 43.042140961000086 ], [ 27.176361084000121, 43.042110444000116 ], [ 27.178583146000165, 43.042076110000153 ], [ 27.182243347000053, 43.04233169500003 ], [ 27.184698105000109, 43.042583466000167 ], [ 27.187150955, 43.042999268000131 ], [ 27.189426422000111, 43.043682098000147 ], [ 27.191093445000092, 43.044384003000062 ], [ 27.193109511999978, 43.045131683000079 ], [ 27.196809770000073, 43.045948029000101 ], [ 27.198875427000019, 43.046634674000188 ], [ 27.201139450000028, 43.047332764000032 ], [ 27.20320510900018, 43.048027039000033 ], [ 27.205261231000122, 43.048435211000026 ], [ 27.208105087000035, 43.04884719800009 ], [ 27.210947036999983, 43.049247741000102 ], [ 27.215007782000157, 43.049770356000124 ], [ 27.218450546000099, 43.050174713000104 ], [ 27.222898483000165, 43.050544739000145 ], [ 27.227315902000157, 43.050655365000068 ], [ 27.231136321000179, 43.050605775000065 ], [ 27.234119416000169, 43.050292968000178 ], [ 27.237100601000179, 43.049968719999981 ], [ 27.239484787000094, 43.049659728 ], [ 27.24187850900006, 43.049644469999976 ], [ 27.244470596000042, 43.049606323000148 ], [ 27.247423172000083, 43.04913330100004 ], [ 27.250900269000113, 43.047813416 ], [ 27.253854751000176, 43.047622680000018 ], [ 27.255840301000148, 43.047744751000096 ], [ 27.258464814000092, 43.048721313999977 ], [ 27.259231567000029, 43.051422118000175 ], [ 27.259395600000062, 43.053722381000171 ], [ 27.257972718000076, 43.055912019000118 ], [ 27.25611114600008, 43.057502746000068 ], [ 27.252904891000071, 43.059844971000132 ], [ 27.250822068000161, 43.061012268000184 ], [ 27.248550415000011, 43.062625886000092 ], [ 27.246469497000135, 43.064224243000069 ], [ 27.244787216000134, 43.066116334000071 ], [ 27.245111466000139, 43.06769943300003 ], [ 27.24642181400003, 43.069385530000034 ], [ 27.245441436000078, 43.072566987000073 ], [ 27.244348525000191, 43.074150086000088 ], [ 27.24329567000018, 43.076316835 ], [ 27.241304397000192, 43.079490661000079 ], [ 27.240453720000062, 43.081657410000048 ], [ 27.239799499000185, 43.083820344000117 ], [ 27.238359452000168, 43.086410523000097 ], [ 27.238534928000092, 43.088989258000026 ], [ 27.23908805800005, 43.091262818000018 ], [ 27.239820480000049, 43.093276977000187 ], [ 27.240722655000184, 43.095832824000183 ], [ 27.24437522900007, 43.096214295000038 ], [ 27.249845505000053, 43.097240448000093 ], [ 27.254150391999985, 43.098915100999989 ], [ 27.258146286000056, 43.100814820000096 ], [ 27.260303498000042, 43.102069853999978 ], [ 27.263061524000136, 43.103557586000193 ], [ 27.26555061300013, 43.105468751000103 ], [ 27.267421721, 43.107170105000193 ], [ 27.269889832000047, 43.108867645000146 ], [ 27.271709442000144, 43.109909059000188 ], [ 27.274396896000098, 43.110752106000177 ], [ 27.277322770000069, 43.110904693000123 ], [ 27.279924392000055, 43.11063385000017 ], [ 27.2822113040001, 43.110153198000035 ], [ 27.282966614000031, 43.108192444000167 ], [ 27.280740738000077, 43.105205536000085 ], [ 27.278282165000121, 43.103084564000142 ], [ 27.276731490000031, 43.101612090000117 ], [ 27.276027679000151, 43.099670411000147 ], [ 27.275852204000103, 43.097072602000082 ], [ 27.278394698000113, 43.095726014000036 ], [ 27.281568527000104, 43.095451356000012 ], [ 27.28478431700006, 43.096031189000144 ], [ 27.289447784, 43.096801757000151 ], [ 27.295282364000116, 43.098396301999969 ], [ 27.299430846000178, 43.100673676000099 ], [ 27.305412292000028, 43.101173402000086 ], [ 27.308889389000058, 43.102363588000173 ], [ 27.311725617000036, 43.102714539000146 ], [ 27.313920975000144, 43.101787568000077 ], [ 27.317504883000026, 43.100807190000182 ], [ 27.321489335000024, 43.101764680000144 ], [ 27.326234817000113, 43.101829528 ], [ 27.32930374100016, 43.101947786000039 ], [ 27.332576752000023, 43.101192475000175 ], [ 27.335321426000064, 43.100872040000183 ], [ 27.338006974000052, 43.099468232000049 ], [ 27.339229584000122, 43.09704971400015 ], [ 27.341020585000081, 43.095031739000035 ], [ 27.345054626000035, 43.093589784000187 ], [ 27.351989746000072, 43.094856263000111 ], [ 27.357095718000096, 43.098102570000037 ], [ 27.361152648000029, 43.101837158000137 ], [ 27.366611481000064, 43.106609344000105 ], [ 27.371784209000168, 43.11138153100012 ], [ 27.374940872000138, 43.114269256000057 ], [ 27.378843307000182, 43.116481782000164 ], [ 27.385335922000081, 43.116828918000124 ], [ 27.39185714700011, 43.118270873000142 ], [ 27.398332596000046, 43.11923980600011 ], [ 27.403673171000037, 43.119396211000151 ], [ 27.410308837, 43.11925125200014 ], [ 27.41586876000008, 43.118934632000048 ], [ 27.419281005000016, 43.118522644999985 ], [ 27.422433853000143, 43.117900848000147 ], [ 27.425542831000143, 43.116855622000173 ], [ 27.427007674000151, 43.114818574000026 ], [ 27.429233550999982, 43.112316132000103 ], [ 27.430448533000174, 43.110282899000026 ], [ 27.430528642000127, 43.106807709000066 ], [ 27.430339813000046, 43.103778839000086 ], [ 27.429161072000113, 43.101688386000035 ], [ 27.427982330000134, 43.099586488000057 ], [ 27.426223755000024, 43.096649170000035 ], [ 27.425804138000046, 43.094081880000033 ], [ 27.426965713000129, 43.091403962000186 ], [ 27.428680420000148, 43.08891296500002 ], [ 27.42792892500006, 43.085056304000034 ], [ 27.428119659, 43.079402924000192 ], [ 27.429063798000072, 43.077392578000115 ], [ 27.43155670200008, 43.074844361000032 ], [ 27.435216904000072, 43.073989868000126 ], [ 27.446136475, 43.075035095000032 ], [ 27.449426650000191, 43.07721328700012 ], [ 27.45214653, 43.07845306500019 ], [ 27.456438064000167, 43.079490661000079 ], [ 27.46261596800008, 43.081249238000169 ], [ 27.468015671000046, 43.083076477000134 ], [ 27.473047257000133, 43.083187104000103 ], [ 27.477519989000029, 43.08266067500017 ], [ 27.481979370000147, 43.081722260000049 ], [ 27.486886978000143, 43.079395294000108 ], [ 27.484544753000023, 43.07806396400008 ], [ 27.481653213000072, 43.074916839000025 ], [ 27.479709626000101, 43.072811128000126 ], [ 27.476741790000062, 43.068191529000103 ], [ 27.476581573000033, 43.065231323000091 ], [ 27.479951858000049, 43.060184479000156 ], [ 27.481592179000188, 43.056732177000129 ], [ 27.485082626000064, 43.053909302000079 ], [ 27.491077424000082, 43.046459198000036 ], [ 27.492752075, 43.043781280000189 ], [ 27.49445533700009, 43.041053772000112 ], [ 27.491851808000035, 43.034904479000147 ], [ 27.489343643000097, 43.030971527000133 ], [ 27.487432481000042, 43.029254914000148 ], [ 27.481105804000151, 43.022968292000087 ], [ 27.474390030000166, 43.017070771000192 ], [ 27.471813201000032, 43.012035370000035 ], [ 27.470705032000069, 43.008762359 ], [ 27.471452712000087, 43.005744935000109 ], [ 27.472747803000061, 43.004180909000183 ], [ 27.477130890000069, 43.000564575000112 ], [ 27.479839325000114, 42.999633789000029 ], [ 27.483926774000167, 42.998638153000059 ], [ 27.487987519000171, 42.996898651000038 ], [ 27.491163253000025, 42.99596023700019 ], [ 27.49377441300004, 42.992824555000084 ], [ 27.493673325000032, 42.990966798000102 ], [ 27.493890763000081, 42.986125946000129 ], [ 27.493181228000083, 42.981330871000182 ], [ 27.493028640999967, 42.978729249000025 ], [ 27.492828369000108, 42.975040436000086 ], [ 27.493030548000036, 42.969837188000156 ], [ 27.493762970000091, 42.966079712000123 ], [ 27.493495942000038, 42.961254120000149 ], [ 27.493762970000091, 42.957145691000107 ], [ 27.494773865000127, 42.949668885000051 ], [ 27.498298645000091, 42.945365906000063 ], [ 27.500328065000133, 42.939311982000106 ], [ 27.49922561600016, 42.936023713000054 ], [ 27.498205185000188, 42.934623718000125 ], [ 27.495735168000181, 42.93213653600003 ], [ 27.491851808000035, 42.929779053000118 ], [ 27.486623763000125, 42.928230286000144 ], [ 27.481414794000159, 42.927043915000127 ], [ 27.471097945000167, 42.926170349000131 ], [ 27.465501786000118, 42.925750732000154 ], [ 27.454805374000102, 42.925643922 ], [ 27.446060180000188, 42.926532746000191 ], [ 27.441015243000152, 42.927204132000156 ], [ 27.436408997000058, 42.92745590200019 ], [ 27.430852890000153, 42.927391052000189 ], [ 27.425336838000078, 42.927696228000173 ], [ 27.42161941400019, 42.927520752000078 ], [ 27.417409897000141, 42.926635743000134 ], [ 27.41410637000007, 42.925693512000066 ], [ 27.408500672000059, 42.924865723000039 ], [ 27.407987595000179, 42.924137116000054 ] ] ] ] } },
{ "type": "Feature", "properties": { "fid": 221, "GID_2": "BGR.24.6_1", "GID_0": "BGR", "COUNTRY": "Bulgaria", "GID_1": "BGR.24_1", "NAME_1": "Varna", "NL_NAME_1": "Варна", "NAME_2": "Devnya", "VARNAME_2": "NA", "NL_NAME_2": "Девня", "TYPE_2": "Obshtina", "ENGTYPE_2": "Municipality", "CC_2": "NA", "HASC_2": "BG.VN.DE" }, "geometry": { "type": "MultiPolygon", "coordinates": [ [ [ [ 27.648841857000093, 43.250358583000093 ], [ 27.651866913000106, 43.24763488800005 ], [ 27.659383773000172, 43.242149353000116 ], [ 27.6603202820001, 43.241184235000048 ], [ 27.663135529000101, 43.238300323000146 ], [ 27.667661666000015, 43.235542298000155 ], [ 27.671213150000085, 43.232265472000051 ], [ 27.673856736000118, 43.230506897000168 ], [ 27.677450180000108, 43.227779389000091 ], [ 27.679368972000077, 43.225681306000126 ], [ 27.680561066000109, 43.224525452000023 ], [ 27.682674407000093, 43.221736909000128 ], [ 27.679494858000169, 43.219951630000139 ], [ 27.674053193000134, 43.215911866 ], [ 27.670093537000071, 43.212371825000105 ], [ 27.665649414000143, 43.208866119000163 ], [ 27.660469053999975, 43.204105378000122 ], [ 27.653413773000011, 43.201633454000103 ], [ 27.64714431699997, 43.20062255900018 ], [ 27.640703201000122, 43.201103210000099 ], [ 27.636154175000172, 43.200946808000083 ], [ 27.631425858000171, 43.201908112000069 ], [ 27.628393173000177, 43.203899383000078 ], [ 27.626310348000061, 43.205650330000083 ], [ 27.623464585000022, 43.205612183000028 ], [ 27.620847702000162, 43.204643250000061 ], [ 27.618213654000158, 43.203128815000071 ], [ 27.616752625000174, 43.202281952000078 ], [ 27.616409302000079, 43.20229339600013 ], [ 27.615625381000143, 43.203628540000125 ], [ 27.604515075000165, 43.207904816000109 ], [ 27.598478317000172, 43.20859527600004 ], [ 27.594806672000061, 43.209903717000032 ], [ 27.592470170000183, 43.209300996000138 ], [ 27.58596038800016, 43.20859527600004 ], [ 27.583194733000028, 43.20837402300009 ], [ 27.579593659000125, 43.21079635600006 ], [ 27.573659896000095, 43.211891175000176 ], [ 27.566854477000163, 43.213047027000016 ], [ 27.563669205000053, 43.2132453910001 ], [ 27.559547425000062, 43.212795258000085 ], [ 27.553977966000161, 43.209815980000144 ], [ 27.54930687000018, 43.208770752000135 ], [ 27.548952103000033, 43.208679200000063 ], [ 27.545141220000119, 43.214817047000111 ], [ 27.543096542000058, 43.21971893400007 ], [ 27.540180207000105, 43.225410461000195 ], [ 27.53094482500012, 43.230434419000176 ], [ 27.525226594000117, 43.232639313 ], [ 27.517885208000052, 43.238639831000171 ], [ 27.513183595000157, 43.243350982000152 ], [ 27.513439179000159, 43.249454498000148 ], [ 27.513603210000156, 43.252853394000169 ], [ 27.514842988000055, 43.261215209000056 ], [ 27.518165588000159, 43.266124726000101 ], [ 27.523191452000162, 43.269100189000028 ], [ 27.526845932000185, 43.27106857300015 ], [ 27.532291413000166, 43.273662567000031 ], [ 27.537700654, 43.274780274000022 ], [ 27.541372298000056, 43.276771545000031 ], [ 27.543710708000106, 43.279201507000039 ], [ 27.545644761000119, 43.282783509000126 ], [ 27.546247482000183, 43.286796570000035 ], [ 27.546403884000142, 43.290843965000192 ], [ 27.547466279000048, 43.295204162000061 ], [ 27.552587509000091, 43.28826141400009 ], [ 27.558799743000066, 43.286041260000104 ], [ 27.569553376000101, 43.28358459500015 ], [ 27.576280594000025, 43.281723023000097 ], [ 27.583984375000171, 43.280170440000177 ], [ 27.591276169000082, 43.279418945000089 ], [ 27.594036101000142, 43.28000640900018 ], [ 27.60050010700013, 43.280788421000068 ], [ 27.603778840000075, 43.282474518000186 ], [ 27.60565567000009, 43.283496858000035 ], [ 27.609376907000069, 43.284420014000034 ], [ 27.612569809000092, 43.283512116000054 ], [ 27.616188049000186, 43.281112671000074 ], [ 27.620742797999981, 43.278297424000073 ], [ 27.627977371000043, 43.270912171000191 ], [ 27.631629943000121, 43.267784119000169 ], [ 27.634811401999968, 43.263946534000183 ], [ 27.639837265000097, 43.258876802000088 ], [ 27.645832061000135, 43.253086091000171 ], [ 27.648841857000093, 43.250358583000093 ] ] ] ] } },
{ "type": "Feature", "properties": { "fid": 222, "GID_2": "BGR.24.7_1", "GID_0": "BGR", "COUNTRY": "Bulgaria", "GID_1": "BGR.24_1", "NAME_1": "Varna", "NL_NAME_1": "Варна", "NAME_2": "Dolni Chiflik", "VARNAME_2": "NA", "NL_NAME_2": "Долни чифлик", "TYPE_2": "Obshtina", "ENGTYPE_2": "Municipality", "CC_2": "NA", "HASC_2": "BG.VN.DC" }, "geometry": { "type": "MultiPolygon", "coordinates": [ [ [ [ 27.700271607000161, 42.889366150000058 ], [ 27.695186616000171, 42.89031982400013 ], [ 27.691478730000142, 42.890659333000031 ], [ 27.688888551000161, 42.890724183000088 ], [ 27.685195923000151, 42.891063691000113 ], [ 27.681135177999977, 42.891414643000189 ], [ 27.677442550000023, 42.89202880900001 ], [ 27.672658920000174, 42.893192291 ], [ 27.666376113000183, 42.894130708000148 ], [ 27.660848617000056, 42.894279480000193 ], [ 27.656419754000126, 42.894634246000066 ], [ 27.651632309999968, 42.895561219000115 ], [ 27.648685455000134, 42.895896913000172 ], [ 27.645362854000098, 42.896232606000126 ], [ 27.639848710000024, 42.897182465000128 ], [ 27.638866210000117, 42.897510460000149 ], [ 27.638165830000048, 42.897281129000135 ], [ 27.638004304000049, 42.897228241000164 ], [ 27.633218765000095, 42.89763641400009 ], [ 27.631452717000172, 42.897962140000061 ], [ 27.631123567000145, 42.898022848000096 ], [ 27.629909515000065, 42.89824676600017 ], [ 27.626976012000057, 42.898868562000075 ], [ 27.625692561000164, 42.899055084000054 ], [ 27.624830710000026, 42.89918033500004 ], [ 27.624770922000039, 42.899189002000128 ], [ 27.624730039000099, 42.899190305000161 ], [ 27.620346069000107, 42.899330139000028 ], [ 27.617209407000132, 42.899802267000155 ], [ 27.616135087000032, 42.899963973000069 ], [ 27.615936280000028, 42.899993897000058 ], [ 27.614246058000163, 42.900303834000169 ], [ 27.610820053000111, 42.900931958000115 ], [ 27.610791518000156, 42.900936237 ], [ 27.608993881000174, 42.901001727000107 ], [ 27.607860566000113, 42.901042939000149 ], [ 27.60565567000009, 42.901103974000137 ], [ 27.60234260500016, 42.900947572000177 ], [ 27.600192800000173, 42.900813534000065 ], [ 27.598905167000169, 42.90073325200018 ], [ 27.596836090000124, 42.900604247999979 ], [ 27.596220211000059, 42.900626206000027 ], [ 27.594977502000177, 42.900670511000044 ], [ 27.592449189000149, 42.900760651000041 ], [ 27.589971333000108, 42.90085160600006 ], [ 27.588812000000189, 42.900894000000164 ], [ 27.587634898000147, 42.900850847000072 ], [ 27.585184097000138, 42.900760651000041 ], [ 27.582284928000149, 42.900615692000031 ], [ 27.579387665000127, 42.900470735000056 ], [ 27.57874144200008, 42.900375876000112 ], [ 27.578484, 42.900338 ], [ 27.576477000000125, 42.900043 ], [ 27.572115000000167, 42.899158 ], [ 27.569933000000105, 42.898712000000103 ], [ 27.56668430000002, 42.898318936000067 ], [ 27.564027049000174, 42.898075657000106 ], [ 27.562730789000057, 42.897956849000082 ], [ 27.562074965000136, 42.897860685000126 ], [ 27.559843000000114, 42.897533 ], [ 27.559809979000136, 42.897520385000178 ], [ 27.557528939000065, 42.896648934000098 ], [ 27.555511476, 42.895877838999979 ], [ 27.551897049, 42.894439697 ], [ 27.548280717000125, 42.892753601000152 ], [ 27.546208340000135, 42.891633250000098 ], [ 27.544721467000159, 42.890829429000064 ], [ 27.539615631000117, 42.88806915400005 ], [ 27.538985945000036, 42.887729070000148 ], [ 27.538831388000119, 42.887645596000027 ], [ 27.537807464000139, 42.887092590000066 ], [ 27.53489685, 42.88482284600002 ], [ 27.534507237000184, 42.88474520300008 ], [ 27.534396028000117, 42.884723041000029 ], [ 27.532772065000131, 42.884399413999972 ], [ 27.530637740000031, 42.883701324000128 ], [ 27.528175355000144, 42.883541107000099 ], [ 27.525375366, 42.883686066000109 ], [ 27.521869659000117, 42.883598327000072 ], [ 27.519807815000036, 42.88423919700017 ], [ 27.517473221000159, 42.88649749800004 ], [ 27.51617431700015, 42.888431548000028 ], [ 27.514226914000062, 42.891483306000111 ], [ 27.512247086, 42.893733979000046 ], [ 27.512144641000134, 42.893774332000135 ], [ 27.511233190000155, 42.894133344000181 ], [ 27.509874345000071, 42.89466858000003 ], [ 27.506118774000129, 42.89540863000019 ], [ 27.50345258800013, 42.895357641000146 ], [ 27.50232655800005, 42.89533560700005 ], [ 27.499964717000125, 42.894955799000115 ], [ 27.499910355000054, 42.894947053000067 ], [ 27.49908087100016, 42.894775852 ], [ 27.498295225000163, 42.894613727000035 ], [ 27.497821544000146, 42.894515979000118 ], [ 27.497796190000031, 42.894514775000175 ], [ 27.49267959600013, 42.894271852000088 ], [ 27.491996297000185, 42.89423388900002 ], [ 27.491502945000036, 42.894206481000083 ], [ 27.490276337000182, 42.894138336000026 ], [ 27.487678881000193, 42.894057770000131 ], [ 27.487394503000132, 42.894048949000194 ], [ 27.487201750000054, 42.894042971000033 ], [ 27.484116, 42.893688000000111 ], [ 27.481259, 42.893277000000182 ], [ 27.480371665000064, 42.893149631000028 ], [ 27.480005265000159, 42.89309692400019 ], [ 27.478528247000156, 42.892837914000097 ], [ 27.477658165000094, 42.892685335000181 ], [ 27.476568222000083, 42.892494201000147 ], [ 27.47279358000003, 42.891624450000052 ], [ 27.470667892, 42.891391382000108 ], [ 27.469266475000154, 42.89123772500011 ], [ 27.468027114000165, 42.891101838000168 ], [ 27.467847872000107, 42.891250569000135 ], [ 27.461267472000088, 42.891220094000175 ], [ 27.457918168000049, 42.891674042000091 ], [ 27.453617096000187, 42.892993927000134 ], [ 27.450010300000031, 42.89455413800016 ], [ 27.447387694000099, 42.895774842000094 ], [ 27.445489883000164, 42.89749527000015 ], [ 27.439258575999986, 42.899993897000058 ], [ 27.434385300000031, 42.90242385900018 ], [ 27.429237366000052, 42.905658723000158 ], [ 27.423477174000027, 42.909740449000026 ], [ 27.417724609000061, 42.913833618000183 ], [ 27.412101746000133, 42.919792175000168 ], [ 27.409639358000163, 42.922859192000033 ], [ 27.407987595000179, 42.924137116000054 ], [ 27.408500672000059, 42.924865723000039 ], [ 27.41410637000007, 42.925693512000066 ], [ 27.417409897000141, 42.926635743000134 ], [ 27.42161941400019, 42.927520752000078 ], [ 27.425336838000078, 42.927696228000173 ], [ 27.430852890000153, 42.927391052000189 ], [ 27.436408997000058, 42.92745590200019 ], [ 27.441015243000152, 42.927204132000156 ], [ 27.446060180000188, 42.926532746000191 ], [ 27.454805374000102, 42.925643922 ], [ 27.465501786000118, 42.925750732000154 ], [ 27.471097945000167, 42.926170349000131 ], [ 27.481414794000159, 42.927043915000127 ], [ 27.486623763000125, 42.928230286000144 ], [ 27.491851808000035, 42.929779053000118 ], [ 27.495735168000181, 42.93213653600003 ], [ 27.498205185000188, 42.934623718000125 ], [ 27.49922561600016, 42.936023713000054 ], [ 27.500328065000133, 42.939311982000106 ], [ 27.498298645000091, 42.945365906000063 ], [ 27.494773865000127, 42.949668885000051 ], [ 27.493762970000091, 42.957145691000107 ], [ 27.493495942000038, 42.961254120000149 ], [ 27.493762970000091, 42.966079712000123 ], [ 27.493030548000036, 42.969837188000156 ], [ 27.492828369000108, 42.975040436000086 ], [ 27.493028640999967, 42.978729249000025 ], [ 27.493181228000083, 42.981330871000182 ], [ 27.493890763000081, 42.986125946000129 ], [ 27.493673325000032, 42.990966798000102 ], [ 27.49377441300004, 42.992824555000084 ], [ 27.491163253000025, 42.99596023700019 ], [ 27.487987519000171, 42.996898651000038 ], [ 27.483926774000167, 42.998638153000059 ], [ 27.479839325000114, 42.999633789000029 ], [ 27.477130890000069, 43.000564575000112 ], [ 27.472747803000061, 43.004180909000183 ], [ 27.471452712000087, 43.005744935000109 ], [ 27.470705032000069, 43.008762359 ], [ 27.471813201000032, 43.012035370000035 ], [ 27.474390030000166, 43.017070771000192 ], [ 27.481105804000151, 43.022968292000087 ], [ 27.487432481000042, 43.029254914000148 ], [ 27.489343643000097, 43.030971527000133 ], [ 27.491851808000035, 43.034904479000147 ], [ 27.49445533700009, 43.041053772000112 ], [ 27.492752075, 43.043781280000189 ], [ 27.491077424000082, 43.046459198000036 ], [ 27.485082626000064, 43.053909302000079 ], [ 27.481592179000188, 43.056732177000129 ], [ 27.479951858000049, 43.060184479000156 ], [ 27.476581573000033, 43.065231323000091 ], [ 27.476741790000062, 43.068191529000103 ], [ 27.479709626000101, 43.072811128000126 ], [ 27.481653213000072, 43.074916839000025 ], [ 27.484544753000023, 43.07806396400008 ], [ 27.486886978000143, 43.079395294000108 ], [ 27.49027061400011, 43.077812195000092 ], [ 27.493017197000086, 43.076984406000122 ], [ 27.496883391000097, 43.076953887000172 ], [ 27.502288819000057, 43.078330994000112 ], [ 27.505395890000159, 43.079097748000152 ], [ 27.507936477000158, 43.07914352500012 ], [ 27.511270523000121, 43.078937530000076 ], [ 27.515399934000129, 43.078334809000182 ], [ 27.520036698000069, 43.076957702000186 ], [ 27.523466109000026, 43.075435639000091 ], [ 27.526390076000155, 43.074821472 ], [ 27.532808304000071, 43.073215485000105 ], [ 27.534957884999983, 43.072875976000148 ], [ 27.536979675000111, 43.072635650000166 ], [ 27.53742027300018, 43.071899415000075 ], [ 27.537868499000126, 43.071166993000077 ], [ 27.535751342000026, 43.069469452000192 ], [ 27.534206390000065, 43.068149567000148 ], [ 27.533197402999974, 43.066909791000057 ], [ 27.533237457000098, 43.064964295000038 ], [ 27.534116746000109, 43.063285827000072 ], [ 27.535680771000102, 43.061904907000041 ], [ 27.537406922000059, 43.060920716000055 ], [ 27.540205001000174, 43.059455872000171 ], [ 27.54046630800002, 43.059383394000065 ], [ 27.545568467000066, 43.057224275000181 ], [ 27.549499512000125, 43.056236267000145 ], [ 27.553356170000029, 43.056648255000141 ], [ 27.555875778000143, 43.057804107000038 ], [ 27.558290481000029, 43.059600831000182 ], [ 27.561670304000131, 43.061454773000094 ], [ 27.56372261100006, 43.061233521000077 ], [ 27.565874099000041, 43.060241699000073 ], [ 27.568000794000056, 43.058277130000192 ], [ 27.56903266900008, 43.056289674000027 ], [ 27.570047379000016, 43.053943634000063 ], [ 27.570795059000091, 43.051532746000078 ], [ 27.572483063000107, 43.04862976000004 ], [ 27.574066163, 43.04616546699998 ], [ 27.575529099000107, 43.044353485000158 ], [ 27.577125549000186, 43.04233169500003 ], [ 27.579021455000031, 43.040706634000173 ], [ 27.581062316000043, 43.039295197000172 ], [ 27.582702637000182, 43.038349151000034 ], [ 27.584514618000071, 43.037929536000036 ], [ 27.5872974400001, 43.037361145000034 ], [ 27.590087891000167, 43.036998750000123 ], [ 27.593620299, 43.037460327000019 ], [ 27.595329284000115, 43.038238525000111 ], [ 27.597074509000038, 43.040096283000025 ], [ 27.597427368000183, 43.042343140000185 ], [ 27.597333908000053, 43.044288636000033 ], [ 27.596542359000068, 43.046157837000067 ], [ 27.595188140000175, 43.047950745000094 ], [ 27.594257354000092, 43.049724579000156 ], [ 27.594293593000145, 43.051342010000099 ], [ 27.596189499000161, 43.053512574000138 ], [ 27.598346711000147, 43.055019378999987 ], [ 27.600477218000094, 43.055774690000078 ], [ 27.605413437000038, 43.055740356000058 ], [ 27.607805251000059, 43.055419923000102 ], [ 27.610479354000063, 43.054519653000057 ], [ 27.613304139000093, 43.053638459000126 ], [ 27.616268158000139, 43.05231857299998 ], [ 27.618114472000116, 43.051689148000037 ], [ 27.620950700000151, 43.050598145000095 ], [ 27.624113083000054, 43.050991058000193 ], [ 27.627416610000125, 43.050743104000105 ], [ 27.630165099000067, 43.050949096000124 ], [ 27.632350922000171, 43.052364350000175 ], [ 27.633375167000111, 43.053707123000152 ], [ 27.634552002000191, 43.055381776000047 ], [ 27.635000227999967, 43.056983949000028 ], [ 27.635593414000027, 43.058887483000149 ], [ 27.635740280000107, 43.060592650999979 ], [ 27.635885239000118, 43.062316894000105 ], [ 27.636175156000036, 43.064338684000063 ], [ 27.636461259000157, 43.065933228000176 ], [ 27.636880874000155, 43.067749023000033 ], [ 27.637451172999988, 43.069873810000104 ], [ 27.637321472, 43.070453645000043 ], [ 27.639629365000133, 43.076602936000143 ], [ 27.644853592000061, 43.083087922000061 ], [ 27.646564483000134, 43.086154938 ], [ 27.650619507000101, 43.090446472000167 ], [ 27.654125214000032, 43.092082978000064 ], [ 27.658285142000125, 43.092365264000136 ], [ 27.661878585000181, 43.091777802000195 ], [ 27.664331435000065, 43.089889526000093 ], [ 27.666831970000146, 43.08667755099998 ], [ 27.671138764000148, 43.083404542000153 ], [ 27.675567627000191, 43.077907562000121 ], [ 27.681219101000124, 43.072368622000113 ], [ 27.683723449000183, 43.070060729000033 ], [ 27.688106537000124, 43.066364288000159 ], [ 27.693763732000036, 43.061302185999978 ], [ 27.699451446000069, 43.055355072000168 ], [ 27.701406480000173, 43.050834656000063 ], [ 27.701536178000083, 43.045497894999983 ], [ 27.700382231999981, 43.041969300000176 ], [ 27.698610306000091, 43.037559509000062 ], [ 27.697431564000112, 43.033130646000188 ], [ 27.698680877000186, 43.030876160000162 ], [ 27.699941636000119, 43.029052735 ], [ 27.702409744000079, 43.028102875000116 ], [ 27.704280852000181, 43.026718140000014 ], [ 27.708585739000114, 43.02659988500011 ], [ 27.712305068000092, 43.0269584670001 ], [ 27.716621397999972, 43.026840211000092 ], [ 27.720958709000115, 43.025848390000192 ], [ 27.723447800000088, 43.023998261000145 ], [ 27.725938797000083, 43.02260589600013 ], [ 27.729648591000057, 43.022518159000072 ], [ 27.734590530000162, 43.022403718000078 ], [ 27.741413117000036, 43.020927429000096 ], [ 27.746948242000144, 43.022125245000041 ], [ 27.752510070000085, 43.02199935900012 ], [ 27.764196395000056, 43.024890900000173 ], [ 27.772232056000121, 43.025165558000026 ], [ 27.777135849000047, 43.02729416000011 ], [ 27.782678603000193, 43.02852630600006 ], [ 27.787582398000097, 43.030654908000145 ], [ 27.796218873000157, 43.032276153999987 ], [ 27.803636550000078, 43.033481598000094 ], [ 27.809875488000102, 43.0333671570001 ], [ 27.813087463000045, 43.032730102000073 ], [ 27.817718505000016, 43.031478881000055 ], [ 27.826427461000151, 43.028228759000058 ], [ 27.831163405000098, 43.021800995000035 ], [ 27.835958480000102, 43.013824464000095 ], [ 27.838481903000115, 43.011581421000017 ], [ 27.842760086000112, 43.010795594000115 ], [ 27.84639549200017, 43.011192323000159 ], [ 27.849424363000082, 43.013454437000121 ], [ 27.851852417000032, 43.015281677000132 ], [ 27.854259490000175, 43.016681671000129 ], [ 27.857866287000093, 43.018188476000034 ], [ 27.861465454999973, 43.020141602000137 ], [ 27.865676880000024, 43.022621156000127 ], [ 27.869855881000035, 43.024242402000027 ], [ 27.874029158999974, 43.025844575000121 ], [ 27.878807068000185, 43.026153564000026 ], [ 27.886041642000123, 43.026332855000021 ], [ 27.88793754600016, 43.02659988500011 ], [ 27.8880786900001, 43.026508331000173 ], [ 27.888139725000087, 43.026805877000072 ], [ 27.888195038000106, 43.026805877000072 ], [ 27.888195038000106, 43.025970458000188 ], [ 27.888471603000028, 43.025970458000188 ], [ 27.888471603000028, 43.024860381000053 ], [ 27.888750076000065, 43.024860381000053 ], [ 27.888750076000065, 43.023471833000087 ], [ 27.888471603000028, 43.023471833000087 ], [ 27.888471603000028, 43.02236175600018 ], [ 27.888750076000065, 43.02236175600018 ], [ 27.888750076000065, 43.022083283000143 ], [ 27.889028549000102, 43.022083283000143 ], [ 27.889028549000102, 43.018470764000142 ], [ 27.888750076000065, 43.018470764000142 ], [ 27.888750076000065, 43.018196106000119 ], [ 27.888471603000028, 43.018196106000119 ], [ 27.888471603000028, 43.017639160000044 ], [ 27.888195038000106, 43.017639160000044 ], [ 27.888195038000106, 43.017360687000178 ], [ 27.887916565000069, 43.017360687000178 ], [ 27.887916565000069, 43.017082214000141 ], [ 27.887638092000032, 43.017082214000141 ], [ 27.887638092000032, 43.0162506100001 ], [ 27.887361526000063, 43.0162506100001 ], [ 27.887361526000063, 43.015972137000063 ], [ 27.887083053000026, 43.015972137000063 ], [ 27.887083053000026, 43.015693664000025 ], [ 27.887037278000093, 43.015693664000025 ], [ 27.886806488000161, 43.015693664000025 ], [ 27.886804579999989, 43.015415191000159 ], [ 27.886528015000124, 43.015415191000159 ], [ 27.886528015000124, 43.014862060000155 ], [ 27.886249542000087, 43.014862060000155 ], [ 27.886249542000087, 43.014305114000081 ], [ 27.887083053000026, 43.014305114000081 ], [ 27.887083053000026, 43.014026641000044 ], [ 27.887163162000036, 43.014026641000044 ], [ 27.887361526000063, 43.014026641000044 ], [ 27.887361526000063, 43.013748170000156 ], [ 27.88718414300007, 43.013748170000156 ], [ 27.887083053000026, 43.013748170000156 ], [ 27.887083053000026, 43.012638093000078 ], [ 27.886806488000161, 43.012638093000078 ], [ 27.886804579999989, 43.01152801600017 ], [ 27.886528015000124, 43.01152801600017 ], [ 27.886528015000124, 43.010692597000059 ], [ 27.886249542000087, 43.010692597000059 ], [ 27.886249542000087, 43.010417939000035 ], [ 27.885972976000119, 43.010417939000035 ], [ 27.885972976000119, 43.009582520000095 ], [ 27.886804579999989, 43.009582520000095 ], [ 27.886806488000161, 43.009304047000057 ], [ 27.887521744000026, 43.009304047000057 ], [ 27.887638092000032, 43.009304047000057 ], [ 27.887638092000032, 43.008750916000054 ], [ 27.887916565000069, 43.008750916000054 ], [ 27.887916565000069, 43.007915497000113 ], [ 27.888195038000106, 43.007915497000113 ], [ 27.888195038000106, 43.007637024000076 ], [ 27.887647629000071, 43.007637024000076 ], [ 27.885694503000082, 43.007637024000076 ], [ 27.885694503000082, 43.007362366000109 ], [ 27.885416030000044, 43.007362366000109 ], [ 27.885416030000044, 43.006526947000168 ], [ 27.885694503000082, 43.006526947000168 ], [ 27.885694503000082, 43.006248474000131 ], [ 27.885972976000119, 43.006248474000131 ], [ 27.885972976000119, 43.00569534300007 ], [ 27.886249542000087, 43.00569534300007 ], [ 27.886249542000087, 43.005416870000033 ], [ 27.887083053000026, 43.005416870000033 ], [ 27.887083053000026, 43.005138397 ], [ 27.887638092000032, 43.005138397 ], [ 27.887638092000032, 43.004859924000186 ], [ 27.88785743699998, 43.004859924000186 ], [ 27.888471603000028, 43.004859924000186 ], [ 27.888471603000028, 43.004306793000126 ], [ 27.888195038000106, 43.004306793000126 ], [ 27.888195038000106, 43.004028320000089 ], [ 27.887916565000069, 43.004028320000089 ], [ 27.887916565000069, 43.003749847000051 ], [ 27.887361526000063, 43.003749847000051 ], [ 27.887361526000063, 43.003471374000185 ], [ 27.886806488000161, 43.003471374000185 ], [ 27.886804579999989, 43.003192901000148 ], [ 27.886528015000124, 43.003192901000148 ], [ 27.886528015000124, 43.002361297000107 ], [ 27.887083053000026, 43.002361297000107 ], [ 27.887083053000026, 43.00208282400007 ], [ 27.887638092000032, 43.00208282400007 ], [ 27.887638092000032, 43.001804353000011 ], [ 27.888088225000104, 43.001804353000011 ], [ 27.888471603000028, 43.001804353000011 ], [ 27.888471603000028, 43.001525879999974 ], [ 27.888750076000065, 43.001525879999974 ], [ 27.888750076000065, 43.000972749000141 ], [ 27.889028549000102, 43.000972749000141 ], [ 27.889028549000102, 43.00013733000003 ], [ 27.889028549000102, 42.999862672000063 ], [ 27.889028549000102, 42.999584199000026 ], [ 27.889583588000107, 42.999584199000026 ], [ 27.889583588000107, 42.999027253000122 ], [ 27.889860153000143, 42.999027253000122 ], [ 27.889862061000144, 42.997917175999987 ], [ 27.89013862600018, 42.997917175999987 ], [ 27.89013862600018, 42.99680709900008 ], [ 27.890417099000047, 42.99680709900008 ], [ 27.890417099000047, 42.995693207000102 ], [ 27.890693665000185, 42.995693207000102 ], [ 27.890693665000185, 42.994583130000194 ], [ 27.890972138000052, 42.994583130000194 ], [ 27.890972138000052, 42.993194580000079 ], [ 27.891250611000089, 42.993194580000079 ], [ 27.891250611000089, 42.992084503000115 ], [ 27.891527176000125, 42.992084503000115 ], [ 27.891527176000125, 42.990970613000172 ], [ 27.891805649000162, 42.990970613000172 ], [ 27.891805649000162, 42.989860536000094 ], [ 27.892084122000028, 42.989860536000094 ], [ 27.892084122000028, 42.988471986000093 ], [ 27.892360688000167, 42.988471986000093 ], [ 27.892360688000167, 42.987361909000185 ], [ 27.892639161000034, 42.987361909000185 ], [ 27.892639161000034, 42.986251832000107 ], [ 27.892915726000126, 42.986251832000107 ], [ 27.892915726000126, 42.985137940000129 ], [ 27.893194199000163, 42.985137940000129 ], [ 27.893194199000163, 42.984027863 ], [ 27.893472671999973, 42.984027863 ], [ 27.893472671999973, 42.98263931300005 ], [ 27.893749238000169, 42.98263931300005 ], [ 27.893749238000169, 42.981529236000142 ], [ 27.894027710999978, 42.981529236000142 ], [ 27.894027710999978, 42.980415344000164 ], [ 27.894306184000015, 42.980415344000164 ], [ 27.894306184000015, 42.979305267000086 ], [ 27.894582749000108, 42.979305267000086 ], [ 27.894582749000108, 42.978195192000157 ], [ 27.894861222000145, 42.978195192000157 ], [ 27.894861222000145, 42.976806641999985 ], [ 27.895139692999976, 42.976806641999985 ], [ 27.895139692999976, 42.975692750000064 ], [ 27.895416259000115, 42.975692750000064 ], [ 27.895416259000115, 42.974304200000063 ], [ 27.895694731999981, 42.974304200000063 ], [ 27.895694731999981, 42.972915650000118 ], [ 27.895971297000074, 42.972915650000118 ], [ 27.895971297000074, 42.97180557300004 ], [ 27.896249770000111, 42.97180557300004 ], [ 27.896249770000111, 42.970417023000039 ], [ 27.896528243000148, 42.970417023000039 ], [ 27.896528243000148, 42.969028473000094 ], [ 27.896804809000116, 42.969028473000094 ], [ 27.896804809000116, 42.967918396000186 ], [ 27.897083282000153, 42.967918396000186 ], [ 27.897083282000153, 42.966526032000104 ], [ 27.89736175500019, 42.966526032000104 ], [ 27.89736175500019, 42.965415954999969 ], [ 27.897638320000056, 42.965415954999969 ], [ 27.897638320000056, 42.964027405000195 ], [ 27.897916793000093, 42.964027405000195 ], [ 27.897916793000093, 42.96263885500008 ], [ 27.89819526600013, 42.96263885500008 ], [ 27.89819526600013, 42.961528778000172 ], [ 27.898471832000098, 42.961528778000172 ], [ 27.898471832000098, 42.960140228000171 ], [ 27.898750305000135, 42.960140228000171 ], [ 27.898750305000135, 42.958751678000056 ], [ 27.899026870000171, 42.958751678000056 ], [ 27.899026870000171, 42.957702637000011 ], [ 27.895622253000113, 42.956317902000137 ], [ 27.895690919000117, 42.956016540000064 ], [ 27.895732881000072, 42.955924988000106 ], [ 27.890157700000145, 42.954101563000165 ], [ 27.88495636100015, 42.952556610000102 ], [ 27.87978744600008, 42.951377868000122 ], [ 27.875211717000127, 42.950962066000159 ], [ 27.870677947000161, 42.950874329000101 ], [ 27.865722657000163, 42.951492310000162 ], [ 27.860822678000034, 42.952835082999968 ], [ 27.85792732200008, 42.95462799000012 ], [ 27.854965210000103, 42.956054687000119 ], [ 27.851402283000141, 42.955883026000038 ], [ 27.845602035000184, 42.952457428000116 ], [ 27.838636398000176, 42.947376250000161 ], [ 27.832603455000083, 42.939414977000183 ], [ 27.825372696000159, 42.935451509000131 ], [ 27.81478691, 42.931583405000026 ], [ 27.80748176600008, 42.933055877000186 ], [ 27.798971177000169, 42.930149078000113 ], [ 27.78863906800018, 42.928562164000084 ], [ 27.781478882000158, 42.927989959000058 ], [ 27.774171830000057, 42.92500686700015 ], [ 27.769029616000182, 42.919425965000073 ], [ 27.76560211300017, 42.916202544999976 ], [ 27.758234025000036, 42.912315370000158 ], [ 27.752552031999983, 42.910892486000193 ], [ 27.746231080000143, 42.911605834000056 ], [ 27.73306083600005, 42.912570954000159 ], [ 27.723497390000148, 42.910793304000151 ], [ 27.715644837000127, 42.908950805000018 ], [ 27.711135864000141, 42.907043458000032 ], [ 27.706611634000126, 42.903167724000184 ], [ 27.704345703000115, 42.900417327000071 ], [ 27.701494217000061, 42.895717622000177 ], [ 27.700271607000161, 42.889366150000058 ] ] ] ] } },
{ "type": "Feature", "properties": { "fid": 223, "GID_2": "BGR.24.8_1", "GID_0": "BGR", "COUNTRY": "Bulgaria", "GID_1": "BGR.24_1", "NAME_1": "Varna", "NL_NAME_1": "Варна", "NAME_2": "Provadiya", "VARNAME_2": "Provadia", "NL_NAME_2": "Провадия", "TYPE_2": "Obshtina", "ENGTYPE_2": "Municipality", "CC_2": "NA", "HASC_2": "BG.VN.PR" }, "geometry": { "type": "MultiPolygon", "coordinates": [ [ [ [ 27.247695922000105, 43.180126189000191 ], [ 27.250175476000095, 43.182685852000134 ], [ 27.255954742000085, 43.186630249000132 ], [ 27.26088142500015, 43.189983369000061 ], [ 27.264560700000175, 43.192508697000108 ], [ 27.268238067000084, 43.195320129000038 ], [ 27.273073195999984, 43.198093414000084 ], [ 27.278650285000026, 43.200580597999988 ], [ 27.282659530000046, 43.203372956000123 ], [ 27.287017822000053, 43.205860138000048 ], [ 27.290912627000182, 43.206935883000142 ], [ 27.298891068000103, 43.206752777000077 ], [ 27.304195404000041, 43.206634521000069 ], [ 27.308034897000027, 43.207679748000146 ], [ 27.313287735000188, 43.208114623000142 ], [ 27.315567017000092, 43.208618164000143 ], [ 27.319067001000178, 43.211383819000105 ], [ 27.31952095000014, 43.213085174000071 ], [ 27.319664002000081, 43.215652466000051 ], [ 27.317539215000068, 43.21800613400012 ], [ 27.314678193000134, 43.220367432000103 ], [ 27.3128318790001, 43.220981599000027 ], [ 27.309936522999976, 43.223052978000055 ], [ 27.30481719900007, 43.226333619000172 ], [ 27.300798415000088, 43.228988649000087 ], [ 27.298992158000146, 43.231033325000169 ], [ 27.297250747000191, 43.234207153000057 ], [ 27.296594620000178, 43.236499786000138 ], [ 27.295633316000021, 43.240798950000055 ], [ 27.294990540000128, 43.243934632000162 ], [ 27.293239593000123, 43.249378204000038 ], [ 27.293315887000063, 43.253063202000135 ], [ 27.293003082000041, 43.257057189000079 ], [ 27.292289734000178, 43.260456086000033 ], [ 27.291555405000054, 43.264152527000078 ], [ 27.291181565000045, 43.268974305000086 ], [ 27.290039063000165, 43.27337646400008 ], [ 27.297061920000147, 43.273422241000048 ], [ 27.303482056000178, 43.272613525999986 ], [ 27.307365418000188, 43.272293091000051 ], [ 27.310132980000162, 43.271778107000046 ], [ 27.312891007000189, 43.271808625000119 ], [ 27.317554473000087, 43.271663666000109 ], [ 27.323858261000112, 43.270603181000183 ], [ 27.329587937000042, 43.268283845000155 ], [ 27.33284187400011, 43.266689301000042 ], [ 27.34014511100014, 43.264930726000102 ], [ 27.346040725000137, 43.265117645000032 ], [ 27.355619431000093, 43.267917633000025 ], [ 27.359556198000121, 43.273506165000072 ], [ 27.362245560000076, 43.280590057000154 ], [ 27.366188049000016, 43.283607483000083 ], [ 27.376403808000191, 43.288028718000021 ], [ 27.383443833000115, 43.289402008000138 ], [ 27.390926361000027, 43.289218904000109 ], [ 27.399480819000075, 43.289821625000172 ], [ 27.408494949000044, 43.289955138000096 ], [ 27.417470932000128, 43.290073394000103 ], [ 27.426055907000148, 43.293624878000173 ], [ 27.432868957000039, 43.299163819000057 ], [ 27.435707092000143, 43.304115297000124 ], [ 27.440858841000136, 43.308071137000013 ], [ 27.446134568000161, 43.309238434000065 ], [ 27.453155517000084, 43.308605195000155 ], [ 27.461698532000071, 43.30700302200006 ], [ 27.470190048000063, 43.304759979000153 ], [ 27.477760315000182, 43.299346923000087 ], [ 27.483709336000118, 43.292758942000091 ], [ 27.486091613000156, 43.28768157899998 ], [ 27.485649109000121, 43.283645630000137 ], [ 27.485736846000179, 43.279994964000025 ], [ 27.485542297000165, 43.275943757000107 ], [ 27.485538482000095, 43.270172119000051 ], [ 27.486175537000122, 43.267139434000057 ], [ 27.48625373800013, 43.263286591000053 ], [ 27.486871719000192, 43.259593963000043 ], [ 27.488292694000108, 43.256725311000025 ], [ 27.489231110000105, 43.254524231000119 ], [ 27.490203858000143, 43.252956390000179 ], [ 27.492719651000186, 43.251087189000145 ], [ 27.496297836000053, 43.24933624200014 ], [ 27.498613357000011, 43.248542785000097 ], [ 27.501741409000033, 43.248332978000064 ], [ 27.505113602000051, 43.248111725000172 ], [ 27.507980346000124, 43.24812316800012 ], [ 27.511926651000067, 43.249134063000042 ], [ 27.513439179000159, 43.249454498000148 ], [ 27.513183595000157, 43.243350982000152 ], [ 27.517885208000052, 43.238639831000171 ], [ 27.525226594000117, 43.232639313 ], [ 27.53094482500012, 43.230434419000176 ], [ 27.540180207000105, 43.225410461000195 ], [ 27.543096542000058, 43.21971893400007 ], [ 27.545141220000119, 43.214817047000111 ], [ 27.548952103000033, 43.208679200000063 ], [ 27.54930687000018, 43.208770752000135 ], [ 27.552185058000134, 43.206165314000032 ], [ 27.553087235000078, 43.202251434000061 ], [ 27.555091859000186, 43.199115754000104 ], [ 27.555440903000147, 43.194801332 ], [ 27.552751541000191, 43.191116334000128 ], [ 27.549661637000156, 43.186607360999972 ], [ 27.546571732000189, 43.183376312000064 ], [ 27.54350090000014, 43.179725647999987 ], [ 27.540418626000189, 43.176517487000069 ], [ 27.538385391000077, 43.174083711000094 ], [ 27.536342620000084, 43.171646119000059 ], [ 27.535341263000078, 43.169155120000084 ], [ 27.534324646000073, 43.167503358000033 ], [ 27.534870148000095, 43.164035798000157 ], [ 27.538522720000174, 43.161205292000091 ], [ 27.542173386000059, 43.157970429000045 ], [ 27.551584244000139, 43.153038025000171 ], [ 27.557352067000181, 43.15094375700005 ], [ 27.563175202000139, 43.146274568000194 ], [ 27.565296172000103, 43.144409180000025 ], [ 27.567436217000193, 43.142135621000136 ], [ 27.568527221000011, 43.139492035000046 ], [ 27.569599151000091, 43.137271881 ], [ 27.569641113000159, 43.133838653000169 ], [ 27.567026138000074, 43.12971115199997 ], [ 27.56228828400009, 43.125701904000096 ], [ 27.555410386000176, 43.120975495000096 ], [ 27.544807434000063, 43.119079591000059 ], [ 27.541618347000053, 43.119277955000143 ], [ 27.537353515000177, 43.118274689000089 ], [ 27.535722733000057, 43.117519378000054 ], [ 27.534111023000094, 43.116313934000118 ], [ 27.531902312000057, 43.113876342000083 ], [ 27.531747817000166, 43.109561920000147 ], [ 27.533246995000184, 43.106868744000053 ], [ 27.534736632999966, 43.104171753000116 ], [ 27.536779403000082, 43.101440430000139 ], [ 27.539888381000083, 43.098640443000193 ], [ 27.543069840000157, 43.097137451000037 ], [ 27.544647217000033, 43.096179963 ], [ 27.546665191000045, 43.095798493000075 ], [ 27.548927307000156, 43.094783783000139 ], [ 27.551023483000051, 43.092700958000194 ], [ 27.552587509000091, 43.091209412000069 ], [ 27.554574967000065, 43.089675903000114 ], [ 27.556953431000068, 43.087818146000131 ], [ 27.557029724000074, 43.086391449000132 ], [ 27.555334090000088, 43.084976196000184 ], [ 27.553672790000121, 43.084430695000094 ], [ 27.551607133000175, 43.083900452000194 ], [ 27.54823875500017, 43.081737519000171 ], [ 27.546943664000082, 43.080074311000033 ], [ 27.545856476000154, 43.076690675000066 ], [ 27.543855667000059, 43.074642181000172 ], [ 27.542573929000071, 43.073211669000159 ], [ 27.540899276000175, 43.07212448100006 ], [ 27.538574219000054, 43.071823119000157 ], [ 27.53742027300018, 43.071899415000075 ], [ 27.536979675000111, 43.072635650000166 ], [ 27.534957884999983, 43.072875976000148 ], [ 27.532808304000071, 43.073215485000105 ], [ 27.526390076000155, 43.074821472 ], [ 27.523466109000026, 43.075435639000091 ], [ 27.520036698000069, 43.076957702000186 ], [ 27.515399934000129, 43.078334809000182 ], [ 27.511270523000121, 43.078937530000076 ], [ 27.507936477000158, 43.07914352500012 ], [ 27.505395890000159, 43.079097748000152 ], [ 27.502288819000057, 43.078330994000112 ], [ 27.496883391000097, 43.076953887000172 ], [ 27.493017197000086, 43.076984406000122 ], [ 27.49027061400011, 43.077812195000092 ], [ 27.486886978000143, 43.079395294000108 ], [ 27.481979370000147, 43.081722260000049 ], [ 27.477519989000029, 43.08266067500017 ], [ 27.473047257000133, 43.083187104000103 ], [ 27.468015671000046, 43.083076477000134 ], [ 27.46261596800008, 43.081249238000169 ], [ 27.456438064000167, 43.079490661000079 ], [ 27.45214653, 43.07845306500019 ], [ 27.449426650000191, 43.07721328700012 ], [ 27.446136475, 43.075035095000032 ], [ 27.435216904000072, 43.073989868000126 ], [ 27.43155670200008, 43.074844361000032 ], [ 27.429063798000072, 43.077392578000115 ], [ 27.428119659, 43.079402924000192 ], [ 27.42792892500006, 43.085056304000034 ], [ 27.428680420000148, 43.08891296500002 ], [ 27.426965713000129, 43.091403962000186 ], [ 27.425804138000046, 43.094081880000033 ], [ 27.426223755000024, 43.096649170000035 ], [ 27.427982330000134, 43.099586488000057 ], [ 27.429161072000113, 43.101688386000035 ], [ 27.430339813000046, 43.103778839000086 ], [ 27.430528642000127, 43.106807709000066 ], [ 27.430448533000174, 43.110282899000026 ], [ 27.429233550999982, 43.112316132000103 ], [ 27.427007674000151, 43.114818574000026 ], [ 27.425542831000143, 43.116855622000173 ], [ 27.422433853000143, 43.117900848000147 ], [ 27.419281005000016, 43.118522644999985 ], [ 27.41586876000008, 43.118934632000048 ], [ 27.410308837, 43.11925125200014 ], [ 27.403673171000037, 43.119396211000151 ], [ 27.398332596000046, 43.11923980600011 ], [ 27.39185714700011, 43.118270873000142 ], [ 27.385335922000081, 43.116828918000124 ], [ 27.378843307000182, 43.116481782000164 ], [ 27.374940872000138, 43.114269256000057 ], [ 27.371784209000168, 43.11138153100012 ], [ 27.366611481000064, 43.106609344000105 ], [ 27.361152648000029, 43.101837158000137 ], [ 27.357095718000096, 43.098102570000037 ], [ 27.351989746000072, 43.094856263000111 ], [ 27.345054626000035, 43.093589784000187 ], [ 27.341020585000081, 43.095031739000035 ], [ 27.339229584000122, 43.09704971400015 ], [ 27.338006974000052, 43.099468232000049 ], [ 27.335321426000064, 43.100872040000183 ], [ 27.332576752000023, 43.101192475000175 ], [ 27.32930374100016, 43.101947786000039 ], [ 27.326234817000113, 43.101829528 ], [ 27.321489335000024, 43.101764680000144 ], [ 27.317504883000026, 43.100807190000182 ], [ 27.313920975000144, 43.101787568000077 ], [ 27.311725617000036, 43.102714539000146 ], [ 27.308889389000058, 43.102363588000173 ], [ 27.305412292000028, 43.101173402000086 ], [ 27.299430846000178, 43.100673676000099 ], [ 27.295282364000116, 43.098396301999969 ], [ 27.289447784, 43.096801757000151 ], [ 27.28478431700006, 43.096031189000144 ], [ 27.281568527000104, 43.095451356000012 ], [ 27.278394698000113, 43.095726014000036 ], [ 27.275852204000103, 43.097072602000082 ], [ 27.276027679000151, 43.099670411000147 ], [ 27.276731490000031, 43.101612090000117 ], [ 27.278282165000121, 43.103084564000142 ], [ 27.280740738000077, 43.105205536000085 ], [ 27.282966614000031, 43.108192444000167 ], [ 27.2822113040001, 43.110153198000035 ], [ 27.279924392000055, 43.11063385000017 ], [ 27.277322770000069, 43.110904693000123 ], [ 27.274396896000098, 43.110752106000177 ], [ 27.271709442000144, 43.109909059000188 ], [ 27.269889832000047, 43.108867645000146 ], [ 27.267421721, 43.107170105000193 ], [ 27.26555061300013, 43.105468751000103 ], [ 27.263061524000136, 43.103557586000193 ], [ 27.260303498000042, 43.102069853999978 ], [ 27.258146286000056, 43.100814820000096 ], [ 27.254150391999985, 43.098915100999989 ], [ 27.249845505000053, 43.097240448000093 ], [ 27.24437522900007, 43.096214295000038 ], [ 27.240722655000184, 43.095832824000183 ], [ 27.239070893000132, 43.097167969000054 ], [ 27.236158371000045, 43.098625183000195 ], [ 27.231473922000134, 43.100524902000075 ], [ 27.228343963000043, 43.101715088000162 ], [ 27.22457313600006, 43.102333069 ], [ 27.218538285000136, 43.102401734000125 ], [ 27.213319778000141, 43.102458955000145 ], [ 27.210519790000092, 43.102752686000031 ], [ 27.206140517000051, 43.103523255000084 ], [ 27.201196670000172, 43.105155946000082 ], [ 27.198854446000155, 43.106338501000153 ], [ 27.194379806000143, 43.108955384000012 ], [ 27.19267845100012, 43.11069488600009 ], [ 27.190448762000131, 43.113731385000051 ], [ 27.189176560000192, 43.116039276000151 ], [ 27.187568664000025, 43.119354249000082 ], [ 27.187490463000017, 43.121364593000123 ], [ 27.187414170000011, 43.123214722000171 ], [ 27.187337876000129, 43.125232697000058 ], [ 27.187631607000185, 43.126663209000128 ], [ 27.188844680999978, 43.130359650000173 ], [ 27.188915252000072, 43.13093948400018 ], [ 27.19030761800019, 43.133934022000176 ], [ 27.19639778100003, 43.142372132000048 ], [ 27.203220368000075, 43.14830398600003 ], [ 27.20623016400009, 43.151424409000015 ], [ 27.211368560000153, 43.156513215000075 ], [ 27.21689415100019, 43.161323548000098 ], [ 27.22193908700018, 43.165267945000039 ], [ 27.229412080000031, 43.16947937000009 ], [ 27.23603630100007, 43.173126221000132 ], [ 27.241401672000165, 43.175926210000057 ], [ 27.247695922000105, 43.180126189000191 ] ] ] ] } },
{ "type": "Feature", "properties": { "fid": 224, "GID_2": "BGR.24.9_1", "GID_0": "BGR", "COUNTRY": "Bulgaria", "GID_1": "BGR.24_1", "NAME_1": "Varna", "NL_NAME_1": "Варна", "NAME_2": "Suvorovo", "VARNAME_2": "NA", "NL_NAME_2": "NA", "TYPE_2": "Obshtina", "ENGTYPE_2": "Municipality", "CC_2": "NA", "HASC_2": "BG.VN.SU" }, "geometry": { "type": "MultiPolygon", "coordinates": [ [ [ [ 27.641725540999971, 43.409809112000175 ], [ 27.641502380000077, 43.408000947000062 ], [ 27.642234802000132, 43.404514314000096 ], [ 27.644588469999974, 43.400966645000153 ], [ 27.647792815000173, 43.397796631 ], [ 27.650732040000094, 43.395309448000035 ], [ 27.653137208000146, 43.393035889000146 ], [ 27.656629562000091, 43.390537262000066 ], [ 27.660432815000092, 43.388217925000106 ], [ 27.663677215000121, 43.386589051000158 ], [ 27.666938782000102, 43.384513854000147 ], [ 27.66939926200007, 43.383552551999969 ], [ 27.671318055000143, 43.383041383000091 ], [ 27.674076079000088, 43.382732391000104 ], [ 27.677675248000071, 43.383037567000088 ], [ 27.681011199000125, 43.383342744000061 ], [ 27.683221818000163, 43.383274079000159 ], [ 27.685159684000098, 43.382774353000173 ], [ 27.686815261000049, 43.381206512000063 ], [ 27.68869590700001, 43.377456666000114 ], [ 27.69171714800018, 43.374317169000108 ], [ 27.693634033000023, 43.37144851700009 ], [ 27.694999695000092, 43.369663238000101 ], [ 27.69664573700004, 43.367015839000146 ], [ 27.697740555000166, 43.365028381 ], [ 27.698549271000104, 43.362831116000052 ], [ 27.69794845500013, 43.360900880000031 ], [ 27.697366715000157, 43.359191895000095 ], [ 27.696493149000162, 43.357475282000109 ], [ 27.694786072000056, 43.356018066000161 ], [ 27.692790986000034, 43.354133606000175 ], [ 27.691345216000116, 43.352020264000089 ], [ 27.690753936000021, 43.350311279000039 ], [ 27.690420150000136, 43.347286225000175 ], [ 27.691768646000185, 43.343769075000125 ], [ 27.694803238000077, 43.340213776000041 ], [ 27.698574067000038, 43.336116791000109 ], [ 27.705030442000179, 43.329238892000092 ], [ 27.706445694000024, 43.326408385999969 ], [ 27.708597184000098, 43.323009492000153 ], [ 27.711465836000116, 43.319026948000158 ], [ 27.714611054000102, 43.316333772000064 ], [ 27.71778488200016, 43.314380645000028 ], [ 27.72513198900009, 43.309906006000062 ], [ 27.730792999000073, 43.306236265999985 ], [ 27.732255936000058, 43.302680969999983 ], [ 27.733722687000181, 43.300224304000153 ], [ 27.737422943000126, 43.294948577000184 ], [ 27.74089813300003, 43.290599823000036 ], [ 27.743648529000041, 43.286636353 ], [ 27.746631622000052, 43.280456543000128 ], [ 27.744836807000127, 43.276611328 ], [ 27.743562698000176, 43.273670197000115 ], [ 27.741022109000028, 43.271503449000079 ], [ 27.738496780000048, 43.270267486000023 ], [ 27.734716416000083, 43.269809724000027 ], [ 27.731449128000122, 43.269325257000162 ], [ 27.72819328300011, 43.269226074000017 ], [ 27.724206924000043, 43.270065309000131 ], [ 27.721208573000183, 43.270526886000027 ], [ 27.717737198000123, 43.271175386000039 ], [ 27.715267182000048, 43.271610261000035 ], [ 27.711807250000106, 43.272079468000072 ], [ 27.708353043000045, 43.272182465000128 ], [ 27.705642701000158, 43.272071838000102 ], [ 27.702440261, 43.27198028600003 ], [ 27.698036194000053, 43.272323609000068 ], [ 27.692184448000091, 43.273239135000154 ], [ 27.689022064000085, 43.273342132000096 ], [ 27.683679581000092, 43.273338317000025 ], [ 27.681962966000071, 43.272285463000117 ], [ 27.680479049000155, 43.271026611000082 ], [ 27.679731369000081, 43.269390107 ], [ 27.678718567000146, 43.267749787000184 ], [ 27.677953721000108, 43.265727998000159 ], [ 27.676692962000175, 43.263362885000106 ], [ 27.67617607, 43.261520385999972 ], [ 27.674915314000145, 43.25952148500005 ], [ 27.672700882000072, 43.257194518000176 ], [ 27.67073249800012, 43.255409242000098 ], [ 27.668275833000109, 43.253097534000119 ], [ 27.663200379000102, 43.251628875000051 ], [ 27.658403397000029, 43.251258850000056 ], [ 27.656242371000133, 43.250972749000084 ], [ 27.653135299999974, 43.250736238000172 ], [ 27.64978790300006, 43.250305175000108 ], [ 27.648841857000093, 43.250358583000093 ], [ 27.645832061000135, 43.253086091000171 ], [ 27.639837265000097, 43.258876802000088 ], [ 27.634811401999968, 43.263946534000183 ], [ 27.631629943000121, 43.267784119000169 ], [ 27.627977371000043, 43.270912171000191 ], [ 27.620742797999981, 43.278297424000073 ], [ 27.616188049000186, 43.281112671000074 ], [ 27.612569809000092, 43.283512116000054 ], [ 27.609376907000069, 43.284420014000034 ], [ 27.60565567000009, 43.283496858000035 ], [ 27.603778840000075, 43.282474518000186 ], [ 27.60050010700013, 43.280788421000068 ], [ 27.594036101000142, 43.28000640900018 ], [ 27.591276169000082, 43.279418945000089 ], [ 27.583984375000171, 43.280170440000177 ], [ 27.576280594000025, 43.281723023000097 ], [ 27.569553376000101, 43.28358459500015 ], [ 27.558799743000066, 43.286041260000104 ], [ 27.552587509000091, 43.28826141400009 ], [ 27.547466279000048, 43.295204162000061 ], [ 27.548065185000041, 43.301025392000156 ], [ 27.548063279000075, 43.304260254000098 ], [ 27.544828415000097, 43.308559418000186 ], [ 27.541177749000042, 43.312126160000105 ], [ 27.538156510000078, 43.315113067000027 ], [ 27.536409378000087, 43.317489624000132 ], [ 27.535013198000058, 43.321674347000055 ], [ 27.534160613000097, 43.323356628000113 ], [ 27.532665253, 43.325057983000079 ], [ 27.529857636000145, 43.326526642000033 ], [ 27.526800156000149, 43.328319551000106 ], [ 27.523660661000179, 43.331325532000051 ], [ 27.522188186999983, 43.333473205000189 ], [ 27.521032333000107, 43.337646485000164 ], [ 27.519605636000108, 43.341083527000194 ], [ 27.519474030000083, 43.344673157000159 ], [ 27.520471574000169, 43.347320556000113 ], [ 27.521312713000043, 43.348674775000177 ], [ 27.52198219200011, 43.34971618600008 ], [ 27.524105072000054, 43.351211549000084 ], [ 27.526775359000112, 43.353431703000126 ], [ 27.527696610000078, 43.353973388000043 ], [ 27.528966904000185, 43.357044220000148 ], [ 27.531154631999982, 43.36058426000011 ], [ 27.532962799000131, 43.364578247000111 ], [ 27.534341812000093, 43.36676788300008 ], [ 27.53509521400008, 43.370273590000124 ], [ 27.536872865000191, 43.373191834000181 ], [ 27.541225434000125, 43.375213623000036 ], [ 27.54583931000019, 43.377109527000073 ], [ 27.54900932400011, 43.378768920000141 ], [ 27.551406861000146, 43.380477905000077 ], [ 27.554500581000127, 43.384071351000046 ], [ 27.554946899000129, 43.385665893000123 ], [ 27.557516097000075, 43.389293671000132 ], [ 27.560426711, 43.390979766999976 ], [ 27.563825608000116, 43.391429901000095 ], [ 27.567493440000192, 43.391994477000082 ], [ 27.570140839000146, 43.393264772000123 ], [ 27.572404862000155, 43.395191192000027 ], [ 27.575069427000074, 43.396766663000051 ], [ 27.578615189000175, 43.397457122999981 ], [ 27.582433700000024, 43.397487640000122 ], [ 27.587657929000159, 43.396575927000129 ], [ 27.590919495000037, 43.395557404000101 ], [ 27.593679427000154, 43.394870759000071 ], [ 27.598812103000057, 43.39408111500012 ], [ 27.607032775000107, 43.394340515000067 ], [ 27.613935471000104, 43.394008637000127 ], [ 27.621606826000061, 43.396274568000138 ], [ 27.627025604000096, 43.398719787 ], [ 27.630550385000106, 43.400402069000108 ], [ 27.634246825999981, 43.403171539000141 ], [ 27.63740921100009, 43.406490326000039 ], [ 27.639881134000063, 43.40844726600011 ], [ 27.641725540999971, 43.409809112000175 ] ] ] ] } },
{ "type": "Feature", "properties": { "fid": 225, "GID_2": "BGR.24.10_1", "GID_0": "BGR", "COUNTRY": "Bulgaria", "GID_1": "BGR.24_1", "NAME_1": "Varna", "NL_NAME_1": "Варна", "NAME_2": "Valchi Dol", "VARNAME_2": "NA", "NL_NAME_2": "NA", "TYPE_2": "Obshtina", "ENGTYPE_2": "Municipality", "CC_2": "NA", "HASC_2": "BG.VN.VD" }, "geometry": { "type": "MultiPolygon", "coordinates": [ [ [ [ 27.472902297000076, 43.596702575000165 ], [ 27.474079132000156, 43.596050262000119 ], [ 27.476516724000078, 43.593990325000107 ], [ 27.479997635000018, 43.591884614000037 ], [ 27.484161377000135, 43.588619233000145 ], [ 27.487287521000155, 43.585952759000122 ], [ 27.490745544000163, 43.582714082000166 ], [ 27.492830276000177, 43.580085754000095 ], [ 27.495595931000139, 43.576595307000048 ], [ 27.497674943, 43.573112488999982 ], [ 27.49905777000015, 43.571365357000047 ], [ 27.500442505000024, 43.567638398000156 ], [ 27.501813889000175, 43.564758300000051 ], [ 27.503194809000036, 43.561584474000142 ], [ 27.503545761000112, 43.559600831000068 ], [ 27.503541946000041, 43.55707931500018 ], [ 27.503187179000122, 43.554546357000049 ], [ 27.502157211000167, 43.552055360000054 ], [ 27.501464843000065, 43.549549103000061 ], [ 27.501115799000161, 43.546176910000042 ], [ 27.500419617000091, 43.543949128000122 ], [ 27.499046325000165, 43.540355682000154 ], [ 27.49834823700013, 43.536430358000075 ], [ 27.497985840000069, 43.53276443600015 ], [ 27.497974395000085, 43.529113770000095 ], [ 27.49830055200016, 43.525154114000031 ], [ 27.498962403000121, 43.522296906000065 ], [ 27.499975204000179, 43.520271301000037 ], [ 27.502355575000024, 43.516208648000088 ], [ 27.504066468000133, 43.514713288000166 ], [ 27.509195328000089, 43.513324738000051 ], [ 27.514328003000173, 43.512798310000164 ], [ 27.520505905000107, 43.512783050000166 ], [ 27.527368545000172, 43.512733460000106 ], [ 27.533197402999974, 43.512474060000159 ], [ 27.539382935000049, 43.512191772000051 ], [ 27.543518066000104, 43.512844085000154 ], [ 27.548345565000147, 43.513191223999968 ], [ 27.553878784000119, 43.515220642000031 ], [ 27.556314468000039, 43.517387390000067 ], [ 27.559110642000121, 43.520389556000168 ], [ 27.562240601000155, 43.523086548000038 ], [ 27.564371109000035, 43.527545929000098 ], [ 27.566137314000059, 43.531158448000156 ], [ 27.56789016800019, 43.533927918000131 ], [ 27.570337296000162, 43.536666871000193 ], [ 27.573860168000124, 43.54221725400015 ], [ 27.575258256000154, 43.543289184000059 ], [ 27.577001573000075, 43.544368745000099 ], [ 27.579097748000038, 43.544857025000169 ], [ 27.581546783000078, 43.545040131000064 ], [ 27.58329010000017, 43.544979096000077 ], [ 27.587110519000191, 43.544277191000162 ], [ 27.589889527000082, 43.543018341999982 ], [ 27.593366622000076, 43.540607453000121 ], [ 27.596149445000037, 43.538806916000055 ], [ 27.599275589000058, 43.536685945000158 ], [ 27.601362229000074, 43.534912109000118 ], [ 27.605188369000075, 43.531345367000085 ], [ 27.608314515000075, 43.528095245000088 ], [ 27.610040664, 43.525463103999982 ], [ 27.611082077000106, 43.523715972000048 ], [ 27.611404420000042, 43.521713258000091 ], [ 27.610683441000162, 43.519733428000052 ], [ 27.610301971000069, 43.517456054000093 ], [ 27.609914780000054, 43.514625549000073 ], [ 27.609529495000061, 43.511775970000144 ], [ 27.609146119000172, 43.509513854000033 ], [ 27.608409882000103, 43.506694794000168 ], [ 27.608013153000059, 43.503574371000184 ], [ 27.607631683000079, 43.501296997000054 ], [ 27.608978271000126, 43.497264863000055 ], [ 27.612781525000059, 43.492828370000041 ], [ 27.616994857000122, 43.491241455000079 ], [ 27.621559143000127, 43.489635468000188 ], [ 27.624006271000098, 43.487838746000193 ], [ 27.626111984000147, 43.486629487000073 ], [ 27.628913879999971, 43.484489441000107 ], [ 27.630670548000012, 43.483287812000071 ], [ 27.634563444999969, 43.48228836100003 ], [ 27.636341096000081, 43.482227325000167 ], [ 27.638488769000048, 43.482425690000127 ], [ 27.642784118000122, 43.483425141000168 ], [ 27.646734238000079, 43.48442459100005 ], [ 27.649959564000142, 43.484607697000115 ], [ 27.654258728000059, 43.484458923000034 ], [ 27.657855987000062, 43.484329224000078 ], [ 27.660726546000149, 43.484233857000106 ], [ 27.666858673000092, 43.483753204000038 ], [ 27.669374466000193, 43.482822418000126 ], [ 27.672258377000162, 43.481277466000165 ], [ 27.674415587999988, 43.480354310000166 ], [ 27.67802238400003, 43.478527070000155 ], [ 27.681657792000067, 43.47813034100011 ], [ 27.684207916000048, 43.478050232000157 ], [ 27.686607361000085, 43.477146150000124 ], [ 27.685989380000024, 43.472175598999968 ], [ 27.684843064000177, 43.46918869000001 ], [ 27.683139801000038, 43.464904786000147 ], [ 27.681415558000083, 43.460414886000081 ], [ 27.679399491000027, 43.453769684 ], [ 27.67575836300017, 43.449340820000032 ], [ 27.672372817, 43.443382263000046 ], [ 27.668746949000024, 43.439834594000047 ], [ 27.663757323000027, 43.436122894999983 ], [ 27.659601211000052, 43.432159424000076 ], [ 27.652196884000148, 43.429191590000187 ], [ 27.649982453000177, 43.426689148000094 ], [ 27.64690971400006, 43.422267913000098 ], [ 27.644395828000029, 43.41782760500007 ], [ 27.642141343000105, 43.413372039000194 ], [ 27.64182090800017, 43.410583496000129 ], [ 27.641725540999971, 43.409809112000175 ], [ 27.639881134000063, 43.40844726600011 ], [ 27.63740921100009, 43.406490326000039 ], [ 27.634246825999981, 43.403171539000141 ], [ 27.630550385000106, 43.400402069000108 ], [ 27.627025604000096, 43.398719787 ], [ 27.621606826000061, 43.396274568000138 ], [ 27.613935471000104, 43.394008637000127 ], [ 27.607032775000107, 43.394340515000067 ], [ 27.598812103000057, 43.39408111500012 ], [ 27.593679427000154, 43.394870759000071 ], [ 27.590919495000037, 43.395557404000101 ], [ 27.587657929000159, 43.396575927000129 ], [ 27.582433700000024, 43.397487640000122 ], [ 27.578615189000175, 43.397457122999981 ], [ 27.575069427000074, 43.396766663000051 ], [ 27.572404862000155, 43.395191192000027 ], [ 27.570140839000146, 43.393264772000123 ], [ 27.567493440000192, 43.391994477000082 ], [ 27.563825608000116, 43.391429901000095 ], [ 27.560426711, 43.390979766999976 ], [ 27.557516097000075, 43.389293671000132 ], [ 27.554946899000129, 43.385665893000123 ], [ 27.554500581000127, 43.384071351000046 ], [ 27.551406861000146, 43.380477905000077 ], [ 27.54900932400011, 43.378768920000141 ], [ 27.54583931000019, 43.377109527000073 ], [ 27.541225434000125, 43.375213623000036 ], [ 27.536872865000191, 43.373191834000181 ], [ 27.53509521400008, 43.370273590000124 ], [ 27.534341812000093, 43.36676788300008 ], [ 27.532962799000131, 43.364578247000111 ], [ 27.531154631999982, 43.36058426000011 ], [ 27.528966904000185, 43.357044220000148 ], [ 27.527696610000078, 43.353973388000043 ], [ 27.526775359000112, 43.353431703000126 ], [ 27.524105072000054, 43.351211549000084 ], [ 27.52198219200011, 43.34971618600008 ], [ 27.521312713000043, 43.348674775000177 ], [ 27.516645432000132, 43.348937989000092 ], [ 27.513860702000102, 43.350612641000112 ], [ 27.512096404000147, 43.352226258000087 ], [ 27.505762100000084, 43.356277466000108 ], [ 27.502807616000041, 43.360534668000071 ], [ 27.501979828000117, 43.36705398600003 ], [ 27.503936767000141, 43.371688843000072 ], [ 27.50640487700008, 43.376281738000046 ], [ 27.509355545000119, 43.379764556999987 ], [ 27.51074028000005, 43.383144380000147 ], [ 27.510286332000135, 43.38531875700005 ], [ 27.508283615000096, 43.387580873000161 ], [ 27.504966735000096, 43.389053345000093 ], [ 27.502656937000097, 43.389621736000151 ], [ 27.500585557000136, 43.38930511600006 ], [ 27.499237061000144, 43.387248993000014 ], [ 27.497079850000091, 43.384140014000081 ], [ 27.492580414000088, 43.380516052000132 ], [ 27.489168167000116, 43.378566743000192 ], [ 27.482917786000144, 43.376766206000184 ], [ 27.476739882000061, 43.377342223000142 ], [ 27.473978043000045, 43.380088807 ], [ 27.471494674000041, 43.383228302000191 ], [ 27.465669631000083, 43.387641906000113 ], [ 27.461856841999975, 43.390007019000166 ], [ 27.451293945000089, 43.391876222000178 ], [ 27.445331573000033, 43.392635345000031 ], [ 27.439380646000131, 43.393592835 ], [ 27.434698105000052, 43.394046783000078 ], [ 27.431119919000139, 43.396381378000058 ], [ 27.427541732000066, 43.399353027000188 ], [ 27.424299240000039, 43.405963897000049 ], [ 27.422849655000107, 43.410957336000138 ], [ 27.421689987000036, 43.418067932000156 ], [ 27.418359757000189, 43.421863557000052 ], [ 27.414741517000152, 43.424606323000148 ], [ 27.409254075000149, 43.427436828000111 ], [ 27.407474519000175, 43.430297852000081 ], [ 27.405664444000081, 43.432937623000043 ], [ 27.40253830000006, 43.435859680000192 ], [ 27.397832870000059, 43.439697265000177 ], [ 27.39573287900015, 43.441696166000099 ], [ 27.39309692300003, 43.443191529000103 ], [ 27.389387131000035, 43.444633484000121 ], [ 27.386461257000065, 43.446254730000135 ], [ 27.384073257000182, 43.448055266999972 ], [ 27.38115692100007, 43.45031356800007 ], [ 27.378250122, 43.454025269000113 ], [ 27.375053405000131, 43.457981109000059 ], [ 27.36941146800001, 43.461597444000063 ], [ 27.361024857000075, 43.46572113000019 ], [ 27.361024857000075, 43.467647552000074 ], [ 27.361225129000104, 43.4699020380001 ], [ 27.360706330000085, 43.47201919500003 ], [ 27.358919143999969, 43.475311279000096 ], [ 27.357112884000117, 43.477069854000035 ], [ 27.353658677000055, 43.477462769000113 ], [ 27.351840972, 43.477657319000059 ], [ 27.349275589000115, 43.477596283000139 ], [ 27.346729278, 43.477527618000067 ], [ 27.343595505000167, 43.477478028000064 ], [ 27.340089799000168, 43.477714539000146 ], [ 27.337316514000122, 43.477928162000183 ], [ 27.33529090900015, 43.47813034100011 ], [ 27.333263397000053, 43.479167939000149 ], [ 27.332534790000068, 43.481571197000051 ], [ 27.333665848000066, 43.484073639000144 ], [ 27.334783555000058, 43.485588073000031 ], [ 27.336269379999976, 43.487091066000175 ], [ 27.340253829000062, 43.490150452000137 ], [ 27.343589783000027, 43.492858886000079 ], [ 27.347263335000036, 43.494720459000177 ], [ 27.350566865000189, 43.49686431900011 ], [ 27.35203552300004, 43.497924806000185 ], [ 27.354589463000138, 43.499553680000133 ], [ 27.356777191000162, 43.501712799000188 ], [ 27.358602524000105, 43.503898621000189 ], [ 27.358972549000043, 43.50613021800018 ], [ 27.360059737000142, 43.509166718000074 ], [ 27.359701158000064, 43.511695861000192 ], [ 27.359333038000159, 43.513389588000052 ], [ 27.358243942000058, 43.515674590000117 ], [ 27.355699540000046, 43.516597748000095 ], [ 27.351686477000101, 43.516441346000136 ], [ 27.346197128000028, 43.516330719000166 ], [ 27.341409683000165, 43.516742706000059 ], [ 27.336967468000012, 43.517704010000159 ], [ 27.333257676000017, 43.51892852800006 ], [ 27.330284119000112, 43.520957948000103 ], [ 27.328779221000104, 43.523796081000171 ], [ 27.32839965800008, 43.526885986000138 ], [ 27.327274323000154, 43.52997970600012 ], [ 27.326875686999983, 43.533351899000195 ], [ 27.326875686999983, 43.537277222000171 ], [ 27.32685470600012, 43.538387299000078 ], [ 27.329061507, 43.543647766000049 ], [ 27.333850860999974, 43.548553466000044 ], [ 27.336063385000102, 43.55045318700013 ], [ 27.341945648000149, 43.55476760900001 ], [ 27.345615388000056, 43.556324005000192 ], [ 27.348167420000152, 43.557643890000065 ], [ 27.354377746000125, 43.559688568000126 ], [ 27.359090804000175, 43.560928346000026 ], [ 27.363077164000117, 43.561923980000188 ], [ 27.372455597999988, 43.563823699000068 ], [ 27.375335693000181, 43.564277650000065 ], [ 27.379974365000123, 43.566337587000078 ], [ 27.384618758000101, 43.568119050000121 ], [ 27.38888931300005, 43.569362641000055 ], [ 27.393508912000073, 43.5705719 ], [ 27.397401810000133, 43.572101594000117 ], [ 27.40234947100015, 43.573287965000134 ], [ 27.407285690000094, 43.575046540000073 ], [ 27.411504745, 43.576560974000131 ], [ 27.415712357000189, 43.578617097000176 ], [ 27.419925690000184, 43.580669403000172 ], [ 27.42481613200016, 43.58354950100005 ], [ 27.427944183000079, 43.585956574000193 ], [ 27.43176078700003, 43.589694976000089 ], [ 27.43486976500003, 43.593780518000074 ], [ 27.437986374000104, 43.595886231000122 ], [ 27.440042495000114, 43.598606109000116 ], [ 27.440738678000059, 43.598293304000094 ], [ 27.44354057400011, 43.59705734400012 ], [ 27.446338653000055, 43.595821381000064 ], [ 27.449483872000144, 43.595138549000069 ], [ 27.452608109000096, 43.594722747000162 ], [ 27.456081389000076, 43.594284059000074 ], [ 27.459896088000107, 43.594692230000192 ], [ 27.464742660000013, 43.59561538600019 ], [ 27.467153548, 43.596073150000052 ], [ 27.469228745000066, 43.59655761800019 ], [ 27.472902297000076, 43.596702575000165 ] ] ] ] } },
{ "type": "Feature", "properties": { "fid": 226, "GID_2": "BGR.24.11_1", "GID_0": "BGR", "COUNTRY": "Bulgaria", "GID_1": "BGR.24_1", "NAME_1": "Varna", "NL_NAME_1": "Варна", "NAME_2": "Varna", "VARNAME_2": "NA", "NL_NAME_2": "Варна", "TYPE_2": "City", "ENGTYPE_2": "City", "CC_2": "NA", "HASC_2": "BG.VN.VA" }, "geometry": { "type": "MultiPolygon", "coordinates": [ [ [ [ 28.032617570000127, 43.30069732700008 ], [ 28.035318374000155, 43.30144119400012 ], [ 28.038910024000131, 43.301851198000122 ], [ 28.039495468000098, 43.301918029000035 ], [ 28.042238236000173, 43.30225753700006 ], [ 28.043930403000104, 43.302318321000087 ], [ 28.045212001000095, 43.302364 ], [ 28.050215581000032, 43.301973524000118 ], [ 28.051578498000083, 43.30152899899997 ], [ 28.051527000000135, 43.30152899899997 ], [ 28.051527000000135, 43.30125 ], [ 28.05125, 43.30125 ], [ 28.05125, 43.300694001000181 ], [ 28.050972001000105, 43.300694001000181 ], [ 28.050972001000105, 43.300414999 ], [ 28.050693999000032, 43.300414999 ], [ 28.050693999000032, 43.299862000000189 ], [ 28.050417, 43.299862000000189 ], [ 28.050417, 43.299305001 ], [ 28.050138000000118, 43.299305001 ], [ 28.050138000000118, 43.299025999000037 ], [ 28.049862001000122, 43.299025999000037 ], [ 28.049862001000122, 43.298473000000172 ], [ 28.049582999000108, 43.298473000000172 ], [ 28.049582999000108, 43.297916001000033 ], [ 28.049304999000185, 43.297916001000033 ], [ 28.049304999000185, 43.297359 ], [ 28.049028000000135, 43.297359 ], [ 28.049028000000135, 43.296806001 ], [ 28.04875, 43.296806001 ], [ 28.04875, 43.296249 ], [ 28.048471001000109, 43.296249 ], [ 28.048471001000109, 43.295696 ], [ 28.048194999000032, 43.295696 ], [ 28.048194999000032, 43.29513899900013 ], [ 28.0479160000001, 43.29513899900013 ], [ 28.0479160000001, 43.294582000000105 ], [ 28.047638, 43.294582000000105 ], [ 28.047638, 43.292915001000097 ], [ 28.047361, 43.292915001000097 ], [ 28.047361, 43.290695 ], [ 28.047083001000033, 43.290695 ], [ 28.047083001000033, 43.28764 ], [ 28.046805999000185, 43.28764 ], [ 28.046805999000185, 43.285694000000149 ], [ 28.046528, 43.285694000000149 ], [ 28.046528, 43.285137 ], [ 28.046249, 43.285137 ], [ 28.046249, 43.284583999000063 ], [ 28.045973000000117, 43.284583999000063 ], [ 28.045973000000117, 43.284027 ], [ 28.045694001000015, 43.284027 ], [ 28.045694001000015, 43.283474001000059 ], [ 28.045415999000113, 43.283474001000059 ], [ 28.045415999000113, 43.282917 ], [ 28.045139, 43.282917 ], [ 28.045139, 43.282360001000029 ], [ 28.044861000000139, 43.282360001000029 ], [ 28.044861000000139, 43.280972001000123 ], [ 28.044584001000032, 43.280972001000123 ], [ 28.044582001000038, 43.279861000000153 ], [ 28.04430599900013, 43.279861000000153 ], [ 28.04430599900013, 43.278751000000113 ], [ 28.044027, 43.278751000000113 ], [ 28.044027, 43.277363 ], [ 28.04430599900013, 43.277363 ], [ 28.04430599900013, 43.276805999000032 ], [ 28.044582001000038, 43.276805999000032 ], [ 28.044584001000032, 43.276249 ], [ 28.044861000000139, 43.276249 ], [ 28.044861000000139, 43.27486 ], [ 28.04430599900013, 43.27486 ], [ 28.04430599900013, 43.274582001000056 ], [ 28.0437510000001, 43.274582001000056 ], [ 28.0437510000001, 43.274307001000068 ], [ 28.043194001000131, 43.274307001000068 ], [ 28.043194001000131, 43.274028999000166 ], [ 28.042639000000122, 43.274028999000166 ], [ 28.042639000000122, 43.27375 ], [ 28.042084, 43.27375 ], [ 28.042084, 43.27347200000014 ], [ 28.041805001000114, 43.27347200000014 ], [ 28.041805001000114, 43.272914999000193 ], [ 28.041528999000036, 43.272914999000193 ], [ 28.041528999000036, 43.272639999000148 ], [ 28.041250000000105, 43.272639999000148 ], [ 28.041250000000105, 43.27208300000018 ], [ 28.040972, 43.27208300000018 ], [ 28.040972, 43.271805001000189 ], [ 28.040695, 43.271805001000189 ], [ 28.040695, 43.271525999000175 ], [ 28.040611000000183, 43.271525999000175 ], [ 28.040417001000037, 43.271525999000175 ], [ 28.040417001000037, 43.27097300000014 ], [ 28.040137999000024, 43.27097300000014 ], [ 28.040137999000024, 43.270695 ], [ 28.039862, 43.270695 ], [ 28.039862, 43.270137999000099 ], [ 28.039583, 43.270137999000099 ], [ 28.039583, 43.269585 ], [ 28.039305001000059, 43.269585 ], [ 28.039305001000059, 43.269028001000095 ], [ 28.039027999000041, 43.269028001000095 ], [ 28.039027999000041, 43.268748999000081 ], [ 28.038749999000117, 43.268748999000081 ], [ 28.038749999000117, 43.268196 ], [ 28.038473, 43.268196 ], [ 28.038473, 43.267918000000179 ], [ 28.038195000000144, 43.267918000000179 ], [ 28.038195000000144, 43.265141001000188 ], [ 28.037916001000042, 43.265141001000188 ], [ 28.037916001000042, 43.264861999000175 ], [ 28.037639999000135, 43.264861999000175 ], [ 28.037639999000135, 43.264305 ], [ 28.037361, 43.264305 ], [ 28.037361, 43.264027000999988 ], [ 28.037083000000166, 43.264027000999988 ], [ 28.037083000000166, 43.263747999000032 ], [ 28.036806000000126, 43.263747999000032 ], [ 28.036806000000126, 43.263195000000167 ], [ 28.036528001000136, 43.263195000000167 ], [ 28.036528001000136, 43.262359999000125 ], [ 28.036248999000122, 43.262359999000125 ], [ 28.036248999000122, 43.261528000000112 ], [ 28.035973000000126, 43.261528000000112 ], [ 28.035973000000126, 43.260970999000108 ], [ 28.035694000000149, 43.260970999000108 ], [ 28.035694000000149, 43.260693000000117 ], [ 28.035418, 43.260693000000117 ], [ 28.035418, 43.260418 ], [ 28.035139001000118, 43.260418 ], [ 28.035139001000118, 43.260139 ], [ 28.034860999000045, 43.260139 ], [ 28.034860999000045, 43.259861001000104 ], [ 28.034584000000166, 43.259861001000104 ], [ 28.034584000000166, 43.259582999000031 ], [ 28.034306, 43.259582999000031 ], [ 28.034306, 43.2593040000001 ], [ 28.03402700100014, 43.2593040000001 ], [ 28.03402700100014, 43.259029000000112 ], [ 28.033750999000063, 43.259029000000112 ], [ 28.033750999000063, 43.258751000000188 ], [ 28.033194, 43.258751000000188 ], [ 28.033194, 43.258472001000086 ], [ 28.032917, 43.258472001000086 ], [ 28.032917, 43.258193999000184 ], [ 28.032639001000064, 43.258193999000184 ], [ 28.032639001000064, 43.257637 ], [ 28.032361999000045, 43.257637 ], [ 28.032361999000045, 43.25708400100018 ], [ 28.032084, 43.25708400100018 ], [ 28.032084, 43.256527 ], [ 28.031805, 43.256527 ], [ 28.031805, 43.255974001000027 ], [ 28.031528, 43.255974001000027 ], [ 28.031528, 43.255417000000193 ], [ 28.031250001000046, 43.255417000000193 ], [ 28.031250001000046, 43.254860000000122 ], [ 28.030971999000144, 43.254860000000122 ], [ 28.030971999000144, 43.254306999000107 ], [ 28.030695, 43.254306999000107 ], [ 28.030695, 43.253750000000139 ], [ 28.030416, 43.253750000000139 ], [ 28.030416, 43.253192999000134 ], [ 28.030138001000068, 43.253192999000134 ], [ 28.030138001000068, 43.25264 ], [ 28.02986099900005, 43.25264 ], [ 28.02986099900005, 43.25208300100013 ], [ 28.029582999000183, 43.25208300100013 ], [ 28.029582999000183, 43.251529999000184 ], [ 28.029306, 43.251526000000126 ], [ 28.029306, 43.249690999000109 ], [ 28.029306, 43.249026999000023 ], [ 28.029582999000183, 43.249026999000023 ], [ 28.029582999000183, 43.248474 ], [ 28.029306, 43.248474 ], [ 28.029306, 43.247917001000019 ], [ 28.029028000000153, 43.247917001000019 ], [ 28.029028000000153, 43.24736 ], [ 28.028749001000051, 43.24736 ], [ 28.028749001000051, 43.247082000000148 ], [ 28.028472999000144, 43.247082000000148 ], [ 28.028472999000144, 43.246528999000134 ], [ 28.028194, 43.246528999000134 ], [ 28.028194, 43.24625 ], [ 28.028000000000191, 43.24625 ], [ 28.027361001000145, 43.24625 ], [ 28.027361001000145, 43.245972000000108 ], [ 28.026251, 43.245972000000108 ], [ 28.026251, 43.245693000000131 ], [ 28.025417000000175, 43.245693000000131 ], [ 28.025417000000175, 43.244583000000148 ], [ 28.025972001000184, 43.244583000000148 ], [ 28.025972001000184, 43.244025999000144 ], [ 28.024027000000103, 43.244025999000144 ], [ 28.024027000000103, 43.24375199900004 ], [ 28.023194999000054, 43.24375199900004 ], [ 28.023194999000054, 43.243473000000108 ], [ 28.022362000000157, 43.243473000000108 ], [ 28.022362000000157, 43.24375199900004 ], [ 28.022083001000112, 43.24375199900004 ], [ 28.022083001000112, 43.244025999000144 ], [ 28.021804998999983, 43.244025999000144 ], [ 28.021804998999983, 43.244583000000148 ], [ 28.021528000000103, 43.244583000000148 ], [ 28.021528000000103, 43.244862000000126 ], [ 28.02125000000018, 43.244862000000126 ], [ 28.02125000000018, 43.244583000000148 ], [ 28.020971001000078, 43.244583000000148 ], [ 28.020971001000078, 43.244305 ], [ 28.020695000999979, 43.244305 ], [ 28.020695000999979, 43.244025999000144 ], [ 28.020415999000193, 43.244025999000144 ], [ 28.020415999000193, 43.24375199900004 ], [ 28.02014, 43.24375199900004 ], [ 28.02014, 43.243473000000108 ], [ 28.019861000000162, 43.243473000000108 ], [ 28.019861000000162, 43.243195 ], [ 28.019583001000171, 43.243195 ], [ 28.019583001000171, 43.24291600100014 ], [ 28.019305998999982, 43.24291600100014 ], [ 28.019305998999982, 43.242637999000067 ], [ 28.019027999000116, 43.242637999000067 ], [ 28.019027999000116, 43.242362999000022 ], [ 28.018749000000184, 43.242362999000022 ], [ 28.018749000000184, 43.241806 ], [ 28.018473, 43.241806 ], [ 28.018473, 43.241248999000049 ], [ 28.018194000999983, 43.241248999000049 ], [ 28.018194000999983, 43.240696 ], [ 28.017915999000081, 43.240696 ], [ 28.017915999000081, 43.239860999000143 ], [ 28.017639, 43.239860999000143 ], [ 28.017639, 43.239307 ], [ 28.017361000000108, 43.239307 ], [ 28.017361000000108, 43.238471999000126 ], [ 28.017084, 43.238471999000126 ], [ 28.017084, 43.237915000000157 ], [ 28.016806001000077, 43.237915000000157 ], [ 28.016806001000077, 43.237362001000122 ], [ 28.016526999000121, 43.237362001000122 ], [ 28.016526999000121, 43.236805000000174 ], [ 28.016251, 43.236805000000174 ], [ 28.016251, 43.236526 ], [ 28.015972, 43.236526 ], [ 28.015972, 43.235972999000126 ], [ 28.015694001000099, 43.235972999000126 ], [ 28.015694001000099, 43.235695000000135 ], [ 28.015417001000117, 43.235695000000135 ], [ 28.015417001000117, 43.235416000000157 ], [ 28.015972, 43.235416000000157 ], [ 28.015972, 43.235138 ], [ 28.016251, 43.235138 ], [ 28.016251, 43.234859001000189 ], [ 28.016806001000077, 43.234859001000189 ], [ 28.016806001000077, 43.234306000000174 ], [ 28.016526999000121, 43.234306000000174 ], [ 28.016526999000121, 43.233749001000149 ], [ 28.016251, 43.233749001000149 ], [ 28.016251, 43.233195999000088 ], [ 28.015972, 43.233195999000088 ], [ 28.015972, 43.232639 ], [ 28.015694001000099, 43.232639 ], [ 28.015694001000099, 43.231529 ], [ 28.015417001000117, 43.231529 ], [ 28.015417001000117, 43.230415000000107 ], [ 28.015138998999987, 43.230415000000107 ], [ 28.015138998999987, 43.229584001000148 ], [ 28.015358001000038, 43.229584001000148 ], [ 28.015417001000117, 43.229584001000148 ], [ 28.015417001000117, 43.229027 ], [ 28.015138998999987, 43.229027 ], [ 28.015138998999987, 43.228748000000166 ], [ 28.014894, 43.228748000000166 ], [ 28.014862000000107, 43.228748000000166 ], [ 28.014862000000107, 43.228691 ], [ 28.014860000000112, 43.228195001000188 ], [ 28.014584000000184, 43.228195001000188 ], [ 28.014584000000184, 43.227916999000058 ], [ 28.01443300000011, 43.227916999000058 ], [ 28.014305001000082, 43.227916999000058 ], [ 28.014305001000082, 43.227684001000171 ], [ 28.014305001000082, 43.227638000000184 ], [ 28.014860000000112, 43.227638000000184 ], [ 28.014862000000107, 43.22736 ], [ 28.015138998999987, 43.22736 ], [ 28.015138998999987, 43.227085001000148 ], [ 28.015694001000099, 43.227085001000148 ], [ 28.015694001000099, 43.225971 ], [ 28.014029000999983, 43.225971 ], [ 28.014029000999983, 43.225693001000081 ], [ 28.01375000000013, 43.225693001000081 ], [ 28.01375000000013, 43.225417999000058 ], [ 28.013195, 43.225417999000058 ], [ 28.013195, 43.22514 ], [ 28.012917001000176, 43.22514 ], [ 28.012917001000176, 43.224861 ], [ 28.012362, 43.224861 ], [ 28.012362, 43.224304001000121 ], [ 28.012083000000189, 43.224304001000121 ], [ 28.012083000000189, 43.223751000000107 ], [ 28.01104400100013, 43.223751000000107 ], [ 28.01041600100001, 43.223751000000107 ], [ 28.01041600100001, 43.224304001000121 ], [ 28.010139001000027, 43.224304001000121 ], [ 28.010139001000027, 43.224583000000166 ], [ 28.009306, 43.224583000000166 ], [ 28.009306, 43.223751000000107 ], [ 28.009027001000049, 43.223751000000107 ], [ 28.009027001000049, 43.222084000000166 ], [ 28.008472, 43.222084000000166 ], [ 28.008472, 43.221806001000175 ], [ 28.008194000000117, 43.221806001000175 ], [ 28.008194000000117, 43.221526999 ], [ 28.007639001000143, 43.221526999 ], [ 28.007639001000143, 43.221249 ], [ 28.00735999900013, 43.221249 ], [ 28.00735999900013, 43.220974000000183 ], [ 28.007084000000134, 43.220974000000183 ], [ 28.007084000000134, 43.220695 ], [ 28.006805, 43.220695 ], [ 28.006805, 43.220417000999987 ], [ 28.006250001000126, 43.220417000999987 ], [ 28.006250001000126, 43.220138999000085 ], [ 28.005971999000053, 43.220138999000085 ], [ 28.005971999000053, 43.21986 ], [ 28.005695000000117, 43.21986 ], [ 28.005695000000117, 43.219582000000116 ], [ 28.005417, 43.219582000000116 ], [ 28.005417, 43.219032001000187 ], [ 28.005138001000148, 43.219028001000027 ], [ 28.005138001000148, 43.218796000000111 ], [ 28.005138001000148, 43.218472000000133 ], [ 28.004751000000169, 43.218472000000133 ], [ 28.003470999000058, 43.218472000000133 ], [ 28.003470999000058, 43.218749999000124 ], [ 28.003750001000014, 43.218749999000124 ], [ 28.003750001000014, 43.219028001000027 ], [ 28.004028, 43.219028001000027 ], [ 28.004028, 43.21986 ], [ 28.004305, 43.21986 ], [ 28.004305, 43.220695 ], [ 28.003195, 43.220695 ], [ 28.003195, 43.220974000000183 ], [ 28.002361001000054, 43.220974000000183 ], [ 28.002361001000054, 43.220695 ], [ 28.001806, 43.220695 ], [ 28.001806, 43.220417000999987 ], [ 28.001528000000121, 43.220417000999987 ], [ 28.001528000000121, 43.220138999000085 ], [ 28.000973001000148, 43.220138999000085 ], [ 28.000973001000148, 43.21986 ], [ 28.000693999000134, 43.21986 ], [ 28.000693999000134, 43.219582000000116 ], [ 28.000416000000143, 43.219582000000116 ], [ 28.000416000000143, 43.219028001000027 ], [ 28.000139000000161, 43.219028001000027 ], [ 27.999861001000113, 43.219028001000027 ], [ 27.99958400100013, 43.219028001000027 ], [ 27.99958400100013, 43.218749999000124 ], [ 27.998751, 43.218749999000124 ], [ 27.998751, 43.218472000000133 ], [ 27.998472001000152, 43.218472000000133 ], [ 27.998472001000152, 43.218193 ], [ 27.99819399900008, 43.218193 ], [ 27.99819399900008, 43.217918000000111 ], [ 27.997639, 43.217918000000111 ], [ 27.997639, 43.21764000100012 ], [ 27.997084001000076, 43.21764000100012 ], [ 27.997084001000076, 43.217083000000116 ], [ 27.996804999000062, 43.217083000000116 ], [ 27.996804999000062, 43.216805000000193 ], [ 27.997084001000076, 43.216805000000193 ], [ 27.997084001000076, 43.216526001000148 ], [ 27.99736, 43.216526001000148 ], [ 27.99736, 43.216250999000124 ], [ 27.997639, 43.216250999000124 ], [ 27.997639, 43.215973000000133 ], [ 27.997917000000143, 43.215973000000133 ], [ 27.997917000000143, 43.215694 ], [ 27.997639, 43.215694 ], [ 27.997639, 43.21513700100013 ], [ 27.997084001000076, 43.21513700100013 ], [ 27.997084001000076, 43.214862999 ], [ 27.996529, 43.214862999 ], [ 27.996529, 43.21513700100013 ], [ 27.99625, 43.21513700100013 ], [ 27.99625, 43.216250999000124 ], [ 27.995695001000058, 43.216250999000124 ], [ 27.995695001000058, 43.216526001000148 ], [ 27.99458300100008, 43.216526001000148 ], [ 27.99458300100008, 43.216805000000193 ], [ 27.994027999000139, 43.216805000000193 ], [ 27.994027999000139, 43.217083000000116 ], [ 27.992083, 43.217083000000116 ], [ 27.992083, 43.216805000000193 ], [ 27.991806001000157, 43.216805000000193 ], [ 27.991806001000157, 43.215973000000133 ], [ 27.991527999000084, 43.215973000000133 ], [ 27.991527999000084, 43.216250999000124 ], [ 27.990138999000067, 43.216250999000124 ], [ 27.990138999000067, 43.216526001000148 ], [ 27.988194000000192, 43.216526001000148 ], [ 27.988194000000192, 43.216250999000124 ], [ 27.987637999000071, 43.216250999000124 ], [ 27.987637999000071, 43.215973000000133 ], [ 27.987083, 43.215973000000133 ], [ 27.987083, 43.216250999000124 ], [ 27.986805000000174, 43.216250999000124 ], [ 27.986805000000174, 43.217360999000107 ], [ 27.987917001000085, 43.217360999000107 ], [ 27.987917001000085, 43.217083000000116 ], [ 27.988472, 43.217083000000116 ], [ 27.988472, 43.21764000100012 ], [ 27.988750000000152, 43.21764000100012 ], [ 27.988750000000152, 43.218193 ], [ 27.988472, 43.218193 ], [ 27.988472, 43.218472000000133 ], [ 27.988195, 43.218472000000133 ], [ 27.988194000000192, 43.218749999000124 ], [ 27.987637999000071, 43.218749999000124 ], [ 27.987637999000071, 43.219028001000027 ], [ 27.986528001000067, 43.219028001000027 ], [ 27.986528001000067, 43.219307 ], [ 27.985971, 43.219307 ], [ 27.985971, 43.219582000000116 ], [ 27.984583000000157, 43.219582000000116 ], [ 27.984583000000157, 43.219307 ], [ 27.98374899900017, 43.219307 ], [ 27.98374899900017, 43.219028001000027 ], [ 27.983194, 43.219028001000027 ], [ 27.983194, 43.218749999000124 ], [ 27.982360999000093, 43.218749999000124 ], [ 27.982360999000093, 43.219028001000027 ], [ 27.982084000000157, 43.219028001000027 ], [ 27.982084000000157, 43.219307 ], [ 27.981527001000188, 43.219307 ], [ 27.981527001000188, 43.219028001000027 ], [ 27.981251001000089, 43.219028001000027 ], [ 27.981251001000089, 43.217918000000111 ], [ 27.981527001000188, 43.217918000000111 ], [ 27.981527001000188, 43.217360999000107 ], [ 27.981251001000089, 43.217360999000107 ], [ 27.981251001000089, 43.217083000000116 ], [ 27.980139001000111, 43.217083000000116 ], [ 27.980139001000111, 43.217360999000107 ], [ 27.979859999000098, 43.217360999000107 ], [ 27.979859999000098, 43.21764000100012 ], [ 27.979305000000124, 43.21764000100012 ], [ 27.979305000000124, 43.217918000000111 ], [ 27.978750001000094, 43.217918000000111 ], [ 27.978750001000094, 43.218193 ], [ 27.978471999000192, 43.218193 ], [ 27.978471999000192, 43.218472000000133 ], [ 27.977917, 43.218472000000133 ], [ 27.977917, 43.218749999000124 ], [ 27.977362001000188, 43.218749999000124 ], [ 27.977362001000188, 43.219028001000027 ], [ 27.977082999000174, 43.219028001000027 ], [ 27.977082999000174, 43.218749999000124 ], [ 27.975416, 43.218749999000124 ], [ 27.975416, 43.218472000000133 ], [ 27.975140000000124, 43.218472000000133 ], [ 27.975140000000124, 43.218749999000124 ], [ 27.97430599900008, 43.218749999000124 ], [ 27.97430599900008, 43.218472000000133 ], [ 27.973473001000116, 43.218472000000133 ], [ 27.973473001000116, 43.218193 ], [ 27.972361, 43.218193 ], [ 27.972361, 43.21764000100012 ], [ 27.971805999000026, 43.21764000100012 ], [ 27.971805999000026, 43.217360999000107 ], [ 27.970972001000121, 43.217360999000107 ], [ 27.970972001000121, 43.217083000000116 ], [ 27.967361, 43.217083000000116 ], [ 27.967361, 43.216805000000193 ], [ 27.966527999000107, 43.216805000000193 ], [ 27.966527999000107, 43.216526001000148 ], [ 27.965973000000133, 43.216526001000148 ], [ 27.965973000000133, 43.215973000000133 ], [ 27.965694001000031, 43.215973000000133 ], [ 27.965694001000031, 43.215694 ], [ 27.965415999000129, 43.215694 ], [ 27.965415999000129, 43.215416 ], [ 27.964861000000155, 43.215416 ], [ 27.964861000000155, 43.21513700100013 ], [ 27.964306001000125, 43.21513700100013 ], [ 27.964306001000125, 43.214862999 ], [ 27.963750999000013, 43.214862999 ], [ 27.963750999000013, 43.214584000000116 ], [ 27.963194, 43.214584000000116 ], [ 27.963194, 43.214306000000192 ], [ 27.962917001000108, 43.214306000000192 ], [ 27.962917001000108, 43.214027001000147 ], [ 27.96236000000016, 43.214027001000147 ], [ 27.96236000000016, 43.213749001000053 ], [ 27.962084, 43.213749001000053 ], [ 27.962084, 43.213470000000143 ], [ 27.961527001000036, 43.213470000000143 ], [ 27.961527001000036, 43.213196 ], [ 27.960972, 43.213196 ], [ 27.960972, 43.212917 ], [ 27.960695, 43.212917 ], [ 27.960695, 43.212639001000014 ], [ 27.96013799900004, 43.212639001000014 ], [ 27.96013799900004, 43.212359999000057 ], [ 27.959861999000111, 43.212359999000057 ], [ 27.959861999000111, 43.212082 ], [ 27.959305000000143, 43.212082 ], [ 27.959305000000143, 43.211807000000192 ], [ 27.959028001000036, 43.211807000000192 ], [ 27.959028001000036, 43.211529 ], [ 27.958749999000133, 43.211529 ], [ 27.958749999000133, 43.210693 ], [ 27.956806000000142, 43.210693 ], [ 27.956806000000142, 43.210971999000151 ], [ 27.955972999000039, 43.210971999000151 ], [ 27.955972999000039, 43.211250001000053 ], [ 27.955416, 43.211250001000053 ], [ 27.955416, 43.210971999000151 ], [ 27.952917, 43.210971999000151 ], [ 27.952917, 43.210693 ], [ 27.949582998999972, 43.210693 ], [ 27.949582998999972, 43.210415000000125 ], [ 27.94930599900016, 43.210415000000125 ], [ 27.94930599900016, 43.210693 ], [ 27.948473000999968, 43.210693 ], [ 27.948473000999968, 43.210971999000151 ], [ 27.947916000000191, 43.210971999000151 ], [ 27.947916000000191, 43.210693 ], [ 27.943472, 43.210693 ], [ 27.943472, 43.210415000000125 ], [ 27.941805001000034, 43.210415000000125 ], [ 27.941805001000034, 43.209582999000133 ], [ 27.941527999000186, 43.209582999000133 ], [ 27.941527999000186, 43.208752 ], [ 27.937916001000133, 43.208752 ], [ 27.937916001000133, 43.208473001000129 ], [ 27.937361000000124, 43.208473001000129 ], [ 27.937361000000124, 43.208194999000057 ], [ 27.937084, 43.208194999000057 ], [ 27.937084, 43.207916000000125 ], [ 27.936806, 43.207916000000125 ], [ 27.936806, 43.207638 ], [ 27.936250999000038, 43.207638 ], [ 27.936250999000038, 43.207359001000157 ], [ 27.935972000000106, 43.207359001000157 ], [ 27.935972000000106, 43.207085001000053 ], [ 27.935417001000133, 43.207085001000053 ], [ 27.935417001000133, 43.206805999000039 ], [ 27.934584, 43.206805999000039 ], [ 27.934584, 43.206528 ], [ 27.934029001, 43.206528 ], [ 27.934029001, 43.206249 ], [ 27.933195000000183, 43.206249 ], [ 27.933195000000183, 43.20597100100008 ], [ 27.932638001000043, 43.20597100100008 ], [ 27.932638001000043, 43.205695999000056 ], [ 27.932361999000136, 43.205695999000056 ], [ 27.932361999000136, 43.205418 ], [ 27.932083, 43.205418 ], [ 27.932083, 43.205139 ], [ 27.931805000000111, 43.205139 ], [ 27.931805000000111, 43.205418 ], [ 27.930140001000098, 43.205418 ], [ 27.930140001000098, 43.205695999000056 ], [ 27.92958300000015, 43.205695999000056 ], [ 27.92958300000015, 43.205418 ], [ 27.929028, 43.205418 ], [ 27.929028, 43.205139 ], [ 27.92791700000015, 43.205139 ], [ 27.92791700000015, 43.204861000000164 ], [ 27.927639, 43.204861000000164 ], [ 27.927639, 43.204582001000063 ], [ 27.927361001000065, 43.204582001000063 ], [ 27.927361001000065, 43.204029 ], [ 27.926805000000115, 43.204029 ], [ 27.926805000000115, 43.203751000000125 ], [ 27.926527, 43.203751000000125 ], [ 27.926527, 43.20347200100008 ], [ 27.926250001000142, 43.20347200100008 ], [ 27.926250001000142, 43.202915 ], [ 27.925693999000146, 43.202915 ], [ 27.925693999000146, 43.202641000000142 ], [ 27.925417, 43.202641000000142 ], [ 27.925417, 43.202362000000164 ], [ 27.924862001000065, 43.202362000000164 ], [ 27.924862001000065, 43.202084001000117 ], [ 27.924582999000052, 43.202084001000117 ], [ 27.924582999000052, 43.20180499900016 ], [ 27.924028, 43.20180499900016 ], [ 27.924028, 43.201527000000169 ], [ 27.923750000000155, 43.201527000000169 ], [ 27.923750000000155, 43.201248000000135 ], [ 27.923194999000145, 43.201248000000135 ], [ 27.923194999000145, 43.19986 ], [ 27.922916, 43.19986 ], [ 27.922916, 43.19875 ], [ 27.92263800000012, 43.19875 ], [ 27.92263800000012, 43.198471 ], [ 27.922083001000146, 43.198471 ], [ 27.922083001000146, 43.19819300100005 ], [ 27.921805999000128, 43.19819300100005 ], [ 27.921805999000128, 43.197918001000062 ], [ 27.921249000000159, 43.197918001000062 ], [ 27.921249000000159, 43.197083000000134 ], [ 27.920973001000164, 43.197083000000134 ], [ 27.920973001000164, 43.196250999000142 ], [ 27.921076, 43.196250999000142 ], [ 27.921249000000159, 43.196250999000142 ], [ 27.921249000000159, 43.195694000000174 ], [ 27.921528000000137, 43.195694000000174 ], [ 27.921528000000137, 43.195136999000169 ], [ 27.921805999000128, 43.195136999000169 ], [ 27.921805999000128, 43.193843999000137 ], [ 27.921805999000128, 43.192081 ], [ 27.922083001000146, 43.192081 ], [ 27.922083001000146, 43.190800001000127 ], [ 27.922083001000146, 43.189860999000075 ], [ 27.921805999000128, 43.189860999000075 ], [ 27.921805999000128, 43.189583 ], [ 27.921349, 43.189583 ], [ 27.920973001000164, 43.189583 ], [ 27.920973001000164, 43.189860999000075 ], [ 27.92069399900015, 43.189860999000075 ], [ 27.92069399900015, 43.190418 ], [ 27.920415999000056, 43.190418 ], [ 27.920415999000056, 43.190971000000161 ], [ 27.92013900000012, 43.190971000000161 ], [ 27.92013900000012, 43.191807 ], [ 27.920415999000056, 43.191807 ], [ 27.920415999000056, 43.192081 ], [ 27.92069399900015, 43.192081 ], [ 27.92069399900015, 43.192637999000169 ], [ 27.920415999000056, 43.192637999000169 ], [ 27.920415999000056, 43.193195000000173 ], [ 27.92013900000012, 43.193195000000173 ], [ 27.92013900000012, 43.194584000000134 ], [ 27.919861, 43.194584000000134 ], [ 27.919861, 43.195136999000169 ], [ 27.919584001000146, 43.195136999000169 ], [ 27.919584001000146, 43.195415001000072 ], [ 27.91652899900015, 43.195415001000072 ], [ 27.91652899900015, 43.195136999000169 ], [ 27.915138, 43.195136999000169 ], [ 27.915138, 43.194862 ], [ 27.914862000000142, 43.194862 ], [ 27.914862000000142, 43.194305001000089 ], [ 27.915138, 43.194305001000089 ], [ 27.915138, 43.193747998999982 ], [ 27.914862000000142, 43.193747998999982 ], [ 27.914862000000142, 43.193474000000151 ], [ 27.914583000000164, 43.193474000000151 ], [ 27.914583000000164, 43.193195000000173 ], [ 27.914305001000173, 43.193195000000173 ], [ 27.914305001000173, 43.192917001000183 ], [ 27.913750000000164, 43.192917001000183 ], [ 27.913750000000164, 43.192637999000169 ], [ 27.913473000000181, 43.192637999000169 ], [ 27.913473000000181, 43.192360000000178 ], [ 27.91625, 43.192360000000178 ], [ 27.91625, 43.192081 ], [ 27.91736, 43.192081 ], [ 27.91736, 43.191807 ], [ 27.917916999000056, 43.191807 ], [ 27.917916999000056, 43.190971000000161 ], [ 27.912361000000146, 43.190971000000161 ], [ 27.912361000000146, 43.190693 ], [ 27.912083, 43.190693 ], [ 27.912083, 43.190418 ], [ 27.911528001000079, 43.190418 ], [ 27.911528001000079, 43.189610000000187 ], [ 27.911896001000173, 43.189583 ], [ 27.913473000000181, 43.189583 ], [ 27.913473000000181, 43.189465 ], [ 27.913473000000181, 43.189304000000106 ], [ 27.914305001000173, 43.189304000000106 ], [ 27.914305001000173, 43.188751001000071 ], [ 27.911248999000065, 43.188751001000071 ], [ 27.911248999000065, 43.188472999000169 ], [ 27.910973, 43.188472999000169 ], [ 27.910973, 43.188194 ], [ 27.910694, 43.188194 ], [ 27.910694, 43.187916 ], [ 27.910418001000096, 43.187916 ], [ 27.910418001000096, 43.187083998999981 ], [ 27.910138999000083, 43.187083998999981 ], [ 27.910138999000083, 43.185973999000169 ], [ 27.909860999000159, 43.185973999000169 ], [ 27.909860999000159, 43.185417 ], [ 27.909584, 43.185417 ], [ 27.909584, 43.185139000000106 ], [ 27.909306000000186, 43.185139000000106 ], [ 27.909306000000186, 43.184860001000175 ], [ 27.907917000000168, 43.184860001000175 ], [ 27.907917000000168, 43.185139000000106 ], [ 27.905416000000173, 43.185139000000106 ], [ 27.905416000000173, 43.185417 ], [ 27.902916000000118, 43.185417 ], [ 27.902916000000118, 43.185695999000075 ], [ 27.902715999000179, 43.185695999000075 ], [ 27.901658999000119, 43.185695999000075 ], [ 27.901594000000159, 43.185436001000085 ], [ 27.901102, 43.183472001000098 ], [ 27.903749001, 43.183472001000098 ], [ 27.903749001, 43.183192999000084 ], [ 27.904860999000164, 43.183192999000084 ], [ 27.904860999000164, 43.182919 ], [ 27.90625000100016, 43.182915 ], [ 27.90625000100016, 43.182640000000106 ], [ 27.907361999000159, 43.182640000000106 ], [ 27.907361999000159, 43.182362001000115 ], [ 27.908750999000176, 43.182362001000115 ], [ 27.908750999000176, 43.182082999000102 ], [ 27.909860999000159, 43.182082999000102 ], [ 27.910138999000083, 43.182082999000102 ], [ 27.910138999000083, 43.181685999000138 ], [ 27.910138999000083, 43.181526000000133 ], [ 27.910418001000096, 43.181526000000133 ], [ 27.910418001000096, 43.181252 ], [ 27.910694, 43.181252 ], [ 27.910694, 43.180694999000025 ], [ 27.910973, 43.180694999000025 ], [ 27.910973, 43.180138 ], [ 27.910694, 43.180138 ], [ 27.910694, 43.179585001000191 ], [ 27.910418001000096, 43.179585001000191 ], [ 27.910418001000096, 43.178471001000048 ], [ 27.911248999000065, 43.178471001000048 ], [ 27.911248999000065, 43.178196001000174 ], [ 27.911806, 43.178196001000174 ], [ 27.911806, 43.177082001000031 ], [ 27.912083, 43.177082001000031 ], [ 27.912083, 43.176528999000084 ], [ 27.912361000000146, 43.176528999000084 ], [ 27.912361000000146, 43.175972000000115 ], [ 27.912517999000102, 43.175972000000115 ], [ 27.912639999000078, 43.175972000000115 ], [ 27.912639999000078, 43.175694001000124 ], [ 27.912916001000156, 43.175694001000124 ], [ 27.912916001000156, 43.175414999000111 ], [ 27.913750000000164, 43.175414999000111 ], [ 27.913750000000164, 43.17514 ], [ 27.914027999000155, 43.17514 ], [ 27.914027999000155, 43.174862000000132 ], [ 27.914305001000173, 43.174862000000132 ], [ 27.914305001000173, 43.17458300100003 ], [ 27.914583000000164, 43.17458300100003 ], [ 27.914583000000164, 43.174305001000107 ], [ 27.915416999000172, 43.174305001000107 ], [ 27.915416999000172, 43.17402599900015 ], [ 27.915972000000181, 43.17402599900015 ], [ 27.915972000000181, 43.173752 ], [ 27.916805001000057, 43.173752 ], [ 27.916805001000057, 43.17402599900015 ], [ 27.917084000000159, 43.17402599900015 ], [ 27.917084000000159, 43.173752 ], [ 27.917916999000056, 43.173752 ], [ 27.917916999000056, 43.173473000000115 ], [ 27.918194001000074, 43.173473000000115 ], [ 27.918194001000074, 43.173752 ], [ 27.920415999000056, 43.173752 ], [ 27.920415999000056, 43.174305001000107 ], [ 27.92069399900015, 43.174305001000107 ], [ 27.92069399900015, 43.17402599900015 ], [ 27.922083001000146, 43.17402599900015 ], [ 27.922083001000146, 43.174305001000107 ], [ 27.922916, 43.174305001000107 ], [ 27.922916, 43.17458300100003 ], [ 27.923471001000053, 43.17458300100003 ], [ 27.923471001000053, 43.174862000000132 ], [ 27.926805000000115, 43.174862000000132 ], [ 27.926805000000115, 43.17514 ], [ 27.92791700000015, 43.17514 ], [ 27.92791700000015, 43.175414999000111 ], [ 27.928472999, 43.175414999000111 ], [ 27.928472999, 43.175694001000124 ], [ 27.928749001000142, 43.175694001000124 ], [ 27.928749001000142, 43.175414999000111 ], [ 27.929306000000111, 43.175414999000111 ], [ 27.929306000000111, 43.17514 ], [ 27.92958300000015, 43.17514 ], [ 27.92958300000015, 43.174862000000132 ], [ 27.929860999000141, 43.174862000000132 ], [ 27.929860999000141, 43.174305001000107 ], [ 27.930140001000098, 43.174305001000107 ], [ 27.930140001000098, 43.17402599900015 ], [ 27.93041600000015, 43.17402599900015 ], [ 27.93041600000015, 43.173752 ], [ 27.930695000000128, 43.173752 ], [ 27.930695000000128, 43.173473000000115 ], [ 27.933195000000183, 43.173473000000115 ], [ 27.933195000000183, 43.173195001000124 ], [ 27.933472, 43.173195001000124 ], [ 27.933472, 43.173473000000115 ], [ 27.935138999, 43.173473000000115 ], [ 27.935138999, 43.173195001000124 ], [ 27.935972000000106, 43.173195001000124 ], [ 27.935972000000106, 43.172915999000111 ], [ 27.937084, 43.172915999000111 ], [ 27.937084, 43.17263800000012 ], [ 27.937638999000114, 43.17263800000012 ], [ 27.937638999000114, 43.172359000000142 ], [ 27.938194000000124, 43.172359000000142 ], [ 27.938194000000124, 43.172085 ], [ 27.938473000000101, 43.172085 ], [ 27.938473000000101, 43.171806001000107 ], [ 27.938749, 43.171806001000107 ], [ 27.938749, 43.171527999000034 ], [ 27.939027999000075, 43.171527999000034 ], [ 27.939027999000075, 43.171249000000159 ], [ 27.939583, 43.171249000000159 ], [ 27.939583, 43.170971 ], [ 27.94013999900011, 43.170971 ], [ 27.94013999900011, 43.170696000000191 ], [ 27.940971, 43.170696000000191 ], [ 27.940971, 43.170138999000017 ], [ 27.94125, 43.170138999000017 ], [ 27.94125, 43.169861 ], [ 27.941527999000186, 43.169861 ], [ 27.941527999000186, 43.170138999000017 ], [ 27.942638000000102, 43.170138999000017 ], [ 27.942638000000102, 43.170971 ], [ 27.942916998999976, 43.170971 ], [ 27.942916998999976, 43.171249000000159 ], [ 27.94375, 43.171249000000159 ], [ 27.94375, 43.171527999000034 ], [ 27.944027000000119, 43.171527999000034 ], [ 27.944027000000119, 43.171806001000107 ], [ 27.944584001000067, 43.171806001000107 ], [ 27.944584001000067, 43.172085 ], [ 27.945693999000071, 43.172085 ], [ 27.945693999000071, 43.171806001000107 ], [ 27.946251, 43.171806001000107 ], [ 27.946251, 43.171249000000159 ], [ 27.946527000000174, 43.171249000000159 ], [ 27.946527000000174, 43.170971 ], [ 27.946805999000105, 43.170971 ], [ 27.946805999000105, 43.17041800100003 ], [ 27.946527000000174, 43.17041800100003 ], [ 27.946527000000174, 43.169582 ], [ 27.946251, 43.169582 ], [ 27.946251, 43.168472 ], [ 27.946527000000174, 43.168472 ], [ 27.946527000000174, 43.168194000000142 ], [ 27.946805999000105, 43.168194000000142 ], [ 27.946805999000105, 43.167641001000106 ], [ 27.947083001000067, 43.167641001000106 ], [ 27.947083001000067, 43.165695000000142 ], [ 27.946805999000105, 43.165695000000142 ], [ 27.946805999000105, 43.164028001000133 ], [ 27.946251, 43.164028001000133 ], [ 27.946251, 43.163470999000083 ], [ 27.946805999000105, 43.163470999000083 ], [ 27.946805999000105, 43.163193 ], [ 27.946527000000174, 43.163193 ], [ 27.946527000000174, 43.162360999000043 ], [ 27.946251, 43.162360999000043 ], [ 27.946251, 43.161530000000141 ], [ 27.946125000000109, 43.161530000000141 ], [ 27.945972000999973, 43.161530000000141 ], [ 27.945972000999973, 43.160694 ], [ 27.945693999000071, 43.160694 ], [ 27.945693999000071, 43.160137001000066 ], [ 27.945416999000088, 43.160137001000066 ], [ 27.945416999000088, 43.159863001000133 ], [ 27.945139, 43.159863001000133 ], [ 27.945139, 43.159306000000129 ], [ 27.944860000000119, 43.159306000000129 ], [ 27.944860000000119, 43.159027000000151 ], [ 27.944584001000067, 43.159027000000151 ], [ 27.944584001000067, 43.158474001000172 ], [ 27.94430499900011, 43.158474001000172 ], [ 27.94430499900011, 43.157917000000168 ], [ 27.944027000000119, 43.157917000000168 ], [ 27.944027000000119, 43.153193999000109 ], [ 27.94430499900011, 43.153193999000109 ], [ 27.94430499900011, 43.152915999000186 ], [ 27.944860000000119, 43.152915999000186 ], [ 27.944860000000119, 43.152637 ], [ 27.944584001000067, 43.152637 ], [ 27.944584001000067, 43.152084001000105 ], [ 27.94430499900011, 43.152084001000105 ], [ 27.94430499900011, 43.151527000000101 ], [ 27.944027000000119, 43.151527000000101 ], [ 27.944027000000119, 43.151249000000178 ], [ 27.94375, 43.151249000000178 ], [ 27.94375, 43.150970001000076 ], [ 27.943195001000106, 43.150970001000076 ], [ 27.943195001000106, 43.150696000999972 ], [ 27.942916998999976, 43.150696000999972 ], [ 27.942916998999976, 43.150416999000186 ], [ 27.942638000000102, 43.150416999000186 ], [ 27.942638000000102, 43.14986 ], [ 27.942083, 43.14986 ], [ 27.942083, 43.148750000000177 ], [ 27.941527999000186, 43.148750000000177 ], [ 27.941527999000186, 43.148193001000038 ], [ 27.94125, 43.148193001000038 ], [ 27.94125, 43.147914999000079 ], [ 27.940971, 43.147914999000079 ], [ 27.940971, 43.145695 ], [ 27.940695001000165, 43.145695 ], [ 27.940695001000165, 43.14485900000011 ], [ 27.940971, 43.14485900000011 ], [ 27.940971, 43.143748999000024 ], [ 27.940695001000165, 43.143748999000024 ], [ 27.940695001000165, 43.142918001000169 ], [ 27.94013999900011, 43.142918001000169 ], [ 27.94013999900011, 43.141250999000079 ], [ 27.940415999000038, 43.141250999000079 ], [ 27.940415999000038, 43.140972 ], [ 27.94013999900011, 43.140972 ], [ 27.94013999900011, 43.140141001000075 ], [ 27.940415999000038, 43.140141001000075 ], [ 27.940415999000038, 43.137084999000194 ], [ 27.940695001000165, 43.137084999000194 ], [ 27.940695001000165, 43.136250001 ], [ 27.940415999000038, 43.136250001 ], [ 27.940415999000038, 43.135693 ], [ 27.94013999900011, 43.135693 ], [ 27.94013999900011, 43.134861001000047 ], [ 27.939861000000178, 43.134861001000047 ], [ 27.939861000000178, 43.134304 ], [ 27.939583, 43.134304 ], [ 27.939583, 43.134029 ], [ 27.939306001000034, 43.134029 ], [ 27.939306001000034, 43.133751001 ], [ 27.939027999000075, 43.133751001 ], [ 27.939027999000075, 43.133471999000051 ], [ 27.938749, 43.133471999000051 ], [ 27.938749, 43.133193999000127 ], [ 27.938473000000101, 43.133193999000127 ], [ 27.938473000000101, 43.132915 ], [ 27.938194000000124, 43.132915 ], [ 27.938194000000124, 43.131527000000119 ], [ 27.937916001000133, 43.131527000000119 ], [ 27.937916001000133, 43.131248001000074 ], [ 27.937638999000114, 43.131248001000074 ], [ 27.937638999000114, 43.130694999000127 ], [ 27.937361000000124, 43.130694999000127 ], [ 27.937361000000124, 43.130417000000136 ], [ 27.937084, 43.130417000000136 ], [ 27.937084, 43.130138000000159 ], [ 27.936527001000115, 43.130138000000159 ], [ 27.936527001000115, 43.129860001000168 ], [ 27.936250999000038, 43.129860001000168 ], [ 27.936250999000038, 43.129585001000123 ], [ 27.935972000000106, 43.129580999000154 ], [ 27.935972000000106, 43.12930699900005 ], [ 27.935694000000183, 43.12930699900005 ], [ 27.935694000000183, 43.129028000000119 ], [ 27.935417001000133, 43.129028000000119 ], [ 27.935417001000133, 43.12875 ], [ 27.934584, 43.12875 ], [ 27.934584, 43.12847100100015 ], [ 27.932638001000043, 43.12847100100015 ], [ 27.932638001000043, 43.128192999000078 ], [ 27.932083, 43.128192999000078 ], [ 27.932083, 43.127917999000033 ], [ 27.931805000000111, 43.127917999000033 ], [ 27.931805000000111, 43.12764 ], [ 27.931528001, 43.12764 ], [ 27.931528001, 43.127083001000074 ], [ 27.931250001000137, 43.127083001000074 ], [ 27.931250001000137, 43.12680399900006 ], [ 27.930695000000128, 43.12680399900006 ], [ 27.930695000000128, 43.126529999000127 ], [ 27.93041600000015, 43.126526 ], [ 27.93041600000015, 43.125415999000154 ], [ 27.930140001000098, 43.125415999000154 ], [ 27.930140001000098, 43.125137 ], [ 27.93041600000015, 43.125137 ], [ 27.93041600000015, 43.123749000000146 ], [ 27.930140001000098, 43.123749000000146 ], [ 27.930140001000098, 43.12430600100015 ], [ 27.929860999000141, 43.12430600100015 ], [ 27.929860999000141, 43.123196001000167 ], [ 27.92958300000015, 43.123196001000167 ], [ 27.92958300000015, 43.121250000000146 ], [ 27.929306000000111, 43.121250000000146 ], [ 27.929306000000111, 43.120972 ], [ 27.929028, 43.120972 ], [ 27.929028, 43.119025999000087 ], [ 27.928749001000142, 43.119025999000087 ], [ 27.928749001000142, 43.118473 ], [ 27.928472999, 43.118473 ], [ 27.928472999, 43.116248999000163 ], [ 27.92791700000015, 43.116248999000163 ], [ 27.92791700000015, 43.114582 ], [ 27.928194000000133, 43.114582 ], [ 27.928194000000133, 43.113750000999971 ], [ 27.927639, 43.113750000999971 ], [ 27.927639, 43.113471999000069 ], [ 27.927361001000065, 43.113471999000069 ], [ 27.927361001000065, 43.113194 ], [ 27.927083999000047, 43.113194 ], [ 27.927083999000047, 43.1129150000001 ], [ 27.925972001000048, 43.1129150000001 ], [ 27.925972001000048, 43.112640001000159 ], [ 27.925693999000146, 43.112640001000159 ], [ 27.925693999000146, 43.112361999000086 ], [ 27.925417, 43.112361999000086 ], [ 27.925417, 43.112083 ], [ 27.925138, 43.112083 ], [ 27.925138, 43.111526 ], [ 27.924862001000065, 43.111526 ], [ 27.924862001000065, 43.110695 ], [ 27.924582999000052, 43.110695 ], [ 27.924582999000052, 43.1104160000001 ], [ 27.924305, 43.1104160000001 ], [ 27.924305, 43.110138001000109 ], [ 27.924028, 43.110138001000109 ], [ 27.924028, 43.106529000000194 ], [ 27.923750000000155, 43.106529000000194 ], [ 27.923750000000155, 43.1062510000001 ], [ 27.923471001000053, 43.1062510000001 ], [ 27.923471001000053, 43.105972001 ], [ 27.923194999000145, 43.105972001 ], [ 27.923194999000145, 43.105141000000117 ], [ 27.923471001000053, 43.105141000000117 ], [ 27.923471001000053, 43.104027 ], [ 27.923750000000155, 43.104027 ], [ 27.923750000000155, 43.102916999 ], [ 27.924028, 43.102916999 ], [ 27.924028, 43.102638000000127 ], [ 27.923750000000155, 43.102638000000127 ], [ 27.923750000000155, 43.101806999000189 ], [ 27.923471001000053, 43.101806999000189 ], [ 27.923471001000053, 43.100945000000195 ], [ 27.920047760000045, 43.102344512000172 ], [ 27.918575611, 43.102937996000094 ], [ 27.917133331000059, 43.103519440000014 ], [ 27.914529799000093, 43.105686188000107 ], [ 27.914044426000032, 43.105945315000099 ], [ 27.912164688000075, 43.106948853000176 ], [ 27.908910751000064, 43.107589723000103 ], [ 27.907548749000171, 43.107503667000117 ], [ 27.905771256000094, 43.107391358000143 ], [ 27.902816773000154, 43.106651306000174 ], [ 27.900091170000167, 43.1060943600001 ], [ 27.896210954000082, 43.106153906000031 ], [ 27.89089399900007, 43.106235999000035 ], [ 27.888179999000045, 43.10759399900013 ], [ 27.885548342000163, 43.108573167000145 ], [ 27.884849548000091, 43.108833313000162 ], [ 27.88029289200017, 43.109802246000129 ], [ 27.871308383000098, 43.11300647600001 ], [ 27.866762000000108, 43.114628000999971 ], [ 27.863295000000107, 43.117359 ], [ 27.859921, 43.119583 ], [ 27.859624932000031, 43.120075113000041 ], [ 27.858529497000063, 43.12021734200016 ], [ 27.856508, 43.120480001000146 ], [ 27.852359915000136, 43.12127301400011 ], [ 27.851918798000156, 43.121317078 ], [ 27.848196031000043, 43.121688843000129 ], [ 27.84619346900007, 43.121819974000061 ], [ 27.84143829400017, 43.122131349000142 ], [ 27.839534734000097, 43.12214939100005 ], [ 27.837816239000063, 43.122165681000183 ], [ 27.836383329000171, 43.122016235000046 ], [ 27.834707261000062, 43.121841431000178 ], [ 27.831224138000096, 43.121888074000026 ], [ 27.82901, 43.121917999000118 ], [ 27.826927027000067, 43.122676989000183 ], [ 27.826864078000085, 43.122733455000059 ], [ 27.824835, 43.12455400000016 ], [ 27.824953743000037, 43.124983411000073 ], [ 27.82533836500005, 43.126373291000107 ], [ 27.828403473000037, 43.130374908000192 ], [ 27.829015186000106, 43.13190875700019 ], [ 27.829425811000078, 43.132938385000102 ], [ 27.829421907999972, 43.133932527000127 ], [ 27.829420089000109, 43.134395599000072 ], [ 27.829663658000129, 43.135102319000111 ], [ 27.82992363000011, 43.135856630000092 ], [ 27.82782363900003, 43.139564514000085 ], [ 27.820035934000032, 43.140758515000016 ], [ 27.814310073000115, 43.141948700000171 ], [ 27.80908584600013, 43.14273452700013 ], [ 27.80550962500007, 43.143622014000073 ], [ 27.804413001000114, 43.143894 ], [ 27.801211999000145, 43.146091 ], [ 27.798515000000179, 43.149241999000139 ], [ 27.797164996000049, 43.151733134000096 ], [ 27.797148413000173, 43.152139268000099 ], [ 27.797029001000055, 43.155063999000106 ], [ 27.797202999000035, 43.157951000000139 ], [ 27.797817000000123, 43.163857000000121 ], [ 27.798737999000082, 43.167273999000145 ], [ 27.799200001000088, 43.170277000000169 ], [ 27.798763, 43.17524000100002 ], [ 27.798167999000157, 43.178360000000168 ], [ 27.797884817000181, 43.179123722000099 ], [ 27.796967001000098, 43.181598999000187 ], [ 27.795769000000178, 43.185162001000151 ], [ 27.796633328999974, 43.188415569000028 ], [ 27.796995001000084, 43.189777001000039 ], [ 27.797168041000191, 43.1904076080001 ], [ 27.798200608000116, 43.194171905000076 ], [ 27.798376327000142, 43.196272016000194 ], [ 27.798515000000179, 43.197933000000148 ], [ 27.798212000000149, 43.201183000000128 ], [ 27.797835351000174, 43.202357405000043 ], [ 27.797313689000134, 43.203983307000101 ], [ 27.796716691000142, 43.205490113000053 ], [ 27.795961520000105, 43.206718907000095 ], [ 27.795508999000049, 43.207455 ], [ 27.795488508000062, 43.207474453000088 ], [ 27.79401016200012, 43.20887756400009 ], [ 27.791147232000185, 43.210956574000193 ], [ 27.788280488000169, 43.212398529000041 ], [ 27.784072875999982, 43.214084625000112 ], [ 27.781678168000099, 43.215544813000122 ], [ 27.779537001000108, 43.21684999900009 ], [ 27.773661, 43.221027000000106 ], [ 27.772553069000139, 43.222004385000105 ], [ 27.771412000000112, 43.223011001000032 ], [ 27.769598000000144, 43.22530400100004 ], [ 27.76884213000011, 43.227082185000086 ], [ 27.768398117000061, 43.228126722000127 ], [ 27.767063206000046, 43.2297096530001 ], [ 27.768749238000055, 43.230426789000092 ], [ 27.773645400000191, 43.234603882000101 ], [ 27.775890798000148, 43.236903457000039 ], [ 27.776491001000181, 43.237518001000069 ], [ 27.777733727000168, 43.2382867930001 ], [ 27.780870438000079, 43.240226746000133 ], [ 27.782854446999977, 43.240851613000018 ], [ 27.784225463000098, 43.241283417000091 ], [ 27.786052272000177, 43.241885105000108 ], [ 27.790155411000114, 43.243236542000091 ], [ 27.794326782000041, 43.243770599000129 ], [ 27.796517425000161, 43.243939044000172 ], [ 27.799188614000116, 43.244144439000195 ], [ 27.803818956999976, 43.246122155000194 ], [ 27.805574416000184, 43.246871949000081 ], [ 27.809215547000122, 43.249309541000173 ], [ 27.809808636000071, 43.249780834000148 ], [ 27.811352001000159, 43.251007000000186 ], [ 27.813383953000027, 43.252362603000165 ], [ 27.81485176100017, 43.253341675000172 ], [ 27.815447160000133, 43.254038048000155 ], [ 27.817134858000145, 43.256011963000105 ], [ 27.818208695000067, 43.258258820000151 ], [ 27.817899704000183, 43.261291505000145 ], [ 27.816078186000141, 43.263473510000154 ], [ 27.81501197800003, 43.264781951000145 ], [ 27.813337305000061, 43.266414684000097 ], [ 27.812122345000091, 43.268814087000123 ], [ 27.813339233000079, 43.270954133000089 ], [ 27.813738403000059, 43.271260647000076 ], [ 27.814859000000126, 43.272121 ], [ 27.817115065, 43.273406714000089 ], [ 27.818206788, 43.274028779000105 ], [ 27.820401185000151, 43.274749229000065 ], [ 27.822006000000158, 43.27527600000019 ], [ 27.825280583999984, 43.275817038000014 ], [ 27.826278685999966, 43.275981903000059 ], [ 27.828346583000098, 43.276046286000167 ], [ 27.828852, 43.276062 ], [ 27.836913999000046, 43.27683599900007 ], [ 27.83841902100005, 43.276934979000089 ], [ 27.839651108000112, 43.277015687000187 ], [ 27.841318567000144, 43.27704841700006 ], [ 27.843149185000073, 43.277084350000109 ], [ 27.845586776000061, 43.277164459000062 ], [ 27.847725863000051, 43.277284575000067 ], [ 27.848779678000085, 43.277343750000057 ], [ 27.849903739000126, 43.277503893000073 ], [ 27.852287293000131, 43.277843475999987 ], [ 27.853206354000065, 43.278081454000187 ], [ 27.854261398000176, 43.278354645000093 ], [ 27.8552525180001, 43.278697563000094 ], [ 27.856069565000098, 43.278980256000125 ], [ 27.857593535999968, 43.280040741000164 ], [ 27.857950085000084, 43.280289399000139 ], [ 27.862144470000146, 43.283214570000155 ], [ 27.865161316000183, 43.285316793999982 ], [ 27.866233826000098, 43.286064148000037 ], [ 27.867213399000036, 43.287176023000086 ], [ 27.868959426000174, 43.289157868000189 ], [ 27.870486378000066, 43.290220703000102 ], [ 27.87229199900014, 43.291477 ], [ 27.87470099900014, 43.293621 ], [ 27.878180001000089, 43.296252999000103 ], [ 27.879484018000028, 43.296958957000072 ], [ 27.880294800000172, 43.297397614000033 ], [ 27.883029938000163, 43.297908783000139 ], [ 27.885299682000039, 43.298091888999977 ], [ 27.886055741000121, 43.298026512000035 ], [ 27.888035001000105, 43.297854999000094 ], [ 27.890378011000166, 43.297229833000074 ], [ 27.890621186000146, 43.297164916000156 ], [ 27.892593384000065, 43.296287537000126 ], [ 27.895714994000059, 43.29543230000013 ], [ 27.895934999000076, 43.2953720000001 ], [ 27.896082056000068, 43.295303389000026 ], [ 27.897773742000084, 43.294513702000131 ], [ 27.899256946000037, 43.293563381000126 ], [ 27.900518418000161, 43.292755127000021 ], [ 27.903562596000143, 43.291206271000135 ], [ 27.903935790000105, 43.290544116000149 ], [ 27.904779001000122, 43.289046999000163 ], [ 27.904804001000059, 43.286678 ], [ 27.90541476500016, 43.28552832500003 ], [ 27.905721664000055, 43.284950256000059 ], [ 27.906045938000091, 43.282146408000074 ], [ 27.906248937999976, 43.281715066000061 ], [ 27.907268524000187, 43.27954864600008 ], [ 27.909406662000151, 43.27629852300015 ], [ 27.909945185000026, 43.27381033000006 ], [ 27.910341263000134, 43.27198028600003 ], [ 27.913372040000127, 43.268703460000154 ], [ 27.916101361000131, 43.265426750000074 ], [ 27.919115067000064, 43.263877869000112 ], [ 27.922149659000127, 43.262542724000014 ], [ 27.92548561000001, 43.261901856000122 ], [ 27.932926179000049, 43.261058807000097 ], [ 27.941326142000094, 43.26107788000013 ], [ 27.944124390000184, 43.260618562000161 ], [ 27.948762893000151, 43.259857178000061 ], [ 27.96004867500011, 43.261154176000048 ], [ 27.970235825000145, 43.263809205000086 ], [ 27.977773665000143, 43.26619720500014 ], [ 27.984430312000143, 43.268188476000148 ], [ 27.989343643000154, 43.270088197000064 ], [ 27.991653115000133, 43.270823143000086 ], [ 27.992795944000079, 43.271186829000158 ], [ 27.994503831000088, 43.271784285000024 ], [ 27.996536255000024, 43.27249527000015 ], [ 27.998895645, 43.274993897000058 ], [ 28.005609512000149, 43.279876709000121 ], [ 28.007542372000046, 43.282360046000122 ], [ 28.008884430000023, 43.28408432100008 ], [ 28.009619559000043, 43.284675355000161 ], [ 28.01500511200004, 43.289005279000094 ], [ 28.015557785, 43.289615862000062 ], [ 28.017080307000072, 43.291297913000108 ], [ 28.019050367000148, 43.293294326000137 ], [ 28.021786001, 43.296066000000167 ], [ 28.025545145000024, 43.298044193000123 ], [ 28.026969910000048, 43.298793793000186 ], [ 28.027953791000186, 43.299199562000069 ], [ 28.029550552000046, 43.299858093000125 ], [ 28.032617570000127, 43.30069732700008 ] ] ] ] } },
{ "type": "Feature", "properties": { "fid": 227, "GID_2": "BGR.24.12_1", "GID_0": "BGR", "COUNTRY": "Bulgaria", "GID_1": "BGR.24_1", "NAME_1": "Varna", "NL_NAME_1": "Варна", "NAME_2": "Vetrino", "VARNAME_2": "NA", "NL_NAME_2": "NA", "TYPE_2": "Obshtina", "ENGTYPE_2": "Municipality", "CC_2": "NA", "HASC_2": "BG.VN.VE" }, "geometry": { "type": "MultiPolygon", "coordinates": [ [ [ [ 27.290039063000165, 43.27337646400008 ], [ 27.287797928000089, 43.275260925000111 ], [ 27.283638001000099, 43.279579162000118 ], [ 27.280218123999987, 43.283878325999979 ], [ 27.278306961000055, 43.286735535000048 ], [ 27.274868012000184, 43.29046630900018 ], [ 27.271787643000152, 43.29389953600014 ], [ 27.269844055000078, 43.297588347999977 ], [ 27.269430160000013, 43.300682068000185 ], [ 27.268615722000163, 43.303791047000118 ], [ 27.268589021000139, 43.306316375000165 ], [ 27.269311905000109, 43.308822632000158 ], [ 27.270042419000163, 43.310771941000041 ], [ 27.271551132000184, 43.312427521000075 ], [ 27.272661209000091, 43.31351852500012 ], [ 27.273780822000106, 43.314617157000043 ], [ 27.277057648000152, 43.31593704300019 ], [ 27.278306961000055, 43.315914155000087 ], [ 27.282838821000041, 43.315547943000126 ], [ 27.288909913, 43.315399169999978 ], [ 27.296209335000185, 43.316337585000099 ], [ 27.301595688000077, 43.317867279000041 ], [ 27.305082321000157, 43.319728851000036 ], [ 27.308940887000063, 43.322147369000106 ], [ 27.313591004000102, 43.325359345000152 ], [ 27.318597794000141, 43.328853608000145 ], [ 27.32332038800007, 43.335147858000141 ], [ 27.325775146000183, 43.340686798000092 ], [ 27.330455780000193, 43.346717835000049 ], [ 27.333557128000109, 43.350543975000107 ], [ 27.335910798000157, 43.354129791000105 ], [ 27.338619232000099, 43.357707978000178 ], [ 27.338333129000148, 43.359966279000048 ], [ 27.338066101000095, 43.362224580000145 ], [ 27.335922241000162, 43.364540101000102 ], [ 27.334123612000099, 43.365707398000154 ], [ 27.331926345999989, 43.366344453000011 ], [ 27.329368591000048, 43.367549897000117 ], [ 27.32643318099997, 43.3684844980001 ], [ 27.322771072000137, 43.369998932000158 ], [ 27.319076539000037, 43.371219636000092 ], [ 27.315023421999967, 43.373580932000039 ], [ 27.312837602000116, 43.37532424900013 ], [ 27.310653687000183, 43.377628327000025 ], [ 27.308099747000085, 43.380496979000043 ], [ 27.307043075000024, 43.382511140000133 ], [ 27.305238723000173, 43.385356904000048 ], [ 27.304521560000069, 43.386787416000118 ], [ 27.304330826000069, 43.386928558000079 ], [ 27.304004670000097, 43.388343811000027 ], [ 27.303665162000073, 43.389770508000026 ], [ 27.303348542000151, 43.391738893000081 ], [ 27.303220749000161, 43.393844604000151 ], [ 27.302711487000124, 43.395706175999976 ], [ 27.302415848000066, 43.398689271000194 ], [ 27.302869797000085, 43.401069642000039 ], [ 27.303308488000027, 43.403175353999984 ], [ 27.304552079000189, 43.406974792000142 ], [ 27.305393218000063, 43.409648895000146 ], [ 27.30642509400019, 43.41331863400012 ], [ 27.308025361000148, 43.416275025 ], [ 27.310754777, 43.419502259000069 ], [ 27.312124252999979, 43.421596527000133 ], [ 27.314634323, 43.424243928000067 ], [ 27.317331315000047, 43.426586151000151 ], [ 27.319999695000035, 43.428802490000123 ], [ 27.32264709400016, 43.430164338 ], [ 27.326602937000189, 43.431625367000038 ], [ 27.329599380000047, 43.432693482000047 ], [ 27.331296922000149, 43.43351364300014 ], [ 27.33335495100016, 43.434730530000195 ], [ 27.335044860000096, 43.435817718000067 ], [ 27.336553573000174, 43.437198638000098 ], [ 27.337884902999974, 43.438865661000079 ], [ 27.338073730000076, 43.439140319000103 ], [ 27.341081620000068, 43.442165376 ], [ 27.34239006100006, 43.443405150999979 ], [ 27.344268799000076, 43.445766449000132 ], [ 27.346336364000024, 43.447956085000158 ], [ 27.34876442000018, 43.450851440000179 ], [ 27.351194382000131, 43.45359802400003 ], [ 27.352870940000116, 43.456089020000093 ], [ 27.355478287000153, 43.459106445000089 ], [ 27.357339860000081, 43.460872650000113 ], [ 27.359703063000097, 43.462627412000188 ], [ 27.361024857000075, 43.46572113000019 ], [ 27.36941146800001, 43.461597444000063 ], [ 27.375053405000131, 43.457981109000059 ], [ 27.378250122, 43.454025269000113 ], [ 27.38115692100007, 43.45031356800007 ], [ 27.384073257000182, 43.448055266999972 ], [ 27.386461257000065, 43.446254730000135 ], [ 27.389387131000035, 43.444633484000121 ], [ 27.39309692300003, 43.443191529000103 ], [ 27.39573287900015, 43.441696166000099 ], [ 27.397832870000059, 43.439697265000177 ], [ 27.40253830000006, 43.435859680000192 ], [ 27.405664444000081, 43.432937623000043 ], [ 27.407474519000175, 43.430297852000081 ], [ 27.409254075000149, 43.427436828000111 ], [ 27.414741517000152, 43.424606323000148 ], [ 27.418359757000189, 43.421863557000052 ], [ 27.421689987000036, 43.418067932000156 ], [ 27.422849655000107, 43.410957336000138 ], [ 27.424299240000039, 43.405963897000049 ], [ 27.427541732000066, 43.399353027000188 ], [ 27.431119919000139, 43.396381378000058 ], [ 27.434698105000052, 43.394046783000078 ], [ 27.439380646000131, 43.393592835 ], [ 27.445331573000033, 43.392635345000031 ], [ 27.451293945000089, 43.391876222000178 ], [ 27.461856841999975, 43.390007019000166 ], [ 27.465669631000083, 43.387641906000113 ], [ 27.471494674000041, 43.383228302000191 ], [ 27.473978043000045, 43.380088807 ], [ 27.476739882000061, 43.377342223000142 ], [ 27.482917786000144, 43.376766206000184 ], [ 27.489168167000116, 43.378566743000192 ], [ 27.492580414000088, 43.380516052000132 ], [ 27.497079850000091, 43.384140014000081 ], [ 27.499237061000144, 43.387248993000014 ], [ 27.500585557000136, 43.38930511600006 ], [ 27.502656937000097, 43.389621736000151 ], [ 27.504966735000096, 43.389053345000093 ], [ 27.508283615000096, 43.387580873000161 ], [ 27.510286332000135, 43.38531875700005 ], [ 27.51074028000005, 43.383144380000147 ], [ 27.509355545000119, 43.379764556999987 ], [ 27.50640487700008, 43.376281738000046 ], [ 27.503936767000141, 43.371688843000072 ], [ 27.501979828000117, 43.36705398600003 ], [ 27.502807616000041, 43.360534668000071 ], [ 27.505762100000084, 43.356277466000108 ], [ 27.512096404000147, 43.352226258000087 ], [ 27.513860702000102, 43.350612641000112 ], [ 27.516645432000132, 43.348937989000092 ], [ 27.521312713000043, 43.348674775000177 ], [ 27.520471574000169, 43.347320556000113 ], [ 27.519474030000083, 43.344673157000159 ], [ 27.519605636000108, 43.341083527000194 ], [ 27.521032333000107, 43.337646485000164 ], [ 27.522188186999983, 43.333473205000189 ], [ 27.523660661000179, 43.331325532000051 ], [ 27.526800156000149, 43.328319551000106 ], [ 27.529857636000145, 43.326526642000033 ], [ 27.532665253, 43.325057983000079 ], [ 27.534160613000097, 43.323356628000113 ], [ 27.535013198000058, 43.321674347000055 ], [ 27.536409378000087, 43.317489624000132 ], [ 27.538156510000078, 43.315113067000027 ], [ 27.541177749000042, 43.312126160000105 ], [ 27.544828415000097, 43.308559418000186 ], [ 27.548063279000075, 43.304260254000098 ], [ 27.548065185000041, 43.301025392000156 ], [ 27.547466279000048, 43.295204162000061 ], [ 27.546403884000142, 43.290843965000192 ], [ 27.546247482000183, 43.286796570000035 ], [ 27.545644761000119, 43.282783509000126 ], [ 27.543710708000106, 43.279201507000039 ], [ 27.541372298000056, 43.276771545000031 ], [ 27.537700654, 43.274780274000022 ], [ 27.532291413000166, 43.273662567000031 ], [ 27.526845932000185, 43.27106857300015 ], [ 27.523191452000162, 43.269100189000028 ], [ 27.518165588000159, 43.266124726000101 ], [ 27.514842988000055, 43.261215209000056 ], [ 27.513603210000156, 43.252853394000169 ], [ 27.513439179000159, 43.249454498000148 ], [ 27.511926651000067, 43.249134063000042 ], [ 27.507980346000124, 43.24812316800012 ], [ 27.505113602000051, 43.248111725000172 ], [ 27.501741409000033, 43.248332978000064 ], [ 27.498613357000011, 43.248542785000097 ], [ 27.496297836000053, 43.24933624200014 ], [ 27.492719651000186, 43.251087189000145 ], [ 27.490203858000143, 43.252956390000179 ], [ 27.489231110000105, 43.254524231000119 ], [ 27.488292694000108, 43.256725311000025 ], [ 27.486871719000192, 43.259593963000043 ], [ 27.48625373800013, 43.263286591000053 ], [ 27.486175537000122, 43.267139434000057 ], [ 27.485538482000095, 43.270172119000051 ], [ 27.485542297000165, 43.275943757000107 ], [ 27.485736846000179, 43.279994964000025 ], [ 27.485649109000121, 43.283645630000137 ], [ 27.486091613000156, 43.28768157899998 ], [ 27.483709336000118, 43.292758942000091 ], [ 27.477760315000182, 43.299346923000087 ], [ 27.470190048000063, 43.304759979000153 ], [ 27.461698532000071, 43.30700302200006 ], [ 27.453155517000084, 43.308605195000155 ], [ 27.446134568000161, 43.309238434000065 ], [ 27.440858841000136, 43.308071137000013 ], [ 27.435707092000143, 43.304115297000124 ], [ 27.432868957000039, 43.299163819000057 ], [ 27.426055907000148, 43.293624878000173 ], [ 27.417470932000128, 43.290073394000103 ], [ 27.408494949000044, 43.289955138000096 ], [ 27.399480819000075, 43.289821625000172 ], [ 27.390926361000027, 43.289218904000109 ], [ 27.383443833000115, 43.289402008000138 ], [ 27.376403808000191, 43.288028718000021 ], [ 27.366188049000016, 43.283607483000083 ], [ 27.362245560000076, 43.280590057000154 ], [ 27.359556198000121, 43.273506165000072 ], [ 27.355619431000093, 43.267917633000025 ], [ 27.346040725000137, 43.265117645000032 ], [ 27.34014511100014, 43.264930726000102 ], [ 27.33284187400011, 43.266689301000042 ], [ 27.329587937000042, 43.268283845000155 ], [ 27.323858261000112, 43.270603181000183 ], [ 27.317554473000087, 43.271663666000109 ], [ 27.312891007000189, 43.271808625000119 ], [ 27.310132980000162, 43.271778107000046 ], [ 27.307365418000188, 43.272293091000051 ], [ 27.303482056000178, 43.272613525999986 ], [ 27.297061920000147, 43.273422241000048 ], [ 27.290039063000165, 43.27337646400008 ] ] ] ] } }
]
}
