{
"type": "FeatureCollection",
"name": "DJ-10",
"crs": { "type": "name", "properties": { "name": "urn:ogc:def:crs:OGC:1.3:CRS84" } },
"features": [
{ "type": "Feature", "properties": { "fid": 28, "GID_2": "BGR.3.1_1", "GID_0": "BGR", "COUNTRY": "Bulgaria", "GID_1": "BGR.3_1", "NAME_1": "Dobrich", "NL_NAME_1": "Добрич", "NAME_2": "Balchik", "VARNAME_2": "Κρουνοι|Dionysopolis|Balcic", "NL_NAME_2": "Балчик", "TYPE_2": "Obshtina", "ENGTYPE_2": "Municipality", "CC_2": "NA", "HASC_2": "BG.DO.BA" }, "geometry": { "type": "MultiPolygon", "coordinates": [ [ [ [ 28.235404968000125, 43.404304504000152 ], [ 28.235416413000053, 43.40420913700018 ], [ 28.235416413000053, 43.404026031000114 ], [ 28.23486137500015, 43.404026031000114 ], [ 28.23486137500015, 43.403751373000148 ], [ 28.234027863000108, 43.403751373000148 ], [ 28.234027863000108, 43.403472900000111 ], [ 28.233472825000035, 43.403472900000111 ], [ 28.233472825000035, 43.403194427000074 ], [ 28.233749390000071, 43.403194427000074 ], [ 28.233749390000071, 43.402915954000036 ], [ 28.234306336000145, 43.402915954000036 ], [ 28.234306336000145, 43.40263748100017 ], [ 28.234582902000113, 43.40263748100017 ], [ 28.234582902000113, 43.402362823000033 ], [ 28.232639313000163, 43.402362823000033 ], [ 28.232639313000163, 43.402915954000036 ], [ 28.232360840000126, 43.402915954000036 ], [ 28.232360840000126, 43.403472900000111 ], [ 28.231250763, 43.403472900000111 ], [ 28.231250763, 43.403194427000074 ], [ 28.230972290000182, 43.403194427000074 ], [ 28.230972290000182, 43.402915954000036 ], [ 28.230417251000176, 43.402915954000036 ], [ 28.230417251000176, 43.40263748100017 ], [ 28.230138778000139, 43.40263748100017 ], [ 28.230138778000139, 43.402362823000033 ], [ 28.229860305000102, 43.402362823000033 ], [ 28.229860305000102, 43.402084350000166 ], [ 28.22958374000018, 43.402084350000166 ], [ 28.22958374000018, 43.401805877000129 ], [ 28.229028701000175, 43.401805877000129 ], [ 28.229028701000175, 43.401527404000092 ], [ 28.228750228000138, 43.401527404000092 ], [ 28.228750228000138, 43.401248931000055 ], [ 28.228471755000101, 43.401248931000055 ], [ 28.228471755000101, 43.40105056900012 ], [ 28.228471755000101, 43.400970460000167 ], [ 28.228231429000118, 43.400970460000167 ], [ 28.227916717000028, 43.400970460000167 ], [ 28.227916717000028, 43.400867463000111 ], [ 28.227916717000028, 43.4006958 ], [ 28.227638244000161, 43.4006958 ], [ 28.227638244000161, 43.400417327000127 ], [ 28.226804732000119, 43.400417327000127 ], [ 28.226804732000119, 43.400138856000126 ], [ 28.226528167000083, 43.400138856000126 ], [ 28.226528167000083, 43.399860383000089 ], [ 28.226249694000046, 43.399860383000089 ], [ 28.226249694000046, 43.399307252000028 ], [ 28.225973128000078, 43.399307252000028 ], [ 28.225973128000078, 43.399028779 ], [ 28.225694655000041, 43.399028779 ], [ 28.225694655000041, 43.398750306000181 ], [ 28.221511841000165, 43.398750306000181 ], [ 28.212083817000064, 43.398750306000181 ], [ 28.212083817000064, 43.398471833000144 ], [ 28.207916260000104, 43.398471833000144 ], [ 28.207916260000104, 43.398193360000107 ], [ 28.203472137, 43.398193360000107 ], [ 28.203472137, 43.39791488700007 ], [ 28.201250077000054, 43.39791488700007 ], [ 28.201250077000054, 43.397640229000046 ], [ 28.198749541999973, 43.397640229000046 ], [ 28.198749541999973, 43.39736175600018 ], [ 28.188749314000177, 43.39736175600018 ], [ 28.188749314000177, 43.397640229000046 ], [ 28.182361602000128, 43.397640229000046 ], [ 28.182361602000128, 43.39736175600018 ], [ 28.182083129000091, 43.39736175600018 ], [ 28.182083129000091, 43.397083283000143 ], [ 28.180973052000184, 43.397083283000143 ], [ 28.180973052000184, 43.39736175600018 ], [ 28.180694579000146, 43.39736175600018 ], [ 28.180694579000146, 43.397640229000046 ], [ 28.179582597000149, 43.397640229000046 ], [ 28.179582597000149, 43.39791488700007 ], [ 28.179027558000143, 43.39791488700007 ], [ 28.179027558000143, 43.397640229000046 ], [ 28.179306031000181, 43.397640229000046 ], [ 28.179306031000181, 43.39736175600018 ], [ 28.178749085000106, 43.39736175600018 ], [ 28.178749085000106, 43.397083283000143 ], [ 28.176527024000166, 43.397083283000143 ], [ 28.176527024000166, 43.397640229000046 ], [ 28.176250458000027, 43.397640229000046 ], [ 28.176250458000027, 43.39791488700007 ], [ 28.17597198500016, 43.39791488700007 ], [ 28.17597198500016, 43.398193360000107 ], [ 28.175416947000087, 43.398193360000107 ], [ 28.175416947000087, 43.398471833000144 ], [ 28.17513847400005, 43.398471833000144 ], [ 28.17513847400005, 43.398750306000181 ], [ 28.174861908000082, 43.398750306000181 ], [ 28.174861908000082, 43.399028779 ], [ 28.174028397000143, 43.399028779 ], [ 28.174028397000143, 43.398750306000181 ], [ 28.173749924000106, 43.398750306000181 ], [ 28.173749924000106, 43.398471833000144 ], [ 28.173471451000069, 43.398471833000144 ], [ 28.173471451000069, 43.398193360000107 ], [ 28.172361374000104, 43.398193360000107 ], [ 28.172361374000104, 43.398750306000181 ], [ 28.172637939000026, 43.398750306000181 ], [ 28.172639847000141, 43.399028779 ], [ 28.1731948850001, 43.399028779 ], [ 28.1731948850001, 43.399307252000028 ], [ 28.173471451000069, 43.399307252000028 ], [ 28.173471451000069, 43.399581910000052 ], [ 28.173749924000106, 43.399581910000052 ], [ 28.173749924000106, 43.400417327000127 ], [ 28.173471451000069, 43.400417327000127 ], [ 28.173471451000069, 43.4006958 ], [ 28.1731948850001, 43.4006958 ], [ 28.1731948850001, 43.400970460000167 ], [ 28.172639847000141, 43.400970460000167 ], [ 28.172637939000026, 43.401248931000055 ], [ 28.172361374000104, 43.401248931000055 ], [ 28.172361374000104, 43.401527404000092 ], [ 28.172082901000067, 43.401527404000092 ], [ 28.172082901000067, 43.401805877000129 ], [ 28.171806335000099, 43.401805877000129 ], [ 28.171806335000099, 43.402084350000166 ], [ 28.171527862000062, 43.402084350000166 ], [ 28.171527862000062, 43.402362823000033 ], [ 28.17097282400016, 43.402362823000033 ], [ 28.17097282400016, 43.40263748100017 ], [ 28.170694351000122, 43.40263748100017 ], [ 28.170694351000122, 43.402915954000036 ], [ 28.170415878000085, 43.402915954000036 ], [ 28.170415878000085, 43.403194427000074 ], [ 28.16986083900008, 43.403194427000074 ], [ 28.16986083900008, 43.403472900000111 ], [ 28.169305801000178, 43.403472900000111 ], [ 28.169305801000178, 43.403194427000074 ], [ 28.169027328000141, 43.403194427000074 ], [ 28.169027328000141, 43.402915954000036 ], [ 28.168472291000114, 43.402915954000036 ], [ 28.168472291000114, 43.40263748100017 ], [ 28.168193818000077, 43.40263748100017 ], [ 28.168193818000077, 43.402362823000033 ], [ 28.167917252000109, 43.402362823000033 ], [ 28.167917252000109, 43.402084350000166 ], [ 28.167638779000072, 43.402084350000166 ], [ 28.167638779000072, 43.401805877000129 ], [ 28.16708374100017, 43.401805877000129 ], [ 28.16708374100017, 43.401527404000092 ], [ 28.165416718000188, 43.401527404000092 ], [ 28.165416718000188, 43.402084350000166 ], [ 28.165695191000054, 43.402084350000166 ], [ 28.165695191000054, 43.40263748100017 ], [ 28.166528702000164, 43.40263748100017 ], [ 28.166528702000164, 43.402915954000036 ], [ 28.16708374100017, 43.402915954000036 ], [ 28.16708374100017, 43.403194427000074 ], [ 28.166805268000132, 43.403194427000074 ], [ 28.166805268000132, 43.403472900000111 ], [ 28.166528702000164, 43.403472900000111 ], [ 28.166528702000164, 43.403751373000148 ], [ 28.166250229000127, 43.403751373000148 ], [ 28.166250229000127, 43.404026031000114 ], [ 28.16597175600009, 43.404026031000114 ], [ 28.16597175600009, 43.404304504000152 ], [ 28.164861679000182, 43.404304504000152 ], [ 28.164861679000182, 43.404861450000055 ], [ 28.161806106000029, 43.404861450000055 ], [ 28.161806106000029, 43.404304504000152 ], [ 28.162639618000071, 43.404304504000152 ], [ 28.162639618000071, 43.404026031000114 ], [ 28.162916183000107, 43.404026031000114 ], [ 28.162916183000107, 43.403751373000148 ], [ 28.163194655999973, 43.403751373000148 ], [ 28.163194655999973, 43.403472900000111 ], [ 28.162639618000071, 43.403472900000111 ], [ 28.162639618000071, 43.403194427000074 ], [ 28.161249160000125, 43.403194427000074 ], [ 28.161249160000125, 43.403472900000111 ], [ 28.160972595000089, 43.403472900000111 ], [ 28.160972595000089, 43.403751373000148 ], [ 28.160417556000084, 43.403751373000148 ], [ 28.160417556000084, 43.404026031000114 ], [ 28.160139083000047, 43.404026031000114 ], [ 28.160139083000047, 43.404582977000189 ], [ 28.160417556000084, 43.404582977000189 ], [ 28.160417556000084, 43.405139923000092 ], [ 28.160139083000047, 43.405139923000092 ], [ 28.160139083000047, 43.40541839600013 ], [ 28.158750533000102, 43.40541839600013 ], [ 28.158750533000102, 43.405139923000092 ], [ 28.157638549000069, 43.405139923000092 ], [ 28.157638549000069, 43.404861450000055 ], [ 28.154861451000158, 43.404861450000055 ], [ 28.154861451000158, 43.404582977000189 ], [ 28.152082443000097, 43.404582977000189 ], [ 28.152082443000097, 43.404304504000152 ], [ 28.151250839000056, 43.404304504000152 ], [ 28.151250839000056, 43.404026031000114 ], [ 28.15041732800006, 43.404026031000114 ], [ 28.15041732800006, 43.403751373000148 ], [ 28.149583816000018, 43.403751373000148 ], [ 28.149583816000018, 43.403472900000111 ], [ 28.148750305000078, 43.403472900000111 ], [ 28.148750305000078, 43.403194427000074 ], [ 28.147916793000036, 43.403194427000074 ], [ 28.147916793000036, 43.402915954000036 ], [ 28.147083282000096, 43.402915954000036 ], [ 28.147083282000096, 43.40263748100017 ], [ 28.146249770000054, 43.40263748100017 ], [ 28.146249770000054, 43.402362823000033 ], [ 28.145971299000166, 43.402362823000033 ], [ 28.145971299000166, 43.402084350000166 ], [ 28.145416261000094, 43.402084350000166 ], [ 28.145416261000094, 43.401805877000129 ], [ 28.145139695000125, 43.401805877000129 ], [ 28.145139695000125, 43.401527404000092 ], [ 28.144582749000051, 43.401527404000092 ], [ 28.144582749000051, 43.401248931000055 ], [ 28.144306184000186, 43.401248931000055 ], [ 28.144306184000186, 43.4006958 ], [ 28.144027711000149, 43.4006958 ], [ 28.144027711000149, 43.400417327000127 ], [ 28.143749238000112, 43.400417327000127 ], [ 28.143749238000112, 43.400138856000126 ], [ 28.143194199000106, 43.400138856000126 ], [ 28.143194199000106, 43.399860383000089 ], [ 28.14236068800011, 43.399860383000089 ], [ 28.14236068800011, 43.399581910000052 ], [ 28.141250611000032, 43.399581910000052 ], [ 28.141250611000032, 43.399307252000028 ], [ 28.140138626000123, 43.399307252000028 ], [ 28.140138626000123, 43.399028779 ], [ 28.138750076000179, 43.399028779 ], [ 28.138750076000179, 43.398750306000181 ], [ 28.137638092000032, 43.398750306000181 ], [ 28.137638092000032, 43.398471833000144 ], [ 28.137083053000026, 43.398471833000144 ], [ 28.137083053000026, 43.398193360000107 ], [ 28.136528015000067, 43.398193360000107 ], [ 28.136528015000067, 43.39791488700007 ], [ 28.135972976000062, 43.39791488700007 ], [ 28.135972976000062, 43.397640229000046 ], [ 28.135416029999988, 43.397640229000046 ], [ 28.135416029999988, 43.39736175600018 ], [ 28.134860990999982, 43.39736175600018 ], [ 28.134860990999982, 43.397083283000143 ], [ 28.13430595300008, 43.397083283000143 ], [ 28.13430595300008, 43.396804810000106 ], [ 28.133750916000054, 43.396804810000106 ], [ 28.133750916000054, 43.395416260000161 ], [ 28.134027482000022, 43.395416260000161 ], [ 28.134027482000022, 43.394981385000165 ], [ 28.134027482000022, 43.394859314000087 ], [ 28.133827210000163, 43.394859314000087 ], [ 28.133193969999979, 43.394859314000087 ], [ 28.133193969999979, 43.39458465600012 ], [ 28.132083893000072, 43.39458465600012 ], [ 28.132083893000072, 43.394306183000083 ], [ 28.131250382000133, 43.394306183000083 ], [ 28.131250382000133, 43.394027710000046 ], [ 28.130971909000095, 43.394027710000046 ], [ 28.130971909000095, 43.393470764000142 ], [ 28.130695343000127, 43.393470764000142 ], [ 28.130695343000127, 43.393196106000119 ], [ 28.13041687000009, 43.393196106000119 ], [ 28.13041687000009, 43.392917633000081 ], [ 28.130138397000053, 43.392917633000081 ], [ 28.130138397000053, 43.392623902000025 ], [ 28.130138397000053, 43.392360687 ], [ 28.129701614000055, 43.392360687 ], [ 28.129028320000145, 43.392360687 ], [ 28.129028320000145, 43.39208221399997 ], [ 28.128194808999979, 43.39208221399997 ], [ 28.128194808999979, 43.39180374100016 ], [ 28.12708282400007, 43.39180374100016 ], [ 28.12708282400007, 43.391529083000137 ], [ 28.12624931300013, 43.391529083000137 ], [ 28.12624931300013, 43.3912506100001 ], [ 28.125694274000125, 43.3912506100001 ], [ 28.125694274000125, 43.390972137000063 ], [ 28.124860763000186, 43.390972137000063 ], [ 28.124860763000186, 43.390693664000025 ], [ 28.12430572400018, 43.390693664000025 ], [ 28.12430572400018, 43.390415191000159 ], [ 28.12347221300007, 43.390415191000159 ], [ 28.12347221300007, 43.390140533000192 ], [ 28.122917174000065, 43.390140533000192 ], [ 28.122917174000065, 43.389862060000155 ], [ 28.122083665000105, 43.389862060000155 ], [ 28.122083665000105, 43.389583587000118 ], [ 28.121528626000099, 43.389583587000118 ], [ 28.121528626000099, 43.38930511600006 ], [ 28.120971680000025, 43.38930511600006 ], [ 28.120971680000025, 43.389026643000022 ], [ 28.120416642000066, 43.389026643000022 ], [ 28.120416642000066, 43.388748169999985 ], [ 28.119861603000061, 43.388748169999985 ], [ 28.119861603000061, 43.388195039000152 ], [ 28.119583130000024, 43.388195039000152 ], [ 28.119583130000024, 43.387638093000078 ], [ 28.119304656999986, 43.387638093000078 ], [ 28.119304656999986, 43.387084962000074 ], [ 28.119028092000121, 43.387084962000074 ], [ 28.119028092000121, 43.386806489000037 ], [ 28.118473053000116, 43.386806489000037 ], [ 28.118473053000116, 43.38652801600017 ], [ 28.118194580000079, 43.38652801600017 ], [ 28.118194580000079, 43.386249543000133 ], [ 28.117639542000177, 43.386249543000133 ], [ 28.117639542000177, 43.385971070000096 ], [ 28.11736106900014, 43.385971070000096 ], [ 28.11736106900014, 43.385692597000059 ], [ 28.116806030000134, 43.385692597000059 ], [ 28.116806030000134, 43.385417939000035 ], [ 28.116527557000097, 43.385417939000035 ], [ 28.116527557000097, 43.385139466 ], [ 28.115972519000024, 43.385139466 ], [ 28.115972519000024, 43.384860993000189 ], [ 28.115694046000158, 43.384860993000189 ], [ 28.115694046000158, 43.384582520000151 ], [ 28.115139007000153, 43.384582520000151 ], [ 28.115139007000153, 43.384304047000114 ], [ 28.114860534000115, 43.384304047000114 ], [ 28.114860534000115, 43.384029389000091 ], [ 28.114305495999986, 43.384029389000091 ], [ 28.114305495999986, 43.383750916000054 ], [ 28.114027023000119, 43.383750916000054 ], [ 28.114027023000119, 43.383472443000187 ], [ 28.113471984000114, 43.383472443000187 ], [ 28.113471984000114, 43.38319397000015 ], [ 28.113193511000077, 43.38319397000015 ], [ 28.113193511000077, 43.382915497000113 ], [ 28.112638473000175, 43.382915497000113 ], [ 28.112638473000175, 43.382637024000076 ], [ 28.112361907000036, 43.382637024000076 ], [ 28.112361907000036, 43.382362366000109 ], [ 28.111804963000168, 43.382362366000109 ], [ 28.111804963000168, 43.382083893000072 ], [ 28.111249925000038, 43.382083893000072 ], [ 28.111249925000038, 43.381805420000035 ], [ 28.110694886000033, 43.381805420000035 ], [ 28.110694886000033, 43.381526947000168 ], [ 28.110416413000166, 43.381526947000168 ], [ 28.110416413000166, 43.381248474000131 ], [ 28.109861375000094, 43.381248474000131 ], [ 28.109861375000094, 43.380973816000164 ], [ 28.108194352000112, 43.380973816000164 ], [ 28.108194352000112, 43.381248474000131 ], [ 28.105972290000068, 43.381248474000131 ], [ 28.105972290000068, 43.380973816000164 ], [ 28.105693817000031, 43.380973816000164 ], [ 28.105693817000031, 43.380695343000127 ], [ 28.105417252000166, 43.380695343000127 ], [ 28.105417252000166, 43.38041687000009 ], [ 28.104860306000091, 43.38041687000009 ], [ 28.104860306000091, 43.380138397000053 ], [ 28.104583740000123, 43.380138397000053 ], [ 28.104583740000123, 43.379585266 ], [ 28.104305267000086, 43.379581451000149 ], [ 28.104305267000086, 43.379306793000126 ], [ 28.103750229000184, 43.379306793000126 ], [ 28.103750229000184, 43.379028320000089 ], [ 28.103471756000147, 43.379028320000089 ], [ 28.103471756000147, 43.378749847000051 ], [ 28.102083205000099, 43.378749847000051 ], [ 28.102083205000099, 43.378471374000014 ], [ 28.10124969400016, 43.378471374000014 ], [ 28.10124969400016, 43.378192903000183 ], [ 28.100416184000096, 43.378192903000183 ], [ 28.100416184000096, 43.377918243000181 ], [ 28.098194122999985, 43.377918243000181 ], [ 28.098194122999985, 43.378192903000183 ], [ 28.09680557300004, 43.378192903000183 ], [ 28.09680557300004, 43.377918243000181 ], [ 28.095972061000168, 43.377918243000181 ], [ 28.095972061000168, 43.377639770000144 ], [ 28.095417023000095, 43.377639770000144 ], [ 28.095417023000095, 43.377361299000142 ], [ 28.094583511000053, 43.377361299000142 ], [ 28.094583511000053, 43.377082826000105 ], [ 28.094028473000151, 43.377082826000105 ], [ 28.094028473000151, 43.376804353000068 ], [ 28.093194961000108, 43.376804353000068 ], [ 28.093194961000108, 43.376529695000045 ], [ 28.092916488000071, 43.376525880000031 ], [ 28.092916488000071, 43.376251222000178 ], [ 28.092638015000034, 43.376251222000178 ], [ 28.092638015000034, 43.375972749000141 ], [ 28.092361450000112, 43.375972749000141 ], [ 28.092361450000112, 43.375694276000104 ], [ 28.092082977000075, 43.375694276000104 ], [ 28.092082977000075, 43.375415803000067 ], [ 28.091806411000107, 43.375415803000067 ], [ 28.091806411000107, 43.37513733000003 ], [ 28.09152793800007, 43.37513733000003 ], [ 28.09152793800007, 43.374862672000063 ], [ 28.091249465000033, 43.374862672000063 ], [ 28.091249465000033, 43.374584199000026 ], [ 28.090972900000168, 43.374584199000026 ], [ 28.090972900000168, 43.374305726000159 ], [ 28.09069442700013, 43.374305726000159 ], [ 28.09069442700013, 43.374027253000122 ], [ 28.090139388000125, 43.374027253000122 ], [ 28.090139388000125, 43.373748780000085 ], [ 28.089860915000088, 43.373748780000085 ], [ 28.089860915000088, 43.373474122000118 ], [ 28.089582442000051, 43.373474122000118 ], [ 28.089582442000051, 43.373195649000081 ], [ 28.089305877000186, 43.373195649000081 ], [ 28.089305877000186, 43.372917176000044 ], [ 28.08875083800018, 43.372917176000044 ], [ 28.08875083800018, 43.372638703000177 ], [ 28.088472367000122, 43.372638703000177 ], [ 28.088472367000122, 43.37236023000014 ], [ 28.088193894000085, 43.37236023000014 ], [ 28.088193894000085, 43.372081757000103 ], [ 28.087917329000049, 43.372081757000103 ], [ 28.087917329000049, 43.37180709900008 ], [ 28.087638856000183, 43.37180709900008 ], [ 28.087638856000183, 43.371528626000043 ], [ 28.087360383000146, 43.371528626000043 ], [ 28.087360383000146, 43.371250153 ], [ 28.087083817000178, 43.371250153 ], [ 28.087083817000178, 43.370971679999968 ], [ 28.08680534400014, 43.370971679999968 ], [ 28.08680534400014, 43.370418549000135 ], [ 28.086526871000103, 43.370418549000135 ], [ 28.086526871000103, 43.370140076000098 ], [ 28.086250306000068, 43.370140076000098 ], [ 28.086250306000068, 43.369861603000061 ], [ 28.085971833000031, 43.369861603000061 ], [ 28.085971833000031, 43.369583130000194 ], [ 28.085695267000062, 43.369583130000194 ], [ 28.085695267000062, 43.369304657000157 ], [ 28.085416794000025, 43.369304657000157 ], [ 28.085416794000025, 43.368751526000153 ], [ 28.085138321000159, 43.368751526000153 ], [ 28.085138321000159, 43.368473053000116 ], [ 28.084861756000066, 43.368473053000116 ], [ 28.084861756000066, 43.368194580000079 ], [ 28.084583283000029, 43.368194580000079 ], [ 28.084583283000029, 43.367916107000042 ], [ 28.08430481, 43.367916107000042 ], [ 28.08430481, 43.367362976000038 ], [ 28.084028244000024, 43.367362976000038 ], [ 28.084028244000024, 43.366806030000134 ], [ 28.083749770999987, 43.366806030000134 ], [ 28.083749770999987, 43.366527557000097 ], [ 28.083471298000177, 43.366527557000097 ], [ 28.083471298000177, 43.365970613000172 ], [ 28.083194733000084, 43.365970613000172 ], [ 28.083194733000084, 43.365417482000169 ], [ 28.082916260000047, 43.365417482000169 ], [ 28.082916260000047, 43.365139009000131 ], [ 28.082639694000079, 43.365139009000131 ], [ 28.082639694000079, 43.364582063000057 ], [ 28.082361221000042, 43.364582063000057 ], [ 28.082361221000042, 43.364307405000034 ], [ 28.082082748000175, 43.364307405000034 ], [ 28.082082748000175, 43.363750459000187 ], [ 28.08180618300014, 43.363750459000187 ], [ 28.08180618300014, 43.363193513000112 ], [ 28.081527710000103, 43.363193513000112 ], [ 28.081527710000103, 43.362915040000075 ], [ 28.081249237000065, 43.362915040000075 ], [ 28.081249237000065, 43.362361909000185 ], [ 28.080972671000097, 43.362361909000185 ], [ 28.080972671000097, 43.361804963000111 ], [ 28.08069419800006, 43.361804963000111 ], [ 28.08069419800006, 43.361526489000028 ], [ 28.080415725000023, 43.361526489000028 ], [ 28.080415725000023, 43.36097335900007 ], [ 28.080139160000158, 43.36097335900007 ], [ 28.080139160000158, 43.360416413000166 ], [ 28.079860687000121, 43.360416413000166 ], [ 28.079860687000121, 43.360137939000026 ], [ 28.079584121000153, 43.360137939000026 ], [ 28.079584121000153, 43.359584809000125 ], [ 28.079305648000116, 43.359584809000125 ], [ 28.079305648000116, 43.359306336000088 ], [ 28.079027175000078, 43.359306336000088 ], [ 28.079027175000078, 43.358749389000081 ], [ 28.078750609999986, 43.358749389000081 ], [ 28.078750609999986, 43.358196259000124 ], [ 28.078472137000119, 43.358196259000124 ], [ 28.078472137000119, 43.357917785000041 ], [ 28.078193664000082, 43.357917785000041 ], [ 28.078193664000082, 43.357360839000137 ], [ 28.077917098000114, 43.357360839000137 ], [ 28.077917098000114, 43.356803893000063 ], [ 28.077638627000113, 43.356803893000063 ], [ 28.077638627000113, 43.356250762 ], [ 28.077362060000041, 43.356250762 ], [ 28.077360154000075, 43.355415345000097 ], [ 28.077083588999983, 43.355415345000097 ], [ 28.077083588999983, 43.354862212000057 ], [ 28.076805116000173, 43.354862212000057 ], [ 28.076805116000173, 43.354305268000189 ], [ 28.076528549999978, 43.354305268000189 ], [ 28.076528549999978, 43.353748322000115 ], [ 28.076250077000168, 43.353748322000115 ], [ 28.076250077000168, 43.353473664000092 ], [ 28.075971604000131, 43.353473664000092 ], [ 28.075971604000131, 43.353195191000054 ], [ 28.075695039000038, 43.353195191000054 ], [ 28.075695039000038, 43.352916718000017 ], [ 28.075416566000172, 43.352916718000017 ], [ 28.075416566000172, 43.352359772000113 ], [ 28.075138093000135, 43.352359772000113 ], [ 28.075138093000135, 43.352085114000147 ], [ 28.074861527000166, 43.352085114000147 ], [ 28.074861527000166, 43.35180664100011 ], [ 28.074583054000129, 43.35180664100011 ], [ 28.074583054000129, 43.351528168000073 ], [ 28.074306489000094, 43.351528168000073 ], [ 28.074304581000092, 43.351249695000035 ], [ 28.074028016000057, 43.351249695000035 ], [ 28.074028016000057, 43.350971222000169 ], [ 28.07374954300019, 43.350971222000169 ], [ 28.07374954300019, 43.350692749000132 ], [ 28.073472977000051, 43.350692749000132 ], [ 28.073472977000051, 43.350418091000165 ], [ 28.073194504000185, 43.350418091000165 ], [ 28.073194504000185, 43.350139618000128 ], [ 28.072916031000148, 43.350139618000128 ], [ 28.072916031000148, 43.347362518000182 ], [ 28.072639466000112, 43.347362518000182 ], [ 28.072639466000112, 43.346805572000108 ], [ 28.072360993000075, 43.346805572000108 ], [ 28.072360993000075, 43.34605407700019 ], [ 28.072360993000075, 43.345417022000163 ], [ 28.072082520000038, 43.345417022000163 ], [ 28.072082520000038, 43.344860076000089 ], [ 28.07180595400007, 43.344860076000089 ], [ 28.07180595400007, 43.344306945000085 ], [ 28.071527481000032, 43.344306945000085 ], [ 28.071527481000032, 43.343749999000181 ], [ 28.07125091600011, 43.343749999000181 ], [ 28.07125091600011, 43.343193055000086 ], [ 28.070972443000073, 43.343193055000086 ], [ 28.070972443000073, 43.342361451000045 ], [ 28.07069396900016, 43.342361451000045 ], [ 28.07069396900016, 43.341804505000141 ], [ 28.070417404000068, 43.341804505000141 ], [ 28.070417404000068, 43.341251374000137 ], [ 28.069305418999988, 43.341251374000137 ], [ 28.069305418999988, 43.338470459000121 ], [ 28.069026946000179, 43.338470459000121 ], [ 28.069026946000179, 43.337917328000117 ], [ 28.068750381000086, 43.337917328000117 ], [ 28.068750381000086, 43.337360382000043 ], [ 28.068471908000049, 43.337360382000043 ], [ 28.068471908000049, 43.336528778000172 ], [ 28.068195342000081, 43.336528778000172 ], [ 28.068195342000081, 43.335971832000098 ], [ 28.067916869000044, 43.335971832000098 ], [ 28.067916869000044, 43.335414886000194 ], [ 28.067638396000177, 43.335414886000194 ], [ 28.067638396000177, 43.334304809000116 ], [ 28.067361831000142, 43.334304809000116 ], [ 28.067361831000142, 43.332359315000076 ], [ 28.067638396000177, 43.332359315000076 ], [ 28.067638396000177, 43.330970765000075 ], [ 28.067916869000044, 43.330970765000075 ], [ 28.067916869000044, 43.330696107000108 ], [ 28.068195342000081, 43.330696107000108 ], [ 28.068195342000081, 43.330417634000071 ], [ 28.068750381000086, 43.330417634000071 ], [ 28.068750381000086, 43.330139161000034 ], [ 28.069026946000179, 43.330139161000034 ], [ 28.069026946000179, 43.32958221500013 ], [ 28.069305418999988, 43.32958221500013 ], [ 28.069305418999988, 43.329029084000126 ], [ 28.069583892000026, 43.329029084000126 ], [ 28.069583892000026, 43.328472138000052 ], [ 28.069860458, 43.328472138000052 ], [ 28.069860458, 43.327915192000148 ], [ 28.069583892000026, 43.327915192000148 ], [ 28.069583892000026, 43.327362061000144 ], [ 28.069305418999988, 43.327362061000144 ], [ 28.069305418999988, 43.32680511500007 ], [ 28.069026946000179, 43.32680511500007 ], [ 28.069026946000179, 43.326248169000166 ], [ 28.068750381000086, 43.326248169000166 ], [ 28.068750381000086, 43.325695038000106 ], [ 28.068471908000049, 43.325695038000106 ], [ 28.068471908000049, 43.325416565000069 ], [ 28.068195342000081, 43.325416565000069 ], [ 28.068195342000081, 43.324859619 ], [ 28.067916869000044, 43.324859619 ], [ 28.067916869000044, 43.324584961000028 ], [ 28.067638396000177, 43.324584961000028 ], [ 28.067638396000177, 43.324306488000161 ], [ 28.067361831000142, 43.324306488000161 ], [ 28.067361831000142, 43.323749542000087 ], [ 28.067083358000104, 43.323749542000087 ], [ 28.067083358000104, 43.32347106900005 ], [ 28.066804885000067, 43.32347106900005 ], [ 28.066804885000067, 43.322917938000046 ], [ 28.066528319000099, 43.322917938000046 ], [ 28.066528319000099, 43.322639465000179 ], [ 28.066249846000062, 43.322639465000179 ], [ 28.066249846000062, 43.322360992000142 ], [ 28.065971375, 43.322360992000142 ], [ 28.065971375, 43.321804046000068 ], [ 28.065694810000139, 43.321804046000068 ], [ 28.065694810000139, 43.321529388000044 ], [ 28.065416337000102, 43.321529388000044 ], [ 28.065416337000102, 43.321250915 ], [ 28.065139771000133, 43.321250915 ], [ 28.065139771000133, 43.32097244199997 ], [ 28.064861298000096, 43.32097244199997 ], [ 28.064861298000096, 43.320693971000139 ], [ 28.064582825000059, 43.320693971000139 ], [ 28.064582825000059, 43.320415498000102 ], [ 28.064306260000023, 43.320415498000102 ], [ 28.064306260000023, 43.320137025000065 ], [ 28.064027787000157, 43.320137025000065 ], [ 28.064027787000157, 43.319862367000098 ], [ 28.06374931400012, 43.319862367000098 ], [ 28.06374931400012, 43.319583894000061 ], [ 28.063472748000152, 43.319583894000061 ], [ 28.063472748000152, 43.319305421000195 ], [ 28.063194275000114, 43.319305421000195 ], [ 28.063194275000114, 43.319026948000158 ], [ 28.062915802000077, 43.319026948000158 ], [ 28.062915802000077, 43.31874847500012 ], [ 28.062639236999985, 43.31874847500012 ], [ 28.062639236999985, 43.318473817000097 ], [ 28.062360764000175, 43.318473817000097 ], [ 28.062360764000175, 43.31819534400006 ], [ 28.06208419799998, 43.31819534400006 ], [ 28.06208419799998, 43.317916871000023 ], [ 28.06180572500017, 43.317916871000023 ], [ 28.06180572500017, 43.317638397999986 ], [ 28.061527252000133, 43.317638397999986 ], [ 28.061527252000133, 43.317085267000152 ], [ 28.06125068700004, 43.317081452000082 ], [ 28.06125068700004, 43.316806794000115 ], [ 28.060972214000174, 43.316806794000115 ], [ 28.060972214000174, 43.316528321000078 ], [ 28.060693741000136, 43.316528321000078 ], [ 28.060693741000136, 43.316249848000041 ], [ 28.060417175000168, 43.316249848000041 ], [ 28.060417175000168, 43.315971375000174 ], [ 28.060138702000131, 43.315971375000174 ], [ 28.060138702000131, 43.315692902000137 ], [ 28.059860229000094, 43.315692902000137 ], [ 28.059860229000094, 43.31541824400017 ], [ 28.059650422000061, 43.31541824400017 ], [ 28.059583664000058, 43.31541824400017 ], [ 28.059583664000058, 43.315307616000041 ], [ 28.059583664000058, 43.314861298000096 ], [ 28.059305191000192, 43.314861298000096 ], [ 28.059305191000192, 43.314582825000059 ], [ 28.059143066, 43.314582825000059 ], [ 28.059028625000053, 43.314582825000059 ], [ 28.059028625000053, 43.314395906000129 ], [ 28.059028625000053, 43.314304352000192 ], [ 28.058973313000081, 43.314304352000192 ], [ 28.058750152000187, 43.314304352000192 ], [ 28.058750076000024, 43.313938018000101 ], [ 28.058749999000099, 43.313472999000055 ], [ 28.058468090000133, 43.313476854000101 ], [ 28.058472000000108, 43.312083999000038 ], [ 28.058195, 43.312083999000038 ], [ 28.058195, 43.311249001000078 ], [ 28.057917, 43.311249001000078 ], [ 28.057917, 43.310695999000131 ], [ 28.0576380010001, 43.310695999000131 ], [ 28.0576380010001, 43.310139000000163 ], [ 28.057361999000193, 43.310139000000163 ], [ 28.057361999000193, 43.309860001000061 ], [ 28.057083, 43.309860001000061 ], [ 28.057083, 43.309307 ], [ 28.056805000000168, 43.309307 ], [ 28.056805000000168, 43.308750000000146 ], [ 28.056528000000185, 43.308750000000146 ], [ 28.056528000000185, 43.308472001000155 ], [ 28.056250001000024, 43.308472001000155 ], [ 28.056250001000024, 43.30791900000014 ], [ 28.055972999000176, 43.30791900000014 ], [ 28.055972999000176, 43.307640000000163 ], [ 28.055695000000185, 43.307640000000163 ], [ 28.055695000000185, 43.307362001000172 ], [ 28.055416, 43.307362001000172 ], [ 28.055416, 43.306804999000065 ], [ 28.055140000000108, 43.306804999000065 ], [ 28.055140000000108, 43.30652600000019 ], [ 28.054861001000177, 43.30652600000019 ], [ 28.054861001000177, 43.305973001000154 ], [ 28.054582999000104, 43.305973001000154 ], [ 28.054582999000104, 43.305694999000082 ], [ 28.054306000000167, 43.305694999000082 ], [ 28.054306000000167, 43.305138000000113 ], [ 28.054028, 43.305138000000113 ], [ 28.054028, 43.304863 ], [ 28.053749001000028, 43.304863 ], [ 28.053749001000028, 43.304585001000078 ], [ 28.053472999000121, 43.304585001000078 ], [ 28.053472999000121, 43.304305999000064 ], [ 28.052898182000035, 43.304316997000114 ], [ 28.052917, 43.303749 ], [ 28.052639000000113, 43.303749 ], [ 28.052639000000113, 43.30319600100006 ], [ 28.052361001000122, 43.30319600100006 ], [ 28.052361001000122, 43.302639000000113 ], [ 28.052083999000104, 43.302639000000113 ], [ 28.052083999000104, 43.302082001000088 ], [ 28.051805, 43.302082001000088 ], [ 28.051805, 43.30152899899997 ], [ 28.051578498000083, 43.30152899899997 ], [ 28.050215581000032, 43.301973524000118 ], [ 28.045212001000095, 43.302364 ], [ 28.043930403000104, 43.302318321000087 ], [ 28.042238236000173, 43.30225753700006 ], [ 28.039495468000098, 43.301918029000035 ], [ 28.038910024000131, 43.301851198000122 ], [ 28.035318374000155, 43.30144119400012 ], [ 28.032617570000127, 43.30069732700008 ], [ 28.028480529000092, 43.308689118000075 ], [ 28.027240753000171, 43.310649873000045 ], [ 28.026382446000127, 43.312595367000085 ], [ 28.025697708000109, 43.314083099000072 ], [ 28.024671555000054, 43.31648254400011 ], [ 28.023653030000048, 43.319446565000135 ], [ 28.022796630000073, 43.321533203000115 ], [ 28.022119523000072, 43.323608398000147 ], [ 28.021301270000151, 43.327297211000086 ], [ 28.020664215000124, 43.330963135000161 ], [ 28.02033805800005, 43.332733155000085 ], [ 28.019655228000033, 43.335243225000113 ], [ 28.019334793000098, 43.33729171900012 ], [ 28.018461227000103, 43.340240479000045 ], [ 28.017576218000158, 43.342769623000038 ], [ 28.01704597500003, 43.344676972000059 ], [ 28.016313554000135, 43.34660720800008 ], [ 28.0153903960001, 43.348678590000191 ], [ 28.014257430000157, 43.350486755000134 ], [ 28.013881682000147, 43.351230622000173 ], [ 28.011783599000012, 43.35425186100008 ], [ 28.008861542000091, 43.357273103000125 ], [ 28.006294251000043, 43.359714506999978 ], [ 28.004285813000138, 43.361373902000082 ], [ 28.001861572, 43.363639831000057 ], [ 28.000034333000087, 43.36529159600002 ], [ 27.998386384000071, 43.366924285000039 ], [ 27.99629783600011, 43.369842529000096 ], [ 27.994819641000106, 43.372035980000135 ], [ 27.993328094000049, 43.373916625000049 ], [ 27.992050172000177, 43.375808716000165 ], [ 27.990726470000084, 43.378524781000124 ], [ 27.989423751000061, 43.380107880000082 ], [ 27.986831665000182, 43.381999969000049 ], [ 27.985094071000105, 43.383293152000192 ], [ 27.983772279000164, 43.384860993000189 ], [ 27.981588364, 43.386444092000147 ], [ 27.979185104000123, 43.388027191000106 ], [ 27.976894379000044, 43.390056610999977 ], [ 27.974523545000181, 43.393650055000137 ], [ 27.973876953000115, 43.395011901000032 ], [ 27.976388931000145, 43.395088197000121 ], [ 27.978694916000052, 43.396545410000158 ], [ 27.980484010000112, 43.397842406000166 ], [ 27.982046128000036, 43.398857116000102 ], [ 27.983579635000183, 43.40051650900017 ], [ 27.987327575000165, 43.40303039700018 ], [ 27.989185333000023, 43.404903412000181 ], [ 27.990104676000158, 43.406158448000099 ], [ 27.991329193000126, 43.407619477000082 ], [ 27.992860795000013, 43.409912109000061 ], [ 27.99308204700003, 43.412433625000176 ], [ 27.99295806900011, 43.415802003000124 ], [ 27.991870881000182, 43.419170380000025 ], [ 27.990724564000118, 43.423179626000149 ], [ 27.989000321000162, 43.425704957000107 ], [ 27.986238479000122, 43.429286957000159 ], [ 27.98295021000007, 43.434310913 ], [ 27.981994628000052, 43.437599182000042 ], [ 27.98105430600009, 43.441841125999986 ], [ 27.979864121000105, 43.446010591000118 ], [ 27.979774474000067, 43.450668334000113 ], [ 27.979686737000179, 43.455341338000039 ], [ 27.979610444000173, 43.459335328000122 ], [ 27.979280471000095, 43.462978363000161 ], [ 27.97895813100007, 43.465717317000156 ], [ 27.978111266000099, 43.468177795000145 ], [ 27.976150512000061, 43.470680237000067 ], [ 27.97528266900008, 43.47260284400005 ], [ 27.967796325000108, 43.476036072999989 ], [ 27.959669114000064, 43.479061127000193 ], [ 27.953620911000144, 43.481861116000118 ], [ 27.949567796000053, 43.484798431000058 ], [ 27.946645737000154, 43.488315583000144 ], [ 27.944543838000072, 43.492618560000096 ], [ 27.943523407999976, 43.498519899000144 ], [ 27.942520141000045, 43.50401306100008 ], [ 27.942724228000145, 43.50630188100007 ], [ 27.942365646000098, 43.509452821000025 ], [ 27.939981460000013, 43.513580322000053 ], [ 27.936376571000096, 43.51985549900013 ], [ 27.933885574000158, 43.526493072000164 ], [ 27.932876587000067, 43.531558990000065 ], [ 27.932449341000051, 43.536182404000158 ], [ 27.935119629000042, 43.542507172000171 ], [ 27.940698623000117, 43.546531678000065 ], [ 27.9468631740001, 43.549255371000129 ], [ 27.953325272000086, 43.550708772 ], [ 27.956653595000034, 43.552577972000165 ], [ 27.96198082, 43.554122925000172 ], [ 27.965063095000062, 43.554782868000132 ], [ 27.967863083000111, 43.555664062000062 ], [ 27.969820023000182, 43.556396484000061 ], [ 27.971790315000135, 43.557338715000128 ], [ 27.97346687300012, 43.558086395000032 ], [ 27.975723267000149, 43.558818817000031 ], [ 27.977685929000188, 43.560180664000029 ], [ 27.977907180999978, 43.56203842300016 ], [ 27.977838516000077, 43.564548493000189 ], [ 27.9771881100001, 43.566467285000158 ], [ 27.974859238000136, 43.568443298000091 ], [ 27.973680496000156, 43.569755554000153 ], [ 27.972469329000035, 43.572319032000166 ], [ 27.97125244200015, 43.575088502000142 ], [ 27.971759796000185, 43.577255249000132 ], [ 27.972990036, 43.578662872000166 ], [ 27.975494386000094, 43.5804100040001 ], [ 27.978311538000128, 43.581630706000055 ], [ 27.980834961000141, 43.582969666000167 ], [ 27.982286454000075, 43.586769104000098 ], [ 27.981235505000029, 43.588790894000056 ], [ 27.980993271000102, 43.591724396000131 ], [ 27.981374741000025, 43.593593597000165 ], [ 27.982862473000182, 43.596134186000143 ], [ 27.985971452000115, 43.59776687700014 ], [ 27.990238189000081, 43.599060058000077 ], [ 27.99468231200018, 43.600139618000071 ], [ 27.999410629000181, 43.601615905000074 ], [ 28.00157737800015, 43.602905273000033 ], [ 28.003065110000136, 43.604625701000089 ], [ 28.003585815000122, 43.606033325 ], [ 28.003831864000176, 43.607715606000056 ], [ 28.004211426000097, 43.609580993000122 ], [ 28.004165649000129, 43.611766816000056 ], [ 28.003854752000109, 43.613681793000126 ], [ 28.003524780000134, 43.616455078000172 ], [ 28.002933502000076, 43.618293762000064 ], [ 28.002208710000161, 43.62034988500011 ], [ 28.000486374000104, 43.623081208000031 ], [ 27.998821259000067, 43.625461579999978 ], [ 27.997314453000115, 43.627414704000159 ], [ 27.995967865000068, 43.629024507 ], [ 27.994611739000106, 43.631069183000079 ], [ 27.993698119000044, 43.633106233000035 ], [ 27.992061615000182, 43.635059356999989 ], [ 27.990156173000059, 43.636196138000173 ], [ 27.987655641000117, 43.639350891000163 ], [ 27.986635208000166, 43.640232087000072 ], [ 27.988185883000142, 43.640792846000181 ], [ 27.995029449000072, 43.642173768000077 ], [ 28.001939773000174, 43.642730714000152 ], [ 28.007890701000179, 43.642852782000091 ], [ 28.01420021000007, 43.641853333000086 ], [ 28.019571304000181, 43.641094206999981 ], [ 28.024055481000062, 43.640403748000153 ], [ 28.031093597000108, 43.638809205000143 ], [ 28.033962251000105, 43.637470244999975 ], [ 28.036819457000092, 43.635726928000111 ], [ 28.039947509000115, 43.633743286000083 ], [ 28.042108535000182, 43.632202148000147 ], [ 28.045761109000068, 43.628929138000046 ], [ 28.048246383, 43.624961854000048 ], [ 28.049650193000161, 43.621547699000075 ], [ 28.053453446000162, 43.616619110000045 ], [ 28.058183671000108, 43.609802246000186 ], [ 28.058956147000117, 43.608097076000149 ], [ 28.060094833000164, 43.606403351999973 ], [ 28.060909271000071, 43.604072570000028 ], [ 28.062765121000098, 43.601936340000066 ], [ 28.064254759999983, 43.600456238000163 ], [ 28.066074371000184, 43.59897613600009 ], [ 28.067916869000044, 43.597499847000051 ], [ 28.071104049000155, 43.596664428000111 ], [ 28.073892594000029, 43.596252441000047 ], [ 28.07664489800004, 43.596057892000033 ], [ 28.080381393000039, 43.595451356000126 ], [ 28.084022522000112, 43.595275880000145 ], [ 28.089357376000066, 43.596599580000088 ], [ 28.092399597000167, 43.597267151000153 ], [ 28.094753265000065, 43.598327636000079 ], [ 28.098592759000155, 43.599395753000067 ], [ 28.1009693150001, 43.599807740000131 ], [ 28.104328156000122, 43.599563599000078 ], [ 28.109880448000183, 43.59798431500019 ], [ 28.113269807, 43.596622468000191 ], [ 28.116687775, 43.594596863000049 ], [ 28.119766236000089, 43.592353821000074 ], [ 28.122083665000105, 43.589332582000111 ], [ 28.124511719000054, 43.585262299000021 ], [ 28.126775742000063, 43.582427978000112 ], [ 28.130538941000168, 43.578243255000132 ], [ 28.132396698000093, 43.576251984000123 ], [ 28.134897233000174, 43.573181152000075 ], [ 28.138683318000176, 43.569976807000103 ], [ 28.141202926000062, 43.568084716000101 ], [ 28.14289665300015, 43.566696166000156 ], [ 28.14428329500015, 43.565532684000175 ], [ 28.147148132000098, 43.564197541000112 ], [ 28.14951706, 43.564327240000068 ], [ 28.15128517100004, 43.56535339300018 ], [ 28.154876709000177, 43.565620423000041 ], [ 28.158008576000043, 43.564769746000081 ], [ 28.164243698000121, 43.561153412000181 ], [ 28.168079376000037, 43.559642793000194 ], [ 28.17264175400004, 43.560375215000192 ], [ 28.175886154000068, 43.56388855 ], [ 28.177022933999979, 43.566505431999985 ], [ 28.178134919000058, 43.569530487000122 ], [ 28.179201126000123, 43.574069977000192 ], [ 28.179737091000106, 43.576225280000074 ], [ 28.180578231000084, 43.578403472000161 ], [ 28.183032989000139, 43.579311372000177 ], [ 28.186756133000188, 43.579154968000182 ], [ 28.189607619000071, 43.577510833000133 ], [ 28.191850662000093, 43.57562637400008 ], [ 28.193452834000141, 43.574161531000129 ], [ 28.195413589000111, 43.571529388000044 ], [ 28.197458267000172, 43.56599426300005 ], [ 28.200670242000115, 43.562648774000138 ], [ 28.205755233000104, 43.55870437700014 ], [ 28.209211350000146, 43.557495117000087 ], [ 28.212636948000068, 43.556709290000185 ], [ 28.215774535000094, 43.55550765900017 ], [ 28.217357635000155, 43.554042816 ], [ 28.218341828000121, 43.552158355000131 ], [ 28.220373153000082, 43.545158387000072 ], [ 28.222007752000081, 43.541564941000104 ], [ 28.223310471000104, 43.53839874300013 ], [ 28.224679947000084, 43.532676697000113 ], [ 28.226909637000176, 43.528686522999976 ], [ 28.230083466000167, 43.523429871000076 ], [ 28.231952668000076, 43.521766663000164 ], [ 28.236268998000185, 43.519748689000153 ], [ 28.240888595000058, 43.517093659000011 ], [ 28.244855881000035, 43.516754150999986 ], [ 28.250343323000038, 43.515174867000098 ], [ 28.256141662000061, 43.511875152000187 ], [ 28.258871078000141, 43.509586335000051 ], [ 28.261602403000097, 43.506450653000115 ], [ 28.263113021000038, 43.50477981500012 ], [ 28.265522004000104, 43.502693177000083 ], [ 28.267021179000096, 43.501010896000082 ], [ 28.268821716000105, 43.498908997000171 ], [ 28.271800995000149, 43.496841430000075 ], [ 28.276252747000058, 43.493492126000092 ], [ 28.27949333100014, 43.490760803000114 ], [ 28.281251908000058, 43.489292144 ], [ 28.28212165900004, 43.487388612000075 ], [ 28.281520844000113, 43.484420776000036 ], [ 28.280916213000125, 43.482509614000151 ], [ 28.280021668000074, 43.480377197 ], [ 28.279420853000033, 43.478889466000112 ], [ 28.278242110000122, 43.477394104000041 ], [ 28.276752473000045, 43.475467681000055 ], [ 28.274400710000066, 43.473526 ], [ 28.271736145000091, 43.470729829000106 ], [ 28.267896653000037, 43.468536377000135 ], [ 28.264947892000066, 43.467224122000175 ], [ 28.261405946000082, 43.464805604000105 ], [ 28.258436202000041, 43.46220016500007 ], [ 28.256660461000081, 43.460037231000172 ], [ 28.253709793000041, 43.456981660000054 ], [ 28.251041413000053, 43.453941345000089 ], [ 28.248376846000099, 43.450878144000058 ], [ 28.245710373, 43.448459626000158 ], [ 28.243928910000136, 43.445426941000107 ], [ 28.242467881000152, 43.44218063400001 ], [ 28.240396498999985, 43.438915253000118 ], [ 28.239223479000145, 43.436111450000055 ], [ 28.238336563000075, 43.433723450000173 ], [ 28.236862183000142, 43.430690766000055 ], [ 28.235685348, 43.427455902000077 ], [ 28.234825135000165, 43.419727327000032 ], [ 28.234544755000059, 43.41523742600009 ], [ 28.234891891000188, 43.408195496000076 ], [ 28.235404968000125, 43.404304504000152 ] ] ] ] } },
{ "type": "Feature", "properties": { "fid": 29, "GID_2": "BGR.3.2_1", "GID_0": "BGR", "COUNTRY": "Bulgaria", "GID_1": "BGR.3_1", "NAME_1": "Dobrich", "NL_NAME_1": "Добрич", "NAME_2": "Dobrich", "VARNAME_2": "Bazargic", "NL_NAME_2": "Добрич", "TYPE_2": "City", "ENGTYPE_2": "City", "CC_2": "NA", "HASC_2": "BG.DO.DO" }, "geometry": { "type": "MultiPolygon", "coordinates": [ [ [ [ 27.986635208000166, 43.640232087000072 ], [ 27.987655641000117, 43.639350891000163 ], [ 27.990156173000059, 43.636196138000173 ], [ 27.992061615000182, 43.635059356999989 ], [ 27.993698119000044, 43.633106233000035 ], [ 27.994611739000106, 43.631069183000079 ], [ 27.995967865000068, 43.629024507 ], [ 27.997314453000115, 43.627414704000159 ], [ 27.998821259000067, 43.625461579999978 ], [ 28.000486374000104, 43.623081208000031 ], [ 28.002208710000161, 43.62034988500011 ], [ 28.002933502000076, 43.618293762000064 ], [ 28.003524780000134, 43.616455078000172 ], [ 28.003854752000109, 43.613681793000126 ], [ 28.004165649000129, 43.611766816000056 ], [ 28.004211426000097, 43.609580993000122 ], [ 28.003831864000176, 43.607715606000056 ], [ 28.003585815000122, 43.606033325 ], [ 28.003065110000136, 43.604625701000089 ], [ 28.00157737800015, 43.602905273000033 ], [ 27.999410629000181, 43.601615905000074 ], [ 27.99468231200018, 43.600139618000071 ], [ 27.990238189000081, 43.599060058000077 ], [ 27.985971452000115, 43.59776687700014 ], [ 27.982862473000182, 43.596134186000143 ], [ 27.981374741000025, 43.593593597000165 ], [ 27.980993271000102, 43.591724396000131 ], [ 27.981235505000029, 43.588790894000056 ], [ 27.982286454000075, 43.586769104000098 ], [ 27.980834961000141, 43.582969666000167 ], [ 27.978311538000128, 43.581630706000055 ], [ 27.975494386000094, 43.5804100040001 ], [ 27.972990036, 43.578662872000166 ], [ 27.971759796000185, 43.577255249000132 ], [ 27.97125244200015, 43.575088502000142 ], [ 27.972469329000035, 43.572319032000166 ], [ 27.973680496000156, 43.569755554000153 ], [ 27.974859238000136, 43.568443298000091 ], [ 27.9771881100001, 43.566467285000158 ], [ 27.977838516000077, 43.564548493000189 ], [ 27.977907180999978, 43.56203842300016 ], [ 27.977685929000188, 43.560180664000029 ], [ 27.975723267000149, 43.558818817000031 ], [ 27.97346687300012, 43.558086395000032 ], [ 27.971790315000135, 43.557338715000128 ], [ 27.969820023000182, 43.556396484000061 ], [ 27.967863083000111, 43.555664062000062 ], [ 27.965063095000062, 43.554782868000132 ], [ 27.96198082, 43.554122925000172 ], [ 27.956653595000034, 43.552577972000165 ], [ 27.953325272000086, 43.550708772 ], [ 27.9468631740001, 43.549255371000129 ], [ 27.940698623000117, 43.546531678000065 ], [ 27.935119629000042, 43.542507172000171 ], [ 27.932449341000051, 43.536182404000158 ], [ 27.932876587000067, 43.531558990000065 ], [ 27.933885574000158, 43.526493072000164 ], [ 27.936376571000096, 43.51985549900013 ], [ 27.939981460000013, 43.513580322000053 ], [ 27.942365646000098, 43.509452821000025 ], [ 27.942724228000145, 43.50630188100007 ], [ 27.942520141000045, 43.50401306100008 ], [ 27.943523407999976, 43.498519899000144 ], [ 27.944543838000072, 43.492618560000096 ], [ 27.946645737000154, 43.488315583000144 ], [ 27.949567796000053, 43.484798431000058 ], [ 27.953620911000144, 43.481861116000118 ], [ 27.959669114000064, 43.479061127000193 ], [ 27.967796325000108, 43.476036072999989 ], [ 27.97528266900008, 43.47260284400005 ], [ 27.976150512000061, 43.470680237000067 ], [ 27.978111266000099, 43.468177795000145 ], [ 27.97895813100007, 43.465717317000156 ], [ 27.979280471000095, 43.462978363000161 ], [ 27.979610444000173, 43.459335328000122 ], [ 27.979686737000179, 43.455341338000039 ], [ 27.979774474000067, 43.450668334000113 ], [ 27.979864121000105, 43.446010591000118 ], [ 27.98105430600009, 43.441841125999986 ], [ 27.981994628000052, 43.437599182000042 ], [ 27.98295021000007, 43.434310913 ], [ 27.986238479000122, 43.429286957000159 ], [ 27.989000321000162, 43.425704957000107 ], [ 27.990724564000118, 43.423179626000149 ], [ 27.991870881000182, 43.419170380000025 ], [ 27.99295806900011, 43.415802003000124 ], [ 27.99308204700003, 43.412433625000176 ], [ 27.992860795000013, 43.409912109000061 ], [ 27.991329193000126, 43.407619477000082 ], [ 27.990104676000158, 43.406158448000099 ], [ 27.989185333000023, 43.404903412000181 ], [ 27.987327575000165, 43.40303039700018 ], [ 27.983579635000183, 43.40051650900017 ], [ 27.982046128000036, 43.398857116000102 ], [ 27.980484010000112, 43.397842406000166 ], [ 27.978694916000052, 43.396545410000158 ], [ 27.976388931000145, 43.395088197000121 ], [ 27.973876953000115, 43.395011901000032 ], [ 27.96768760700013, 43.396957397000051 ], [ 27.96551704400008, 43.397407531000169 ], [ 27.959558487000095, 43.398174287000188 ], [ 27.954898834000062, 43.39823913500004 ], [ 27.947860718000015, 43.39813232500012 ], [ 27.941675186, 43.398090363000165 ], [ 27.937816620000149, 43.39823913500004 ], [ 27.932044982999969, 43.397640229000046 ], [ 27.926235200000065, 43.397068025000124 ], [ 27.919214249000106, 43.395618439000089 ], [ 27.913688660000048, 43.39403534000013 ], [ 27.907733918000133, 43.392154695000045 ], [ 27.902568816000155, 43.389957429000162 ], [ 27.897016526000129, 43.38721466100003 ], [ 27.89226913400006, 43.384178161000136 ], [ 27.886335373000179, 43.379734040000073 ], [ 27.882780074000095, 43.376667024000142 ], [ 27.878425598000035, 43.372772217000033 ], [ 27.872888565000096, 43.368038177000187 ], [ 27.866533280000169, 43.36360931500019 ], [ 27.861358643000017, 43.360298157000159 ], [ 27.854974746000039, 43.358146668000018 ], [ 27.850973129000124, 43.357078553000065 ], [ 27.846967698000128, 43.357429505000141 ], [ 27.843347549000157, 43.358356476000154 ], [ 27.841335297000114, 43.359249115000068 ], [ 27.83567237900013, 43.362491607000095 ], [ 27.832870483000136, 43.364555359000121 ], [ 27.828821183000116, 43.367191315000127 ], [ 27.825199128000179, 43.369544982999969 ], [ 27.819179536000036, 43.373661041000048 ], [ 27.813970565000091, 43.377769471000136 ], [ 27.81155204900017, 43.382102966000161 ], [ 27.808349609000061, 43.386451722000061 ], [ 27.805965424000021, 43.388793945000145 ], [ 27.803178787000149, 43.391139985000109 ], [ 27.800416947000087, 43.393207549000124 ], [ 27.797649384000124, 43.395851135000157 ], [ 27.79331970200019, 43.39966964700011 ], [ 27.790973664000035, 43.402297975000124 ], [ 27.789791107000156, 43.4057617200001 ], [ 27.789781571000105, 43.409461976000046 ], [ 27.789381027000161, 43.413185120000094 ], [ 27.788599013000123, 43.414638519000164 ], [ 27.784719467000116, 43.415317535000042 ], [ 27.782381057000066, 43.415672302000189 ], [ 27.778509140000097, 43.415771484 ], [ 27.773864745000139, 43.416469574000075 ], [ 27.768840790000183, 43.417175292000024 ], [ 27.765764236, 43.417263031000061 ], [ 27.761541368, 43.418525696000188 ], [ 27.756170273000123, 43.420089721000181 ], [ 27.753116607999971, 43.421039581000059 ], [ 27.750839234000011, 43.423969268000121 ], [ 27.749324798000146, 43.424865723000096 ], [ 27.742124558000171, 43.429363251000098 ], [ 27.740604401000098, 43.429687501000103 ], [ 27.736831665000011, 43.432079316 ], [ 27.731575011000132, 43.435092927000028 ], [ 27.727050781000059, 43.437221527000133 ], [ 27.723728181000126, 43.441036225000119 ], [ 27.721874237, 43.44310379 ], [ 27.719665528000178, 43.446613312000125 ], [ 27.718946457000072, 43.44863891600005 ], [ 27.71676254200014, 43.452999116000058 ], [ 27.71567726100011, 43.455337525000175 ], [ 27.71459579499998, 43.45881652800017 ], [ 27.713909148000141, 43.462570192000044 ], [ 27.713188172000173, 43.464595794000161 ], [ 27.711757660000103, 43.467792511000084 ], [ 27.711040496000066, 43.470687867000152 ], [ 27.709590911000134, 43.473594666000054 ], [ 27.708866119000049, 43.475051879000091 ], [ 27.707412719000047, 43.476539612000181 ], [ 27.704828263000081, 43.477458954000042 ], [ 27.70223999100017, 43.478099822000161 ], [ 27.69929885900018, 43.479053497000109 ], [ 27.692287445000034, 43.478683472000114 ], [ 27.687490463000131, 43.477954865000129 ], [ 27.686607361000085, 43.477146150000124 ], [ 27.684207916000048, 43.478050232000157 ], [ 27.681657792000067, 43.47813034100011 ], [ 27.67802238400003, 43.478527070000155 ], [ 27.674415587999988, 43.480354310000166 ], [ 27.672258377000162, 43.481277466000165 ], [ 27.669374466000193, 43.482822418000126 ], [ 27.666858673000092, 43.483753204000038 ], [ 27.660726546000149, 43.484233857000106 ], [ 27.657855987000062, 43.484329224000078 ], [ 27.654258728000059, 43.484458923000034 ], [ 27.649959564000142, 43.484607697000115 ], [ 27.646734238000079, 43.48442459100005 ], [ 27.642784118000122, 43.483425141000168 ], [ 27.638488769000048, 43.482425690000127 ], [ 27.636341096000081, 43.482227325000167 ], [ 27.634563444999969, 43.48228836100003 ], [ 27.630670548000012, 43.483287812000071 ], [ 27.628913879999971, 43.484489441000107 ], [ 27.626111984000147, 43.486629487000073 ], [ 27.624006271000098, 43.487838746000193 ], [ 27.621559143000127, 43.489635468000188 ], [ 27.616994857000122, 43.491241455000079 ], [ 27.612781525000059, 43.492828370000041 ], [ 27.608978271000126, 43.497264863000055 ], [ 27.607631683000079, 43.501296997000054 ], [ 27.608013153000059, 43.503574371000184 ], [ 27.608409882000103, 43.506694794000168 ], [ 27.609146119000172, 43.509513854000033 ], [ 27.609529495000061, 43.511775970000144 ], [ 27.609914780000054, 43.514625549000073 ], [ 27.610301971000069, 43.517456054000093 ], [ 27.610683441000162, 43.519733428000052 ], [ 27.611404420000042, 43.521713258000091 ], [ 27.611082077000106, 43.523715972000048 ], [ 27.610040664, 43.525463103999982 ], [ 27.608314515000075, 43.528095245000088 ], [ 27.605188369000075, 43.531345367000085 ], [ 27.601362229000074, 43.534912109000118 ], [ 27.599275589000058, 43.536685945000158 ], [ 27.596149445000037, 43.538806916000055 ], [ 27.593366622000076, 43.540607453000121 ], [ 27.589889527000082, 43.543018341999982 ], [ 27.587110519000191, 43.544277191000162 ], [ 27.58329010000017, 43.544979096000077 ], [ 27.581546783000078, 43.545040131000064 ], [ 27.579097748000038, 43.544857025000169 ], [ 27.577001573000075, 43.544368745000099 ], [ 27.575258256000154, 43.543289184000059 ], [ 27.573860168000124, 43.54221725400015 ], [ 27.570337296000162, 43.536666871000193 ], [ 27.56789016800019, 43.533927918000131 ], [ 27.566137314000059, 43.531158448000156 ], [ 27.564371109000035, 43.527545929000098 ], [ 27.562240601000155, 43.523086548000038 ], [ 27.559110642000121, 43.520389556000168 ], [ 27.556314468000039, 43.517387390000067 ], [ 27.553878784000119, 43.515220642000031 ], [ 27.548345565000147, 43.513191223999968 ], [ 27.543518066000104, 43.512844085000154 ], [ 27.539382935000049, 43.512191772000051 ], [ 27.533197402999974, 43.512474060000159 ], [ 27.527368545000172, 43.512733460000106 ], [ 27.520505905000107, 43.512783050000166 ], [ 27.514328003000173, 43.512798310000164 ], [ 27.509195328000089, 43.513324738000051 ], [ 27.504066468000133, 43.514713288000166 ], [ 27.502355575000024, 43.516208648000088 ], [ 27.499975204000179, 43.520271301000037 ], [ 27.498962403000121, 43.522296906000065 ], [ 27.49830055200016, 43.525154114000031 ], [ 27.497974395000085, 43.529113770000095 ], [ 27.497985840000069, 43.53276443600015 ], [ 27.49834823700013, 43.536430358000075 ], [ 27.499046325000165, 43.540355682000154 ], [ 27.500419617000091, 43.543949128000122 ], [ 27.501115799000161, 43.546176910000042 ], [ 27.501464843000065, 43.549549103000061 ], [ 27.502157211000167, 43.552055360000054 ], [ 27.503187179000122, 43.554546357000049 ], [ 27.503541946000041, 43.55707931500018 ], [ 27.503545761000112, 43.559600831000068 ], [ 27.503194809000036, 43.561584474000142 ], [ 27.501813889000175, 43.564758300000051 ], [ 27.500442505000024, 43.567638398000156 ], [ 27.49905777000015, 43.571365357000047 ], [ 27.497674943, 43.573112488999982 ], [ 27.495595931000139, 43.576595307000048 ], [ 27.492830276000177, 43.580085754000095 ], [ 27.490745544000163, 43.582714082000166 ], [ 27.487287521000155, 43.585952759000122 ], [ 27.484161377000135, 43.588619233000145 ], [ 27.479997635000018, 43.591884614000037 ], [ 27.476516724000078, 43.593990325000107 ], [ 27.474079132000156, 43.596050262000119 ], [ 27.472902297000076, 43.596702575000165 ], [ 27.471847535000165, 43.600288390000117 ], [ 27.470529556000088, 43.603069306000179 ], [ 27.469207763999975, 43.606254577000186 ], [ 27.469196319000048, 43.607925416000171 ], [ 27.468915939999988, 43.609817504000034 ], [ 27.470159531000149, 43.613731385000108 ], [ 27.468067168000118, 43.616317749000075 ], [ 27.466497422000089, 43.618251802000145 ], [ 27.466457368000135, 43.621181489000151 ], [ 27.466938018000121, 43.623447418000126 ], [ 27.467924119000088, 43.626743317000091 ], [ 27.468908310000074, 43.630252839000036 ], [ 27.468860626000037, 43.632556915000066 ], [ 27.46805000300003, 43.634883881000064 ], [ 27.466453553000122, 43.637435913000161 ], [ 27.465665818000048, 43.639350891000163 ], [ 27.464075089000119, 43.641075134000118 ], [ 27.462978362000058, 43.644256593000193 ], [ 27.46397209100013, 43.646297456000184 ], [ 27.466011047000109, 43.647693634000063 ], [ 27.46910476700009, 43.648818969 ], [ 27.471149445000151, 43.649581910000165 ], [ 27.472690582000041, 43.650161742000193 ], [ 27.474229812000033, 43.651145936000091 ], [ 27.476278305000164, 43.652534486000036 ], [ 27.477287293000131, 43.653743745000156 ], [ 27.478296280000052, 43.654968262000125 ], [ 27.47903060900012, 43.657230378000065 ], [ 27.47976875400019, 43.658676148000154 ], [ 27.480512619000024, 43.660949708000146 ], [ 27.481243133000078, 43.663211824000086 ], [ 27.481740952000109, 43.665290833000086 ], [ 27.481441498000038, 43.666553498000042 ], [ 27.480884552000134, 43.668865204000156 ], [ 27.480594635000045, 43.671165466000048 ], [ 27.479761124000106, 43.674343110000052 ], [ 27.478929520000065, 43.677280426000095 ], [ 27.478904724000131, 43.678958894000061 ], [ 27.479652404000149, 43.680603028 ], [ 27.48220062300004, 43.683242798000151 ], [ 27.484785079, 43.684413910000046 ], [ 27.487611771000161, 43.686191558000019 ], [ 27.488880158000029, 43.688037872000052 ], [ 27.490135192000139, 43.690509796000129 ], [ 27.491376877999983, 43.693817138000043 ], [ 27.49261283900006, 43.697128296000074 ], [ 27.492820741000173, 43.699836730000186 ], [ 27.493518829000038, 43.70400619500009 ], [ 27.493972777000124, 43.706912994000163 ], [ 27.495452881000176, 43.711059571000192 ], [ 27.496402741000111, 43.715629578000176 ], [ 27.497337342000037, 43.720420837000063 ], [ 27.498783112000126, 43.725605012000074 ], [ 27.499450684000124, 43.73038482700008 ], [ 27.498577118000128, 43.733768463000104 ], [ 27.497447968000131, 43.737140656000122 ], [ 27.49656867900012, 43.740932465000071 ], [ 27.495143890000122, 43.744937896000067 ], [ 27.494276046000095, 43.747890472000165 ], [ 27.493646622000028, 43.751453399000127 ], [ 27.494134902000098, 43.752906799000129 ], [ 27.49486160400005, 43.754768372000058 ], [ 27.49639892600004, 43.756198883000025 ], [ 27.498756409000123, 43.75676727299998 ], [ 27.502370833000043, 43.758354187 ], [ 27.507080079000161, 43.760337830000083 ], [ 27.509416581000039, 43.761123657000041 ], [ 27.511209488000134, 43.762535095000089 ], [ 27.512983323000071, 43.764793396000186 ], [ 27.51317214900007, 43.766868591 ], [ 27.513099671000134, 43.769386292000036 ], [ 27.513299943000163, 43.771453858000029 ], [ 27.513240815000074, 43.772922517000154 ], [ 27.514501572000029, 43.774761201000047 ], [ 27.515756608000117, 43.77640152000015 ], [ 27.515438080000081, 43.778079986000137 ], [ 27.514593124000157, 43.780193328000166 ], [ 27.513475418000041, 43.781688690000124 ], [ 27.512374877000184, 43.783172608000143 ], [ 27.51202011100014, 43.785881042000028 ], [ 27.512479782000071, 43.787754060000111 ], [ 27.513746261000165, 43.789173126000151 ], [ 27.51527595500005, 43.790172578000067 ], [ 27.517072677000044, 43.791370392000033 ], [ 27.520170212000096, 43.792743683000083 ], [ 27.523212432000093, 43.795570374000079 ], [ 27.52497863800005, 43.797389984000176 ], [ 27.525949478000086, 43.799442292000151 ], [ 27.526151657000014, 43.801097870000035 ], [ 27.525800706000041, 43.803405763000114 ], [ 27.525194168000098, 43.805496216000165 ], [ 27.524585724000076, 43.807796479000103 ], [ 27.524204254000097, 43.810726166000165 ], [ 27.524375915000178, 43.813220978000174 ], [ 27.52606391900008, 43.816905976000044 ], [ 27.527549743000066, 43.818935394000107 ], [ 27.529615402, 43.819705964000093 ], [ 27.531702042000177, 43.820079804000102 ], [ 27.533800126000017, 43.820220948000042 ], [ 27.535644532000049, 43.820163726000146 ], [ 27.537494659000117, 43.819698334000179 ], [ 27.541191102000141, 43.81896209700011 ], [ 27.543085099000109, 43.817649841000048 ], [ 27.544973374000108, 43.816146850000109 ], [ 27.546314240000186, 43.815261841000165 ], [ 27.54879188600006, 43.812072753999985 ], [ 27.552370071000041, 43.807380677000026 ], [ 27.555679321000127, 43.802902222000114 ], [ 27.559755325000083, 43.798198699000011 ], [ 27.563810349, 43.794315337000057 ], [ 27.568277359000149, 43.793338775999985 ], [ 27.57191658000005, 43.794059753000056 ], [ 27.57344436600016, 43.79546737600009 ], [ 27.574934006000149, 43.798122406 ], [ 27.575120925000078, 43.80020523100012 ], [ 27.575300216000073, 43.802917480000133 ], [ 27.575178147000031, 43.806461334000062 ], [ 27.57505989200007, 43.809803010000167 ], [ 27.575731278000035, 43.81332779000013 ], [ 27.577274323000097, 43.814315797000063 ], [ 27.579093933000024, 43.814884186000086 ], [ 27.581968308000057, 43.815212249000183 ], [ 27.584369660000164, 43.813896180000086 ], [ 27.586021423000147, 43.811542512000187 ], [ 27.586641312000154, 43.808605194000165 ], [ 27.588024139000083, 43.806468964000146 ], [ 27.59096908500004, 43.804504395000038 ], [ 27.592777252000189, 43.805274963000045 ], [ 27.593524932000037, 43.80650329600013 ], [ 27.593677522000064, 43.810264587000063 ], [ 27.592475891000049, 43.815116882000154 ], [ 27.591352463000135, 43.817230226000049 ], [ 27.590246201000127, 43.818927765000069 ], [ 27.589401244000101, 43.820842743000071 ], [ 27.588565827000139, 43.822326660000044 ], [ 27.587444305000076, 43.824253082999974 ], [ 27.586530685000184, 43.827037811000025 ], [ 27.588659287000098, 43.827453613000159 ], [ 27.591348648000121, 43.829681397000058 ], [ 27.59362602200008, 43.832435608000139 ], [ 27.595544814, 43.834388733000026 ], [ 27.598260879000122, 43.836303712000074 ], [ 27.604278564000026, 43.837619781000171 ], [ 27.606386185000076, 43.837669374000086 ], [ 27.608768464000093, 43.837509156000181 ], [ 27.610887528000092, 43.837448121000193 ], [ 27.612754821000124, 43.837093354000046 ], [ 27.614755630000047, 43.836307525000166 ], [ 27.616643906000149, 43.835102081000059 ], [ 27.617347718000133, 43.833713531000114 ], [ 27.618730546000108, 43.831462860000102 ], [ 27.619699479000076, 43.82985305800014 ], [ 27.620014191, 43.827953339000089 ], [ 27.620462417000169, 43.826362609000114 ], [ 27.62088966400006, 43.824985504000097 ], [ 27.621339798000179, 43.823184967000088 ], [ 27.622432709000122, 43.821899415000132 ], [ 27.624036789000115, 43.82110977300016 ], [ 27.625909805000049, 43.820220948000042 ], [ 27.628311157000155, 43.819206238000106 ], [ 27.630882263000046, 43.817543030000195 ], [ 27.633684159000097, 43.816429138000046 ], [ 27.63542938300003, 43.815425874000141 ], [ 27.637704850000148, 43.81441879200014 ], [ 27.63879585300009, 43.813125610999975 ], [ 27.640022278, 43.811508178 ], [ 27.641262054000094, 43.809669494000104 ], [ 27.643428803000063, 43.807510376000153 ], [ 27.646249770000168, 43.805950165000127 ], [ 27.649719238000159, 43.80490875300012 ], [ 27.652259827000137, 43.804092408000145 ], [ 27.656017303000169, 43.802516937000121 ], [ 27.660041809000063, 43.800186157000155 ], [ 27.662076950000142, 43.798542023000039 ], [ 27.664384842000175, 43.796577453000168 ], [ 27.666692733000048, 43.793762206000054 ], [ 27.668621064000035, 43.790954590000069 ], [ 27.669479371000079, 43.787761688000046 ], [ 27.669664383000111, 43.784908294000047 ], [ 27.66985511900009, 43.781734467000092 ], [ 27.670457840000097, 43.778350829000033 ], [ 27.670932769000046, 43.774852753000175 ], [ 27.672222137000176, 43.769855499000073 ], [ 27.672410966000086, 43.766902923000032 ], [ 27.67299652100013, 43.763301849000129 ], [ 27.673707962000094, 43.761379241000043 ], [ 27.674293517000137, 43.75852584800009 ], [ 27.675113678000059, 43.756816865000189 ], [ 27.676214217000052, 43.754875184000014 ], [ 27.678504944000167, 43.752693177000083 ], [ 27.681898118000049, 43.749954224000192 ], [ 27.683652878000146, 43.748626709000064 ], [ 27.685804366000127, 43.746963501000096 ], [ 27.687974930000166, 43.74488449100005 ], [ 27.690008163000073, 43.743347169000174 ], [ 27.692153931000178, 43.742534638 ], [ 27.697118759000091, 43.741516113000046 ], [ 27.699527740000178, 43.741107941 ], [ 27.701816559000122, 43.740722656 ], [ 27.705553054000063, 43.741539002000081 ], [ 27.707561493000071, 43.742107391000104 ], [ 27.709966659000145, 43.742870331000177 ], [ 27.712888718000045, 43.745407105000083 ], [ 27.715261459000033, 43.748706818000187 ], [ 27.716838836000022, 43.751831054000036 ], [ 27.718797685000027, 43.755584717000033 ], [ 27.720367431000057, 43.759563446000186 ], [ 27.720996857999978, 43.762943267000139 ], [ 27.72216606000012, 43.766197205000083 ], [ 27.724681853000163, 43.769630433000088 ], [ 27.725282669000137, 43.770187379000163 ], [ 27.729856491000021, 43.772735596000075 ], [ 27.73255920500003, 43.77338409400005 ], [ 27.735679626000035, 43.773189545000037 ], [ 27.738832474000105, 43.772251128000107 ], [ 27.740877152000166, 43.771129608000024 ], [ 27.744298935000074, 43.769332886000086 ], [ 27.747428894000109, 43.768383027000084 ], [ 27.75003623900011, 43.767765046000193 ], [ 27.752775192000172, 43.767471314000034 ], [ 27.755630493000069, 43.767490388000056 ], [ 27.757949829000154, 43.768169404000105 ], [ 27.761066438000171, 43.769676208000078 ], [ 27.763099671000077, 43.770687103000114 ], [ 27.768106460000183, 43.773731231999989 ], [ 27.771484376000103, 43.776630400999977 ], [ 27.774736404, 43.77921295200008 ], [ 27.778228760000161, 43.783599853000055 ], [ 27.78051948500007, 43.786754608000194 ], [ 27.783901215000071, 43.789863586000081 ], [ 27.785383225000146, 43.792606354000156 ], [ 27.787946700000077, 43.79532623200015 ], [ 27.789033889000052, 43.796798706000118 ], [ 27.790111542000147, 43.798168182999973 ], [ 27.790607452000131, 43.798820496000076 ], [ 27.791912079000156, 43.797790528000121 ], [ 27.794689179000102, 43.796417235999968 ], [ 27.798015594000049, 43.795886993000067 ], [ 27.802196503000062, 43.794239044000051 ], [ 27.806936265000161, 43.792602539000086 ], [ 27.812538147000055, 43.789844513000162 ], [ 27.819013596000161, 43.785118104000162 ], [ 27.822711944000105, 43.78006362900004 ], [ 27.825004577000186, 43.776760102000139 ], [ 27.826145172000111, 43.774787902000071 ], [ 27.82849311800004, 43.768287660000112 ], [ 27.832273482000062, 43.75959777800017 ], [ 27.83405685300005, 43.753326416000164 ], [ 27.837509155000077, 43.74872970600012 ], [ 27.842655181000055, 43.743858338000109 ], [ 27.847793579000154, 43.740051269000162 ], [ 27.854671479000046, 43.734477998000102 ], [ 27.855846404000033, 43.731887817000086 ], [ 27.856166838999968, 43.730175019000114 ], [ 27.856208801000093, 43.728458404000094 ], [ 27.856824875000086, 43.725673676000099 ], [ 27.856603622000137, 43.722705842000039 ], [ 27.856664658000057, 43.719947815000182 ], [ 27.856472016000112, 43.715488434000065 ], [ 27.856557845000168, 43.711460113999976 ], [ 27.857503892000011, 43.706977845000154 ], [ 27.859256744000106, 43.70458603000003 ], [ 27.860996246000184, 43.702835083000025 ], [ 27.86528015100015, 43.701831818000073 ], [ 27.869852066000135, 43.700828552000189 ], [ 27.875299453000139, 43.699798583000131 ], [ 27.880218506000062, 43.69687652600004 ], [ 27.883150101000069, 43.694026948000158 ], [ 27.884630203000143, 43.692066193000187 ], [ 27.886985779000156, 43.689460753999981 ], [ 27.89134788500013, 43.687210083000025 ], [ 27.896575928000061, 43.685344696000129 ], [ 27.903266906000169, 43.683017732000167 ], [ 27.911693574000026, 43.6812706 ], [ 27.918693542000085, 43.679580688000158 ], [ 27.921329498000034, 43.679065704000038 ], [ 27.925704955000128, 43.678070068000068 ], [ 27.92862892200003, 43.677104950000171 ], [ 27.931257248000122, 43.676124574000028 ], [ 27.934158324000123, 43.675346375000061 ], [ 27.935644149000098, 43.673782349000135 ], [ 27.935470581000118, 43.669788362000133 ], [ 27.934980392000114, 43.667095185000164 ], [ 27.934776306000117, 43.664169311000194 ], [ 27.93516159100011, 43.660999297999979 ], [ 27.936424255000134, 43.657352447000164 ], [ 27.9385242460001, 43.654071808000026 ], [ 27.942609787000151, 43.651718140000185 ], [ 27.947252273000061, 43.649524690000078 ], [ 27.954202651000116, 43.646106720000034 ], [ 27.959138870000061, 43.642623902000025 ], [ 27.961172105000173, 43.641231536000078 ], [ 27.963199615000065, 43.639846802000079 ], [ 27.965787888000079, 43.638843537000128 ], [ 27.969202041000017, 43.638435363000099 ], [ 27.971477508000135, 43.638080596000123 ], [ 27.973747254000159, 43.637958528000183 ], [ 27.976583481999967, 43.638004303000116 ], [ 27.980844497000191, 43.63841629 ], [ 27.982812880999973, 43.639366151 ], [ 27.985643387000096, 43.639858247000063 ], [ 27.986635208000166, 43.640232087000072 ] ], [ [ 27.84337043700009, 43.623950959000183 ], [ 27.768478393000123, 43.625633240000184 ], [ 27.760375976000034, 43.611480712000173 ], [ 27.734409332000041, 43.610889435000161 ], [ 27.732452392000141, 43.616424561000031 ], [ 27.721073150999985, 43.616275787000177 ], [ 27.705827712000087, 43.59300613400012 ], [ 27.680894851000119, 43.591514587000063 ], [ 27.681089401, 43.557991028 ], [ 27.701812744000051, 43.555301667000151 ], [ 27.706106185000124, 43.538677216000167 ], [ 27.765447616000131, 43.534648895000032 ], [ 27.770265579000068, 43.52120971700009 ], [ 27.802713394000079, 43.518943786000079 ], [ 27.803123474000074, 43.532161713000107 ], [ 27.831769944000143, 43.560737610000103 ], [ 27.83289527900007, 43.577896118000126 ], [ 27.849468231000117, 43.59246063300003 ], [ 27.84337043700009, 43.623950959000183 ] ] ] ] } },
{ "type": "Feature", "properties": { "fid": 30, "GID_2": "BGR.3.3_1", "GID_0": "BGR", "COUNTRY": "Bulgaria", "GID_1": "BGR.3_1", "NAME_1": "Dobrich", "NL_NAME_1": "Добрич", "NAME_2": "Dobrich-selska", "VARNAME_2": "NA", "NL_NAME_2": "NA", "TYPE_2": "Obshtina", "ENGTYPE_2": "Municipality", "CC_2": "NA", "HASC_2": "NA" }, "geometry": { "type": "MultiPolygon", "coordinates": [ [ [ [ 27.84337043700009, 43.623950959000183 ], [ 27.849468231000117, 43.59246063300003 ], [ 27.83289527900007, 43.577896118000126 ], [ 27.831769944000143, 43.560737610000103 ], [ 27.803123474000074, 43.532161713000107 ], [ 27.802713394000079, 43.518943786000079 ], [ 27.770265579000068, 43.52120971700009 ], [ 27.765447616000131, 43.534648895000032 ], [ 27.706106185000124, 43.538677216000167 ], [ 27.701812744000051, 43.555301667000151 ], [ 27.681089401, 43.557991028 ], [ 27.680894851000119, 43.591514587000063 ], [ 27.705827712000087, 43.59300613400012 ], [ 27.721073150999985, 43.616275787000177 ], [ 27.732452392000141, 43.616424561000031 ], [ 27.734409332000041, 43.610889435000161 ], [ 27.760375976000034, 43.611480712000173 ], [ 27.768478393000123, 43.625633240000184 ], [ 27.84337043700009, 43.623950959000183 ] ] ] ] } },
{ "type": "Feature", "properties": { "fid": 31, "GID_2": "BGR.3.4_1", "GID_0": "BGR", "COUNTRY": "Bulgaria", "GID_1": "BGR.3_1", "NAME_1": "Dobrich", "NL_NAME_1": "Добрич", "NAME_2": "General Toshevo", "VARNAME_2": "NA", "NL_NAME_2": "NA", "TYPE_2": "Obshtina", "ENGTYPE_2": "Municipality", "CC_2": "NA", "HASC_2": "BG.DO.GT" }, "geometry": { "type": "MultiPolygon", "coordinates": [ [ [ [ 28.215774535000094, 43.55550765900017 ], [ 28.212636948000068, 43.556709290000185 ], [ 28.209211350000146, 43.557495117000087 ], [ 28.205755233000104, 43.55870437700014 ], [ 28.200670242000115, 43.562648774000138 ], [ 28.197458267000172, 43.56599426300005 ], [ 28.195413589000111, 43.571529388000044 ], [ 28.193452834000141, 43.574161531000129 ], [ 28.191850662000093, 43.57562637400008 ], [ 28.189607619000071, 43.577510833000133 ], [ 28.186756133000188, 43.579154968000182 ], [ 28.183032989000139, 43.579311372000177 ], [ 28.180578231000084, 43.578403472000161 ], [ 28.179737091000106, 43.576225280000074 ], [ 28.179201126000123, 43.574069977000192 ], [ 28.178134919000058, 43.569530487000122 ], [ 28.177022933999979, 43.566505431999985 ], [ 28.175886154000068, 43.56388855 ], [ 28.17264175400004, 43.560375215000192 ], [ 28.168079376000037, 43.559642793000194 ], [ 28.164243698000121, 43.561153412000181 ], [ 28.158008576000043, 43.564769746000081 ], [ 28.154876709000177, 43.565620423000041 ], [ 28.15128517100004, 43.56535339300018 ], [ 28.14951706, 43.564327240000068 ], [ 28.147148132000098, 43.564197541000112 ], [ 28.14428329500015, 43.565532684000175 ], [ 28.14289665300015, 43.566696166000156 ], [ 28.141202926000062, 43.568084716000101 ], [ 28.138683318000176, 43.569976807000103 ], [ 28.134897233000174, 43.573181152000075 ], [ 28.132396698000093, 43.576251984000123 ], [ 28.130538941000168, 43.578243255000132 ], [ 28.126775742000063, 43.582427978000112 ], [ 28.124511719000054, 43.585262299000021 ], [ 28.122083665000105, 43.589332582000111 ], [ 28.119766236000089, 43.592353821000074 ], [ 28.116687775, 43.594596863000049 ], [ 28.113269807, 43.596622468000191 ], [ 28.109880448000183, 43.59798431500019 ], [ 28.104328156000122, 43.599563599000078 ], [ 28.1009693150001, 43.599807740000131 ], [ 28.098592759000155, 43.599395753000067 ], [ 28.094753265000065, 43.598327636000079 ], [ 28.092399597000167, 43.597267151000153 ], [ 28.089357376000066, 43.596599580000088 ], [ 28.084022522000112, 43.595275880000145 ], [ 28.080381393000039, 43.595451356000126 ], [ 28.07664489800004, 43.596057892000033 ], [ 28.073892594000029, 43.596252441000047 ], [ 28.071104049000155, 43.596664428000111 ], [ 28.067916869000044, 43.597499847000051 ], [ 28.066074371000184, 43.59897613600009 ], [ 28.064254759999983, 43.600456238000163 ], [ 28.062765121000098, 43.601936340000066 ], [ 28.060909271000071, 43.604072570000028 ], [ 28.060094833000164, 43.606403351999973 ], [ 28.058956147000117, 43.608097076000149 ], [ 28.058183671000108, 43.609802246000186 ], [ 28.053453446000162, 43.616619110000045 ], [ 28.049650193000161, 43.621547699000075 ], [ 28.048246383, 43.624961854000048 ], [ 28.045761109000068, 43.628929138000046 ], [ 28.042108535000182, 43.632202148000147 ], [ 28.039947509000115, 43.633743286000083 ], [ 28.036819457000092, 43.635726928000111 ], [ 28.033962251000105, 43.637470244999975 ], [ 28.031093597000108, 43.638809205000143 ], [ 28.024055481000062, 43.640403748000153 ], [ 28.019571304000181, 43.641094206999981 ], [ 28.01420021000007, 43.641853333000086 ], [ 28.007890701000179, 43.642852782000091 ], [ 28.001939773000174, 43.642730714000152 ], [ 27.995029449000072, 43.642173768000077 ], [ 27.988185883000142, 43.640792846000181 ], [ 27.986635208000166, 43.640232087000072 ], [ 27.985643387000096, 43.639858247000063 ], [ 27.982812880999973, 43.639366151 ], [ 27.980844497000191, 43.63841629 ], [ 27.976583481999967, 43.638004303000116 ], [ 27.973747254000159, 43.637958528000183 ], [ 27.971477508000135, 43.638080596000123 ], [ 27.969202041000017, 43.638435363000099 ], [ 27.965787888000079, 43.638843537000128 ], [ 27.963199615000065, 43.639846802000079 ], [ 27.961172105000173, 43.641231536000078 ], [ 27.959138870000061, 43.642623902000025 ], [ 27.954202651000116, 43.646106720000034 ], [ 27.947252273000061, 43.649524690000078 ], [ 27.942609787000151, 43.651718140000185 ], [ 27.9385242460001, 43.654071808000026 ], [ 27.936424255000134, 43.657352447000164 ], [ 27.93516159100011, 43.660999297999979 ], [ 27.934776306000117, 43.664169311000194 ], [ 27.934980392000114, 43.667095185000164 ], [ 27.935470581000118, 43.669788362000133 ], [ 27.935644149000098, 43.673782349000135 ], [ 27.934158324000123, 43.675346375000061 ], [ 27.931257248000122, 43.676124574000028 ], [ 27.92862892200003, 43.677104950000171 ], [ 27.925704955000128, 43.678070068000068 ], [ 27.921329498000034, 43.679065704000038 ], [ 27.918693542000085, 43.679580688000158 ], [ 27.911693574000026, 43.6812706 ], [ 27.903266906000169, 43.683017732000167 ], [ 27.896575928000061, 43.685344696000129 ], [ 27.89134788500013, 43.687210083000025 ], [ 27.886985779000156, 43.689460753999981 ], [ 27.884630203000143, 43.692066193000187 ], [ 27.883150101000069, 43.694026948000158 ], [ 27.880218506000062, 43.69687652600004 ], [ 27.875299453000139, 43.699798583000131 ], [ 27.869852066000135, 43.700828552000189 ], [ 27.86528015100015, 43.701831818000073 ], [ 27.860996246000184, 43.702835083000025 ], [ 27.859256744000106, 43.70458603000003 ], [ 27.857503892000011, 43.706977845000154 ], [ 27.856557845000168, 43.711460113999976 ], [ 27.856472016000112, 43.715488434000065 ], [ 27.856664658000057, 43.719947815000182 ], [ 27.856603622000137, 43.722705842000039 ], [ 27.856824875000086, 43.725673676000099 ], [ 27.856208801000093, 43.728458404000094 ], [ 27.856166838999968, 43.730175019000114 ], [ 27.855846404000033, 43.731887817000086 ], [ 27.854671479000046, 43.734477998000102 ], [ 27.847793579000154, 43.740051269000162 ], [ 27.842655181000055, 43.743858338000109 ], [ 27.837509155000077, 43.74872970600012 ], [ 27.83405685300005, 43.753326416000164 ], [ 27.832273482000062, 43.75959777800017 ], [ 27.82849311800004, 43.768287660000112 ], [ 27.826145172000111, 43.774787902000071 ], [ 27.825004577000186, 43.776760102000139 ], [ 27.822711944000105, 43.78006362900004 ], [ 27.819013596000161, 43.785118104000162 ], [ 27.812538147000055, 43.789844513000162 ], [ 27.806936265000161, 43.792602539000086 ], [ 27.802196503000062, 43.794239044000051 ], [ 27.798015594000049, 43.795886993000067 ], [ 27.794689179000102, 43.796417235999968 ], [ 27.791912079000156, 43.797790528000121 ], [ 27.790607452000131, 43.798820496000076 ], [ 27.78967475900015, 43.799568176000093 ], [ 27.788820266000073, 43.801528930000131 ], [ 27.788507461, 43.8036956790001 ], [ 27.788478852000026, 43.805633545000035 ], [ 27.788707733000081, 43.808631898000044 ], [ 27.789777756000035, 43.8105430600001 ], [ 27.791963578000093, 43.811981202000084 ], [ 27.793867110000178, 43.813648223000087 ], [ 27.795501709000177, 43.81555175699998 ], [ 27.796276093000131, 43.819190980000087 ], [ 27.795955658000139, 43.822006225000052 ], [ 27.795923234000156, 43.823951721000128 ], [ 27.797000885000045, 43.82608795100009 ], [ 27.798616410000193, 43.829055787000186 ], [ 27.800964355000076, 43.832656861000089 ], [ 27.804828644000111, 43.834926605000078 ], [ 27.808149336999975, 43.836353302000134 ], [ 27.811479568000095, 43.837783814000147 ], [ 27.814237595000122, 43.839668275 ], [ 27.815313340000046, 43.842880250000121 ], [ 27.81748771700012, 43.846530914000027 ], [ 27.823627472000169, 43.848079682000105 ], [ 27.827798843000096, 43.850341797000112 ], [ 27.831705093000153, 43.851520538000045 ], [ 27.835052490000123, 43.852722169000117 ], [ 27.837846756000033, 43.853713990000188 ], [ 27.839775086000088, 43.856273651000151 ], [ 27.840839386000027, 43.860168458000089 ], [ 27.841333389000113, 43.86451721200018 ], [ 27.841005326000072, 43.867378236000093 ], [ 27.841529846000128, 43.869987488000163 ], [ 27.843469619000132, 43.871677400000181 ], [ 27.847345351000172, 43.875469208000027 ], [ 27.851219177000075, 43.87904358000003 ], [ 27.855070113000181, 43.884361267000088 ], [ 27.85585403500005, 43.887611389000085 ], [ 27.855718613000192, 43.893646239000077 ], [ 27.856742859000065, 43.898532868000189 ], [ 27.854976653999984, 43.901126862000069 ], [ 27.855899812000189, 43.904102326000043 ], [ 27.854753493000089, 43.907577515000071 ], [ 27.854997635000075, 43.909755707000159 ], [ 27.852766037000151, 43.915382385000157 ], [ 27.850410462000013, 43.92208862200016 ], [ 27.845340729000043, 43.92649841399998 ], [ 27.840980530000138, 43.930377959999987 ], [ 27.836669921000066, 43.935806275000175 ], [ 27.834384919000058, 43.940639496000131 ], [ 27.833461761000024, 43.942539215000181 ], [ 27.824331283000049, 43.964729310000109 ], [ 27.825649262000127, 43.964870454000049 ], [ 27.828502655000079, 43.965145112000187 ], [ 27.830184937000183, 43.965290069000048 ], [ 27.831224441000188, 43.965400696000017 ], [ 27.833681106000142, 43.965591431000121 ], [ 27.835363386999973, 43.965785980000135 ], [ 27.840158462000147, 43.966175080000141 ], [ 27.84495544400005, 43.966663361000144 ], [ 27.847162247000142, 43.967922210000097 ], [ 27.849271774000158, 43.969112396000185 ], [ 27.850646973000153, 43.969921113000055 ], [ 27.851697922000142, 43.970500946000129 ], [ 27.853179932000046, 43.971397400000058 ], [ 27.857429504000095, 43.973789215000181 ], [ 27.861093520000054, 43.975883485000054 ], [ 27.863565446000109, 43.977329255000143 ], [ 27.865379334000068, 43.978351593000184 ], [ 27.868129730000078, 43.979904176000105 ], [ 27.870498657999974, 43.981288911000036 ], [ 27.873655319000136, 43.983093263000114 ], [ 27.874740600000166, 43.983722688000057 ], [ 27.875007630000027, 43.983722688000057 ], [ 27.877363205000165, 43.985084534000123 ], [ 27.881528855000056, 43.987487794000174 ], [ 27.882604598000114, 43.9881095880001 ], [ 27.884288787000116, 43.989070893000189 ], [ 27.885232926000185, 43.989608766000174 ], [ 27.886802673000147, 43.990482330000134 ], [ 27.887758255000165, 43.991024017000143 ], [ 27.889049530000136, 43.991714477000073 ], [ 27.890350341000044, 43.992530823000095 ], [ 27.892795563, 43.993907930000091 ], [ 27.894416809000063, 43.994823455000073 ], [ 27.895111084, 43.995258331000173 ], [ 27.897497176000115, 43.996623992000082 ], [ 27.900281906000089, 43.998199463000162 ], [ 27.901319503000082, 43.998752594 ], [ 27.902660370000092, 43.999534606000054 ], [ 27.90328407200019, 44.0 ], [ 27.90661430300014, 44.001914978000173 ], [ 27.908752441000104, 44.003067017000035 ], [ 27.910091401000045, 44.003829957000107 ], [ 27.912712097000167, 44.005321502000129 ], [ 27.913881301000117, 44.00599670400004 ], [ 27.915943144999972, 44.007186890000128 ], [ 27.918294906000142, 44.00849533100012 ], [ 27.92027092100011, 44.006820680000033 ], [ 27.922620773000062, 44.004798890000075 ], [ 27.923482894000074, 44.004070281000111 ], [ 27.924898148000125, 44.002830506000066 ], [ 27.925802230000102, 44.002014160000044 ], [ 27.928207398000154, 43.999996185000157 ], [ 27.930030823000152, 43.99834823600014 ], [ 27.932168961000116, 43.996501924000142 ], [ 27.932260513000074, 43.9964027420001 ], [ 27.933311462000063, 43.995483399000136 ], [ 27.935510635000014, 43.9936409 ], [ 27.936929704000136, 43.992458344000056 ], [ 27.937507629000095, 43.992126464000137 ], [ 27.93904113800005, 43.99079894900018 ], [ 27.940607070999988, 43.989475250000169 ], [ 27.943357468000102, 43.987091065000129 ], [ 27.945737839000174, 43.985065461000033 ], [ 27.946352005000165, 43.982124328000168 ], [ 27.946828843, 43.98027801600017 ], [ 27.947301865000099, 43.978332520000095 ], [ 27.947748183000044, 43.976058961000035 ], [ 27.948163985000178, 43.974010468000074 ], [ 27.948820114, 43.971225739000147 ], [ 27.949092864000193, 43.970008850000113 ], [ 27.949279785000101, 43.969177246000072 ], [ 27.949895859000094, 43.966300964000084 ], [ 27.950504303000173, 43.963668822999978 ], [ 27.951139450000085, 43.960750581000127 ], [ 27.95162391700012, 43.958332063000057 ], [ 27.951795578000031, 43.957527160000154 ], [ 27.951969146000181, 43.95664215100004 ], [ 27.952098847000116, 43.956073762000131 ], [ 27.952188491000072, 43.955406188000154 ], [ 27.953010560000166, 43.952033998000047 ], [ 27.953624725999987, 43.949222566000117 ], [ 27.954307556000174, 43.946037291999971 ], [ 27.954948426000101, 43.943256379000047 ], [ 27.955539703000113, 43.940422059000184 ], [ 27.957431792000079, 43.937057496000079 ], [ 27.959304810000106, 43.933753968000076 ], [ 27.961175918000038, 43.930442811000148 ], [ 27.961917877000076, 43.929138185 ], [ 27.962907791000077, 43.927448273000152 ], [ 27.963012696000135, 43.927162170000031 ], [ 27.963354110000125, 43.926670074000185 ], [ 27.96339607200008, 43.92649078300019 ], [ 27.963483811000117, 43.926338196000074 ], [ 27.963823319000142, 43.925785065000071 ], [ 27.964406967000116, 43.924781800000062 ], [ 27.964462281000067, 43.924640656000122 ], [ 27.965223312000091, 43.923309327000027 ], [ 27.965852737000034, 43.922225953000066 ], [ 27.966918944000042, 43.920337677000191 ], [ 27.96878623900011, 43.91701507700003 ], [ 27.968906402000187, 43.916664123000146 ], [ 27.969562530000132, 43.915630342000156 ], [ 27.970668791999969, 43.913661957000102 ], [ 27.972568511000077, 43.910312653000062 ], [ 27.974481583000056, 43.906940460000044 ], [ 27.97634124800004, 43.903614044000165 ], [ 27.977739334000034, 43.901214599000127 ], [ 27.978807449000044, 43.897663117000093 ], [ 27.979915618000177, 43.894130706999988 ], [ 27.981025695000085, 43.890617370000029 ], [ 27.982141495000064, 43.887065888000166 ], [ 27.984111784999982, 43.880706788000168 ], [ 27.98455238300005, 43.87937164300007 ], [ 27.98519897500006, 43.87725830100004 ], [ 27.985622406, 43.875885010000161 ], [ 27.9857578270001, 43.875270843000067 ], [ 27.98576545700007, 43.875000000000114 ], [ 27.986013412000034, 43.874366761000033 ], [ 27.986171722000165, 43.873847962000184 ], [ 27.987293244000057, 43.870304108000084 ], [ 27.987926483000138, 43.868259430000194 ], [ 27.98839759800012, 43.866790771000069 ], [ 27.98877334600013, 43.865470886000026 ], [ 27.989360808000072, 43.863590241000111 ], [ 27.989681243, 43.862461090000068 ], [ 27.989810944, 43.862163544000111 ], [ 27.989864349000072, 43.861968995000097 ], [ 27.990200043000129, 43.860649108000075 ], [ 27.990665437000132, 43.859413148000101 ], [ 27.991191864000029, 43.857624054000041 ], [ 27.992017745000112, 43.855033875000061 ], [ 27.992574691000186, 43.853221893000068 ], [ 27.992895126000121, 43.852260590000185 ], [ 27.993244170000025, 43.851039888000059 ], [ 27.994089127000052, 43.848419190000129 ], [ 27.995018006000066, 43.845191956000122 ], [ 27.995683670000119, 43.843154908000145 ], [ 27.999128341000073, 43.842220307000161 ], [ 28.000007630000084, 43.841957092000143 ], [ 28.003828049000106, 43.84085846 ], [ 28.004989623000085, 43.84055328400018 ], [ 28.005973816999983, 43.840274811000143 ], [ 28.009027482000135, 43.839427949000026 ], [ 28.010246277000192, 43.839130402000194 ], [ 28.010774612000148, 43.838977815000078 ], [ 28.013652802000081, 43.838165284000127 ], [ 28.017259598000066, 43.837158202000069 ], [ 28.019998551000128, 43.836101533000146 ], [ 28.023361206000061, 43.834789276000038 ], [ 28.027004242000032, 43.833332063000171 ], [ 28.027114868000126, 43.83327102700008 ], [ 28.029819489000033, 43.832218171000193 ], [ 28.032640456000081, 43.831165314000032 ], [ 28.035980225000117, 43.82985687300004 ], [ 28.039220810000074, 43.828598023000154 ], [ 28.041746140000157, 43.827587129000165 ], [ 28.045288086000085, 43.826160432000165 ], [ 28.047883988000137, 43.825187684000127 ], [ 28.050643920000027, 43.824150084999985 ], [ 28.055076600000177, 43.822299958000144 ], [ 28.056678773000158, 43.821765901000106 ], [ 28.059232712000153, 43.820693971000026 ], [ 28.062507629000152, 43.819507600000179 ], [ 28.063190460000044, 43.819248200000061 ], [ 28.066244126000129, 43.81803131099997 ], [ 28.069810868000161, 43.816574098000103 ], [ 28.072227479000048, 43.815612793000071 ], [ 28.07403755100006, 43.814891816 ], [ 28.076995850000117, 43.813667297000052 ], [ 28.079099656000096, 43.812854766000044 ], [ 28.081148147000022, 43.812030792000087 ], [ 28.08262443600006, 43.811431884000115 ], [ 28.083986282000126, 43.810890199000141 ], [ 28.086683274000166, 43.809818268000186 ], [ 28.08913993900012, 43.808834075000163 ], [ 28.09197998000019, 43.807678223000096 ], [ 28.093540192000148, 43.807067872000175 ], [ 28.094493867000097, 43.806686402000025 ], [ 28.095746994000137, 43.806182861000025 ], [ 28.097333908000167, 43.805557251000153 ], [ 28.097967148000123, 43.805301667000094 ], [ 28.099937440000076, 43.804515838000043 ], [ 28.102828980000083, 43.803371429000094 ], [ 28.104412079000042, 43.802722931000119 ], [ 28.106987, 43.801666259000058 ], [ 28.109060287000091, 43.800827027000082 ], [ 28.110763550000058, 43.800125122000168 ], [ 28.113597870000092, 43.798995972000171 ], [ 28.117416381000112, 43.797454834000064 ], [ 28.120229721000157, 43.796554565000065 ], [ 28.122955323000099, 43.795677186000034 ], [ 28.125007629000095, 43.795005799000194 ], [ 28.125741959000095, 43.794773101000089 ], [ 28.129179000000136, 43.793663024000182 ], [ 28.132665634000148, 43.792572021000069 ], [ 28.133333207000078, 43.79235458300019 ], [ 28.133361816000047, 43.792404175000058 ], [ 28.13435363800005, 43.793560029000105 ], [ 28.141983032000155, 43.791225433000193 ], [ 28.155017853000118, 43.78762435900012 ], [ 28.175188064000054, 43.782024384000181 ], [ 28.187257767000119, 43.780990600000052 ], [ 28.191379547000111, 43.780639649000079 ], [ 28.208385467000141, 43.775714875000119 ], [ 28.22627067500008, 43.770420075000061 ], [ 28.22699546900003, 43.770206452000025 ], [ 28.228013992000172, 43.770053863000101 ], [ 28.254518508000046, 43.766059876000156 ], [ 28.315263747000017, 43.760185243000194 ], [ 28.350097657000049, 43.755512239000097 ], [ 28.378694535000079, 43.74978256300011 ], [ 28.380210876000035, 43.746746063000046 ], [ 28.380201340000156, 43.746715547000179 ], [ 28.38199424700008, 43.746376038000051 ], [ 28.385419845000172, 43.74576187200006 ], [ 28.388099670000145, 43.74521255600007 ], [ 28.391649247000089, 43.744560241000045 ], [ 28.395206451000092, 43.743892670000093 ], [ 28.398765565000076, 43.743232728000066 ], [ 28.402214049000122, 43.742534638 ], [ 28.405916215000161, 43.741817475000119 ], [ 28.409511566000049, 43.741153716000156 ], [ 28.410871504999989, 43.74086380000017 ], [ 28.412954330000105, 43.740478517000156 ], [ 28.416538237999987, 43.739807128000109 ], [ 28.420011521000049, 43.739158630000134 ], [ 28.423471450000079, 43.738494874000082 ], [ 28.426969529000075, 43.737819672000171 ], [ 28.429197311000166, 43.737415313000042 ], [ 28.430461883000191, 43.737171174000139 ], [ 28.433179855000162, 43.736629486000083 ], [ 28.436555863000081, 43.736019135000163 ], [ 28.437076568000123, 43.735939027000086 ], [ 28.436861038000188, 43.736385345000087 ], [ 28.43664169300007, 43.736862183000085 ], [ 28.436431885000161, 43.737339020000036 ], [ 28.436229706000177, 43.737819672000171 ], [ 28.436035156000059, 43.738300325000068 ], [ 28.435890197000106, 43.738677978000112 ], [ 28.440818786000136, 43.738117219000173 ], [ 28.469827652000106, 43.735637665000183 ], [ 28.470033645000171, 43.735622407000164 ], [ 28.46708488400003, 43.733837128000175 ], [ 28.454219819, 43.727306367000097 ], [ 28.451744080000083, 43.725662232000047 ], [ 28.449575424000045, 43.724418640000181 ], [ 28.445854187000123, 43.722370148000152 ], [ 28.441087723000066, 43.721111297000164 ], [ 28.435918808000054, 43.719863891000159 ], [ 28.431659699000193, 43.718627930000139 ], [ 28.428413392000039, 43.716224670000031 ], [ 28.427818299000137, 43.713108062000117 ], [ 28.427785873000118, 43.711551666000105 ], [ 28.428113938000138, 43.709445953000056 ], [ 28.428262710000013, 43.70846176200007 ], [ 28.429271697000104, 43.706565858000033 ], [ 28.42975425700007, 43.703880310000102 ], [ 28.429748535000158, 43.699638366000102 ], [ 28.427291869999976, 43.695644379000157 ], [ 28.424358367000025, 43.692428590000077 ], [ 28.421373367000115, 43.68999481100002 ], [ 28.417257309000092, 43.687572480000085 ], [ 28.40724372800014, 43.684013366000102 ], [ 28.40054512100005, 43.68042755100015 ], [ 28.395320891000154, 43.676967621000074 ], [ 28.393507004000071, 43.674259186000029 ], [ 28.391189575000112, 43.669593811000141 ], [ 28.391014099000131, 43.669231416000059 ], [ 28.386985778000167, 43.668090820000032 ], [ 28.375007629000038, 43.668106078000051 ], [ 28.369796753000173, 43.667346955000028 ], [ 28.360958099000186, 43.663505555000143 ], [ 28.356712342000151, 43.660430908000023 ], [ 28.353078842000116, 43.65811920200008 ], [ 28.34886169400005, 43.656215668000129 ], [ 28.342369080000026, 43.656257630000084 ], [ 28.336530686000117, 43.658210754000038 ], [ 28.330650331000186, 43.660179139000093 ], [ 28.325340272000062, 43.662513732999969 ], [ 28.321680068000092, 43.662540435000039 ], [ 28.318058013000154, 43.662929535000103 ], [ 28.314382553000144, 43.66254806500018 ], [ 28.31245613100009, 43.661384582999972 ], [ 28.312210084000071, 43.657142639000028 ], [ 28.313064574000066, 43.651367188999984 ], [ 28.313999176000152, 43.647129060000054 ], [ 28.314895630000024, 43.642505646000188 ], [ 28.314594268000178, 43.638668061000146 ], [ 28.313121795000086, 43.63559723000003 ], [ 28.30788993900012, 43.631786346000183 ], [ 28.302755356000091, 43.629508972000053 ], [ 28.293193818000134, 43.62647247200016 ], [ 28.289318084000115, 43.624572753000109 ], [ 28.288694382000187, 43.624519348000035 ], [ 28.286401750000039, 43.623889923999968 ], [ 28.283740998000155, 43.623046874000067 ], [ 28.280092239000169, 43.622837067000034 ], [ 28.277156829000091, 43.622943879000161 ], [ 28.274953843000048, 43.623470307000161 ], [ 28.269254684000032, 43.626029969000058 ], [ 28.266119004000132, 43.628261566000049 ], [ 28.264043807000121, 43.630802155000026 ], [ 28.261024476000159, 43.632392884000069 ], [ 28.259183884000095, 43.633346557000039 ], [ 28.255653381000116, 43.63504409899997 ], [ 28.252046585000073, 43.635471344000052 ], [ 28.248245239000141, 43.635242463000054 ], [ 28.245685577000131, 43.635456086000033 ], [ 28.241830826000125, 43.637149810000039 ], [ 28.238426209000068, 43.637557984000068 ], [ 28.235183715000176, 43.637027742000043 ], [ 28.23309135400018, 43.635116577000133 ], [ 28.233026504000122, 43.632560730000137 ], [ 28.233987809000155, 43.630977631000121 ], [ 28.235765457000184, 43.628753662000065 ], [ 28.237537385000053, 43.626205444999982 ], [ 28.239505767000026, 43.624408723000045 ], [ 28.241294861000085, 43.622829437000064 ], [ 28.24257278400006, 43.620605470000044 ], [ 28.24250984300005, 43.61837005700005 ], [ 28.241809845000091, 43.616577149000022 ], [ 28.239154816000053, 43.614246369000114 ], [ 28.237028121000037, 43.612751007000043 ], [ 28.23431396400008, 43.611801147000108 ], [ 28.230854034000117, 43.610191345000146 ], [ 28.228044510000188, 43.608806610000045 ], [ 28.224275589, 43.607406616000048 ], [ 28.222902297000076, 43.605693818000077 ], [ 28.221712113000024, 43.602485658000035 ], [ 28.221759796000129, 43.600589752000189 ], [ 28.222484589000146, 43.597190857000044 ], [ 28.224750518000178, 43.594341279 ], [ 28.226863860000037, 43.591598511000086 ], [ 28.228939057000048, 43.589809419000062 ], [ 28.231491089000031, 43.587718963999976 ], [ 28.234529494000128, 43.584991456000125 ], [ 28.238496780000105, 43.582489013999975 ], [ 28.241214752000133, 43.579219818000013 ], [ 28.243312835999973, 43.575859070000149 ], [ 28.243518830000141, 43.572784424000133 ], [ 28.243099213000164, 43.57003402700019 ], [ 28.242677688000185, 43.567367555000033 ], [ 28.24147415200008, 43.565227510000113 ], [ 28.239948273000039, 43.563625334999983 ], [ 28.238580704000128, 43.562229157000104 ], [ 28.236597061000055, 43.560489655000083 ], [ 28.233837127000129, 43.558849336000151 ], [ 28.231077195000069, 43.557312011000079 ], [ 28.224601746000076, 43.556022644000052 ], [ 28.220567703000029, 43.555934907000164 ], [ 28.217472077000025, 43.555751801000099 ], [ 28.215774535000094, 43.55550765900017 ] ] ] ] } },
{ "type": "Feature", "properties": { "fid": 32, "GID_2": "BGR.3.5_1", "GID_0": "BGR", "COUNTRY": "Bulgaria", "GID_1": "BGR.3_1", "NAME_1": "Dobrich", "NL_NAME_1": "Добрич", "NAME_2": "Kavarna", "VARNAME_2": "Cavarna", "NL_NAME_2": "Каварна", "TYPE_2": "Obshtina", "ENGTYPE_2": "Municipality", "CC_2": "NA", "HASC_2": "BG.DO.KA" }, "geometry": { "type": "MultiPolygon", "coordinates": [ [ [ [ 28.235404968000125, 43.404304504000152 ], [ 28.234891891000188, 43.408195496000076 ], [ 28.234544755000059, 43.41523742600009 ], [ 28.234825135000165, 43.419727327000032 ], [ 28.235685348, 43.427455902000077 ], [ 28.236862183000142, 43.430690766000055 ], [ 28.238336563000075, 43.433723450000173 ], [ 28.239223479000145, 43.436111450000055 ], [ 28.240396498999985, 43.438915253000118 ], [ 28.242467881000152, 43.44218063400001 ], [ 28.243928910000136, 43.445426941000107 ], [ 28.245710373, 43.448459626000158 ], [ 28.248376846000099, 43.450878144000058 ], [ 28.251041413000053, 43.453941345000089 ], [ 28.253709793000041, 43.456981660000054 ], [ 28.256660461000081, 43.460037231000172 ], [ 28.258436202000041, 43.46220016500007 ], [ 28.261405946000082, 43.464805604000105 ], [ 28.264947892000066, 43.467224122000175 ], [ 28.267896653000037, 43.468536377000135 ], [ 28.271736145000091, 43.470729829000106 ], [ 28.274400710000066, 43.473526 ], [ 28.276752473000045, 43.475467681000055 ], [ 28.278242110000122, 43.477394104000041 ], [ 28.279420853000033, 43.478889466000112 ], [ 28.280021668000074, 43.480377197 ], [ 28.280916213000125, 43.482509614000151 ], [ 28.281520844000113, 43.484420776000036 ], [ 28.28212165900004, 43.487388612000075 ], [ 28.281251908000058, 43.489292144 ], [ 28.27949333100014, 43.490760803000114 ], [ 28.276252747000058, 43.493492126000092 ], [ 28.271800995000149, 43.496841430000075 ], [ 28.268821716000105, 43.498908997000171 ], [ 28.267021179000096, 43.501010896000082 ], [ 28.265522004000104, 43.502693177000083 ], [ 28.263113021000038, 43.50477981500012 ], [ 28.261602403000097, 43.506450653000115 ], [ 28.258871078000141, 43.509586335000051 ], [ 28.256141662000061, 43.511875152000187 ], [ 28.250343323000038, 43.515174867000098 ], [ 28.244855881000035, 43.516754150999986 ], [ 28.240888595000058, 43.517093659000011 ], [ 28.236268998000185, 43.519748689000153 ], [ 28.231952668000076, 43.521766663000164 ], [ 28.230083466000167, 43.523429871000076 ], [ 28.226909637000176, 43.528686522999976 ], [ 28.224679947000084, 43.532676697000113 ], [ 28.223310471000104, 43.53839874300013 ], [ 28.222007752000081, 43.541564941000104 ], [ 28.220373153000082, 43.545158387000072 ], [ 28.218341828000121, 43.552158355000131 ], [ 28.217357635000155, 43.554042816 ], [ 28.215774535000094, 43.55550765900017 ], [ 28.217472077000025, 43.555751801000099 ], [ 28.220567703000029, 43.555934907000164 ], [ 28.224601746000076, 43.556022644000052 ], [ 28.231077195000069, 43.557312011000079 ], [ 28.233837127000129, 43.558849336000151 ], [ 28.236597061000055, 43.560489655000083 ], [ 28.238580704000128, 43.562229157000104 ], [ 28.239948273000039, 43.563625334999983 ], [ 28.24147415200008, 43.565227510000113 ], [ 28.242677688000185, 43.567367555000033 ], [ 28.243099213000164, 43.57003402700019 ], [ 28.243518830000141, 43.572784424000133 ], [ 28.243312835999973, 43.575859070000149 ], [ 28.241214752000133, 43.579219818000013 ], [ 28.238496780000105, 43.582489013999975 ], [ 28.234529494000128, 43.584991456000125 ], [ 28.231491089000031, 43.587718963999976 ], [ 28.228939057000048, 43.589809419000062 ], [ 28.226863860000037, 43.591598511000086 ], [ 28.224750518000178, 43.594341279 ], [ 28.222484589000146, 43.597190857000044 ], [ 28.221759796000129, 43.600589752000189 ], [ 28.221712113000024, 43.602485658000035 ], [ 28.222902297000076, 43.605693818000077 ], [ 28.224275589, 43.607406616000048 ], [ 28.228044510000188, 43.608806610000045 ], [ 28.230854034000117, 43.610191345000146 ], [ 28.23431396400008, 43.611801147000108 ], [ 28.237028121000037, 43.612751007000043 ], [ 28.239154816000053, 43.614246369000114 ], [ 28.241809845000091, 43.616577149000022 ], [ 28.24250984300005, 43.61837005700005 ], [ 28.24257278400006, 43.620605470000044 ], [ 28.241294861000085, 43.622829437000064 ], [ 28.239505767000026, 43.624408723000045 ], [ 28.237537385000053, 43.626205444999982 ], [ 28.235765457000184, 43.628753662000065 ], [ 28.233987809000155, 43.630977631000121 ], [ 28.233026504000122, 43.632560730000137 ], [ 28.23309135400018, 43.635116577000133 ], [ 28.235183715000176, 43.637027742000043 ], [ 28.238426209000068, 43.637557984000068 ], [ 28.241830826000125, 43.637149810000039 ], [ 28.245685577000131, 43.635456086000033 ], [ 28.248245239000141, 43.635242463000054 ], [ 28.252046585000073, 43.635471344000052 ], [ 28.255653381000116, 43.63504409899997 ], [ 28.259183884000095, 43.633346557000039 ], [ 28.261024476000159, 43.632392884000069 ], [ 28.264043807000121, 43.630802155000026 ], [ 28.266119004000132, 43.628261566000049 ], [ 28.269254684000032, 43.626029969000058 ], [ 28.274953843000048, 43.623470307000161 ], [ 28.277156829000091, 43.622943879000161 ], [ 28.280092239000169, 43.622837067000034 ], [ 28.283740998000155, 43.623046874000067 ], [ 28.286401750000039, 43.623889923999968 ], [ 28.288694382000187, 43.624519348000035 ], [ 28.289318084000115, 43.624572753000109 ], [ 28.293193818000134, 43.62647247200016 ], [ 28.302755356000091, 43.629508972000053 ], [ 28.30788993900012, 43.631786346000183 ], [ 28.313121795000086, 43.63559723000003 ], [ 28.314594268000178, 43.638668061000146 ], [ 28.314895630000024, 43.642505646000188 ], [ 28.313999176000152, 43.647129060000054 ], [ 28.313064574000066, 43.651367188999984 ], [ 28.312210084000071, 43.657142639000028 ], [ 28.31245613100009, 43.661384582999972 ], [ 28.314382553000144, 43.66254806500018 ], [ 28.318058013000154, 43.662929535000103 ], [ 28.321680068000092, 43.662540435000039 ], [ 28.325340272000062, 43.662513732999969 ], [ 28.330650331000186, 43.660179139000093 ], [ 28.336530686000117, 43.658210754000038 ], [ 28.342369080000026, 43.656257630000084 ], [ 28.34886169400005, 43.656215668000129 ], [ 28.353078842000116, 43.65811920200008 ], [ 28.356712342000151, 43.660430908000023 ], [ 28.360958099000186, 43.663505555000143 ], [ 28.369796753000173, 43.667346955000028 ], [ 28.375007629000038, 43.668106078000051 ], [ 28.386985778000167, 43.668090820000032 ], [ 28.391014099000131, 43.669231416000059 ], [ 28.391189575000112, 43.669593811000141 ], [ 28.391868592000037, 43.669433593000178 ], [ 28.394672393000121, 43.669036864000134 ], [ 28.397209167000085, 43.669025421000185 ], [ 28.399749756000062, 43.669025421000185 ], [ 28.405929566000111, 43.669570924000084 ], [ 28.408477783000023, 43.669769288000168 ], [ 28.416004181000119, 43.671283722000055 ], [ 28.421722413000055, 43.671123505000025 ], [ 28.426082610000151, 43.671257018000176 ], [ 28.42907714800009, 43.670619966000061 ], [ 28.431495665999989, 43.670379639000146 ], [ 28.433893204000128, 43.670135498000093 ], [ 28.436248779000096, 43.669525147000115 ], [ 28.438610077000078, 43.66835403500005 ], [ 28.440734864000092, 43.666416169000115 ], [ 28.442432404000044, 43.663497925000058 ], [ 28.442325591000156, 43.661396026000148 ], [ 28.443504334000068, 43.659778595000148 ], [ 28.445339203000117, 43.658401489000084 ], [ 28.44743537800008, 43.655715943000132 ], [ 28.449674606000087, 43.653812408000078 ], [ 28.451047897000137, 43.652023315000122 ], [ 28.452615738000077, 43.65025329600013 ], [ 28.45378494300013, 43.648075104000043 ], [ 28.454368591000105, 43.645084382 ], [ 28.454132080000136, 43.642208100000062 ], [ 28.453514097999971, 43.638931274000186 ], [ 28.452722549000157, 43.63545227100019 ], [ 28.452005387000099, 43.631420136000088 ], [ 28.451757431000033, 43.629318238000053 ], [ 28.451786041999981, 43.626304627000025 ], [ 28.454509735000045, 43.623287201000153 ], [ 28.456510544000139, 43.621173859000066 ], [ 28.458379746000048, 43.61828994900003 ], [ 28.46062850900006, 43.6152305600001 ], [ 28.461570740000127, 43.613399507000054 ], [ 28.462587356000029, 43.610832214000141 ], [ 28.462766647000024, 43.608757019000109 ], [ 28.461387634000062, 43.606605531000127 ], [ 28.460130691000074, 43.605026244999976 ], [ 28.457782746000021, 43.604335785000046 ], [ 28.451267243000132, 43.603679657000157 ], [ 28.446510315000012, 43.603004455000075 ], [ 28.444650650000085, 43.601516723000032 ], [ 28.442476273000011, 43.599170685000104 ], [ 28.441757202000133, 43.596824646000073 ], [ 28.441263199000048, 43.595386505000192 ], [ 28.439737320000177, 43.593269349000138 ], [ 28.434415818000048, 43.59019470200019 ], [ 28.425647735000098, 43.586559297000065 ], [ 28.420101165, 43.582412720000093 ], [ 28.418787002999977, 43.579959870000152 ], [ 28.418289185000049, 43.577693938999971 ], [ 28.418638229000123, 43.57580185 ], [ 28.418752669000185, 43.574283599000069 ], [ 28.419662477000145, 43.572780609000063 ], [ 28.421083451000129, 43.571071626000162 ], [ 28.424106598000037, 43.570224762000066 ], [ 28.430887223000184, 43.568706513000109 ], [ 28.437236785000096, 43.567893982000157 ], [ 28.443300246999968, 43.566955566000104 ], [ 28.444246291000127, 43.5662117010001 ], [ 28.446214676000181, 43.565940858000033 ], [ 28.445795058999977, 43.563835144000052 ], [ 28.445753097000079, 43.561660767000149 ], [ 28.443748473000142, 43.559574127000189 ], [ 28.438257218000103, 43.555412291999971 ], [ 28.431838990000188, 43.551235199000132 ], [ 28.425615311000115, 43.548046112000179 ], [ 28.421768188000044, 43.544086457 ], [ 28.418712615000061, 43.542953491000048 ], [ 28.414873123000177, 43.539760589000025 ], [ 28.412223816000107, 43.537864684999988 ], [ 28.40925788900006, 43.53562164300007 ], [ 28.406282425000086, 43.533542633000138 ], [ 28.404392242000085, 43.531471253000177 ], [ 28.403316498000095, 43.529212952000137 ], [ 28.403127670000117, 43.527519226000152 ], [ 28.403097153000147, 43.524707794000051 ], [ 28.404037475000166, 43.523006439000028 ], [ 28.405937194000046, 43.520198822000168 ], [ 28.408536911000112, 43.518688202000078 ], [ 28.411098480000078, 43.516986847000055 ], [ 28.412893295000117, 43.515876770000148 ], [ 28.416847229999973, 43.514724731000115 ], [ 28.422515868000062, 43.515090943000075 ], [ 28.42836761500007, 43.51545715300017 ], [ 28.452503203000106, 43.520412444999977 ], [ 28.458925247000138, 43.52189254700005 ], [ 28.464365006000037, 43.523941040000182 ], [ 28.466623307000077, 43.524364472000059 ], [ 28.468784331, 43.524261475000174 ], [ 28.472902299000054, 43.523498535000101 ], [ 28.474882127000058, 43.522476196000127 ], [ 28.478311538000071, 43.520252227000071 ], [ 28.479387283000165, 43.518119812000123 ], [ 28.481285095000146, 43.514827728000057 ], [ 28.483585357000038, 43.510719300000119 ], [ 28.484212876000186, 43.508228302000077 ], [ 28.485874177000085, 43.504684448000091 ], [ 28.487739562000115, 43.502452851000101 ], [ 28.489574433000143, 43.500034332000098 ], [ 28.49101829500006, 43.497810363000042 ], [ 28.493076324000072, 43.495910644000162 ], [ 28.494937897, 43.494781494000165 ], [ 28.498868943000048, 43.493816376000098 ], [ 28.501989365000099, 43.492706299000133 ], [ 28.504512788000056, 43.492034912000122 ], [ 28.507053375000055, 43.491340637000121 ], [ 28.509403229000156, 43.490463256999988 ], [ 28.511371612000062, 43.489253997000162 ], [ 28.513355255000135, 43.487445832 ], [ 28.516046523000057, 43.484378814000081 ], [ 28.518526077000047, 43.482875824000075 ], [ 28.521196365000151, 43.481906891000108 ], [ 28.524866104000125, 43.481586456000173 ], [ 28.528614044999983, 43.4815979010001 ], [ 28.532762527000045, 43.47988510100015 ], [ 28.536594391000051, 43.479465486000151 ], [ 28.539905549000082, 43.479106904000162 ], [ 28.543640136000079, 43.476535796000064 ], [ 28.547691346000079, 43.474563599000021 ], [ 28.552827835000073, 43.473957063000114 ], [ 28.554388047000032, 43.472393037000018 ], [ 28.55713272100013, 43.472145081000122 ], [ 28.566055297000105, 43.472995758000081 ], [ 28.570806504000018, 43.472366333000139 ], [ 28.570972442000084, 43.472370147999982 ], [ 28.570972442000084, 43.47211456399998 ], [ 28.570972442000084, 43.472084045000031 ], [ 28.570693969000047, 43.472084045000031 ], [ 28.570693969000047, 43.471744537 ], [ 28.570693969000047, 43.471527099000127 ], [ 28.570531844000072, 43.471527099000127 ], [ 28.570417404000182, 43.471527099000127 ], [ 28.570417404000182, 43.471374512000068 ], [ 28.570417404000182, 43.47124862600009 ], [ 28.570322036999983, 43.47124862600009 ], [ 28.570138931000145, 43.47124862600009 ], [ 28.570138931000145, 43.471004487000073 ], [ 28.570138931000145, 43.470695495000086 ], [ 28.569908142000145, 43.470695495000086 ], [ 28.569860458000107, 43.470695495000086 ], [ 28.569860458000107, 43.470634460000099 ], [ 28.569860458000107, 43.470417022000049 ], [ 28.569698335000112, 43.470417022000049 ], [ 28.569583892000139, 43.470417022000049 ], [ 28.569583892000139, 43.470264435000104 ], [ 28.569583892000139, 43.469860076000145 ], [ 28.569305419000102, 43.469860076000145 ], [ 28.569305419000102, 43.469581605000144 ], [ 28.569070816000135, 43.469581605000144 ], [ 28.569026946000065, 43.469581605000144 ], [ 28.569026946000065, 43.469520570000157 ], [ 28.569026946000065, 43.469028472000105 ], [ 28.568750380999973, 43.469028472000105 ], [ 28.568750380999973, 43.468750001000046 ], [ 28.568471908000163, 43.468750001000046 ], [ 28.568471908000163, 43.468193055000143 ], [ 28.568195341999967, 43.468193055000143 ], [ 28.568195341999967, 43.467918397000176 ], [ 28.567916869000157, 43.467918397000176 ], [ 28.567916869000157, 43.467639924000139 ], [ 28.567638398000099, 43.467639924000139 ], [ 28.567638398000099, 43.467361451000102 ], [ 28.567405700000052, 43.467361451000102 ], [ 28.567361833000064, 43.467361451000102 ], [ 28.567361833000064, 43.467304231000185 ], [ 28.567361833000064, 43.467082978000064 ], [ 28.567195893000189, 43.467082978000064 ], [ 28.56680488700016, 43.467082978000064 ], [ 28.56680488700016, 43.466804505000027 ], [ 28.566528321000192, 43.466804505000027 ], [ 28.566528321000192, 43.466526032000161 ], [ 28.566249848000155, 43.466526032000161 ], [ 28.566249848000155, 43.466251374000194 ], [ 28.565971375000117, 43.466251374000194 ], [ 28.565971375000117, 43.465972901000157 ], [ 28.565694810000025, 43.465972901000157 ], [ 28.565694810000025, 43.46569442800012 ], [ 28.565416336999988, 43.46569442800012 ], [ 28.565416336999988, 43.465415955000083 ], [ 28.564861297999983, 43.465415955000083 ], [ 28.564861297999983, 43.465137482000046 ], [ 28.564582825000116, 43.465137482000046 ], [ 28.564582825000116, 43.464862824000022 ], [ 28.56430626000008, 43.464862824000022 ], [ 28.56430626000008, 43.464584350999985 ], [ 28.564027787000043, 43.464584350999985 ], [ 28.564027787000043, 43.464027405000081 ], [ 28.563749314000177, 43.464027405000081 ], [ 28.563749314000177, 43.463470459 ], [ 28.563472748000038, 43.463470459 ], [ 28.563472748000038, 43.46319580100004 ], [ 28.563194275000171, 43.46319580100004 ], [ 28.563194275000171, 43.462638855000137 ], [ 28.562915802000134, 43.462638855000137 ], [ 28.562915802000134, 43.462081909000062 ], [ 28.562639237000099, 43.462081909000062 ], [ 28.562639237000099, 43.461807251000096 ], [ 28.562360764000061, 43.461807251000096 ], [ 28.562360764000061, 43.461250305000192 ], [ 28.562084198000093, 43.461250305000192 ], [ 28.562084198000093, 43.460693359000118 ], [ 28.561805725000056, 43.460693359000118 ], [ 28.561805725000056, 43.460414886000081 ], [ 28.561527252000189, 43.460414886000081 ], [ 28.561527252000189, 43.459861755000077 ], [ 28.561250687000154, 43.459861755000077 ], [ 28.561250687000154, 43.45958328200004 ], [ 28.560972214000117, 43.45958328200004 ], [ 28.560972214000117, 43.459026336000136 ], [ 28.56069374100008, 43.459026336000136 ], [ 28.56069374100008, 43.458473205000075 ], [ 28.560417175000111, 43.458473205000075 ], [ 28.560417175000111, 43.458194732000038 ], [ 28.560138702000074, 43.458194732000038 ], [ 28.560138702000074, 43.457675935000054 ], [ 28.560138702000074, 43.45763778800017 ], [ 28.560108185000104, 43.45763778800017 ], [ 28.559860229000037, 43.45763778800017 ], [ 28.559860229000037, 43.457359315000133 ], [ 28.559583664000115, 43.457359315000133 ], [ 28.559583664000115, 43.457084655000131 ], [ 28.559305191000078, 43.457084655000131 ], [ 28.559305191000078, 43.45656585800009 ], [ 28.559305191000078, 43.456527711000035 ], [ 28.559276581000063, 43.456527711000035 ], [ 28.55902862500011, 43.456527711000035 ], [ 28.55902862500011, 43.456249238 ], [ 28.558750152000073, 43.456249238 ], [ 28.558750152000073, 43.455825806000178 ], [ 28.558750152000073, 43.454582215000187 ], [ 28.55902862500011, 43.454582215000187 ], [ 28.55902862500011, 43.453193665000072 ], [ 28.558750152000073, 43.453193665000072 ], [ 28.558750152000073, 43.452915192000034 ], [ 28.558471679000036, 43.452915192000034 ], [ 28.558471679000036, 43.452640534000068 ], [ 28.558195114000171, 43.452640534000068 ], [ 28.558195114000171, 43.452362061000031 ], [ 28.557916641000133, 43.452362061000031 ], [ 28.557916641000133, 43.451805115000127 ], [ 28.557638167, 43.451805115000127 ], [ 28.557638167, 43.45152664200009 ], [ 28.557361602000128, 43.45152664200009 ], [ 28.557361602000128, 43.450973511000029 ], [ 28.557083129000091, 43.450973511000029 ], [ 28.557083129000091, 43.450695038 ], [ 28.556804658000033, 43.450695038 ], [ 28.556804658000033, 43.450138092000088 ], [ 28.556528091000189, 43.450138092000088 ], [ 28.556528091000189, 43.449584961000085 ], [ 28.556249619000027, 43.449584961000085 ], [ 28.556249619000027, 43.449306488000047 ], [ 28.555973052000184, 43.449306488000047 ], [ 28.555973052000184, 43.448749542000144 ], [ 28.555694581000125, 43.448749542000144 ], [ 28.555694581000125, 43.448471069000107 ], [ 28.555416108000088, 43.448471069000107 ], [ 28.555416108000088, 43.447917938000103 ], [ 28.55513954200012, 43.447917938000103 ], [ 28.55513954200012, 43.447360992000029 ], [ 28.554861069000083, 43.447360992000029 ], [ 28.554861069000083, 43.447082519000162 ], [ 28.554582596000046, 43.447082519000162 ], [ 28.554582596000046, 43.446804048000104 ], [ 28.554306031000181, 43.446804048000104 ], [ 28.554306031000181, 43.446529388000158 ], [ 28.554027558000143, 43.446529388000158 ], [ 28.554027558000143, 43.446250915000121 ], [ 28.553472519000138, 43.446250915000121 ], [ 28.553472519000138, 43.445972444000063 ], [ 28.553194046000101, 43.445972444000063 ], [ 28.553194046000101, 43.445693971000026 ], [ 28.552917481000065, 43.445693971000026 ], [ 28.552917481000065, 43.445415498000159 ], [ 28.552639008000028, 43.445415498000159 ], [ 28.552639008000028, 43.445137025000122 ], [ 28.552360535000162, 43.445137025000122 ], [ 28.552360535000162, 43.444862367000155 ], [ 28.552083969000023, 43.444862367000155 ], [ 28.552083969000023, 43.444305421000081 ], [ 28.551805496000156, 43.444305421000081 ], [ 28.551805496000156, 43.444026948000044 ], [ 28.551527023000119, 43.444026948000044 ], [ 28.551527023000119, 43.443748475000177 ], [ 28.551250458000027, 43.443748475000177 ], [ 28.551250458000027, 43.443473816999983 ], [ 28.550971985, 43.443473816999983 ], [ 28.550971985, 43.443195344000117 ], [ 28.550693512000123, 43.443195344000117 ], [ 28.550693512000123, 43.442638398000042 ], [ 28.550416945999984, 43.442638398000042 ], [ 28.550416945999984, 43.442359925 ], [ 28.550138473000118, 43.442359925 ], [ 28.550138473000118, 43.441806794000172 ], [ 28.549861908000082, 43.441806794000172 ], [ 28.549861908000082, 43.441249848000098 ], [ 28.549583435000045, 43.441249848000098 ], [ 28.549583435000045, 43.440692902000194 ], [ 28.549304962000178, 43.440692902000194 ], [ 28.549304962000178, 43.439861298000153 ], [ 28.548471450000136, 43.439861298000153 ], [ 28.548471450000136, 43.439582825000116 ], [ 28.547637939000026, 43.439582825000116 ], [ 28.547637939000026, 43.439304352000079 ], [ 28.546806335000156, 43.439304352000079 ], [ 28.546806335000156, 43.438751221000075 ], [ 28.546527862000119, 43.438751221000075 ], [ 28.546527862000119, 43.437915802000134 ], [ 28.546249389000081, 43.437915802000134 ], [ 28.546249389000081, 43.437362671000074 ], [ 28.545972823000113, 43.437362671000074 ], [ 28.545972823000113, 43.436805725 ], [ 28.545694350000076, 43.436805725 ], [ 28.545694350000076, 43.436248779000096 ], [ 28.545415879000188, 43.436248779000096 ], [ 28.545415879000188, 43.435695648000092 ], [ 28.545139312000117, 43.435695648000092 ], [ 28.545139312000117, 43.435138702000188 ], [ 28.544860841000116, 43.435138702000188 ], [ 28.544860841000116, 43.434860231000187 ], [ 28.54430580200011, 43.434860231000187 ], [ 28.54430580200011, 43.434581758000149 ], [ 28.544027329000073, 43.434581758000149 ], [ 28.544027329000073, 43.434307098000147 ], [ 28.543472291000114, 43.434307098000147 ], [ 28.543472291000114, 43.434028627000089 ], [ 28.543193818000077, 43.434028627000089 ], [ 28.543193818000077, 43.433750154000052 ], [ 28.542638779000072, 43.433750154000052 ], [ 28.542638779000072, 43.433471681000185 ], [ 28.542360306000035, 43.433471681000185 ], [ 28.542360306000035, 43.433193208000148 ], [ 28.541805268000132, 43.433193208000148 ], [ 28.541805268000132, 43.432918550000181 ], [ 28.541528702000164, 43.432918550000181 ], [ 28.541528702000164, 43.432640077000144 ], [ 28.54097175600009, 43.432640077000144 ], [ 28.54097175600009, 43.432361604000107 ], [ 28.540695191000054, 43.432361604000107 ], [ 28.540695191000054, 43.431804658000033 ], [ 28.540416718000188, 43.431804658000033 ], [ 28.540416718000188, 43.431526185000166 ], [ 28.540138245000151, 43.431526185000166 ], [ 28.540138245000151, 43.430973054000162 ], [ 28.539861679000182, 43.430973054000162 ], [ 28.539861679000182, 43.430694581000125 ], [ 28.539583206000145, 43.430694581000125 ], [ 28.539583206000145, 43.430416108000088 ], [ 28.539304733000108, 43.430416108000088 ], [ 28.539304733000108, 43.429862977000028 ], [ 28.536725997000076, 43.429862977000028 ], [ 28.536527633, 43.429862977000028 ], [ 28.536527633, 43.42963409400005 ], [ 28.536527633, 43.429584504 ], [ 28.536485671000094, 43.429584504 ], [ 28.536249160000125, 43.429584504 ], [ 28.536249160000125, 43.429313661000094 ], [ 28.535694122000052, 43.429306031000124 ], [ 28.535694122000052, 43.429027558000087 ], [ 28.535417556000084, 43.429027558000087 ], [ 28.535417556000084, 43.428749085000049 ], [ 28.535139083000047, 43.428749085000049 ], [ 28.535139083000047, 43.428470612000012 ], [ 28.53486061000018, 43.428470612000012 ], [ 28.53486061000018, 43.428195954000046 ], [ 28.534305572000108, 43.428195954000046 ], [ 28.534305572000108, 43.427917481000179 ], [ 28.53402709900007, 43.427917481000179 ], [ 28.53402709900007, 43.427639008000142 ], [ 28.533750533000102, 43.427639008000142 ], [ 28.533750533000102, 43.427360535000105 ], [ 28.533472062000044, 43.427360535000105 ], [ 28.533472062000044, 43.427082062000068 ], [ 28.533193589000177, 43.427082062000068 ], [ 28.533193589000177, 43.426807404000101 ], [ 28.532638551000105, 43.426807404000101 ], [ 28.532638551000105, 43.426528931000064 ], [ 28.532361985000136, 43.426528931000064 ], [ 28.532361985000136, 43.426250458000027 ], [ 28.532083512000099, 43.426250458000027 ], [ 28.532083512000099, 43.42597198500016 ], [ 28.531805039000062, 43.42597198500016 ], [ 28.531805039000062, 43.425521851000042 ], [ 28.531805039000062, 43.425415038000153 ], [ 28.531673431000172, 43.425415038000153 ], [ 28.531528474000027, 43.425415038000153 ], [ 28.531528474000027, 43.425296783000078 ], [ 28.531528474000027, 43.424861908000082 ], [ 28.53125000100016, 43.424861908000082 ], [ 28.53125000100016, 43.424304961000075 ], [ 28.530971528000123, 43.424304961000075 ], [ 28.530971528000123, 43.424026490000017 ], [ 28.530416489000118, 43.424026490000017 ], [ 28.530416489000118, 43.423751831000118 ], [ 28.529861450999988, 43.423751831000118 ], [ 28.529861450999988, 43.423473358000081 ], [ 28.529306411999983, 43.423473358000081 ], [ 28.529306411999983, 43.423194885000044 ], [ 28.528921127, 43.423194885000044 ], [ 28.528749466000079, 43.423194885000044 ], [ 28.528749466000079, 43.423057556000174 ], [ 28.528749466000079, 43.42291641300011 ], [ 28.528575898000156, 43.42291641300011 ], [ 28.528194428000177, 43.42291641300011 ], [ 28.528194428000177, 43.422637940000072 ], [ 28.527639389000171, 43.422637940000072 ], [ 28.527639389000171, 43.422359467000035 ], [ 28.527082443000097, 43.422359467000035 ], [ 28.527082443000097, 43.422084809000069 ], [ 28.526805878000062, 43.422084809000069 ], [ 28.526805878000062, 43.421806336000031 ], [ 28.526250839000056, 43.421806336000031 ], [ 28.526250839000056, 43.421527863000165 ], [ 28.525693893000152, 43.421527863000165 ], [ 28.525693893000152, 43.421249390000128 ], [ 28.52513885500008, 43.421249390000128 ], [ 28.52513885500008, 43.420970917000091 ], [ 28.524583816000074, 43.420970917000091 ], [ 28.524583816000074, 43.420696259000067 ], [ 28.524026870000171, 43.420696259000067 ], [ 28.524026870000171, 43.42041778600003 ], [ 28.523471831000165, 43.42041778600003 ], [ 28.523471831000165, 43.420139313 ], [ 28.522916793000036, 43.420139313 ], [ 28.522916793000036, 43.419860840000183 ], [ 28.52263832, 43.419860840000183 ], [ 28.52263832, 43.419582367000146 ], [ 28.522083283000029, 43.419582367000146 ], [ 28.522083283000029, 43.419303894000109 ], [ 28.521804810000162, 43.419303894000109 ], [ 28.521804810000162, 43.419029236000085 ], [ 28.52152824500007, 43.419029236000085 ], [ 28.52152824500007, 43.418750763000048 ], [ 28.521249772000033, 43.418750763000048 ], [ 28.521249772000033, 43.418613434000179 ], [ 28.521249772000033, 43.418472290000182 ], [ 28.520929337000098, 43.418472290000182 ], [ 28.520694733000028, 43.418472290000182 ], [ 28.520694733000028, 43.418369293000126 ], [ 28.520694733000028, 43.418193817000144 ], [ 28.52041626, 43.418193817000144 ], [ 28.52041626, 43.417915344000107 ], [ 28.519861222000088, 43.417915344000107 ], [ 28.519861222000088, 43.417640686000141 ], [ 28.519306183000083, 43.417640686000141 ], [ 28.519306183000083, 43.417362213000104 ], [ 28.519027710000046, 43.417362213000104 ], [ 28.519027710000046, 43.417083740000066 ], [ 28.518472672000144, 43.417083740000066 ], [ 28.518472672000144, 43.416805267000029 ], [ 28.517915726000069, 43.416805267000029 ], [ 28.517915726000069, 43.415695190000122 ], [ 28.517639160000101, 43.415695190000122 ], [ 28.517639160000101, 43.415416717000085 ], [ 28.517360687000064, 43.415416717000085 ], [ 28.517360687000064, 43.415138244000048 ], [ 28.516805649000162, 43.415138244000048 ], [ 28.516805649000162, 43.414859771000181 ], [ 28.515972137000119, 43.414859771000181 ], [ 28.515972137000119, 43.415138244000048 ], [ 28.515693664000082, 43.415138244000048 ], [ 28.515693664000082, 43.415416717000085 ], [ 28.515417099, 43.415416717000085 ], [ 28.515417099, 43.415138244000048 ], [ 28.515138626000123, 43.415138244000048 ], [ 28.515138626000123, 43.414859771000181 ], [ 28.514862059999984, 43.414859771000181 ], [ 28.514860153000086, 43.414585112999987 ], [ 28.514583587000118, 43.414585112999987 ], [ 28.514583587000118, 43.41430664000012 ], [ 28.514305114000081, 43.41430664000012 ], [ 28.514305114000081, 43.414028167000083 ], [ 28.514028549000045, 43.414028167000083 ], [ 28.514028549000045, 43.413749694000046 ], [ 28.512916564000136, 43.413749694000046 ], [ 28.512916564000136, 43.414585112999987 ], [ 28.513195037000173, 43.414585112999987 ], [ 28.513195037000173, 43.414859771000181 ], [ 28.512802124000075, 43.414859771000181 ], [ 28.512083053000026, 43.414859771000181 ], [ 28.512083053000026, 43.414585112999987 ], [ 28.509860993000189, 43.414585112999987 ], [ 28.509860993000189, 43.414859771000181 ], [ 28.509582520000151, 43.414859771000181 ], [ 28.509582520000151, 43.415138244000048 ], [ 28.50875091600011, 43.415138244000048 ], [ 28.50875091600011, 43.414859771000181 ], [ 28.508472443000073, 43.414859771000181 ], [ 28.508472443000073, 43.414585112999987 ], [ 28.507917405000114, 43.414585112999987 ], [ 28.507917405000114, 43.41430664000012 ], [ 28.507638932000077, 43.41430664000012 ], [ 28.507638932000077, 43.414028167000083 ], [ 28.507083893000072, 43.414028167000083 ], [ 28.507083893000072, 43.413749694000046 ], [ 28.506805420000035, 43.413749694000046 ], [ 28.506805420000035, 43.413471221 ], [ 28.506250382000133, 43.413471221 ], [ 28.506250382000133, 43.413192747999972 ], [ 28.50541687000009, 43.413192747999972 ], [ 28.50541687000009, 43.412918090000176 ], [ 28.504304886000114, 43.412918090000176 ], [ 28.504304886000114, 43.412639617000139 ], [ 28.503471374000071, 43.412639617000139 ], [ 28.503471374000071, 43.412361144000101 ], [ 28.503194809000036, 43.412361144000101 ], [ 28.503194809000036, 43.411804200000063 ], [ 28.502916336000169, 43.411804200000063 ], [ 28.502916336000169, 43.41152954000006 ], [ 28.50263977000003, 43.41152954000006 ], [ 28.50263977000003, 43.410972596000136 ], [ 28.498193742000183, 43.410972596000136 ], [ 28.498193742000183, 43.410694123000098 ], [ 28.497917176000044, 43.410694123000098 ], [ 28.497917176000044, 43.410137177000024 ], [ 28.497638703000177, 43.410137177000024 ], [ 28.497638703000177, 43.409584046000191 ], [ 28.49736023000014, 43.409584046000191 ], [ 28.49736023000014, 43.409027100000117 ], [ 28.497083665000105, 43.409027100000117 ], [ 28.497083665000105, 43.408473969000113 ], [ 28.496805192000068, 43.408473969000113 ], [ 28.496805192000068, 43.407917023000039 ], [ 28.496528626000099, 43.407917023000039 ], [ 28.496528626000099, 43.407360077000135 ], [ 28.496250153000062, 43.407360077000135 ], [ 28.496250153000062, 43.406806946000074 ], [ 28.495971680000025, 43.406806946000074 ], [ 28.495971680000025, 43.40625 ], [ 28.49569511500016, 43.40625 ], [ 28.49569511500016, 43.40541839600013 ], [ 28.495416642000123, 43.40541839600013 ], [ 28.495416642000123, 43.404582977000189 ], [ 28.495138169000086, 43.404582977000189 ], [ 28.495138169000086, 43.404026031000114 ], [ 28.494861603000118, 43.404026031000114 ], [ 28.494861603000118, 43.403751373000148 ], [ 28.494304657000043, 43.403751373000148 ], [ 28.494304657000043, 43.403472900000111 ], [ 28.494028092000121, 43.403472900000111 ], [ 28.494028092000121, 43.403194427000074 ], [ 28.493749619000084, 43.403194427000074 ], [ 28.493749619000084, 43.402915954000036 ], [ 28.493194580000079, 43.402915954000036 ], [ 28.493194580000079, 43.40263748100017 ], [ 28.492916107000042, 43.40263748100017 ], [ 28.492916107000042, 43.402362823000033 ], [ 28.492639542000177, 43.402362823000033 ], [ 28.492639542000177, 43.402084350000166 ], [ 28.492361068000037, 43.402084350000166 ], [ 28.492361068000037, 43.401805877000129 ], [ 28.492082595, 43.401805877000129 ], [ 28.492082595, 43.401527404000092 ], [ 28.491806030000134, 43.401527404000092 ], [ 28.491806030000134, 43.401248931000055 ], [ 28.491527557000097, 43.401248931000055 ], [ 28.491527557000097, 43.400970460000167 ], [ 28.49124908400006, 43.400970460000167 ], [ 28.49124908400006, 43.4006958 ], [ 28.490972518000092, 43.4006958 ], [ 28.490972518000092, 43.400138856000126 ], [ 28.490694045000055, 43.400138856000126 ], [ 28.490694045000055, 43.399860383000089 ], [ 28.49041748000019, 43.399860383000089 ], [ 28.49041748000019, 43.399581910000052 ], [ 28.490139007000153, 43.399581910000052 ], [ 28.490139007000153, 43.399307252000028 ], [ 28.489860534000115, 43.399307252000028 ], [ 28.489860534000115, 43.399028779 ], [ 28.489583968000147, 43.399028779 ], [ 28.489583968000147, 43.398750306000181 ], [ 28.48930549500011, 43.398750306000181 ], [ 28.48930549500011, 43.398471833000144 ], [ 28.489027022000073, 43.398471833000144 ], [ 28.489027022000073, 43.398193360000107 ], [ 28.488471984000171, 43.398193360000107 ], [ 28.488471984000171, 43.39791488700007 ], [ 28.488193513000112, 43.39791488700007 ], [ 28.488193513000112, 43.397640229000046 ], [ 28.487638474000107, 43.397640229000046 ], [ 28.487638474000107, 43.39736175600018 ], [ 28.487361909000072, 43.39736175600018 ], [ 28.487361909000072, 43.397083283000143 ], [ 28.486804963000168, 43.397083283000143 ], [ 28.486804963000168, 43.396804810000106 ], [ 28.486249924000163, 43.396804810000106 ], [ 28.486249924000163, 43.396526337000068 ], [ 28.485971451000125, 43.396526337000068 ], [ 28.485971451000125, 43.396251679000102 ], [ 28.485416413, 43.396251679000102 ], [ 28.485416413, 43.395973206000065 ], [ 28.485137940000186, 43.395973206000065 ], [ 28.485137940000186, 43.395416260000161 ], [ 28.484861374, 43.395416260000161 ], [ 28.484861374, 43.395137787000124 ], [ 28.484582901000181, 43.395137787000124 ], [ 28.484582901000181, 43.394859314000087 ], [ 28.484306336000088, 43.394859314000087 ], [ 28.484306336000088, 43.394306183000083 ], [ 28.484027863000051, 43.394306183000083 ], [ 28.484027863000051, 43.394027710000046 ], [ 28.483749390000185, 43.394027710000046 ], [ 28.483749390000185, 43.393749237000179 ], [ 28.483472824000046, 43.393749237000179 ], [ 28.483472824000046, 43.393196106000119 ], [ 28.483194351000179, 43.393196106000119 ], [ 28.483194351000179, 43.392917633000081 ], [ 28.482915878000142, 43.392917633000081 ], [ 28.482915878000142, 43.392639160000044 ], [ 28.482639313000107, 43.392639160000044 ], [ 28.482639313000107, 43.392326355000193 ], [ 28.482639313000107, 43.39208221399997 ], [ 28.482360840000069, 43.39208221399997 ], [ 28.482360840000069, 43.391529083000137 ], [ 28.482084274000101, 43.391529083000137 ], [ 28.482082367000032, 43.390972137000063 ], [ 28.481805801000064, 43.390972137000063 ], [ 28.481805801000064, 43.390415191000159 ], [ 28.481527328000027, 43.390415191000159 ], [ 28.481527328000027, 43.389862060000155 ], [ 28.481250763000162, 43.389862060000155 ], [ 28.481250763000162, 43.389583587000118 ], [ 28.480417251000119, 43.389583587000118 ], [ 28.480417251000119, 43.38930511600006 ], [ 28.479860305000045, 43.38930511600006 ], [ 28.479860305000045, 43.389026643000022 ], [ 28.479028701000118, 43.389026643000022 ], [ 28.479028701000118, 43.388748169999985 ], [ 28.478750228000081, 43.388748169999985 ], [ 28.478750228000081, 43.38847351000004 ], [ 28.478471755000044, 43.38847351000004 ], [ 28.478471755000044, 43.388195039000152 ], [ 28.478195190000179, 43.388195039000152 ], [ 28.478195190000179, 43.387916566000115 ], [ 28.477916717000141, 43.387916566000115 ], [ 28.477916717000141, 43.387638093000078 ], [ 28.477638244000104, 43.387638093000078 ], [ 28.477638244000104, 43.387359620000041 ], [ 28.477361678000136, 43.387359620000041 ], [ 28.477361678000136, 43.386806489000037 ], [ 28.477083205000099, 43.386806489000037 ], [ 28.477083205000099, 43.38652801600017 ], [ 28.476804734000098, 43.38652801600017 ], [ 28.476804734000098, 43.386249543000133 ], [ 28.476528167000026, 43.386249543000133 ], [ 28.476528167000026, 43.385971070000096 ], [ 28.476249696000139, 43.385971070000096 ], [ 28.476249696000139, 43.385692597000059 ], [ 28.47597313000017, 43.385692597000059 ], [ 28.47597313000017, 43.385417939000035 ], [ 28.475694657000133, 43.385417939000035 ], [ 28.475694657000133, 43.385139466 ], [ 28.475416184000096, 43.385139466 ], [ 28.475416184000096, 43.384860993000189 ], [ 28.475139619000061, 43.384860993000189 ], [ 28.475139619000061, 43.384582520000151 ], [ 28.474861146000023, 43.384582520000151 ], [ 28.474861146000023, 43.384304047000114 ], [ 28.474582673000157, 43.384304047000114 ], [ 28.474582673000157, 43.384029389000091 ], [ 28.474027634000151, 43.384029389000091 ], [ 28.474027634000151, 43.383750916000054 ], [ 28.473749161000114, 43.383750916000054 ], [ 28.473749161000114, 43.383472443000187 ], [ 28.473472596000079, 43.383472443000187 ], [ 28.473472596000079, 43.38319397000015 ], [ 28.472917557000073, 43.38319397000015 ], [ 28.472917557000073, 43.382915497000113 ], [ 28.472639084000036, 43.382915497000113 ], [ 28.472639084000036, 43.382637024000076 ], [ 28.47236061100017, 43.382637024000076 ], [ 28.47236061100017, 43.382362366000109 ], [ 28.472084046000077, 43.382362366000109 ], [ 28.472084046000077, 43.382083893000072 ], [ 28.471565246000182, 43.382083893000072 ], [ 28.4715271, 43.382083893000072 ], [ 28.4715271, 43.382026673000155 ], [ 28.4715271, 43.381805420000035 ], [ 28.471370697000168, 43.381805420000035 ], [ 28.471250534000035, 43.381805420000035 ], [ 28.471250534000035, 43.381633759000124 ], [ 28.471250534000035, 43.381526947000168 ], [ 28.471178056000099, 43.381526947000168 ], [ 28.470972061, 43.381526947000168 ], [ 28.470972061, 43.381233215 ], [ 28.470972061, 43.380973816000164 ], [ 28.470790863000104, 43.380973816000164 ], [ 28.470693588000188, 43.380973816000164 ], [ 28.470693588000188, 43.380832672 ], [ 28.470693588000188, 43.380138397000053 ], [ 28.470417023000095, 43.380138397000053 ], [ 28.470417023000095, 43.379028320000089 ], [ 28.470138550000058, 43.379028320000089 ], [ 28.470138550000058, 43.378192903000183 ], [ 28.46986198400009, 43.378192903000183 ], [ 28.46986198400009, 43.377082826000105 ], [ 28.469583511000053, 43.377082826000105 ], [ 28.469583511000053, 43.375972749000141 ], [ 28.469305038000186, 43.375972749000141 ], [ 28.469305038000186, 43.374584199000026 ], [ 28.469028473000151, 43.374584199000026 ], [ 28.469028473000151, 43.373195649000081 ], [ 28.468750000000114, 43.373195649000081 ], [ 28.468750000000114, 43.372081757000103 ], [ 28.468471527000077, 43.372081757000103 ], [ 28.468471527000077, 43.371250153 ], [ 28.468194961000108, 43.371250153 ], [ 28.468194961000108, 43.370693207000159 ], [ 28.467916488000071, 43.370693207000159 ], [ 28.467916488000071, 43.370140076000098 ], [ 28.467638015000034, 43.370140076000098 ], [ 28.467638015000034, 43.369583130000194 ], [ 28.467361450000169, 43.369583130000194 ], [ 28.467361450000169, 43.36902618400012 ], [ 28.467082977000132, 43.36902618400012 ], [ 28.467082977000132, 43.368473053000116 ], [ 28.466806411000164, 43.368473053000116 ], [ 28.466806411000164, 43.367637634000175 ], [ 28.466527938000127, 43.367637634000175 ], [ 28.466527938000127, 43.367084503000171 ], [ 28.466806411000164, 43.367084503000171 ], [ 28.466806411000164, 43.366806030000134 ], [ 28.467082977000132, 43.366806030000134 ], [ 28.467082977000132, 43.36347198600015 ], [ 28.466806411000164, 43.36347198600015 ], [ 28.466806411000164, 43.362915040000075 ], [ 28.466527938000127, 43.362915040000075 ], [ 28.466527938000127, 43.362640382000052 ], [ 28.466249465000089, 43.362640382000052 ], [ 28.466249465000089, 43.361804963000111 ], [ 28.466527938000127, 43.361804963000111 ], [ 28.466527938000127, 43.360416413000166 ], [ 28.466249465000089, 43.360416413000166 ], [ 28.466249465000089, 43.359584809000125 ], [ 28.464860917000124, 43.359584809000125 ], [ 28.464860917000124, 43.359859465999989 ], [ 28.464582444000087, 43.359859465999989 ], [ 28.464582444000087, 43.360137939000026 ], [ 28.464027406000184, 43.360137939000026 ], [ 28.464027406000184, 43.361537933000079 ], [ 28.464027406000184, 43.361804963000111 ], [ 28.463750839999989, 43.361804963000111 ], [ 28.463750839999989, 43.362915040000075 ], [ 28.464027406000184, 43.362915040000075 ], [ 28.464027406000184, 43.364307405000034 ], [ 28.464305879, 43.364307405000034 ], [ 28.464305879, 43.365417482000169 ], [ 28.464027406000184, 43.365417482000169 ], [ 28.464027406000184, 43.365695953 ], [ 28.463750839999989, 43.365695953 ], [ 28.463750839999989, 43.366249086000039 ], [ 28.463472367000179, 43.366249086000039 ], [ 28.463472367000179, 43.366527557000097 ], [ 28.463193894000142, 43.366527557000097 ], [ 28.463193894000142, 43.366806030000134 ], [ 28.462917329000049, 43.366806030000134 ], [ 28.462917329000049, 43.367362976000038 ], [ 28.462638856000183, 43.367362976000038 ], [ 28.462638856000183, 43.367637634000175 ], [ 28.462360383000146, 43.367637634000175 ], [ 28.462360383000146, 43.368194580000079 ], [ 28.462083817000178, 43.368194580000079 ], [ 28.462083817000178, 43.370140076000098 ], [ 28.461526871000103, 43.370140076000098 ], [ 28.461526871000103, 43.370418549000135 ], [ 28.461250306000068, 43.370418549000135 ], [ 28.461250306000068, 43.370693207000159 ], [ 28.460695267000062, 43.370693207000159 ], [ 28.460695267000062, 43.371250153 ], [ 28.460416794000025, 43.371250153 ], [ 28.460416794000025, 43.372081757000103 ], [ 28.460138321000159, 43.372081757000103 ], [ 28.460138321000159, 43.37236023000014 ], [ 28.459861756000123, 43.37236023000014 ], [ 28.459861756000123, 43.372917176000044 ], [ 28.459583282000153, 43.372917176000044 ], [ 28.459583282000153, 43.373195649000081 ], [ 28.459304809000116, 43.373195649000081 ], [ 28.459304809000116, 43.373474122000118 ], [ 28.459028244000081, 43.373474122000118 ], [ 28.459028244000081, 43.373748780000085 ], [ 28.458749771000043, 43.373748780000085 ], [ 28.458749771000043, 43.374305726000159 ], [ 28.458471298000177, 43.374305726000159 ], [ 28.458471298000177, 43.374862672000063 ], [ 28.458194732000038, 43.374862672000063 ], [ 28.458194732000038, 43.375415803000067 ], [ 28.457639694000079, 43.375415803000067 ], [ 28.457639694000079, 43.375694276000104 ], [ 28.457361221000042, 43.375694276000104 ], [ 28.457361221000042, 43.375972749000141 ], [ 28.457082748, 43.375972749000141 ], [ 28.457082748, 43.376251222000178 ], [ 28.456806182000037, 43.376251222000178 ], [ 28.456806182000037, 43.376525880000031 ], [ 28.45624923600019, 43.376529695000045 ], [ 28.45624923600019, 43.376804353000068 ], [ 28.455972671000097, 43.376804353000068 ], [ 28.455972671000097, 43.377082826000105 ], [ 28.45569419800006, 43.377082826000105 ], [ 28.45569419800006, 43.377361299000142 ], [ 28.455417632000092, 43.377361299000142 ], [ 28.455415725000023, 43.377639770000144 ], [ 28.454860686000188, 43.377639770000144 ], [ 28.454860686000188, 43.377918243000181 ], [ 28.454584121000153, 43.377918243000181 ], [ 28.454584121000153, 43.378192903000183 ], [ 28.454305648000116, 43.378192903000183 ], [ 28.454305648000116, 43.378471374000014 ], [ 28.454027177000057, 43.378471374000014 ], [ 28.454027177000057, 43.378749847000051 ], [ 28.453472138000052, 43.378749847000051 ], [ 28.453472138000052, 43.379028320000089 ], [ 28.453193665000015, 43.379028320000089 ], [ 28.453193665000015, 43.379306793000126 ], [ 28.45291710000015, 43.379306793000126 ], [ 28.45291710000015, 43.379581451000149 ], [ 28.452083588000107, 43.379585266 ], [ 28.452083588000107, 43.379859924000186 ], [ 28.451250077000168, 43.379859924000186 ], [ 28.451250077000168, 43.380138397000053 ], [ 28.450138092000088, 43.380138397000053 ], [ 28.450138092000088, 43.38041687000009 ], [ 28.449306488, 43.38041687000009 ], [ 28.449306488, 43.380695343000127 ], [ 28.448472977000051, 43.380695343000127 ], [ 28.448472977000051, 43.380973816000164 ], [ 28.447639465000179, 43.380973816000164 ], [ 28.447639465000179, 43.381248474000131 ], [ 28.446527481000032, 43.381248474000131 ], [ 28.446527481000032, 43.381526947000168 ], [ 28.445417404000125, 43.381526947000168 ], [ 28.445417404000125, 43.381805420000035 ], [ 28.444305419000045, 43.381805420000035 ], [ 28.444305419000045, 43.382083893000072 ], [ 28.443195342000081, 43.382083893000072 ], [ 28.443195342000081, 43.382362366000109 ], [ 28.44208336000014, 43.382362366000109 ], [ 28.44208336000014, 43.382637024000076 ], [ 28.440139771000133, 43.382637024000076 ], [ 28.440139771000133, 43.382915497000113 ], [ 28.438472748000152, 43.382915497000113 ], [ 28.438472748000152, 43.38319397000015 ], [ 28.437639237000042, 43.38319397000015 ], [ 28.437639237000042, 43.383472443000187 ], [ 28.43680572500017, 43.383472443000187 ], [ 28.43680572500017, 43.383750916000054 ], [ 28.435972214, 43.383750916000054 ], [ 28.435972214, 43.384029389000091 ], [ 28.435138702000188, 43.384029389000091 ], [ 28.435138702000188, 43.384304047000114 ], [ 28.434305191000192, 43.384304047000114 ], [ 28.434305191000192, 43.384582520000151 ], [ 28.428749085000049, 43.384582520000151 ], [ 28.428749085000049, 43.384304047000114 ], [ 28.428194046000044, 43.384304047000114 ], [ 28.428194046000044, 43.384029389000091 ], [ 28.427639008000142, 43.384029389000091 ], [ 28.427639008000142, 43.383750916000054 ], [ 28.42625045800014, 43.383750916000054 ], [ 28.42625045800014, 43.384029389000091 ], [ 28.425416946000098, 43.384029389000091 ], [ 28.425416946000098, 43.384304047000114 ], [ 28.424861908000025, 43.384304047000114 ], [ 28.424861908000025, 43.384582520000151 ], [ 28.424304962000122, 43.384582520000151 ], [ 28.424304962000122, 43.384860993000189 ], [ 28.423194885000044, 43.384860993000189 ], [ 28.423194885000044, 43.385139466 ], [ 28.422361373000172, 43.385139466 ], [ 28.422361373000172, 43.385417939000035 ], [ 28.421249388999968, 43.385417939000035 ], [ 28.421249388999968, 43.385692597000059 ], [ 28.42013931200006, 43.385692597000059 ], [ 28.42013931200006, 43.385971070000096 ], [ 28.419305802000054, 43.385971070000096 ], [ 28.419305802000054, 43.386249543000133 ], [ 28.41819381800002, 43.386249543000133 ], [ 28.41819381800002, 43.38652801600017 ], [ 28.417360305999978, 43.38652801600017 ], [ 28.417360305999978, 43.386806489000037 ], [ 28.41625022900007, 43.386806489000037 ], [ 28.41625022900007, 43.387084962000074 ], [ 28.415416718000131, 43.387084962000074 ], [ 28.415416718000131, 43.387359620000041 ], [ 28.414861679000126, 43.387359620000041 ], [ 28.414861679000126, 43.387638093000078 ], [ 28.414028168000186, 43.387638093000078 ], [ 28.414028168000186, 43.387916566000115 ], [ 28.413194656000144, 43.387916566000115 ], [ 28.413194656000144, 43.388195039000152 ], [ 28.412361145000148, 43.388195039000152 ], [ 28.412361145000148, 43.38847351000004 ], [ 28.411806106000142, 43.38847351000004 ], [ 28.411806106000142, 43.388748169999985 ], [ 28.410972595000032, 43.388748169999985 ], [ 28.410972595000032, 43.389026643000022 ], [ 28.410417556000027, 43.389026643000022 ], [ 28.410417556000027, 43.38930511600006 ], [ 28.409860610000123, 43.38930511600006 ], [ 28.409860610000123, 43.389583587000118 ], [ 28.409305572000051, 43.389583587000118 ], [ 28.409305572000051, 43.389862060000155 ], [ 28.408750533000045, 43.389862060000155 ], [ 28.408750533000045, 43.390140533000192 ], [ 28.407917024000085, 43.390140533000192 ], [ 28.407917024000085, 43.390415191000159 ], [ 28.40736198500008, 43.390415191000159 ], [ 28.40736198500008, 43.390693664000025 ], [ 28.406805039000176, 43.390693664000025 ], [ 28.406805039000176, 43.390972137000063 ], [ 28.406250001000103, 43.390972137000063 ], [ 28.406250001000103, 43.3912506100001 ], [ 28.405694962000098, 43.3912506100001 ], [ 28.405694962000098, 43.391529083000137 ], [ 28.405416489000061, 43.391529083000137 ], [ 28.405416489000061, 43.39180374100016 ], [ 28.404861451000102, 43.39180374100016 ], [ 28.404861451000102, 43.39208221399997 ], [ 28.404582978000064, 43.39208221399997 ], [ 28.404582978000064, 43.392360687 ], [ 28.404306412000096, 43.392360687 ], [ 28.404306412000096, 43.392639160000044 ], [ 28.403749466000022, 43.392639160000044 ], [ 28.403749466000022, 43.392917633000081 ], [ 28.403472901000157, 43.392917633000081 ], [ 28.403472901000157, 43.393196106000119 ], [ 28.40319442800012, 43.393196106000119 ], [ 28.40319442800012, 43.393470764000142 ], [ 28.402915955000083, 43.393470764000142 ], [ 28.402915955000083, 43.393749237000179 ], [ 28.402360916000077, 43.393749237000179 ], [ 28.402360916000077, 43.394027710000046 ], [ 28.40208244300004, 43.394027710000046 ], [ 28.40208244300004, 43.394306183000083 ], [ 28.401805878000175, 43.394306183000083 ], [ 28.401805878000175, 43.39458465600012 ], [ 28.40125083900017, 43.39458465600012 ], [ 28.40125083900017, 43.394859314000087 ], [ 28.400972366000133, 43.394859314000087 ], [ 28.400972366000133, 43.395137787000124 ], [ 28.400417328, 43.395137787000124 ], [ 28.400417328, 43.395416260000161 ], [ 28.400138854999966, 43.395416260000161 ], [ 28.400138854999966, 43.395694733000028 ], [ 28.399583816000188, 43.395694733000028 ], [ 28.399583816000188, 43.395973206000065 ], [ 28.399305343000151, 43.395973206000065 ], [ 28.399305343000151, 43.396251679000102 ], [ 28.398750305000192, 43.396251679000102 ], [ 28.398750305000192, 43.396526337000068 ], [ 28.398195266000187, 43.396526337000068 ], [ 28.398195266000187, 43.396804810000106 ], [ 28.397916793000149, 43.396804810000106 ], [ 28.397916793000149, 43.397083283000143 ], [ 28.397361755000077, 43.397083283000143 ], [ 28.397361755000077, 43.39736175600018 ], [ 28.39708328200004, 43.39736175600018 ], [ 28.39708328200004, 43.397640229000046 ], [ 28.396528243000034, 43.397640229000046 ], [ 28.396528243000034, 43.39791488700007 ], [ 28.395971299000109, 43.39791488700007 ], [ 28.395971299000109, 43.398193360000107 ], [ 28.395694732999971, 43.398193360000107 ], [ 28.395694732999971, 43.398471833000144 ], [ 28.395139695000069, 43.398471833000144 ], [ 28.395139695000069, 43.398750306000181 ], [ 28.394861222000031, 43.398750306000181 ], [ 28.394861222000031, 43.399028779 ], [ 28.394306183000026, 43.399028779 ], [ 28.394306183000026, 43.399307252000028 ], [ 28.394027710000159, 43.399307252000028 ], [ 28.394027710000159, 43.399581910000052 ], [ 28.393749237000122, 43.399581910000052 ], [ 28.393749237000122, 43.399860383000089 ], [ 28.393472672000087, 43.399860383000089 ], [ 28.393472672000087, 43.400138856000126 ], [ 28.39319419900005, 43.400138856000126 ], [ 28.39319419900005, 43.400417327000127 ], [ 28.392917633000081, 43.400417327000127 ], [ 28.392915726000183, 43.4006958 ], [ 28.392639160000044, 43.4006958 ], [ 28.392639160000044, 43.400970460000167 ], [ 28.392360687000178, 43.400970460000167 ], [ 28.392360687000178, 43.401248931000055 ], [ 28.392084122000142, 43.401248931000055 ], [ 28.392084122000142, 43.401527404000092 ], [ 28.391805649000105, 43.401527404000092 ], [ 28.391805649000105, 43.401805877000129 ], [ 28.391527176000068, 43.401805877000129 ], [ 28.391527176000068, 43.402084350000166 ], [ 28.3912506100001, 43.402084350000166 ], [ 28.3912506100001, 43.402362823000033 ], [ 28.390972137000063, 43.402362823000033 ], [ 28.390972137000063, 43.40263748100017 ], [ 28.390693664000025, 43.40263748100017 ], [ 28.390693664000025, 43.402915954000036 ], [ 28.389862060000098, 43.402915954000036 ], [ 28.389862060000098, 43.403194427000074 ], [ 28.388750076000122, 43.403194427000074 ], [ 28.388750076000122, 43.403472900000111 ], [ 28.387916564000079, 43.403472900000111 ], [ 28.387916564000079, 43.403751373000148 ], [ 28.38708305300014, 43.403751373000148 ], [ 28.38708305300014, 43.404026031000114 ], [ 28.386249541000097, 43.404026031000114 ], [ 28.386249541000097, 43.404304504000152 ], [ 28.38513946400019, 43.404304504000152 ], [ 28.38513946400019, 43.404582977000189 ], [ 28.384305955000059, 43.404582977000189 ], [ 28.384305955000059, 43.404861450000055 ], [ 28.38319397000015, 43.404861450000055 ], [ 28.38319397000015, 43.405139923000092 ], [ 28.382083893000015, 43.405139923000092 ], [ 28.382083893000015, 43.40541839600013 ], [ 28.381250382000076, 43.40541839600013 ], [ 28.381250382000076, 43.405693054000153 ], [ 28.380138397000167, 43.405693054000153 ], [ 28.380138397000167, 43.40597152700019 ], [ 28.379028320000089, 43.40597152700019 ], [ 28.379028320000089, 43.40625 ], [ 28.377916336000112, 43.40625 ], [ 28.377916336000112, 43.406528473000037 ], [ 28.376806259000148, 43.406528473000037 ], [ 28.376806259000148, 43.406806946000074 ], [ 28.375972747000105, 43.406806946000074 ], [ 28.375972747000105, 43.407081604000098 ], [ 28.374860763000129, 43.407081604000098 ], [ 28.374860763000129, 43.407360077000135 ], [ 28.373750686000051, 43.407360077000135 ], [ 28.373750686000051, 43.407638550000172 ], [ 28.370695115000103, 43.407638550000172 ], [ 28.370695115000103, 43.407917023000039 ], [ 28.36763954200012, 43.407917023000039 ], [ 28.36763954200012, 43.408195496000076 ], [ 28.366806030000077, 43.408195496000076 ], [ 28.366806030000077, 43.408473969000113 ], [ 28.365972519000138, 43.408473969000113 ], [ 28.365972519000138, 43.40874862700008 ], [ 28.365139007000096, 43.40874862700008 ], [ 28.365139007000096, 43.409027100000117 ], [ 28.364583968999966, 43.409027100000117 ], [ 28.364583968999966, 43.409305573000154 ], [ 28.363750457000151, 43.409305573000154 ], [ 28.363750457000151, 43.409584046000191 ], [ 28.362916946000155, 43.409584046000191 ], [ 28.362916946000155, 43.409862519000058 ], [ 28.362083436000148, 43.409862519000058 ], [ 28.362083436000148, 43.410137177000024 ], [ 28.360971451000069, 43.410137177000024 ], [ 28.360971451000069, 43.410415650000061 ], [ 28.360139846999971, 43.410415650000061 ], [ 28.360137940000072, 43.410694123000098 ], [ 28.359027863000165, 43.410694123000098 ], [ 28.359027863000165, 43.410972596000136 ], [ 28.358749390000128, 43.410972596000136 ], [ 28.358749390000128, 43.41152954000006 ], [ 28.35847282400016, 43.41152954000006 ], [ 28.35847282400016, 43.411804200000063 ], [ 28.358194351000122, 43.411804200000063 ], [ 28.358194351000122, 43.412361144000101 ], [ 28.357915878000085, 43.412361144000101 ], [ 28.357915878000085, 43.412639617000139 ], [ 28.357084274000044, 43.412639617000139 ], [ 28.357084274000044, 43.412918090000176 ], [ 28.356527328000141, 43.412918090000176 ], [ 28.356527328000141, 43.413192747999972 ], [ 28.355138778000025, 43.413192747999972 ], [ 28.355138778000025, 43.412918090000176 ], [ 28.354305267000029, 43.412918090000176 ], [ 28.354305267000029, 43.412639617000139 ], [ 28.353750228000024, 43.412639617000139 ], [ 28.353750228000024, 43.412361144000101 ], [ 28.353471754999987, 43.412361144000101 ], [ 28.353471754999987, 43.4120826730001 ], [ 28.3495826730001, 43.4120826730001 ], [ 28.3495826730001, 43.411804200000063 ], [ 28.347917557000187, 43.411804200000063 ], [ 28.347917557000187, 43.41152954000006 ], [ 28.345138550000172, 43.41152954000006 ], [ 28.345138550000172, 43.411804200000063 ], [ 28.34430503800013, 43.411804200000063 ], [ 28.34430503800013, 43.4120826730001 ], [ 28.34375, 43.4120826730001 ], [ 28.34375, 43.412361144000101 ], [ 28.342916488000185, 43.412361144000101 ], [ 28.342916488000185, 43.412639617000139 ], [ 28.342082977000075, 43.412639617000139 ], [ 28.342082977000075, 43.412918090000176 ], [ 28.341249465000033, 43.412918090000176 ], [ 28.341249465000033, 43.413192747999972 ], [ 28.340139388000068, 43.413192747999972 ], [ 28.340139388000068, 43.413471221 ], [ 28.339305879000108, 43.413471221 ], [ 28.339305879000108, 43.413749694000046 ], [ 28.338472367000065, 43.413749694000046 ], [ 28.338472367000065, 43.414028167000083 ], [ 28.337638856000126, 43.414028167000083 ], [ 28.337638856000126, 43.41430664000012 ], [ 28.336526871000046, 43.41430664000012 ], [ 28.336526871000046, 43.414585112999987 ], [ 28.335695267000176, 43.414585112999987 ], [ 28.335695267000176, 43.414859771000181 ], [ 28.334861756000066, 43.414859771000181 ], [ 28.334861756000066, 43.415138244000048 ], [ 28.333749771000157, 43.415138244000048 ], [ 28.333749771000157, 43.415416717000085 ], [ 28.33291626, 43.415416717000085 ], [ 28.33291626, 43.415695190000122 ], [ 28.331249237000179, 43.415695190000122 ], [ 28.331249237000179, 43.415973663000159 ], [ 28.329584121000096, 43.415973663000159 ], [ 28.329584121000096, 43.416248321000126 ], [ 28.328193665000128, 43.416248321000126 ], [ 28.328193665000128, 43.416526794000163 ], [ 28.320417404000068, 43.416526794000163 ], [ 28.320417404000068, 43.416805267000029 ], [ 28.318471908, 43.416805267000029 ], [ 28.318471908, 43.417083740000066 ], [ 28.311250686999983, 43.417083740000066 ], [ 28.311250686999983, 43.417362213000104 ], [ 28.31069374100008, 43.417362213000104 ], [ 28.31069374100008, 43.417640686000141 ], [ 28.310417175000111, 43.417640686000141 ], [ 28.310417175000111, 43.417915344000107 ], [ 28.30875015200013, 43.417915344000107 ], [ 28.30875015200013, 43.417640686000141 ], [ 28.307361602000185, 43.417640686000141 ], [ 28.307361602000185, 43.417362213000104 ], [ 28.30597305200007, 43.417362213000104 ], [ 28.30597305200007, 43.417083740000066 ], [ 28.305416108000145, 43.417083740000066 ], [ 28.305416108000145, 43.416805267000029 ], [ 28.304582597000035, 43.416805267000029 ], [ 28.304582597000035, 43.416526794000163 ], [ 28.297637939000083, 43.416526794000163 ], [ 28.297637939000083, 43.416248321000126 ], [ 28.296806334999985, 43.416248321000126 ], [ 28.296806334999985, 43.415973663000159 ], [ 28.296249389000081, 43.415973663000159 ], [ 28.296249389000081, 43.415695190000122 ], [ 28.294860839000137, 43.415695190000122 ], [ 28.294860839000137, 43.415416717000085 ], [ 28.293472291000171, 43.415416717000085 ], [ 28.293472291000171, 43.415138244000048 ], [ 28.289861679000069, 43.415138244000048 ], [ 28.289861679000069, 43.414859771000181 ], [ 28.289304733000165, 43.414859771000181 ], [ 28.289304733000165, 43.414585112999987 ], [ 28.289028168000073, 43.414585112999987 ], [ 28.289028168000073, 43.41430664000012 ], [ 28.288473129000067, 43.41430664000012 ], [ 28.288473129000067, 43.414028167000083 ], [ 28.287916183, 43.414028167000083 ], [ 28.287916183, 43.413749694000046 ], [ 28.287639618000128, 43.413749694000046 ], [ 28.287639618000128, 43.413471221 ], [ 28.287082672000054, 43.413471221 ], [ 28.287082672000054, 43.413192747999972 ], [ 28.286806106000085, 43.413192747999972 ], [ 28.286806106000085, 43.412918090000176 ], [ 28.286527633000048, 43.412918090000176 ], [ 28.286527633000048, 43.412639617000139 ], [ 28.286249160000182, 43.412639617000139 ], [ 28.286249160000182, 43.412361144000101 ], [ 28.285972595000146, 43.412361144000101 ], [ 28.285972595000146, 43.4120826730001 ], [ 28.281805039000119, 43.4120826730001 ], [ 28.281805039000119, 43.412361144000101 ], [ 28.281250000999989, 43.412361144000101 ], [ 28.281250000999989, 43.412639617000139 ], [ 28.28097152800018, 43.412639617000139 ], [ 28.28097152800018, 43.412918090000176 ], [ 28.280694961999984, 43.412918090000176 ], [ 28.280694961999984, 43.413192747999972 ], [ 28.2784729010001, 43.413192747999972 ], [ 28.2784729010001, 43.413471221 ], [ 28.275693893000039, 43.413471221 ], [ 28.275693893000039, 43.413192747999972 ], [ 28.274305343000037, 43.413192747999972 ], [ 28.274305343000037, 43.412918090000176 ], [ 28.27319526600013, 43.412918090000176 ], [ 28.27319526600013, 43.412639617000139 ], [ 28.272638320000056, 43.412639617000139 ], [ 28.272638320000056, 43.412361144000101 ], [ 28.272083282000153, 43.412361144000101 ], [ 28.272083282000153, 43.4120826730001 ], [ 28.271804809000116, 43.4120826730001 ], [ 28.271804809000116, 43.411804200000063 ], [ 28.27124977200009, 43.411804200000063 ], [ 28.27124977200009, 43.41152954000006 ], [ 28.270694734000188, 43.41152954000006 ], [ 28.270694734000188, 43.411251069000173 ], [ 28.27041626100015, 43.411251069000173 ], [ 28.27041626100015, 43.410972596000136 ], [ 28.269861222000145, 43.410972596000136 ], [ 28.269861222000145, 43.410694123000098 ], [ 28.269582749000108, 43.410694123000098 ], [ 28.269582749000108, 43.410415650000061 ], [ 28.268194199000163, 43.410415650000061 ], [ 28.268194199000163, 43.410137177000024 ], [ 28.267639161000034, 43.410137177000024 ], [ 28.267639161000034, 43.409862519000058 ], [ 28.267360688, 43.409862519000058 ], [ 28.267360688, 43.409584046000191 ], [ 28.266805649, 43.409584046000191 ], [ 28.266805649, 43.409305573000154 ], [ 28.265417099000047, 43.409305573000154 ], [ 28.265417099000047, 43.409027100000117 ], [ 28.260416030000044, 43.409027100000117 ], [ 28.260416030000044, 43.409305573000154 ], [ 28.259860993000075, 43.409305573000154 ], [ 28.259860993000075, 43.409027100000117 ], [ 28.259305955000173, 43.409027100000117 ], [ 28.259305955000173, 43.40874862700008 ], [ 28.256526947000054, 43.40874862700008 ], [ 28.256526947000054, 43.408473969000113 ], [ 28.255416870000147, 43.408473969000113 ], [ 28.255416870000147, 43.408195496000076 ], [ 28.254028320000032, 43.408195496000076 ], [ 28.254028320000032, 43.407917023000039 ], [ 28.253749847000165, 43.407917023000039 ], [ 28.253749847000165, 43.407638550000172 ], [ 28.253471374000128, 43.407638550000172 ], [ 28.253471374000128, 43.407360077000135 ], [ 28.253194809000036, 43.407360077000135 ], [ 28.253194809000036, 43.407081604000098 ], [ 28.25263977000003, 43.407081604000098 ], [ 28.25263977000003, 43.406806946000074 ], [ 28.252361297, 43.406806946000074 ], [ 28.252361297, 43.406528473000037 ], [ 28.252082824000183, 43.406528473000037 ], [ 28.252082824000183, 43.40597152700019 ], [ 28.251806259000091, 43.40597152700019 ], [ 28.251806259000091, 43.40541839600013 ], [ 28.251527786000054, 43.40541839600013 ], [ 28.251527786000054, 43.404861450000055 ], [ 28.251249313000187, 43.404861450000055 ], [ 28.251249313000187, 43.404304504000152 ], [ 28.250694274000182, 43.404304504000152 ], [ 28.250694274000182, 43.404026031000114 ], [ 28.250139236000109, 43.404026031000114 ], [ 28.250139236000109, 43.403751373000148 ], [ 28.249305724000067, 43.403751373000148 ], [ 28.249305724000067, 43.403472900000111 ], [ 28.248750686000164, 43.403472900000111 ], [ 28.248750686000164, 43.403194427000074 ], [ 28.248193742000069, 43.403194427000074 ], [ 28.248193742000069, 43.402915954000036 ], [ 28.247360230000027, 43.402915954000036 ], [ 28.247360230000027, 43.40263748100017 ], [ 28.246250153000119, 43.40263748100017 ], [ 28.246250153000119, 43.402362823000033 ], [ 28.24541664200018, 43.402362823000033 ], [ 28.24541664200018, 43.402084350000166 ], [ 28.2443046570001, 43.402084350000166 ], [ 28.2443046570001, 43.402362823000033 ], [ 28.244028092000178, 43.402362823000033 ], [ 28.244028092000178, 43.403194427000074 ], [ 28.243749619000141, 43.403194427000074 ], [ 28.243749619000141, 43.404026031000114 ], [ 28.243473053000173, 43.404026031000114 ], [ 28.243473053000173, 43.404582977000189 ], [ 28.243194580000136, 43.404582977000189 ], [ 28.243194580000136, 43.404861450000055 ], [ 28.242916107000099, 43.404861450000055 ], [ 28.242916107000099, 43.40541839600013 ], [ 28.241527557000154, 43.40541839600013 ], [ 28.241527557000154, 43.405139923000092 ], [ 28.240139007000039, 43.405139923000092 ], [ 28.240139007000039, 43.404861450000055 ], [ 28.239027023, 43.404861450000055 ], [ 28.239027023, 43.404582977000189 ], [ 28.235971452000058, 43.404582977000189 ], [ 28.235971452000058, 43.404304504000152 ], [ 28.235404968000125, 43.404304504000152 ] ] ] ] } },
{ "type": "Feature", "properties": { "fid": 33, "GID_2": "BGR.3.6_1", "GID_0": "BGR", "COUNTRY": "Bulgaria", "GID_1": "BGR.3_1", "NAME_1": "Dobrich", "NL_NAME_1": "Добрич", "NAME_2": "Krushari", "VARNAME_2": "NA", "NL_NAME_2": "NA", "TYPE_2": "Obshtina", "ENGTYPE_2": "Municipality", "CC_2": "NA", "HASC_2": "BG.DO.KR" }, "geometry": { "type": "MultiPolygon", "coordinates": [ [ [ [ 27.790607452000131, 43.798820496000076 ], [ 27.790111542000147, 43.798168182999973 ], [ 27.789033889000052, 43.796798706000118 ], [ 27.787946700000077, 43.79532623200015 ], [ 27.785383225000146, 43.792606354000156 ], [ 27.783901215000071, 43.789863586000081 ], [ 27.78051948500007, 43.786754608000194 ], [ 27.778228760000161, 43.783599853000055 ], [ 27.774736404, 43.77921295200008 ], [ 27.771484376000103, 43.776630400999977 ], [ 27.768106460000183, 43.773731231999989 ], [ 27.763099671000077, 43.770687103000114 ], [ 27.761066438000171, 43.769676208000078 ], [ 27.757949829000154, 43.768169404000105 ], [ 27.755630493000069, 43.767490388000056 ], [ 27.752775192000172, 43.767471314000034 ], [ 27.75003623900011, 43.767765046000193 ], [ 27.747428894000109, 43.768383027000084 ], [ 27.744298935000074, 43.769332886000086 ], [ 27.740877152000166, 43.771129608000024 ], [ 27.738832474000105, 43.772251128000107 ], [ 27.735679626000035, 43.773189545000037 ], [ 27.73255920500003, 43.77338409400005 ], [ 27.729856491000021, 43.772735596000075 ], [ 27.725282669000137, 43.770187379000163 ], [ 27.724681853000163, 43.769630433000088 ], [ 27.72216606000012, 43.766197205000083 ], [ 27.720996857999978, 43.762943267000139 ], [ 27.720367431000057, 43.759563446000186 ], [ 27.718797685000027, 43.755584717000033 ], [ 27.716838836000022, 43.751831054000036 ], [ 27.715261459000033, 43.748706818000187 ], [ 27.712888718000045, 43.745407105000083 ], [ 27.709966659000145, 43.742870331000177 ], [ 27.707561493000071, 43.742107391000104 ], [ 27.705553054000063, 43.741539002000081 ], [ 27.701816559000122, 43.740722656 ], [ 27.699527740000178, 43.741107941 ], [ 27.697118759000091, 43.741516113000046 ], [ 27.692153931000178, 43.742534638 ], [ 27.690008163000073, 43.743347169000174 ], [ 27.687974930000166, 43.74488449100005 ], [ 27.685804366000127, 43.746963501000096 ], [ 27.683652878000146, 43.748626709000064 ], [ 27.681898118000049, 43.749954224000192 ], [ 27.678504944000167, 43.752693177000083 ], [ 27.676214217000052, 43.754875184000014 ], [ 27.675113678000059, 43.756816865000189 ], [ 27.674293517000137, 43.75852584800009 ], [ 27.673707962000094, 43.761379241000043 ], [ 27.67299652100013, 43.763301849000129 ], [ 27.672410966000086, 43.766902923000032 ], [ 27.672222137000176, 43.769855499000073 ], [ 27.670932769000046, 43.774852753000175 ], [ 27.670457840000097, 43.778350829000033 ], [ 27.66985511900009, 43.781734467000092 ], [ 27.669664383000111, 43.784908294000047 ], [ 27.669479371000079, 43.787761688000046 ], [ 27.668621064000035, 43.790954590000069 ], [ 27.666692733000048, 43.793762206000054 ], [ 27.664384842000175, 43.796577453000168 ], [ 27.662076950000142, 43.798542023000039 ], [ 27.660041809000063, 43.800186157000155 ], [ 27.656017303000169, 43.802516937000121 ], [ 27.652259827000137, 43.804092408000145 ], [ 27.649719238000159, 43.80490875300012 ], [ 27.646249770000168, 43.805950165000127 ], [ 27.643428803000063, 43.807510376000153 ], [ 27.641262054000094, 43.809669494000104 ], [ 27.640022278, 43.811508178 ], [ 27.63879585300009, 43.813125610999975 ], [ 27.637704850000148, 43.81441879200014 ], [ 27.63542938300003, 43.815425874000141 ], [ 27.633684159000097, 43.816429138000046 ], [ 27.630882263000046, 43.817543030000195 ], [ 27.628311157000155, 43.819206238000106 ], [ 27.625909805000049, 43.820220948000042 ], [ 27.624036789000115, 43.82110977300016 ], [ 27.622432709000122, 43.821899415000132 ], [ 27.621339798000179, 43.823184967000088 ], [ 27.62088966400006, 43.824985504000097 ], [ 27.620462417000169, 43.826362609000114 ], [ 27.620014191, 43.827953339000089 ], [ 27.619699479000076, 43.82985305800014 ], [ 27.618730546000108, 43.831462860000102 ], [ 27.617347718000133, 43.833713531000114 ], [ 27.616643906000149, 43.835102081000059 ], [ 27.614755630000047, 43.836307525000166 ], [ 27.612754821000124, 43.837093354000046 ], [ 27.610887528000092, 43.837448121000193 ], [ 27.608768464000093, 43.837509156000181 ], [ 27.606386185000076, 43.837669374000086 ], [ 27.604278564000026, 43.837619781000171 ], [ 27.598260879000122, 43.836303712000074 ], [ 27.595544814, 43.834388733000026 ], [ 27.59362602200008, 43.832435608000139 ], [ 27.591348648000121, 43.829681397000058 ], [ 27.588659287000098, 43.827453613000159 ], [ 27.586530685000184, 43.827037811000025 ], [ 27.58520317, 43.828704834000177 ], [ 27.583831788000055, 43.830207824000183 ], [ 27.582469939000077, 43.831710815000122 ], [ 27.580041885000071, 43.833232881000129 ], [ 27.577308655000081, 43.836036682000042 ], [ 27.574304581000035, 43.839042663000157 ], [ 27.572658539000088, 43.840980529000092 ], [ 27.569095612000069, 43.844833374000075 ], [ 27.567457198000056, 43.846126557000048 ], [ 27.566577912000128, 43.8484497070001 ], [ 27.566734314000087, 43.851165771000126 ], [ 27.566919328000154, 43.85346221900005 ], [ 27.567043304000094, 43.857013703000064 ], [ 27.567485809000175, 43.859298707000164 ], [ 27.56737709000015, 43.861820221000073 ], [ 27.567012787000124, 43.864337921000185 ], [ 27.566102982000075, 43.86729431200007 ], [ 27.565767289000121, 43.869182588000172 ], [ 27.564331054000036, 43.872150422000061 ], [ 27.563444138000023, 43.874263764000148 ], [ 27.563049317000093, 43.877418519000116 ], [ 27.562953949000018, 43.87994003200015 ], [ 27.563325882000186, 43.883712769000113 ], [ 27.562927246000072, 43.88708114700006 ], [ 27.562795640000161, 43.890243530000191 ], [ 27.562116623, 43.893833161000089 ], [ 27.560897828000179, 43.897846221000123 ], [ 27.560771942000088, 43.900600433000079 ], [ 27.56859397900007, 43.901634216000105 ], [ 27.572143555000082, 43.902732850000064 ], [ 27.575021743000036, 43.903282166000054 ], [ 27.580036163000159, 43.903820038000106 ], [ 27.58503913900006, 43.905487061000144 ], [ 27.590026856000179, 43.907768249000071 ], [ 27.593584060000126, 43.910049438000044 ], [ 27.594942093000157, 43.912940979000098 ], [ 27.59483528100003, 43.916408539000145 ], [ 27.593343734000143, 43.918151855000133 ], [ 27.590362549000133, 43.921054841000171 ], [ 27.586626054000135, 43.924537659000066 ], [ 27.585069656000144, 43.928020477000075 ], [ 27.584926604000032, 43.932655335000049 ], [ 27.587694169000144, 43.937309265000181 ], [ 27.5927181240001, 43.939056397000172 ], [ 27.599117279000097, 43.943733216000112 ], [ 27.603361130000167, 43.947834016000172 ], [ 27.604724884000177, 43.951354981000065 ], [ 27.604597091000187, 43.956035615000076 ], [ 27.606706620000182, 43.958984376000103 ], [ 27.611581803000092, 43.967834473000039 ], [ 27.615863799000181, 43.971981050000068 ], [ 27.620182037000063, 43.974960327000076 ], [ 27.62305641100005, 43.977336883000078 ], [ 27.625215530000048, 43.979122162000067 ], [ 27.631292342000165, 43.979854584000122 ], [ 27.636453629000073, 43.980766297000116 ], [ 27.642576218000102, 43.981201172000169 ], [ 27.652929306000033, 43.984252930000082 ], [ 27.659984589000146, 43.98564529500004 ], [ 27.679689407000183, 43.985500336000086 ], [ 27.683813095000119, 43.985481263000167 ], [ 27.684051514000089, 43.98520279000013 ], [ 27.690866471000049, 43.977180481000119 ], [ 27.698345184, 43.968971254000053 ], [ 27.701070786000116, 43.965980529000149 ], [ 27.711263657000188, 43.958934784000064 ], [ 27.719865800000036, 43.956634521000069 ], [ 27.72515106200018, 43.956661225000175 ], [ 27.728874207000104, 43.955863952000186 ], [ 27.731576919000076, 43.954654693000066 ], [ 27.733634948000145, 43.954204559000118 ], [ 27.736402512000154, 43.953968047999979 ], [ 27.739328384000089, 43.953796388000171 ], [ 27.74215698200004, 43.954627992000098 ], [ 27.744474411000169, 43.955303193000077 ], [ 27.746841431000121, 43.955970765000075 ], [ 27.749507904000041, 43.95678329500015 ], [ 27.750007630000141, 43.956935883000142 ], [ 27.751962661000164, 43.957523345000084 ], [ 27.754507065000041, 43.958282471000189 ], [ 27.754665375000172, 43.958332063000057 ], [ 27.755718232000163, 43.958591462000072 ], [ 27.76041793800016, 43.959033966000106 ], [ 27.762945176000187, 43.959220887000015 ], [ 27.763589859000149, 43.959304811000038 ], [ 27.764402389000054, 43.959342958000093 ], [ 27.765825270999983, 43.959499360000052 ], [ 27.766921997000168, 43.95962143100013 ], [ 27.767309188000127, 43.959671021000133 ], [ 27.769319535000079, 43.95981216500013 ], [ 27.77053451400019, 43.959941864000086 ], [ 27.772960663000106, 43.960121154000035 ], [ 27.774612428000069, 43.960269929000162 ], [ 27.776433945000065, 43.960464478000176 ], [ 27.777439118000189, 43.960536956000112 ], [ 27.778240203000109, 43.960617065000122 ], [ 27.782682419000139, 43.96101760900018 ], [ 27.784978866000188, 43.961219788000164 ], [ 27.788047790000064, 43.961471558000028 ], [ 27.790151596000044, 43.961677552000026 ], [ 27.791572570000028, 43.96179199200003 ], [ 27.792926787999988, 43.961925506000114 ], [ 27.797533035000185, 43.962303162000069 ], [ 27.799896240000066, 43.962524414000086 ], [ 27.802736283000115, 43.96277618400012 ], [ 27.807687760000078, 43.963237763000052 ], [ 27.811109543000157, 43.96355056699997 ], [ 27.812507628999981, 43.963657380000029 ], [ 27.812976838, 43.963668822999978 ], [ 27.81480407600003, 43.963859559000127 ], [ 27.816959382, 43.964038850000179 ], [ 27.817840576000094, 43.964145660000099 ], [ 27.81904602000003, 43.964260101000093 ], [ 27.820276260000185, 43.96435165500003 ], [ 27.822261811000089, 43.964530946000025 ], [ 27.824045182000077, 43.96469879100016 ], [ 27.824331283000049, 43.964729310000109 ], [ 27.833461761000024, 43.942539215000181 ], [ 27.834384919000058, 43.940639496000131 ], [ 27.836669921000066, 43.935806275000175 ], [ 27.840980530000138, 43.930377959999987 ], [ 27.845340729000043, 43.92649841399998 ], [ 27.850410462000013, 43.92208862200016 ], [ 27.852766037000151, 43.915382385000157 ], [ 27.854997635000075, 43.909755707000159 ], [ 27.854753493000089, 43.907577515000071 ], [ 27.855899812000189, 43.904102326000043 ], [ 27.854976653999984, 43.901126862000069 ], [ 27.856742859000065, 43.898532868000189 ], [ 27.855718613000192, 43.893646239000077 ], [ 27.85585403500005, 43.887611389000085 ], [ 27.855070113000181, 43.884361267000088 ], [ 27.851219177000075, 43.87904358000003 ], [ 27.847345351000172, 43.875469208000027 ], [ 27.843469619000132, 43.871677400000181 ], [ 27.841529846000128, 43.869987488000163 ], [ 27.841005326000072, 43.867378236000093 ], [ 27.841333389000113, 43.86451721200018 ], [ 27.840839386000027, 43.860168458000089 ], [ 27.839775086000088, 43.856273651000151 ], [ 27.837846756000033, 43.853713990000188 ], [ 27.835052490000123, 43.852722169000117 ], [ 27.831705093000153, 43.851520538000045 ], [ 27.827798843000096, 43.850341797000112 ], [ 27.823627472000169, 43.848079682000105 ], [ 27.81748771700012, 43.846530914000027 ], [ 27.815313340000046, 43.842880250000121 ], [ 27.814237595000122, 43.839668275 ], [ 27.811479568000095, 43.837783814000147 ], [ 27.808149336999975, 43.836353302000134 ], [ 27.804828644000111, 43.834926605000078 ], [ 27.800964355000076, 43.832656861000089 ], [ 27.798616410000193, 43.829055787000186 ], [ 27.797000885000045, 43.82608795100009 ], [ 27.795923234000156, 43.823951721000128 ], [ 27.795955658000139, 43.822006225000052 ], [ 27.796276093000131, 43.819190980000087 ], [ 27.795501709000177, 43.81555175699998 ], [ 27.793867110000178, 43.813648223000087 ], [ 27.791963578000093, 43.811981202000084 ], [ 27.789777756000035, 43.8105430600001 ], [ 27.788707733000081, 43.808631898000044 ], [ 27.788478852000026, 43.805633545000035 ], [ 27.788507461, 43.8036956790001 ], [ 27.788820266000073, 43.801528930000131 ], [ 27.78967475900015, 43.799568176000093 ], [ 27.790607452000131, 43.798820496000076 ] ] ] ] } },
{ "type": "Feature", "properties": { "fid": 34, "GID_2": "BGR.3.7_1", "GID_0": "BGR", "COUNTRY": "Bulgaria", "GID_1": "BGR.3_1", "NAME_1": "Dobrich", "NL_NAME_1": "Добрич", "NAME_2": "Shabla", "VARNAME_2": "Şabla", "NL_NAME_2": "Шабла", "TYPE_2": "Obshtina", "ENGTYPE_2": "Municipality", "CC_2": "NA", "HASC_2": "BG.DO.SH" }, "geometry": { "type": "MultiPolygon", "coordinates": [ [ [ [ 28.391189575000112, 43.669593811000141 ], [ 28.393507004000071, 43.674259186000029 ], [ 28.395320891000154, 43.676967621000074 ], [ 28.40054512100005, 43.68042755100015 ], [ 28.40724372800014, 43.684013366000102 ], [ 28.417257309000092, 43.687572480000085 ], [ 28.421373367000115, 43.68999481100002 ], [ 28.424358367000025, 43.692428590000077 ], [ 28.427291869999976, 43.695644379000157 ], [ 28.429748535000158, 43.699638366000102 ], [ 28.42975425700007, 43.703880310000102 ], [ 28.429271697000104, 43.706565858000033 ], [ 28.428262710000013, 43.70846176200007 ], [ 28.428113938000138, 43.709445953000056 ], [ 28.427785873000118, 43.711551666000105 ], [ 28.427818299000137, 43.713108062000117 ], [ 28.428413392000039, 43.716224670000031 ], [ 28.431659699000193, 43.718627930000139 ], [ 28.435918808000054, 43.719863891000159 ], [ 28.441087723000066, 43.721111297000164 ], [ 28.445854187000123, 43.722370148000152 ], [ 28.449575424000045, 43.724418640000181 ], [ 28.451744080000083, 43.725662232000047 ], [ 28.454219819, 43.727306367000097 ], [ 28.46708488400003, 43.733837128000175 ], [ 28.470033645000171, 43.735622407000164 ], [ 28.489528656000175, 43.736511231000179 ], [ 28.49919509900019, 43.737903596000194 ], [ 28.503358841000079, 43.738502502000188 ], [ 28.529348374000108, 43.738277436000033 ], [ 28.54967308099998, 43.739147187000128 ], [ 28.567047118, 43.739864350000062 ], [ 28.578269959000181, 43.740325927000129 ], [ 28.579860686000075, 43.740417481000065 ], [ 28.579860686000075, 43.739860535 ], [ 28.579584121000039, 43.739860535 ], [ 28.579584121000039, 43.738750458000084 ], [ 28.579305648000172, 43.738750458000084 ], [ 28.579305648000172, 43.737915039000143 ], [ 28.579027177000114, 43.737915039000143 ], [ 28.579027177000114, 43.735973358000194 ], [ 28.578750610999975, 43.735973358000194 ], [ 28.578750610999975, 43.734584808000193 ], [ 28.578472138000109, 43.734584808000193 ], [ 28.578472138000109, 43.734306335000156 ], [ 28.577917100000036, 43.734306335000156 ], [ 28.577917100000036, 43.734027862000119 ], [ 28.577362061000031, 43.734027862000119 ], [ 28.577360154000132, 43.733749389000081 ], [ 28.577083588000164, 43.733749389000081 ], [ 28.577083588000164, 43.733470916000044 ], [ 28.576528550000091, 43.733470916000044 ], [ 28.576528550000091, 43.733196258000078 ], [ 28.575138092000145, 43.733196258000078 ], [ 28.575138092000145, 43.732639312000174 ], [ 28.57486152700011, 43.732639312000174 ], [ 28.57486152700011, 43.731803895000041 ], [ 28.574583054000072, 43.731803895000041 ], [ 28.574583054000072, 43.730693818000134 ], [ 28.574306488000104, 43.730693818000134 ], [ 28.574304581000035, 43.729026795000152 ], [ 28.574028015000067, 43.729026795000152 ], [ 28.574028015000067, 43.72735977200017 ], [ 28.57374954200003, 43.72735977200017 ], [ 28.57374954200003, 43.725971222 ], [ 28.573472977000108, 43.725971222 ], [ 28.573472977000108, 43.725418091000165 ], [ 28.573194504000071, 43.725418091000165 ], [ 28.573194504000071, 43.724861145000091 ], [ 28.572916031000034, 43.724861145000091 ], [ 28.572916031000034, 43.724304199000187 ], [ 28.572639465000066, 43.724304199000187 ], [ 28.572639465000066, 43.723033905000079 ], [ 28.572639465000066, 43.722915649000072 ], [ 28.57272148200019, 43.722915649000072 ], [ 28.572916031000034, 43.722915649000072 ], [ 28.572916031000034, 43.722637176000035 ], [ 28.572916031000034, 43.720695495000029 ], [ 28.573194504000071, 43.720695495000029 ], [ 28.573194504000071, 43.719306945000085 ], [ 28.573472977000108, 43.719306945000085 ], [ 28.573472977000108, 43.718471528000123 ], [ 28.57374954200003, 43.718471528000123 ], [ 28.57374954200003, 43.717361451000045 ], [ 28.574028015000067, 43.717361451000045 ], [ 28.574028015000067, 43.716526032000104 ], [ 28.574304581000035, 43.716526032000104 ], [ 28.574306488000104, 43.715694428000063 ], [ 28.574583054000072, 43.715694428000063 ], [ 28.574583054000072, 43.714862824000193 ], [ 28.57486152700011, 43.714862824000193 ], [ 28.57486152700011, 43.713748932000044 ], [ 28.575138092000145, 43.713748932000044 ], [ 28.575138092000145, 43.712917328000117 ], [ 28.575416565000182, 43.712917328000117 ], [ 28.575416565000182, 43.712081909 ], [ 28.575695038000049, 43.712081909 ], [ 28.575695038000049, 43.711250305000135 ], [ 28.575971604000188, 43.711250305000135 ], [ 28.575971604000188, 43.710693359000061 ], [ 28.576250077000054, 43.710693359000061 ], [ 28.576250077000054, 43.710414886000194 ], [ 28.576528550000091, 43.710414886000194 ], [ 28.576528550000091, 43.710140228000057 ], [ 28.576805115000127, 43.710140228000057 ], [ 28.576805115000127, 43.70986175500019 ], [ 28.577083588000164, 43.70986175500019 ], [ 28.577083588000164, 43.709583282000153 ], [ 28.577360154000132, 43.709583282000153 ], [ 28.577362061000031, 43.709304809000116 ], [ 28.577638627000169, 43.709304809000116 ], [ 28.577638627000169, 43.709026338000058 ], [ 28.577917100000036, 43.709026338000058 ], [ 28.577917100000036, 43.708751678000056 ], [ 28.578193665000072, 43.708751678000056 ], [ 28.578193665000072, 43.708473205000018 ], [ 28.578472138000109, 43.708473205000018 ], [ 28.578472138000109, 43.706806184000072 ], [ 28.578193665000072, 43.706806184000072 ], [ 28.578193665000072, 43.706390382000109 ], [ 28.578193665000072, 43.706249238000169 ], [ 28.578094483000086, 43.706249238000169 ], [ 28.577917100000036, 43.706249238000169 ], [ 28.577917100000036, 43.706001281000169 ], [ 28.577917100000036, 43.705696107000108 ], [ 28.577701568000123, 43.705696107000108 ], [ 28.577638627000169, 43.705696107000108 ], [ 28.577638627000169, 43.705608368000071 ], [ 28.577638627000169, 43.70458221500013 ], [ 28.577917100000036, 43.70458221500013 ], [ 28.577917100000036, 43.704029084000126 ], [ 28.577638627000169, 43.704029084000126 ], [ 28.577638627000169, 43.703750611000089 ], [ 28.577362061000031, 43.703750611000089 ], [ 28.577360154000132, 43.703472138000052 ], [ 28.577083588000164, 43.703472138000052 ], [ 28.577083588000164, 43.703193665000185 ], [ 28.576805115000127, 43.703193665000185 ], [ 28.576805115000127, 43.702083588000107 ], [ 28.577083588000164, 43.702083588000107 ], [ 28.577083588000164, 43.700973510999972 ], [ 28.576805115000127, 43.700973510999972 ], [ 28.576805115000127, 43.700416565000126 ], [ 28.576528550000091, 43.700416565000126 ], [ 28.576528550000091, 43.700138092000088 ], [ 28.575138092000145, 43.700138092000088 ], [ 28.575138092000145, 43.699859619000051 ], [ 28.574583054000072, 43.699859619000051 ], [ 28.574583054000072, 43.699584961000028 ], [ 28.574028015000067, 43.699584961000028 ], [ 28.574028015000067, 43.699306488000161 ], [ 28.57374954200003, 43.699306488000161 ], [ 28.57374954200003, 43.699028015000124 ], [ 28.573194504000071, 43.699028015000124 ], [ 28.573194504000071, 43.698749542000087 ], [ 28.572639465000066, 43.698749542000087 ], [ 28.572639465000066, 43.69847106900005 ], [ 28.570972442000084, 43.69847106900005 ], [ 28.570972442000084, 43.698192596000013 ], [ 28.569305419000102, 43.698192596000013 ], [ 28.569305419000102, 43.697917938000046 ], [ 28.569026946000065, 43.697917938000046 ], [ 28.569026946000065, 43.697639465000179 ], [ 28.568750380999973, 43.697639465000179 ], [ 28.568750380999973, 43.697360992000142 ], [ 28.568471908000163, 43.697360992000142 ], [ 28.568471908000163, 43.697082521000084 ], [ 28.568195341999967, 43.697082521000084 ], [ 28.568195341999967, 43.696804048000047 ], [ 28.567916869000157, 43.696804048000047 ], [ 28.567916869000157, 43.696529388000101 ], [ 28.567361833000064, 43.696529388000101 ], [ 28.567361833000064, 43.696250917000043 ], [ 28.567083360000026, 43.696250917000043 ], [ 28.567083360000026, 43.695972444000176 ], [ 28.566610335, 43.695972444000176 ], [ 28.565416336999988, 43.695972444000176 ], [ 28.565416336999988, 43.695693971000139 ], [ 28.56513977100002, 43.695693971000139 ], [ 28.56513977100002, 43.695415498000102 ], [ 28.564861297999983, 43.695415498000102 ], [ 28.564861297999983, 43.694862367000098 ], [ 28.564582825000116, 43.694862367000098 ], [ 28.564582825000116, 43.694583894000061 ], [ 28.56430626000008, 43.694583894000061 ], [ 28.56430626000008, 43.694305421000195 ], [ 28.564027787000043, 43.694305421000195 ], [ 28.564027787000043, 43.693473817000154 ], [ 28.563749314000177, 43.693473817000154 ], [ 28.563749314000177, 43.692359925000176 ], [ 28.564027787000043, 43.692359925000176 ], [ 28.564027787000043, 43.691528321000078 ], [ 28.56430626000008, 43.691528321000078 ], [ 28.56430626000008, 43.690971375 ], [ 28.564027787000043, 43.690971375 ], [ 28.564027787000043, 43.690692902000137 ], [ 28.563472748000038, 43.690692902000137 ], [ 28.563472748000038, 43.69041824400017 ], [ 28.563194275000171, 43.69041824400017 ], [ 28.563194275000171, 43.689582825000059 ], [ 28.563472748000038, 43.689582825000059 ], [ 28.563472748000038, 43.68125152600004 ], [ 28.563749314000177, 43.68125152600004 ], [ 28.563749314000177, 43.677917480000076 ], [ 28.564027787000043, 43.677917480000076 ], [ 28.564027787000043, 43.677082061000135 ], [ 28.56430626000008, 43.677082061000135 ], [ 28.56430626000008, 43.676250457000037 ], [ 28.564582825000116, 43.676250457000037 ], [ 28.564582825000116, 43.67514038000013 ], [ 28.564861297999983, 43.67514038000013 ], [ 28.564861297999983, 43.674304963 ], [ 28.56513977100002, 43.674304963 ], [ 28.56513977100002, 43.673473359000127 ], [ 28.565416336999988, 43.673473359000127 ], [ 28.565416336999988, 43.672977449000143 ], [ 28.565416336999988, 43.672916413000053 ], [ 28.565694810000025, 43.672916413000053 ], [ 28.565694810000025, 43.672359467000149 ], [ 28.565971375000117, 43.672359467000149 ], [ 28.565971375000117, 43.671806336000145 ], [ 28.566249848000155, 43.671806336000145 ], [ 28.566249848000155, 43.671249390000071 ], [ 28.566528321000192, 43.671249390000071 ], [ 28.566528321000192, 43.670696259000067 ], [ 28.56680488700016, 43.670696259000067 ], [ 28.56680488700016, 43.669937134 ], [ 28.56680488700016, 43.669582367000089 ], [ 28.566528321000192, 43.669582367000089 ], [ 28.566528321000192, 43.665973663000102 ], [ 28.56680488700016, 43.665973663000102 ], [ 28.56680488700016, 43.665416717000028 ], [ 28.567083360000026, 43.665416717000028 ], [ 28.567083360000026, 43.664859771000124 ], [ 28.567361833000064, 43.664859771000124 ], [ 28.567361833000064, 43.663471221000179 ], [ 28.567083360000026, 43.663471221000179 ], [ 28.567083360000026, 43.660694123000042 ], [ 28.567361833000064, 43.660694123000042 ], [ 28.567361833000064, 43.658473969000056 ], [ 28.567638398000099, 43.658473969000056 ], [ 28.567638398000099, 43.658195496000189 ], [ 28.567916869000157, 43.658195496000189 ], [ 28.567916869000157, 43.657917023000152 ], [ 28.568195341999967, 43.657917023000152 ], [ 28.568195341999967, 43.656806946000074 ], [ 28.567916869000157, 43.656806946000074 ], [ 28.567916869000157, 43.655139923000036 ], [ 28.567638398000099, 43.655139923000036 ], [ 28.567638398000099, 43.653751373000091 ], [ 28.567916869000157, 43.653751373000091 ], [ 28.567916869000157, 43.653194427000187 ], [ 28.568195341999967, 43.653194427000187 ], [ 28.568195341999967, 43.652637481000113 ], [ 28.568471908000163, 43.652637481000113 ], [ 28.568471908000163, 43.652362823000146 ], [ 28.569026946000065, 43.652362823000146 ], [ 28.569026946000065, 43.651805877000072 ], [ 28.569305419000102, 43.651805877000072 ], [ 28.569305419000102, 43.65097046000011 ], [ 28.569583892000139, 43.65097046000011 ], [ 28.569583892000139, 43.650417329000106 ], [ 28.569860458000107, 43.650417329000106 ], [ 28.569860458000107, 43.649860383000032 ], [ 28.570138931000145, 43.649860383000032 ], [ 28.570138931000145, 43.649581910000165 ], [ 28.570417404000182, 43.649581910000165 ], [ 28.570417404000182, 43.649028779000162 ], [ 28.570693969000047, 43.649028779000162 ], [ 28.570693969000047, 43.648750306000125 ], [ 28.570972442000084, 43.648750306000125 ], [ 28.570972442000084, 43.64819336000005 ], [ 28.571250915000121, 43.64819336000005 ], [ 28.571250915000121, 43.647914887000184 ], [ 28.571527481000089, 43.647914887000184 ], [ 28.571527481000089, 43.647640229 ], [ 28.571805954000126, 43.647640229 ], [ 28.571805954000126, 43.647083283000086 ], [ 28.572082519, 43.647083283000086 ], [ 28.572082519, 43.646804810000049 ], [ 28.572360992000029, 43.646804810000049 ], [ 28.572360992000029, 43.646251679000045 ], [ 28.572639465000066, 43.646251679000045 ], [ 28.572639465000066, 43.645973206000178 ], [ 28.572916031000034, 43.645973206000178 ], [ 28.572916031000034, 43.645416260000104 ], [ 28.573194504000071, 43.645416260000104 ], [ 28.573194504000071, 43.645137787000067 ], [ 28.573472977000108, 43.645137787000067 ], [ 28.573472977000108, 43.644584656000063 ], [ 28.57374954200003, 43.644584656000063 ], [ 28.57374954200003, 43.644306183000026 ], [ 28.574028015000067, 43.644306183000026 ], [ 28.574028015000067, 43.643749237000122 ], [ 28.574304581000035, 43.643749237000122 ], [ 28.574306488000104, 43.643470764000085 ], [ 28.574583054000072, 43.643470764000085 ], [ 28.574583054000072, 43.643196106000119 ], [ 28.57486152700011, 43.643196106000119 ], [ 28.57486152700011, 43.642639160000044 ], [ 28.575138092000145, 43.642639160000044 ], [ 28.575138092000145, 43.642360687000178 ], [ 28.575416565000182, 43.642360687000178 ], [ 28.575416565000182, 43.641803741000103 ], [ 28.575695038000049, 43.641803741000103 ], [ 28.575695038000049, 43.64152908300008 ], [ 28.575971604000188, 43.64152908300008 ], [ 28.575971604000188, 43.641250610000043 ], [ 28.576250077000054, 43.641250610000043 ], [ 28.576250077000054, 43.640972137 ], [ 28.576528550000091, 43.640972137 ], [ 28.576528550000091, 43.640693663999969 ], [ 28.576805115000127, 43.640693663999969 ], [ 28.576805115000127, 43.640140533000135 ], [ 28.577083588000164, 43.640140533000135 ], [ 28.577083588000164, 43.639862060000098 ], [ 28.577360154000132, 43.639862060000098 ], [ 28.577362061000031, 43.63958358900004 ], [ 28.577638627000169, 43.63958358900004 ], [ 28.577638627000169, 43.639305116 ], [ 28.577917100000036, 43.639305116 ], [ 28.577917100000036, 43.639026643000193 ], [ 28.578193665000072, 43.639026643000193 ], [ 28.578193665000072, 43.638748170000156 ], [ 28.578472138000109, 43.638748170000156 ], [ 28.578472138000109, 43.638195039000095 ], [ 28.578750610999975, 43.638195039000095 ], [ 28.578750610999975, 43.637916566000058 ], [ 28.579027177000114, 43.637916566000058 ], [ 28.579027177000114, 43.637828827000192 ], [ 28.579027177000114, 43.637638093000191 ], [ 28.579305648000172, 43.637638093000191 ], [ 28.579305648000172, 43.635971070000039 ], [ 28.579027177000114, 43.635971070000039 ], [ 28.579027177000114, 43.635692597000173 ], [ 28.578750610999975, 43.635692597000173 ], [ 28.578750610999975, 43.635417939000035 ], [ 28.578472138000109, 43.635417939000035 ], [ 28.578472138000109, 43.635139466000169 ], [ 28.577917100000036, 43.635139466000169 ], [ 28.577917100000036, 43.634860993000132 ], [ 28.577638627000169, 43.634860993000132 ], [ 28.577638627000169, 43.634582520000095 ], [ 28.577917100000036, 43.634582520000095 ], [ 28.577917100000036, 43.634304047000057 ], [ 28.577638627000169, 43.634304047000057 ], [ 28.577638627000169, 43.634029389000034 ], [ 28.577362061000031, 43.634029389000034 ], [ 28.577360154000132, 43.633750916 ], [ 28.577074051000181, 43.633750916 ], [ 28.576805115000127, 43.633750916 ], [ 28.576805115000127, 43.63347244300013 ], [ 28.576528550000091, 43.63347244300013 ], [ 28.576528550000091, 43.633193970000093 ], [ 28.576250077000054, 43.633193970000093 ], [ 28.576250077000054, 43.632915497000056 ], [ 28.575971604000188, 43.632915497000056 ], [ 28.575971604000188, 43.632637024000019 ], [ 28.575416565000182, 43.632637024000019 ], [ 28.575416565000182, 43.632362366000052 ], [ 28.575138092000145, 43.632362366000052 ], [ 28.575138092000145, 43.630973816000107 ], [ 28.57486152700011, 43.630973816000107 ], [ 28.57486152700011, 43.63069534300007 ], [ 28.574583054000072, 43.63069534300007 ], [ 28.574583054000072, 43.630416870000033 ], [ 28.574306488000104, 43.630416870000033 ], [ 28.574304581000035, 43.630138397000167 ], [ 28.574028015000067, 43.630138397000167 ], [ 28.574028015000067, 43.629859924000129 ], [ 28.57374954200003, 43.629859924000129 ], [ 28.57374954200003, 43.629585266000163 ], [ 28.573472977000108, 43.629581453000071 ], [ 28.573472977000108, 43.629306793000126 ], [ 28.573194504000071, 43.629306793000126 ], [ 28.573194504000071, 43.628471376000164 ], [ 28.572916031000034, 43.628471376000164 ], [ 28.572916031000034, 43.625972749000084 ], [ 28.573194504000071, 43.625972749000084 ], [ 28.573194504000071, 43.625694276000047 ], [ 28.573472977000108, 43.625694276000047 ], [ 28.573472977000108, 43.624862672000177 ], [ 28.573194504000071, 43.624862672000177 ], [ 28.573194504000071, 43.622638703000121 ], [ 28.573472977000108, 43.622638703000121 ], [ 28.573472977000108, 43.622081757000046 ], [ 28.57374954200003, 43.622081757000046 ], [ 28.57374954200003, 43.621528626000043 ], [ 28.574028015000067, 43.621528626000043 ], [ 28.574028015000067, 43.620643616000166 ], [ 28.574028015000067, 43.620418549000078 ], [ 28.57393074099997, 43.620418549000078 ], [ 28.57374954200003, 43.620418549000078 ], [ 28.57374954200003, 43.619995118000134 ], [ 28.57374954200003, 43.619583130000137 ], [ 28.574028015000067, 43.619583130000137 ], [ 28.574028015000067, 43.619304656000054 ], [ 28.574583054000072, 43.619304656000054 ], [ 28.574583054000072, 43.619026183000187 ], [ 28.57486152700011, 43.619026183000187 ], [ 28.57486152700011, 43.618751526000096 ], [ 28.575971604000188, 43.618751526000096 ], [ 28.575971604000188, 43.617916106000052 ], [ 28.575695038000049, 43.617916106000052 ], [ 28.575695038000049, 43.617362976000152 ], [ 28.575138092000145, 43.617362976000152 ], [ 28.575138092000145, 43.617084503000115 ], [ 28.574306488000104, 43.617084503000115 ], [ 28.574304581000035, 43.616806031000181 ], [ 28.57374954200003, 43.616806031000181 ], [ 28.57374954200003, 43.616527558000143 ], [ 28.572916031000034, 43.616527558000143 ], [ 28.572916031000034, 43.616249085000106 ], [ 28.57214164700008, 43.616249085000106 ], [ 28.571805954000126, 43.616249085000106 ], [ 28.571805954000126, 43.615970612000069 ], [ 28.571527481000089, 43.615970612000069 ], [ 28.571527481000089, 43.615417481000179 ], [ 28.571250915000121, 43.615417481000179 ], [ 28.571250915000121, 43.615139008000142 ], [ 28.570972442000084, 43.615139008000142 ], [ 28.570972442000084, 43.614860535000105 ], [ 28.570693969000047, 43.614860535000105 ], [ 28.570693969000047, 43.614582062000068 ], [ 28.570417404000182, 43.614582062000068 ], [ 28.570417404000182, 43.613750458000027 ], [ 28.570138931000145, 43.613750458000027 ], [ 28.570138931000145, 43.612361908000082 ], [ 28.569860458000107, 43.612361908000082 ], [ 28.569860458000107, 43.610939027000029 ], [ 28.569860458000107, 43.610137938999969 ], [ 28.570138931000145, 43.610137938999969 ], [ 28.570138931000145, 43.608196258000191 ], [ 28.570417404000182, 43.608196258000191 ], [ 28.570417404000182, 43.60736083900008 ], [ 28.570188523000127, 43.60736083900008 ], [ 28.570138931000145, 43.60736083900008 ], [ 28.570138931000145, 43.606803893000176 ], [ 28.569860458000107, 43.606803893000176 ], [ 28.569860458000107, 43.606250762000172 ], [ 28.569583892000139, 43.606250762000172 ], [ 28.569583892000139, 43.605693818000077 ], [ 28.569305419000102, 43.605693818000077 ], [ 28.569305419000102, 43.603195191 ], [ 28.568471908000163, 43.603195191 ], [ 28.568471908000163, 43.602359772000113 ], [ 28.568195341999967, 43.602359772000113 ], [ 28.568195341999967, 43.601528168000186 ], [ 28.568471908000163, 43.601528168000186 ], [ 28.568471908000163, 43.600418091000108 ], [ 28.568750380999973, 43.600418091000108 ], [ 28.568750380999973, 43.59930419900013 ], [ 28.569026946000065, 43.59930419900013 ], [ 28.569026946000065, 43.598194122000052 ], [ 28.569305419000102, 43.598194122000052 ], [ 28.569305419000102, 43.597362518000125 ], [ 28.569583892000139, 43.597362518000125 ], [ 28.569583892000139, 43.596805572000051 ], [ 28.569860458000107, 43.596805572000051 ], [ 28.569860458000107, 43.596248625999976 ], [ 28.570138931000145, 43.596248625999976 ], [ 28.570138931000145, 43.595695495000143 ], [ 28.570417404000182, 43.595695495000143 ], [ 28.570417404000182, 43.595138549000069 ], [ 28.570693969000047, 43.595138549000069 ], [ 28.570693969000047, 43.59458160500003 ], [ 28.570972442000084, 43.59458160500003 ], [ 28.570972442000084, 43.593471528000066 ], [ 28.571250915000121, 43.593471528000066 ], [ 28.571250915000121, 43.591526032000047 ], [ 28.571527481000089, 43.591526032000047 ], [ 28.571527481000089, 43.590137482000102 ], [ 28.571805954000126, 43.590137482000102 ], [ 28.571805954000126, 43.589584351000042 ], [ 28.572082519, 43.589584351000042 ], [ 28.572082519, 43.588748932000158 ], [ 28.572360992000029, 43.588748932000158 ], [ 28.572360992000029, 43.588195801000097 ], [ 28.572639465000066, 43.588195801000097 ], [ 28.572639465000066, 43.587360382000156 ], [ 28.572916031000034, 43.587360382000156 ], [ 28.572916031000034, 43.586528778000115 ], [ 28.573194504000071, 43.586528778000115 ], [ 28.573194504000071, 43.585971832000041 ], [ 28.573472977000108, 43.585971832000041 ], [ 28.573472977000108, 43.585140228000171 ], [ 28.57374954200003, 43.585140228000171 ], [ 28.57374954200003, 43.584583282000096 ], [ 28.574028015000067, 43.584583282000096 ], [ 28.574028015000067, 43.584026336000193 ], [ 28.574304581000035, 43.584026336000193 ], [ 28.574306488000104, 43.583473205000132 ], [ 28.574583054000072, 43.583473205000132 ], [ 28.574583054000072, 43.582916261000094 ], [ 28.57486152700011, 43.582916261000094 ], [ 28.57486152700011, 43.58235931500019 ], [ 28.575138092000145, 43.58235931500019 ], [ 28.575138092000145, 43.582084657 ], [ 28.575416565000182, 43.582084657 ], [ 28.575416565000182, 43.581527711000149 ], [ 28.575695038000049, 43.581527711000149 ], [ 28.575695038000049, 43.580970765000075 ], [ 28.575971604000188, 43.580970765000075 ], [ 28.575971604000188, 43.580696107000051 ], [ 28.576250077000054, 43.580696107000051 ], [ 28.576250077000054, 43.580417634000185 ], [ 28.576528550000091, 43.580417634000185 ], [ 28.576528550000091, 43.580139161000147 ], [ 28.576805115000127, 43.580139161000147 ], [ 28.576805115000127, 43.57986068800011 ], [ 28.577083588000164, 43.57986068800011 ], [ 28.577083588000164, 43.579582215000073 ], [ 28.577360154000132, 43.579582215000073 ], [ 28.577362061000031, 43.579303742000036 ], [ 28.577638627000169, 43.579303742000036 ], [ 28.577638627000169, 43.579029084000069 ], [ 28.577917100000036, 43.579029084000069 ], [ 28.577917100000036, 43.578750611000032 ], [ 28.578193665000072, 43.578750611000032 ], [ 28.578193665000072, 43.578472138000166 ], [ 28.578472138000109, 43.578472138000166 ], [ 28.578472138000109, 43.578193665000128 ], [ 28.578750610999975, 43.578193665000128 ], [ 28.578750610999975, 43.577915192000091 ], [ 28.579027177000114, 43.577915192000091 ], [ 28.579027177000114, 43.577640534000125 ], [ 28.579305648000172, 43.577640534000125 ], [ 28.579305648000172, 43.577362061000088 ], [ 28.579584121000039, 43.577362061000088 ], [ 28.579584121000039, 43.576805115000184 ], [ 28.579860686000075, 43.576805115000184 ], [ 28.579860686000075, 43.576526642000147 ], [ 28.580139159000112, 43.576526642000147 ], [ 28.580139159000112, 43.57624816900011 ], [ 28.58041572500008, 43.57624816900011 ], [ 28.58041572500008, 43.575973511000086 ], [ 28.580694198000117, 43.575973511000086 ], [ 28.580694198000117, 43.575695038000049 ], [ 28.580972671000154, 43.575695038000049 ], [ 28.580972671000154, 43.575416565000012 ], [ 28.581249236000076, 43.575416565000012 ], [ 28.581249236000076, 43.575138091999975 ], [ 28.581527709000113, 43.575138091999975 ], [ 28.581527709000113, 43.574584961000141 ], [ 28.58180618200015, 43.574584961000141 ], [ 28.58180618200015, 43.574028015000067 ], [ 28.582082748000118, 43.574028015000067 ], [ 28.582082748000118, 43.57374954200003 ], [ 28.582361221000156, 43.57374954200003 ], [ 28.582361221000156, 43.573192596000126 ], [ 28.582639694000193, 43.573192596000126 ], [ 28.582639694000193, 43.57291793800016 ], [ 28.582916259000058, 43.57291793800016 ], [ 28.582916259000058, 43.572639465000123 ], [ 28.583194732000095, 43.572639465000123 ], [ 28.583194732000095, 43.572360992000085 ], [ 28.583471298000063, 43.572360992000085 ], [ 28.583471298000063, 43.572082521000027 ], [ 28.5837497710001, 43.572082521000027 ], [ 28.5837497710001, 43.571804048 ], [ 28.584304809000173, 43.571804048 ], [ 28.584304809000173, 43.571529388000044 ], [ 28.58458328200004, 43.571529388000044 ], [ 28.58458328200004, 43.571250915000178 ], [ 28.584861755000077, 43.571250915000178 ], [ 28.584861755000077, 43.57097244400012 ], [ 28.585138321000045, 43.57097244400012 ], [ 28.585138321000045, 43.570693971000082 ], [ 28.585416794000082, 43.570693971000082 ], [ 28.585416794000082, 43.570415498000045 ], [ 28.585695267000119, 43.570415498000045 ], [ 28.585695267000119, 43.570137025000179 ], [ 28.585971831999984, 43.570137025000179 ], [ 28.585971831999984, 43.569583894000175 ], [ 28.586250305000021, 43.569583894000175 ], [ 28.586250305000021, 43.569305421000138 ], [ 28.586526871, 43.569305421000138 ], [ 28.586526871, 43.569026948000101 ], [ 28.586805344000027, 43.569026948000101 ], [ 28.586805344000027, 43.568748475000064 ], [ 28.587083817000064, 43.568748475000064 ], [ 28.587083817000064, 43.568195344 ], [ 28.587360382000156, 43.568195344 ], [ 28.587360382000156, 43.567638398000156 ], [ 28.587083817000064, 43.567638398000156 ], [ 28.587083817000064, 43.567081452000082 ], [ 28.588750840000102, 43.567081452000082 ], [ 28.588750840000102, 43.566528321000192 ], [ 28.589027405000138, 43.566528321000192 ], [ 28.589027405000138, 43.565971375000117 ], [ 28.589305878000175, 43.565971375000117 ], [ 28.589305878000175, 43.565418244000114 ], [ 28.589582444000143, 43.565418244000114 ], [ 28.589582444000143, 43.564861298000039 ], [ 28.589860917000181, 43.564861298000039 ], [ 28.589860917000181, 43.564304352000136 ], [ 28.590139390000047, 43.564304352000136 ], [ 28.590139390000047, 43.563751221000132 ], [ 28.590415955000083, 43.563751221000132 ], [ 28.590415955000083, 43.563472748000095 ], [ 28.590972900000054, 43.563472748000095 ], [ 28.590972900000054, 43.563194275000058 ], [ 28.591249465000146, 43.563194275000058 ], [ 28.591249465000146, 43.562915802000191 ], [ 28.59180641100005, 43.562915802000191 ], [ 28.59180641100005, 43.562637329000154 ], [ 28.592082977000189, 43.562637329000154 ], [ 28.592082977000189, 43.56236267100013 ], [ 28.592638015000091, 43.56236267100013 ], [ 28.592638015000091, 43.562084198000093 ], [ 28.592916488000128, 43.562084198000093 ], [ 28.592916488000128, 43.561805725000056 ], [ 28.593471527000133, 43.561805725000056 ], [ 28.593471527000133, 43.561527252000019 ], [ 28.593750000000171, 43.561527252000019 ], [ 28.593750000000171, 43.561248778999982 ], [ 28.594305038000073, 43.561248778999982 ], [ 28.594305038000073, 43.560974121000186 ], [ 28.596250534000148, 43.560970308000151 ], [ 28.596250534000148, 43.560417175000111 ], [ 28.596527100000117, 43.560417175000111 ], [ 28.596527100000117, 43.559581758000036 ], [ 28.596805573000154, 43.559581758000036 ], [ 28.596805573000154, 43.559028627000146 ], [ 28.598749161000171, 43.559028627000146 ], [ 28.598749161000171, 43.558750154000109 ], [ 28.599027634000038, 43.558750154000109 ], [ 28.599027634000038, 43.558193208000034 ], [ 28.599306107000075, 43.558193208000034 ], [ 28.599306107000075, 43.55764007700003 ], [ 28.599027634000038, 43.55764007700003 ], [ 28.599027634000038, 43.557361604000164 ], [ 28.599306107000075, 43.557361604000164 ], [ 28.599306107000075, 43.55680465800009 ], [ 28.600416183999982, 43.55680465800009 ], [ 28.600416183999982, 43.55652618400012 ], [ 28.60069465700002, 43.55652618400012 ], [ 28.60069465700002, 43.556251527000086 ], [ 28.600973130000057, 43.556251527000086 ], [ 28.600973130000057, 43.555973054000049 ], [ 28.601249696000025, 43.555973054000049 ], [ 28.601249696000025, 43.555694581000182 ], [ 28.601804734000154, 43.555694581000182 ], [ 28.601804734000154, 43.555416107000042 ], [ 28.602083205000156, 43.555416107000042 ], [ 28.602083205000156, 43.555137634000175 ], [ 28.602361678000193, 43.555137634000175 ], [ 28.602361678000193, 43.554862977000084 ], [ 28.602638244000161, 43.554862977000084 ], [ 28.602638244000161, 43.554584504000047 ], [ 28.602899551000064, 43.554584504000047 ], [ 28.602916717000028, 43.554534911000133 ], [ 28.602916717000028, 43.554027557000097 ], [ 28.603086472000143, 43.554027557000097 ], [ 28.603195190000065, 43.554027557000097 ], [ 28.603195190000065, 43.55374908400006 ], [ 28.603471755000157, 43.55374908400006 ], [ 28.603471755000157, 43.553470611000193 ], [ 28.603750227999967, 43.553470611000193 ], [ 28.603750227999967, 43.55291748000019 ], [ 28.604028701, 43.55291748000019 ], [ 28.604028701, 43.552639007000153 ], [ 28.604305266999972, 43.552639007000153 ], [ 28.604305266999972, 43.552360534000115 ], [ 28.60458374000001, 43.552360534000115 ], [ 28.60458374000001, 43.552082061000078 ], [ 28.604305266999972, 43.552082061000078 ], [ 28.604305266999972, 43.551807404000158 ], [ 28.603826522000077, 43.551807404000158 ], [ 28.603750227999967, 43.551807404000158 ], [ 28.603750227999967, 43.551528930000188 ], [ 28.603471755000157, 43.551528930000188 ], [ 28.603471755000157, 43.549304961000132 ], [ 28.603750227999967, 43.549304961000132 ], [ 28.603750227999967, 43.546806336000088 ], [ 28.604028701, 43.546806336000088 ], [ 28.604028701, 43.546249390000185 ], [ 28.604305266999972, 43.546249390000185 ], [ 28.604305266999972, 43.545696259000181 ], [ 28.60458374000001, 43.545696259000181 ], [ 28.60458374000001, 43.545139313000107 ], [ 28.605138778000139, 43.545139313000107 ], [ 28.605138778000139, 43.544860840000069 ], [ 28.605417251000176, 43.544860840000069 ], [ 28.605417251000176, 43.544582367000032 ], [ 28.605972290000182, 43.544582367000032 ], [ 28.605972290000182, 43.544303894000166 ], [ 28.606250763000048, 43.544303894000166 ], [ 28.606250763000048, 43.544029236000142 ], [ 28.606426239000143, 43.544029236000142 ], [ 28.606805801000121, 43.544029236000142 ], [ 28.606805801000121, 43.543472290000068 ], [ 28.607082367000089, 43.543472290000068 ], [ 28.607084274000158, 43.542915344 ], [ 28.607360840000126, 43.542915344 ], [ 28.607360840000126, 43.54236221300016 ], [ 28.607915878000028, 43.54236221300016 ], [ 28.607915878000028, 43.542083740000123 ], [ 28.608749390000071, 43.542083740000123 ], [ 28.608749390000071, 43.541805267000086 ], [ 28.609027863000108, 43.541805267000086 ], [ 28.609027863000108, 43.541248321000182 ], [ 28.608194351000066, 43.541248321000182 ], [ 28.608194351000066, 43.539859771000067 ], [ 28.608472824000103, 43.539859771000067 ], [ 28.608472824000103, 43.539585113000044 ], [ 28.609027863000108, 43.539585113000044 ], [ 28.609027863000108, 43.53930664 ], [ 28.608003617000122, 43.53930664 ], [ 28.607639313000163, 43.53930664 ], [ 28.607639313000163, 43.539028166999969 ], [ 28.607360840000126, 43.539028166999969 ], [ 28.607360840000126, 43.53874969400016 ], [ 28.607084274000158, 43.53874969400016 ], [ 28.607082367000089, 43.538471221000123 ], [ 28.606527328000084, 43.538471221000123 ], [ 28.606527328000084, 43.538192750000064 ], [ 28.606250763000048, 43.538192750000064 ], [ 28.606250763000048, 43.537918090000062 ], [ 28.605972290000182, 43.537918090000062 ], [ 28.605972290000182, 43.537361146000194 ], [ 28.605693817000144, 43.537361146000194 ], [ 28.605693817000144, 43.537082673000157 ], [ 28.605972290000182, 43.537082673000157 ], [ 28.605972290000182, 43.536529540000117 ], [ 28.606250763000048, 43.536529540000117 ], [ 28.606250763000048, 43.536251069000059 ], [ 28.606527328000084, 43.536251069000059 ], [ 28.606527328000084, 43.535972596000022 ], [ 28.605972290000182, 43.535972596000022 ], [ 28.605972290000182, 43.535694122999985 ], [ 28.605417251000176, 43.535694122999985 ], [ 28.605417251000176, 43.535415650000118 ], [ 28.605138778000139, 43.535415650000118 ], [ 28.605138778000139, 43.534862519000114 ], [ 28.604860305000102, 43.534862519000114 ], [ 28.604860305000102, 43.534027100000174 ], [ 28.605138778000139, 43.534027100000174 ], [ 28.605138778000139, 43.53347396900017 ], [ 28.605693817000144, 43.53347396900017 ], [ 28.605693817000144, 43.532917023000095 ], [ 28.605417251000176, 43.532917023000095 ], [ 28.605417251000176, 43.532360077000192 ], [ 28.605138778000139, 43.532360077000192 ], [ 28.605138778000139, 43.532081604000155 ], [ 28.604305266999972, 43.532081604000155 ], [ 28.604305266999972, 43.531806946000188 ], [ 28.604028701, 43.531806946000188 ], [ 28.604028701, 43.531250000000114 ], [ 28.603750227999967, 43.531250000000114 ], [ 28.603750227999967, 43.530693054000039 ], [ 28.603471755000157, 43.530693054000039 ], [ 28.603471755000157, 43.530139923000149 ], [ 28.603195190000065, 43.530139923000149 ], [ 28.603195190000065, 43.529304504000038 ], [ 28.602916717000028, 43.529304504000038 ], [ 28.602916717000028, 43.528472900000168 ], [ 28.603195190000065, 43.528472900000168 ], [ 28.603195190000065, 43.527915954000093 ], [ 28.603471755000157, 43.527915954000093 ], [ 28.603471755000157, 43.52736282300009 ], [ 28.603750227999967, 43.52736282300009 ], [ 28.603750227999967, 43.526805877000186 ], [ 28.604028701, 43.526805877000186 ], [ 28.604028701, 43.52624893300009 ], [ 28.603750227999967, 43.52624893300009 ], [ 28.603750227999967, 43.525695800000051 ], [ 28.603471755000157, 43.525695800000051 ], [ 28.603471755000157, 43.525417329000049 ], [ 28.603195190000065, 43.525417329000049 ], [ 28.603195190000065, 43.524860383000146 ], [ 28.602916717000028, 43.524860383000146 ], [ 28.602916717000028, 43.524581910000109 ], [ 28.602638244000161, 43.524581910000109 ], [ 28.602638244000161, 43.524307252000142 ], [ 28.602361678000193, 43.524307252000142 ], [ 28.602361678000193, 43.523750306000068 ], [ 28.602083205000156, 43.523750306000068 ], [ 28.602083205000156, 43.523193360000164 ], [ 28.602361678000193, 43.523193360000164 ], [ 28.602361678000193, 43.522083283000029 ], [ 28.602638244000161, 43.522083283000029 ], [ 28.602638244000161, 43.521530152000025 ], [ 28.602638244000161, 43.521251679000159 ], [ 28.602916717000028, 43.521251679000159 ], [ 28.602916717000028, 43.520694733000084 ], [ 28.603195190000065, 43.520694733000084 ], [ 28.603195190000065, 43.520416260000047 ], [ 28.602916717000028, 43.520416260000047 ], [ 28.602916717000028, 43.520137787000181 ], [ 28.602361678000193, 43.520137787000181 ], [ 28.602361678000193, 43.519859314000144 ], [ 28.602083205000156, 43.519859314000144 ], [ 28.602083205000156, 43.518749237000065 ], [ 28.601528169000062, 43.518749237000065 ], [ 28.601528169000062, 43.518470764000028 ], [ 28.601249696000025, 43.518470764000028 ], [ 28.601249696000025, 43.518196106 ], [ 28.60069465700002, 43.518196106 ], [ 28.60069465700002, 43.517917632999968 ], [ 28.600416183999982, 43.517917632999968 ], [ 28.600416183999982, 43.517639160000158 ], [ 28.59990692100007, 43.517639160000158 ], [ 28.59986114600008, 43.517639160000158 ], [ 28.59986114600008, 43.5175743100001 ], [ 28.59986114600008, 43.516803741000047 ], [ 28.599582673000043, 43.516803741000047 ], [ 28.599582673000043, 43.515415193000081 ], [ 28.599306107000075, 43.515415193000081 ], [ 28.599306107000075, 43.514305116000116 ], [ 28.599027634000038, 43.514305116000116 ], [ 28.599027634000038, 43.513473512000076 ], [ 28.598749161000171, 43.513473512000076 ], [ 28.598749161000171, 43.512359620000097 ], [ 28.598472596000136, 43.512359620000097 ], [ 28.598472596000136, 43.511528016000057 ], [ 28.598194123000098, 43.511528016000057 ], [ 28.598194123000098, 43.510692597000116 ], [ 28.59791755700013, 43.510692597000116 ], [ 28.59791755700013, 43.510417939000149 ], [ 28.597639084000093, 43.510417939000149 ], [ 28.597639084000093, 43.510139466000112 ], [ 28.597360611000056, 43.510139466000112 ], [ 28.597360611000056, 43.509860993000075 ], [ 28.597084046000191, 43.509860993000075 ], [ 28.597084046000191, 43.509582520000038 ], [ 28.596527100000117, 43.509582520000038 ], [ 28.596527100000117, 43.509304047000171 ], [ 28.596250534000148, 43.509304047000171 ], [ 28.596250534000148, 43.509029389000148 ], [ 28.595972061000111, 43.509029389000148 ], [ 28.595972061000111, 43.50875091600011 ], [ 28.595693588000074, 43.50875091600011 ], [ 28.595693588000074, 43.508472443000073 ], [ 28.595417023000152, 43.508472443000073 ], [ 28.595417023000152, 43.507915497 ], [ 28.595138550000115, 43.507915497 ], [ 28.595138550000115, 43.507637024000132 ], [ 28.594861984000147, 43.507637024000132 ], [ 28.594861984000147, 43.507362366000166 ], [ 28.59458351100011, 43.507362366000166 ], [ 28.59458351100011, 43.506805420000092 ], [ 28.594305038000073, 43.506805420000092 ], [ 28.594305038000073, 43.506526947000054 ], [ 28.594028473000037, 43.506526947000054 ], [ 28.594028473000037, 43.506248474000188 ], [ 28.594305038000073, 43.506248474000188 ], [ 28.594305038000073, 43.505695343000184 ], [ 28.59458351100011, 43.505695343000184 ], [ 28.59458351100011, 43.505416870000147 ], [ 28.594305038000073, 43.505416870000147 ], [ 28.594305038000073, 43.504859924000073 ], [ 28.594028473000037, 43.504859924000073 ], [ 28.594028473000037, 43.504306793000012 ], [ 28.593750000000171, 43.504306793000012 ], [ 28.593750000000171, 43.504028319999975 ], [ 28.593471527000133, 43.504028319999975 ], [ 28.593471527000133, 43.503749847000165 ], [ 28.592916488000128, 43.503749847000165 ], [ 28.592916488000128, 43.503471376000107 ], [ 28.592638015000091, 43.503471376000107 ], [ 28.592638015000091, 43.50319290300007 ], [ 28.592082977000189, 43.50319290300007 ], [ 28.592082977000189, 43.502918243000067 ], [ 28.59180641100005, 43.502918243000067 ], [ 28.59180641100005, 43.502639772000066 ], [ 28.591249465000146, 43.502639772000066 ], [ 28.591249465000146, 43.502361299000029 ], [ 28.590972900000054, 43.502361299000029 ], [ 28.590972900000054, 43.502082826000162 ], [ 28.590694427000017, 43.502082826000162 ], [ 28.590694427000017, 43.501804353000125 ], [ 28.590415955000083, 43.501804353000125 ], [ 28.590415955000083, 43.501529695000102 ], [ 28.590139390000047, 43.501525880000088 ], [ 28.590139390000047, 43.501476288000049 ], [ 28.590139390000047, 43.500972749000027 ], [ 28.589908600000115, 43.500972749000027 ], [ 28.589860917000181, 43.500972749000027 ], [ 28.589860917000181, 43.500865936000025 ], [ 28.589860917000181, 43.500694276 ], [ 28.589780808000057, 43.500694276 ], [ 28.589582444000143, 43.500694276 ], [ 28.589582444000143, 43.500415803000124 ], [ 28.589305878000175, 43.500415803000124 ], [ 28.589305878000175, 43.499656677000019 ], [ 28.589305878000175, 43.499584199000083 ], [ 28.589271545000088, 43.499584199000083 ], [ 28.589027405000138, 43.499584199000083 ], [ 28.589027405000138, 43.499050141000112 ], [ 28.588750840000102, 43.499027253000179 ], [ 28.588750840000102, 43.498474122000175 ], [ 28.588472367000065, 43.498474122000175 ], [ 28.588472367000065, 43.497917176000101 ], [ 28.588193894000028, 43.497917176000101 ], [ 28.588193894000028, 43.497360230000027 ], [ 28.58791732800006, 43.497360230000027 ], [ 28.58791732800006, 43.496807099000193 ], [ 28.587638855000023, 43.496807099000193 ], [ 28.587638855000023, 43.496528626000156 ], [ 28.587360382000156, 43.496528626000156 ], [ 28.587360382000156, 43.495971680000082 ], [ 28.587083817000064, 43.495971680000082 ], [ 28.587083817000064, 43.495418549000192 ], [ 28.586805344000027, 43.495418549000192 ], [ 28.586805344000027, 43.494861603000118 ], [ 28.586526871, 43.494861603000118 ], [ 28.586526871, 43.494304657000043 ], [ 28.586250305000021, 43.494304657000043 ], [ 28.586250305000021, 43.49375152600004 ], [ 28.585971831999984, 43.49375152600004 ], [ 28.585971831999984, 43.492389679000041 ], [ 28.585971831999984, 43.491806030000191 ], [ 28.586250305000021, 43.491806030000191 ], [ 28.586250305000021, 43.490139008000085 ], [ 28.585971831999984, 43.490139008000085 ], [ 28.585971831999984, 43.489860535000048 ], [ 28.585416794000082, 43.489860535000048 ], [ 28.585416794000082, 43.489582062000181 ], [ 28.585138321000045, 43.489582062000181 ], [ 28.585138321000045, 43.489307405000147 ], [ 28.58458328200004, 43.489307405000147 ], [ 28.58458328200004, 43.487640381000062 ], [ 28.583471298000063, 43.487640381000062 ], [ 28.583471298000063, 43.487361908000025 ], [ 28.583194732000095, 43.487361908000025 ], [ 28.583194732000095, 43.486804962000122 ], [ 28.582916259000058, 43.486804962000122 ], [ 28.582916259000058, 43.486251831000061 ], [ 28.582639694000193, 43.486251831000061 ], [ 28.582639694000193, 43.485694884999987 ], [ 28.582361221000156, 43.485694884999987 ], [ 28.582361221000156, 43.485137939000083 ], [ 28.582082748000118, 43.485137939000083 ], [ 28.582082748000118, 43.484859466000046 ], [ 28.58180618200015, 43.484859466000046 ], [ 28.58180618200015, 43.484306335000042 ], [ 28.581527709000113, 43.484306335000042 ], [ 28.581527709000113, 43.484027862000175 ], [ 28.581249236000076, 43.484027862000175 ], [ 28.581249236000076, 43.483470916000101 ], [ 28.580972671000154, 43.483470916000101 ], [ 28.580972671000154, 43.483196258000135 ], [ 28.580694198000117, 43.483196258000135 ], [ 28.580694198000117, 43.48263931200006 ], [ 28.58041572500008, 43.48263931200006 ], [ 28.58041572500008, 43.482360839000194 ], [ 28.580139159000112, 43.482360839000194 ], [ 28.580139159000112, 43.482082366000157 ], [ 28.579860686000075, 43.482082366000157 ], [ 28.579860686000075, 43.481803893000119 ], [ 28.579584121000039, 43.481803893000119 ], [ 28.579584121000039, 43.481529235000153 ], [ 28.579305648000172, 43.481529235000153 ], [ 28.579305648000172, 43.481250762000116 ], [ 28.579027177000114, 43.481250762000116 ], [ 28.579027177000114, 43.480972289000078 ], [ 28.578750610999975, 43.480972289000078 ], [ 28.578750610999975, 43.480693818000191 ], [ 28.578472138000109, 43.480693818000191 ], [ 28.578472138000109, 43.480415345000154 ], [ 28.578193665000072, 43.480415345000154 ], [ 28.578193665000072, 43.479862212000114 ], [ 28.577917100000036, 43.479862212000114 ], [ 28.577917100000036, 43.479583741000113 ], [ 28.577638627000169, 43.479583741000113 ], [ 28.577638627000169, 43.479305268000076 ], [ 28.577362061000031, 43.479305268000076 ], [ 28.577360154000132, 43.479026795000038 ], [ 28.577083588000164, 43.479026795000038 ], [ 28.577083588000164, 43.478748322000172 ], [ 28.576805115000127, 43.478748322000172 ], [ 28.576805115000127, 43.478473663999978 ], [ 28.576528550000091, 43.478473663999978 ], [ 28.576528550000091, 43.478195191000111 ], [ 28.576250077000054, 43.478195191000111 ], [ 28.576250077000054, 43.477916718000074 ], [ 28.575971604000188, 43.477916718000074 ], [ 28.575971604000188, 43.477638245000037 ], [ 28.575695038000049, 43.477638245000037 ], [ 28.575695038000049, 43.477085114000033 ], [ 28.575416565000182, 43.477085114000033 ], [ 28.575416565000182, 43.476528168000129 ], [ 28.575138092000145, 43.476528168000129 ], [ 28.575138092000145, 43.475971222000055 ], [ 28.57486152700011, 43.475971222000055 ], [ 28.57486152700011, 43.475418091000051 ], [ 28.574583054000072, 43.475418091000051 ], [ 28.574583054000072, 43.475139618000185 ], [ 28.574306488000104, 43.475139618000185 ], [ 28.574304581000035, 43.474861145000148 ], [ 28.57374954200003, 43.474861145000148 ], [ 28.57374954200003, 43.474582672000111 ], [ 28.573472977000108, 43.474582672000111 ], [ 28.573472977000108, 43.474304199000073 ], [ 28.572916031000034, 43.474304199000073 ], [ 28.572916031000034, 43.474029541000107 ], [ 28.572639465000066, 43.474029541000107 ], [ 28.572639465000066, 43.47375106800007 ], [ 28.572360992000029, 43.47375106800007 ], [ 28.572360992000029, 43.473472595000032 ], [ 28.572082519, 43.473472595000032 ], [ 28.572082519, 43.473194122000166 ], [ 28.571805954000126, 43.473194122000166 ], [ 28.571805954000126, 43.472915649000129 ], [ 28.571575165000127, 43.472915649000129 ], [ 28.571527481000089, 43.472915649000129 ], [ 28.571527481000089, 43.472854614000141 ], [ 28.571527481000089, 43.472637176000092 ], [ 28.571365356000115, 43.472637176000092 ], [ 28.571250915000121, 43.472637176000092 ], [ 28.571250915000121, 43.472484589000146 ], [ 28.571250915000121, 43.472362518000068 ], [ 28.571166991000098, 43.472373963000052 ], [ 28.570972442000084, 43.472370147999982 ], [ 28.570806504000018, 43.472366333000139 ], [ 28.566055297000105, 43.472995758000081 ], [ 28.55713272100013, 43.472145081000122 ], [ 28.554388047000032, 43.472393037000018 ], [ 28.552827835000073, 43.473957063000114 ], [ 28.547691346000079, 43.474563599000021 ], [ 28.543640136000079, 43.476535796000064 ], [ 28.539905549000082, 43.479106904000162 ], [ 28.536594391000051, 43.479465486000151 ], [ 28.532762527000045, 43.47988510100015 ], [ 28.528614044999983, 43.4815979010001 ], [ 28.524866104000125, 43.481586456000173 ], [ 28.521196365000151, 43.481906891000108 ], [ 28.518526077000047, 43.482875824000075 ], [ 28.516046523000057, 43.484378814000081 ], [ 28.513355255000135, 43.487445832 ], [ 28.511371612000062, 43.489253997000162 ], [ 28.509403229000156, 43.490463256999988 ], [ 28.507053375000055, 43.491340637000121 ], [ 28.504512788000056, 43.492034912000122 ], [ 28.501989365000099, 43.492706299000133 ], [ 28.498868943000048, 43.493816376000098 ], [ 28.494937897, 43.494781494000165 ], [ 28.493076324000072, 43.495910644000162 ], [ 28.49101829500006, 43.497810363000042 ], [ 28.489574433000143, 43.500034332000098 ], [ 28.487739562000115, 43.502452851000101 ], [ 28.485874177000085, 43.504684448000091 ], [ 28.484212876000186, 43.508228302000077 ], [ 28.483585357000038, 43.510719300000119 ], [ 28.481285095000146, 43.514827728000057 ], [ 28.479387283000165, 43.518119812000123 ], [ 28.478311538000071, 43.520252227000071 ], [ 28.474882127000058, 43.522476196000127 ], [ 28.472902299000054, 43.523498535000101 ], [ 28.468784331, 43.524261475000174 ], [ 28.466623307000077, 43.524364472000059 ], [ 28.464365006000037, 43.523941040000182 ], [ 28.458925247000138, 43.52189254700005 ], [ 28.452503203000106, 43.520412444999977 ], [ 28.42836761500007, 43.51545715300017 ], [ 28.422515868000062, 43.515090943000075 ], [ 28.416847229999973, 43.514724731000115 ], [ 28.412893295000117, 43.515876770000148 ], [ 28.411098480000078, 43.516986847000055 ], [ 28.408536911000112, 43.518688202000078 ], [ 28.405937194000046, 43.520198822000168 ], [ 28.404037475000166, 43.523006439000028 ], [ 28.403097153000147, 43.524707794000051 ], [ 28.403127670000117, 43.527519226000152 ], [ 28.403316498000095, 43.529212952000137 ], [ 28.404392242000085, 43.531471253000177 ], [ 28.406282425000086, 43.533542633000138 ], [ 28.40925788900006, 43.53562164300007 ], [ 28.412223816000107, 43.537864684999988 ], [ 28.414873123000177, 43.539760589000025 ], [ 28.418712615000061, 43.542953491000048 ], [ 28.421768188000044, 43.544086457 ], [ 28.425615311000115, 43.548046112000179 ], [ 28.431838990000188, 43.551235199000132 ], [ 28.438257218000103, 43.555412291999971 ], [ 28.443748473000142, 43.559574127000189 ], [ 28.445753097000079, 43.561660767000149 ], [ 28.445795058999977, 43.563835144000052 ], [ 28.446214676000181, 43.565940858000033 ], [ 28.444246291000127, 43.5662117010001 ], [ 28.443300246999968, 43.566955566000104 ], [ 28.437236785000096, 43.567893982000157 ], [ 28.430887223000184, 43.568706513000109 ], [ 28.424106598000037, 43.570224762000066 ], [ 28.421083451000129, 43.571071626000162 ], [ 28.419662477000145, 43.572780609000063 ], [ 28.418752669000185, 43.574283599000069 ], [ 28.418638229000123, 43.57580185 ], [ 28.418289185000049, 43.577693938999971 ], [ 28.418787002999977, 43.579959870000152 ], [ 28.420101165, 43.582412720000093 ], [ 28.425647735000098, 43.586559297000065 ], [ 28.434415818000048, 43.59019470200019 ], [ 28.439737320000177, 43.593269349000138 ], [ 28.441263199000048, 43.595386505000192 ], [ 28.441757202000133, 43.596824646000073 ], [ 28.442476273000011, 43.599170685000104 ], [ 28.444650650000085, 43.601516723000032 ], [ 28.446510315000012, 43.603004455000075 ], [ 28.451267243000132, 43.603679657000157 ], [ 28.457782746000021, 43.604335785000046 ], [ 28.460130691000074, 43.605026244999976 ], [ 28.461387634000062, 43.606605531000127 ], [ 28.462766647000024, 43.608757019000109 ], [ 28.462587356000029, 43.610832214000141 ], [ 28.461570740000127, 43.613399507000054 ], [ 28.46062850900006, 43.6152305600001 ], [ 28.458379746000048, 43.61828994900003 ], [ 28.456510544000139, 43.621173859000066 ], [ 28.454509735000045, 43.623287201000153 ], [ 28.451786041999981, 43.626304627000025 ], [ 28.451757431000033, 43.629318238000053 ], [ 28.452005387000099, 43.631420136000088 ], [ 28.452722549000157, 43.63545227100019 ], [ 28.453514097999971, 43.638931274000186 ], [ 28.454132080000136, 43.642208100000062 ], [ 28.454368591000105, 43.645084382 ], [ 28.45378494300013, 43.648075104000043 ], [ 28.452615738000077, 43.65025329600013 ], [ 28.451047897000137, 43.652023315000122 ], [ 28.449674606000087, 43.653812408000078 ], [ 28.44743537800008, 43.655715943000132 ], [ 28.445339203000117, 43.658401489000084 ], [ 28.443504334000068, 43.659778595000148 ], [ 28.442325591000156, 43.661396026000148 ], [ 28.442432404000044, 43.663497925000058 ], [ 28.440734864000092, 43.666416169000115 ], [ 28.438610077000078, 43.66835403500005 ], [ 28.436248779000096, 43.669525147000115 ], [ 28.433893204000128, 43.670135498000093 ], [ 28.431495665999989, 43.670379639000146 ], [ 28.42907714800009, 43.670619966000061 ], [ 28.426082610000151, 43.671257018000176 ], [ 28.421722413000055, 43.671123505000025 ], [ 28.416004181000119, 43.671283722000055 ], [ 28.408477783000023, 43.669769288000168 ], [ 28.405929566000111, 43.669570924000084 ], [ 28.399749756000062, 43.669025421000185 ], [ 28.397209167000085, 43.669025421000185 ], [ 28.394672393000121, 43.669036864000134 ], [ 28.391868592000037, 43.669433593000178 ], [ 28.391189575000112, 43.669593811000141 ] ] ] ] } },
{ "type": "Feature", "properties": { "fid": 35, "GID_2": "BGR.3.8_1", "GID_0": "BGR", "COUNTRY": "Bulgaria", "GID_1": "BGR.3_1", "NAME_1": "Dobrich", "NL_NAME_1": "Добрич", "NAME_2": "Tervel", "VARNAME_2": "Tarvel|Terval|Terbelis", "NL_NAME_2": "Тервел", "TYPE_2": "Obshtina", "ENGTYPE_2": "Municipality", "CC_2": "NA", "HASC_2": "BG.DO.TE" }, "geometry": { "type": "MultiPolygon", "coordinates": [ [ [ [ 27.586530685000184, 43.827037811000025 ], [ 27.587444305000076, 43.824253082999974 ], [ 27.588565827000139, 43.822326660000044 ], [ 27.589401244000101, 43.820842743000071 ], [ 27.590246201000127, 43.818927765000069 ], [ 27.591352463000135, 43.817230226000049 ], [ 27.592475891000049, 43.815116882000154 ], [ 27.593677522000064, 43.810264587000063 ], [ 27.593524932000037, 43.80650329600013 ], [ 27.592777252000189, 43.805274963000045 ], [ 27.59096908500004, 43.804504395000038 ], [ 27.588024139000083, 43.806468964000146 ], [ 27.586641312000154, 43.808605194000165 ], [ 27.586021423000147, 43.811542512000187 ], [ 27.584369660000164, 43.813896180000086 ], [ 27.581968308000057, 43.815212249000183 ], [ 27.579093933000024, 43.814884186000086 ], [ 27.577274323000097, 43.814315797000063 ], [ 27.575731278000035, 43.81332779000013 ], [ 27.57505989200007, 43.809803010000167 ], [ 27.575178147000031, 43.806461334000062 ], [ 27.575300216000073, 43.802917480000133 ], [ 27.575120925000078, 43.80020523100012 ], [ 27.574934006000149, 43.798122406 ], [ 27.57344436600016, 43.79546737600009 ], [ 27.57191658000005, 43.794059753000056 ], [ 27.568277359000149, 43.793338775999985 ], [ 27.563810349, 43.794315337000057 ], [ 27.559755325000083, 43.798198699000011 ], [ 27.555679321000127, 43.802902222000114 ], [ 27.552370071000041, 43.807380677000026 ], [ 27.54879188600006, 43.812072753999985 ], [ 27.546314240000186, 43.815261841000165 ], [ 27.544973374000108, 43.816146850000109 ], [ 27.543085099000109, 43.817649841000048 ], [ 27.541191102000141, 43.81896209700011 ], [ 27.537494659000117, 43.819698334000179 ], [ 27.535644532000049, 43.820163726000146 ], [ 27.533800126000017, 43.820220948000042 ], [ 27.531702042000177, 43.820079804000102 ], [ 27.529615402, 43.819705964000093 ], [ 27.527549743000066, 43.818935394000107 ], [ 27.52606391900008, 43.816905976000044 ], [ 27.524375915000178, 43.813220978000174 ], [ 27.524204254000097, 43.810726166000165 ], [ 27.524585724000076, 43.807796479000103 ], [ 27.525194168000098, 43.805496216000165 ], [ 27.525800706000041, 43.803405763000114 ], [ 27.526151657000014, 43.801097870000035 ], [ 27.525949478000086, 43.799442292000151 ], [ 27.52497863800005, 43.797389984000176 ], [ 27.523212432000093, 43.795570374000079 ], [ 27.520170212000096, 43.792743683000083 ], [ 27.517072677000044, 43.791370392000033 ], [ 27.51527595500005, 43.790172578000067 ], [ 27.513746261000165, 43.789173126000151 ], [ 27.512479782000071, 43.787754060000111 ], [ 27.51202011100014, 43.785881042000028 ], [ 27.512374877000184, 43.783172608000143 ], [ 27.513475418000041, 43.781688690000124 ], [ 27.514593124000157, 43.780193328000166 ], [ 27.515438080000081, 43.778079986000137 ], [ 27.515756608000117, 43.77640152000015 ], [ 27.514501572000029, 43.774761201000047 ], [ 27.513240815000074, 43.772922517000154 ], [ 27.513299943000163, 43.771453858000029 ], [ 27.513099671000134, 43.769386292000036 ], [ 27.51317214900007, 43.766868591 ], [ 27.512983323000071, 43.764793396000186 ], [ 27.511209488000134, 43.762535095000089 ], [ 27.509416581000039, 43.761123657000041 ], [ 27.507080079000161, 43.760337830000083 ], [ 27.502370833000043, 43.758354187 ], [ 27.498756409000123, 43.75676727299998 ], [ 27.49639892600004, 43.756198883000025 ], [ 27.49486160400005, 43.754768372000058 ], [ 27.494134902000098, 43.752906799000129 ], [ 27.493646622000028, 43.751453399000127 ], [ 27.494276046000095, 43.747890472000165 ], [ 27.495143890000122, 43.744937896000067 ], [ 27.49656867900012, 43.740932465000071 ], [ 27.497447968000131, 43.737140656000122 ], [ 27.498577118000128, 43.733768463000104 ], [ 27.499450684000124, 43.73038482700008 ], [ 27.498783112000126, 43.725605012000074 ], [ 27.497337342000037, 43.720420837000063 ], [ 27.496402741000111, 43.715629578000176 ], [ 27.495452881000176, 43.711059571000192 ], [ 27.493972777000124, 43.706912994000163 ], [ 27.493518829000038, 43.70400619500009 ], [ 27.492820741000173, 43.699836730000186 ], [ 27.49261283900006, 43.697128296000074 ], [ 27.491376877999983, 43.693817138000043 ], [ 27.490135192000139, 43.690509796000129 ], [ 27.488880158000029, 43.688037872000052 ], [ 27.487611771000161, 43.686191558000019 ], [ 27.484785079, 43.684413910000046 ], [ 27.48220062300004, 43.683242798000151 ], [ 27.479652404000149, 43.680603028 ], [ 27.478904724000131, 43.678958894000061 ], [ 27.478929520000065, 43.677280426000095 ], [ 27.479761124000106, 43.674343110000052 ], [ 27.480594635000045, 43.671165466000048 ], [ 27.480884552000134, 43.668865204000156 ], [ 27.481441498000038, 43.666553498000042 ], [ 27.481740952000109, 43.665290833000086 ], [ 27.481243133000078, 43.663211824000086 ], [ 27.480512619000024, 43.660949708000146 ], [ 27.47976875400019, 43.658676148000154 ], [ 27.47903060900012, 43.657230378000065 ], [ 27.478296280000052, 43.654968262000125 ], [ 27.477287293000131, 43.653743745000156 ], [ 27.476278305000164, 43.652534486000036 ], [ 27.474229812000033, 43.651145936000091 ], [ 27.472690582000041, 43.650161742000193 ], [ 27.471149445000151, 43.649581910000165 ], [ 27.46910476700009, 43.648818969 ], [ 27.466011047000109, 43.647693634000063 ], [ 27.46397209100013, 43.646297456000184 ], [ 27.462978362000058, 43.644256593000193 ], [ 27.464075089000119, 43.641075134000118 ], [ 27.465665818000048, 43.639350891000163 ], [ 27.466453553000122, 43.637435913000161 ], [ 27.46805000300003, 43.634883881000064 ], [ 27.468860626000037, 43.632556915000066 ], [ 27.468908310000074, 43.630252839000036 ], [ 27.467924119000088, 43.626743317000091 ], [ 27.466938018000121, 43.623447418000126 ], [ 27.466457368000135, 43.621181489000151 ], [ 27.466497422000089, 43.618251802000145 ], [ 27.468067168000118, 43.616317749000075 ], [ 27.470159531000149, 43.613731385000108 ], [ 27.468915939999988, 43.609817504000034 ], [ 27.469196319000048, 43.607925416000171 ], [ 27.469207763999975, 43.606254577000186 ], [ 27.470529556000088, 43.603069306000179 ], [ 27.471847535000165, 43.600288390000117 ], [ 27.472902297000076, 43.596702575000165 ], [ 27.469228745000066, 43.59655761800019 ], [ 27.467153548, 43.596073150000052 ], [ 27.464742660000013, 43.59561538600019 ], [ 27.459896088000107, 43.594692230000192 ], [ 27.456081389000076, 43.594284059000074 ], [ 27.452608109000096, 43.594722747000162 ], [ 27.449483872000144, 43.595138549000069 ], [ 27.446338653000055, 43.595821381000064 ], [ 27.44354057400011, 43.59705734400012 ], [ 27.440738678000059, 43.598293304000094 ], [ 27.440042495000114, 43.598606109000116 ], [ 27.438257217, 43.601764679000155 ], [ 27.435430527000108, 43.604671478000057 ], [ 27.432941437000181, 43.607570649000195 ], [ 27.43042755200014, 43.611316682000108 ], [ 27.42721939200004, 43.615364074000126 ], [ 27.424703599000168, 43.617977142000143 ], [ 27.422561646000133, 43.620853424000131 ], [ 27.419689179000045, 43.623210907000043 ], [ 27.416477203000056, 43.625572205000026 ], [ 27.411474229000191, 43.6285438540001 ], [ 27.409309387000121, 43.630302429000039 ], [ 27.405771256000037, 43.630432130000031 ], [ 27.401842117000058, 43.631141663000051 ], [ 27.40149497900012, 43.631153107000102 ], [ 27.395465851000097, 43.629417420000095 ], [ 27.38905715900006, 43.628253938000114 ], [ 27.382293700999981, 43.626258850000056 ], [ 27.376928330000055, 43.623657228000127 ], [ 27.373718262000011, 43.622375488000102 ], [ 27.367952347000028, 43.620887756000116 ], [ 27.363647460000038, 43.619354249000139 ], [ 27.357133865000151, 43.617057801000044 ], [ 27.349470138000129, 43.615604401000041 ], [ 27.344356536000134, 43.614364625000121 ], [ 27.340307236000115, 43.613643646000071 ], [ 27.335128784000119, 43.613212586000088 ], [ 27.331403732000126, 43.613315583000031 ], [ 27.326166154000191, 43.613716127000089 ], [ 27.323915481000029, 43.614330293000137 ], [ 27.32126426700006, 43.615226745000029 ], [ 27.318193435000182, 43.618087769000169 ], [ 27.316230773000143, 43.621459962000188 ], [ 27.314634323, 43.625396729000045 ], [ 27.313028336000116, 43.629608154000096 ], [ 27.31143188599998, 43.63242340100004 ], [ 27.310634613000047, 43.633831024000074 ], [ 27.307872772000053, 43.638332368000192 ], [ 27.305837631000145, 43.643104554000161 ], [ 27.303472518000092, 43.645660401000157 ], [ 27.302227020000089, 43.649585725000065 ], [ 27.30064392100013, 43.651561738 ], [ 27.299047471000165, 43.653831482000044 ], [ 27.296686172000136, 43.656074524000189 ], [ 27.293180466000138, 43.658100129000047 ], [ 27.289310455000134, 43.659282685000164 ], [ 27.285039902000165, 43.660186767000027 ], [ 27.280025482000042, 43.660266876000151 ], [ 27.259540557000037, 43.66304779100011 ], [ 27.254255294000188, 43.665344239000035 ], [ 27.246601105000025, 43.669097900000054 ], [ 27.241067886000053, 43.671867372000065 ], [ 27.236808777000192, 43.673656462999986 ], [ 27.235515594000049, 43.674556733000088 ], [ 27.240959168000131, 43.675033569999982 ], [ 27.247169495000151, 43.676586151000095 ], [ 27.252452850000054, 43.68208313000008 ], [ 27.254659653000147, 43.685932159000174 ], [ 27.254600525000058, 43.687614441999983 ], [ 27.253681182000093, 43.691524506000064 ], [ 27.251937866000105, 43.696567537000135 ], [ 27.247112274000131, 43.7005386350001 ], [ 27.242307662000144, 43.703937530000189 ], [ 27.235158920000174, 43.707397462000131 ], [ 27.227174758000046, 43.711986542000034 ], [ 27.221586228000035, 43.715438843000129 ], [ 27.21830368000019, 43.719375611000089 ], [ 27.218860626000094, 43.724929811000095 ], [ 27.220262526999988, 43.728801727000189 ], [ 27.220886231000122, 43.732124328 ], [ 27.220766067000113, 43.734916686000133 ], [ 27.219676971000069, 43.742187500000057 ], [ 27.220300675000146, 43.745498657000041 ], [ 27.222429275000025, 43.749912262000066 ], [ 27.226818084000172, 43.755970001000094 ], [ 27.233676910000156, 43.75918960600012 ], [ 27.242134094000164, 43.761283874000071 ], [ 27.249792099999979, 43.763381958000082 ], [ 27.256708144000072, 43.764942169000108 ], [ 27.264404297000112, 43.765945435 ], [ 27.269706725999981, 43.768081665000182 ], [ 27.274188996000134, 43.771350861000144 ], [ 27.277709961000028, 43.777416230000085 ], [ 27.28290176400003, 43.781242372000122 ], [ 27.28951072600006, 43.786678314000142 ], [ 27.296033859000033, 43.792705537000074 ], [ 27.301801682000075, 43.798179626000149 ], [ 27.307491302000074, 43.804180145000032 ], [ 27.311029435000023, 43.808013916000107 ], [ 27.315946580000173, 43.813484193000193 ], [ 27.319946290000189, 43.814853669000172 ], [ 27.333015442000089, 43.815341950000118 ], [ 27.33820915299998, 43.815227509000181 ], [ 27.344913482000038, 43.814529419000166 ], [ 27.351570129000095, 43.814369202000137 ], [ 27.358247757000129, 43.816295625000066 ], [ 27.364683151000065, 43.819477081000059 ], [ 27.369281769000054, 43.822158813999977 ], [ 27.374177933000169, 43.82594680700015 ], [ 27.379428864000033, 43.8297157290001 ], [ 27.384952546000193, 43.834880828000109 ], [ 27.393226624000192, 43.842773438000165 ], [ 27.397357940000063, 43.846572876000153 ], [ 27.401149750000059, 43.850120545000152 ], [ 27.405256272000031, 43.854209901000104 ], [ 27.407810212000129, 43.85554885900001 ], [ 27.415403366000078, 43.86066818200004 ], [ 27.417503357000044, 43.862033845000155 ], [ 27.419927597000083, 43.863933564000035 ], [ 27.424100876000125, 43.866920472000061 ], [ 27.42837142999997, 43.868228913000053 ], [ 27.433774949000053, 43.869251251000094 ], [ 27.437009811, 43.869468689000144 ], [ 27.442398071000127, 43.870189667000091 ], [ 27.446371079000073, 43.87010574400017 ], [ 27.450382232000038, 43.869472504000044 ], [ 27.453384400000118, 43.867443084000172 ], [ 27.455675125000027, 43.865173340000126 ], [ 27.457233428000109, 43.863193512000066 ], [ 27.459161758000107, 43.860912323000093 ], [ 27.461160660000132, 43.857238771000027 ], [ 27.463447572000177, 43.854675293000071 ], [ 27.465732574000072, 43.85239028899997 ], [ 27.468740463000131, 43.849815368000179 ], [ 27.471315383000046, 43.84834671100009 ], [ 27.473558426000068, 43.846618653000121 ], [ 27.477527619000114, 43.845970155000089 ], [ 27.481111527, 43.845600128000115 ], [ 27.48466873100017, 43.845802307000042 ], [ 27.487434388000111, 43.847408295000093 ], [ 27.490909576000092, 43.849544525000056 ], [ 27.492935181000064, 43.851448059000177 ], [ 27.496080398000174, 43.852760316000115 ], [ 27.499990464, 43.856433868000181 ], [ 27.500495910000097, 43.860328675000119 ], [ 27.50377845700018, 43.865840911000191 ], [ 27.507030487000122, 43.871906281000065 ], [ 27.510225296000044, 43.879093170000033 ], [ 27.51202011100014, 43.885765075000108 ], [ 27.513568878000115, 43.896930695000037 ], [ 27.515991211000085, 43.90528869700006 ], [ 27.517881392999982, 43.910305023000149 ], [ 27.519918443000165, 43.912517548000153 ], [ 27.524154664000093, 43.914142610000169 ], [ 27.527011871000127, 43.914657594000118 ], [ 27.529943465000088, 43.913494110000158 ], [ 27.53214073100014, 43.912895204000165 ], [ 27.535850525000114, 43.910579682000048 ], [ 27.538095475000091, 43.908859252000184 ], [ 27.542564392000088, 43.905391692000137 ], [ 27.548391342000116, 43.903617859000178 ], [ 27.552822112000058, 43.900711060000106 ], [ 27.557897568000101, 43.899505616 ], [ 27.560771942000088, 43.900600433000079 ], [ 27.560897828000179, 43.897846221000123 ], [ 27.562116623, 43.893833161000089 ], [ 27.562795640000161, 43.890243530000191 ], [ 27.562927246000072, 43.88708114700006 ], [ 27.563325882000186, 43.883712769000113 ], [ 27.562953949000018, 43.87994003200015 ], [ 27.563049317000093, 43.877418519000116 ], [ 27.563444138000023, 43.874263764000148 ], [ 27.564331054000036, 43.872150422000061 ], [ 27.565767289000121, 43.869182588000172 ], [ 27.566102982000075, 43.86729431200007 ], [ 27.567012787000124, 43.864337921000185 ], [ 27.56737709000015, 43.861820221000073 ], [ 27.567485809000175, 43.859298707000164 ], [ 27.567043304000094, 43.857013703000064 ], [ 27.566919328000154, 43.85346221900005 ], [ 27.566734314000087, 43.851165771000126 ], [ 27.566577912000128, 43.8484497070001 ], [ 27.567457198000056, 43.846126557000048 ], [ 27.569095612000069, 43.844833374000075 ], [ 27.572658539000088, 43.840980529000092 ], [ 27.574304581000035, 43.839042663000157 ], [ 27.577308655000081, 43.836036682000042 ], [ 27.580041885000071, 43.833232881000129 ], [ 27.582469939000077, 43.831710815000122 ], [ 27.583831788000055, 43.830207824000183 ], [ 27.58520317, 43.828704834000177 ], [ 27.586530685000184, 43.827037811000025 ] ] ] ] } },
{ "type": "Feature", "properties": { "fid": 157, "GID_2": "BGR.18.1_1", "GID_0": "BGR", "COUNTRY": "Bulgaria", "GID_1": "BGR.18_1", "NAME_1": "Silistra", "NL_NAME_1": "Силистра", "NAME_2": "Alfatar", "VARNAME_2": "NA", "NL_NAME_2": "Алфатар", "TYPE_2": "Obshtina", "ENGTYPE_2": "Municipality", "CC_2": "NA", "HASC_2": "BG.SI.AL" }, "geometry": { "type": "MultiPolygon", "coordinates": [ [ [ [ 27.407810212000129, 43.85554885900001 ], [ 27.405256272000031, 43.854209901000104 ], [ 27.401149750000059, 43.850120545000152 ], [ 27.397357940000063, 43.846572876000153 ], [ 27.393226624000192, 43.842773438000165 ], [ 27.384952546000193, 43.834880828000109 ], [ 27.379428864000033, 43.8297157290001 ], [ 27.374177933000169, 43.82594680700015 ], [ 27.369281769000054, 43.822158813999977 ], [ 27.364683151000065, 43.819477081000059 ], [ 27.358247757000129, 43.816295625000066 ], [ 27.351570129000095, 43.814369202000137 ], [ 27.344913482000038, 43.814529419000166 ], [ 27.33820915299998, 43.815227509000181 ], [ 27.333015442000089, 43.815341950000118 ], [ 27.319946290000189, 43.814853669000172 ], [ 27.311069489000147, 43.820106506000172 ], [ 27.302789688000132, 43.824287414000082 ], [ 27.293605805000084, 43.828456878999987 ], [ 27.284692765000159, 43.832206725000106 ], [ 27.271652222000057, 43.836212158000137 ], [ 27.265005113000086, 43.839908601000047 ], [ 27.25067329400008, 43.8452148450001 ], [ 27.243040084000029, 43.850418091000051 ], [ 27.237195970000187, 43.854953766000108 ], [ 27.232753754000157, 43.860309602000029 ], [ 27.231683731000146, 43.867305755000075 ], [ 27.233009339000034, 43.873195648000035 ], [ 27.232875825, 43.878898621000189 ], [ 27.23246193000017, 43.884399414000143 ], [ 27.231876373000091, 43.888214112000128 ], [ 27.230182648000039, 43.891410827000016 ], [ 27.227657318000183, 43.893989563000048 ], [ 27.224933625000119, 43.89551925700016 ], [ 27.222246169000186, 43.896640777000016 ], [ 27.218702316000133, 43.897552490000066 ], [ 27.214294434000124, 43.898479461000136 ], [ 27.209316253000054, 43.899211883000135 ], [ 27.204904557000077, 43.900360109000133 ], [ 27.19777870300004, 43.902816772000051 ], [ 27.193862914000192, 43.905006409000123 ], [ 27.192644120000068, 43.905887603000053 ], [ 27.192247390999967, 43.907379150000111 ], [ 27.192808152000111, 43.911380768000072 ], [ 27.192211152000084, 43.915191651000157 ], [ 27.192169190000186, 43.919429780000087 ], [ 27.191877366000028, 43.92302703900009 ], [ 27.191722869000102, 43.924919129000159 ], [ 27.191606521000097, 43.926406860000043 ], [ 27.192277908000108, 43.928722383000093 ], [ 27.19448089600013, 43.929939270000148 ], [ 27.198232651000126, 43.929645539000092 ], [ 27.202056886000094, 43.928718568000193 ], [ 27.20601272600004, 43.929481506000116 ], [ 27.207204818999969, 43.932407380000086 ], [ 27.20753669700008, 43.935359954000091 ], [ 27.206943512000123, 43.938945770000146 ], [ 27.205244065000102, 43.941944122000052 ], [ 27.203437805000078, 43.946422577000192 ], [ 27.202528, 43.950031281000122 ], [ 27.203107835000083, 43.953399659000127 ], [ 27.204835891000073, 43.956527711000149 ], [ 27.208753587000047, 43.960865021000188 ], [ 27.213390350000111, 43.963489531999983 ], [ 27.219783784000072, 43.965866089000087 ], [ 27.227233886000135, 43.969062806000181 ], [ 27.231653213000129, 43.971061707000104 ], [ 27.234514237000042, 43.971206666000114 ], [ 27.239313126000184, 43.972141265000062 ], [ 27.244985580000048, 43.973056793000126 ], [ 27.257261275000076, 43.977172850999978 ], [ 27.262744904000044, 43.979984283000078 ], [ 27.267173767000145, 43.981765748000157 ], [ 27.271036148000064, 43.983348847000116 ], [ 27.272027969000135, 43.984996795000029 ], [ 27.271984100000111, 43.988132477000136 ], [ 27.271169662000091, 43.990455628000063 ], [ 27.269689560000188, 43.993618011000194 ], [ 27.269626617000029, 43.996959685999968 ], [ 27.271820068000068, 44.000663757000154 ], [ 27.273080826000125, 44.002304078000066 ], [ 27.276798248000034, 44.005115510000167 ], [ 27.278963089000172, 44.006305696000027 ], [ 27.282287597999982, 44.007457733000081 ], [ 27.284780502000046, 44.008224488000167 ], [ 27.287328719000129, 44.008563996000191 ], [ 27.290815353000085, 44.008060456000123 ], [ 27.292736053000056, 44.00613784799998 ], [ 27.294347763000189, 44.001945496000076 ], [ 27.295595169000023, 43.998386382000092 ], [ 27.297824861000095, 43.996242524000138 ], [ 27.30219841100012, 43.995506287000069 ], [ 27.304214478000063, 43.995464325000171 ], [ 27.306789398000092, 43.995395660000099 ], [ 27.309974670000031, 43.995105744000057 ], [ 27.312038422000114, 43.994438172000059 ], [ 27.314216614000031, 43.992717744 ], [ 27.315055847999986, 43.990215302000081 ], [ 27.315380096000183, 43.987094878 ], [ 27.316087722000134, 43.982906342000035 ], [ 27.317316054000116, 43.979351043000122 ], [ 27.319253922000087, 43.974315644000114 ], [ 27.320894242000065, 43.969272613000044 ], [ 27.322526931000084, 43.967147828000179 ], [ 27.32479858500011, 43.964366913000049 ], [ 27.327253342000063, 43.962455749000185 ], [ 27.330287934000182, 43.960506440000074 ], [ 27.33382988000011, 43.959171295000033 ], [ 27.337043761000018, 43.958263397000053 ], [ 27.341878890000146, 43.957942962000061 ], [ 27.34614181500018, 43.958068848000039 ], [ 27.35368156300018, 43.959159852000028 ], [ 27.362276078000093, 43.961074829000154 ], [ 27.369285584000068, 43.96489334100005 ], [ 27.375539780000111, 43.967472075999979 ], [ 27.380146026000034, 43.969459534000123 ], [ 27.385139465000123, 43.970191956000178 ], [ 27.392427444000134, 43.970462799000074 ], [ 27.395189286, 43.97086715800009 ], [ 27.395217894999973, 43.97061538600019 ], [ 27.395557403, 43.966846467000039 ], [ 27.39813613900003, 43.963062287000071 ], [ 27.4007453910001, 43.958831787000179 ], [ 27.402746200000024, 43.955043794000176 ], [ 27.403038026000161, 43.951686859000176 ], [ 27.403913497000019, 43.947910309000179 ], [ 27.404724120000083, 43.944957734000184 ], [ 27.403392792000034, 43.940788268000176 ], [ 27.401536941000074, 43.936229707000052 ], [ 27.401313783000035, 43.932025910000107 ], [ 27.40112304600018, 43.927417754000032 ], [ 27.402666091000015, 43.921916962000182 ], [ 27.403011322000111, 43.917289735000054 ], [ 27.401699066000049, 43.912677766000115 ], [ 27.398246764000021, 43.906425476000038 ], [ 27.395046234000063, 43.896785736000027 ], [ 27.394220353000037, 43.884990691000155 ], [ 27.394662855999968, 43.87865447900009 ], [ 27.394514084000093, 43.87274551500019 ], [ 27.397089005000112, 43.867198945000098 ], [ 27.399572373000012, 43.863338471000077 ], [ 27.404249191000133, 43.85942840600012 ], [ 27.407810212000129, 43.85554885900001 ] ] ] ] } },
{ "type": "Feature", "properties": { "fid": 158, "GID_2": "BGR.18.2_1", "GID_0": "BGR", "COUNTRY": "Bulgaria", "GID_1": "BGR.18_1", "NAME_1": "Silistra", "NL_NAME_1": "Силистра", "NAME_2": "Dulovo", "VARNAME_2": "Accadânalar|Akkadınlar", "NL_NAME_2": "Дулово", "TYPE_2": "Obshtina", "ENGTYPE_2": "Municipality", "CC_2": "NA", "HASC_2": "BG.SI.DU" }, "geometry": { "type": "MultiPolygon", "coordinates": [ [ [ [ 27.319946290000189, 43.814853669000172 ], [ 27.315946580000173, 43.813484193000193 ], [ 27.311029435000023, 43.808013916000107 ], [ 27.307491302000074, 43.804180145000032 ], [ 27.301801682000075, 43.798179626000149 ], [ 27.296033859000033, 43.792705537000074 ], [ 27.28951072600006, 43.786678314000142 ], [ 27.28290176400003, 43.781242372000122 ], [ 27.277709961000028, 43.777416230000085 ], [ 27.274188996000134, 43.771350861000144 ], [ 27.269706725999981, 43.768081665000182 ], [ 27.264404297000112, 43.765945435 ], [ 27.256708144000072, 43.764942169000108 ], [ 27.249792099999979, 43.763381958000082 ], [ 27.242134094000164, 43.761283874000071 ], [ 27.233676910000156, 43.75918960600012 ], [ 27.226818084000172, 43.755970001000094 ], [ 27.222429275000025, 43.749912262000066 ], [ 27.220300675000146, 43.745498657000041 ], [ 27.219676971000069, 43.742187500000057 ], [ 27.220766067000113, 43.734916686000133 ], [ 27.220886231000122, 43.732124328 ], [ 27.220262526999988, 43.728801727000189 ], [ 27.218860626000094, 43.724929811000095 ], [ 27.21830368000019, 43.719375611000089 ], [ 27.221586228000035, 43.715438843000129 ], [ 27.227174758000046, 43.711986542000034 ], [ 27.235158920000174, 43.707397462000131 ], [ 27.242307662000144, 43.703937530000189 ], [ 27.247112274000131, 43.7005386350001 ], [ 27.251937866000105, 43.696567537000135 ], [ 27.253681182000093, 43.691524506000064 ], [ 27.254600525000058, 43.687614441999983 ], [ 27.254659653000147, 43.685932159000174 ], [ 27.252452850000054, 43.68208313000008 ], [ 27.247169495000151, 43.676586151000095 ], [ 27.240959168000131, 43.675033569999982 ], [ 27.235515594000049, 43.674556733000088 ], [ 27.217189790000077, 43.675464630000135 ], [ 27.200172425000062, 43.677246094000111 ], [ 27.18598938000008, 43.678249359000063 ], [ 27.172363282000106, 43.679618835000042 ], [ 27.160438538000051, 43.680965423000089 ], [ 27.154827118000128, 43.682777405000081 ], [ 27.153209687000128, 43.684761048000155 ], [ 27.149206162000098, 43.687889100000177 ], [ 27.143241882000041, 43.691349030000083 ], [ 27.13769340500005, 43.694244385000104 ], [ 27.13370704600004, 43.697101594000173 ], [ 27.128522873000179, 43.701366424000071 ], [ 27.124511719000111, 43.705615998000155 ], [ 27.122461319000081, 43.709545135000099 ], [ 27.121196747000113, 43.713466644000107 ], [ 27.119518280000023, 43.717952729000103 ], [ 27.117099762000123, 43.721332550000056 ], [ 27.113885879, 43.725013732000036 ], [ 27.110691070000087, 43.728115082000102 ], [ 27.106342316000166, 43.730976104000035 ], [ 27.099647522000112, 43.734432221000134 ], [ 27.095355988000108, 43.73561477700008 ], [ 27.090692520000118, 43.736251831 ], [ 27.085641861000113, 43.736347198000033 ], [ 27.079830171000083, 43.736164092000138 ], [ 27.0736255650001, 43.736000062000073 ], [ 27.0693836210001, 43.734958648000031 ], [ 27.067066193000016, 43.734733582999979 ], [ 27.06321334900008, 43.733680725999989 ], [ 27.057445527000027, 43.731552124000132 ], [ 27.050149918000045, 43.728351594000173 ], [ 27.044794082000124, 43.724803925000174 ], [ 27.034776687000033, 43.720531465000136 ], [ 27.025857924000093, 43.719024659000183 ], [ 27.020816803000173, 43.718269349000025 ], [ 27.014602662000129, 43.716979981000122 ], [ 27.005250931000091, 43.717433930000084 ], [ 27.002914429000043, 43.718315126000164 ], [ 26.999000548000083, 43.719768524000187 ], [ 26.994310379000069, 43.721260071000017 ], [ 26.991165161000083, 43.722995758000025 ], [ 26.988798142000064, 43.725269317000141 ], [ 26.984077454000101, 43.728431702000194 ], [ 26.980916976000117, 43.731269836000195 ], [ 26.978502273000061, 43.735507966000057 ], [ 26.976854325000147, 43.74001312300004 ], [ 26.976026534000084, 43.742816926000103 ], [ 26.975194930000043, 43.745349885000167 ], [ 26.97437095700019, 43.747596741000109 ], [ 26.973920823000071, 43.750381471000082 ], [ 26.973499298000092, 43.751792906999981 ], [ 26.973445893000189, 43.754314423000096 ], [ 26.971845626000061, 43.756294251000099 ], [ 26.971038818000068, 43.757717132000153 ], [ 26.968688965000069, 43.758876801000099 ], [ 26.965183257999968, 43.759784699000079 ], [ 26.961305619000029, 43.759864808000032 ], [ 26.957441331000041, 43.759384155000134 ], [ 26.95474243200016, 43.758598328000062 ], [ 26.948566437000125, 43.757324219000054 ], [ 26.945058823000124, 43.757953643000121 ], [ 26.941537858000061, 43.759429932000103 ], [ 26.941150665000066, 43.759433747000173 ], [ 26.935682296000152, 43.76149749700005 ], [ 26.930606843000021, 43.762722016 ], [ 26.925930024000081, 43.763931274000072 ], [ 26.921648026000128, 43.764568328 ], [ 26.917692185000135, 43.768020630000194 ], [ 26.916088105000085, 43.770568847000106 ], [ 26.916025162000153, 43.773933412000019 ], [ 26.916349410000123, 43.778415680000194 ], [ 26.915489197000113, 43.782909393000125 ], [ 26.915050507000046, 43.786281586000143 ], [ 26.914594650000083, 43.790206910000052 ], [ 26.913356780000129, 43.794437408000135 ], [ 26.913316726000062, 43.796680450999986 ], [ 26.913444519000052, 43.798835754000095 ], [ 26.916706085000101, 43.801162720000036 ], [ 26.918340683000167, 43.802558899000189 ], [ 26.920291900000052, 43.803966522000053 ], [ 26.923887253000032, 43.806037904 ], [ 26.930589675000022, 43.810344696000186 ], [ 26.937440871000092, 43.814151764000087 ], [ 26.943628311000055, 43.818214417000036 ], [ 26.948858261000112, 43.820968629000049 ], [ 26.954933166000103, 43.822887421000132 ], [ 26.961963653000169, 43.825847625000108 ], [ 26.966510773000152, 43.829113008000036 ], [ 26.970245361000082, 43.831546784000125 ], [ 26.97216034000013, 43.833774566000102 ], [ 26.974388122000107, 43.836612702000082 ], [ 26.977565766000112, 43.840984344000105 ], [ 26.977338791000079, 43.843147278 ], [ 26.977123260999974, 43.844703674000186 ], [ 26.976427078000029, 43.846401215000071 ], [ 26.975227357000165, 43.847755432000099 ], [ 26.974687576000179, 43.849201202000188 ], [ 26.973012925000091, 43.850452423000036 ], [ 26.971969604000151, 43.852275848000033 ], [ 26.970615388000056, 43.85362243600008 ], [ 26.968931199000053, 43.85486221400015 ], [ 26.965753555, 43.85662078900009 ], [ 26.963926314999981, 43.857261657000151 ], [ 26.961273193000011, 43.857795715000123 ], [ 26.959291458000109, 43.85807800300006 ], [ 26.956647873000122, 43.858501435000051 ], [ 26.953039169000135, 43.858104706 ], [ 26.951074600000084, 43.857784271000071 ], [ 26.949104310000109, 43.857471467000096 ], [ 26.946977615000094, 43.857162475000109 ], [ 26.9441757190001, 43.856742860000168 ], [ 26.941894532000049, 43.856063843000186 ], [ 26.939910889000146, 43.856117248000089 ], [ 26.937934875999986, 43.856155395000144 ], [ 26.934953689000167, 43.856594086000086 ], [ 26.93162345900015, 43.857982636000031 ], [ 26.929792405000171, 43.858509063000156 ], [ 26.92663192700013, 43.859905243000071 ], [ 26.921686173000182, 43.859779357000093 ], [ 26.919734954000148, 43.858489990000123 ], [ 26.917762756, 43.857948304000047 ], [ 26.915477752000129, 43.85714721700009 ], [ 26.913139342000079, 43.857555390000073 ], [ 26.911642075000145, 43.858562470000038 ], [ 26.910612106000087, 43.860385896000139 ], [ 26.910251617000029, 43.861831666 ], [ 26.910211563000075, 43.863288879000038 ], [ 26.910160065000071, 43.865577699000085 ], [ 26.90945243900012, 43.867500306000068 ], [ 26.909410477000051, 43.868949890000124 ], [ 26.909414290000086, 43.869190216000106 ], [ 26.908731461000173, 43.870174409000072 ], [ 26.908344268000178, 43.872360229000094 ], [ 26.908315659000039, 43.873790741000164 ], [ 26.907266617000118, 43.876220703000172 ], [ 26.906225204000179, 43.878414155000087 ], [ 26.905183792000173, 43.880611420999969 ], [ 26.904478074000053, 43.882083893000129 ], [ 26.903753280000103, 43.884738922000167 ], [ 26.905000686000108, 43.887844085000154 ], [ 26.907903672000145, 43.890182495000033 ], [ 26.909172059000014, 43.892082214000084 ], [ 26.9107818600001, 43.893486024000026 ], [ 26.912359238000022, 43.895603181000183 ], [ 26.914287566000098, 43.897720338000113 ], [ 26.915239333000045, 43.898921967000149 ], [ 26.917146683000112, 43.90104675300006 ], [ 26.920061112000099, 43.902427673000147 ], [ 26.923673631000156, 43.902568817000088 ], [ 26.92630386400009, 43.902267456000118 ], [ 26.928480149000109, 43.900653840000189 ], [ 26.928646087000175, 43.900520324000126 ], [ 26.930316925000056, 43.899520874000018 ], [ 26.932352065000032, 43.897800446000133 ], [ 26.934020996000186, 43.896549225000115 ], [ 26.936044693000042, 43.894584656000177 ], [ 26.937068939000028, 43.893352508000191 ], [ 26.937770844000113, 43.891895295000154 ], [ 26.938806535000083, 43.890182495000033 ], [ 26.93923187200005, 43.887050628000111 ], [ 26.940086365000127, 43.885700227000029 ], [ 26.940292359000125, 43.884250641 ], [ 26.939996719000135, 43.882808686000146 ], [ 26.938880921000191, 43.881629944000167 ], [ 26.936925887000086, 43.881439210000167 ], [ 26.934288026000047, 43.881500245000154 ], [ 26.932313918000148, 43.881553650000058 ], [ 26.930028916000083, 43.881114960000161 ], [ 26.928588866000155, 43.87959289600019 ], [ 26.928466798000159, 43.877895356000067 ], [ 26.928339005000169, 43.876461029000154 ], [ 26.928537369000026, 43.87500763100013 ], [ 26.92891311600016, 43.873447418000126 ], [ 26.929611207000107, 43.871978759000172 ], [ 26.930965423000032, 43.870742798000151 ], [ 26.933099747000085, 43.870941163000111 ], [ 26.934885026000075, 43.871746063000103 ], [ 26.93715477000012, 43.873016358000143 ], [ 26.938941956000178, 43.873943328999985 ], [ 26.942678451000177, 43.875522615000136 ], [ 26.944473266000102, 43.876087189000089 ], [ 26.946262359000059, 43.876522064000142 ], [ 26.94904136700012, 43.877300263000109 ], [ 26.951011657000095, 43.877250671000127 ], [ 26.954965592000121, 43.877056122000056 ], [ 26.957431793000183, 43.876876831000061 ], [ 26.959405900000149, 43.876834869000163 ], [ 26.962854385000128, 43.876739502000191 ], [ 26.966136933000143, 43.87690735000001 ], [ 26.968259810000177, 43.877094269000111 ], [ 26.970855712, 43.87799453800011 ], [ 26.97469902000006, 43.881156922000116 ], [ 26.975938797000026, 43.883163453000122 ], [ 26.976848603000178, 43.885547637000059 ], [ 26.977058410000041, 43.889038086000085 ], [ 26.977270127000054, 43.892158509000069 ], [ 26.977329255000143, 43.895412445000034 ], [ 26.977344513000162, 43.899497986000085 ], [ 26.977293014000111, 43.90093612600009 ], [ 26.977809905000129, 43.904541015000177 ], [ 26.978054047000114, 43.906948090000128 ], [ 26.978893281000069, 43.910278321000078 ], [ 26.980474472000083, 43.911930084000062 ], [ 26.981901169000082, 43.913101196000127 ], [ 26.983991622000133, 43.913787843000193 ], [ 26.985767365000072, 43.914451599000074 ], [ 26.989063263000105, 43.913410188000114 ], [ 26.990924835000101, 43.91180420000012 ], [ 26.992607116000102, 43.910438538000108 ], [ 26.997571946000051, 43.907993317000034 ], [ 26.999582290000092, 43.908592225000177 ], [ 27.001596450000136, 43.908756257000107 ], [ 27.004116058000079, 43.910823822000168 ], [ 27.008407594000062, 43.91178512700003 ], [ 27.01215744000018, 43.911918640000181 ], [ 27.016489030000116, 43.912006379000047 ], [ 27.01964759800012, 43.912361146000194 ], [ 27.023647308000136, 43.913333894 ], [ 27.02784538200001, 43.916221619000112 ], [ 27.029968262000182, 43.920009612000115 ], [ 27.035104752000109, 43.9269104010001 ], [ 27.038537979000182, 43.933010101000093 ], [ 27.042280196000149, 43.938255310000045 ], [ 27.046079637000162, 43.942222595000089 ], [ 27.051729202000161, 43.943801880000137 ], [ 27.058277131000068, 43.944469453000011 ], [ 27.063459396000098, 43.943908692000093 ], [ 27.06723404000013, 43.942955017000145 ], [ 27.071685792000096, 43.940498352000191 ], [ 27.075010299999974, 43.937633515000186 ], [ 27.079160690000037, 43.935390473000041 ], [ 27.084072112000172, 43.934833527000137 ], [ 27.084405900000036, 43.935207367000032 ], [ 27.085514069000169, 43.934375763000105 ], [ 27.088163376000068, 43.933464050000111 ], [ 27.090183258000081, 43.933406830000138 ], [ 27.092769622000162, 43.933128357000101 ], [ 27.096807479000063, 43.932815552000079 ], [ 27.100017547000107, 43.931884766000167 ], [ 27.102365494000139, 43.930969238000102 ], [ 27.104816437000125, 43.928775788000166 ], [ 27.107526779000011, 43.926586151000095 ], [ 27.109716416000083, 43.923999787000128 ], [ 27.110788346000163, 43.920570373000032 ], [ 27.112457275000111, 43.916923523000094 ], [ 27.113544463000039, 43.913288117000036 ], [ 27.114601135000044, 43.910083772000064 ], [ 27.116552354000135, 43.906425476000038 ], [ 27.118473054000049, 43.90341568000008 ], [ 27.120002746000125, 43.901882172 ], [ 27.122676849000186, 43.900363922000167 ], [ 27.125335693000068, 43.899452209000117 ], [ 27.129146577000085, 43.898525238000104 ], [ 27.133728027000075, 43.899051667000037 ], [ 27.138589858999978, 43.900012970000091 ], [ 27.141395568000064, 43.901016235000043 ], [ 27.143329621000134, 43.902244567000082 ], [ 27.14748573300011, 43.904903412000067 ], [ 27.149927140000045, 43.907180786000026 ], [ 27.152643203000139, 43.909671783000135 ], [ 27.157136918000106, 43.911277771000186 ], [ 27.160491943000125, 43.912677766000115 ], [ 27.16437721300008, 43.914501191000056 ], [ 27.166976929000043, 43.914440156000069 ], [ 27.169809342000178, 43.915016175000062 ], [ 27.171825409000121, 43.914985656999988 ], [ 27.174768447000076, 43.914073944000165 ], [ 27.177696229000048, 43.913372041000059 ], [ 27.18065071000018, 43.912261964000152 ], [ 27.185096741000052, 43.910480500000176 ], [ 27.188417434000087, 43.908508301000154 ], [ 27.192644120000068, 43.905887603000053 ], [ 27.193862914000192, 43.905006409000123 ], [ 27.19777870300004, 43.902816772000051 ], [ 27.204904557000077, 43.900360109000133 ], [ 27.209316253000054, 43.899211883000135 ], [ 27.214294434000124, 43.898479461000136 ], [ 27.218702316000133, 43.897552490000066 ], [ 27.222246169000186, 43.896640777000016 ], [ 27.224933625000119, 43.89551925700016 ], [ 27.227657318000183, 43.893989563000048 ], [ 27.230182648000039, 43.891410827000016 ], [ 27.231876373000091, 43.888214112000128 ], [ 27.23246193000017, 43.884399414000143 ], [ 27.232875825, 43.878898621000189 ], [ 27.233009339000034, 43.873195648000035 ], [ 27.231683731000146, 43.867305755000075 ], [ 27.232753754000157, 43.860309602000029 ], [ 27.237195970000187, 43.854953766000108 ], [ 27.243040084000029, 43.850418091000051 ], [ 27.25067329400008, 43.8452148450001 ], [ 27.265005113000086, 43.839908601000047 ], [ 27.271652222000057, 43.836212158000137 ], [ 27.284692765000159, 43.832206725000106 ], [ 27.293605805000084, 43.828456878999987 ], [ 27.302789688000132, 43.824287414000082 ], [ 27.311069489000147, 43.820106506000172 ], [ 27.319946290000189, 43.814853669000172 ] ] ] ] } },
{ "type": "Feature", "properties": { "fid": 159, "GID_2": "BGR.18.3_1", "GID_0": "BGR", "COUNTRY": "Bulgaria", "GID_1": "BGR.18_1", "NAME_1": "Silistra", "NL_NAME_1": "Силистра", "NAME_2": "Glavinitsa", "VARNAME_2": "NA", "NL_NAME_2": "NA", "TYPE_2": "Obshtina", "ENGTYPE_2": "Municipality", "CC_2": "NA", "HASC_2": "BG.SI.GL" }, "geometry": { "type": "MultiPolygon", "coordinates": [ [ [ [ 26.913444519000052, 43.798835754000095 ], [ 26.909769059000041, 43.800395965000121 ], [ 26.905483246000074, 43.801612854000155 ], [ 26.903524399000105, 43.802768708000087 ], [ 26.899621964000062, 43.80452728299997 ], [ 26.89492988600017, 43.806877136000026 ], [ 26.88831329400017, 43.808696746000123 ], [ 26.881681443000048, 43.811084748000155 ], [ 26.876594543000181, 43.813716889000091 ], [ 26.871889114000112, 43.816627503000177 ], [ 26.86796379000009, 43.819801331000065 ], [ 26.864799500000117, 43.823524476000046 ], [ 26.860860825000088, 43.827251435000107 ], [ 26.858856201000151, 43.830387115 ], [ 26.858039855000072, 43.833496093000065 ], [ 26.856014253000183, 43.837478637000061 ], [ 26.854804994000062, 43.840885162000063 ], [ 26.853979110000068, 43.843433381000182 ], [ 26.852764130000082, 43.846549987000117 ], [ 26.85117340100004, 43.848834992000093 ], [ 26.850753784000062, 43.850814820000096 ], [ 26.847209930000076, 43.853710175000117 ], [ 26.844869613000185, 43.854316711000024 ], [ 26.841770173000043, 43.854671478000171 ], [ 26.839830399000107, 43.854709625000055 ], [ 26.837509156000181, 43.854480744 ], [ 26.835195542000065, 43.853404999000077 ], [ 26.832897187000071, 43.852046966999978 ], [ 26.831375121000065, 43.849834441000098 ], [ 26.829469681000148, 43.84790039100011 ], [ 26.826789856, 43.84542083700012 ], [ 26.824504852000132, 43.842643737 ], [ 26.822208404000037, 43.839885712000182 ], [ 26.820291519000136, 43.837959290000128 ], [ 26.817586900000094, 43.83659744300013 ], [ 26.814861297000107, 43.836101533000146 ], [ 26.811735153000086, 43.837009430000023 ], [ 26.808982849000074, 43.839038848000087 ], [ 26.80738830700011, 43.841888429000051 ], [ 26.805036544000131, 43.843349457000159 ], [ 26.801137924000159, 43.84313964800009 ], [ 26.798807145000126, 43.842346193000083 ], [ 26.796491624000112, 43.840423585000167 ], [ 26.794172287000151, 43.838504791000048 ], [ 26.791858674000139, 43.835735321000072 ], [ 26.789157868000132, 43.834098816000107 ], [ 26.786403656000118, 43.833885194000175 ], [ 26.784839630000022, 43.834003449000079 ], [ 26.780897141000082, 43.832759858000145 ], [ 26.776988983000024, 43.832557679000047 ], [ 26.775026321000155, 43.833438873000091 ], [ 26.7730484, 43.8354492200001 ], [ 26.772630691000188, 43.837154389000034 ], [ 26.772233962000143, 43.838855744000057 ], [ 26.771812440000076, 43.841678619000106 ], [ 26.771423339000137, 43.843093873000157 ], [ 26.770614624000075, 43.84507751600006 ], [ 26.76939964200011, 43.848217011000031 ], [ 26.767824173, 43.84965515100015 ], [ 26.765455247000148, 43.851402282000038 ], [ 26.763488770000038, 43.852573395000036 ], [ 26.760747909000031, 43.853172303 ], [ 26.752517701000102, 43.853645325000116 ], [ 26.74977111700008, 43.853408814000147 ], [ 26.743898392000062, 43.852970122999977 ], [ 26.740364074000183, 43.852764131000185 ], [ 26.73604393100004, 43.853416444000061 ], [ 26.732511521000163, 43.854045868000128 ], [ 26.72855568000017, 43.855831147000117 ], [ 26.725795746000074, 43.858135223000147 ], [ 26.723028184000043, 43.860740662000183 ], [ 26.721054076000144, 43.862194061000082 ], [ 26.717895508000083, 43.86253738400012 ], [ 26.714359283000192, 43.862613678000059 ], [ 26.709629059000122, 43.862705232000167 ], [ 26.707267760000036, 43.862464905000081 ], [ 26.703718186000174, 43.862823487000128 ], [ 26.700561524000136, 43.863456727000084 ], [ 26.697387695000145, 43.864929199000073 ], [ 26.695013046000042, 43.866954804000045 ], [ 26.693040848000123, 43.868690490000176 ], [ 26.689865112000064, 43.871299744000055 ], [ 26.687488556000062, 43.873317719000113 ], [ 26.683525085000156, 43.875381470999969 ], [ 26.679172516000165, 43.877441407000049 ], [ 26.676797867000062, 43.878341675000115 ], [ 26.672838212000102, 43.88011551000011 ], [ 26.668485641000132, 43.881053924000128 ], [ 26.667184830000053, 43.881553650000058 ], [ 26.669616699000073, 43.884506226000099 ], [ 26.673322677000101, 43.888301849000186 ], [ 26.679731370000013, 43.892528534000064 ], [ 26.688804626999968, 43.89862823500016 ], [ 26.694507600000122, 43.901901246000193 ], [ 26.698532104000037, 43.904727936000086 ], [ 26.703201295000099, 43.909702302000085 ], [ 26.710212708000029, 43.913669587000186 ], [ 26.714870454000106, 43.917930602000069 ], [ 26.721500397000057, 43.924316406000116 ], [ 26.724483490000011, 43.927143097000169 ], [ 26.727762223000127, 43.933624268000187 ], [ 26.729375839000056, 43.938423157000159 ], [ 26.733638762999988, 43.944385529000044 ], [ 26.737236022000047, 43.950828552000132 ], [ 26.741836547999981, 43.955322267000042 ], [ 26.748439789000031, 43.959289550000108 ], [ 26.755350113000191, 43.963256836000085 ], [ 26.761592866000058, 43.967464448000101 ], [ 26.767513276000159, 43.972160339000027 ], [ 26.770437240000149, 43.976215363000165 ], [ 26.771726608000051, 43.980289459000119 ], [ 26.771022798000104, 43.983692169000108 ], [ 26.768667220000054, 43.9881095880001 ], [ 26.766336441000021, 43.99081421000011 ], [ 26.764333724000153, 43.993286133000083 ], [ 26.762975693000158, 43.996452332000104 ], [ 26.764585496000052, 44.000537873000042 ], [ 26.764219284000092, 44.003215791000059 ], [ 26.76321601900014, 44.006126405000032 ], [ 26.762197494000134, 44.008571625 ], [ 26.759870530000171, 44.011528016000113 ], [ 26.756877900000177, 44.014976501999968 ], [ 26.75621032600003, 44.016933441000162 ], [ 26.75653648399998, 44.019092560000047 ], [ 26.757818222000026, 44.020515442000146 ], [ 26.759778976000064, 44.022411346000183 ], [ 26.761732102, 44.023586273000149 ], [ 26.764667510000038, 44.025211334000062 ], [ 26.766288758000087, 44.027114868000126 ], [ 26.767894744000102, 44.030464173000098 ], [ 26.768522263000079, 44.032871246000184 ], [ 26.768482209000126, 44.036254884000186 ], [ 26.767734528000176, 44.044731141000113 ], [ 26.768310546000066, 44.04979705900007 ], [ 26.768541336000112, 44.054145813000162 ], [ 26.768419266000137, 44.059215545000086 ], [ 26.767416001000186, 44.065841676000048 ], [ 26.767187118000152, 44.067432403000112 ], [ 26.767335892000062, 44.071777344000168 ], [ 26.767389298000182, 44.07732391400009 ], [ 26.766660691000027, 44.078819276 ], [ 26.769723892000115, 44.079685212000072 ], [ 26.779409408000163, 44.08274459800009 ], [ 26.780075074000024, 44.083095551000099 ], [ 26.780401230000166, 44.083271027000194 ], [ 26.780475616000103, 44.083328248000043 ], [ 26.782127381000066, 44.084243775000061 ], [ 26.785005570000123, 44.085514070000102 ], [ 26.788190842000063, 44.086917878000065 ], [ 26.799438477000137, 44.091812135000112 ], [ 26.808658599000069, 44.095523834000176 ], [ 26.811693191000131, 44.096683503000065 ], [ 26.812162398000169, 44.096870422 ], [ 26.812505722000139, 44.096988678 ], [ 26.814844131000086, 44.098304749000135 ], [ 26.821016311000051, 44.100887298000032 ], [ 26.82782363900003, 44.103706360000047 ], [ 26.828470230000164, 44.10401535 ], [ 26.829895019000162, 44.104831695000144 ], [ 26.832471847000022, 44.106304169000111 ], [ 26.842350005000071, 44.111740112 ], [ 26.843067169000051, 44.112003326000149 ], [ 26.843338013999983, 44.112091065000186 ], [ 26.844501496000191, 44.11253738400012 ], [ 26.854316711000024, 44.115974426999969 ], [ 26.854730604999986, 44.116119384000172 ], [ 26.860656738000159, 44.117538453000066 ], [ 26.862329483999986, 44.111087799000131 ], [ 26.862869262000061, 44.106735229000094 ], [ 26.863016129000073, 44.105487824000193 ], [ 26.863050460000125, 44.105243682000037 ], [ 26.863729477000106, 44.099441528000114 ], [ 26.864683152000055, 44.093654634000018 ], [ 26.867984771000124, 44.086624144999973 ], [ 26.87235641400008, 44.081085205000193 ], [ 26.880090714000175, 44.073009491000107 ], [ 26.885074615000178, 44.070430756000121 ], [ 26.887729644, 44.069152833000032 ], [ 26.89074897800009, 44.06711578300002 ], [ 26.893091203000154, 44.065574646000186 ], [ 26.894783020000091, 44.06430816600016 ], [ 26.898078919, 44.062755586000151 ], [ 26.900707245000092, 44.061466218000021 ], [ 26.902368545000058, 44.060447693000071 ], [ 26.905338287000063, 44.058898925000165 ], [ 26.907634734000112, 44.057861329000104 ], [ 26.90929794200008, 44.056835174000014 ], [ 26.911640167000144, 44.055305482000108 ], [ 26.913324356000146, 44.054042816000106 ], [ 26.914407729000175, 44.052291871000079 ], [ 26.915557861000082, 44.049819947000174 ], [ 26.916374206000057, 44.047351837000065 ], [ 26.916500091999978, 44.045646667000028 ], [ 26.916635514000177, 44.043685913000161 ], [ 26.916786193000121, 44.041477204000103 ], [ 26.916942596000183, 44.039031982000097 ], [ 26.91644477900013, 44.03685379000018 ], [ 26.916074752000156, 44.032463074000191 ], [ 26.914981841000042, 44.02908325300001 ], [ 26.913976669000192, 44.023998260000042 ], [ 26.915256501000044, 44.017639160000044 ], [ 26.91603088300019, 44.014949799000192 ], [ 26.916481019000116, 44.012260437000066 ], [ 26.917547226000124, 44.010292053000114 ], [ 26.91825676000002, 44.008586883000021 ], [ 26.918653488000189, 44.006862640000122 ], [ 26.919403076000037, 44.004665374000012 ], [ 26.920436859, 44.00318527200011 ], [ 26.921463012000117, 44.001705170000037 ], [ 26.922821046000024, 44.00021743800005 ], [ 26.925134659000037, 43.998950959000183 ], [ 26.927785874000108, 43.997421265000071 ], [ 26.931768418000161, 43.994903564000026 ], [ 26.933113098000035, 43.993652343000178 ], [ 26.935789108999984, 43.991649629 ], [ 26.937467575000142, 43.990158082000164 ], [ 26.938226699999973, 43.987716675000058 ], [ 26.938329697000086, 43.985294342000088 ], [ 26.937149047000105, 43.982654572000172 ], [ 26.934629440000094, 43.981021881000174 ], [ 26.929649353000059, 43.976310730000193 ], [ 26.92912483200007, 43.973175049000133 ], [ 26.930803300000036, 43.9716873160001 ], [ 26.932485581000037, 43.97042846700009 ], [ 26.936420441, 43.969123841000169 ], [ 26.942935944000055, 43.968482971000071 ], [ 26.949083329000075, 43.968559265000181 ], [ 26.954280853000057, 43.968200683000134 ], [ 26.957300187000101, 43.965946197000164 ], [ 26.96033096400015, 43.963214874000187 ], [ 26.962068558000055, 43.960506440000074 ], [ 26.962522506000084, 43.957351685000106 ], [ 26.964315415000044, 43.953689575000169 ], [ 26.963806152000075, 43.950084686000025 ], [ 26.96362686100008, 43.946708678000107 ], [ 26.963399887000151, 43.944290162000016 ], [ 26.963275909000174, 43.943206787000179 ], [ 26.962051392000035, 43.941558837000059 ], [ 26.961156845000176, 43.939418794 ], [ 26.960563660000048, 43.937980652000078 ], [ 26.957778931000121, 43.934177399000077 ], [ 26.955572128000028, 43.932304383000144 ], [ 26.953052520000085, 43.929954528000167 ], [ 26.948272706000068, 43.926696778000064 ], [ 26.944751739000139, 43.92460251000017 ], [ 26.941253662000179, 43.922046662000071 ], [ 26.938697815000182, 43.919937134000179 ], [ 26.936187745000154, 43.91686248700006 ], [ 26.933343887000035, 43.913539886000194 ], [ 26.931512833000056, 43.9090271 ], [ 26.930616379000128, 43.906147003 ], [ 26.929706574000079, 43.903759003000118 ], [ 26.928480149000109, 43.900653840000189 ], [ 26.92630386400009, 43.902267456000118 ], [ 26.923673631000156, 43.902568817000088 ], [ 26.920061112000099, 43.902427673000147 ], [ 26.917146683000112, 43.90104675300006 ], [ 26.915239333000045, 43.898921967000149 ], [ 26.914287566000098, 43.897720338000113 ], [ 26.912359238000022, 43.895603181000183 ], [ 26.9107818600001, 43.893486024000026 ], [ 26.909172059000014, 43.892082214000084 ], [ 26.907903672000145, 43.890182495000033 ], [ 26.905000686000108, 43.887844085000154 ], [ 26.903753280000103, 43.884738922000167 ], [ 26.904478074000053, 43.882083893000129 ], [ 26.905183792000173, 43.880611420999969 ], [ 26.906225204000179, 43.878414155000087 ], [ 26.907266617000118, 43.876220703000172 ], [ 26.908315659000039, 43.873790741000164 ], [ 26.908344268000178, 43.872360229000094 ], [ 26.908731461000173, 43.870174409000072 ], [ 26.909414290000086, 43.869190216000106 ], [ 26.909410477000051, 43.868949890000124 ], [ 26.90945243900012, 43.867500306000068 ], [ 26.910160065000071, 43.865577699000085 ], [ 26.910211563000075, 43.863288879000038 ], [ 26.910251617000029, 43.861831666 ], [ 26.910612106000087, 43.860385896000139 ], [ 26.911642075000145, 43.858562470000038 ], [ 26.913139342000079, 43.857555390000073 ], [ 26.915477752000129, 43.85714721700009 ], [ 26.917762756, 43.857948304000047 ], [ 26.919734954000148, 43.858489990000123 ], [ 26.921686173000182, 43.859779357000093 ], [ 26.92663192700013, 43.859905243000071 ], [ 26.929792405000171, 43.858509063000156 ], [ 26.93162345900015, 43.857982636000031 ], [ 26.934953689000167, 43.856594086000086 ], [ 26.937934875999986, 43.856155395000144 ], [ 26.939910889000146, 43.856117248000089 ], [ 26.941894532000049, 43.856063843000186 ], [ 26.9441757190001, 43.856742860000168 ], [ 26.946977615000094, 43.857162475000109 ], [ 26.949104310000109, 43.857471467000096 ], [ 26.951074600000084, 43.857784271000071 ], [ 26.953039169000135, 43.858104706 ], [ 26.956647873000122, 43.858501435000051 ], [ 26.959291458000109, 43.85807800300006 ], [ 26.961273193000011, 43.857795715000123 ], [ 26.963926314999981, 43.857261657000151 ], [ 26.965753555, 43.85662078900009 ], [ 26.968931199000053, 43.85486221400015 ], [ 26.970615388000056, 43.85362243600008 ], [ 26.971969604000151, 43.852275848000033 ], [ 26.973012925000091, 43.850452423000036 ], [ 26.974687576000179, 43.849201202000188 ], [ 26.975227357000165, 43.847755432000099 ], [ 26.976427078000029, 43.846401215000071 ], [ 26.977123260999974, 43.844703674000186 ], [ 26.977338791000079, 43.843147278 ], [ 26.977565766000112, 43.840984344000105 ], [ 26.974388122000107, 43.836612702000082 ], [ 26.97216034000013, 43.833774566000102 ], [ 26.970245361000082, 43.831546784000125 ], [ 26.966510773000152, 43.829113008000036 ], [ 26.961963653000169, 43.825847625000108 ], [ 26.954933166000103, 43.822887421000132 ], [ 26.948858261000112, 43.820968629000049 ], [ 26.943628311000055, 43.818214417000036 ], [ 26.937440871000092, 43.814151764000087 ], [ 26.930589675000022, 43.810344696000186 ], [ 26.923887253000032, 43.806037904 ], [ 26.920291900000052, 43.803966522000053 ], [ 26.918340683000167, 43.802558899000189 ], [ 26.916706085000101, 43.801162720000036 ], [ 26.913444519000052, 43.798835754000095 ] ] ] ] } },
{ "type": "Feature", "properties": { "fid": 160, "GID_2": "BGR.18.4_1", "GID_0": "BGR", "COUNTRY": "Bulgaria", "GID_1": "BGR.18_1", "NAME_1": "Silistra", "NL_NAME_1": "Силистра", "NAME_2": "Kainardzha", "VARNAME_2": "Kaynardzha", "NL_NAME_2": "NA", "TYPE_2": "Obshtina", "ENGTYPE_2": "Municipality", "CC_2": "NA", "HASC_2": "BG.SI.KA" }, "geometry": { "type": "MultiPolygon", "coordinates": [ [ [ [ 27.72515106200018, 43.956661225000175 ], [ 27.719865800000036, 43.956634521000069 ], [ 27.711263657000188, 43.958934784000064 ], [ 27.701070786000116, 43.965980529000149 ], [ 27.698345184, 43.968971254000053 ], [ 27.690866471000049, 43.977180481000119 ], [ 27.684051514000089, 43.98520279000013 ], [ 27.683813095000119, 43.985481263000167 ], [ 27.679689407000183, 43.985500336000086 ], [ 27.659984589000146, 43.98564529500004 ], [ 27.652929306000033, 43.984252930000082 ], [ 27.642576218000102, 43.981201172000169 ], [ 27.636453629000073, 43.980766297000116 ], [ 27.631292342000165, 43.979854584000122 ], [ 27.625215530000048, 43.979122162000067 ], [ 27.62305641100005, 43.977336883000078 ], [ 27.620182037000063, 43.974960327000076 ], [ 27.615863799000181, 43.971981050000068 ], [ 27.611581803000092, 43.967834473000039 ], [ 27.606706620000182, 43.958984376000103 ], [ 27.604597091000187, 43.956035615000076 ], [ 27.604724884000177, 43.951354981000065 ], [ 27.603361130000167, 43.947834016000172 ], [ 27.599117279000097, 43.943733216000112 ], [ 27.5927181240001, 43.939056397000172 ], [ 27.587694169000144, 43.937309265000181 ], [ 27.584926604000032, 43.932655335000049 ], [ 27.585069656000144, 43.928020477000075 ], [ 27.586626054000135, 43.924537659000066 ], [ 27.590362549000133, 43.921054841000171 ], [ 27.593343734000143, 43.918151855000133 ], [ 27.59483528100003, 43.916408539000145 ], [ 27.594942093000157, 43.912940979000098 ], [ 27.593584060000126, 43.910049438000044 ], [ 27.590026856000179, 43.907768249000071 ], [ 27.58503913900006, 43.905487061000144 ], [ 27.580036163000159, 43.903820038000106 ], [ 27.575021743000036, 43.903282166000054 ], [ 27.572143555000082, 43.902732850000064 ], [ 27.56859397900007, 43.901634216000105 ], [ 27.560771942000088, 43.900600433000079 ], [ 27.557897568000101, 43.899505616 ], [ 27.552822112000058, 43.900711060000106 ], [ 27.548391342000116, 43.903617859000178 ], [ 27.542564392000088, 43.905391692000137 ], [ 27.538095475000091, 43.908859252000184 ], [ 27.535850525000114, 43.910579682000048 ], [ 27.53214073100014, 43.912895204000165 ], [ 27.529943465000088, 43.913494110000158 ], [ 27.527011871000127, 43.914657594000118 ], [ 27.524154664000093, 43.914142610000169 ], [ 27.519918443000165, 43.912517548000153 ], [ 27.517881392999982, 43.910305023000149 ], [ 27.515991211000085, 43.90528869700006 ], [ 27.513568878000115, 43.896930695000037 ], [ 27.51202011100014, 43.885765075000108 ], [ 27.510225296000044, 43.879093170000033 ], [ 27.507030487000122, 43.871906281000065 ], [ 27.50377845700018, 43.865840911000191 ], [ 27.500495910000097, 43.860328675000119 ], [ 27.499990464, 43.856433868000181 ], [ 27.496080398000174, 43.852760316000115 ], [ 27.492935181000064, 43.851448059000177 ], [ 27.490909576000092, 43.849544525000056 ], [ 27.487434388000111, 43.847408295000093 ], [ 27.48466873100017, 43.845802307000042 ], [ 27.481111527, 43.845600128000115 ], [ 27.477527619000114, 43.845970155000089 ], [ 27.473558426000068, 43.846618653000121 ], [ 27.471315383000046, 43.84834671100009 ], [ 27.468740463000131, 43.849815368000179 ], [ 27.465732574000072, 43.85239028899997 ], [ 27.463447572000177, 43.854675293000071 ], [ 27.461160660000132, 43.857238771000027 ], [ 27.459161758000107, 43.860912323000093 ], [ 27.457233428000109, 43.863193512000066 ], [ 27.455675125000027, 43.865173340000126 ], [ 27.453384400000118, 43.867443084000172 ], [ 27.450382232000038, 43.869472504000044 ], [ 27.446371079000073, 43.87010574400017 ], [ 27.442398071000127, 43.870189667000091 ], [ 27.437009811, 43.869468689000144 ], [ 27.433774949000053, 43.869251251000094 ], [ 27.42837142999997, 43.868228913000053 ], [ 27.424100876000125, 43.866920472000061 ], [ 27.419927597000083, 43.863933564000035 ], [ 27.417503357000044, 43.862033845000155 ], [ 27.415403366000078, 43.86066818200004 ], [ 27.407810212000129, 43.85554885900001 ], [ 27.404249191000133, 43.85942840600012 ], [ 27.399572373000012, 43.863338471000077 ], [ 27.397089005000112, 43.867198945000098 ], [ 27.394514084000093, 43.87274551500019 ], [ 27.394662855999968, 43.87865447900009 ], [ 27.394220353000037, 43.884990691000155 ], [ 27.395046234000063, 43.896785736000027 ], [ 27.398246764000021, 43.906425476000038 ], [ 27.401699066000049, 43.912677766000115 ], [ 27.403011322000111, 43.917289735000054 ], [ 27.402666091000015, 43.921916962000182 ], [ 27.40112304600018, 43.927417754000032 ], [ 27.401313783000035, 43.932025910000107 ], [ 27.401536941000074, 43.936229707000052 ], [ 27.403392792000034, 43.940788268000176 ], [ 27.404724120000083, 43.944957734000184 ], [ 27.403913497000019, 43.947910309000179 ], [ 27.403038026000161, 43.951686859000176 ], [ 27.402746200000024, 43.955043794000176 ], [ 27.4007453910001, 43.958831787000179 ], [ 27.39813613900003, 43.963062287000071 ], [ 27.395557403, 43.966846467000039 ], [ 27.395217894999973, 43.97061538600019 ], [ 27.395189286, 43.97086715800009 ], [ 27.395065307000152, 43.972270966000053 ], [ 27.396255493000069, 43.977657318000013 ], [ 27.399650575000123, 43.98343276900016 ], [ 27.399955749000128, 43.983806609000169 ], [ 27.402681352000172, 43.9871215820001 ], [ 27.406673431000115, 43.992485046000127 ], [ 27.40974044800015, 43.995773315000179 ], [ 27.411041259000058, 43.999923707 ], [ 27.413446426000178, 44.004489898000088 ], [ 27.413173675999985, 44.007415773000162 ], [ 27.411598205000132, 44.011997223000151 ], [ 27.409059525000032, 44.013809205000143 ], [ 27.410783767000055, 44.01405715900006 ], [ 27.411884308000083, 44.014240265000069 ], [ 27.412590026000032, 44.014358521000133 ], [ 27.413429259999987, 44.01444626000017 ], [ 27.414417267000147, 44.014602662000129 ], [ 27.415691376000154, 44.014766693000126 ], [ 27.416912079000156, 44.01496505700004 ], [ 27.418649673, 44.015239716999986 ], [ 27.422660828000176, 44.015796661000081 ], [ 27.426362992000065, 44.016387941000175 ], [ 27.429685592000169, 44.016880036000089 ], [ 27.430877686000031, 44.017040254000051 ], [ 27.432718277000049, 44.017303466000158 ], [ 27.433355332000076, 44.017395020000095 ], [ 27.435106277000102, 44.017669678000061 ], [ 27.437507629000152, 44.017971040000134 ], [ 27.438859940000043, 44.018207551000103 ], [ 27.439393997000082, 44.01826477100019 ], [ 27.439912796000158, 44.018302918000074 ], [ 27.440855026000122, 44.018428804000166 ], [ 27.441570282000157, 44.018531799000073 ], [ 27.442319869000073, 44.01865005500008 ], [ 27.443403245000184, 44.01881027200011 ], [ 27.444395066000084, 44.018962861000034 ], [ 27.445358277000139, 44.019107818000066 ], [ 27.446201324000128, 44.019248962000177 ], [ 27.447757721000073, 44.019489289000092 ], [ 27.450675964000027, 44.019908906000069 ], [ 27.452371598000184, 44.020183564000035 ], [ 27.452741623000122, 44.02024078400018 ], [ 27.453817368000045, 44.020374298000036 ], [ 27.455057144000136, 44.020553589000031 ], [ 27.456260680000071, 44.020709991 ], [ 27.457273483000108, 44.020896912000126 ], [ 27.458337785000083, 44.021045684000171 ], [ 27.45983886800019, 44.02126312200005 ], [ 27.461273193000125, 44.021465301000148 ], [ 27.46277427800004, 44.021682739000028 ], [ 27.464145660000042, 44.021888733000026 ], [ 27.466014862000122, 44.022155761000079 ], [ 27.467460632000041, 44.022365571000194 ], [ 27.470239640000102, 44.022777558000087 ], [ 27.470581054000093, 44.022769928000173 ], [ 27.474550246999968, 44.022521972999982 ], [ 27.475486756000123, 44.022441864000029 ], [ 27.476753235, 44.022354126000039 ], [ 27.478349685000126, 44.022239685000102 ], [ 27.479303360000074, 44.022178650000114 ], [ 27.48315811100008, 44.021896362 ], [ 27.487392426000042, 44.021602630000075 ], [ 27.488538742000173, 44.021503448000033 ], [ 27.489721298000177, 44.021411896000075 ], [ 27.490959168000074, 44.021335603000068 ], [ 27.492254257000013, 44.021255494000116 ], [ 27.493980408000141, 44.021137238000108 ], [ 27.497732163000137, 44.020851135000157 ], [ 27.499345779000066, 44.020729064000079 ], [ 27.500007630000027, 44.020709991 ], [ 27.501029968000068, 44.020626069000173 ], [ 27.503320693000148, 44.020454407000159 ], [ 27.506439209000064, 44.020244599000023 ], [ 27.507652283000084, 44.020133972000053 ], [ 27.509094238000102, 44.020061493000185 ], [ 27.511213303000034, 44.019893647000117 ], [ 27.514207840000097, 44.019702911000195 ], [ 27.515462873999979, 44.019607544000166 ], [ 27.517295838000109, 44.019485474000192 ], [ 27.520830153000077, 44.019214631000068 ], [ 27.522787095000183, 44.019096375000061 ], [ 27.526557922000165, 44.018798829000161 ], [ 27.530752183000175, 44.018531799000073 ], [ 27.534702301000152, 44.018230439000035 ], [ 27.535959243999969, 44.018112182000095 ], [ 27.536926270000038, 44.018070222000176 ], [ 27.53843689100006, 44.017974853000169 ], [ 27.539901734000068, 44.017848969000056 ], [ 27.543268204000071, 44.017612458000144 ], [ 27.545392989000106, 44.017452241000115 ], [ 27.547040939, 44.017333985000107 ], [ 27.548215866000135, 44.017257691000168 ], [ 27.549289703999989, 44.017150879000042 ], [ 27.551136015999987, 44.017059327000084 ], [ 27.553007126000125, 44.01691436800013 ], [ 27.555227280000111, 44.016731262000064 ], [ 27.557058334000089, 44.016620637000074 ], [ 27.558406829000035, 44.016498566000166 ], [ 27.559259414000167, 44.016448974000127 ], [ 27.560712815000045, 44.01634597900005 ], [ 27.561943055000086, 44.016254425000113 ], [ 27.562507629000038, 44.016166688000055 ], [ 27.563892364000139, 44.016067506000184 ], [ 27.564750671000184, 44.016010285000164 ], [ 27.566596985, 44.015872956000067 ], [ 27.567796707000184, 44.015796661000081 ], [ 27.569358825000108, 44.015678405000074 ], [ 27.571386337000149, 44.015529633000028 ], [ 27.571704865000072, 44.015529633000028 ], [ 27.572803496000063, 44.015441894000105 ], [ 27.574590683000054, 44.015327454000101 ], [ 27.576629638000099, 44.015193940000017 ], [ 27.578384400000175, 44.015064239000083 ], [ 27.580135345000031, 44.01493835500014 ], [ 27.584663392000095, 44.014617920000148 ], [ 27.585998534999987, 44.014511108000193 ], [ 27.587377549000053, 44.014430999000069 ], [ 27.58930397000006, 44.014282227000194 ], [ 27.590242386000057, 44.014217377000136 ], [ 27.591138840000156, 44.014156341000103 ], [ 27.594266892000178, 44.013908387000185 ], [ 27.595439912000018, 44.013828278 ], [ 27.598476409, 44.013587952000194 ], [ 27.601308822000135, 44.01339721800008 ], [ 27.60681533800016, 44.01300430200007 ], [ 27.610198974000127, 44.012748718000068 ], [ 27.613420487000155, 44.012481690000186 ], [ 27.615375519000111, 44.014732361000142 ], [ 27.617803575000096, 44.017456056000185 ], [ 27.61990737900004, 44.019844055000135 ], [ 27.621610641000132, 44.021789551000154 ], [ 27.623731613000132, 44.024112703000185 ], [ 27.624679565, 44.025161744 ], [ 27.625007630000084, 44.025535584000068 ], [ 27.626710892000176, 44.027492524000138 ], [ 27.627878189000171, 44.028785707000111 ], [ 27.629096984000057, 44.030113221000192 ], [ 27.630529404000072, 44.031745911000087 ], [ 27.631307602000163, 44.032726289000038 ], [ 27.631868362000034, 44.033298493000132 ], [ 27.632101060000082, 44.033565521000185 ], [ 27.63264846800007, 44.034179687000176 ], [ 27.633642197000142, 44.035408020000148 ], [ 27.635356903000115, 44.037284852000141 ], [ 27.636154175000172, 44.038181305000194 ], [ 27.636966705000077, 44.039123536000034 ], [ 27.638744354000153, 44.04117584200003 ], [ 27.63923072900019, 44.041664123000032 ], [ 27.639549256000123, 44.042079925000166 ], [ 27.640863418000151, 44.043621064000035 ], [ 27.641649247000089, 44.044414521000078 ], [ 27.642065049, 44.044967652000082 ], [ 27.643144607000181, 44.04615783800017 ], [ 27.643445969000084, 44.046493531000124 ], [ 27.644994736000058, 44.048202514000025 ], [ 27.646596908999982, 44.047332763000099 ], [ 27.648283005000053, 44.046314240000129 ], [ 27.650674820000177, 44.044853210000042 ], [ 27.653223037000089, 44.043277741000168 ], [ 27.654178619000106, 44.042713165000123 ], [ 27.654882430000157, 44.042301178000059 ], [ 27.655485153000029, 44.04192352299998 ], [ 27.655851365000103, 44.041667938000103 ], [ 27.656736374000047, 44.041076659999987 ], [ 27.659814834000031, 44.039245607000112 ], [ 27.663036347000059, 44.03735733100001 ], [ 27.664300919000027, 44.03655624400011 ], [ 27.665203094000162, 44.036048890000018 ], [ 27.665733338000166, 44.035709381000117 ], [ 27.666723252, 44.035152435000043 ], [ 27.667434693000189, 44.034679413000163 ], [ 27.668809889999977, 44.03388595600012 ], [ 27.67018318200013, 44.033069610000098 ], [ 27.671947479000153, 44.031951905000085 ], [ 27.675125121000178, 44.030075074000138 ], [ 27.676677704000156, 44.026973724000186 ], [ 27.67703056300013, 44.026298523000037 ], [ 27.677286147000132, 44.02577209500015 ], [ 27.677444457000092, 44.025440217000039 ], [ 27.677783966000163, 44.02480697600015 ], [ 27.678308487000152, 44.023754121000195 ], [ 27.678703308000024, 44.023067474000129 ], [ 27.679256439000085, 44.02195358400013 ], [ 27.679719926000132, 44.021137238000108 ], [ 27.68048858700007, 44.019657134 ], [ 27.681365966000101, 44.017971040000134 ], [ 27.682394027000157, 44.015933990000178 ], [ 27.683135985999968, 44.014484406000122 ], [ 27.683725357000185, 44.013240814000085 ], [ 27.684301376000121, 44.012317658000086 ], [ 27.684717178000085, 44.011428833000025 ], [ 27.685134887000061, 44.010601044000168 ], [ 27.685850143000096, 44.009220123000034 ], [ 27.68640708900017, 44.008220673000096 ], [ 27.686672209999983, 44.007640839000089 ], [ 27.687173843000039, 44.006687164000141 ], [ 27.687507629000095, 44.005989076000105 ], [ 27.688167572000111, 44.004779817000156 ], [ 27.688970565000034, 44.003215791000059 ], [ 27.689956666000171, 44.001377105000188 ], [ 27.690532685000107, 44.000293732000159 ], [ 27.69064903300017, 43.999996185000157 ], [ 27.690975189000142, 43.999378204000095 ], [ 27.691390991000105, 43.998554230000138 ], [ 27.692344665000121, 43.996681213000159 ], [ 27.693590164000057, 43.994274140000186 ], [ 27.695095062000064, 43.991466523000156 ], [ 27.69573783900006, 43.990226745000086 ], [ 27.695970535000129, 43.989765168000133 ], [ 27.696470261000059, 43.988731385000165 ], [ 27.697122574000105, 43.987522125999988 ], [ 27.697683335000079, 43.986495972 ], [ 27.698398589000078, 43.984966278000115 ], [ 27.698976516000016, 43.983970642000145 ], [ 27.699468612000089, 43.98294067400019 ], [ 27.700096131000066, 43.98181152300009 ], [ 27.700466156000175, 43.981033326000102 ], [ 27.701099396000188, 43.979721070000096 ], [ 27.701789855000186, 43.978466034000178 ], [ 27.702528, 43.976985932000105 ], [ 27.703697205000083, 43.974758148000149 ], [ 27.70572090200011, 43.970905304000041 ], [ 27.706840515000124, 43.968772889000093 ], [ 27.707649230000129, 43.967144013000109 ], [ 27.708665848000066, 43.965187074000141 ], [ 27.708845138000186, 43.964828492000095 ], [ 27.709423065000124, 43.963665008000135 ], [ 27.709836960000132, 43.962848664000092 ], [ 27.710142136000172, 43.962287903000117 ], [ 27.710481643000094, 43.961639405000142 ], [ 27.711509706000186, 43.95966720600012 ], [ 27.713626862000012, 43.95920181300005 ], [ 27.714889527000139, 43.958911895000028 ], [ 27.71626091100012, 43.958595275000164 ], [ 27.717414855000186, 43.958332063000057 ], [ 27.721450806000064, 43.957477570000151 ], [ 27.72396850500013, 43.956912994000106 ], [ 27.72515106200018, 43.956661225000175 ] ] ] ] } },
{ "type": "Feature", "properties": { "fid": 161, "GID_2": "BGR.18.5_1", "GID_0": "BGR", "COUNTRY": "Bulgaria", "GID_1": "BGR.18_1", "NAME_1": "Silistra", "NL_NAME_1": "Силистра", "NAME_2": "Silistra", "VARNAME_2": "NA", "NL_NAME_2": "Силистра", "TYPE_2": "City", "ENGTYPE_2": "City", "CC_2": "NA", "HASC_2": "BG.SI.SL" }, "geometry": { "type": "MultiPolygon", "coordinates": [ [ [ [ 27.395189286, 43.97086715800009 ], [ 27.392427444000134, 43.970462799000074 ], [ 27.385139465000123, 43.970191956000178 ], [ 27.380146026000034, 43.969459534000123 ], [ 27.375539780000111, 43.967472075999979 ], [ 27.369285584000068, 43.96489334100005 ], [ 27.362276078000093, 43.961074829000154 ], [ 27.35368156300018, 43.959159852000028 ], [ 27.34614181500018, 43.958068848000039 ], [ 27.341878890000146, 43.957942962000061 ], [ 27.337043761000018, 43.958263397000053 ], [ 27.33382988000011, 43.959171295000033 ], [ 27.330287934000182, 43.960506440000074 ], [ 27.327253342000063, 43.962455749000185 ], [ 27.32479858500011, 43.964366913000049 ], [ 27.322526931000084, 43.967147828000179 ], [ 27.320894242000065, 43.969272613000044 ], [ 27.319253922000087, 43.974315644000114 ], [ 27.317316054000116, 43.979351043000122 ], [ 27.316087722000134, 43.982906342000035 ], [ 27.315380096000183, 43.987094878 ], [ 27.315055847999986, 43.990215302000081 ], [ 27.314216614000031, 43.992717744 ], [ 27.312038422000114, 43.994438172000059 ], [ 27.309974670000031, 43.995105744000057 ], [ 27.306789398000092, 43.995395660000099 ], [ 27.304214478000063, 43.995464325000171 ], [ 27.30219841100012, 43.995506287000069 ], [ 27.297824861000095, 43.996242524000138 ], [ 27.295595169000023, 43.998386382000092 ], [ 27.294347763000189, 44.001945496000076 ], [ 27.292736053000056, 44.00613784799998 ], [ 27.290815353000085, 44.008060456000123 ], [ 27.287328719000129, 44.008563996000191 ], [ 27.284780502000046, 44.008224488000167 ], [ 27.282287597999982, 44.007457733000081 ], [ 27.278963089000172, 44.006305696000027 ], [ 27.276798248000034, 44.005115510000167 ], [ 27.273080826000125, 44.002304078000066 ], [ 27.271820068000068, 44.000663757000154 ], [ 27.269626617000029, 43.996959685999968 ], [ 27.269689560000188, 43.993618011000194 ], [ 27.271169662000091, 43.990455628000063 ], [ 27.271984100000111, 43.988132477000136 ], [ 27.272027969000135, 43.984996795000029 ], [ 27.271036148000064, 43.983348847000116 ], [ 27.267173767000145, 43.981765748000157 ], [ 27.262744904000044, 43.979984283000078 ], [ 27.257261275000076, 43.977172850999978 ], [ 27.244985580000048, 43.973056793000126 ], [ 27.239313126000184, 43.972141265000062 ], [ 27.234514237000042, 43.971206666000114 ], [ 27.231653213000129, 43.971061707000104 ], [ 27.227233886000135, 43.969062806000181 ], [ 27.219783784000072, 43.965866089000087 ], [ 27.213390350000111, 43.963489531999983 ], [ 27.208753587000047, 43.960865021000188 ], [ 27.204835891000073, 43.956527711000149 ], [ 27.203107835000083, 43.953399659000127 ], [ 27.202528, 43.950031281000122 ], [ 27.203437805000078, 43.946422577000192 ], [ 27.205244065000102, 43.941944122000052 ], [ 27.206943512000123, 43.938945770000146 ], [ 27.20753669700008, 43.935359954000091 ], [ 27.207204818999969, 43.932407380000086 ], [ 27.20601272600004, 43.929481506000116 ], [ 27.202056886000094, 43.928718568000193 ], [ 27.198232651000126, 43.929645539000092 ], [ 27.19448089600013, 43.929939270000148 ], [ 27.192277908000108, 43.928722383000093 ], [ 27.191606521000097, 43.926406860000043 ], [ 27.191722869000102, 43.924919129000159 ], [ 27.191877366000028, 43.92302703900009 ], [ 27.192169190000186, 43.919429780000087 ], [ 27.192211152000084, 43.915191651000157 ], [ 27.192808152000111, 43.911380768000072 ], [ 27.192247390999967, 43.907379150000111 ], [ 27.192644120000068, 43.905887603000053 ], [ 27.188417434000087, 43.908508301000154 ], [ 27.185096741000052, 43.910480500000176 ], [ 27.18065071000018, 43.912261964000152 ], [ 27.177696229000048, 43.913372041000059 ], [ 27.174768447000076, 43.914073944000165 ], [ 27.171825409000121, 43.914985656999988 ], [ 27.169809342000178, 43.915016175000062 ], [ 27.166976929000043, 43.914440156000069 ], [ 27.16437721300008, 43.914501191000056 ], [ 27.160491943000125, 43.912677766000115 ], [ 27.157136918000106, 43.911277771000186 ], [ 27.152643203000139, 43.909671783000135 ], [ 27.149927140000045, 43.907180786000026 ], [ 27.14748573300011, 43.904903412000067 ], [ 27.143329621000134, 43.902244567000082 ], [ 27.141395568000064, 43.901016235000043 ], [ 27.138589858999978, 43.900012970000091 ], [ 27.133728027000075, 43.899051667000037 ], [ 27.129146577000085, 43.898525238000104 ], [ 27.125335693000068, 43.899452209000117 ], [ 27.122676849000186, 43.900363922000167 ], [ 27.120002746000125, 43.901882172 ], [ 27.118473054000049, 43.90341568000008 ], [ 27.116552354000135, 43.906425476000038 ], [ 27.114601135000044, 43.910083772000064 ], [ 27.113544463000039, 43.913288117000036 ], [ 27.112457275000111, 43.916923523000094 ], [ 27.110788346000163, 43.920570373000032 ], [ 27.109716416000083, 43.923999787000128 ], [ 27.107526779000011, 43.926586151000095 ], [ 27.104816437000125, 43.928775788000166 ], [ 27.102365494000139, 43.930969238000102 ], [ 27.100017547000107, 43.931884766000167 ], [ 27.096807479000063, 43.932815552000079 ], [ 27.092769622000162, 43.933128357000101 ], [ 27.090183258000081, 43.933406830000138 ], [ 27.088163376000068, 43.933464050000111 ], [ 27.085514069000169, 43.934375763000105 ], [ 27.084405900000036, 43.935207367000032 ], [ 27.085409165000044, 43.936302186000091 ], [ 27.086187363000079, 43.937549591000163 ], [ 27.086933136000084, 43.939449311000146 ], [ 27.087406158000135, 43.940925597000103 ], [ 27.088695526000038, 43.943244934000063 ], [ 27.089416505000145, 43.945358277000025 ], [ 27.089582443000154, 43.94684982300015 ], [ 27.090345383000056, 43.948318481000172 ], [ 27.090475082000069, 43.950664521000135 ], [ 27.090036392000172, 43.953033447000053 ], [ 27.089359283000192, 43.954540253000175 ], [ 27.088106156000151, 43.956283569 ], [ 27.087148666000132, 43.957584381000174 ], [ 27.085523605000049, 43.960411073000103 ], [ 27.082746505000159, 43.963470459000121 ], [ 27.080907821000096, 43.965236664000145 ], [ 27.079881668000155, 43.967617034999989 ], [ 27.07800483800014, 43.970024108000132 ], [ 27.077682495000033, 43.97430419900013 ], [ 27.077152253, 43.977523805000089 ], [ 27.077194215000134, 43.980731965000132 ], [ 27.076110839000023, 43.983547212000133 ], [ 27.071619034000037, 43.986671448000152 ], [ 27.068016052000189, 43.989330293000137 ], [ 27.064638139000067, 43.992435456000123 ], [ 27.063478470000121, 43.996315003 ], [ 27.063562393000041, 43.998683929000094 ], [ 27.063585282000076, 44.001895904000037 ], [ 27.062803268000039, 44.004493713000102 ], [ 27.06097221400006, 44.006046296000079 ], [ 27.05947113000019, 44.007167816000162 ], [ 27.057081222000136, 44.008754731000067 ], [ 27.054105758000162, 44.010543824000024 ], [ 27.049644471000079, 44.013252259000069 ], [ 27.04631614800013, 44.015926362000073 ], [ 27.043788910000103, 44.019214631000068 ], [ 27.040950774000066, 44.022743226000102 ], [ 27.040388108000059, 44.025997161000134 ], [ 27.04013061500018, 44.029022218000023 ], [ 27.041248321000126, 44.032440186000031 ], [ 27.042207718000157, 44.034347535000052 ], [ 27.043333053000083, 44.037559510000165 ], [ 27.044996261000051, 44.040969848000032 ], [ 27.045660019000081, 44.043109893000121 ], [ 27.045412063000185, 44.045928955000136 ], [ 27.045553207000125, 44.047439576000158 ], [ 27.043115615000033, 44.049461365000184 ], [ 27.040702819999979, 44.051261902000022 ], [ 27.038291932000163, 44.053070069000171 ], [ 27.034824372000173, 44.054042816000106 ], [ 27.028856277000102, 44.057907104000094 ], [ 27.02471733100009, 44.060203552000189 ], [ 27.019935607000093, 44.063388826000164 ], [ 27.01633071800012, 44.066108703000054 ], [ 27.011676787000113, 44.067775726000036 ], [ 27.007322311000053, 44.06942749100017 ], [ 27.002988815000151, 44.067802430000086 ], [ 26.999202728000114, 44.066165924000074 ], [ 26.995084762000147, 44.065193176000037 ], [ 26.992216110000072, 44.06592559700016 ], [ 26.989833831000055, 44.067523957000049 ], [ 26.987985612000159, 44.069305420000092 ], [ 26.985422133999975, 44.072898864000081 ], [ 26.984884262000094, 44.075759888 ], [ 26.984275818000185, 44.079284668000128 ], [ 26.983400345000121, 44.082588196000131 ], [ 26.982721327999968, 44.08659362800006 ], [ 26.9826488490001, 44.09011077800011 ], [ 26.982250212999986, 44.093891145000157 ], [ 26.981918335000103, 44.097000123000157 ], [ 26.980903625000167, 44.098583222000173 ], [ 26.979833603000088, 44.100616455000079 ], [ 26.978389740000068, 44.103549958000031 ], [ 26.977510451000057, 44.106254577000129 ], [ 26.976488113000187, 44.11008834900008 ], [ 26.974445343000127, 44.113075257000105 ], [ 26.973951339000109, 44.114898682000046 ], [ 26.973224640000069, 44.118541718000074 ], [ 26.972009658000104, 44.12219238400013 ], [ 26.971849441000074, 44.1226844790001 ], [ 26.971046448000152, 44.126605988000108 ], [ 26.969734192000146, 44.130111695000153 ], [ 26.968151093000131, 44.133403779000048 ], [ 26.967678069999977, 44.134487152000077 ], [ 26.966888428000061, 44.136268616000052 ], [ 26.966857910000158, 44.136344910000162 ], [ 26.968070984000178, 44.136299135000172 ], [ 26.968757629000038, 44.136268616000052 ], [ 26.969509124000183, 44.136180877000129 ], [ 26.970403670999985, 44.136054993000016 ], [ 26.977230073000101, 44.135105134000071 ], [ 26.987342834000117, 44.133991242000093 ], [ 26.988288879000152, 44.133918763000054 ], [ 26.995998383000142, 44.134193421000191 ], [ 26.999145508000026, 44.134948731000179 ], [ 26.999738693000154, 44.13512039200009 ], [ 27.000007630000141, 44.135181427000077 ], [ 27.007480621000184, 44.136981964000086 ], [ 27.007417678000024, 44.137752532999968 ], [ 27.014308930000027, 44.139678956000125 ], [ 27.023780822000163, 44.142402648000086 ], [ 27.024047852000081, 44.142448425000055 ], [ 27.030475616000047, 44.143585206000012 ], [ 27.03086471600011, 44.143657685000107 ], [ 27.031255722000139, 44.143714905000195 ], [ 27.03541374200006, 44.144088745000033 ], [ 27.043434143000127, 44.144897460000095 ], [ 27.049562455000057, 44.144283294000047 ], [ 27.048892976000161, 44.141838074000077 ], [ 27.050912858000117, 44.140499114000136 ], [ 27.054855346000181, 44.138633729000048 ], [ 27.058290481000085, 44.137252807000039 ], [ 27.058725357000185, 44.137573242000144 ], [ 27.062507629000152, 44.135917664000146 ], [ 27.071622849000107, 44.134544373000097 ], [ 27.079673766000042, 44.133560181 ], [ 27.081855772999972, 44.133262635000108 ], [ 27.091506958000139, 44.133380890000012 ], [ 27.092700959000069, 44.133605956000167 ], [ 27.093187332000127, 44.13372421400004 ], [ 27.094831466000073, 44.13407898100013 ], [ 27.096078872000078, 44.134368897000172 ], [ 27.103708267000115, 44.137054443000125 ], [ 27.104953766000051, 44.137313842000026 ], [ 27.106235503000107, 44.137481690000072 ], [ 27.113744735000068, 44.138721466000106 ], [ 27.114988328000038, 44.138927460000104 ], [ 27.116384506000088, 44.139060974000131 ], [ 27.122751237000102, 44.140121461000035 ], [ 27.123922347000189, 44.140419006000059 ], [ 27.124343872000168, 44.140468598000098 ], [ 27.125007630000027, 44.140537263000169 ], [ 27.125953675000062, 44.140411377000078 ], [ 27.130834579000123, 44.140884400000061 ], [ 27.13278198200004, 44.140972139000098 ], [ 27.135372161000021, 44.140865326000039 ], [ 27.136480331000087, 44.140754701000048 ], [ 27.140157700000145, 44.140388489000145 ], [ 27.142660140000089, 44.139953614000092 ], [ 27.147190095000155, 44.138751985000056 ], [ 27.150371551000148, 44.137496948000091 ], [ 27.154113769000162, 44.136020661000032 ], [ 27.155441284000119, 44.135437012000182 ], [ 27.155858993000152, 44.135250091000046 ], [ 27.164043426999967, 44.132797241000162 ], [ 27.165264129000093, 44.13245391900017 ], [ 27.166425705999984, 44.132019044000174 ], [ 27.170475006, 44.130397796000125 ], [ 27.173091887999988, 44.129253387 ], [ 27.177387237000062, 44.126895904000094 ], [ 27.177986145000034, 44.126419066999972 ], [ 27.178462983000088, 44.125968933000024 ], [ 27.178922654000189, 44.125534058000028 ], [ 27.179140092000068, 44.125286103000064 ], [ 27.179351807000046, 44.124996185000043 ], [ 27.180179596000073, 44.124210358000141 ], [ 27.182205200000169, 44.122802735000107 ], [ 27.183181764000153, 44.122261047000052 ], [ 27.18552970900015, 44.121234894000111 ], [ 27.186674118000099, 44.120773315000065 ], [ 27.187189102000048, 44.120666505000088 ], [ 27.187507629000038, 44.120635986000138 ], [ 27.188098907000096, 44.120700835999969 ], [ 27.19533157300009, 44.120079040000064 ], [ 27.202394486000173, 44.119380952000029 ], [ 27.209770202000072, 44.118324280000195 ], [ 27.217651367000144, 44.117107391000104 ], [ 27.218069076000177, 44.117046357000049 ], [ 27.218757629000038, 44.116958618000183 ], [ 27.224391937000064, 44.116794586000083 ], [ 27.230169296000156, 44.116508485000111 ], [ 27.234973908000143, 44.116744996000079 ], [ 27.241640091000079, 44.117843628 ], [ 27.243984223000041, 44.118373872000177 ], [ 27.244253158, 44.118457794000051 ], [ 27.249425888000076, 44.120010376000039 ], [ 27.249773026000184, 44.120128632000103 ], [ 27.250007630000084, 44.120193482000104 ], [ 27.25197792, 44.120082855000135 ], [ 27.254209519000028, 44.120456695000144 ], [ 27.255784988000073, 44.121715546000132 ], [ 27.258068085000048, 44.123542787000019 ], [ 27.259796142000141, 44.125 ], [ 27.260976792000122, 44.125385286000153 ], [ 27.26259613000019, 44.125755311000148 ], [ 27.263757705000103, 44.126022338000098 ], [ 27.265508652000108, 44.126373292000039 ], [ 27.267623901000036, 44.126594543000124 ], [ 27.268981934000067, 44.126781464000032 ], [ 27.269781112000089, 44.126804352000136 ], [ 27.271272659000147, 44.126693725000166 ], [ 27.272413253000025, 44.126647950000176 ], [ 27.272855758000162, 44.126613615999986 ], [ 27.272911071000181, 44.126605988000108 ], [ 27.273529052000072, 44.126380920000145 ], [ 27.27399635400019, 44.126052857000047 ], [ 27.274654388000101, 44.125827789000084 ], [ 27.275562285000149, 44.125423432000105 ], [ 27.276325226000154, 44.125 ], [ 27.277057648000152, 44.124774932000093 ], [ 27.277559281000038, 44.124576568000066 ], [ 27.277931214000148, 44.124336242000027 ], [ 27.278219222000189, 44.12408065700015 ], [ 27.278596877000098, 44.12359237700008 ], [ 27.279432297000085, 44.122783661000085 ], [ 27.279514313000107, 44.122665406000181 ], [ 27.279470443000037, 44.122543335000103 ], [ 27.278364181000029, 44.121795655000085 ], [ 27.278274537000073, 44.121711731000062 ], [ 27.277814866000142, 44.120742798000094 ], [ 27.277576447, 44.120323181000117 ], [ 27.277236938999977, 44.119384765000063 ], [ 27.277236938999977, 44.118869781000114 ], [ 27.277154922000022, 44.118324280000195 ], [ 27.277177811000058, 44.118011475000117 ], [ 27.277410507000127, 44.11688614000019 ], [ 27.278102874000126, 44.11550521800018 ], [ 27.280748368, 44.113372803 ], [ 27.281982421000066, 44.112670898000147 ], [ 27.28420066800004, 44.111396790000072 ], [ 27.285623551000072, 44.110141754000097 ], [ 27.285514832000047, 44.109462737000172 ], [ 27.284788132000131, 44.109073639000144 ], [ 27.282842636000112, 44.108581543000071 ], [ 27.281517029000099, 44.108242035000046 ], [ 27.28007125900001, 44.10781097500012 ], [ 27.279088973000114, 44.106960297000057 ], [ 27.277776719000087, 44.105697631000055 ], [ 27.277688980000164, 44.105232239000088 ], [ 27.277559281000038, 44.103767395000034 ], [ 27.278064727000071, 44.101165771000069 ], [ 27.278350831000125, 44.09952926699998 ], [ 27.279476166000109, 44.096641541000167 ], [ 27.281291961000136, 44.093933105000076 ], [ 27.282844544000056, 44.092685699000072 ], [ 27.284559249000097, 44.091110230000027 ], [ 27.286140441000043, 44.09006118800005 ], [ 27.287054061000106, 44.088871002000189 ], [ 27.288957595000056, 44.086479188000169 ], [ 27.289428710000038, 44.086021424000137 ], [ 27.291448592, 44.084358216000169 ], [ 27.292139054000131, 44.083332063000114 ], [ 27.292119981000042, 44.083255769000175 ], [ 27.292188644000134, 44.080928803 ], [ 27.292190552000136, 44.079463959000179 ], [ 27.29219818200005, 44.077144623000095 ], [ 27.292234421000103, 44.07660675000011 ], [ 27.292354584000179, 44.075790405000134 ], [ 27.292665482000132, 44.075450898000042 ], [ 27.295059204000154, 44.074748993000128 ], [ 27.299339294000106, 44.073566438000057 ], [ 27.302291870000147, 44.072769165000068 ], [ 27.305145264000146, 44.07198715100003 ], [ 27.306108474000098, 44.071704865000129 ], [ 27.307041168000183, 44.071460724000076 ], [ 27.309795379000036, 44.070705414000145 ], [ 27.312507629000095, 44.069946290000189 ], [ 27.314575196000192, 44.06943130600007 ], [ 27.318851471000073, 44.068397523000044 ], [ 27.323434831000043, 44.067279816000053 ], [ 27.328990936000139, 44.06594467300016 ], [ 27.333517073999985, 44.06483840900006 ], [ 27.338117599000043, 44.063716889000034 ], [ 27.341472626000098, 44.062908173000096 ], [ 27.346206665000011, 44.06174850400015 ], [ 27.35016441300013, 44.060806275000061 ], [ 27.354022979000149, 44.059848785000042 ], [ 27.357645034000086, 44.058986664000031 ], [ 27.358646393000072, 44.057666778000112 ], [ 27.360422134000032, 44.055252075000055 ], [ 27.361549377000131, 44.053695679000043 ], [ 27.36226654100011, 44.052722931000062 ], [ 27.364748002000169, 44.049446107000165 ], [ 27.366130829000099, 44.047542573000044 ], [ 27.368421554000179, 44.044487000000117 ], [ 27.369091033000075, 44.043567657000153 ], [ 27.370563507000043, 44.041664123000032 ], [ 27.370626450000032, 44.041385650000166 ], [ 27.372270584000148, 44.03919601500013 ], [ 27.374204635000069, 44.037410736000083 ], [ 27.375007630000141, 44.036724091000053 ], [ 27.375095367000029, 44.036651611000082 ], [ 27.376382827000157, 44.03542709300018 ], [ 27.377212524000129, 44.034671783000022 ], [ 27.37780380300012, 44.033950806000178 ], [ 27.378614426000127, 44.0333671570001 ], [ 27.379512786000021, 44.032562256 ], [ 27.380683899000019, 44.031478883000034 ], [ 27.381826400000136, 44.030395507000094 ], [ 27.382682800000111, 44.029590607000102 ], [ 27.385332107000067, 44.027133942000148 ], [ 27.386518479000131, 44.025924682999971 ], [ 27.387298584000121, 44.025283813000101 ], [ 27.388271332000159, 44.024311067000042 ], [ 27.390806198000121, 44.022022247000052 ], [ 27.392093658000022, 44.020801545000097 ], [ 27.394519807000165, 44.018497467000088 ], [ 27.395544052000048, 44.017547608000086 ], [ 27.397098540000059, 44.016109468000138 ], [ 27.398115158000167, 44.015232087000072 ], [ 27.399318694000101, 44.014030458000036 ], [ 27.400905609000063, 44.012645721000126 ], [ 27.405527115000154, 44.013305664000143 ], [ 27.407926560000192, 44.013641357000097 ], [ 27.408887863000018, 44.013786316000107 ], [ 27.409059525000032, 44.013809205000143 ], [ 27.411598205000132, 44.011997223000151 ], [ 27.413173675999985, 44.007415773000162 ], [ 27.413446426000178, 44.004489898000088 ], [ 27.411041259000058, 43.999923707 ], [ 27.40974044800015, 43.995773315000179 ], [ 27.406673431000115, 43.992485046000127 ], [ 27.402681352000172, 43.9871215820001 ], [ 27.399955749000128, 43.983806609000169 ], [ 27.399650575000123, 43.98343276900016 ], [ 27.396255493000069, 43.977657318000013 ], [ 27.395065307000152, 43.972270966000053 ], [ 27.395189286, 43.97086715800009 ] ] ] ] } },
{ "type": "Feature", "properties": { "fid": 162, "GID_2": "BGR.18.6_1", "GID_0": "BGR", "COUNTRY": "Bulgaria", "GID_1": "BGR.18_1", "NAME_1": "Silistra", "NL_NAME_1": "Силистра", "NAME_2": "Sitovo", "VARNAME_2": "NA", "NL_NAME_2": "NA", "TYPE_2": "Obshtina", "ENGTYPE_2": "Municipality", "CC_2": "NA", "HASC_2": "BG.SI.SV" }, "geometry": { "type": "MultiPolygon", "coordinates": [ [ [ [ 27.084405900000036, 43.935207367000032 ], [ 27.084072112000172, 43.934833527000137 ], [ 27.079160690000037, 43.935390473000041 ], [ 27.075010299999974, 43.937633515000186 ], [ 27.071685792000096, 43.940498352000191 ], [ 27.06723404000013, 43.942955017000145 ], [ 27.063459396000098, 43.943908692000093 ], [ 27.058277131000068, 43.944469453000011 ], [ 27.051729202000161, 43.943801880000137 ], [ 27.046079637000162, 43.942222595000089 ], [ 27.042280196000149, 43.938255310000045 ], [ 27.038537979000182, 43.933010101000093 ], [ 27.035104752000109, 43.9269104010001 ], [ 27.029968262000182, 43.920009612000115 ], [ 27.02784538200001, 43.916221619000112 ], [ 27.023647308000136, 43.913333894 ], [ 27.01964759800012, 43.912361146000194 ], [ 27.016489030000116, 43.912006379000047 ], [ 27.01215744000018, 43.911918640000181 ], [ 27.008407594000062, 43.91178512700003 ], [ 27.004116058000079, 43.910823822000168 ], [ 27.001596450000136, 43.908756257000107 ], [ 26.999582290000092, 43.908592225000177 ], [ 26.997571946000051, 43.907993317000034 ], [ 26.992607116000102, 43.910438538000108 ], [ 26.990924835000101, 43.91180420000012 ], [ 26.989063263000105, 43.913410188000114 ], [ 26.985767365000072, 43.914451599000074 ], [ 26.983991622000133, 43.913787843000193 ], [ 26.981901169000082, 43.913101196000127 ], [ 26.980474472000083, 43.911930084000062 ], [ 26.978893281000069, 43.910278321000078 ], [ 26.978054047000114, 43.906948090000128 ], [ 26.977809905000129, 43.904541015000177 ], [ 26.977293014000111, 43.90093612600009 ], [ 26.977344513000162, 43.899497986000085 ], [ 26.977329255000143, 43.895412445000034 ], [ 26.977270127000054, 43.892158509000069 ], [ 26.977058410000041, 43.889038086000085 ], [ 26.976848603000178, 43.885547637000059 ], [ 26.975938797000026, 43.883163453000122 ], [ 26.97469902000006, 43.881156922000116 ], [ 26.970855712, 43.87799453800011 ], [ 26.968259810000177, 43.877094269000111 ], [ 26.966136933000143, 43.87690735000001 ], [ 26.962854385000128, 43.876739502000191 ], [ 26.959405900000149, 43.876834869000163 ], [ 26.957431793000183, 43.876876831000061 ], [ 26.954965592000121, 43.877056122000056 ], [ 26.951011657000095, 43.877250671000127 ], [ 26.94904136700012, 43.877300263000109 ], [ 26.946262359000059, 43.876522064000142 ], [ 26.944473266000102, 43.876087189000089 ], [ 26.942678451000177, 43.875522615000136 ], [ 26.938941956000178, 43.873943328999985 ], [ 26.93715477000012, 43.873016358000143 ], [ 26.934885026000075, 43.871746063000103 ], [ 26.933099747000085, 43.870941163000111 ], [ 26.930965423000032, 43.870742798000151 ], [ 26.929611207000107, 43.871978759000172 ], [ 26.92891311600016, 43.873447418000126 ], [ 26.928537369000026, 43.87500763100013 ], [ 26.928339005000169, 43.876461029000154 ], [ 26.928466798000159, 43.877895356000067 ], [ 26.928588866000155, 43.87959289600019 ], [ 26.930028916000083, 43.881114960000161 ], [ 26.932313918000148, 43.881553650000058 ], [ 26.934288026000047, 43.881500245000154 ], [ 26.936925887000086, 43.881439210000167 ], [ 26.938880921000191, 43.881629944000167 ], [ 26.939996719000135, 43.882808686000146 ], [ 26.940292359000125, 43.884250641 ], [ 26.940086365000127, 43.885700227000029 ], [ 26.93923187200005, 43.887050628000111 ], [ 26.938806535000083, 43.890182495000033 ], [ 26.937770844000113, 43.891895295000154 ], [ 26.937068939000028, 43.893352508000191 ], [ 26.936044693000042, 43.894584656000177 ], [ 26.934020996000186, 43.896549225000115 ], [ 26.932352065000032, 43.897800446000133 ], [ 26.930316925000056, 43.899520874000018 ], [ 26.928646087000175, 43.900520324000126 ], [ 26.928480149000109, 43.900653840000189 ], [ 26.929706574000079, 43.903759003000118 ], [ 26.930616379000128, 43.906147003 ], [ 26.931512833000056, 43.9090271 ], [ 26.933343887000035, 43.913539886000194 ], [ 26.936187745000154, 43.91686248700006 ], [ 26.938697815000182, 43.919937134000179 ], [ 26.941253662000179, 43.922046662000071 ], [ 26.944751739000139, 43.92460251000017 ], [ 26.948272706000068, 43.926696778000064 ], [ 26.953052520000085, 43.929954528000167 ], [ 26.955572128000028, 43.932304383000144 ], [ 26.957778931000121, 43.934177399000077 ], [ 26.960563660000048, 43.937980652000078 ], [ 26.961156845000176, 43.939418794 ], [ 26.962051392000035, 43.941558837000059 ], [ 26.963275909000174, 43.943206787000179 ], [ 26.963399887000151, 43.944290162000016 ], [ 26.96362686100008, 43.946708678000107 ], [ 26.963806152000075, 43.950084686000025 ], [ 26.964315415000044, 43.953689575000169 ], [ 26.962522506000084, 43.957351685000106 ], [ 26.962068558000055, 43.960506440000074 ], [ 26.96033096400015, 43.963214874000187 ], [ 26.957300187000101, 43.965946197000164 ], [ 26.954280853000057, 43.968200683000134 ], [ 26.949083329000075, 43.968559265000181 ], [ 26.942935944000055, 43.968482971000071 ], [ 26.936420441, 43.969123841000169 ], [ 26.932485581000037, 43.97042846700009 ], [ 26.930803300000036, 43.9716873160001 ], [ 26.92912483200007, 43.973175049000133 ], [ 26.929649353000059, 43.976310730000193 ], [ 26.934629440000094, 43.981021881000174 ], [ 26.937149047000105, 43.982654572000172 ], [ 26.938329697000086, 43.985294342000088 ], [ 26.938226699999973, 43.987716675000058 ], [ 26.937467575000142, 43.990158082000164 ], [ 26.935789108999984, 43.991649629 ], [ 26.933113098000035, 43.993652343000178 ], [ 26.931768418000161, 43.994903564000026 ], [ 26.927785874000108, 43.997421265000071 ], [ 26.925134659000037, 43.998950959000183 ], [ 26.922821046000024, 44.00021743800005 ], [ 26.921463012000117, 44.001705170000037 ], [ 26.920436859, 44.00318527200011 ], [ 26.919403076000037, 44.004665374000012 ], [ 26.918653488000189, 44.006862640000122 ], [ 26.91825676000002, 44.008586883000021 ], [ 26.917547226000124, 44.010292053000114 ], [ 26.916481019000116, 44.012260437000066 ], [ 26.91603088300019, 44.014949799000192 ], [ 26.915256501000044, 44.017639160000044 ], [ 26.913976669000192, 44.023998260000042 ], [ 26.914981841000042, 44.02908325300001 ], [ 26.916074752000156, 44.032463074000191 ], [ 26.91644477900013, 44.03685379000018 ], [ 26.916942596000183, 44.039031982000097 ], [ 26.916786193000121, 44.041477204000103 ], [ 26.916635514000177, 44.043685913000161 ], [ 26.916500091999978, 44.045646667000028 ], [ 26.916374206000057, 44.047351837000065 ], [ 26.915557861000082, 44.049819947000174 ], [ 26.914407729000175, 44.052291871000079 ], [ 26.913324356000146, 44.054042816000106 ], [ 26.911640167000144, 44.055305482000108 ], [ 26.90929794200008, 44.056835174000014 ], [ 26.907634734000112, 44.057861329000104 ], [ 26.905338287000063, 44.058898925000165 ], [ 26.902368545000058, 44.060447693000071 ], [ 26.900707245000092, 44.061466218000021 ], [ 26.898078919, 44.062755586000151 ], [ 26.894783020000091, 44.06430816600016 ], [ 26.893091203000154, 44.065574646000186 ], [ 26.89074897800009, 44.06711578300002 ], [ 26.887729644, 44.069152833000032 ], [ 26.885074615000178, 44.070430756000121 ], [ 26.880090714000175, 44.073009491000107 ], [ 26.87235641400008, 44.081085205000193 ], [ 26.867984771000124, 44.086624144999973 ], [ 26.864683152000055, 44.093654634000018 ], [ 26.863729477000106, 44.099441528000114 ], [ 26.863050460000125, 44.105243682000037 ], [ 26.863016129000073, 44.105487824000193 ], [ 26.862869262000061, 44.106735229000094 ], [ 26.862329483999986, 44.111087799000131 ], [ 26.860656738000159, 44.117538453000066 ], [ 26.864160537000089, 44.118377685000041 ], [ 26.872426987000154, 44.120357513000101 ], [ 26.874074937000046, 44.120738983000024 ], [ 26.874744416000112, 44.120887757000105 ], [ 26.875005723000186, 44.120922089000089 ], [ 26.876504898000121, 44.121269226000152 ], [ 26.883701325000061, 44.123275757000158 ], [ 26.882860183000105, 44.124462128000175 ], [ 26.883369445000142, 44.124664307000103 ], [ 26.88374138000006, 44.124824524000132 ], [ 26.884183883000162, 44.124996185000043 ], [ 26.886236190999966, 44.12582397400007 ], [ 26.893751144000134, 44.129032134000113 ], [ 26.899950027000102, 44.131538392000152 ], [ 26.906257630000027, 44.133094787000061 ], [ 26.90652465800008, 44.133121491000168 ], [ 26.906875611000089, 44.133235931 ], [ 26.908191681000119, 44.133613586000081 ], [ 26.913805008000111, 44.133995057000106 ], [ 26.92471885700013, 44.132579803000112 ], [ 26.924762727000029, 44.132278442000143 ], [ 26.931085586000108, 44.132827759000179 ], [ 26.935335160000193, 44.133186341000169 ], [ 26.937507629000095, 44.13338851900005 ], [ 26.93800544700008, 44.133411407000153 ], [ 26.938436508000109, 44.133441926000103 ], [ 26.939498902000082, 44.133537293000074 ], [ 26.942300796000097, 44.133640290000187 ], [ 26.951663970000141, 44.135162354000158 ], [ 26.960000991000129, 44.136089325000057 ], [ 26.96339607200008, 44.13647079500015 ], [ 26.966857910000158, 44.136344910000162 ], [ 26.966888428000061, 44.136268616000052 ], [ 26.967678069999977, 44.134487152000077 ], [ 26.968151093000131, 44.133403779000048 ], [ 26.969734192000146, 44.130111695000153 ], [ 26.971046448000152, 44.126605988000108 ], [ 26.971849441000074, 44.1226844790001 ], [ 26.972009658000104, 44.12219238400013 ], [ 26.973224640000069, 44.118541718000074 ], [ 26.973951339000109, 44.114898682000046 ], [ 26.974445343000127, 44.113075257000105 ], [ 26.976488113000187, 44.11008834900008 ], [ 26.977510451000057, 44.106254577000129 ], [ 26.978389740000068, 44.103549958000031 ], [ 26.979833603000088, 44.100616455000079 ], [ 26.980903625000167, 44.098583222000173 ], [ 26.981918335000103, 44.097000123000157 ], [ 26.982250212999986, 44.093891145000157 ], [ 26.9826488490001, 44.09011077800011 ], [ 26.982721327999968, 44.08659362800006 ], [ 26.983400345000121, 44.082588196000131 ], [ 26.984275818000185, 44.079284668000128 ], [ 26.984884262000094, 44.075759888 ], [ 26.985422133999975, 44.072898864000081 ], [ 26.987985612000159, 44.069305420000092 ], [ 26.989833831000055, 44.067523957000049 ], [ 26.992216110000072, 44.06592559700016 ], [ 26.995084762000147, 44.065193176000037 ], [ 26.999202728000114, 44.066165924000074 ], [ 27.002988815000151, 44.067802430000086 ], [ 27.007322311000053, 44.06942749100017 ], [ 27.011676787000113, 44.067775726000036 ], [ 27.01633071800012, 44.066108703000054 ], [ 27.019935607000093, 44.063388826000164 ], [ 27.02471733100009, 44.060203552000189 ], [ 27.028856277000102, 44.057907104000094 ], [ 27.034824372000173, 44.054042816000106 ], [ 27.038291932000163, 44.053070069000171 ], [ 27.040702819999979, 44.051261902000022 ], [ 27.043115615000033, 44.049461365000184 ], [ 27.045553207000125, 44.047439576000158 ], [ 27.045412063000185, 44.045928955000136 ], [ 27.045660019000081, 44.043109893000121 ], [ 27.044996261000051, 44.040969848000032 ], [ 27.043333053000083, 44.037559510000165 ], [ 27.042207718000157, 44.034347535000052 ], [ 27.041248321000126, 44.032440186000031 ], [ 27.04013061500018, 44.029022218000023 ], [ 27.040388108000059, 44.025997161000134 ], [ 27.040950774000066, 44.022743226000102 ], [ 27.043788910000103, 44.019214631000068 ], [ 27.04631614800013, 44.015926362000073 ], [ 27.049644471000079, 44.013252259000069 ], [ 27.054105758000162, 44.010543824000024 ], [ 27.057081222000136, 44.008754731000067 ], [ 27.05947113000019, 44.007167816000162 ], [ 27.06097221400006, 44.006046296000079 ], [ 27.062803268000039, 44.004493713000102 ], [ 27.063585282000076, 44.001895904000037 ], [ 27.063562393000041, 43.998683929000094 ], [ 27.063478470000121, 43.996315003 ], [ 27.064638139000067, 43.992435456000123 ], [ 27.068016052000189, 43.989330293000137 ], [ 27.071619034000037, 43.986671448000152 ], [ 27.076110839000023, 43.983547212000133 ], [ 27.077194215000134, 43.980731965000132 ], [ 27.077152253, 43.977523805000089 ], [ 27.077682495000033, 43.97430419900013 ], [ 27.07800483800014, 43.970024108000132 ], [ 27.079881668000155, 43.967617034999989 ], [ 27.080907821000096, 43.965236664000145 ], [ 27.082746505000159, 43.963470459000121 ], [ 27.085523605000049, 43.960411073000103 ], [ 27.087148666000132, 43.957584381000174 ], [ 27.088106156000151, 43.956283569 ], [ 27.089359283000192, 43.954540253000175 ], [ 27.090036392000172, 43.953033447000053 ], [ 27.090475082000069, 43.950664521000135 ], [ 27.090345383000056, 43.948318481000172 ], [ 27.089582443000154, 43.94684982300015 ], [ 27.089416505000145, 43.945358277000025 ], [ 27.088695526000038, 43.943244934000063 ], [ 27.087406158000135, 43.940925597000103 ], [ 27.086933136000084, 43.939449311000146 ], [ 27.086187363000079, 43.937549591000163 ], [ 27.085409165000044, 43.936302186000091 ], [ 27.084405900000036, 43.935207367000032 ] ] ] ] } },
{ "type": "Feature", "properties": { "fid": 163, "GID_2": "BGR.18.7_1", "GID_0": "BGR", "COUNTRY": "Bulgaria", "GID_1": "BGR.18_1", "NAME_1": "Silistra", "NL_NAME_1": "Силистра", "NAME_2": "Tutrakan", "VARNAME_2": "Turtucaia", "NL_NAME_2": "Тутракан", "TYPE_2": "Obshtina", "ENGTYPE_2": "Municipality", "CC_2": "NA", "HASC_2": "BG.SI.TU" }, "geometry": { "type": "MultiPolygon", "coordinates": [ [ [ [ 26.667184830000053, 43.881553650000058 ], [ 26.662136078000117, 43.882305145000146 ], [ 26.656984329000068, 43.884109497000054 ], [ 26.652614594000113, 43.885326387000191 ], [ 26.648246765000124, 43.886268616000109 ], [ 26.640300750000165, 43.886993408000194 ], [ 26.633541108000088, 43.888809205000086 ], [ 26.629161835, 43.889751434000118 ], [ 26.623979568000152, 43.891841888999977 ], [ 26.620788575000176, 43.893875122000111 ], [ 26.617202760000055, 43.897346497000171 ], [ 26.614408494000145, 43.900787354000045 ], [ 26.613201142000037, 43.903663636000147 ], [ 26.61241912800017, 43.906776429000047 ], [ 26.611608505000163, 43.911895752000078 ], [ 26.611215592000065, 43.915306092000151 ], [ 26.610422135000078, 43.919555664000029 ], [ 26.610027313999979, 43.922130584000115 ], [ 26.60843276900016, 43.92442703200004 ], [ 26.60602760400019, 43.926460267000152 ], [ 26.602048875000037, 43.929370881000068 ], [ 26.598438263000105, 43.931415559000129 ], [ 26.595249176000095, 43.934314728000118 ], [ 26.591661453000143, 43.937221526000144 ], [ 26.589656829000035, 43.940093993 ], [ 26.587259292000169, 43.944389344000058 ], [ 26.585660934000089, 43.946403504000102 ], [ 26.582059861000118, 43.947322845000031 ], [ 26.577249528000095, 43.947975160000112 ], [ 26.57323646500015, 43.948337555000137 ], [ 26.568803787000036, 43.948432922000165 ], [ 26.565599442000178, 43.94820404100011 ], [ 26.55915260200004, 43.947490691999974 ], [ 26.554727555000113, 43.94558334300018 ], [ 26.551500321000049, 43.944801331000122 ], [ 26.547052383000107, 43.944313049000073 ], [ 26.541797638999981, 43.943283080000185 ], [ 26.534505845000126, 43.941726685000106 ], [ 26.526365281000153, 43.938205720000042 ], [ 26.51824188300003, 43.935512543000016 ], [ 26.509279250000134, 43.933132172000171 ], [ 26.506828308000024, 43.932609558000081 ], [ 26.503147125, 43.931827546000022 ], [ 26.498647690000155, 43.931907655000032 ], [ 26.494564056000115, 43.93227767999997 ], [ 26.491283417000034, 43.932895661000032 ], [ 26.488819122000166, 43.93408966200019 ], [ 26.487190247000115, 43.936389922000046 ], [ 26.485544205000167, 43.938129426000103 ], [ 26.483491897000192, 43.940151216000061 ], [ 26.482250214000032, 43.942180634000124 ], [ 26.481418610000105, 43.944469453000011 ], [ 26.480178834000071, 43.947605133000138 ], [ 26.478096009000126, 43.950786592000043 ], [ 26.474380493000183, 43.952575683000191 ], [ 26.470642090000013, 43.954914093000014 ], [ 26.464839935000043, 43.95590209900007 ], [ 26.459857941999985, 43.956287384000063 ], [ 26.456533431000025, 43.956352235000168 ], [ 26.452384949000134, 43.956432344000177 ], [ 26.449888230000056, 43.956489564000094 ], [ 26.444049836000147, 43.957740785000169 ], [ 26.439872743000137, 43.958965302000138 ], [ 26.436523438000052, 43.959884643000066 ], [ 26.431100845000174, 43.961120606000122 ], [ 26.428583146000108, 43.961471558000028 ], [ 26.423997879000069, 43.961277008000081 ], [ 26.421079635000183, 43.961048127000083 ], [ 26.418167113000095, 43.959964752000019 ], [ 26.414827347000141, 43.959175110000047 ], [ 26.41190719500014, 43.958385468000131 ], [ 26.406480788000124, 43.958206177000079 ], [ 26.403972626000098, 43.958255769000118 ], [ 26.400196076000043, 43.958606721000194 ], [ 26.396011353000119, 43.958690644000114 ], [ 26.391401291000079, 43.958782196000072 ], [ 26.387628555, 43.958854675000111 ], [ 26.387203217000149, 43.959720613000172 ], [ 26.3850975040001, 43.962047577000135 ], [ 26.382984162000071, 43.964363098000149 ], [ 26.380870818000176, 43.966117860000054 ], [ 26.37960243100008, 43.968147278000117 ], [ 26.377498627000136, 43.970180511000194 ], [ 26.375377656000069, 43.973083497000061 ], [ 26.373693467000066, 43.976242065000065 ], [ 26.373264312000174, 43.977966308000191 ], [ 26.373262405999981, 43.98024368200015 ], [ 26.373258591000138, 43.981678009000063 ], [ 26.374515533000192, 43.983634949000191 ], [ 26.377025605000085, 43.985576630000139 ], [ 26.380382538000106, 43.987781525000059 ], [ 26.382055283, 43.989185334000126 ], [ 26.385417939000092, 43.991104126000096 ], [ 26.38792419400005, 43.993034364000096 ], [ 26.391271591000191, 43.996089935000043 ], [ 26.393373489000169, 43.998600007000107 ], [ 26.394632340000157, 44.000560761000145 ], [ 26.396728516000053, 44.003067017000035 ], [ 26.396326065000039, 44.005619049000131 ], [ 26.394771577000029, 44.008415222000167 ], [ 26.39243698000007, 44.010372162000067 ], [ 26.390485764000061, 44.011768342000096 ], [ 26.386936187000117, 44.013427735 ], [ 26.383758545999967, 44.014278412000124 ], [ 26.378999710000073, 44.01565551900012 ], [ 26.376815796000187, 44.016025544000115 ], [ 26.371864319000053, 44.017688752000026 ], [ 26.36600112900004, 44.019584656000063 ], [ 26.36338424600018, 44.02068328900009 ], [ 26.361267090000126, 44.021671296000079 ], [ 26.35896873400003, 44.022560120000037 ], [ 26.356643678000012, 44.023506163999969 ], [ 26.354240418000131, 44.025058747000116 ], [ 26.351642608000134, 44.026798249000137 ], [ 26.349504471000046, 44.028720856000177 ], [ 26.347620010000185, 44.030647279000107 ], [ 26.347246170000176, 44.03102874700005 ], [ 26.345447541000112, 44.033130646000188 ], [ 26.344367980000072, 44.03437423600019 ], [ 26.353677749000042, 44.037681579000036 ], [ 26.359874724, 44.038707734000127 ], [ 26.36948585500005, 44.041374207000047 ], [ 26.369855882000024, 44.041488647000108 ], [ 26.370346070000096, 44.041664123000032 ], [ 26.372737884000117, 44.042377471000066 ], [ 26.375007629000095, 44.042800904000046 ], [ 26.375968933000024, 44.042961121000076 ], [ 26.377178192000144, 44.043163300000174 ], [ 26.381425857000181, 44.043239594000113 ], [ 26.381481171000132, 44.043239594000113 ], [ 26.389289855000129, 44.041996003000122 ], [ 26.390800475999981, 44.041797639000094 ], [ 26.391077041000074, 44.041763305000075 ], [ 26.391611098999988, 44.041664123000032 ], [ 26.393871307000154, 44.041297913000108 ], [ 26.401088715000128, 44.040512086000035 ], [ 26.405651092000028, 44.039001465000183 ], [ 26.406000138000138, 44.03889846800007 ], [ 26.407991409000147, 44.038204193000126 ], [ 26.407855988000051, 44.03770828200004 ], [ 26.417726517000062, 44.037193298000034 ], [ 26.42725181600008, 44.035823822000054 ], [ 26.436006547000147, 44.035617829000159 ], [ 26.436117171999967, 44.033390045000033 ], [ 26.437032700000088, 44.033500672000059 ], [ 26.437328339000089, 44.033531188999973 ], [ 26.437505722000139, 44.033546447 ], [ 26.439414979000105, 44.033794404 ], [ 26.446683884000151, 44.03403091500013 ], [ 26.456590652000045, 44.03546142700003 ], [ 26.460081100000025, 44.036403656000061 ], [ 26.459197998000093, 44.038764954000044 ], [ 26.468044281000118, 44.040576934000057 ], [ 26.468416213000182, 44.040664673000094 ], [ 26.473323823000158, 44.041667938000103 ], [ 26.476039887000184, 44.042209626000158 ], [ 26.487995147999982, 44.044460296000182 ], [ 26.495761872000116, 44.045677186000148 ], [ 26.499427796000191, 44.046478271000126 ], [ 26.499710082000092, 44.046539306000113 ], [ 26.500007628000048, 44.046600342000147 ], [ 26.503368378000118, 44.047382356000014 ], [ 26.503578186000084, 44.047019959000181 ], [ 26.506853104000129, 44.047981262 ], [ 26.510860444000059, 44.049270629000034 ], [ 26.519977569000105, 44.0521011350001 ], [ 26.52976989800004, 44.053936005000025 ], [ 26.530611037000085, 44.054012299000135 ], [ 26.530998230000023, 44.054035187000068 ], [ 26.531257630000027, 44.05405044600019 ], [ 26.53922271800019, 44.054660797000167 ], [ 26.552249909000068, 44.054595948000042 ], [ 26.55880737300015, 44.054821014000026 ], [ 26.561901093000188, 44.054714204000049 ], [ 26.562292099, 44.054706574000136 ], [ 26.562505722000026, 44.054710388999979 ], [ 26.564802170000121, 44.054607392000094 ], [ 26.571949005000192, 44.054309845000091 ], [ 26.584197997999979, 44.052715301000148 ], [ 26.591762543000186, 44.050945283000033 ], [ 26.593217849000155, 44.050594331000127 ], [ 26.593578338000043, 44.050510407000104 ], [ 26.593757629000038, 44.050483704000158 ], [ 26.594306947, 44.050323486000025 ], [ 26.602075576, 44.052116395000155 ], [ 26.609706879000044, 44.054801941000107 ], [ 26.616474151000034, 44.056476594 ], [ 26.617490768000039, 44.056621551000035 ], [ 26.622901917000036, 44.057407380000143 ], [ 26.625005723000015, 44.057804109000188 ], [ 26.627199173000179, 44.058326721000071 ], [ 26.62999153200019, 44.058799743000122 ], [ 26.638906479000184, 44.060302734000061 ], [ 26.644529342999988, 44.060287476000042 ], [ 26.65272903500005, 44.061347962000013 ], [ 26.662536622, 44.062618255000075 ], [ 26.663009644000056, 44.062709809000182 ], [ 26.664913178000177, 44.063060760000155 ], [ 26.665290833000086, 44.063133239000024 ], [ 26.664291382000101, 44.065139770000087 ], [ 26.671916961000136, 44.067569732000038 ], [ 26.679441452000049, 44.071208955000145 ], [ 26.686965941999972, 44.073280334 ], [ 26.687351227000192, 44.073390962000133 ], [ 26.687505722000083, 44.073402405000081 ], [ 26.689483642000141, 44.074016571000072 ], [ 26.691780090000066, 44.074714661000144 ], [ 26.70144271800018, 44.076267242000085 ], [ 26.709583282000153, 44.076515198000152 ], [ 26.717679978000035, 44.075485230000027 ], [ 26.718097688000114, 44.075424195000039 ], [ 26.720184326000094, 44.07518768400007 ], [ 26.725158691000047, 44.074810028000115 ], [ 26.72522544900005, 44.072952271000133 ], [ 26.735864640000045, 44.074218751000103 ], [ 26.744993210000075, 44.075794220000034 ], [ 26.74901580900007, 44.076335907000157 ], [ 26.749399185000186, 44.076400758000091 ], [ 26.750007629999971, 44.076477051000097 ], [ 26.751878738000073, 44.076828003000173 ], [ 26.75647163400015, 44.076961517000029 ], [ 26.764293670000029, 44.078151703000117 ], [ 26.766660691000027, 44.078819276 ], [ 26.767389298000182, 44.07732391400009 ], [ 26.767335892000062, 44.071777344000168 ], [ 26.767187118000152, 44.067432403000112 ], [ 26.767416001000186, 44.065841676000048 ], [ 26.768419266000137, 44.059215545000086 ], [ 26.768541336000112, 44.054145813000162 ], [ 26.768310546000066, 44.04979705900007 ], [ 26.767734528000176, 44.044731141000113 ], [ 26.768482209000126, 44.036254884000186 ], [ 26.768522263000079, 44.032871246000184 ], [ 26.767894744000102, 44.030464173000098 ], [ 26.766288758000087, 44.027114868000126 ], [ 26.764667510000038, 44.025211334000062 ], [ 26.761732102, 44.023586273000149 ], [ 26.759778976000064, 44.022411346000183 ], [ 26.757818222000026, 44.020515442000146 ], [ 26.75653648399998, 44.019092560000047 ], [ 26.75621032600003, 44.016933441000162 ], [ 26.756877900000177, 44.014976501999968 ], [ 26.759870530000171, 44.011528016000113 ], [ 26.762197494000134, 44.008571625 ], [ 26.76321601900014, 44.006126405000032 ], [ 26.764219284000092, 44.003215791000059 ], [ 26.764585496000052, 44.000537873000042 ], [ 26.762975693000158, 43.996452332000104 ], [ 26.764333724000153, 43.993286133000083 ], [ 26.766336441000021, 43.99081421000011 ], [ 26.768667220000054, 43.9881095880001 ], [ 26.771022798000104, 43.983692169000108 ], [ 26.771726608000051, 43.980289459000119 ], [ 26.770437240000149, 43.976215363000165 ], [ 26.767513276000159, 43.972160339000027 ], [ 26.761592866000058, 43.967464448000101 ], [ 26.755350113000191, 43.963256836000085 ], [ 26.748439789000031, 43.959289550000108 ], [ 26.741836547999981, 43.955322267000042 ], [ 26.737236022000047, 43.950828552000132 ], [ 26.733638762999988, 43.944385529000044 ], [ 26.729375839000056, 43.938423157000159 ], [ 26.727762223000127, 43.933624268000187 ], [ 26.724483490000011, 43.927143097000169 ], [ 26.721500397000057, 43.924316406000116 ], [ 26.714870454000106, 43.917930602000069 ], [ 26.710212708000029, 43.913669587000186 ], [ 26.703201295000099, 43.909702302000085 ], [ 26.698532104000037, 43.904727936000086 ], [ 26.694507600000122, 43.901901246000193 ], [ 26.688804626999968, 43.89862823500016 ], [ 26.679731370000013, 43.892528534000064 ], [ 26.673322677000101, 43.888301849000186 ], [ 26.669616699000073, 43.884506226000099 ], [ 26.667184830000053, 43.881553650000058 ] ] ] ] } }
]
}
