{
"type": "FeatureCollection",
"name": "KR-18",
"crs": { "type": "name", "properties": { "name": "urn:ogc:def:crs:OGC:1.3:CRS84" } },
"features": [
{ "type": "Feature", "properties": { "fid": 1, "GID_2": "SVN.1.1_1", "GID_0": "SVN", "COUNTRY": "Slovenia", "GID_1": "SVN.1_1", "NAME_1": "Gorenjska", "NL_NAME_1": "NA", "NAME_2": "Bled", "VARNAME_2": "NA", "NL_NAME_2": "NA", "TYPE_2": "Opcine", "ENGTYPE_2": "Commune|Municipality", "CC_2": "NA", "HASC_2": "SI.GO.BL" }, "geometry": { "type": "MultiPolygon", "coordinates": [ [ [ [ 14.108832359000132, 46.302890777000187 ], [ 14.103719712000157, 46.302883149000081 ], [ 14.093478203000188, 46.299316407000163 ], [ 14.088365555000109, 46.299312592000149 ], [ 14.083253861000117, 46.299308777000078 ], [ 14.083329202000073, 46.313529968000182 ], [ 14.078216552000185, 46.313522340000077 ], [ 14.073104857999965, 46.313518525 ], [ 14.067993163000097, 46.313514710000163 ], [ 14.057747841000037, 46.309947968000074 ], [ 14.032187463000128, 46.309921264000195 ], [ 14.02713203400009, 46.320579529000042 ], [ 14.022020339000164, 46.320575714000142 ], [ 14.022038460000147, 46.324131012000123 ], [ 14.02205944100001, 46.327686309000057 ], [ 14.001646995000044, 46.334774018000019 ], [ 13.996535302000154, 46.334770203000176 ], [ 13.991422652999972, 46.334766388000105 ], [ 13.986349105000158, 46.341869354000039 ], [ 13.986388207000175, 46.34897995 ], [ 13.950600625000106, 46.348945618000187 ], [ 13.945546150000155, 46.359603882000101 ], [ 13.930230140000162, 46.363143921000187 ], [ 13.92511844600017, 46.363140106000117 ], [ 13.904687881000029, 46.366672516 ], [ 13.899576187000036, 46.366668701000151 ], [ 13.863752365000153, 46.359519958000078 ], [ 13.848509788000115, 46.377281188000097 ], [ 13.853659630000038, 46.384395599000129 ], [ 13.863884926000026, 46.384407044000113 ], [ 13.863903044999972, 46.387962341000048 ], [ 13.879260064000107, 46.39153289800015 ], [ 13.879280090000179, 46.395092010000099 ], [ 13.894614219000175, 46.39510726900005 ], [ 13.904897691000144, 46.405784606000168 ], [ 13.925346374000185, 46.405803680000133 ], [ 13.930515289000027, 46.416477204000103 ], [ 13.935626983000191, 46.41648101800007 ], [ 13.935666085000037, 46.423591613000156 ], [ 13.94077777900003, 46.423599243000069 ], [ 13.94592857300006, 46.430713654000101 ], [ 13.971488953, 46.430740356000172 ], [ 13.971546174000025, 46.441410065000071 ], [ 13.97666072800007, 46.441413881000187 ], [ 13.986885069999971, 46.441425324000193 ], [ 13.991994857000066, 46.441429139000036 ], [ 14.002221108000015, 46.441440582000041 ], [ 14.01238823000017, 46.43078613300014 ], [ 14.022612572000071, 46.430797578000124 ], [ 14.053247452000107, 46.423717499000077 ], [ 14.053228379000018, 46.420162200000163 ], [ 14.083846091000112, 46.409526824000181 ], [ 14.083805084000176, 46.402416229000096 ], [ 14.094011307000073, 46.398872375000167 ], [ 14.124723434000032, 46.406013489000031 ], [ 14.1195354460001, 46.391788483000028 ], [ 14.129684449000081, 46.377574922000065 ], [ 14.139887810000118, 46.374031068000136 ], [ 14.139869689000136, 46.370475769 ], [ 14.139850616000047, 46.366920472000118 ], [ 14.139830589000098, 46.363365173000034 ], [ 14.1448860160001, 46.352703094000049 ], [ 14.149997711000026, 46.352710724000133 ], [ 14.149958611000159, 46.345600128000171 ], [ 14.149941444000092, 46.342044830000134 ], [ 14.129471779000085, 46.33846664400005 ], [ 14.129453658000102, 46.334911347000116 ], [ 14.129432677000011, 46.331356049000135 ], [ 14.124323845000106, 46.331348420000097 ], [ 14.124284743999965, 46.324237823000033 ], [ 14.119133950000105, 46.31712341400015 ], [ 14.108909608000033, 46.317111969000166 ], [ 14.10885334, 46.3064460760001 ], [ 14.108832359000132, 46.302890777000187 ] ] ] ] } },
{ "type": "Feature", "properties": { "fid": 2, "GID_2": "SVN.1.2_1", "GID_0": "SVN", "COUNTRY": "Slovenia", "GID_1": "SVN.1_1", "NAME_1": "Gorenjska", "NL_NAME_1": "NA", "NAME_2": "Bohinj", "VARNAME_2": "NA", "NL_NAME_2": "NA", "TYPE_2": "Opcine", "ENGTYPE_2": "Commune|Municipality", "CC_2": "NA", "HASC_2": "SI.GO.BO" }, "geometry": { "type": "MultiPolygon", "coordinates": [ [ [ [ 13.848509788000115, 46.377281188000097 ], [ 13.863752365000153, 46.359519958000078 ], [ 13.899576187000036, 46.366668701000151 ], [ 13.904687881000029, 46.366672516 ], [ 13.92511844600017, 46.363140106000117 ], [ 13.930230140000162, 46.363143921000187 ], [ 13.945546150000155, 46.359603882000101 ], [ 13.950600625000106, 46.348945618000187 ], [ 13.986388207000175, 46.34897995 ], [ 13.986349105000158, 46.341869354000039 ], [ 13.991422652999972, 46.334766388000105 ], [ 13.996535302000154, 46.334770203000176 ], [ 14.001646995000044, 46.334774018000019 ], [ 14.02205944100001, 46.327686309000057 ], [ 14.022038460000147, 46.324131012000123 ], [ 14.022020339000164, 46.320575714000142 ], [ 14.02713203400009, 46.320579529000042 ], [ 14.032187463000128, 46.309921264000195 ], [ 14.057747841000037, 46.309947968000074 ], [ 14.067993163000097, 46.313514710000163 ], [ 14.073104857999965, 46.313518525 ], [ 14.078216552000185, 46.313522340000077 ], [ 14.083329202000073, 46.313529968000182 ], [ 14.083253861000117, 46.299308777000078 ], [ 14.088365555000109, 46.299312592000149 ], [ 14.093478203000188, 46.299316407000163 ], [ 14.103719712000157, 46.302883149000081 ], [ 14.108832359000132, 46.302890777000187 ], [ 14.119056701000034, 46.3028984070001 ], [ 14.119037628000171, 46.299343109000063 ], [ 14.159936904, 46.299388886000031 ], [ 14.16504955400012, 46.299392701000102 ], [ 14.165067672000191, 46.302947998000036 ], [ 14.170180320999975, 46.30295562800012 ], [ 14.175252914000055, 46.295848847000173 ], [ 14.170065879000106, 46.281620026000155 ], [ 14.164954185000113, 46.281616209999981 ], [ 14.159841537000034, 46.281608582000104 ], [ 14.15982055600017, 46.27805328300019 ], [ 14.13935470500013, 46.274478913000166 ], [ 14.139372826000113, 46.278034210000101 ], [ 14.129149437000024, 46.278022767000152 ], [ 14.129166602000112, 46.28157806400003 ], [ 14.103606224000032, 46.28155136200013 ], [ 14.093381883000063, 46.281539916999975 ], [ 14.093304634000106, 46.267318725000166 ], [ 14.088079452000159, 46.245979310000166 ], [ 14.088060379000069, 46.242424011000026 ], [ 14.088040352000121, 46.238868714000148 ], [ 14.067590714000119, 46.238845826000045 ], [ 14.067609788000084, 46.242401123000093 ], [ 14.057385444000033, 46.242393494999988 ], [ 14.057406425000067, 46.245948790999989 ], [ 14.052293778000092, 46.245941163000111 ], [ 14.031864165, 46.249477387000127 ], [ 14.026752471, 46.249469757000043 ], [ 14.006300926999984, 46.24945068300002 ], [ 14.006282807000105, 46.245895386000143 ], [ 13.996058465000033, 46.245883941000159 ], [ 13.99604034400005, 46.242328644000054 ], [ 13.996020317999978, 46.238773345000141 ], [ 13.990907669000023, 46.238765717000035 ], [ 13.960214615000098, 46.235179902000084 ], [ 13.96023464100017, 46.238735199000189 ], [ 13.950011252000081, 46.238723755000137 ], [ 13.949990273000026, 46.235168456000054 ], [ 13.939747811000075, 46.231601714000135 ], [ 13.898848535000013, 46.231559754000045 ], [ 13.883494377999966, 46.227985382000099 ], [ 13.878381728000079, 46.227981567000029 ], [ 13.863045692000014, 46.22796630900018 ], [ 13.863063813, 46.231521608000094 ], [ 13.832427978000169, 46.238597870000092 ], [ 13.832446098000048, 46.242156983000143 ], [ 13.806885720000082, 46.242126465000126 ], [ 13.796682357000066, 46.245674134000126 ], [ 13.796699523000086, 46.249229432000106 ], [ 13.771197318000077, 46.259868621000123 ], [ 13.771215439000059, 46.263423920000037 ], [ 13.755879403000165, 46.263408662000188 ], [ 13.750804900000162, 46.270511627000189 ], [ 13.745693208000148, 46.270507812000176 ], [ 13.745730400000014, 46.277618408000137 ], [ 13.740619660000107, 46.277614593000123 ], [ 13.73550510300015, 46.277606965000189 ], [ 13.735526084000014, 46.281162262000123 ], [ 13.735544205, 46.284717560000104 ], [ 13.730431558000021, 46.284713745000033 ], [ 13.730488778000165, 46.295379638000156 ], [ 13.725395202000072, 46.29893112200017 ], [ 13.725416183000107, 46.302486421000083 ], [ 13.745921136, 46.313175202000139 ], [ 13.745978356000137, 46.323841096000137 ], [ 13.740865707000125, 46.323833466000053 ], [ 13.746073723000109, 46.341617584000176 ], [ 13.776784897000084, 46.348762512000178 ], [ 13.79218101400005, 46.359443665000072 ], [ 13.807517052000094, 46.359458923000091 ], [ 13.81262874700019, 46.359466553 ], [ 13.81264686500009, 46.363021850000109 ], [ 13.822872162000124, 46.363033295000093 ], [ 13.838285447000089, 46.377269745000092 ], [ 13.848509788000115, 46.377281188000097 ] ] ] ] } },
{ "type": "Feature", "properties": { "fid": 3, "GID_2": "SVN.1.3_1", "GID_0": "SVN", "COUNTRY": "Slovenia", "GID_1": "SVN.1_1", "NAME_1": "Gorenjska", "NL_NAME_1": "NA", "NAME_2": "Cerklje na Gorenjskem", "VARNAME_2": "NA", "NL_NAME_2": "NA", "TYPE_2": "Opcine", "ENGTYPE_2": "Commune|Municipality", "CC_2": "NA", "HASC_2": "SI.GO.CG" }, "geometry": { "type": "MultiPolygon", "coordinates": [ [ [ [ 14.456389427999966, 46.289031983000143 ], [ 14.461501122000129, 46.289039613000057 ], [ 14.466651917000092, 46.29615402200011 ], [ 14.492194176000055, 46.292625428000179 ], [ 14.507549286000085, 46.296199799000078 ], [ 14.507569314000136, 46.299755097000059 ], [ 14.51267910100006, 46.299758911000026 ], [ 14.512700082000094, 46.303314209 ], [ 14.517811776000087, 46.303318025000181 ], [ 14.522924423000063, 46.303325653000059 ], [ 14.533129692000102, 46.299781799000129 ], [ 14.538185119000104, 46.28911972200018 ], [ 14.548391342, 46.285575866000045 ], [ 14.543219567000108, 46.274902343000065 ], [ 14.55344390900018, 46.274913789000095 ], [ 14.553425788000027, 46.271358490000182 ], [ 14.553406715000108, 46.267803193000077 ], [ 14.558520317000102, 46.267807008000148 ], [ 14.563574791000178, 46.257144928000116 ], [ 14.558405876000165, 46.246475221000026 ], [ 14.558384895000074, 46.242919922000112 ], [ 14.548160553, 46.242908479000164 ], [ 14.54304885900001, 46.242904664000093 ], [ 14.543030738000027, 46.23934936500001 ], [ 14.543009757000164, 46.235794068000132 ], [ 14.53276825, 46.232227326000043 ], [ 14.532729148000158, 46.225116730000025 ], [ 14.522485733000053, 46.221549988000163 ], [ 14.522465707000151, 46.217994689000079 ], [ 14.501996993000148, 46.214416504000042 ], [ 14.49682998600008, 46.203742981 ], [ 14.491716386000121, 46.203739166000162 ], [ 14.48149204200007, 46.203727722999986 ], [ 14.471266746000083, 46.203716278000059 ], [ 14.455930709000143, 46.203701019000107 ], [ 14.45081901500015, 46.203697204000036 ], [ 14.450837135000029, 46.207252503000177 ], [ 14.450858116000063, 46.210807800000055 ], [ 14.44574642200007, 46.21080017200012 ], [ 14.44578170799997, 46.217910767000035 ], [ 14.435578346000057, 46.221458436000034 ], [ 14.435597419000146, 46.225013733000139 ], [ 14.43561458500011, 46.228569032000053 ], [ 14.435634613, 46.232124329000158 ], [ 14.440747259999966, 46.232128144 ], [ 14.44078636200004, 46.239238739000086 ], [ 14.435671807000062, 46.239234924000073 ], [ 14.435845375000042, 46.271232606000069 ], [ 14.45635032600012, 46.281921387000125 ], [ 14.456371307000154, 46.285476684 ], [ 14.456389427999966, 46.289031983000143 ] ] ] ] } },
{ "type": "Feature", "properties": { "fid": 4, "GID_2": "SVN.1.4_1", "GID_0": "SVN", "COUNTRY": "Slovenia", "GID_1": "SVN.1_1", "NAME_1": "Gorenjska", "NL_NAME_1": "NA", "NAME_2": "Gorenja Vas-Poljane", "VARNAME_2": "NA", "NL_NAME_2": "NA", "TYPE_2": "Opcine", "ENGTYPE_2": "Commune|Municipality", "CC_2": "NA", "HASC_2": "SI.GO.GV" }, "geometry": { "type": "MultiPolygon", "coordinates": [ [ [ [ 14.154175759000054, 46.178493500000116 ], [ 14.15928840600003, 46.178501129000153 ], [ 14.164400101000126, 46.178504944 ], [ 14.169511795000119, 46.178512574000138 ], [ 14.205316543000151, 46.182106017000194 ], [ 14.215484619, 46.171447755000088 ], [ 14.215463639000063, 46.167892456000175 ], [ 14.21029472400005, 46.157222749000141 ], [ 14.205184937000126, 46.157215118000124 ], [ 14.200071335000132, 46.157211303000054 ], [ 14.200050354000098, 46.153656007000052 ], [ 14.200032233000115, 46.150100708000139 ], [ 14.19488334700003, 46.142982484000015 ], [ 14.194863318999978, 46.139427185000102 ], [ 14.199975012999971, 46.139434815000072 ], [ 14.194766999000024, 46.121650697000121 ], [ 14.194748878000041, 46.118095398000037 ], [ 14.194727897000178, 46.114540101000102 ], [ 14.210046767000051, 46.111000061000141 ], [ 14.210027694000132, 46.107444764000036 ], [ 14.215140343000144, 46.107448579000106 ], [ 14.215083123, 46.096782684000175 ], [ 14.215065002000188, 46.09322738700007 ], [ 14.204819680000185, 46.089660645000038 ], [ 14.20478153300013, 46.082550050000123 ], [ 14.199669838000034, 46.08254623400012 ], [ 14.199574471000062, 46.064765931000068 ], [ 14.199556351000183, 46.061210632000154 ], [ 14.199537277, 46.057655335000106 ], [ 14.194422722000013, 46.057651520000036 ], [ 14.194366455000079, 46.046985626000037 ], [ 14.184123993000128, 46.043418884000118 ], [ 14.184103012000094, 46.03986358700007 ], [ 14.178991317000168, 46.039855957000157 ], [ 14.163655281000104, 46.039840698000035 ], [ 14.158580780000079, 46.046947479000153 ], [ 14.153469086000086, 46.046939851000047 ], [ 14.15348720500009, 46.050495148000152 ], [ 14.148413659000028, 46.057601928 ], [ 14.14330005700009, 46.057598115000133 ], [ 14.143320083000162, 46.061153412000067 ], [ 14.13820838900017, 46.061145782000153 ], [ 14.133152962000111, 46.071807861000082 ], [ 14.128041267000185, 46.071804046000068 ], [ 14.122928620000039, 46.071796418000133 ], [ 14.122946739000042, 46.075351715000011 ], [ 14.112723351000056, 46.075344087000133 ], [ 14.102499008000052, 46.075332642000149 ], [ 14.097387313000183, 46.075325013000111 ], [ 14.076937675000124, 46.075305938000042 ], [ 14.076955796000107, 46.078861237000183 ], [ 14.061619759000166, 46.078845978000061 ], [ 14.061637878000113, 46.082401275000166 ], [ 14.046301842000105, 46.082382202000076 ], [ 14.041208268000162, 46.085933686000089 ], [ 14.020742417000122, 46.082355500000176 ], [ 14.015628815000127, 46.082351685000106 ], [ 14.010574340000176, 46.093013763000158 ], [ 14.015686035000101, 46.093017578000058 ], [ 14.020875930000045, 46.107246399000076 ], [ 14.036251068000183, 46.114372253000056 ], [ 14.041438104000179, 46.128601075000176 ], [ 14.051683426000011, 46.132167817000095 ], [ 14.051739692000069, 46.142833710000161 ], [ 14.056852341000024, 46.142837525000061 ], [ 14.062021256000037, 46.153511047000165 ], [ 14.06713295000003, 46.153514862000179 ], [ 14.067153931000121, 46.157070159000114 ], [ 14.072263718000045, 46.157077789000027 ], [ 14.082508088000168, 46.160640716000046 ], [ 14.082547188000035, 46.167755127000078 ], [ 14.082565308000085, 46.171310424000183 ], [ 14.087677003000181, 46.171314239000026 ], [ 14.097902297000132, 46.17132568400018 ], [ 14.103015899000127, 46.171329498000148 ], [ 14.108125686000051, 46.171337128000062 ], [ 14.113240240999971, 46.171340943000132 ], [ 14.118350028000123, 46.171344757999975 ], [ 14.118371009000157, 46.174903870000151 ], [ 14.143952370000136, 46.178485870000031 ], [ 14.149064065000061, 46.178489685000102 ], [ 14.154175759000054, 46.178493500000116 ] ] ] ] } },
{ "type": "Feature", "properties": { "fid": 5, "GID_2": "SVN.1.5_1", "GID_0": "SVN", "COUNTRY": "Slovenia", "GID_1": "SVN.1_1", "NAME_1": "Gorenjska", "NL_NAME_1": "NA", "NAME_2": "Jesenice", "VARNAME_2": "NA", "NL_NAME_2": "NA", "TYPE_2": "Opcine", "ENGTYPE_2": "Commune|Municipality", "CC_2": "NA", "HASC_2": "SI.GO.JS" }, "geometry": { "type": "MultiPolygon", "coordinates": [ [ [ [ 14.052481363000027, 46.493111219000184 ], [ 14.052553006000039, 46.49294279500009 ], [ 14.052968909000072, 46.492681965000031 ], [ 14.053179693000118, 46.492494850000071 ], [ 14.053387248000149, 46.492418508000185 ], [ 14.053441215000078, 46.492361937 ], [ 14.053546878000191, 46.492293974000177 ], [ 14.053755900000056, 46.492170929 ], [ 14.05386321300017, 46.492080013000134 ], [ 14.054128311000056, 46.491967589000069 ], [ 14.054332678000037, 46.491880920000085 ], [ 14.054803774000106, 46.491785730000061 ], [ 14.054926351, 46.491785316000175 ], [ 14.055397123000091, 46.491833178000036 ], [ 14.055724453000153, 46.4915944 ], [ 14.056157820000067, 46.491454098000133 ], [ 14.056420395000032, 46.491421218000085 ], [ 14.056581494000113, 46.491388530000052 ], [ 14.056725783000047, 46.491365395000173 ], [ 14.057017850000136, 46.491385500000149 ], [ 14.057226379999975, 46.491285303000097 ], [ 14.057688579000114, 46.491148682000073 ], [ 14.057940906000113, 46.49110947600002 ], [ 14.057952346000036, 46.49110769400005 ], [ 14.058631516999981, 46.490938114000073 ], [ 14.05868265600003, 46.490806434000035 ], [ 14.058768904999965, 46.49069963200003 ], [ 14.058871820000093, 46.490641218000178 ], [ 14.059053407000079, 46.490376544000128 ], [ 14.059168098000043, 46.490341717000035 ], [ 14.05952553700007, 46.490302021000105 ], [ 14.059648281000079, 46.490324184000087 ], [ 14.059774748000166, 46.490293241000074 ], [ 14.060541528000044, 46.490237715000092 ], [ 14.061646099000029, 46.490212512000085 ], [ 14.061774807000177, 46.490203236000184 ], [ 14.062400413000091, 46.490277164000076 ], [ 14.062708143000123, 46.490241463000075 ], [ 14.062808256000153, 46.490227149000134 ], [ 14.063371918000087, 46.490305516000149 ], [ 14.063437125000064, 46.490301411000075 ], [ 14.063510102000123, 46.490196490000187 ], [ 14.063597046000041, 46.490142312000103 ], [ 14.063792251000109, 46.49014745400018 ], [ 14.064131162000024, 46.490008444000068 ], [ 14.064392038000108, 46.489966380000112 ], [ 14.064503487000025, 46.489971876000084 ], [ 14.065116829000146, 46.489917930000047 ], [ 14.065329650000081, 46.489867085000185 ], [ 14.065396262999968, 46.489841557000034 ], [ 14.065457391000052, 46.489853851000134 ], [ 14.066066465000176, 46.489909061000105 ], [ 14.066089681000165, 46.489911162000169 ], [ 14.066202365000038, 46.489717634000158 ], [ 14.066384769000081, 46.489584479000087 ], [ 14.066505253000059, 46.489564453000185 ], [ 14.066573948000155, 46.489500043000191 ], [ 14.06675883600019, 46.48944514599998 ], [ 14.06681310100015, 46.489421766000191 ], [ 14.066899562000117, 46.489351484000053 ], [ 14.067026194000107, 46.489294531000041 ], [ 14.067050847000075, 46.489190547000135 ], [ 14.067237934000048, 46.489028121000047 ], [ 14.067593616000181, 46.488887824000074 ], [ 14.067687639000042, 46.488847272999976 ], [ 14.067821687000105, 46.488635072000136 ], [ 14.06869751, 46.488408838000055 ], [ 14.06893621200004, 46.488220435000187 ], [ 14.069424852000168, 46.488068481000028 ], [ 14.06966761700005, 46.488024146000043 ], [ 14.06969499500002, 46.488019148000149 ], [ 14.069827830000122, 46.488007316000051 ], [ 14.069971361000171, 46.487918677999971 ], [ 14.070124045000171, 46.487824388000035 ], [ 14.070265250000034, 46.487795677 ], [ 14.070459705000076, 46.48773630400018 ], [ 14.070734618000188, 46.487702682000076 ], [ 14.071251409000013, 46.487581398000145 ], [ 14.071500932000163, 46.4875776290001 ], [ 14.071719106000103, 46.487554689000149 ], [ 14.072025128000178, 46.487522512000055 ], [ 14.072452338000176, 46.48746208100016 ], [ 14.072922906000031, 46.487467677000097 ], [ 14.073121690000164, 46.487497161000192 ], [ 14.073276996, 46.487509561000138 ], [ 14.07376044800003, 46.487639049000052 ], [ 14.073935160000133, 46.48761281600008 ], [ 14.074176754000064, 46.487610280000069 ], [ 14.074451561000103, 46.487607401999981 ], [ 14.074785263000024, 46.487490887000035 ], [ 14.075020423000126, 46.487446177000095 ], [ 14.075662621000163, 46.487428875000035 ], [ 14.076129244000128, 46.487359987000048 ], [ 14.076353671000106, 46.487326860000053 ], [ 14.077096353000115, 46.487217218000069 ], [ 14.077850568000088, 46.48706619800015 ], [ 14.078111095000054, 46.487048038000069 ], [ 14.078740965000122, 46.486986894000154 ], [ 14.078994580000028, 46.486958609000055 ], [ 14.079318262000186, 46.487034413000117 ], [ 14.079921448, 46.487098495000055 ], [ 14.080186872000127, 46.487190690000148 ], [ 14.081035202000123, 46.487187938000091 ], [ 14.081236667000042, 46.487131540000064 ], [ 14.08148436, 46.487053328000172 ], [ 14.081644875000052, 46.487029418000134 ], [ 14.081746468, 46.48702133900008 ], [ 14.081831686000157, 46.486996867000187 ], [ 14.082034248000014, 46.486920866000048 ], [ 14.082105567000156, 46.486868018000109 ], [ 14.08214721000013, 46.486853693000057 ], [ 14.082307330000049, 46.486839203000102 ], [ 14.082540929000118, 46.486818050000068 ], [ 14.082692926000163, 46.486754526000141 ], [ 14.08284616800006, 46.486722903999976 ], [ 14.082985542000017, 46.486716214000182 ], [ 14.083241580999982, 46.486691162000056 ], [ 14.083342464999987, 46.486698796000155 ], [ 14.083434622000084, 46.486660898000025 ], [ 14.08370579700005, 46.486634954000181 ], [ 14.083844743000157, 46.486620808000055 ], [ 14.084169839000083, 46.486561496000149 ], [ 14.084300472000109, 46.486537662000103 ], [ 14.084403494000128, 46.486527503000104 ], [ 14.084505114000024, 46.486514715999988 ], [ 14.084649870000078, 46.48652531800019 ], [ 14.084682990000147, 46.486530732000062 ], [ 14.084768886000177, 46.486556601000188 ], [ 14.084871717000055, 46.486594991000175 ], [ 14.084980059000145, 46.486577616000034 ], [ 14.085073489000024, 46.486606683000048 ], [ 14.085162568000044, 46.486603606000074 ], [ 14.085310418, 46.486627924000118 ], [ 14.085498385000051, 46.486644511000179 ], [ 14.085566076000021, 46.48665844400017 ], [ 14.085661723000044, 46.486677347000068 ], [ 14.085715469000036, 46.486680331000116 ], [ 14.085798505000184, 46.486686748000011 ], [ 14.085962676000179, 46.486730600000101 ], [ 14.086048868000034, 46.486753623000141 ], [ 14.086152851000179, 46.486792310000055 ], [ 14.086432002000095, 46.486868575000074 ], [ 14.086586865000015, 46.486912899000174 ], [ 14.086794980000093, 46.487010379000083 ], [ 14.086839215000111, 46.486998967000034 ], [ 14.086898815000097, 46.486995795000098 ], [ 14.086942644999965, 46.486970161000102 ], [ 14.087060568000084, 46.486926963000087 ], [ 14.087127758000122, 46.486909292000121 ], [ 14.087223760000086, 46.48684954800018 ], [ 14.087226477, 46.4868478570001 ], [ 14.087277991, 46.486840013000176 ], [ 14.087385338000104, 46.486814825000067 ], [ 14.087402629000053, 46.486787864000064 ], [ 14.087462458000118, 46.486748423000051 ], [ 14.08747541800011, 46.486747537000156 ], [ 14.08753173600013, 46.486751852000111 ], [ 14.087577329999988, 46.486756824000167 ], [ 14.087588852000067, 46.486751745000163 ], [ 14.087645641000051, 46.486730750000106 ], [ 14.087739721000048, 46.486660699000083 ], [ 14.087772354000151, 46.486658271000067 ], [ 14.088016268999979, 46.486578874000145 ], [ 14.088151213000174, 46.486514752000176 ], [ 14.088165943000149, 46.486450551000132 ], [ 14.088217304000011, 46.486389446000146 ], [ 14.088305289000118, 46.486356305000129 ], [ 14.088413602000116, 46.486321942000018 ], [ 14.088508975000082, 46.486180724000064 ], [ 14.088625284000045, 46.486113215999978 ], [ 14.08870591800013, 46.48602239000013 ], [ 14.088918737000085, 46.485896069000091 ], [ 14.088907032000066, 46.48583719800007 ], [ 14.088896808000129, 46.485801512000137 ], [ 14.088972578000153, 46.485758240000109 ], [ 14.089039194000179, 46.485721955000031 ], [ 14.089093750000075, 46.485728810000182 ], [ 14.089143657000022, 46.485749147000149 ], [ 14.089212288999988, 46.485763295000083 ], [ 14.089278029000127, 46.485771803000091 ], [ 14.089354023, 46.485760757000037 ], [ 14.08945194000006, 46.485745183000176 ], [ 14.089510324000059, 46.48575955300015 ], [ 14.089578478000021, 46.485779660000105 ], [ 14.089668542000027, 46.485798012000032 ], [ 14.089738615000044, 46.485810828000012 ], [ 14.089860833000046, 46.485796804000131 ], [ 14.089985088999981, 46.485780336000175 ], [ 14.090232305000029, 46.485772402000066 ], [ 14.090363332000152, 46.485800911000183 ], [ 14.090412437, 46.485850528000128 ], [ 14.090434661000074, 46.485850741000036 ], [ 14.090487682000116, 46.485851235000098 ], [ 14.090554813999972, 46.485845564000044 ], [ 14.090642806000176, 46.485828993000041 ], [ 14.090694482000174, 46.485830207000106 ], [ 14.09074935100017, 46.485860713000136 ], [ 14.090782305000062, 46.485865353000179 ], [ 14.090882299000157, 46.485873643000161 ], [ 14.091069459000039, 46.485974762000069 ], [ 14.091184482000017, 46.485986695000122 ], [ 14.091282709999973, 46.486016868000036 ], [ 14.091325261000065, 46.486001623999982 ], [ 14.091393380000113, 46.4860041230001 ], [ 14.091474528000049, 46.486010577000116 ], [ 14.091515006, 46.48600185100014 ], [ 14.091589868000028, 46.485988146000125 ], [ 14.091633383000158, 46.485977538000157 ], [ 14.091657862000147, 46.485985383000184 ], [ 14.091868403000035, 46.485967379000101 ], [ 14.091947908000122, 46.486006501000134 ], [ 14.092024699000035, 46.485991031000083 ], [ 14.092045490000032, 46.485992134000128 ], [ 14.09213028400012, 46.486012580000192 ], [ 14.092185629000028, 46.486048165000057 ], [ 14.092308735000074, 46.486073628000099 ], [ 14.09239184300003, 46.485998221000159 ], [ 14.092496151000091, 46.485980435000101 ], [ 14.092531350000115, 46.485951707000027 ], [ 14.092551349000075, 46.485932365000053 ], [ 14.092606540000077, 46.485914690000072 ], [ 14.092657733000181, 46.485888725000166 ], [ 14.092698855000037, 46.485877566000056 ], [ 14.09274397300004, 46.485885742 ], [ 14.092800924000187, 46.485868288000177 ], [ 14.09292329900012, 46.485841213000128 ], [ 14.093146957000158, 46.485809281000172 ], [ 14.093356747000087, 46.485800987000175 ], [ 14.093435561000035, 46.485773705000042 ], [ 14.093512983000039, 46.485750275999976 ], [ 14.093603811000094, 46.485752290000164 ], [ 14.093749436000166, 46.485711168000137 ], [ 14.093806071000131, 46.485667300000046 ], [ 14.093817275, 46.485644095000168 ], [ 14.093989242000134, 46.485550164000131 ], [ 14.094052443000123, 46.485529725000106 ], [ 14.094138503000124, 46.485517682000136 ], [ 14.094315567000024, 46.485522181000022 ], [ 14.094409036, 46.485496907000083 ], [ 14.094501015999981, 46.485458229000074 ], [ 14.094559090000189, 46.485415799000123 ], [ 14.094634606000056, 46.485405193000133 ], [ 14.094791857000189, 46.485411380000187 ], [ 14.094819215000143, 46.485424865000141 ], [ 14.094867521000026, 46.485429167000177 ], [ 14.094882935000044, 46.485409001000107 ], [ 14.094953434000104, 46.485377681000159 ], [ 14.094984950000082, 46.48536983300005 ], [ 14.095008143000143, 46.485379773000147 ], [ 14.095076455000083, 46.485326074000056 ], [ 14.095092462000082, 46.485334361000128 ], [ 14.095202699000083, 46.485249847000091 ], [ 14.095312020000108, 46.485254489999988 ], [ 14.095365593000054, 46.485283337000169 ], [ 14.095397288000072, 46.485302316000059 ], [ 14.095416655000179, 46.485305957000094 ], [ 14.095418420000044, 46.485295167000061 ], [ 14.095427853000047, 46.485278577000145 ], [ 14.095429904000127, 46.485223087000179 ], [ 14.095430292000174, 46.485148220000099 ], [ 14.095474926000122, 46.485045447 ], [ 14.095510619000152, 46.484999972000082 ], [ 14.095551453000155, 46.484967383000139 ], [ 14.095615960000032, 46.484943588000021 ], [ 14.095687072000089, 46.484939398000051 ], [ 14.095790983000086, 46.48488410200008 ], [ 14.095830770000077, 46.484842685000103 ], [ 14.095924331999981, 46.484784129000104 ], [ 14.096003476000135, 46.484735935000174 ], [ 14.096047422000026, 46.484693005000167 ], [ 14.096131207000155, 46.48459187800006 ], [ 14.096133245000146, 46.484505673000115 ], [ 14.096153300000083, 46.484485790000178 ], [ 14.096173487999977, 46.484440148000147 ], [ 14.096874081000124, 46.483944776000158 ], [ 14.097375123000063, 46.483728741000164 ], [ 14.097779051000089, 46.483507413000154 ], [ 14.098433933000081, 46.4831536800001 ], [ 14.098506925000095, 46.483086920000062 ], [ 14.09853650600013, 46.483065588000102 ], [ 14.09858341600011, 46.483031761000063 ], [ 14.098682668000151, 46.482981010000174 ], [ 14.098800878000134, 46.482947335000176 ], [ 14.09891576800004, 46.482932431000165 ], [ 14.099052391999976, 46.482920918 ], [ 14.099167972000146, 46.482946694000191 ], [ 14.099239990000058, 46.482894227000031 ], [ 14.099277619000077, 46.482884852000041 ], [ 14.099318164000124, 46.482866254000101 ], [ 14.099444943000037, 46.482823343 ], [ 14.099492221000048, 46.482821381000065 ], [ 14.099589949000176, 46.482750162000116 ], [ 14.099679199999969, 46.48269590600006 ], [ 14.09970445200014, 46.482674270000018 ], [ 14.099744940000107, 46.482639594000034 ], [ 14.099927951000041, 46.482572033 ], [ 14.100181007, 46.482407012000124 ], [ 14.100364584000033, 46.482296351000116 ], [ 14.100392029999966, 46.482253935000188 ], [ 14.100446292000015, 46.482216089000076 ], [ 14.100527857000145, 46.482127461000175 ], [ 14.100601804000121, 46.482062214 ], [ 14.100655682000138, 46.481982246000143 ], [ 14.100669271000129, 46.481927831000178 ], [ 14.100724254000113, 46.48183205800018 ], [ 14.100682729000141, 46.481758660000139 ], [ 14.10050187100012, 46.481438940000146 ], [ 14.100046509000094, 46.480435586000056 ], [ 14.100466560000143, 46.480251839000061 ], [ 14.10108820500011, 46.480085542000097 ], [ 14.101265559000069, 46.479984942000101 ], [ 14.101409893000096, 46.479920318999973 ], [ 14.101443549000066, 46.479922262000059 ], [ 14.101631914999984, 46.479849182000066 ], [ 14.101676511000107, 46.47984930500013 ], [ 14.101829339000176, 46.479779343000075 ], [ 14.102068706000182, 46.479626675000191 ], [ 14.102157692000048, 46.47956423100004 ], [ 14.102181834000135, 46.47953805800006 ], [ 14.102184943000111, 46.479500807000079 ], [ 14.102374731000168, 46.479443669000148 ], [ 14.102486818000102, 46.479405137000185 ], [ 14.102509033999979, 46.479397492000146 ], [ 14.102635631999988, 46.479312015000119 ], [ 14.10310205900015, 46.479379594000079 ], [ 14.103259171000161, 46.47928118800013 ], [ 14.103984826000101, 46.479592367 ], [ 14.104984025000078, 46.480163599000036 ], [ 14.105400773000099, 46.480300060000047 ], [ 14.105842886000175, 46.480314529999987 ], [ 14.10619278900009, 46.48030608300013 ], [ 14.106438015000094, 46.480300161000173 ], [ 14.106635932000074, 46.480168016000164 ], [ 14.106766630000038, 46.480080752000049 ], [ 14.107857700000068, 46.479753434000145 ], [ 14.109058835000042, 46.47949952100015 ], [ 14.109351359000129, 46.479437680000103 ], [ 14.109876879000069, 46.479566189000195 ], [ 14.111047708000058, 46.479418330000101 ], [ 14.112209792000101, 46.479178299000068 ], [ 14.113317160000065, 46.479001698000104 ], [ 14.114075675000038, 46.478744579000079 ], [ 14.114357017000032, 46.478649206000057 ], [ 14.114752444000146, 46.478523740000185 ], [ 14.114818953000054, 46.47850263800018 ], [ 14.11546875900018, 46.478342817000055 ], [ 14.115872613000022, 46.478251344000171 ], [ 14.116099057000099, 46.478096161000053 ], [ 14.116145382000127, 46.478064408000193 ], [ 14.116380877000154, 46.477903009000045 ], [ 14.116709674999981, 46.477792640000075 ], [ 14.116821943000048, 46.477754956000126 ], [ 14.117254244000037, 46.477776645000063 ], [ 14.117429213000037, 46.477764668000077 ], [ 14.118399056000044, 46.477698256000053 ], [ 14.119392184000162, 46.477613791000124 ], [ 14.119730298000093, 46.477308177000054 ], [ 14.120538353000086, 46.477206181000156 ], [ 14.121323284000084, 46.47710710500013 ], [ 14.122303136000141, 46.476979250000113 ], [ 14.122234492000132, 46.476914468000075 ], [ 14.121349919000068, 46.476079685000173 ], [ 14.121237243000166, 46.475973351000107 ], [ 14.120930648000126, 46.475366363000148 ], [ 14.121043743000143, 46.474873896000133 ], [ 14.121150729000078, 46.474544676999983 ], [ 14.122273004000135, 46.473632919000067 ], [ 14.122620851000079, 46.473521384000151 ], [ 14.122818982000013, 46.473457856000039 ], [ 14.123315698000113, 46.473298589000137 ], [ 14.12336233000002, 46.473286353000162 ], [ 14.123572671000147, 46.473231162000104 ], [ 14.12366221200017, 46.473207664000142 ], [ 14.12472761600003, 46.472779145000118 ], [ 14.125176833000182, 46.472380526000109 ], [ 14.126240341000027, 46.471231612000054 ], [ 14.126548613000125, 46.470902882000019 ], [ 14.127714956000091, 46.46960335000017 ], [ 14.128269183000043, 46.468983741000159 ], [ 14.12874946800008, 46.468446787000119 ], [ 14.129072439000083, 46.468083397999976 ], [ 14.129822186000013, 46.46727906100017 ], [ 14.130253825000125, 46.466796782000131 ], [ 14.130123367000181, 46.466618182000104 ], [ 14.130009116000053, 46.466499065000107 ], [ 14.130095034000021, 46.466407587000162 ], [ 14.130092199000046, 46.466350718000172 ], [ 14.130058332000033, 46.46632035500005 ], [ 14.130066747000114, 46.466287610000109 ], [ 14.130050466000057, 46.466256945000112 ], [ 14.130010674000175, 46.466239939000161 ], [ 14.129949454000098, 46.466227724000134 ], [ 14.129900333000023, 46.466195965000054 ], [ 14.129855023000175, 46.466091753000114 ], [ 14.129790939000031, 46.466047313 ], [ 14.129475158999981, 46.465934682000182 ], [ 14.129367229000138, 46.465823798000088 ], [ 14.129385583000044, 46.465800277000028 ], [ 14.129308942000023, 46.465759037000169 ], [ 14.129285343000106, 46.465792599000054 ], [ 14.12918353800012, 46.465763392000042 ], [ 14.12914672800008, 46.46573833900004 ], [ 14.128982376000181, 46.465611095000156 ], [ 14.129121492000138, 46.465459435000071 ], [ 14.129112659000043, 46.465435826000146 ], [ 14.129212929000175, 46.465332994000164 ], [ 14.129280277000021, 46.465293171000155 ], [ 14.129368789000068, 46.465196611000124 ], [ 14.12943612100014, 46.465073602000189 ], [ 14.129486487000065, 46.465044308000074 ], [ 14.129561251000041, 46.465010427000038 ], [ 14.129606995000074, 46.46497041300006 ], [ 14.129694830000119, 46.464899849000119 ], [ 14.129725312000176, 46.464902642000084 ], [ 14.129772914000057, 46.464847122000094 ], [ 14.129865333000112, 46.46476507400007 ], [ 14.129861954000091, 46.464653866000106 ], [ 14.129894123000042, 46.464591977000055 ], [ 14.129887068000073, 46.464532348000148 ], [ 14.129951350000056, 46.464473509000186 ], [ 14.129985235000106, 46.464430223000136 ], [ 14.130008018000126, 46.464380868000092 ], [ 14.130266120000158, 46.464052594000066 ], [ 14.130403250000143, 46.463924186000099 ], [ 14.130441192000092, 46.463911721000045 ], [ 14.13048384800004, 46.463845844000048 ], [ 14.13049171199998, 46.46379946400009 ], [ 14.130555830000162, 46.463716982000051 ], [ 14.130709640000077, 46.463663699000165 ], [ 14.130813200000148, 46.46354225500005 ], [ 14.130833041000074, 46.463518985000064 ], [ 14.131243227000084, 46.463103699000158 ], [ 14.131501772000092, 46.462522485000022 ], [ 14.131713560000037, 46.462278895000168 ], [ 14.132240717, 46.461948440000072 ], [ 14.132895809000047, 46.461650828000131 ], [ 14.133004463000134, 46.461647586000026 ], [ 14.133054487000038, 46.461665527000036 ], [ 14.13319515400002, 46.46161678600015 ], [ 14.133286732000158, 46.461575759000027 ], [ 14.13331345500012, 46.461523774999989 ], [ 14.133371898000121, 46.461463176000052 ], [ 14.133428375000051, 46.461429276000104 ], [ 14.133536253000102, 46.461381107000136 ], [ 14.133627224000065, 46.461369809000075 ], [ 14.133664924000186, 46.461340187000076 ], [ 14.133688044000166, 46.461339 ], [ 14.133714349000115, 46.461337655000079 ], [ 14.133721752999975, 46.461293894999983 ], [ 14.133821235000084, 46.461160475000156 ], [ 14.133952493999971, 46.461052824000035 ], [ 14.134030334000045, 46.461017901000105 ], [ 14.134057713000061, 46.461005429000124 ], [ 14.134107994999965, 46.46096189900004 ], [ 14.134170054000037, 46.460936705000108 ], [ 14.134181240000089, 46.460903192999979 ], [ 14.134252207000031, 46.460852340000145 ], [ 14.134246282000163, 46.460830131000193 ], [ 14.13432198300012, 46.460777229000087 ], [ 14.134354121000115, 46.460726207000107 ], [ 14.134401185000058, 46.460684374000095 ], [ 14.134400084000106, 46.460658129000137 ], [ 14.134421694000082, 46.460645534000093 ], [ 14.134460022000042, 46.460647227000152 ], [ 14.134463069000049, 46.460622446000116 ], [ 14.13446274100005, 46.460599128000183 ], [ 14.134489608000024, 46.460588179000069 ], [ 14.134504711000147, 46.460567596000033 ], [ 14.134514115, 46.460554781000155 ], [ 14.13452263400012, 46.46049816600015 ], [ 14.134606534000113, 46.460432745000162 ], [ 14.13465121500019, 46.460394545000042 ], [ 14.134763463000013, 46.460338247000152 ], [ 14.134821291000037, 46.460298939000097 ], [ 14.134867073000066, 46.460250482999982 ], [ 14.134853425000188, 46.460216624000111 ], [ 14.134808072999988, 46.460166468000068 ], [ 14.134852234, 46.46011414700007 ], [ 14.134850922000055, 46.460077142000159 ], [ 14.134846899000024, 46.46003628800014 ], [ 14.13480764600007, 46.460004354000148 ], [ 14.134775860000104, 46.459963990000176 ], [ 14.134771881, 46.459937683000078 ], [ 14.134870229000171, 46.459853492000093 ], [ 14.134878104, 46.459791295 ], [ 14.134850982000103, 46.45975295900007 ], [ 14.13487184600001, 46.459695718000035 ], [ 14.134915415000023, 46.459667774000195 ], [ 14.134978327000056, 46.459665371000085 ], [ 14.135119573, 46.459631749000152 ], [ 14.13511142800013, 46.459619615 ], [ 14.1350905, 46.459558923000145 ], [ 14.135104148999972, 46.459540644000128 ], [ 14.135116434, 46.459502087000089 ], [ 14.135122124000134, 46.459472915000163 ], [ 14.135199865000061, 46.459377415000063 ], [ 14.135228604000076, 46.459359138000082 ], [ 14.135277614000017, 46.459344489000159 ], [ 14.135310759000049, 46.45929562800012 ], [ 14.135375789000079, 46.459206929000175 ], [ 14.135422666000125, 46.459153445000027 ], [ 14.135409328000094, 46.459102444000109 ], [ 14.135672173000103, 46.459089354000128 ], [ 14.135815366000145, 46.459082906000106 ], [ 14.135880544000031, 46.459079615000121 ], [ 14.135930668000071, 46.459007035000127 ], [ 14.13593516800006, 46.458953605000147 ], [ 14.135976625000069, 46.45894417400018 ], [ 14.135978909000073, 46.458932101000187 ], [ 14.135993832000167, 46.458852661000151 ], [ 14.135975609000127, 46.458832509000104 ], [ 14.135974929000099, 46.45881715600018 ], [ 14.135991465000018, 46.45880936500015 ], [ 14.136030544000164, 46.458793139000193 ], [ 14.13606292500009, 46.458710057000076 ], [ 14.136053686000139, 46.458687324000095 ], [ 14.136089216000016, 46.458666121000192 ], [ 14.136163823000061, 46.458493105000059 ], [ 14.136153222000189, 46.45848139300017 ], [ 14.136167975999967, 46.458432004000088 ], [ 14.136195441000041, 46.458417533000045 ], [ 14.136189084000137, 46.458290575000035 ], [ 14.136214350000103, 46.458254895000096 ], [ 14.136225799000044, 46.458215407000182 ], [ 14.136300402000131, 46.458099757000014 ], [ 14.136314312000025, 46.458033783000076 ], [ 14.136336517000188, 46.457981174000111 ], [ 14.136323807000167, 46.457934775000069 ], [ 14.136292774000026, 46.457877529000143 ], [ 14.136155183000085, 46.457679497000072 ], [ 14.136128413000165, 46.457608294000124 ], [ 14.136061432000076, 46.457562267000128 ], [ 14.136055324000097, 46.457528400000115 ], [ 14.136129001000029, 46.457471166000175 ], [ 14.136163675000091, 46.457428159000074 ], [ 14.13616817000019, 46.457395585000029 ], [ 14.136154771000065, 46.457366177000097 ], [ 14.136160966000091, 46.457309407000025 ], [ 14.136175708999986, 46.457296510000106 ], [ 14.136157484000023, 46.457192929000144 ], [ 14.136138928999969, 46.457066030000021 ], [ 14.136145201000147, 46.456955123000171 ], [ 14.136136724000039, 46.456924890000096 ], [ 14.136137572000109, 46.4568789 ], [ 14.136143676000131, 46.45679283700008 ], [ 14.136142236000182, 46.456769345999987 ], [ 14.136115796000126, 46.456705527000167 ], [ 14.136243551000121, 46.456657152000162 ], [ 14.136278990000108, 46.456643147000136 ], [ 14.136391013000036, 46.45655364900017 ], [ 14.136424570000088, 46.456526836000194 ], [ 14.136418353000181, 46.456486483000162 ], [ 14.13639021299997, 46.456464746000051 ], [ 14.136365463000061, 46.456394616000068 ], [ 14.136315873000058, 46.456355422000058 ], [ 14.136273287000108, 46.456260505000103 ], [ 14.136332059000154, 46.456256530000189 ], [ 14.136405906000107, 46.456210945000066 ], [ 14.136466518000191, 46.456173685000181 ], [ 14.136581554000088, 46.456088143000045 ], [ 14.136607413000036, 46.45597073800019 ], [ 14.136619532000054, 46.455936168000164 ], [ 14.136651744000062, 46.455825790000119 ], [ 14.136650643000053, 46.455794326000159 ], [ 14.13668803600001, 46.455739731000165 ], [ 14.136664635000159, 46.455700298000181 ], [ 14.136673454000061, 46.455639597000072 ], [ 14.136684056000036, 46.455619566000109 ], [ 14.136747293000042, 46.455546622999975 ], [ 14.136760172000152, 46.455509771000152 ], [ 14.136750434000021, 46.455493780000154 ], [ 14.136660059000121, 46.455474144000107 ], [ 14.136624460000121, 46.455439990000173 ], [ 14.136629725000091, 46.455429732000027 ], [ 14.136636065000062, 46.455417380000029 ], [ 14.136599540000191, 46.455399920000048 ], [ 14.136580712000011, 46.455357209000113 ], [ 14.136486958000091, 46.455260825000153 ], [ 14.136510521000162, 46.45515549300012 ], [ 14.136502898000174, 46.455100124000069 ], [ 14.136486544000036, 46.455083073000026 ], [ 14.136450580000087, 46.455046274999972 ], [ 14.136426688000086, 46.454998120000027 ], [ 14.136502134000125, 46.454930337000178 ], [ 14.136533078000184, 46.454896767000037 ], [ 14.136531727000147, 46.454871279000088 ], [ 14.136633701000051, 46.454790075000119 ], [ 14.136618282000143, 46.454771974000096 ], [ 14.136689735000061, 46.454672666000079 ], [ 14.13669915100013, 46.454639274000158 ], [ 14.136698055000068, 46.454592173000094 ], [ 14.136729669000033, 46.454521801000112 ], [ 14.136728309999967, 46.45448067500007 ], [ 14.136742097000138, 46.454394009 ], [ 14.136711025000068, 46.454308251000043 ], [ 14.13670034900008, 46.454204671000184 ], [ 14.136650581000026, 46.454091244000097 ], [ 14.136651173000075, 46.454061657000068 ], [ 14.136640586, 46.454003006999983 ], [ 14.136591753000118, 46.453935457999989 ], [ 14.136611852000101, 46.453880508000054 ], [ 14.136594215000173, 46.453862052000147 ], [ 14.13660252700015, 46.453854553000156 ], [ 14.136650169000177, 46.453809206000017 ], [ 14.136668642000188, 46.453771234000101 ], [ 14.136657035000042, 46.453757353000128 ], [ 14.13670975500014, 46.453686347000087 ], [ 14.136676187000035, 46.453651305000051 ], [ 14.136628132000055, 46.453659686000094 ], [ 14.136620073000188, 46.453650781000192 ], [ 14.136613380000085, 46.453615218000152 ], [ 14.136599057000012, 46.453597288000083 ], [ 14.136626261000174, 46.453573156000061 ], [ 14.13661888900009, 46.453558740000119 ], [ 14.136603042000104, 46.453555811000115 ], [ 14.136576171000115, 46.453545905 ], [ 14.136575912000183, 46.453531026000121 ], [ 14.136521907000031, 46.453517199000146 ], [ 14.136520129000075, 46.453506891000188 ], [ 14.136536238000076, 46.453462124999987 ], [ 14.136499117000142, 46.453437752000013 ], [ 14.136419528000033, 46.453359092000085 ], [ 14.136243349000097, 46.45314573100012 ], [ 14.136242942000138, 46.453091499000095 ], [ 14.136085344999969, 46.45293602900017 ], [ 14.136053212999968, 46.45286313500003 ], [ 14.135930201000122, 46.452822648000108 ], [ 14.13585337700016, 46.452756563999969 ], [ 14.135870112000021, 46.452693233000161 ], [ 14.135910353000099, 46.452600434000033 ], [ 14.135875969999972, 46.452490281000053 ], [ 14.135829591000117, 46.452385880000065 ], [ 14.135835339999971, 46.452136567000139 ], [ 14.135739370000067, 46.452003202000185 ], [ 14.13572997000017, 46.451823218000015 ], [ 14.135829400000034, 46.45169940500017 ], [ 14.135736172000122, 46.451610870000025 ], [ 14.135703261000174, 46.451569904000053 ], [ 14.135689632000037, 46.451548641000159 ], [ 14.135703921000072, 46.451486371000158 ], [ 14.135796823000078, 46.451398366000035 ], [ 14.13579132100017, 46.451351791000036 ], [ 14.135858245, 46.451338581000186 ], [ 14.135898993000012, 46.451297251000142 ], [ 14.135920848000126, 46.451268864000156 ], [ 14.135969532999979, 46.451185614000053 ], [ 14.13606911100004, 46.451155270000186 ], [ 14.136126469000033, 46.45111921300014 ], [ 14.136248771, 46.451015122000115 ], [ 14.136349959000029, 46.450941103000162 ], [ 14.136358603000019, 46.450933098000121 ], [ 14.136494746000039, 46.450807172000168 ], [ 14.13668052200012, 46.450528065000071 ], [ 14.136775145000058, 46.450458347000165 ], [ 14.136911115000089, 46.450396005000187 ], [ 14.136982756000066, 46.450385083000128 ], [ 14.13706807900013, 46.450306911000098 ], [ 14.137170689000072, 46.450247483000112 ], [ 14.137259153000116, 46.450160876000155 ], [ 14.137260725999965, 46.45009616800013 ], [ 14.137302798000064, 46.450040477000073 ], [ 14.137337320000086, 46.449972468 ], [ 14.137413314000185, 46.449930097000163 ], [ 14.137494244000095, 46.449802102000149 ], [ 14.137614767000059, 46.44974108200006 ], [ 14.137843276000069, 46.449731261000068 ], [ 14.137981135000189, 46.449717884000108 ], [ 14.138018084000123, 46.449657416000093 ], [ 14.138058361000162, 46.44958509200012 ], [ 14.138075128000025, 46.449542778000193 ], [ 14.138096469000118, 46.4495282150001 ], [ 14.138171221999983, 46.44949799 ], [ 14.13822943700012, 46.449482411000076 ], [ 14.138272886000038, 46.449410695000154 ], [ 14.138411386000143, 46.449366641999973 ], [ 14.138458342000149, 46.4493741120001 ], [ 14.138499798, 46.44933499800004 ], [ 14.138510712000027, 46.449299229000189 ], [ 14.138558868000075, 46.449208776000091 ], [ 14.138737226000103, 46.449060535000172 ], [ 14.138822250000032, 46.44898986600009 ], [ 14.138909678000175, 46.448926892000031 ], [ 14.138972968000076, 46.448896243000036 ], [ 14.139117835999969, 46.448831280000093 ], [ 14.139283369000111, 46.44881371200006 ], [ 14.139320971000188, 46.4488143640001 ], [ 14.139408131000096, 46.448816999000087 ], [ 14.13949153100009, 46.448790795000036 ], [ 14.139597576000085, 46.448757128000182 ], [ 14.139623762000099, 46.448764896000114 ], [ 14.139691994000088, 46.448781582000095 ], [ 14.139780912000163, 46.448845113000118 ], [ 14.139813984000057, 46.448879519000116 ], [ 14.139853394999989, 46.44892052 ], [ 14.139900754000109, 46.448873212000194 ], [ 14.139944228000161, 46.448811455000168 ], [ 14.140034054000125, 46.44870901000013 ], [ 14.140182134000099, 46.448621972000183 ], [ 14.140328038000121, 46.448587779000093 ], [ 14.140388885000107, 46.448593503000041 ], [ 14.140606500000047, 46.448640471000033 ], [ 14.140756864000082, 46.448665789000188 ], [ 14.140852144000121, 46.448686818000056 ], [ 14.141029908000121, 46.448668116000078 ], [ 14.141117603000168, 46.448629502000131 ], [ 14.141177750000054, 46.44853871100014 ], [ 14.14137682, 46.44834909399998 ], [ 14.141524313000048, 46.448300872000118 ], [ 14.141565475999982, 46.448207092000132 ], [ 14.141663508000136, 46.448085118000165 ], [ 14.141668239000069, 46.448021304000065 ], [ 14.141649661000145, 46.447996733000082 ], [ 14.141634611000143, 46.447976827 ], [ 14.141626397000152, 46.447945171000072 ], [ 14.141610981000099, 46.447795270000029 ], [ 14.141604848000043, 46.44768247200011 ], [ 14.141757340000083, 46.447542030000193 ], [ 14.141888016000053, 46.447386680000136 ], [ 14.141912800000114, 46.447309364000148 ], [ 14.141949187000023, 46.447270230000072 ], [ 14.14196481, 46.44718688800009 ], [ 14.142054373000065, 46.446992457000079 ], [ 14.142202544000156, 46.446934035000083 ], [ 14.142289960000085, 46.446833846000061 ], [ 14.142428886, 46.446777837000127 ], [ 14.142453512000088, 46.446762043000035 ], [ 14.142530370000088, 46.44664058 ], [ 14.142609200000038, 46.446581981000065 ], [ 14.142710720000082, 46.446548208000195 ], [ 14.142748256000175, 46.446571847000143 ], [ 14.142759778000027, 46.44657812600019 ], [ 14.142788347000021, 46.446580659000119 ], [ 14.142837338000049, 46.446532259000037 ], [ 14.142849357999978, 46.44647202800013 ], [ 14.142861511000035, 46.446457673000111 ], [ 14.142893997000044, 46.446432107000078 ], [ 14.142937164000159, 46.446416633000069 ], [ 14.14306252800003, 46.446387288000039 ], [ 14.143175849000102, 46.446341769000071 ], [ 14.143268611000167, 46.446357397000156 ], [ 14.143313055000078, 46.446321922000152 ], [ 14.143379466000169, 46.446296665000091 ], [ 14.143458423000027, 46.446228295000139 ], [ 14.143626448000191, 46.446295977000034 ], [ 14.143775934000132, 46.446279137000033 ], [ 14.143806067000014, 46.446281838000175 ], [ 14.143881796000187, 46.446301221000112 ], [ 14.143995684000174, 46.446341503000042 ], [ 14.144145148000121, 46.446378367000079 ], [ 14.144212657000082, 46.446365733000107 ], [ 14.144773305000115, 46.446155993000161 ], [ 14.144908483000108, 46.446141529000045 ], [ 14.145150265000041, 46.446124707000081 ], [ 14.145215780000058, 46.44605672800003 ], [ 14.145222578000073, 46.446008797000047 ], [ 14.145217323999987, 46.445935508000161 ], [ 14.145221998000011, 46.445904129000098 ], [ 14.145230028000185, 46.445886537000092 ], [ 14.145265690000087, 46.445843412000158 ], [ 14.145281858000033, 46.445807678000051 ], [ 14.145302527000013, 46.445727125000019 ], [ 14.145353511000167, 46.445598392000136 ], [ 14.14539148800003, 46.445487818000061 ], [ 14.145365190000177, 46.445426087000158 ], [ 14.145493479000038, 46.445359002000032 ], [ 14.145655709000096, 46.445314457000165 ], [ 14.145810269000094, 46.445303768000088 ], [ 14.145871832000125, 46.445271265000144 ], [ 14.145965576000094, 46.445253990000083 ], [ 14.146061484000029, 46.445241432999978 ], [ 14.146156821000034, 46.445190408000144 ], [ 14.14628452400018, 46.445103334 ], [ 14.146320556000148, 46.445040666000182 ], [ 14.146322965000081, 46.444997850000163 ], [ 14.146390117000124, 46.444969310000147 ], [ 14.146546554, 46.444896725000092 ], [ 14.146567645000061, 46.44484642499998 ], [ 14.14662719100005, 46.444819308000149 ], [ 14.146664291999969, 46.444812692000141 ], [ 14.146704926000155, 46.444804773000101 ], [ 14.14679957900006, 46.444769147000159 ], [ 14.146808650000025, 46.444762064000031 ], [ 14.146846759000084, 46.44473229100015 ], [ 14.146892532000038, 46.444651658000112 ], [ 14.146923733000051, 46.44462817800013 ], [ 14.146983054999964, 46.444525675000079 ], [ 14.147423899000046, 46.44440985 ], [ 14.147474848000115, 46.444388506000053 ], [ 14.147581366, 46.444364786000051 ], [ 14.147674154000072, 46.444331637000062 ], [ 14.147793779000096, 46.444173516000035 ], [ 14.147884472000044, 46.44410892000019 ], [ 14.1479448340001, 46.44407461500009 ], [ 14.148016420000147, 46.443997891000151 ], [ 14.148159892000081, 46.443939567000086 ], [ 14.148183894000113, 46.443926493000106 ], [ 14.148260979000042, 46.44390081500012 ], [ 14.148334238000132, 46.443870036000135 ], [ 14.148501167000177, 46.443851167000048 ], [ 14.148538109000071, 46.443852362000086 ], [ 14.148711505, 46.443861346000119 ], [ 14.148767570000132, 46.443786000000102 ], [ 14.148840477000022, 46.443746334000025 ], [ 14.148837822000075, 46.443708007000112 ], [ 14.148767736000138, 46.443660157000068 ], [ 14.148792597000124, 46.443625359000066 ], [ 14.148862438000151, 46.443596655000135 ], [ 14.149028067000074, 46.443475182000157 ], [ 14.149145573000055, 46.443474462000097 ], [ 14.149310714000137, 46.443459869000037 ], [ 14.149369547000106, 46.44342875000001 ], [ 14.149463229000048, 46.443390214000033 ], [ 14.149633787000084, 46.443441108000172 ], [ 14.149706614000024, 46.443423241000175 ], [ 14.149835675000134, 46.44336658200001 ], [ 14.149885630000085, 46.443322329000182 ], [ 14.149933906000172, 46.443316370000161 ], [ 14.150059060000046, 46.443335496000145 ], [ 14.150194341000145, 46.44339207400003 ], [ 14.150544250000053, 46.443329771000094 ], [ 14.150624355, 46.443351295000127 ], [ 14.150856397000041, 46.443427290999978 ], [ 14.150893269000051, 46.443432399000073 ], [ 14.151072229000135, 46.44341676900018 ], [ 14.151127949000113, 46.443435948000115 ], [ 14.151160092, 46.443422646000045 ], [ 14.151211186000126, 46.443429289000164 ], [ 14.151264287, 46.44343782500016 ], [ 14.151358555000172, 46.443403826000122 ], [ 14.151409805000128, 46.443402649000063 ], [ 14.15146074200004, 46.443417112000134 ], [ 14.151504009000121, 46.443454788000054 ], [ 14.151551531000166, 46.443459369000152 ], [ 14.151573891000055, 46.443442772000139 ], [ 14.151610480000159, 46.443445605000079 ], [ 14.151637974000096, 46.443456411999989 ], [ 14.151659917000075, 46.443438080000078 ], [ 14.15170523900008, 46.443445224000129 ], [ 14.15179176100014, 46.443463175000147 ], [ 14.151855318000173, 46.443448595000177 ], [ 14.151889758000152, 46.443436598000119 ], [ 14.151959494999971, 46.443412293000165 ], [ 14.152073527000027, 46.443380427000193 ], [ 14.152021153000135, 46.443322186999978 ], [ 14.152237139000022, 46.442943337000088 ], [ 14.152400284000123, 46.442655000000116 ], [ 14.152463820000037, 46.44241758000004 ], [ 14.15254119500014, 46.44224792 ], [ 14.145343780000132, 46.438037873000098 ], [ 14.119706154000028, 46.423786164000148 ], [ 14.124723434000032, 46.406013489000031 ], [ 14.094011307000073, 46.398872375000167 ], [ 14.083805084000176, 46.402416229000096 ], [ 14.083846091000112, 46.409526824000181 ], [ 14.053228379000018, 46.420162200000163 ], [ 14.053247452000107, 46.423717499000077 ], [ 14.022612572000071, 46.430797578000124 ], [ 14.01238823000017, 46.43078613300014 ], [ 14.002221108000015, 46.441440582000041 ], [ 13.991994857000066, 46.441429139000036 ], [ 13.992014885000117, 46.444984436000141 ], [ 13.992053984999984, 46.452095031000056 ], [ 14.007390023000085, 46.452114105000192 ], [ 14.012501716000145, 46.452117920000092 ], [ 14.012616158000185, 46.473449706999986 ], [ 14.007522582000092, 46.477001191000056 ], [ 14.008615025000154, 46.481760404000113 ], [ 14.008759191000024, 46.481765594000194 ], [ 14.008975950000092, 46.48183128800008 ], [ 14.009275727000102, 46.481922150000173 ], [ 14.00989952600014, 46.481937538000182 ], [ 14.010167134000085, 46.48194413900012 ], [ 14.010986576, 46.482201551000117 ], [ 14.011473991000116, 46.482319851000113 ], [ 14.011818129000176, 46.482374492000076 ], [ 14.013025454000115, 46.48240142200018 ], [ 14.013152048000109, 46.482442866000099 ], [ 14.013654233000011, 46.482376541000178 ], [ 14.014103937000129, 46.482519887000137 ], [ 14.014319308999973, 46.482463273000064 ], [ 14.014811428000087, 46.482526792000101 ], [ 14.014852353000038, 46.482532074000176 ], [ 14.015289456000062, 46.482521281000061 ], [ 14.016275616000087, 46.482360019000055 ], [ 14.016395801000044, 46.48231584500013 ], [ 14.016994184000055, 46.482256128000074 ], [ 14.017120864000049, 46.482200202000058 ], [ 14.01721399500002, 46.482159086000024 ], [ 14.017543297000088, 46.482120769000176 ], [ 14.01763625600006, 46.481993265000085 ], [ 14.017998873000124, 46.48198407700005 ], [ 14.018074539, 46.482025100000158 ], [ 14.018398991000026, 46.481963687000132 ], [ 14.018621801000165, 46.482012555999972 ], [ 14.019056834000025, 46.48193077500008 ], [ 14.019531440000037, 46.481754106000096 ], [ 14.01982407700018, 46.481731566000178 ], [ 14.020245248000094, 46.481780231000073 ], [ 14.020434536000153, 46.481752553000092 ], [ 14.020731165000086, 46.481860894000079 ], [ 14.020756940000183, 46.481870186000094 ], [ 14.020841507000171, 46.481883533000087 ], [ 14.021313715000133, 46.481957267000155 ], [ 14.021688725000104, 46.482015822000108 ], [ 14.021990879000043, 46.48219016500002 ], [ 14.022196653000037, 46.482395407000126 ], [ 14.022489635999989, 46.482544522000126 ], [ 14.023332538000091, 46.483160504000125 ], [ 14.023381994000147, 46.483196644000088 ], [ 14.024286644000028, 46.483482722000133 ], [ 14.02514807100016, 46.483755126000119 ], [ 14.025282857000093, 46.48390745800009 ], [ 14.025490852000189, 46.484142534 ], [ 14.025544879000108, 46.48427392300016 ], [ 14.025563544000136, 46.484831445000111 ], [ 14.025708118000011, 46.484964535000074 ], [ 14.025755984000057, 46.48519528900016 ], [ 14.025743356000078, 46.485238947000028 ], [ 14.025701580000032, 46.485383386000194 ], [ 14.025634847000106, 46.485431384000094 ], [ 14.025642828000116, 46.48547515100006 ], [ 14.02614594, 46.48546049800018 ], [ 14.026433858000019, 46.485639415000151 ], [ 14.026541942999984, 46.485801425000034 ], [ 14.026575820000062, 46.485991921000164 ], [ 14.026615027, 46.486212416000058 ], [ 14.026783065000075, 46.486346442000126 ], [ 14.027531138000029, 46.486327149000033 ], [ 14.028083608000088, 46.486433919000149 ], [ 14.028153827000153, 46.486485945000027 ], [ 14.028609554000127, 46.487167938000027 ], [ 14.02931227199997, 46.487064157000077 ], [ 14.029817800000046, 46.487094729000148 ], [ 14.029947232000097, 46.487142254000048 ], [ 14.030730788000142, 46.487146836000079 ], [ 14.031808320000096, 46.48723158100006 ], [ 14.032025684000132, 46.487606238000069 ], [ 14.032036087000051, 46.487624169000071 ], [ 14.032208216000129, 46.487933784000177 ], [ 14.032181238000021, 46.488329277000105 ], [ 14.032208797000123, 46.488599559000136 ], [ 14.032624812000165, 46.489053884000157 ], [ 14.032614679000119, 46.48920851500003 ], [ 14.032646533000104, 46.489417231000061 ], [ 14.032789218000062, 46.489756265000096 ], [ 14.033245237000074, 46.489956628000016 ], [ 14.033376658000179, 46.490158616000031 ], [ 14.03338924000019, 46.490266054000074 ], [ 14.033505899000147, 46.490332575000139 ], [ 14.03366665100009, 46.49042423200018 ], [ 14.034011333000024, 46.490576510000153 ], [ 14.034368863000111, 46.490826055000127 ], [ 14.034526860000142, 46.490976956000111 ], [ 14.034919611000021, 46.491158986000073 ], [ 14.03513349300016, 46.491350210000064 ], [ 14.035389001000169, 46.491415040999982 ], [ 14.03577969100013, 46.491345613000135 ], [ 14.036246808000158, 46.491404553000052 ], [ 14.03653953100013, 46.49169857600009 ], [ 14.036694659000034, 46.491898975000083 ], [ 14.03674042200015, 46.492075844000055 ], [ 14.036763100000087, 46.492075705000161 ], [ 14.037062210000158, 46.492065498000102 ], [ 14.037085947000037, 46.492073719000132 ], [ 14.038010642000074, 46.492393898000103 ], [ 14.03839221000004, 46.492374271000131 ], [ 14.039050936000024, 46.492571922000081 ], [ 14.039177557000073, 46.492763047000153 ], [ 14.040195233000077, 46.493044666000117 ], [ 14.040838696000151, 46.493179331000135 ], [ 14.041324493000104, 46.493401071 ], [ 14.041685845000131, 46.493288899000163 ], [ 14.04196298800008, 46.493202871000165 ], [ 14.042553953000038, 46.49324698200013 ], [ 14.043341459000033, 46.493127745000152 ], [ 14.044670197000187, 46.492895463000082 ], [ 14.044886832000088, 46.492934962000106 ], [ 14.045481412000072, 46.492826806000039 ], [ 14.045834921999983, 46.492803372000026 ], [ 14.046744928000123, 46.492897926000069 ], [ 14.046984536000082, 46.492880956000079 ], [ 14.047074569000131, 46.492991777999976 ], [ 14.04731873500009, 46.493032645000085 ], [ 14.0474450910001, 46.493053794000161 ], [ 14.048318398000106, 46.492971773000193 ], [ 14.048713038000074, 46.49303498400019 ], [ 14.048847415000125, 46.493039145000068 ], [ 14.049824966000074, 46.49306944600005 ], [ 14.050553351000019, 46.493092015 ], [ 14.05084821100013, 46.493343881999976 ], [ 14.051515159000019, 46.493568040000071 ], [ 14.052117421000162, 46.493529259000127 ], [ 14.052383582000061, 46.493441394000058 ], [ 14.052481363000027, 46.493111219000184 ] ] ] ] } },
{ "type": "Feature", "properties": { "fid": 7, "GID_2": "SVN.1.7_1", "GID_0": "SVN", "COUNTRY": "Slovenia", "GID_1": "SVN.1_1", "NAME_1": "Gorenjska", "NL_NAME_1": "NA", "NAME_2": "Kranj", "VARNAME_2": "NA", "NL_NAME_2": "NA", "TYPE_2": "Opcine", "ENGTYPE_2": "Commune|Municipality", "CC_2": "NA", "HASC_2": "SI.GO.KR" }, "geometry": { "type": "MultiPolygon", "coordinates": [ [ [ [ 14.262028693000104, 46.2710495 ], [ 14.267141343, 46.271057128000109 ], [ 14.297796249000157, 46.267532348000145 ], [ 14.297777176000068, 46.263977051000097 ], [ 14.308000565000157, 46.263988494000046 ], [ 14.313054084000044, 46.253326417000096 ], [ 14.31816864100017, 46.253334045000031 ], [ 14.323281288000146, 46.253337860000045 ], [ 14.333637238000108, 46.278236389000028 ], [ 14.3183012, 46.27822113100018 ], [ 14.318340302000081, 46.285331727000028 ], [ 14.303022384000087, 46.288871765000181 ], [ 14.303059578000159, 46.295982361000029 ], [ 14.31843471600007, 46.303108215 ], [ 14.318471908000106, 46.310222626000098 ], [ 14.318491935999987, 46.313777925000181 ], [ 14.318511010000179, 46.317333221000183 ], [ 14.323622704000172, 46.317337037000129 ], [ 14.323681832000091, 46.328002929000149 ], [ 14.323699951000037, 46.331558228000063 ], [ 14.323720932000128, 46.335113525000168 ], [ 14.333943368, 46.335124970000095 ], [ 14.344166755000117, 46.3351364130001 ], [ 14.344223977000013, 46.345802308000032 ], [ 14.349337577000028, 46.34580993600008 ], [ 14.349355698000181, 46.349365235 ], [ 14.37491703, 46.349391938000167 ], [ 14.38001060400012, 46.34584045500003 ], [ 14.395367622000151, 46.349411012000189 ], [ 14.390121460000046, 46.324520111000083 ], [ 14.385008811000034, 46.324512482999978 ], [ 14.384913444000063, 46.306735992000085 ], [ 14.379800797000087, 46.306728364000151 ], [ 14.379780769000035, 46.303173065000067 ], [ 14.379761695000013, 46.299617769000065 ], [ 14.37465000100002, 46.299613953000119 ], [ 14.369538308000131, 46.299610138000048 ], [ 14.369556427000134, 46.303165435000153 ], [ 14.364443780000158, 46.303157807000048 ], [ 14.364425659000176, 46.299602508000135 ], [ 14.364369391000139, 46.288936616000115 ], [ 14.369481086, 46.288940431000185 ], [ 14.369461060000162, 46.285385132000101 ], [ 14.36944198599997, 46.281829835000167 ], [ 14.374554634000049, 46.281837463000102 ], [ 14.374572754000155, 46.285392762000185 ], [ 14.384817124000051, 46.288959504000047 ], [ 14.395042419000106, 46.288967132000153 ], [ 14.400154113000099, 46.288974762000066 ], [ 14.410360336, 46.28543090900007 ], [ 14.405208587000175, 46.278312683000138 ], [ 14.405191422000087, 46.274757386000033 ], [ 14.400078774, 46.27475357100019 ], [ 14.394927978000169, 46.267635345000087 ], [ 14.394908905000079, 46.264080048000153 ], [ 14.394870758000025, 46.256969453000067 ], [ 14.399983405000057, 46.256973268000138 ], [ 14.399944306000066, 46.24986267200012 ], [ 14.394831657999987, 46.249858857000049 ], [ 14.38962364200006, 46.232074739000154 ], [ 14.379400253000142, 46.232063293000067 ], [ 14.369118691000153, 46.22138595600012 ], [ 14.384415626000077, 46.214290618000121 ], [ 14.39963912900015, 46.192974091000053 ], [ 14.39962005600006, 46.189418793000186 ], [ 14.399581909, 46.182308197 ], [ 14.414840699000081, 46.16810226400014 ], [ 14.399485589000051, 46.164531709000187 ], [ 14.399468421000051, 46.160976410000103 ], [ 14.389241219000098, 46.160964966000051 ], [ 14.384131432000174, 46.160961151000151 ], [ 14.379113197000038, 46.17873382700003 ], [ 14.363797187000046, 46.18227005000017 ], [ 14.358682632000068, 46.1822662350001 ], [ 14.353572845000144, 46.182262422000065 ], [ 14.35360908500013, 46.189373018000083 ], [ 14.348497390000034, 46.189365387000066 ], [ 14.343384743000058, 46.189361572000166 ], [ 14.338273048000133, 46.189353942000082 ], [ 14.328048707000164, 46.189346314000147 ], [ 14.322994232000042, 46.200004578000062 ], [ 14.312768936000055, 46.199993133000078 ], [ 14.307657241000129, 46.199989320000043 ], [ 14.302544593999983, 46.199985504999972 ], [ 14.302562713000157, 46.203540802000077 ], [ 14.297451020000096, 46.203533173999972 ], [ 14.292339326000103, 46.203529359000129 ], [ 14.287226675999989, 46.203521728000112 ], [ 14.287265778000062, 46.210636139000144 ], [ 14.282154084000069, 46.21062850900006 ], [ 14.27703857400013, 46.210624696000025 ], [ 14.271929742000168, 46.210617066000111 ], [ 14.261702538000065, 46.21060943599997 ], [ 14.26172447099998, 46.214164734000178 ], [ 14.261741637000171, 46.217720031000113 ], [ 14.271984100000054, 46.221286773000145 ], [ 14.272023201000025, 46.228397369000163 ], [ 14.272044182000059, 46.231952668000076 ], [ 14.266967774000136, 46.239055633000078 ], [ 14.2465200420001, 46.239036560000159 ], [ 14.241407394000191, 46.239028932000053 ], [ 14.236294747000045, 46.23902511700004 ], [ 14.236315728000079, 46.242580414000088 ], [ 14.236333847000083, 46.246135712000125 ], [ 14.231222152000157, 46.246131897000055 ], [ 14.226110458000164, 46.246124267000141 ], [ 14.220997810000085, 46.246120452000071 ], [ 14.215886116000092, 46.246112824000193 ], [ 14.210774421, 46.246109009000122 ], [ 14.200547217000064, 46.246097566000174 ], [ 14.200586319000138, 46.253208161000089 ], [ 14.190361977000066, 46.253196716000105 ], [ 14.18025112100014, 46.274520875000121 ], [ 14.180272102000174, 46.278076172 ], [ 14.200719833000164, 46.278099060000159 ], [ 14.205831527000157, 46.278102875000172 ], [ 14.216056824000191, 46.278114319000053 ], [ 14.221169471000167, 46.278118134000124 ], [ 14.221150398000134, 46.27456283500004 ], [ 14.226243974, 46.27101516800019 ], [ 14.262028693000104, 46.2710495 ] ] ] ] } },
{ "type": "Feature", "properties": { "fid": 8, "GID_2": "SVN.1.8_1", "GID_0": "SVN", "COUNTRY": "Slovenia", "GID_1": "SVN.1_1", "NAME_1": "Gorenjska", "NL_NAME_1": "NA", "NAME_2": "Kranjska Gora", "VARNAME_2": "NA", "NL_NAME_2": "NA", "TYPE_2": "Opcine", "ENGTYPE_2": "Commune|Municipality", "CC_2": "NA", "HASC_2": "SI.GO.KG" }, "geometry": { "type": "MultiPolygon", "coordinates": [ [ [ [ 13.72282407900002, 46.523644942000146 ], [ 13.72354970300006, 46.523498878000112 ], [ 13.724364520000051, 46.523467809000124 ], [ 13.72443606000013, 46.523465081000097 ], [ 13.725241718000177, 46.523501640000177 ], [ 13.725362920000066, 46.523526540000091 ], [ 13.725485952000099, 46.523551816000065 ], [ 13.726010913000096, 46.52350673899997 ], [ 13.726548252999976, 46.523533414000156 ], [ 13.72694854100007, 46.522847821000028 ], [ 13.726946331000079, 46.522754037000084 ], [ 13.726937829000065, 46.522393242000135 ], [ 13.728620303000184, 46.521624501000019 ], [ 13.729488789000129, 46.521234717000141 ], [ 13.730108643000051, 46.520889696000097 ], [ 13.731085839000059, 46.520538031 ], [ 13.731108055000163, 46.520530035999968 ], [ 13.732230079999965, 46.520239037000181 ], [ 13.732486644000062, 46.520140813000182 ], [ 13.733035251999979, 46.519930780000152 ], [ 13.733472731000063, 46.519674547000193 ], [ 13.733760394000115, 46.51935711800013 ], [ 13.734228137, 46.518946029000119 ], [ 13.734726453000064, 46.518634606000035 ], [ 13.735361512000111, 46.518521714000087 ], [ 13.735994341000151, 46.518407387000138 ], [ 13.736561120000033, 46.518173809000189 ], [ 13.736880578000182, 46.518035209000061 ], [ 13.737272480000115, 46.517858925000041 ], [ 13.737696701000118, 46.51770007000016 ], [ 13.737967839000191, 46.517549041000166 ], [ 13.738117094000188, 46.517464932000053 ], [ 13.73876754600019, 46.517479633000107 ], [ 13.739105605000191, 46.517494809000141 ], [ 13.739586694000081, 46.517430752000053 ], [ 13.739838547999966, 46.517385862000083 ], [ 13.740107994000084, 46.517393451000089 ], [ 13.740530973000148, 46.517401393 ], [ 13.740612112, 46.517393979000133 ], [ 13.740651835000051, 46.51739034600007 ], [ 13.740764181000088, 46.517407940000112 ], [ 13.740925994000065, 46.517452888000093 ], [ 13.74123194100008, 46.517461244000117 ], [ 13.741323288000103, 46.51745938900001 ], [ 13.741435487000047, 46.517422731000181 ], [ 13.741618264000124, 46.517395268000143 ], [ 13.741748614000073, 46.51738049700009 ], [ 13.742121311000119, 46.517461578000109 ], [ 13.742279341000028, 46.517471000000171 ], [ 13.742835490000118, 46.517475309000076 ], [ 13.743179572000031, 46.517424862000098 ], [ 13.743324226000084, 46.517423355000062 ], [ 13.743525300000044, 46.51740293000006 ], [ 13.743756712000163, 46.517430441000101 ], [ 13.744289034000133, 46.517455250000125 ], [ 13.744609913000147, 46.517542716999969 ], [ 13.744754522000107, 46.517569638000168 ], [ 13.745215371000143, 46.517535590000193 ], [ 13.745805676000032, 46.517713312000183 ], [ 13.745884596, 46.517791481000131 ], [ 13.74605419, 46.51784764000007 ], [ 13.746239532000061, 46.517883679000136 ], [ 13.746352285000057, 46.51786869600005 ], [ 13.74682058500008, 46.517940419000013 ], [ 13.747040353000159, 46.517944393 ], [ 13.747446721000017, 46.517892629000187 ], [ 13.747929410000097, 46.517748280000035 ], [ 13.74803639300012, 46.517694450000192 ], [ 13.748234941000078, 46.517650365000179 ], [ 13.748272924000105, 46.517623596000192 ], [ 13.748463355000126, 46.51760905000009 ], [ 13.748544167000034, 46.517644204000135 ], [ 13.748759796000058, 46.517669755000043 ], [ 13.748827760000154, 46.517677813000148 ], [ 13.748859826000171, 46.517681934000052 ], [ 13.748975439000048, 46.517696800000067 ], [ 13.74911771100011, 46.517775906 ], [ 13.749146314000029, 46.517778717000169 ], [ 13.749184255000102, 46.517782448000048 ], [ 13.749257138000189, 46.517789614000094 ], [ 13.749525953000102, 46.517850445000079 ], [ 13.750195581000071, 46.517900279000116 ], [ 13.751260355000113, 46.518032878000156 ], [ 13.751639819000047, 46.51806750500009 ], [ 13.751905032000025, 46.518091699000138 ], [ 13.752121141999964, 46.518111422000061 ], [ 13.752132203000087, 46.518112577000068 ], [ 13.752281057000175, 46.518128200000035 ], [ 13.752321816000062, 46.518133818000138 ], [ 13.752334172000019, 46.518135518000122 ], [ 13.752443883000126, 46.518150636000087 ], [ 13.752722746000018, 46.518185358000153 ], [ 13.752941678000013, 46.518212617000188 ], [ 13.7533041370001, 46.518257744000095 ], [ 13.753410434000102, 46.518270978000146 ], [ 13.753478244000178, 46.518279285000176 ], [ 13.754475207000155, 46.518401477000168 ], [ 13.754619750000131, 46.518419029000029 ], [ 13.754828096000153, 46.518428787000119 ], [ 13.755304499000033, 46.518332923000173 ], [ 13.755949805000114, 46.518130692000057 ], [ 13.755965108000055, 46.518125894000036 ], [ 13.75598084000012, 46.518120977000081 ], [ 13.756501495000123, 46.518118783000034 ], [ 13.756556207000017, 46.518081692000067 ], [ 13.756866261000141, 46.518030792000161 ], [ 13.756908143000032, 46.518019957000035 ], [ 13.757156315000145, 46.517955762000156 ], [ 13.757486042000153, 46.517870869000149 ], [ 13.757551586000091, 46.517886011000144 ], [ 13.758168647000048, 46.517845574000091 ], [ 13.758468986000139, 46.517752779000148 ], [ 13.758806833000108, 46.51757320300004 ], [ 13.758982507000042, 46.517521716000147 ], [ 13.759232196000028, 46.517518718000076 ], [ 13.759317609000107, 46.517491409000172 ], [ 13.759454527000059, 46.51736863800005 ], [ 13.759518213000149, 46.517311533000054 ], [ 13.759918517000074, 46.517136309000136 ], [ 13.760275670000055, 46.517176273000075 ], [ 13.760559644000068, 46.517124829000068 ], [ 13.760802572000102, 46.517041150000125 ], [ 13.761322048000125, 46.516890038000099 ], [ 13.761418388999971, 46.516827239000122 ], [ 13.762085996000053, 46.516603864000047 ], [ 13.762389859999985, 46.516496920000066 ], [ 13.762484475000122, 46.516430438000043 ], [ 13.762912240000048, 46.516302065 ], [ 13.763190433999966, 46.51616309700006 ], [ 13.763748697000096, 46.515957936000063 ], [ 13.763854698000046, 46.515920919999985 ], [ 13.764288579000151, 46.515769397000156 ], [ 13.764711834000082, 46.515615753000077 ], [ 13.764894198000093, 46.515571340000065 ], [ 13.764986817000022, 46.515533113000174 ], [ 13.765033918000086, 46.515507043000127 ], [ 13.765066358000126, 46.515489088000152 ], [ 13.765121175000104, 46.515433460000168 ], [ 13.765251767000109, 46.515386498 ], [ 13.765614741000093, 46.515255976000049 ], [ 13.766127893000089, 46.51510018700003 ], [ 13.766658429000131, 46.515000112000052 ], [ 13.767066251000131, 46.514890423000111 ], [ 13.767498349000164, 46.515047400000014 ], [ 13.767683431000023, 46.515131808000092 ], [ 13.768240235000064, 46.515482463000069 ], [ 13.76826547200011, 46.515705401000048 ], [ 13.768388884000046, 46.515903765000076 ], [ 13.768440925000164, 46.515987418000179 ], [ 13.768485291000104, 46.515996003000112 ], [ 13.769098656000153, 46.516114740000035 ], [ 13.769800464000127, 46.516212560000156 ], [ 13.770556977000126, 46.516419840000083 ], [ 13.771002513000042, 46.51649434 ], [ 13.771306713000172, 46.516415352000081 ], [ 13.771534351000128, 46.516458476000082 ], [ 13.771690671000101, 46.516660218000084 ], [ 13.77199049800015, 46.516750387000172 ], [ 13.772668350000117, 46.516590880000194 ], [ 13.773186936, 46.516463289000058 ], [ 13.773205147, 46.516458811000177 ], [ 13.773382580000032, 46.516449986000111 ], [ 13.774379964000161, 46.516400395000176 ], [ 13.775077027000179, 46.516393656000048 ], [ 13.775199207000185, 46.51646893800006 ], [ 13.775769923000155, 46.516820582000037 ], [ 13.776057216000027, 46.517115650999983 ], [ 13.776615083000081, 46.517603823000059 ], [ 13.776717961000031, 46.517689795000081 ], [ 13.776950766000027, 46.517886286000078 ], [ 13.777084806000119, 46.517989771000032 ], [ 13.777404080000053, 46.517745434000176 ], [ 13.77831117900007, 46.517745507000086 ], [ 13.778782723000177, 46.517778490000069 ], [ 13.779224514000077, 46.517647663000162 ], [ 13.779411145000154, 46.51751998900005 ], [ 13.779444991999981, 46.517308248000063 ], [ 13.779353676000085, 46.516995151000174 ], [ 13.779357715000174, 46.516851634000091 ], [ 13.779315572000144, 46.516543203000083 ], [ 13.77942979900007, 46.516311715000086 ], [ 13.779600425000183, 46.51610816900012 ], [ 13.779859732000034, 46.515859561000184 ], [ 13.779898356000047, 46.515822523000111 ], [ 13.780008956000131, 46.515466891000187 ], [ 13.780193916000144, 46.515184295000097 ], [ 13.780278549000116, 46.514841 ], [ 13.780368964000047, 46.514678522000054 ], [ 13.780324972000187, 46.514590164000026 ], [ 13.780398426000033, 46.514409398000168 ], [ 13.780477465000104, 46.514178767000033 ], [ 13.780432327000085, 46.513410334000127 ], [ 13.780471154000168, 46.513314095000055 ], [ 13.780651903000148, 46.513059405000149 ], [ 13.780833333000032, 46.512681452000038 ], [ 13.780876795999973, 46.512499183000159 ], [ 13.781260621000058, 46.512408791000098 ], [ 13.781298996000089, 46.512400400000047 ], [ 13.781577765000179, 46.512339442000155 ], [ 13.781782268000143, 46.512280430000089 ], [ 13.781973249000032, 46.512225160000128 ], [ 13.78216942500012, 46.512167709000039 ], [ 13.78220852000004, 46.512167736000151 ], [ 13.782504019000044, 46.512065631000155 ], [ 13.783168974000091, 46.511917356000026 ], [ 13.783829682000089, 46.511728520000077 ], [ 13.784407590000114, 46.51166029400008 ], [ 13.784839052999985, 46.511391473000117 ], [ 13.784917725000128, 46.511341229000095 ], [ 13.785205773000143, 46.511157272000048 ], [ 13.785755623000171, 46.511085103000028 ], [ 13.78610498, 46.510800676000031 ], [ 13.78678334600005, 46.510497491000081 ], [ 13.78702393500015, 46.510250740000174 ], [ 13.787157146000027, 46.510066584000015 ], [ 13.787706235000087, 46.509545279000179 ], [ 13.788116727000101, 46.509249987000032 ], [ 13.788589222000041, 46.509014816000047 ], [ 13.789022071999966, 46.508760729000073 ], [ 13.789263987000027, 46.50864361400005 ], [ 13.789411992999987, 46.508593909000126 ], [ 13.789653557000122, 46.508512774000053 ], [ 13.789946885, 46.508370225000078 ], [ 13.790473762000033, 46.508114172000148 ], [ 13.790820273000179, 46.508008153000162 ], [ 13.791604043000177, 46.508175687000175 ], [ 13.792132332000108, 46.508271277000063 ], [ 13.792708316000187, 46.50830522200016 ], [ 13.792876942000078, 46.508167071000173 ], [ 13.793082646000073, 46.508114601999978 ], [ 13.793355734000102, 46.507847734000109 ], [ 13.793617944000118, 46.507604571000172 ], [ 13.793753484000149, 46.507298668000146 ], [ 13.793888343, 46.506865821000133 ], [ 13.793941894999989, 46.506806766000125 ], [ 13.794083157000159, 46.506650999000158 ], [ 13.79427675300019, 46.506431053000028 ], [ 13.794442417000027, 46.506097768000075 ], [ 13.794736510000121, 46.505882184000029 ], [ 13.795181609000053, 46.505726900000127 ], [ 13.795469657000126, 46.505705763000094 ], [ 13.795962494000094, 46.505786903000057 ], [ 13.79650354600011, 46.505960333000189 ], [ 13.796982466000145, 46.506212737000112 ], [ 13.797239763, 46.506237336000083 ], [ 13.797537565000141, 46.506397381000113 ], [ 13.797637704000181, 46.506451198000036 ], [ 13.797990082000183, 46.506532090000178 ], [ 13.798556188000134, 46.506708109000044 ], [ 13.798805729000094, 46.506787077000183 ], [ 13.799025508000057, 46.50685662799998 ], [ 13.799252020000154, 46.506831144000046 ], [ 13.799677251000105, 46.506928288000097 ], [ 13.800147563999985, 46.506842247000122 ], [ 13.800896690000172, 46.506918991000077 ], [ 13.802035017000094, 46.506978211000046 ], [ 13.802574303000142, 46.506958005000115 ], [ 13.802875218000111, 46.506902340000067 ], [ 13.803237860000081, 46.506933239000034 ], [ 13.804237647000093, 46.507124901000111 ], [ 13.804839126000047, 46.507289767000032 ], [ 13.805319154000131, 46.50739314100008 ], [ 13.805690220000145, 46.507403270000111 ], [ 13.806326783000145, 46.507420649000039 ], [ 13.806615294000096, 46.50739228499998 ], [ 13.807265538000081, 46.507214511000029 ], [ 13.807705077000151, 46.507112013000096 ], [ 13.807883152000045, 46.507001332000073 ], [ 13.808254002000183, 46.506875904000026 ], [ 13.808629941999982, 46.506748745000039 ], [ 13.808647240000028, 46.506746604000114 ], [ 13.809265529000072, 46.506670078000184 ], [ 13.809902647000058, 46.506557932000135 ], [ 13.809978901000136, 46.506549140000118 ], [ 13.81035746800012, 46.506505473000175 ], [ 13.81043926500007, 46.506498582000063 ], [ 13.811130769000044, 46.506440346000034 ], [ 13.811331178000046, 46.50640488900018 ], [ 13.811506762000022, 46.50637381700011 ], [ 13.811636130000068, 46.506381536000106 ], [ 13.811755602000176, 46.506388656000183 ], [ 13.812241143000108, 46.506417619 ], [ 13.812359195000113, 46.506447003000119 ], [ 13.812926736000065, 46.506588298000167 ], [ 13.813065359000063, 46.506728160000193 ], [ 13.81317626800012, 46.506840066000052 ], [ 13.813251523000019, 46.507070073000193 ], [ 13.813649285000054, 46.507152255000051 ], [ 13.813832377000153, 46.507183263000115 ], [ 13.814437243999976, 46.507285697000043 ], [ 13.814684720000059, 46.507391990000087 ], [ 13.814978005000057, 46.507476946000168 ], [ 13.815744731999985, 46.507772505000048 ], [ 13.816063284000052, 46.507987807000063 ], [ 13.816591213000152, 46.508420491000152 ], [ 13.816739305000112, 46.508559769000158 ], [ 13.816710962000172, 46.508890437000161 ], [ 13.816995386000087, 46.509032735 ], [ 13.816953695000109, 46.509299734000194 ], [ 13.816946310000105, 46.509347027000103 ], [ 13.817229827000062, 46.509753840000087 ], [ 13.817610343000069, 46.510033474000124 ], [ 13.81796076400002, 46.51029893000009 ], [ 13.818053064000026, 46.510493773000121 ], [ 13.818756985000107, 46.510548999000093 ], [ 13.81940808700017, 46.510701701000073 ], [ 13.819493736000027, 46.510733123000193 ], [ 13.819552817000044, 46.510754797000061 ], [ 13.820601671000134, 46.510677459000021 ], [ 13.821318665000149, 46.510824202000038 ], [ 13.821577089000186, 46.510898133000182 ], [ 13.821653956999967, 46.511099967000177 ], [ 13.821660565000172, 46.511190269 ], [ 13.82168810700017, 46.511566404000121 ], [ 13.821777894000036, 46.511842676000072 ], [ 13.821877458000074, 46.51207829700013 ], [ 13.821937128000059, 46.51221950900009 ], [ 13.821972143000039, 46.51233137100013 ], [ 13.822023046000083, 46.512383751000186 ], [ 13.822313730000133, 46.512682862000133 ], [ 13.822509614000182, 46.512931511000033 ], [ 13.822795197000062, 46.513082787000087 ], [ 13.823205158000178, 46.513225252999973 ], [ 13.823745404000078, 46.513378136000142 ], [ 13.824123508000127, 46.513382952000143 ], [ 13.824564297000109, 46.513388567000163 ], [ 13.824898372000121, 46.513453530000163 ], [ 13.825451464000025, 46.513484080000183 ], [ 13.826015264000148, 46.513545622000095 ], [ 13.826380710000024, 46.513635186000045 ], [ 13.826773857000148, 46.513761518000024 ], [ 13.827822040000058, 46.51397849600005 ], [ 13.828355907000116, 46.514517443000159 ], [ 13.828645664000021, 46.514700654000137 ], [ 13.828907344000186, 46.514866117000054 ], [ 13.829542348000132, 46.515331745000026 ], [ 13.829810222999981, 46.515452582000137 ], [ 13.829920506000178, 46.515653185000133 ], [ 13.82973577100006, 46.516006756000195 ], [ 13.829526636000082, 46.516440597000098 ], [ 13.829442985000185, 46.516855295000141 ], [ 13.829431365000119, 46.516912900000193 ], [ 13.829348630000084, 46.517316503000131 ], [ 13.830038071000047, 46.517674019000026 ], [ 13.830217337000136, 46.517809643000078 ], [ 13.830305659000146, 46.51787645800016 ], [ 13.830793124000081, 46.518593555000052 ], [ 13.83202651400012, 46.519055576000028 ], [ 13.833024248000072, 46.519087389000106 ], [ 13.833314636000125, 46.519059794000043 ], [ 13.834150649000151, 46.518980347000081 ], [ 13.835064548000162, 46.518810799000107 ], [ 13.835025128000098, 46.518407908000086 ], [ 13.835500327999966, 46.518041087000029 ], [ 13.835843042000079, 46.517653253000105 ], [ 13.836203820000094, 46.517359266000028 ], [ 13.837001417000124, 46.517004697000061 ], [ 13.837418203000141, 46.516806817000031 ], [ 13.838217397000165, 46.516542020000088 ], [ 13.838350843, 46.5164986690001 ], [ 13.838462198000059, 46.51646248600008 ], [ 13.838659330000041, 46.516414651000105 ], [ 13.839535295000132, 46.516320269000119 ], [ 13.840127432000031, 46.516355074000046 ], [ 13.840790819000119, 46.51617561300003 ], [ 13.841007089000072, 46.516083874000174 ], [ 13.842198797000094, 46.516251950000026 ], [ 13.842696156000102, 46.516339076000122 ], [ 13.843604017000189, 46.516130529 ], [ 13.844710633999966, 46.515812673000028 ], [ 13.84522174500006, 46.515615603000072 ], [ 13.845273580000026, 46.515585501000032 ], [ 13.845681889000161, 46.515348402000086 ], [ 13.846064198000079, 46.515189422000049 ], [ 13.846482758000036, 46.515060446000064 ], [ 13.846748889000139, 46.514978432000191 ], [ 13.847046595000108, 46.514997248000157 ], [ 13.84765349700001, 46.514843552000059 ], [ 13.848110440000085, 46.514777708999986 ], [ 13.848538925000128, 46.514637946000107 ], [ 13.849204643000121, 46.514558292000061 ], [ 13.849925707000068, 46.514694670000154 ], [ 13.850390941000057, 46.514637686000071 ], [ 13.851411373000076, 46.514761635000127 ], [ 13.852112004000048, 46.514776724 ], [ 13.852260902000125, 46.514825082000129 ], [ 13.852777556000092, 46.514871591000144 ], [ 13.854104073000144, 46.514689579000162 ], [ 13.854185321000102, 46.51457278800018 ], [ 13.854343422000113, 46.514506660000052 ], [ 13.854621914000063, 46.514424185000053 ], [ 13.854663370000139, 46.514411904000042 ], [ 13.85476381400008, 46.514421973000083 ], [ 13.854962187000069, 46.514424217000055 ], [ 13.855441290000044, 46.514346637000074 ], [ 13.855889365000053, 46.514308692000043 ], [ 13.856021855, 46.514249337000194 ], [ 13.856222994000063, 46.514322733000029 ], [ 13.856554727000059, 46.514397240000051 ], [ 13.856865133000156, 46.514381424000192 ], [ 13.857012308000151, 46.514304277000122 ], [ 13.85725047800014, 46.514365895000026 ], [ 13.857777735000184, 46.514403874999971 ], [ 13.858767572999966, 46.514489122000043 ], [ 13.859188906000099, 46.514610804000142 ], [ 13.85937531400009, 46.514642516000094 ], [ 13.859445754000035, 46.514757532000033 ], [ 13.859702829000128, 46.514886896000064 ], [ 13.85989547000014, 46.514902924000182 ], [ 13.860173179000128, 46.514996112000063 ], [ 13.860553675000176, 46.515152706000038 ], [ 13.860837954000147, 46.515332324000155 ], [ 13.861053850000076, 46.515434523000181 ], [ 13.861133590000065, 46.515513418000069 ], [ 13.861362945000167, 46.515740343000061 ], [ 13.861623238000107, 46.51567661200005 ], [ 13.861708205000127, 46.515541535000125 ], [ 13.862209514000142, 46.515536249000093 ], [ 13.862244312000144, 46.515508288000149 ], [ 13.862317751000091, 46.51544928800007 ], [ 13.862777079000068, 46.515455737000138 ], [ 13.863108540000098, 46.515460384000107 ], [ 13.86318195900003, 46.515503948000173 ], [ 13.863767225000117, 46.51585121800008 ], [ 13.863962211000114, 46.516187879000142 ], [ 13.864284364000184, 46.516333574000043 ], [ 13.864697914000146, 46.516429541000093 ], [ 13.864877990000082, 46.516626277 ], [ 13.865272840000102, 46.516915762000053 ], [ 13.865923308000106, 46.517369152000128 ], [ 13.866627505000167, 46.517718371000115 ], [ 13.866675624000152, 46.517856266000081 ], [ 13.866680069000097, 46.517869005000193 ], [ 13.867777438000189, 46.518399201000136 ], [ 13.868179581000163, 46.518393003000028 ], [ 13.869305108000106, 46.518656203000091 ], [ 13.869364867000172, 46.518651874 ], [ 13.869544097000073, 46.518638889000101 ], [ 13.86990180700019, 46.51879231900017 ], [ 13.870145149000109, 46.518882719000032 ], [ 13.870463119000078, 46.519000843000185 ], [ 13.870653319000041, 46.51903306000014 ], [ 13.870713778000152, 46.519043301000181 ], [ 13.870729195000081, 46.519055508000179 ], [ 13.870876663000047, 46.519172272000105 ], [ 13.87095929000003, 46.519198280000126 ], [ 13.871899707000125, 46.51949431900016 ], [ 13.872177112000088, 46.519592068000179 ], [ 13.872471644000086, 46.519571009000117 ], [ 13.872754999, 46.519550748000142 ], [ 13.87317909900014, 46.519549827000162 ], [ 13.874104904000092, 46.519330427000114 ], [ 13.874457372999984, 46.519348193000155 ], [ 13.874807281000187, 46.519226158000095 ], [ 13.875114613000051, 46.519134823000115 ], [ 13.875324469000191, 46.519176115000164 ], [ 13.875532364000037, 46.519098745000122 ], [ 13.875769885000068, 46.519195686000046 ], [ 13.876189069000134, 46.519238052000048 ], [ 13.876955210000176, 46.519528218000062 ], [ 13.87789494600014, 46.51988411200017 ], [ 13.878430822000041, 46.519760550000115 ], [ 13.87881899700011, 46.519816280999976 ], [ 13.879012769000155, 46.51973446500017 ], [ 13.879110108000134, 46.519693361000122 ], [ 13.879534897000042, 46.519513986000106 ], [ 13.880117477000056, 46.519772294000177 ], [ 13.880263806000187, 46.519880368000031 ], [ 13.880319836000012, 46.519921755000041 ], [ 13.880593472000101, 46.520123868000155 ], [ 13.881079055000043, 46.52063769800003 ], [ 13.881069048000029, 46.521029744000145 ], [ 13.881160781000062, 46.521221749000119 ], [ 13.881442935000166, 46.521426247000136 ], [ 13.881791153, 46.521991385000035 ], [ 13.881727473000069, 46.522048822000045 ], [ 13.882006809000075, 46.522115139000107 ], [ 13.882155141999988, 46.522245153000028 ], [ 13.882169052999984, 46.522439211000119 ], [ 13.882188808000137, 46.522714812000117 ], [ 13.882528678000028, 46.523044988000038 ], [ 13.882722736000062, 46.523159036999971 ], [ 13.883175322000056, 46.52295569100005 ], [ 13.883413498000039, 46.522972629000037 ], [ 13.88352490300008, 46.522904256000118 ], [ 13.883592355000189, 46.522860144000049 ], [ 13.883629400000132, 46.522835917000066 ], [ 13.883717133, 46.522721054000101 ], [ 13.883950175000109, 46.522668470000156 ], [ 13.884056014000066, 46.52261685700006 ], [ 13.88409168000004, 46.522573501000068 ], [ 13.884217152000076, 46.522555982000085 ], [ 13.884332237000137, 46.522426322000058 ], [ 13.884538288000044, 46.522385922000069 ], [ 13.884676860000127, 46.52237481800006 ], [ 13.88481940600019, 46.522383037999987 ], [ 13.885011118000079, 46.522278019000112 ], [ 13.88515964100003, 46.52228441 ], [ 13.885281828000075, 46.522225700000149 ], [ 13.885369766000053, 46.522208721000084 ], [ 13.885521843000106, 46.522205648000067 ], [ 13.885591800000157, 46.522189206000121 ], [ 13.885723619000146, 46.522090592000154 ], [ 13.885871737000116, 46.522044263000112 ], [ 13.88593641600005, 46.522034414000132 ], [ 13.88603600700003, 46.522061193000127 ], [ 13.886178752000035, 46.522076247000086 ], [ 13.886357908000093, 46.522082939000143 ], [ 13.88642237900001, 46.52201398 ], [ 13.886512300000106, 46.521974050000097 ], [ 13.886644726000043, 46.521909891 ], [ 13.886870936000093, 46.521852565000074 ], [ 13.886994280000181, 46.521869602000152 ], [ 13.887276224000061, 46.521678942 ], [ 13.887504961000104, 46.521524256000191 ], [ 13.888039230000118, 46.521397058000161 ], [ 13.888236647000042, 46.521354085000041 ], [ 13.888634797000122, 46.521401726000192 ], [ 13.888760989000104, 46.521340114000054 ], [ 13.88893127100016, 46.521294752000188 ], [ 13.88898955600007, 46.521297078000032 ], [ 13.889013598000133, 46.5212902130001 ], [ 13.889311129000134, 46.521184763000065 ], [ 13.889421068000104, 46.521165425000049 ], [ 13.889521350000052, 46.521183291000114 ], [ 13.889778958000022, 46.521125178000034 ], [ 13.889919719000034, 46.521150314000124 ], [ 13.89007745400005, 46.521127234000176 ], [ 13.890154775000099, 46.521142962000056 ], [ 13.890350293000154, 46.521143990000155 ], [ 13.890427402000057, 46.521164576000103 ], [ 13.890494494000052, 46.521186923000073 ], [ 13.890554013000099, 46.52124610300018 ], [ 13.890616499000146, 46.5213151640001 ], [ 13.890630721999969, 46.521342176000019 ], [ 13.89077366700019, 46.521338510000078 ], [ 13.890863748000072, 46.521314680000046 ], [ 13.890903973000093, 46.521335446000194 ], [ 13.89100222999997, 46.521333528000014 ], [ 13.891109878000179, 46.521383295000135 ], [ 13.891207365000184, 46.5214718900001 ], [ 13.891371366000158, 46.521526151000046 ], [ 13.891499581, 46.52154774800016 ], [ 13.891564320000157, 46.521594756000127 ], [ 13.891671600000109, 46.521544930000118 ], [ 13.89177567400003, 46.521576541000172 ], [ 13.891952864000132, 46.521569557000134 ], [ 13.891997048000064, 46.521594803000085 ], [ 13.892101844000024, 46.521595191000074 ], [ 13.892442939000091, 46.521582188000025 ], [ 13.892673456000068, 46.521513404000189 ], [ 13.892760828000178, 46.521528396000178 ], [ 13.893115956000088, 46.521589333000122 ], [ 13.893496453000012, 46.521440640000037 ], [ 13.893622360000052, 46.521340706000103 ], [ 13.893794710000122, 46.521203908000132 ], [ 13.894431360000056, 46.520882116000166 ], [ 13.894690967000088, 46.520904864000101 ], [ 13.89470864700013, 46.52082443400019 ], [ 13.894771886000115, 46.520788946000096 ], [ 13.894852926999988, 46.520786209000107 ], [ 13.894903259999978, 46.520775705000176 ], [ 13.894897818000061, 46.520753509000087 ], [ 13.895051264000188, 46.520643532000122 ], [ 13.895233188000134, 46.520590367000068 ], [ 13.895313708, 46.520587542000101 ], [ 13.895410991000176, 46.520567334000077 ], [ 13.895425948000081, 46.520564228000126 ], [ 13.895463169000038, 46.520571513000107 ], [ 13.895496994000098, 46.520540036999989 ], [ 13.895564345000082, 46.520536827000114 ], [ 13.895674944000064, 46.520455581000135 ], [ 13.89574294, 46.52037589400004 ], [ 13.895810796000148, 46.520358466000175 ], [ 13.895855032000043, 46.520287802000041 ], [ 13.895947704999969, 46.520262875000185 ], [ 13.895933228000104, 46.520198887000049 ], [ 13.895950381000034, 46.520155978000105 ], [ 13.896072795000066, 46.520057669000096 ], [ 13.896179136000057, 46.519867130000193 ], [ 13.896250456000075, 46.519844467000041 ], [ 13.896263966000163, 46.519840171 ], [ 13.896396369000172, 46.519712303000119 ], [ 13.896618708000176, 46.51966055600019 ], [ 13.896702093000044, 46.519657716000097 ], [ 13.896785092000073, 46.519655417000195 ], [ 13.896989891999965, 46.519596558000046 ], [ 13.897027721000029, 46.519574509000051 ], [ 13.897402993000128, 46.519641126000181 ], [ 13.897490916000038, 46.519648610000047 ], [ 13.897614631000067, 46.519613451000112 ], [ 13.897738164000089, 46.519611222000151 ], [ 13.897770360000095, 46.519598827000095 ], [ 13.897918659000027, 46.519546453000032 ], [ 13.897944398999982, 46.519514837000088 ], [ 13.89810947400008, 46.519534355000133 ], [ 13.898156846000063, 46.519552744000123 ], [ 13.898399219000169, 46.519485060000193 ], [ 13.898560973000031, 46.519548859000054 ], [ 13.898861999000076, 46.519581919000132 ], [ 13.899139675000129, 46.519663408000042 ], [ 13.89954090700013, 46.51960654100003 ], [ 13.899617616000171, 46.519513133000146 ], [ 13.899706215000094, 46.519485254000074 ], [ 13.89983286, 46.519468972000141 ], [ 13.899912740000048, 46.519442395000169 ], [ 13.900043878000076, 46.519469546000153 ], [ 13.900382863000118, 46.519392922000065 ], [ 13.900465101, 46.51940511000015 ], [ 13.900604395000187, 46.519439507000072 ], [ 13.900865673000112, 46.51939799500019 ], [ 13.900986681000177, 46.519503648000125 ], [ 13.901018793, 46.519533448000118 ], [ 13.90119173, 46.519531690000179 ], [ 13.901179046000038, 46.519415243000026 ], [ 13.901469331000158, 46.519267961000082 ], [ 13.901643686000114, 46.519264936000127 ], [ 13.901961197000162, 46.519191742000089 ], [ 13.902130126000031, 46.519218253000076 ], [ 13.902260071000057, 46.519268439000143 ], [ 13.902552156000127, 46.519506215000092 ], [ 13.902822394000111, 46.519423987000039 ], [ 13.902969363000125, 46.519444488000033 ], [ 13.903128669000125, 46.519485440000039 ], [ 13.903542309000102, 46.519468984000127 ], [ 13.903587881000135, 46.519452113000057 ], [ 13.903621766000185, 46.519427112000017 ], [ 13.903978455000129, 46.519373871000141 ], [ 13.904059678000181, 46.519376254000065 ], [ 13.904224112000065, 46.51930939600004 ], [ 13.904657927000187, 46.519265664000159 ], [ 13.904681316999984, 46.51927148600015 ], [ 13.904781451000133, 46.519324787000187 ], [ 13.904904447000149, 46.519333439000036 ], [ 13.904951603000143, 46.519368382000152 ], [ 13.905021614000191, 46.519370461000051 ], [ 13.90509669700009, 46.519408593000037 ], [ 13.905182855000078, 46.519396916 ], [ 13.905446090000112, 46.519492497000044 ], [ 13.905626768000161, 46.519470810000087 ], [ 13.905865795000125, 46.519631559000175 ], [ 13.906020450000028, 46.519626646 ], [ 13.906062261000045, 46.51966125500013 ], [ 13.90612454800015, 46.519622886000093 ], [ 13.906267602000071, 46.519617671000105 ], [ 13.906471061000104, 46.519705002000137 ], [ 13.906507335000072, 46.51974620600015 ], [ 13.906732577000071, 46.519698833000064 ], [ 13.906814119000046, 46.519719027000122 ], [ 13.906914558000096, 46.519751452000037 ], [ 13.907010848000084, 46.519736394000063 ], [ 13.907122709000191, 46.519790445000183 ], [ 13.907196607000117, 46.519826152000178 ], [ 13.907247876000156, 46.519793416000141 ], [ 13.907321640000077, 46.519792955000185 ], [ 13.907335053, 46.519789379000088 ], [ 13.907403131000137, 46.519771224000067 ], [ 13.907458901000155, 46.519708055000081 ], [ 13.907523094, 46.519739222000112 ], [ 13.907690472000183, 46.519787595000082 ], [ 13.907763905000138, 46.51980881999998 ], [ 13.907940494000115, 46.519906359000174 ], [ 13.90800202600002, 46.519907580000165 ], [ 13.908295781000106, 46.520016855000051 ], [ 13.908600599000067, 46.520173759000102 ], [ 13.908684867000147, 46.520242252000173 ], [ 13.908722344000125, 46.520323037000026 ], [ 13.908857357000045, 46.520383176000109 ], [ 13.908936045000132, 46.520404643000177 ], [ 13.90899644600006, 46.520372850000115 ], [ 13.909199965000141, 46.520477450000101 ], [ 13.909257124000135, 46.520558134000169 ], [ 13.909277298000063, 46.520666626000093 ], [ 13.909397838000075, 46.52072611900013 ], [ 13.909452418000114, 46.52078486400012 ], [ 13.909548609000183, 46.520920593000085 ], [ 13.909560122000187, 46.520954888000119 ], [ 13.909579695000104, 46.52101319500008 ], [ 13.909785038000109, 46.52101881800013 ], [ 13.910024687000146, 46.521064034000119 ], [ 13.910082792000082, 46.52104925600014 ], [ 13.910361417000104, 46.521021131000055 ], [ 13.910567375000085, 46.521047981000095 ], [ 13.910815556000102, 46.521049518000154 ], [ 13.910878831000105, 46.521079788000179 ], [ 13.911019733000046, 46.520994325000117 ], [ 13.911142511000094, 46.520969773000047 ], [ 13.91141951700007, 46.52120679300009 ], [ 13.911461792000125, 46.521211077000089 ], [ 13.911612663000085, 46.521291287000167 ], [ 13.911711254000181, 46.521333273000096 ], [ 13.911737309000102, 46.521344369000133 ], [ 13.912020601999984, 46.5214119420001 ], [ 13.912072867000177, 46.521460982000121 ], [ 13.912430326000162, 46.521492011000078 ], [ 13.912714914000048, 46.521521970000151 ], [ 13.912796676000085, 46.521513278000157 ], [ 13.913064112000029, 46.52146244000005 ], [ 13.913262823000025, 46.521334666000143 ], [ 13.913442106000048, 46.521279685000081 ], [ 13.913723774000061, 46.521317033000173 ], [ 13.913915836000115, 46.521225909000123 ], [ 13.914100676000146, 46.521203378000109 ], [ 13.914350900000102, 46.521127522000029 ], [ 13.914538684000149, 46.521002141000054 ], [ 13.914942060000158, 46.520951416000059 ], [ 13.915125792000083, 46.520947153000122 ], [ 13.915567972000076, 46.520795464000116 ], [ 13.915717240000163, 46.520747538000023 ], [ 13.915932708000014, 46.52067835600019 ], [ 13.916041291000056, 46.520581896000181 ], [ 13.9161768190001, 46.520482239000046 ], [ 13.916391864, 46.520383885000058 ], [ 13.916717846000154, 46.520299540999986 ], [ 13.917123270000161, 46.520197247000056 ], [ 13.917274280000186, 46.520204754000076 ], [ 13.917585992000056, 46.52015124899998 ], [ 13.91793330600018, 46.519978173000084 ], [ 13.918172578999986, 46.519903175000081 ], [ 13.918482335000078, 46.519971227000042 ], [ 13.91866746900007, 46.519952286000148 ], [ 13.918750303000024, 46.519948225000064 ], [ 13.919231005000029, 46.519924659000083 ], [ 13.919475512000076, 46.519948778000014 ], [ 13.91970879400003, 46.519946953000158 ], [ 13.919761586000106, 46.519935345000079 ], [ 13.919841923000092, 46.519891631000178 ], [ 13.919912801000123, 46.519853058000081 ], [ 13.920091293000155, 46.51985889000008 ], [ 13.920227887000067, 46.519871234 ], [ 13.920505638000066, 46.519944304000035 ], [ 13.92091513600019, 46.519720427000038 ], [ 13.920944367, 46.519704442000091 ], [ 13.921103641000059, 46.519571818000088 ], [ 13.921267734000025, 46.519584110000039 ], [ 13.921508065000125, 46.519486967000091 ], [ 13.921661875000041, 46.519476190000034 ], [ 13.921822355000188, 46.519395291000137 ], [ 13.922084687000051, 46.519380356000056 ], [ 13.922115695000116, 46.519379297000057 ], [ 13.922278511000115, 46.519309542000087 ], [ 13.922309337000172, 46.519279602999973 ], [ 13.922473290000141, 46.519206603000157 ], [ 13.922916218000182, 46.519163295000169 ], [ 13.923375043000021, 46.519119813000088 ], [ 13.92360592100016, 46.519076966 ], [ 13.923703099000022, 46.519084201000169 ], [ 13.923895205000122, 46.519023650000065 ], [ 13.924121618000072, 46.518725222000057 ], [ 13.924565526000038, 46.518496385000049 ], [ 13.924713109000095, 46.518356619000031 ], [ 13.924987088000137, 46.518166536000194 ], [ 13.925264596000147, 46.517929470000126 ], [ 13.925773543999981, 46.517642262000152 ], [ 13.926006184000073, 46.517486398000017 ], [ 13.926158981000185, 46.517359290000172 ], [ 13.926169581000181, 46.51715950199997 ], [ 13.926383900000019, 46.516865450000182 ], [ 13.926562930000102, 46.51671796200003 ], [ 13.926604208000128, 46.516651088 ], [ 13.926798706000056, 46.516335987000161 ], [ 13.927083916000072, 46.516125688000102 ], [ 13.927188025000078, 46.515920286000153 ], [ 13.927397879000182, 46.515564177000044 ], [ 13.927597924000111, 46.515217114000052 ], [ 13.927622803000133, 46.515187295000146 ], [ 13.927874505000034, 46.51488566900008 ], [ 13.927883302000112, 46.514688499999977 ], [ 13.927930536000133, 46.514633894000099 ], [ 13.928092955000125, 46.514446111000098 ], [ 13.928333402000078, 46.514338877000114 ], [ 13.928599367000118, 46.514288999000087 ], [ 13.928724945000056, 46.51424839900011 ], [ 13.928773044000025, 46.514177792 ], [ 13.928856929000119, 46.514173846000062 ], [ 13.929023907999976, 46.514141488000064 ], [ 13.929186204000075, 46.514145681000116 ], [ 13.929351673000042, 46.514118188000054 ], [ 13.929529429000183, 46.514141733000145 ], [ 13.929649322000046, 46.514141468000048 ], [ 13.929785765000076, 46.514129240999978 ], [ 13.930015779000087, 46.514069471000028 ], [ 13.930366559000163, 46.514100929000165 ], [ 13.930490355000074, 46.513969197000108 ], [ 13.930750311999986, 46.513989882000089 ], [ 13.930856217000155, 46.51405689600017 ], [ 13.930918700000063, 46.514002948000098 ], [ 13.93130503000009, 46.514043754000113 ], [ 13.931426612, 46.51405490500008 ], [ 13.93150929400008, 46.514048265000042 ], [ 13.931737493000071, 46.514072622000185 ], [ 13.931936864000136, 46.514118183000164 ], [ 13.932870857000069, 46.513796239000158 ], [ 13.933169559000078, 46.513725756000099 ], [ 13.933510526000134, 46.513718210000036 ], [ 13.933719269999983, 46.51360897 ], [ 13.933989172000111, 46.513515154000061 ], [ 13.934594005000179, 46.513327629000116 ], [ 13.934823282000025, 46.513213512000164 ], [ 13.935396218, 46.513076532000014 ], [ 13.935859752000169, 46.513158034000185 ], [ 13.936058174000095, 46.513046983000152 ], [ 13.936305034000043, 46.512908811000102 ], [ 13.936404300000106, 46.5128702290001 ], [ 13.936536872999966, 46.512873759000058 ], [ 13.936690119000048, 46.512825807000183 ], [ 13.937081090000163, 46.512791894000088 ], [ 13.937261129000035, 46.512821714000097 ], [ 13.937620617000107, 46.512710322000089 ], [ 13.937914954000064, 46.512717404000171 ], [ 13.938008049000189, 46.512615876000098 ], [ 13.938282913000023, 46.512606325000093 ], [ 13.938324468000189, 46.512440382000136 ], [ 13.938575991000107, 46.512136123000118 ], [ 13.938833685000134, 46.511930078000034 ], [ 13.93907518900005, 46.511991148000106 ], [ 13.939207914000065, 46.511914691000072 ], [ 13.939359544000013, 46.511932872000102 ], [ 13.939501322000012, 46.511897212000179 ], [ 13.939617858000076, 46.511853319000181 ], [ 13.939758166000161, 46.511861122000028 ], [ 13.939989293000167, 46.511985134000156 ], [ 13.940031251000107, 46.511973126000044 ], [ 13.940249886000174, 46.511852757000099 ], [ 13.940521832000115, 46.511920770000131 ], [ 13.940562479000164, 46.511934654000072 ], [ 13.940611832000059, 46.51195151100012 ], [ 13.941041292000079, 46.511969293000163 ], [ 13.941266121000126, 46.511925363000103 ], [ 13.941430731000082, 46.511950670000147 ], [ 13.941685225000185, 46.512019402000135 ], [ 13.94183318000006, 46.511953477000077 ], [ 13.941950180000163, 46.511881239000161 ], [ 13.942266773000142, 46.511967724000101 ], [ 13.942498240000191, 46.511865006000164 ], [ 13.942951776000086, 46.511973163000107 ], [ 13.943265193000173, 46.51184544400013 ], [ 13.943570421000175, 46.511894469000026 ], [ 13.943702828000028, 46.5118600240001 ], [ 13.943760342000189, 46.511818664000032 ], [ 13.94384516000008, 46.511757689000092 ], [ 13.944070562000093, 46.511602367000194 ], [ 13.944186847000026, 46.5115947110001 ], [ 13.945157738000148, 46.511145359000011 ], [ 13.945431280000037, 46.51083909800019 ], [ 13.945520277000014, 46.510739456000124 ], [ 13.945638443000064, 46.510702026000047 ], [ 13.945760991000043, 46.510593136000068 ], [ 13.945841806000089, 46.510592704000032 ], [ 13.94591885400007, 46.510595619000185 ], [ 13.946153647000017, 46.510453650000102 ], [ 13.94627391400013, 46.510313552000014 ], [ 13.946473292000121, 46.510162773000104 ], [ 13.94664271400012, 46.510094658000071 ], [ 13.946769317000189, 46.50993878200012 ], [ 13.947363946999985, 46.509975178000104 ], [ 13.947955194000144, 46.509399075000147 ], [ 13.948255083, 46.50918342500006 ], [ 13.948749303000056, 46.508879279000098 ], [ 13.949332323000135, 46.508430970000063 ], [ 13.949959456000101, 46.508300644000087 ], [ 13.950086012000043, 46.508210891000033 ], [ 13.950187373, 46.508174717000088 ], [ 13.950516601000061, 46.50810042500018 ], [ 13.950682229000108, 46.507928409000158 ], [ 13.951082201000133, 46.507910775000084 ], [ 13.951555458000144, 46.507989641000052 ], [ 13.951946465999981, 46.507905384000082 ], [ 13.952288859000191, 46.507831745000146 ], [ 13.952326686, 46.507823614000074 ], [ 13.952911010000037, 46.507723013000032 ], [ 13.953269693000152, 46.50774149300014 ], [ 13.953288631000135, 46.507584843000132 ], [ 13.953150495000045, 46.507216986000174 ], [ 13.953174002000139, 46.507106915000179 ], [ 13.953094175, 46.506824753000103 ], [ 13.953285721000043, 46.506675625000014 ], [ 13.953807364000113, 46.506610087000126 ], [ 13.954023869000025, 46.506456053000193 ], [ 13.954347780000091, 46.506248085000038 ], [ 13.95447924900003, 46.506181072000061 ], [ 13.9546302010001, 46.506104129000164 ], [ 13.954680767000184, 46.506046543000025 ], [ 13.954731563000109, 46.50598868700007 ], [ 13.954875387000129, 46.505825960000152 ], [ 13.955252070000142, 46.505527192000159 ], [ 13.95576096100001, 46.505190366000136 ], [ 13.955921313000147, 46.505254722000132 ], [ 13.955955278000033, 46.505285127000093 ], [ 13.956344228000091, 46.505273922000129 ], [ 13.956800175000069, 46.505150788000094 ], [ 13.957044194000048, 46.505102223000051 ], [ 13.957182350000153, 46.505025895000131 ], [ 13.957390145000033, 46.504988774000026 ], [ 13.957432589000121, 46.504815080000185 ], [ 13.95761919500012, 46.504771056000095 ], [ 13.957989468000108, 46.504597103000037 ], [ 13.958046778999972, 46.504527063000069 ], [ 13.958219016000101, 46.50449139400007 ], [ 13.958351800000059, 46.504242082000019 ], [ 13.958613182000022, 46.504026526000132 ], [ 13.958803309000075, 46.503903576000084 ], [ 13.958892419000165, 46.503856934000169 ], [ 13.959295017000045, 46.503718968000101 ], [ 13.959365849000051, 46.503726048000146 ], [ 13.959656193000114, 46.503593552000041 ], [ 13.959836451000115, 46.503587257000106 ], [ 13.960233729000095, 46.503485483000077 ], [ 13.960270666000042, 46.503479703000096 ], [ 13.960382186000061, 46.503410579000047 ], [ 13.960563569000044, 46.503298158000121 ], [ 13.960686872, 46.503007419000085 ], [ 13.960803961000011, 46.50294676600015 ], [ 13.961069054, 46.502387049000106 ], [ 13.961105588, 46.502085989000079 ], [ 13.961203045, 46.50198396900015 ], [ 13.961264502, 46.501731446000122 ], [ 13.961585233, 46.50158015500017 ], [ 13.961651290000077, 46.501509976000136 ], [ 13.96180495100009, 46.501346735000027 ], [ 13.961891974000082, 46.501097041000151 ], [ 13.962004004000107, 46.501050090000092 ], [ 13.962350513999979, 46.501112424000098 ], [ 13.962785827000062, 46.501124784000012 ], [ 13.963071434000142, 46.50097890100011 ], [ 13.963716933000171, 46.500565353000184 ], [ 13.964079248000019, 46.5003883010001 ], [ 13.964149135000071, 46.500354149000145 ], [ 13.965369768000073, 46.499687032000111 ], [ 13.966189303000078, 46.49936373800017 ], [ 13.967381139000111, 46.498655551000127 ], [ 13.967591674000062, 46.498528386000146 ], [ 13.968074331000082, 46.498236856000176 ], [ 13.968392039000094, 46.498209721000137 ], [ 13.968464782000183, 46.498180005 ], [ 13.969267675000083, 46.497851994000143 ], [ 13.970213769, 46.497370608000097 ], [ 13.970405712000172, 46.497195268000155 ], [ 13.970578378000084, 46.497243610000055 ], [ 13.970587150000085, 46.497358812000186 ], [ 13.970658738000168, 46.497397731000149 ], [ 13.970778959000086, 46.497395261000122 ], [ 13.971001629, 46.497341027000061 ], [ 13.971277229000066, 46.497290008000164 ], [ 13.971319880000124, 46.497271865000187 ], [ 13.971643507000181, 46.497261423000054 ], [ 13.971873109000171, 46.497220915000071 ], [ 13.972101201000044, 46.497251580000182 ], [ 13.972654678000083, 46.497166255000138 ], [ 13.972952845000179, 46.497195627999986 ], [ 13.973398241999973, 46.497303709000164 ], [ 13.973517522000066, 46.497398679000185 ], [ 13.974046113000043, 46.497457350000161 ], [ 13.974219394000045, 46.497549199000048 ], [ 13.974409913000102, 46.497650186000158 ], [ 13.975131639000153, 46.49786845400007 ], [ 13.975258150000059, 46.498234281000066 ], [ 13.975447603000191, 46.498302495000189 ], [ 13.975697439000044, 46.498375767000027 ], [ 13.975920987999984, 46.498418507000054 ], [ 13.976108664000094, 46.498534593000045 ], [ 13.976200377000112, 46.498567276000188 ], [ 13.976394399000185, 46.498646978000181 ], [ 13.976611634000108, 46.498529686999973 ], [ 13.976974657000028, 46.498333676000186 ], [ 13.977200286000141, 46.498211850000075 ], [ 13.977638719000083, 46.49785031000016 ], [ 13.97816667100011, 46.497534599000062 ], [ 13.978915789000098, 46.49708295400012 ], [ 13.979297313000188, 46.496913184999983 ], [ 13.979672633000177, 46.496746179000013 ], [ 13.979745604000072, 46.496713709000176 ], [ 13.980253793000088, 46.49650210599998 ], [ 13.980615621000027, 46.496439778000195 ], [ 13.980648616, 46.496398745000079 ], [ 13.980891541000119, 46.496362012000134 ], [ 13.981030116000113, 46.496281604000046 ], [ 13.981107640000175, 46.49616159500016 ], [ 13.98132616200013, 46.496088562000068 ], [ 13.98157508200012, 46.495997270000146 ], [ 13.981659099000012, 46.496007141000177 ], [ 13.981762279000066, 46.496000312000035 ], [ 13.982380143, 46.495959417000108 ], [ 13.982973255000047, 46.4958570820001 ], [ 13.983346125000025, 46.495738003000099 ], [ 13.983670383000174, 46.495639352000012 ], [ 13.983734351000123, 46.495453741000063 ], [ 13.983878466000078, 46.495183100000133 ], [ 13.983997329000033, 46.495034334000081 ], [ 13.984165636000057, 46.494989921000013 ], [ 13.984709923000025, 46.494803833000105 ], [ 13.984926987000051, 46.494729621000147 ], [ 13.985346698000058, 46.494443105000073 ], [ 13.985640158000024, 46.494384660000151 ], [ 13.985655398, 46.494329962000052 ], [ 13.986638283000104, 46.493717774 ], [ 13.986978175000161, 46.493685872000071 ], [ 13.987423548000152, 46.493498708000175 ], [ 13.987734960000125, 46.49341694400016 ], [ 13.988082827000028, 46.49343105700018 ], [ 13.988734093000119, 46.493368846000124 ], [ 13.989118674000053, 46.493316169000082 ], [ 13.989198509000175, 46.493206038000153 ], [ 13.989514212000074, 46.493275484000037 ], [ 13.989665152000157, 46.492979426000034 ], [ 13.989574963000052, 46.492835181000089 ], [ 13.989539366000031, 46.492529218000072 ], [ 13.989567704000081, 46.492356223000058 ], [ 13.989592035000044, 46.492207632000145 ], [ 13.989782629, 46.491905320000171 ], [ 13.990136918000076, 46.491458114000125 ], [ 13.989992420000021, 46.49120657800006 ], [ 13.989987504000169, 46.49093876500001 ], [ 13.990086520000034, 46.49085335500007 ], [ 13.990030953000144, 46.490737759000126 ], [ 13.989982837000071, 46.490637662999973 ], [ 13.990036577000069, 46.490448686999969 ], [ 13.990098838000165, 46.490318412000136 ], [ 13.990265354000087, 46.489856180000061 ], [ 13.990266124000129, 46.489595622000195 ], [ 13.990354614000182, 46.489512521000165 ], [ 13.990360855000063, 46.489349279000123 ], [ 13.990453877000107, 46.489188238000054 ], [ 13.990288664000047, 46.488708928 ], [ 13.9903965580001, 46.488665473000083 ], [ 13.990682747000051, 46.488550206000184 ], [ 13.990816349000113, 46.488384343000064 ], [ 13.99121418500016, 46.488418492000164 ], [ 13.99163346600011, 46.488297500000101 ], [ 13.992442558000107, 46.487934668999969 ], [ 13.992625833000091, 46.487891597000157 ], [ 13.992768586000068, 46.487890720000166 ], [ 13.992868227000031, 46.487890110000137 ], [ 13.992892349999977, 46.487881333000189 ], [ 13.992960722000134, 46.487838203000194 ], [ 13.993038297999988, 46.487789262000149 ], [ 13.993204636000087, 46.487724422999975 ], [ 13.993396327000028, 46.4876987560001 ], [ 13.993728697, 46.487759096000104 ], [ 13.994017785000153, 46.487773532000062 ], [ 13.994154110000125, 46.487831314000061 ], [ 13.994220073000179, 46.487859274000073 ], [ 13.994459356000164, 46.488020287000154 ], [ 13.994775392, 46.488034531999972 ], [ 13.994829104000189, 46.488036953000119 ], [ 13.995499303000145, 46.487984401000176 ], [ 13.995786559000123, 46.48787999200016 ], [ 13.996169829, 46.487832353000044 ], [ 13.996229943, 46.487824881000165 ], [ 13.996256512000173, 46.487819148000085 ], [ 13.996555129000114, 46.487754708000125 ], [ 13.996919669000079, 46.487600364000116 ], [ 13.997228818000167, 46.487539910000123 ], [ 13.997338793000097, 46.487478721000116 ], [ 13.997526583000024, 46.487464496000086 ], [ 13.998219860000063, 46.487329111000179 ], [ 13.998415669000053, 46.4873423680001 ], [ 13.998672517000159, 46.487340694000125 ], [ 13.998939244000098, 46.487145077000037 ], [ 13.99953264200019, 46.486905990000025 ], [ 13.999733099000139, 46.486777245000155 ], [ 13.999866643000189, 46.486598596000192 ], [ 13.99999948500016, 46.4864903080001 ], [ 14.000141619000033, 46.48632186500015 ], [ 14.00028893800004, 46.48627926000006 ], [ 14.000361328000167, 46.486191476000101 ], [ 14.000883027999976, 46.485703935000174 ], [ 14.000908398000149, 46.485680223000145 ], [ 14.001391470000158, 46.485442940000155 ], [ 14.001815899000178, 46.485277975000088 ], [ 14.00241896100016, 46.48480984300005 ], [ 14.002514877000124, 46.48479272700007 ], [ 14.002714116000163, 46.48455538900015 ], [ 14.00294814200015, 46.484223470000131 ], [ 14.00344933000008, 46.483914545000061 ], [ 14.003642736000074, 46.483817954000187 ], [ 14.003781688, 46.483667519000051 ], [ 14.004154164000113, 46.483420885999976 ], [ 14.004283216000147, 46.483273838000059 ], [ 14.004457046000141, 46.483075783000118 ], [ 14.004806532000089, 46.482940756000062 ], [ 14.005692435000128, 46.482493438000176 ], [ 14.006320894000169, 46.482125453000037 ], [ 14.007094937000147, 46.481840279000039 ], [ 14.007255941000153, 46.481736495000177 ], [ 14.007638851000024, 46.481725241000106 ], [ 14.008329454000091, 46.481750137000063 ], [ 14.008488683, 46.481755855000188 ], [ 14.008615025000154, 46.481760404000113 ], [ 14.007522582000092, 46.477001191000056 ], [ 14.012616158000185, 46.473449706999986 ], [ 14.012501716000145, 46.452117920000092 ], [ 14.007390023000085, 46.452114105000192 ], [ 13.992053984999984, 46.452095031000056 ], [ 13.992014885000117, 46.444984436000141 ], [ 13.991994857000066, 46.441429139000036 ], [ 13.986885069999971, 46.441425324000193 ], [ 13.97666072800007, 46.441413881000187 ], [ 13.971546174000025, 46.441410065000071 ], [ 13.971488953, 46.430740356000172 ], [ 13.94592857300006, 46.430713654000101 ], [ 13.94077777900003, 46.423599243000069 ], [ 13.935666085000037, 46.423591613000156 ], [ 13.935626983000191, 46.41648101800007 ], [ 13.930515289000027, 46.416477204000103 ], [ 13.925346374000185, 46.405803680000133 ], [ 13.904897691000144, 46.405784606000168 ], [ 13.894614219000175, 46.39510726900005 ], [ 13.879280090000179, 46.395092010000099 ], [ 13.879260064000107, 46.39153289800015 ], [ 13.863903044999972, 46.387962341000048 ], [ 13.863884926000026, 46.384407044000113 ], [ 13.853659630000038, 46.384395599000129 ], [ 13.848509788000115, 46.377281188000097 ], [ 13.838285447000089, 46.377269745000092 ], [ 13.838323593000098, 46.38438034100011 ], [ 13.828100205000112, 46.384368897000058 ], [ 13.817893981000111, 46.387916566000058 ], [ 13.817912102000093, 46.391471863000163 ], [ 13.812895775000072, 46.409240723000039 ], [ 13.812913895000179, 46.412796020000144 ], [ 13.802689552000174, 46.412788392000039 ], [ 13.802709580000055, 46.416343689000144 ], [ 13.792486190999966, 46.416332245000092 ], [ 13.787412643000152, 46.42343902600004 ], [ 13.756755829000042, 46.426959991000103 ], [ 13.751703262000035, 46.437622071000192 ], [ 13.741474153000013, 46.43761062700014 ], [ 13.741495132000068, 46.441165924000188 ], [ 13.73127079, 46.441154481000069 ], [ 13.726121903000035, 46.43404006999998 ], [ 13.721010209000042, 46.434032440000067 ], [ 13.715897558999984, 46.434028625000053 ], [ 13.715876579000053, 46.430473328000119 ], [ 13.690296172000103, 46.426891328000067 ], [ 13.690278054000032, 46.423336029000154 ], [ 13.680053712000131, 46.423324586000149 ], [ 13.685205458999974, 46.430438996000134 ], [ 13.685243606000029, 46.437553405000187 ], [ 13.684951782000041, 46.437988282 ], [ 13.694700241000078, 46.439338684000177 ], [ 13.694822312000156, 46.445262909000178 ], [ 13.695100785000022, 46.458831787 ], [ 13.698055268000132, 46.461807251000039 ], [ 13.712189675000161, 46.476039886000194 ], [ 13.710090637, 46.503639222000061 ], [ 13.715742111999987, 46.506565094000052 ], [ 13.716880798000091, 46.507152558000143 ], [ 13.721090317000119, 46.509330751000164 ], [ 13.717475891000049, 46.516643524000131 ], [ 13.714259148000053, 46.523151398000152 ], [ 13.713896500999965, 46.523197941000035 ], [ 13.714054417000057, 46.523255389000155 ], [ 13.714410496000141, 46.523384929000031 ], [ 13.714801997000109, 46.523377776000075 ], [ 13.714911063999978, 46.523075474999985 ], [ 13.715266055000143, 46.522899030000076 ], [ 13.71559665400008, 46.522924827000168 ], [ 13.716073356000038, 46.522893362000104 ], [ 13.716214294000167, 46.522935905000168 ], [ 13.716548094000075, 46.523036660000059 ], [ 13.717050002000065, 46.523188159000085 ], [ 13.71800359000008, 46.522966241 ], [ 13.71848939400013, 46.523005452000177 ], [ 13.7187790320001, 46.523063136000133 ], [ 13.719421096000133, 46.523191157000156 ], [ 13.720021100000054, 46.523287917000175 ], [ 13.720899473000145, 46.523432853000088 ], [ 13.721390023000026, 46.523643698000058 ], [ 13.721675898000171, 46.523593065 ], [ 13.722177209000165, 46.52384984400004 ], [ 13.72282407900002, 46.523644942000146 ] ] ] ] } },
{ "type": "Feature", "properties": { "fid": 9, "GID_2": "SVN.1.9_1", "GID_0": "SVN", "COUNTRY": "Slovenia", "GID_1": "SVN.1_1", "NAME_1": "Gorenjska", "NL_NAME_1": "NA", "NAME_2": "Naklo", "VARNAME_2": "NA", "NL_NAME_2": "NA", "TYPE_2": "Opcine", "ENGTYPE_2": "Commune|Municipality", "CC_2": "NA", "HASC_2": "SI.GO.NA" }, "geometry": { "type": "MultiPolygon", "coordinates": [ [ [ [ 14.318511010000179, 46.317333221000183 ], [ 14.318491935999987, 46.313777925000181 ], [ 14.318471908000106, 46.310222626000098 ], [ 14.31843471600007, 46.303108215 ], [ 14.303059578000159, 46.295982361000029 ], [ 14.303022384000087, 46.288871765000181 ], [ 14.318340302000081, 46.285331727000028 ], [ 14.3183012, 46.27822113100018 ], [ 14.333637238000108, 46.278236389000028 ], [ 14.323281288000146, 46.253337860000045 ], [ 14.31816864100017, 46.253334045000031 ], [ 14.313054084000044, 46.253326417000096 ], [ 14.308000565000157, 46.263988494000046 ], [ 14.297777176000068, 46.263977051000097 ], [ 14.297796249000157, 46.267532348000145 ], [ 14.267141343, 46.271057128000109 ], [ 14.262028693000104, 46.2710495 ], [ 14.262046814000087, 46.274608612000179 ], [ 14.25712680800018, 46.310157775000164 ], [ 14.257144927000184, 46.313713074000077 ], [ 14.262256622000052, 46.313716889000091 ], [ 14.262295723000022, 46.320827485000109 ], [ 14.262313844000175, 46.324382782000043 ], [ 14.282744409000145, 46.320850373000042 ], [ 14.287856101000159, 46.32085418700018 ], [ 14.287837982000156, 46.317298890000075 ], [ 14.292949677000024, 46.31730651800018 ], [ 14.298062324000057, 46.31731033300008 ], [ 14.303213120000066, 46.324428559000182 ], [ 14.308304787000111, 46.320877075000112 ], [ 14.308285713000089, 46.317321778 ], [ 14.313398360000065, 46.317325591000099 ], [ 14.318511010000179, 46.317333221000183 ] ] ] ] } },
{ "type": "Feature", "properties": { "fid": 10, "GID_2": "SVN.1.10_1", "GID_0": "SVN", "COUNTRY": "Slovenia", "GID_1": "SVN.1_1", "NAME_1": "Gorenjska", "NL_NAME_1": "NA", "NAME_2": "Preddvor", "VARNAME_2": "NA", "NL_NAME_2": "NA", "TYPE_2": "Opcine", "ENGTYPE_2": "Commune|Municipality", "CC_2": "NA", "HASC_2": "SI.GO.PR" }, "geometry": { "type": "MultiPolygon", "coordinates": [ [ [ [ 14.522924423000063, 46.303325653000059 ], [ 14.517811776000087, 46.303318025000181 ], [ 14.512700082000094, 46.303314209 ], [ 14.51267910100006, 46.299758911000026 ], [ 14.507569314000136, 46.299755097000059 ], [ 14.507549286000085, 46.296199799000078 ], [ 14.492194176000055, 46.292625428000179 ], [ 14.466651917000092, 46.29615402200011 ], [ 14.461501122000129, 46.289039613000057 ], [ 14.456389427999966, 46.289031983000143 ], [ 14.435940742000014, 46.289012909000121 ], [ 14.415472031000093, 46.285434724000083 ], [ 14.410360336, 46.28543090900007 ], [ 14.400154113000099, 46.288974762000066 ], [ 14.395042419000106, 46.288967132000153 ], [ 14.384817124000051, 46.288959504000047 ], [ 14.374572754000155, 46.285392762000185 ], [ 14.374554634000049, 46.281837463000102 ], [ 14.36944198599997, 46.281829835000167 ], [ 14.369461060000162, 46.285385132000101 ], [ 14.369481086, 46.288940431000185 ], [ 14.364369391000139, 46.288936616000115 ], [ 14.364425659000176, 46.299602508000135 ], [ 14.364443780000158, 46.303157807000048 ], [ 14.369556427000134, 46.303165435000153 ], [ 14.369538308000131, 46.299610138000048 ], [ 14.37465000100002, 46.299613953000119 ], [ 14.379761695000013, 46.299617769000065 ], [ 14.379780769000035, 46.303173065000067 ], [ 14.379800797000087, 46.306728364000151 ], [ 14.384913444000063, 46.306735992000085 ], [ 14.385008811000034, 46.324512482999978 ], [ 14.390121460000046, 46.324520111000083 ], [ 14.395367622000151, 46.349411012000189 ], [ 14.400480271000106, 46.349418640000067 ], [ 14.40559005800003, 46.349422455000138 ], [ 14.405570984000065, 46.345867156000054 ], [ 14.420909881000057, 46.345882417000155 ], [ 14.426060677000123, 46.353000640000175 ], [ 14.426078796000127, 46.356555939000089 ], [ 14.431191445000081, 46.356559754000102 ], [ 14.431247710000036, 46.367225647000055 ], [ 14.441472054000087, 46.367237092000039 ], [ 14.446583749000183, 46.367244720000087 ], [ 14.44656562800003, 46.363689423000039 ], [ 14.46699619300017, 46.360153198000091 ], [ 14.472107887000163, 46.360160828000176 ], [ 14.50789260900018, 46.36019897500006 ], [ 14.50787544300016, 46.356639863000112 ], [ 14.528341293000096, 46.360218048000149 ], [ 14.533455849000177, 46.360225679000109 ], [ 14.533434868000086, 46.356670380000025 ], [ 14.543622971000104, 46.349567414000148 ], [ 14.543563843000186, 46.33890152000015 ], [ 14.533321381000064, 46.33533477800006 ], [ 14.533262253000146, 46.324668885000165 ], [ 14.548580170000037, 46.321128844999976 ], [ 14.548543929000118, 46.314018249000185 ], [ 14.538298607000115, 46.310451509000131 ], [ 14.53318691200019, 46.310447694000061 ], [ 14.528075218000026, 46.310440063000044 ], [ 14.528057099000023, 46.306884767000042 ], [ 14.522944450000068, 46.306880951999972 ], [ 14.522924423000063, 46.303325653000059 ] ] ] ] } },
{ "type": "Feature", "properties": { "fid": 11, "GID_2": "SVN.1.11_1", "GID_0": "SVN", "COUNTRY": "Slovenia", "GID_1": "SVN.1_1", "NAME_1": "Gorenjska", "NL_NAME_1": "NA", "NAME_2": "Radovljica", "VARNAME_2": "NA", "NL_NAME_2": "NA", "TYPE_2": "Opcine", "ENGTYPE_2": "Commune|Municipality", "CC_2": "NA", "HASC_2": "SI.GO.RA" }, "geometry": { "type": "MultiPolygon", "coordinates": [ [ [ [ 14.108832359000132, 46.302890777000187 ], [ 14.10885334, 46.3064460760001 ], [ 14.108909608000033, 46.317111969000166 ], [ 14.119133950000105, 46.31712341400015 ], [ 14.124284743999965, 46.324237823000033 ], [ 14.124323845000106, 46.331348420000097 ], [ 14.129432677000011, 46.331356049000135 ], [ 14.129453658000102, 46.334911347000116 ], [ 14.129471779000085, 46.33846664400005 ], [ 14.149941444000092, 46.342044830000134 ], [ 14.149958611000159, 46.345600128000171 ], [ 14.149997711000026, 46.352710724000133 ], [ 14.1448860160001, 46.352703094000049 ], [ 14.139830589000098, 46.363365173000034 ], [ 14.139850616000047, 46.366920472000118 ], [ 14.139869689000136, 46.370475769 ], [ 14.139887810000118, 46.374031068000136 ], [ 14.145000457000094, 46.374038696000014 ], [ 14.150151253000104, 46.381153107000102 ], [ 14.165487289000168, 46.381168365000121 ], [ 14.165469169000119, 46.377613068000187 ], [ 14.170580863000112, 46.377620697 ], [ 14.170562744000108, 46.37406540000012 ], [ 14.175675392000187, 46.374069215000134 ], [ 14.17569255799998, 46.377624512000068 ], [ 14.180805207000162, 46.377632142000152 ], [ 14.180823326000166, 46.381187439000087 ], [ 14.185937882000189, 46.381191254000157 ], [ 14.185956001000022, 46.38474655300007 ], [ 14.191067695000186, 46.384750366000105 ], [ 14.191145897000069, 46.398975372000052 ], [ 14.196293830000116, 46.406089783000141 ], [ 14.201405525000041, 46.406097413000055 ], [ 14.201444626000182, 46.413208009000016 ], [ 14.206557274000033, 46.413211822000108 ], [ 14.211708068000064, 46.420330048000039 ], [ 14.221932412000172, 46.420337678000124 ], [ 14.227044106000164, 46.420345306000058 ], [ 14.232155801000033, 46.420349121000072 ], [ 14.247492790000081, 46.420368195000037 ], [ 14.247455598000045, 46.413253784000176 ], [ 14.24234199600005, 46.413249969000162 ], [ 14.247361183000123, 46.395477296000195 ], [ 14.247340202000089, 46.391921997000111 ], [ 14.247301101000119, 46.384811401000093 ], [ 14.247282982000172, 46.381256104000158 ], [ 14.247190475000025, 46.363479614000141 ], [ 14.242017746000045, 46.352806091000161 ], [ 14.236906051000176, 46.352802276000091 ], [ 14.241960525000025, 46.342140199000141 ], [ 14.247073173000103, 46.342144012000176 ], [ 14.2470550540001, 46.338588715000071 ], [ 14.247015952000083, 46.33147811900011 ], [ 14.252127647000179, 46.331485749000194 ], [ 14.257204057000081, 46.324378967000143 ], [ 14.262313844000175, 46.324382782000043 ], [ 14.262295723000022, 46.320827485000109 ], [ 14.262256622000052, 46.313716889000091 ], [ 14.257144927000184, 46.313713074000077 ], [ 14.25712680800018, 46.310157775000164 ], [ 14.262046814000087, 46.274608612000179 ], [ 14.262028693000104, 46.2710495 ], [ 14.226243974, 46.27101516800019 ], [ 14.221150398000134, 46.27456283500004 ], [ 14.221169471000167, 46.278118134000124 ], [ 14.216056824000191, 46.278114319000053 ], [ 14.205831527000157, 46.278102875000172 ], [ 14.200719833000164, 46.278099060000159 ], [ 14.180272102000174, 46.278076172 ], [ 14.170065879000106, 46.281620026000155 ], [ 14.175252914000055, 46.295848847000173 ], [ 14.170180320999975, 46.30295562800012 ], [ 14.165067672000191, 46.302947998000036 ], [ 14.16504955400012, 46.299392701000102 ], [ 14.159936904, 46.299388886000031 ], [ 14.119037628000171, 46.299343109000063 ], [ 14.119056701000034, 46.3028984070001 ], [ 14.108832359000132, 46.302890777000187 ] ] ] ] } },
{ "type": "Feature", "properties": { "fid": 12, "GID_2": "SVN.1.12_1", "GID_0": "SVN", "COUNTRY": "Slovenia", "GID_1": "SVN.1_1", "NAME_1": "Gorenjska", "NL_NAME_1": "NA", "NAME_2": "Šenčur", "VARNAME_2": "NA", "NL_NAME_2": "NA", "TYPE_2": "Opcine", "ENGTYPE_2": "Commune|Municipality", "CC_2": "NA", "HASC_2": "SI.GO.SE" }, "geometry": { "type": "MultiPolygon", "coordinates": [ [ [ [ 14.456389427999966, 46.289031983000143 ], [ 14.456371307000154, 46.285476684 ], [ 14.45635032600012, 46.281921387000125 ], [ 14.435845375000042, 46.271232606000069 ], [ 14.435671807000062, 46.239234924000073 ], [ 14.44078636200004, 46.239238739000086 ], [ 14.440747259999966, 46.232128144 ], [ 14.435634613, 46.232124329000158 ], [ 14.43561458500011, 46.228569032000053 ], [ 14.435597419000146, 46.225013733000139 ], [ 14.435578346000057, 46.221458436000034 ], [ 14.44578170799997, 46.217910767000035 ], [ 14.44574642200007, 46.21080017200012 ], [ 14.450858116000063, 46.210807800000055 ], [ 14.450837135000029, 46.207252503000177 ], [ 14.45081901500015, 46.203697204000036 ], [ 14.455930709000143, 46.203701019000107 ], [ 14.455891609999981, 46.196590424000192 ], [ 14.450740814000142, 46.189472200000068 ], [ 14.420068741000136, 46.189441681000119 ], [ 14.414957047000144, 46.189437866000105 ], [ 14.39962005600006, 46.189418793000186 ], [ 14.39963912900015, 46.192974091000053 ], [ 14.384415626000077, 46.214290618000121 ], [ 14.369118691000153, 46.22138595600012 ], [ 14.379400253000142, 46.232063293000067 ], [ 14.38962364200006, 46.232074739000154 ], [ 14.394831657999987, 46.249858857000049 ], [ 14.399944306000066, 46.24986267200012 ], [ 14.399983405000057, 46.256973268000138 ], [ 14.394870758000025, 46.256969453000067 ], [ 14.394908905000079, 46.264080048000153 ], [ 14.394927978000169, 46.267635345000087 ], [ 14.400078774, 46.27475357100019 ], [ 14.405191422000087, 46.274757386000033 ], [ 14.405208587000175, 46.278312683000138 ], [ 14.410360336, 46.28543090900007 ], [ 14.415472031000093, 46.285434724000083 ], [ 14.435940742000014, 46.289012909000121 ], [ 14.456389427999966, 46.289031983000143 ] ] ] ] } },
{ "type": "Feature", "properties": { "fid": 13, "GID_2": "SVN.1.13_1", "GID_0": "SVN", "COUNTRY": "Slovenia", "GID_1": "SVN.1_1", "NAME_1": "Gorenjska", "NL_NAME_1": "NA", "NAME_2": "Škofja Loka", "VARNAME_2": "NA", "NL_NAME_2": "NA", "TYPE_2": "Opcine", "ENGTYPE_2": "Commune|Municipality", "CC_2": "NA", "HASC_2": "SI.GO.SL" }, "geometry": { "type": "MultiPolygon", "coordinates": [ [ [ [ 14.215083123, 46.096782684000175 ], [ 14.215140343000144, 46.107448579000106 ], [ 14.210027694000132, 46.107444764000036 ], [ 14.210046767000051, 46.111000061000141 ], [ 14.194727897000178, 46.114540101000102 ], [ 14.194748878000041, 46.118095398000037 ], [ 14.194766999000024, 46.121650697000121 ], [ 14.199975012999971, 46.139434815000072 ], [ 14.194863318999978, 46.139427185000102 ], [ 14.19488334700003, 46.142982484000015 ], [ 14.200032233000115, 46.150100708000139 ], [ 14.200050354000098, 46.153656007000052 ], [ 14.200071335000132, 46.157211303000054 ], [ 14.205184937000126, 46.157215118000124 ], [ 14.21029472400005, 46.157222749000141 ], [ 14.215463639000063, 46.167892456000175 ], [ 14.215484619, 46.171447755000088 ], [ 14.205316543000151, 46.182106017000194 ], [ 14.169511795000119, 46.178512574000138 ], [ 14.164400101000126, 46.178504944 ], [ 14.15928840600003, 46.178501129000153 ], [ 14.154175759000054, 46.178493500000116 ], [ 14.154193878, 46.18204879700005 ], [ 14.154232979000142, 46.189163208000082 ], [ 14.169587136000189, 46.192733765000014 ], [ 14.174701691000166, 46.192737580000085 ], [ 14.179812431000073, 46.19274520800019 ], [ 14.184926033000067, 46.192749024000136 ], [ 14.184962272000121, 46.199859619000051 ], [ 14.195186616000171, 46.199871062000057 ], [ 14.195206642000073, 46.20342636100014 ], [ 14.225879669000165, 46.203460693000125 ], [ 14.225955010000121, 46.217681884000058 ], [ 14.231068612000058, 46.217685700000175 ], [ 14.231087685000148, 46.221240997999985 ], [ 14.226014138000039, 46.22834777900016 ], [ 14.22603225600011, 46.231903076000037 ], [ 14.241369247000137, 46.231918334000056 ], [ 14.241407394000191, 46.239028932000053 ], [ 14.2465200420001, 46.239036560000159 ], [ 14.266967774000136, 46.239055633000078 ], [ 14.272044182000059, 46.231952668000076 ], [ 14.272023201000025, 46.228397369000163 ], [ 14.271984100000054, 46.221286773000145 ], [ 14.261741637000171, 46.217720031000113 ], [ 14.26172447099998, 46.214164734000178 ], [ 14.261702538000065, 46.21060943599997 ], [ 14.271929742000168, 46.210617066000111 ], [ 14.27703857400013, 46.210624696000025 ], [ 14.282154084000069, 46.21062850900006 ], [ 14.287265778000062, 46.210636139000144 ], [ 14.287226675999989, 46.203521728000112 ], [ 14.292339326000103, 46.203529359000129 ], [ 14.297451020000096, 46.203533173999972 ], [ 14.302562713000157, 46.203540802000077 ], [ 14.302544593999983, 46.199985504999972 ], [ 14.307657241000129, 46.199989320000043 ], [ 14.312768936000055, 46.199993133000078 ], [ 14.322994232000042, 46.200004578000062 ], [ 14.328048707000164, 46.189346314000147 ], [ 14.338273048000133, 46.189353942000082 ], [ 14.343384743000058, 46.189361572000166 ], [ 14.348497390000034, 46.189365387000066 ], [ 14.35360908500013, 46.189373018000083 ], [ 14.353572845000144, 46.182262422000065 ], [ 14.358682632000068, 46.1822662350001 ], [ 14.363797187000046, 46.18227005000017 ], [ 14.379113197000038, 46.17873382700003 ], [ 14.384131432000174, 46.160961151000151 ], [ 14.384111404000123, 46.157405853000171 ], [ 14.373887062000051, 46.157394409000119 ], [ 14.373847961000138, 46.150283814000034 ], [ 14.368736268000021, 46.150276183000187 ], [ 14.363623619000066, 46.150272370000152 ], [ 14.35851192400014, 46.150264740000011 ], [ 14.353400230000148, 46.150260925000168 ], [ 14.353379249000113, 46.146705628000063 ], [ 14.348269462000189, 46.14670181300005 ], [ 14.348249436000117, 46.143146514000136 ], [ 14.343136787000162, 46.143138886000031 ], [ 14.343097687000125, 46.136028290000183 ], [ 14.322630883000045, 46.132450103000167 ], [ 14.322573663000128, 46.121784211000147 ], [ 14.322553633999973, 46.118228912000063 ], [ 14.32253646800018, 46.114673615000129 ], [ 14.327648163000049, 46.114677430000029 ], [ 14.322440147000123, 46.096897125000112 ], [ 14.307104110000125, 46.096881866000047 ], [ 14.307122231000108, 46.10043716500013 ], [ 14.302009582000153, 46.100429535000046 ], [ 14.296897887000057, 46.100425720000146 ], [ 14.271354675000111, 46.10395431500018 ], [ 14.271375656000146, 46.107509614000094 ], [ 14.245813371000168, 46.107482910000158 ], [ 14.240644456000098, 46.096809388000054 ], [ 14.215083123, 46.096782684000175 ] ] ] ] } },
{ "type": "Feature", "properties": { "fid": 14, "GID_2": "SVN.1.14_1", "GID_0": "SVN", "COUNTRY": "Slovenia", "GID_1": "SVN.1_1", "NAME_1": "Gorenjska", "NL_NAME_1": "NA", "NAME_2": "Tržič", "VARNAME_2": "NA", "NL_NAME_2": "NA", "TYPE_2": "Opcine", "ENGTYPE_2": "Commune|Municipality", "CC_2": "NA", "HASC_2": "SI.GO.TR" }, "geometry": { "type": "MultiPolygon", "coordinates": [ [ [ [ 14.430424225000024, 46.447401885000033 ], [ 14.43076432600003, 46.447051152000085 ], [ 14.430853205000176, 46.446985250000125 ], [ 14.431560158000138, 46.446436873000152 ], [ 14.431851343000176, 46.446211001000108 ], [ 14.432307264000144, 46.445905307000032 ], [ 14.432711738000023, 46.445533437000165 ], [ 14.433154881000178, 46.445065464000095 ], [ 14.433565632000125, 46.444546967000065 ], [ 14.433590185000128, 46.44445672400019 ], [ 14.433603653000034, 46.444411321000075 ], [ 14.433649363000086, 46.444391752000115 ], [ 14.433661464000068, 46.444386571000166 ], [ 14.433663263000142, 46.444387002000099 ], [ 14.433679657000084, 46.444390931000157 ], [ 14.433685084000103, 46.444379546000164 ], [ 14.433692257000075, 46.444364501999985 ], [ 14.433705666000037, 46.444350445000168 ], [ 14.433776699000134, 46.444344903000058 ], [ 14.433784677000062, 46.44434551400019 ], [ 14.433805833000065, 46.444347133000065 ], [ 14.433847120000166, 46.444353025000055 ], [ 14.433959474000062, 46.444373896000059 ], [ 14.434057527000107, 46.444372952000151 ], [ 14.434173718000181, 46.444396181000059 ], [ 14.434262066000031, 46.444400630000132 ], [ 14.434299454000097, 46.444309209000153 ], [ 14.434367360000067, 46.444272558000193 ], [ 14.434396192000122, 46.444243697000047 ], [ 14.434477861000062, 46.444207975000097 ], [ 14.434562024000172, 46.444199750000053 ], [ 14.434626183000034, 46.444171601000107 ], [ 14.434658711000111, 46.444131053000149 ], [ 14.43480471800018, 46.444076717000087 ], [ 14.43484905300005, 46.444038169000066 ], [ 14.434993768000027, 46.444016657000077 ], [ 14.43509439800016, 46.44400213800003 ], [ 14.4351236440001, 46.443980875000136 ], [ 14.435116524000023, 46.443956291000063 ], [ 14.435138605000191, 46.443946290000042 ], [ 14.435143366000148, 46.443880005000153 ], [ 14.435146755000119, 46.443832821000171 ], [ 14.435176685000158, 46.443813161000151 ], [ 14.435225335999974, 46.443737548000172 ], [ 14.435274249000031, 46.443715673000042 ], [ 14.435269800000128, 46.443679043000031 ], [ 14.435300532000156, 46.443653942000026 ], [ 14.435298936000038, 46.443623233000039 ], [ 14.435321234000128, 46.44358848700017 ], [ 14.435346567000181, 46.443559011000048 ], [ 14.435379484000123, 46.443542355000091 ], [ 14.435364521000054, 46.443501922000053 ], [ 14.435366128000112, 46.443475105000061 ], [ 14.435368242999971, 46.443446374000075 ], [ 14.435370066000075, 46.443429037000158 ], [ 14.435355930000128, 46.443385051000064 ], [ 14.435351938000167, 46.443352979000053 ], [ 14.435316403000172, 46.443303082000114 ], [ 14.435345017000031, 46.443285351000156 ], [ 14.435377496000115, 46.443268862000139 ], [ 14.43538687500012, 46.44326083600015 ], [ 14.435410679000142, 46.443234335 ], [ 14.435446561000106, 46.443213026000137 ], [ 14.435479009000119, 46.443195618000118 ], [ 14.435515395000095, 46.443179882000038 ], [ 14.435521145000052, 46.443161652000128 ], [ 14.435549830000184, 46.443131955000069 ], [ 14.435596303000011, 46.443112973000098 ], [ 14.435655118, 46.443099361000066 ], [ 14.43570408700009, 46.443100958000059 ], [ 14.435721571000101, 46.443103129000178 ], [ 14.435753963000138, 46.44308941100013 ], [ 14.435770785000102, 46.443078092000121 ], [ 14.435812722000094, 46.443079486999977 ], [ 14.435866421000185, 46.443070333000151 ], [ 14.435934996000071, 46.443069581000088 ], [ 14.435999887000037, 46.443073274000085 ], [ 14.436039848000064, 46.443099251000035 ], [ 14.436063655000169, 46.44311161700017 ], [ 14.436095866000073, 46.443114725000044 ], [ 14.436136089000115, 46.443121445000088 ], [ 14.436183267000104, 46.443143932000112 ], [ 14.436238080000123, 46.443183531000102 ], [ 14.436289368000075, 46.443222624000043 ], [ 14.436328219000188, 46.443251670000109 ], [ 14.436344984000073, 46.443256906000045 ], [ 14.436384487000055, 46.443273081000029 ], [ 14.436411486000054, 46.443269401000066 ], [ 14.436458844000072, 46.44326210700018 ], [ 14.436498546000166, 46.443262353000193 ], [ 14.43655340700019, 46.443252737000137 ], [ 14.436611016000086, 46.443237426000167 ], [ 14.436648192000121, 46.443228610000176 ], [ 14.436674738000022, 46.443202622000172 ], [ 14.436712309000029, 46.443193982000139 ], [ 14.436769283000103, 46.443173009000077 ], [ 14.43680299000016, 46.44315352000018 ], [ 14.436836250000056, 46.443131246000121 ], [ 14.436870215999988, 46.443124620000106 ], [ 14.436905293000166, 46.443134358000179 ], [ 14.436939048, 46.443143029999987 ], [ 14.436987611000063, 46.443143820000103 ], [ 14.436987644000112, 46.44311970800004 ], [ 14.436988248000034, 46.443085153000084 ], [ 14.437048342000026, 46.443070448000071 ], [ 14.437114509000082, 46.44306639000007 ], [ 14.437169708999988, 46.443073594000111 ], [ 14.43719811800014, 46.44309473300018 ], [ 14.437203658000044, 46.443102293000095 ], [ 14.437210165000181, 46.443111172000044 ], [ 14.437255145000165, 46.443108579000068 ], [ 14.437303258000156, 46.443112883000083 ], [ 14.437349261000122, 46.443141590000096 ], [ 14.437362816000075, 46.443142538000131 ], [ 14.437378147, 46.443134743000144 ], [ 14.437417206000134, 46.443116012000075 ], [ 14.437464676000161, 46.443114294000111 ], [ 14.437513, 46.44313542000009 ], [ 14.437570766000078, 46.44317301000018 ], [ 14.437603202999981, 46.443193750000148 ], [ 14.437630607000131, 46.443197264000048 ], [ 14.437650354000084, 46.44318258800007 ], [ 14.437651276000167, 46.443170253000062 ], [ 14.437698879000095, 46.443155758000159 ], [ 14.437720374000037, 46.443137376000095 ], [ 14.437748133000071, 46.443126312000061 ], [ 14.43779021600011, 46.443122037000137 ], [ 14.437821796000037, 46.443093931000135 ], [ 14.437889277000068, 46.44307771400014 ], [ 14.437925170000085, 46.443076197000096 ], [ 14.437951849000058, 46.443076120000171 ], [ 14.437979874000177, 46.443091054000149 ], [ 14.438054726000132, 46.443136846000016 ], [ 14.438081394000051, 46.443155482000179 ], [ 14.438072131000069, 46.443199478000054 ], [ 14.438053566000065, 46.443240414000059 ], [ 14.438038272000028, 46.443282218000149 ], [ 14.438081154000031, 46.443323911000164 ], [ 14.438104042000134, 46.443342224000162 ], [ 14.438135678000094, 46.443329862000041 ], [ 14.438155307000045, 46.443328592000114 ], [ 14.438179338000168, 46.443306947000167 ], [ 14.43821870000005, 46.443277506000129 ], [ 14.438259759000118, 46.443267663000086 ], [ 14.438303427000051, 46.443283796000117 ], [ 14.438352129000123, 46.443310766000195 ], [ 14.438376683000058, 46.443360013000131 ], [ 14.438406325000187, 46.443377721000161 ], [ 14.438469827000119, 46.443409227000075 ], [ 14.438491209000119, 46.443436822000137 ], [ 14.438524511000026, 46.443416616000093 ], [ 14.43857633500005, 46.443372749000105 ], [ 14.438601630000107, 46.443362068 ], [ 14.438700450000113, 46.443350856000166 ], [ 14.438788914000156, 46.443393907000086 ], [ 14.438865861000011, 46.443388755000171 ], [ 14.438932054000077, 46.443366701000116 ], [ 14.438999884, 46.443348411000045 ], [ 14.439061933000062, 46.443340254000191 ], [ 14.439127847, 46.44331091600003 ], [ 14.439158410000175, 46.443303333000017 ], [ 14.439187566999976, 46.443258424000135 ], [ 14.43918890700013, 46.443221793000021 ], [ 14.439202943, 46.443182160000049 ], [ 14.439204626000048, 46.443155962 ], [ 14.439200949000053, 46.443122169000162 ], [ 14.439174542000046, 46.44312287300005 ], [ 14.439157925000018, 46.443112148000125 ], [ 14.439154829000131, 46.44306206400006 ], [ 14.43913364000008, 46.44302475100011 ], [ 14.439137752000022, 46.443002848000162 ], [ 14.439162573000033, 46.442955913000048 ], [ 14.439218258000153, 46.442922805000194 ], [ 14.439271237000185, 46.442910236000102 ], [ 14.439319474000172, 46.442907790000106 ], [ 14.43930562900016, 46.442821732000084 ], [ 14.43931355, 46.442762994000191 ], [ 14.439334874, 46.442691170000103 ], [ 14.439336859000093, 46.442679995000162 ], [ 14.43928787700014, 46.442639172000042 ], [ 14.439239999000051, 46.442582143000038 ], [ 14.439184565000119, 46.442531215000088 ], [ 14.439143719000072, 46.442480866000096 ], [ 14.439124342000184, 46.442455268000117 ], [ 14.439100059000054, 46.442419369999982 ], [ 14.439088708999975, 46.442373703000044 ], [ 14.439081240000178, 46.442306927 ], [ 14.439081737000095, 46.442280021000101 ], [ 14.439096247000066, 46.442244521000191 ], [ 14.439132321000045, 46.442226268000184 ], [ 14.439183776000107, 46.442215694000026 ], [ 14.439176131000124, 46.442191655000101 ], [ 14.439180325000109, 46.442135203000191 ], [ 14.439188268000123, 46.44212253000012 ], [ 14.439181244999986, 46.442077792000134 ], [ 14.439167984000051, 46.44204634100015 ], [ 14.439203121000048, 46.442007493000119 ], [ 14.439219847000174, 46.441976093000164 ], [ 14.43923354400016, 46.441928744000109 ], [ 14.439277477000132, 46.441887292000047 ], [ 14.439310437000017, 46.441863131000048 ], [ 14.439341562000038, 46.441831969000134 ], [ 14.439427305000095, 46.441817824000168 ], [ 14.439447262000101, 46.441762119000089 ], [ 14.43946355300011, 46.441673250000065 ], [ 14.439471776000175, 46.441628017000141 ], [ 14.439476202000151, 46.441603670000177 ], [ 14.439478186000144, 46.441599961000122 ], [ 14.439496518000055, 46.441565685000171 ], [ 14.439537541000163, 46.441522012000178 ], [ 14.439543220000189, 46.441487498000185 ], [ 14.439542983000081, 46.441424341000186 ], [ 14.439540785000077, 46.441399350000154 ], [ 14.439544364000142, 46.441370435000181 ], [ 14.439563703000033, 46.441354953000143 ], [ 14.43955873200008, 46.441302277000034 ], [ 14.439549200000158, 46.441255674000161 ], [ 14.439539398000079, 46.441227968000192 ], [ 14.439533460000121, 46.441198245000123 ], [ 14.439524801000175, 46.441169088000095 ], [ 14.439526894000096, 46.441150354000172 ], [ 14.439522649000025, 46.44113348000019 ], [ 14.439480862000039, 46.441107343000056 ], [ 14.439418427000078, 46.441083384000137 ], [ 14.43935397100006, 46.441056027000059 ], [ 14.439317109000058, 46.441035240000076 ], [ 14.439274119000061, 46.441026839000131 ], [ 14.43921887, 46.441023504000157 ], [ 14.439173687000107, 46.441003157000125 ], [ 14.43913625700003, 46.440992903 ], [ 14.439078070000107, 46.440992386000062 ], [ 14.439037144000054, 46.4409894530001 ], [ 14.438999773000091, 46.440975599000183 ], [ 14.438967655999988, 46.440970691000132 ], [ 14.438905771000123, 46.440973898000152 ], [ 14.438846078999973, 46.440982573000042 ], [ 14.438787657000148, 46.440996183000095 ], [ 14.438697216000037, 46.441022520000047 ], [ 14.438657758000147, 46.441027850000125 ], [ 14.438637121000113, 46.441021308000131 ], [ 14.438537118999989, 46.440989608000166 ], [ 14.438455523000187, 46.440964215000122 ], [ 14.43837633600009, 46.440948515000059 ], [ 14.438277458000073, 46.440950190000137 ], [ 14.438171497000098, 46.44095562300015 ], [ 14.438125114000115, 46.440959580000026 ], [ 14.438098284000034, 46.440958580000085 ], [ 14.438077726000074, 46.440952480000135 ], [ 14.43806486699998, 46.440927952000038 ], [ 14.438021282000022, 46.440902912000126 ], [ 14.437969963000171, 46.440862290000155 ], [ 14.437938824000128, 46.440822014000162 ], [ 14.437893456000097, 46.440811746 ], [ 14.437867336000068, 46.440809838000064 ], [ 14.437835716000166, 46.440807534000044 ], [ 14.437785117000146, 46.440808923000077 ], [ 14.43771090600012, 46.440788317000113 ], [ 14.437635111000134, 46.440766556000028 ], [ 14.437600934999978, 46.440762747000178 ], [ 14.437548293000077, 46.440727446000153 ], [ 14.437452741000186, 46.440681134000044 ], [ 14.437345139000115, 46.440644025000097 ], [ 14.437248593000163, 46.44061940600011 ], [ 14.437149376000036, 46.440572049000025 ], [ 14.437072890000081, 46.440541837000183 ], [ 14.437000964000163, 46.440511850000064 ], [ 14.436916168999971, 46.440553516000136 ], [ 14.436864942000113, 46.440581812000175 ], [ 14.436805740000182, 46.440608384000086 ], [ 14.436743346000185, 46.440618614000016 ], [ 14.43664816800009, 46.440623041000151 ], [ 14.436586995000141, 46.440609955000127 ], [ 14.436527870000134, 46.440595141000131 ], [ 14.436490279000111, 46.440576879000048 ], [ 14.436431004000099, 46.440541732000099 ], [ 14.436378986000022, 46.440530898000077 ], [ 14.436325042000021, 46.440527729000053 ], [ 14.436249605000114, 46.44053016600003 ], [ 14.436157137000066, 46.440539875000184 ], [ 14.436068362000128, 46.440545589000124 ], [ 14.436013766000031, 46.440548815000056 ], [ 14.435972318000154, 46.440545795000162 ], [ 14.435933518000127, 46.440532134000193 ], [ 14.435873288000153, 46.440514181000026 ], [ 14.435833373000094, 46.440496751000182 ], [ 14.435440852000056, 46.44047102400009 ], [ 14.435004191000075, 46.440457238000192 ], [ 14.43424410700004, 46.44002306800013 ], [ 14.434022068000104, 46.439828618000035 ], [ 14.433630927000138, 46.439864682000177 ], [ 14.432945030000155, 46.439727325000092 ], [ 14.432640635000098, 46.439495066000177 ], [ 14.432623237000087, 46.439471931000128 ], [ 14.432463054000038, 46.439258979000101 ], [ 14.432372879000127, 46.438606024000137 ], [ 14.431966585999987, 46.438360527000157 ], [ 14.431591044000186, 46.437980766000123 ], [ 14.431387660000041, 46.437852531000033 ], [ 14.431093065000141, 46.437666779000153 ], [ 14.430997076999972, 46.437559375000149 ], [ 14.431236264000177, 46.437008164000076 ], [ 14.431012966000139, 46.436788798000066 ], [ 14.43095719300004, 46.436454639000033 ], [ 14.431215748000056, 46.436070949000111 ], [ 14.431282373000158, 46.435960322000085 ], [ 14.431347476000099, 46.435852223000097 ], [ 14.431872416000033, 46.43498057700009 ], [ 14.431883323000136, 46.434962477000056 ], [ 14.432148126000129, 46.434566668000059 ], [ 14.432660105000082, 46.434413205000055 ], [ 14.433620017000123, 46.434247872000128 ], [ 14.43386474600004, 46.434135573000162 ], [ 14.433938413000021, 46.433974534000072 ], [ 14.434566408000023, 46.43355765300015 ], [ 14.434781448000024, 46.433414893000077 ], [ 14.434965840000189, 46.433137084000066 ], [ 14.435307392000027, 46.43247034500007 ], [ 14.435315994, 46.432399993000104 ], [ 14.435322578000012, 46.432345767000072 ], [ 14.435608556999966, 46.432059781000191 ], [ 14.435771530000068, 46.432004407000079 ], [ 14.435956660000102, 46.431724970000118 ], [ 14.435950602000105, 46.431553633000078 ], [ 14.4360016440001, 46.431537225000113 ], [ 14.436648234000131, 46.431329353000137 ], [ 14.437167597000041, 46.431395508000037 ], [ 14.437479721000102, 46.431315929000107 ], [ 14.437838429000124, 46.431352232 ], [ 14.438034308000056, 46.431277013999988 ], [ 14.438257928000098, 46.431145024000102 ], [ 14.438548356000126, 46.431170289000136 ], [ 14.438677472000165, 46.431030306000025 ], [ 14.438873586000057, 46.430998898999974 ], [ 14.439317869000092, 46.430666387000031 ], [ 14.439375517000087, 46.430640871000037 ], [ 14.439499715000068, 46.430585903000122 ], [ 14.439627328000029, 46.430407244000151 ], [ 14.439724067000157, 46.430271802000163 ], [ 14.440027643000064, 46.430130398000188 ], [ 14.440280469000186, 46.429898973000093 ], [ 14.440574238000067, 46.429639711000164 ], [ 14.440611752000166, 46.429610808000177 ], [ 14.441149629000165, 46.429196426000146 ], [ 14.441248030000054, 46.429127274000109 ], [ 14.441418671, 46.429168447000052 ], [ 14.441449735000106, 46.428980556000056 ], [ 14.442141008000021, 46.42884330600009 ], [ 14.442483540000126, 46.428903864000119 ], [ 14.442554863000055, 46.428847031000146 ], [ 14.442618540000126, 46.428714785000182 ], [ 14.442972829000041, 46.42842505800013 ], [ 14.44285462900018, 46.428249320000134 ], [ 14.44287734400001, 46.428208146000088 ], [ 14.44297435500016, 46.428032227000188 ], [ 14.443070176000163, 46.427996479000115 ], [ 14.44301912200001, 46.42773119800006 ], [ 14.442913515999976, 46.42736816200005 ], [ 14.442851132000158, 46.427153681000163 ], [ 14.442750499999988, 46.426971475000187 ], [ 14.442647213999976, 46.426690597000061 ], [ 14.442526884000131, 46.426473762000114 ], [ 14.442272367000157, 46.425902032000067 ], [ 14.44227638000001, 46.425883010000121 ], [ 14.442323885000121, 46.425657890000139 ], [ 14.442376739000053, 46.425537445000032 ], [ 14.442592506999972, 46.424831724000171 ], [ 14.442593927000132, 46.424827082000149 ], [ 14.442516757000135, 46.424633942000128 ], [ 14.4426207140001, 46.424466257 ], [ 14.439541816000087, 46.420303344000104 ], [ 14.437733649000108, 46.417858124000134 ], [ 14.426326752000023, 46.402778625000053 ], [ 14.426306724000142, 46.399223329000051 ], [ 14.416064263000067, 46.395656586000086 ], [ 14.416046143000187, 46.392101288000106 ], [ 14.415988922000167, 46.38143158000014 ], [ 14.400631905000068, 46.377861023000037 ], [ 14.395482064000191, 46.370746612000119 ], [ 14.400536536000061, 46.360084535000169 ], [ 14.405649185000016, 46.360088348000033 ], [ 14.405610084000102, 46.352977752000072 ], [ 14.40559005800003, 46.349422455000138 ], [ 14.400480271000106, 46.349418640000067 ], [ 14.395367622000151, 46.349411012000189 ], [ 14.38001060400012, 46.34584045500003 ], [ 14.37491703, 46.349391938000167 ], [ 14.349355698000181, 46.349365235 ], [ 14.349337577000028, 46.34580993600008 ], [ 14.344223977000013, 46.345802308000032 ], [ 14.344166755000117, 46.3351364130001 ], [ 14.333943368, 46.335124970000095 ], [ 14.323720932000128, 46.335113525000168 ], [ 14.323699951000037, 46.331558228000063 ], [ 14.323681832000091, 46.328002929000149 ], [ 14.323622704000172, 46.317337037000129 ], [ 14.318511010000179, 46.317333221000183 ], [ 14.313398360000065, 46.317325591000099 ], [ 14.308285713000089, 46.317321778 ], [ 14.308304787000111, 46.320877075000112 ], [ 14.303213120000066, 46.324428559000182 ], [ 14.298062324000057, 46.31731033300008 ], [ 14.292949677000024, 46.31730651800018 ], [ 14.287837982000156, 46.317298890000075 ], [ 14.287856101000159, 46.32085418700018 ], [ 14.282744409000145, 46.320850373000042 ], [ 14.262313844000175, 46.324382782000043 ], [ 14.257204057000081, 46.324378967000143 ], [ 14.252127647000179, 46.331485749000194 ], [ 14.247015952000083, 46.33147811900011 ], [ 14.2470550540001, 46.338588715000071 ], [ 14.247073173000103, 46.342144012000176 ], [ 14.241960525000025, 46.342140199000141 ], [ 14.236906051000176, 46.352802276000091 ], [ 14.242017746000045, 46.352806091000161 ], [ 14.247190475000025, 46.363479614000141 ], [ 14.247282982000172, 46.381256104000158 ], [ 14.247301101000119, 46.384811401000093 ], [ 14.247340202000089, 46.391921997000111 ], [ 14.247361183000123, 46.395477296000195 ], [ 14.24234199600005, 46.413249969000162 ], [ 14.247455598000045, 46.413253784000176 ], [ 14.247492790000081, 46.420368195000037 ], [ 14.232155801000033, 46.420349121000072 ], [ 14.232176782000124, 46.423904420000156 ], [ 14.232194900000025, 46.42745971700009 ], [ 14.232215881000059, 46.431015016000174 ], [ 14.231798078000054, 46.434197936000089 ], [ 14.231840187000046, 46.434189582000101 ], [ 14.23186589300002, 46.434166149000021 ], [ 14.231930096000099, 46.434153274000153 ], [ 14.231983653000043, 46.434160896000037 ], [ 14.232061487000067, 46.434183110000106 ], [ 14.23210754400003, 46.434177053000042 ], [ 14.232152724000059, 46.434135761 ], [ 14.232185144000084, 46.434094066000057 ], [ 14.232281709000176, 46.434069240000099 ], [ 14.23242344099998, 46.434066452000081 ], [ 14.232474121999985, 46.434021788000109 ], [ 14.232572176000133, 46.433992540000133 ], [ 14.232667728000024, 46.433990853000125 ], [ 14.232723418000035, 46.433891600000152 ], [ 14.23277514800003, 46.433889340000121 ], [ 14.232874424999977, 46.433941588000039 ], [ 14.232908740000084, 46.433943937000151 ], [ 14.232926429000031, 46.43388644099997 ], [ 14.233028388000037, 46.433885783000107 ], [ 14.233036560000187, 46.433862002000183 ], [ 14.233070741000063, 46.433859394000137 ], [ 14.233097428000065, 46.433875046000026 ], [ 14.233160588000146, 46.433884211000191 ], [ 14.233181150000064, 46.433858948000136 ], [ 14.23322509500008, 46.433883452000032 ], [ 14.233322356000031, 46.433886699000027 ], [ 14.233340331000022, 46.433872720000181 ], [ 14.233451720000062, 46.433866986000055 ], [ 14.233471335, 46.433854640000106 ], [ 14.23349372399997, 46.433858224000062 ], [ 14.233515017000059, 46.433849717000157 ], [ 14.233526719000167, 46.433839664000118 ], [ 14.233526246, 46.433820387000026 ], [ 14.233547159000068, 46.433828400999971 ], [ 14.233560752000017, 46.433830445000183 ], [ 14.233574252000096, 46.433829187000072 ], [ 14.233581942, 46.433818078000115 ], [ 14.233567363000134, 46.43380833100008 ], [ 14.233551175000059, 46.433798058000036 ], [ 14.233543734000023, 46.433787131000145 ], [ 14.233548139000163, 46.433771658000182 ], [ 14.233578600999977, 46.433779560000119 ], [ 14.233605357000101, 46.433798523000178 ], [ 14.233626534000166, 46.433816998 ], [ 14.233679762000122, 46.433843355000135 ], [ 14.233695125000054, 46.433852537 ], [ 14.233707372000083, 46.433864505000145 ], [ 14.233732147000069, 46.433867513000052 ], [ 14.233747942000093, 46.433861819000072 ], [ 14.233750785000041, 46.433848012999988 ], [ 14.233750170000064, 46.433823239999981 ], [ 14.233789740000134, 46.433812852000017 ], [ 14.233810078000033, 46.433797748000188 ], [ 14.233832690000156, 46.433810138000183 ], [ 14.233849400000111, 46.433809395000026 ], [ 14.233891262000043, 46.433795129000089 ], [ 14.233945426000048, 46.433794486000124 ], [ 14.234006727000065, 46.433825152000168 ], [ 14.234063643000184, 46.433824200000061 ], [ 14.234223379000071, 46.433824228000105 ], [ 14.234281244000158, 46.433844475000058 ], [ 14.234368996000114, 46.433849487000145 ], [ 14.234416238000108, 46.433826892000127 ], [ 14.234499345000131, 46.433837475000189 ], [ 14.234493024000074, 46.433871696000097 ], [ 14.23461891200003, 46.433872404000169 ], [ 14.234776776000103, 46.433845743000177 ], [ 14.234820398000181, 46.433811129000162 ], [ 14.234966600000178, 46.433790615000078 ], [ 14.234987700000147, 46.433774388000074 ], [ 14.235019507, 46.433739868000032 ], [ 14.235031419000109, 46.433738622000135 ], [ 14.235143552000068, 46.433730684000182 ], [ 14.235144224000123, 46.433789610000076 ], [ 14.235191428000121, 46.433797857000116 ], [ 14.23530195100011, 46.4337254940001 ], [ 14.2353402170001, 46.433726695000075 ], [ 14.235411705000161, 46.43368618400001 ], [ 14.235459390000074, 46.433681759000137 ], [ 14.235509555000078, 46.433648668000103 ], [ 14.23554675400004, 46.433638865000091 ], [ 14.235557730000039, 46.433632129000102 ], [ 14.235588399000051, 46.433583842000075 ], [ 14.235616890000188, 46.433576347000098 ], [ 14.235951710000165, 46.433521692999989 ], [ 14.236021766000079, 46.433455866000145 ], [ 14.236075320000054, 46.433430998000063 ], [ 14.23610399100005, 46.433424168000045 ], [ 14.236175099999969, 46.433407223000131 ], [ 14.236372272000153, 46.433413449000113 ], [ 14.236490739000089, 46.433382544000153 ], [ 14.236642633000031, 46.433371924000141 ], [ 14.236770753000144, 46.43333460000008 ], [ 14.236816186000112, 46.433335708000186 ], [ 14.236954937000121, 46.433323554000026 ], [ 14.237242337000112, 46.433123346000173 ], [ 14.237506232000158, 46.432957782000187 ], [ 14.237561184000072, 46.432881412000086 ], [ 14.237975256000084, 46.432582761000106 ], [ 14.238143202000117, 46.432784228000173 ], [ 14.238404878000097, 46.432838569000182 ], [ 14.238948029000028, 46.433168243000068 ], [ 14.239107614000147, 46.433206341000016 ], [ 14.239212775000055, 46.433267048000175 ], [ 14.239246627, 46.433365541000057 ], [ 14.239351446000057, 46.433387519000121 ], [ 14.239426746000106, 46.433425637000084 ], [ 14.239566823000018, 46.43339140900008 ], [ 14.239595453000106, 46.433384497000191 ], [ 14.239622662000158, 46.433401646000107 ], [ 14.239714078000077, 46.433382000999984 ], [ 14.239765599000123, 46.433409725000161 ], [ 14.239817590000087, 46.433348673000069 ], [ 14.239894752000112, 46.433321754000076 ], [ 14.23997252200013, 46.433371467000029 ], [ 14.240146334000144, 46.433318797000084 ], [ 14.240245507000054, 46.433332181000139 ], [ 14.240312948000053, 46.433371116000103 ], [ 14.240388898000106, 46.43347187500018 ], [ 14.240398498000047, 46.433499861000143 ], [ 14.240436698000167, 46.433508204000077 ], [ 14.240499003000082, 46.433508897000195 ], [ 14.24059902900018, 46.433560315000193 ], [ 14.240540238000051, 46.433620054000073 ], [ 14.240608266000152, 46.433623707000095 ], [ 14.240682572000082, 46.433615956000097 ], [ 14.240695631, 46.433647810000082 ], [ 14.240791919000173, 46.433638669000118 ], [ 14.240888016000042, 46.433639995000192 ], [ 14.240961782999989, 46.433678114000088 ], [ 14.241217616000142, 46.433732810000151 ], [ 14.241329891000078, 46.433764030000077 ], [ 14.241582172999983, 46.433807822000176 ], [ 14.241703251000047, 46.433808830000032 ], [ 14.2417337, 46.433827573000087 ], [ 14.24189603100001, 46.433899988000121 ], [ 14.241995804, 46.433872662000169 ], [ 14.242198181000163, 46.433841202000053 ], [ 14.242230316000075, 46.433821936000072 ], [ 14.242351996000025, 46.433817019000116 ], [ 14.24246362700012, 46.433781312000065 ], [ 14.242661871000166, 46.433768211000142 ], [ 14.242726371000174, 46.433760825000093 ], [ 14.242757366000149, 46.433777132000102 ], [ 14.24289647300003, 46.43378631000013 ], [ 14.242988866000132, 46.433812198000169 ], [ 14.2431765, 46.433820709000088 ], [ 14.243251722000025, 46.433799201000056 ], [ 14.243391984000084, 46.43378554300017 ], [ 14.243393287000117, 46.433768456999985 ], [ 14.243413223000175, 46.433753624000133 ], [ 14.243429088000141, 46.43375532400006 ], [ 14.243472575999988, 46.433778713000152 ], [ 14.243597547000149, 46.433773642000176 ], [ 14.243696383000156, 46.433733825000161 ], [ 14.243748713, 46.433741929000121 ], [ 14.243791515, 46.433790533000035 ], [ 14.243917119000116, 46.433749261000173 ], [ 14.243997556000068, 46.433738509000193 ], [ 14.244056078000142, 46.433752681000101 ], [ 14.24416205, 46.433795248000195 ], [ 14.244172150000168, 46.433824291000178 ], [ 14.244243929000163, 46.433834408000052 ], [ 14.244439168000042, 46.433861914000033 ], [ 14.244455827000081, 46.433876185000031 ], [ 14.244473092000021, 46.43391268400012 ], [ 14.244532085000174, 46.433887103000075 ], [ 14.244561924000095, 46.43389729300003 ], [ 14.24468, 46.433969615000137 ], [ 14.244717819000073, 46.433986157000049 ], [ 14.244721825000056, 46.434016535000126 ], [ 14.244836408000026, 46.434014353000123 ], [ 14.244948412000099, 46.434102496000037 ], [ 14.245006036000063, 46.434111168000186 ], [ 14.245041508000156, 46.434146173000158 ], [ 14.24511069800019, 46.434175806000042 ], [ 14.245162585000116, 46.43414717800016 ], [ 14.245372140000143, 46.434152929 ], [ 14.245451825999965, 46.434126031000119 ], [ 14.245591132000129, 46.434094042000027 ], [ 14.245697613000175, 46.43410697600001 ], [ 14.245832026000187, 46.434096906000093 ], [ 14.245994628000119, 46.434118839000064 ], [ 14.246158869000112, 46.434220321000112 ], [ 14.246188018000169, 46.434256148000145 ], [ 14.246279685, 46.434280456000181 ], [ 14.24633285900012, 46.434275100000093 ], [ 14.246375391000129, 46.434246537000149 ], [ 14.246496630000081, 46.434253297000168 ], [ 14.246510604000036, 46.434261787000139 ], [ 14.246550150000076, 46.434309210000094 ], [ 14.246550643000035, 46.434397126000079 ], [ 14.246587532000149, 46.434423409000033 ], [ 14.246661245000155, 46.434420715000158 ], [ 14.246878136000021, 46.434527344000173 ], [ 14.247048520000135, 46.434551607000117 ], [ 14.247462574999986, 46.434709580000174 ], [ 14.24760140900014, 46.434727958000053 ], [ 14.247858593999979, 46.434772507000105 ], [ 14.247951416000035, 46.43477397800018 ], [ 14.248003541000173, 46.434779813000034 ], [ 14.248043358000189, 46.434811534000062 ], [ 14.248205848000111, 46.434869399000149 ], [ 14.248317150000105, 46.434881824 ], [ 14.248399884000037, 46.434926643000097 ], [ 14.248453027000039, 46.434994029000165 ], [ 14.248558999000124, 46.435004355000103 ], [ 14.248896876000117, 46.435007391 ], [ 14.249013599000079, 46.434976712000037 ], [ 14.249127847000125, 46.434935796000048 ], [ 14.249152675000062, 46.434944198000039 ], [ 14.249224881000146, 46.434868566000148 ], [ 14.249265875000162, 46.434832277000112 ], [ 14.249285563, 46.434831390000113 ], [ 14.249325693000117, 46.434845967000172 ], [ 14.24935830600009, 46.434858482000038 ], [ 14.249516867000125, 46.434936567000193 ], [ 14.249605341000176, 46.434955786000103 ], [ 14.249788406000164, 46.435053153000069 ], [ 14.249782860000039, 46.435122088000185 ], [ 14.249845300000061, 46.435144756000113 ], [ 14.249959763000049, 46.435207448000142 ], [ 14.250035363000052, 46.435237234000112 ], [ 14.25017817700018, 46.43524134300003 ], [ 14.250303528000131, 46.435302212000181 ], [ 14.250292805000072, 46.435338745000081 ], [ 14.250324146000082, 46.435379304000151 ], [ 14.250383864000014, 46.435397936000072 ], [ 14.250433415000145, 46.435421713000039 ], [ 14.250521333000108, 46.435472841000148 ], [ 14.250540074000185, 46.435483820000115 ], [ 14.2505845660001, 46.435493081000061 ], [ 14.250641616000053, 46.435491462000186 ], [ 14.250686469000129, 46.435494270000049 ], [ 14.250712039000121, 46.435504250000179 ], [ 14.25074166800016, 46.435526649000167 ], [ 14.250741714000128, 46.43553938000008 ], [ 14.250793300000169, 46.435513872000115 ], [ 14.250896133000026, 46.435509250000052 ], [ 14.250951823000037, 46.435532826000042 ], [ 14.250988320000147, 46.435554981000053 ], [ 14.251070863000109, 46.43559752200008 ], [ 14.251052329000174, 46.435681075000161 ], [ 14.251091932000179, 46.435699885000133 ], [ 14.251134642000181, 46.435715341000162 ], [ 14.251167470000041, 46.435749140000041 ], [ 14.251215626000089, 46.435759560000179 ], [ 14.251231914000016, 46.435801842000103 ], [ 14.251283468000054, 46.435819395000067 ], [ 14.251287008000133, 46.435832592000168 ], [ 14.25124685500009, 46.43588330700004 ], [ 14.251131906000126, 46.435882565000156 ], [ 14.251147366000168, 46.435893400000054 ], [ 14.251191880000079, 46.435917119000123 ], [ 14.251267705999965, 46.435947056000032 ], [ 14.251323282000158, 46.435966205000113 ], [ 14.251356746000056, 46.435994475000143 ], [ 14.25145795800006, 46.436138858000106 ], [ 14.25149288700004, 46.436183824000125 ], [ 14.251645510000174, 46.436290744000075 ], [ 14.251887947000057, 46.436298064000141 ], [ 14.252171005000037, 46.436376135000103 ], [ 14.252419921000183, 46.436381719000053 ], [ 14.252749942000037, 46.436389116000043 ], [ 14.252980176999984, 46.436559110000076 ], [ 14.25300597800009, 46.436578156000053 ], [ 14.253192682000076, 46.436629737000146 ], [ 14.253439121000156, 46.436712328000112 ], [ 14.253925832000164, 46.436913006000054 ], [ 14.254305961999989, 46.437121377000153 ], [ 14.254431558000078, 46.437199360000079 ], [ 14.254788494000138, 46.437328562000118 ], [ 14.255065877000106, 46.437470911000105 ], [ 14.25522401000012, 46.437541163000049 ], [ 14.255247900000143, 46.437545559000057 ], [ 14.255365378000079, 46.437566474000107 ], [ 14.255382579000184, 46.43757551300007 ], [ 14.255404627000075, 46.43758640100009 ], [ 14.255621942000175, 46.437731932000133 ], [ 14.255878541000186, 46.437953261000018 ], [ 14.256042175000061, 46.438133412000127 ], [ 14.256193068000186, 46.438183209000044 ], [ 14.256363857, 46.438393892000192 ], [ 14.256437609999978, 46.438499553000099 ], [ 14.256519925000134, 46.438734612000133 ], [ 14.2565398160001, 46.43877495900017 ], [ 14.256557522000151, 46.438810874000012 ], [ 14.256854477000104, 46.43910943000003 ], [ 14.256843435000064, 46.439187705000052 ], [ 14.25696251300019, 46.439256740000133 ], [ 14.257185737000157, 46.439289216000191 ], [ 14.257243525000149, 46.439381869000101 ], [ 14.257318308000038, 46.439386664000097 ], [ 14.257811122000135, 46.439453398000069 ], [ 14.257881781000037, 46.439452917000153 ], [ 14.258036787000037, 46.439545414000065 ], [ 14.258285744000148, 46.439606469000069 ], [ 14.258555716000103, 46.439617242000168 ], [ 14.258642214000133, 46.439629768000088 ], [ 14.258760382000162, 46.439614236000068 ], [ 14.258836754000072, 46.439612898000121 ], [ 14.259025980000104, 46.439589594000154 ], [ 14.259230236000121, 46.439608454000108 ], [ 14.259369606000121, 46.439622980000081 ], [ 14.259435384000028, 46.43959545600012 ], [ 14.259562118000076, 46.439563210000131 ], [ 14.259608366000123, 46.439612049000175 ], [ 14.25978687300011, 46.439578304000122 ], [ 14.259991240000033, 46.439596082000151 ], [ 14.260067180000078, 46.439553900000078 ], [ 14.260238465000157, 46.439501048000125 ], [ 14.260396449000098, 46.439500397000131 ], [ 14.260606919000054, 46.439532646000089 ], [ 14.260760628000071, 46.439556196000069 ], [ 14.261040014000116, 46.439554200000089 ], [ 14.261398787000076, 46.439536804000056 ], [ 14.261478431000057, 46.439515140000026 ], [ 14.261524679000161, 46.439502564000065 ], [ 14.261581187000047, 46.439487189000147 ], [ 14.261860877000117, 46.439587395000046 ], [ 14.262083871000073, 46.43962673700014 ], [ 14.262215281000124, 46.439649926000186 ], [ 14.262505590000046, 46.439632003000042 ], [ 14.262630706000095, 46.43960797200009 ], [ 14.262874904000057, 46.43956107300005 ], [ 14.262894841000048, 46.439557813000135 ], [ 14.262927883000089, 46.43955241000009 ], [ 14.262981794000041, 46.439543596000078 ], [ 14.263132005000102, 46.439519036000036 ], [ 14.263277823000067, 46.439499406000152 ], [ 14.263347444999965, 46.439506757000174 ], [ 14.263466926000035, 46.439439918000062 ], [ 14.26357820700008, 46.439377662000027 ], [ 14.263702716000182, 46.439245471000049 ], [ 14.26393000000013, 46.439164537000067 ], [ 14.264070891000188, 46.439087968000024 ], [ 14.264394218000177, 46.438912258000073 ], [ 14.264632783000138, 46.438668563000078 ], [ 14.264936724000108, 46.438595731000078 ], [ 14.265294221000147, 46.438633665000054 ], [ 14.265713568000081, 46.438749818000133 ], [ 14.265864342000157, 46.438949935000096 ], [ 14.265939669999966, 46.43904991800008 ], [ 14.265968212000018, 46.439068291000126 ], [ 14.265995227000019, 46.439085678000026 ], [ 14.266126131000021, 46.439169948000085 ], [ 14.266148688000044, 46.439248669000108 ], [ 14.266361982000092, 46.439354714000103 ], [ 14.266434390000029, 46.439532896000117 ], [ 14.266464357000132, 46.439580606000106 ], [ 14.266662009000129, 46.43965456900014 ], [ 14.266760746000045, 46.439636848000191 ], [ 14.267126555000061, 46.439635302000056 ], [ 14.267399640000178, 46.439566187000082 ], [ 14.26743768700004, 46.439556555000195 ], [ 14.267455284000164, 46.439550563000068 ], [ 14.267552068000157, 46.43952521000017 ], [ 14.267568782000126, 46.439520845000061 ], [ 14.267591780000089, 46.439529303000086 ], [ 14.267782259000114, 46.439599356000087 ], [ 14.267839462000154, 46.439618592000102 ], [ 14.267896577000158, 46.439625143000171 ], [ 14.267922498000075, 46.439634108000121 ], [ 14.267960832000028, 46.43965349900003 ], [ 14.268008582999983, 46.439683248000108 ], [ 14.268091760000061, 46.439691745000175 ], [ 14.268182491000175, 46.439715656000089 ], [ 14.268252169000107, 46.439733890000184 ], [ 14.268346534000159, 46.439749674000097 ], [ 14.268423757000051, 46.439760018000072 ], [ 14.268475891000151, 46.439764541000159 ], [ 14.268519699000024, 46.439769131 ], [ 14.268659959999979, 46.439774642000032 ], [ 14.268745264000131, 46.439785739000115 ], [ 14.268771873000105, 46.439789201000053 ], [ 14.268838018000167, 46.439806295000039 ], [ 14.268857317000084, 46.439808476000167 ], [ 14.268903222000063, 46.439867949000188 ], [ 14.268936379000024, 46.439880616000096 ], [ 14.268981596000117, 46.439906787000041 ], [ 14.268987847, 46.439967826000043 ], [ 14.269040604000054, 46.440039012000057 ], [ 14.269067818000167, 46.440100600000164 ], [ 14.269085457000131, 46.440135094000027 ], [ 14.269095513000082, 46.440175139000189 ], [ 14.269112611000025, 46.440215936000129 ], [ 14.269159531000014, 46.440235076000079 ], [ 14.269212510000045, 46.440243279000185 ], [ 14.269221935000019, 46.440276851000078 ], [ 14.269222769000123, 46.440333166000073 ], [ 14.269254733000082, 46.440400060000059 ], [ 14.269280326000171, 46.440433823000092 ], [ 14.269277563, 46.440467864000027 ], [ 14.269291539000108, 46.440509550000058 ], [ 14.269305948000124, 46.440554444000043 ], [ 14.269333521000021, 46.440614230000051 ], [ 14.269353991000116, 46.440662017000193 ], [ 14.269382479000171, 46.440706769000144 ], [ 14.269422171000087, 46.440744592000158 ], [ 14.269459321000113, 46.440770740000175 ], [ 14.269472529000154, 46.440820025999983 ], [ 14.269492521000018, 46.440839836000066 ], [ 14.26952552, 46.440866827000036 ], [ 14.269550712000125, 46.440886324000189 ], [ 14.269589718000191, 46.440922893000106 ], [ 14.269617113000038, 46.440948580000168 ], [ 14.269674824000106, 46.441012617000069 ], [ 14.269745732000104, 46.441064490000144 ], [ 14.269816407, 46.441102689000047 ], [ 14.269825804000163, 46.441107581000097 ], [ 14.269895855000186, 46.441144054000176 ], [ 14.269991131000097, 46.441174944000068 ], [ 14.270018599000025, 46.441198111000119 ], [ 14.270039746000123, 46.441247333000092 ], [ 14.270102598000165, 46.441249778000042 ], [ 14.270222196000134, 46.441255365000075 ], [ 14.270275166000033, 46.441257051000036 ], [ 14.270325877000062, 46.441258664000088 ], [ 14.270400782000138, 46.441270376000148 ], [ 14.270526983000025, 46.441290575000153 ], [ 14.270683952000127, 46.441283619999979 ], [ 14.27081140700011, 46.441278346999979 ], [ 14.27088308499998, 46.441314287000125 ], [ 14.271038248000139, 46.441300599000044 ], [ 14.271102316999986, 46.441310331000182 ], [ 14.271167248000154, 46.441339939000102 ], [ 14.27124783000005, 46.441363840000065 ], [ 14.271332579000045, 46.441372682000065 ], [ 14.271400150000034, 46.441389222000055 ], [ 14.271455798000034, 46.441416386000128 ], [ 14.271513510000034, 46.441419603000156 ], [ 14.271564845000114, 46.441430518000061 ], [ 14.271614273000068, 46.441451525000105 ], [ 14.271679209000126, 46.441481402000193 ], [ 14.27172498800013, 46.441517375000046 ], [ 14.271767546999968, 46.441555264000101 ], [ 14.271808745000044, 46.441612417000101 ], [ 14.271915937000188, 46.441670109000086 ], [ 14.272073110000122, 46.441781013000025 ], [ 14.27217440700008, 46.441851528000086 ], [ 14.272200619000103, 46.441877314000067 ], [ 14.272249255000077, 46.441905256000098 ], [ 14.272277158000122, 46.441922966000163 ], [ 14.272321889000011, 46.441951355000072 ], [ 14.272383476000073, 46.441958330000034 ], [ 14.27239374200019, 46.441959492000137 ], [ 14.272440085000028, 46.441975216 ], [ 14.272448640000107, 46.441980005000175 ], [ 14.272514860000115, 46.44201706900003 ], [ 14.272559165000132, 46.442058091000035 ], [ 14.272616207000056, 46.44207534700007 ], [ 14.272678227000029, 46.44207933600012 ], [ 14.272704600000168, 46.442065144000026 ], [ 14.272728649000101, 46.442052201000081 ], [ 14.272764557000073, 46.442013578000171 ], [ 14.272848829999987, 46.442055172000039 ], [ 14.272916182000074, 46.442096816000117 ], [ 14.272944161000169, 46.442111790000126 ], [ 14.273003069000083, 46.44210887700018 ], [ 14.273109777, 46.442138230000182 ], [ 14.273208563000026, 46.442176107000193 ], [ 14.273329091000051, 46.442206876000171 ], [ 14.273400237999965, 46.442226985000161 ], [ 14.273431226000071, 46.442250392000062 ], [ 14.273471925000138, 46.442263283000159 ], [ 14.273521877000178, 46.442261793 ], [ 14.273607924000089, 46.44226279500009 ], [ 14.273695736000093, 46.442275658000028 ], [ 14.273761998000055, 46.442291668999985 ], [ 14.273827068000116, 46.442321544000094 ], [ 14.273883902000023, 46.44233430100013 ], [ 14.273923253000191, 46.44232939 ], [ 14.273993406000045, 46.442314327000076 ], [ 14.274098458000026, 46.442307975000119 ], [ 14.27417857800009, 46.442320002000145 ], [ 14.274256826000169, 46.442351838000093 ], [ 14.274290741000016, 46.442386467 ], [ 14.274336805000132, 46.442416138000112 ], [ 14.27438046300017, 46.442411910000089 ], [ 14.274469256000145, 46.442383469000163 ], [ 14.274565288000076, 46.442442779000089 ], [ 14.274665434000042, 46.442483971000115 ], [ 14.274838367000029, 46.442542199000115 ], [ 14.275011600000084, 46.442602672000078 ], [ 14.275078363000034, 46.442662853000172 ], [ 14.275111653000124, 46.442683813000144 ], [ 14.275140711, 46.44270093800003 ], [ 14.275197225000056, 46.442725214000063 ], [ 14.275469749000081, 46.442830124000068 ], [ 14.275682449000101, 46.442892341000118 ], [ 14.276140834000103, 46.442846367000072 ], [ 14.276693932, 46.442738070000075 ], [ 14.276930702000072, 46.442761983000025 ], [ 14.27753892100003, 46.442823406000059 ], [ 14.277718740000068, 46.442899522000118 ], [ 14.278272360000074, 46.443133867000029 ], [ 14.278829190000124, 46.443218696000031 ], [ 14.279307175000156, 46.4433351240001 ], [ 14.279678998000065, 46.44327356600013 ], [ 14.279911647000063, 46.443254727000124 ], [ 14.28008457500016, 46.443267151000043 ], [ 14.280196919000048, 46.443321013000059 ], [ 14.280307181000126, 46.443382360000101 ], [ 14.28049972600013, 46.443400200000156 ], [ 14.280540664000171, 46.443366661000141 ], [ 14.280607030000112, 46.443335881000053 ], [ 14.280694472999983, 46.443312214000173 ], [ 14.280814207000105, 46.443281802000115 ], [ 14.280907245000037, 46.443310631000088 ], [ 14.280985956000052, 46.443319291000137 ], [ 14.281000744000039, 46.443320923000101 ], [ 14.28113723600012, 46.443318712000178 ], [ 14.281279902000051, 46.443214693000186 ], [ 14.28153734, 46.443094426000073 ], [ 14.281604647000165, 46.443050413000094 ], [ 14.28176715, 46.443039618000171 ], [ 14.281892701, 46.443044425000096 ], [ 14.282008440000084, 46.443061369000077 ], [ 14.282148228000096, 46.44306911700005 ], [ 14.282229127000164, 46.443088329000034 ], [ 14.282287665000183, 46.443116544000134 ], [ 14.28235160100013, 46.443142303000059 ], [ 14.282408248000138, 46.443165118000081 ], [ 14.282431405000182, 46.44317497500009 ], [ 14.282498684000132, 46.443203612000048 ], [ 14.282535949000135, 46.443241253000053 ], [ 14.282594449000158, 46.443319672000086 ], [ 14.282640609000055, 46.443399543000169 ], [ 14.282651661000102, 46.443420211000102 ], [ 14.282687693000071, 46.443487592999986 ], [ 14.28270379900016, 46.443538203000116 ], [ 14.282710732000112, 46.443607604000078 ], [ 14.282733007000104, 46.443653573000063 ], [ 14.282785594000075, 46.443721336000067 ], [ 14.282827652000037, 46.443744828000092 ], [ 14.282900469000083, 46.4437558300001 ], [ 14.282990255000072, 46.44373960900009 ], [ 14.283089949000157, 46.443761904000041 ], [ 14.283210416000088, 46.44377367900006 ], [ 14.283341811000184, 46.443807587000038 ], [ 14.28341084800013, 46.443818260000114 ], [ 14.283498162000058, 46.443847045000098 ], [ 14.283555079000053, 46.44383433600018 ], [ 14.283622493000166, 46.44381155300016 ], [ 14.28368298900017, 46.443802593000157 ], [ 14.283748675000083, 46.443807626000137 ], [ 14.283812785000066, 46.443819419000135 ], [ 14.283880229000147, 46.44382821500011 ], [ 14.283944096000027, 46.443841000000191 ], [ 14.28399574700012, 46.443862253000077 ], [ 14.285059955000065, 46.443484791000117 ], [ 14.28507771, 46.443480396000041 ], [ 14.285558120000132, 46.44336161200016 ], [ 14.285797561000152, 46.443105360000118 ], [ 14.285934071000099, 46.443074352 ], [ 14.285975320000034, 46.443066361000149 ], [ 14.286042138000084, 46.443039353000074 ], [ 14.286137850000159, 46.443004906000112 ], [ 14.286174069000026, 46.442992008000147 ], [ 14.286216766000109, 46.442970060000107 ], [ 14.28625715600009, 46.442942642000105 ], [ 14.286295401000132, 46.442911643000116 ], [ 14.286328919000084, 46.442885722000028 ], [ 14.286387186000184, 46.442853567000157 ], [ 14.286464685000112, 46.442819541000176 ], [ 14.286498909000102, 46.442804321000153 ], [ 14.286529925000025, 46.442784179000057 ], [ 14.286557806000076, 46.442778368000063 ], [ 14.286601194000127, 46.44275866300012 ], [ 14.286670134000133, 46.442733976000113 ], [ 14.286743341999966, 46.442715192000151 ], [ 14.286809857000094, 46.442708159000176 ], [ 14.286880491000034, 46.442705951000164 ], [ 14.286947063000071, 46.442709715000149 ], [ 14.287004154999977, 46.442714546000104 ], [ 14.287065625000082, 46.442731669000182 ], [ 14.287095005000026, 46.442737181000098 ], [ 14.287121105000097, 46.442748570000049 ], [ 14.287132544000031, 46.442747755000084 ], [ 14.287165124000069, 46.442750183000101 ], [ 14.287197893000041, 46.442755937000072 ], [ 14.287228632000165, 46.442757300000096 ], [ 14.287314929000104, 46.442757659 ], [ 14.287336782000068, 46.442756938000059 ], [ 14.287387896000041, 46.442754892000039 ], [ 14.287474294000049, 46.442746164000027 ], [ 14.287545260000059, 46.442748001000098 ], [ 14.28757852200016, 46.442752222000195 ], [ 14.287650350999968, 46.44275882 ], [ 14.28770449700005, 46.442773933000126 ], [ 14.287757197000133, 46.442788159000031 ], [ 14.287851054000157, 46.442818955000121 ], [ 14.287860730000091, 46.442821484000035 ], [ 14.287883743000123, 46.442782873000169 ], [ 14.287921052000115, 46.442750533000151 ], [ 14.287956277999967, 46.442718119000119 ], [ 14.287996931000066, 46.44268350100009 ], [ 14.288041355000189, 46.442641203000164 ], [ 14.288077856000086, 46.442599872000187 ], [ 14.288113669000154, 46.442541451000068 ], [ 14.288142432000086, 46.442489298000112 ], [ 14.28817992200004, 46.44244498900008 ], [ 14.288202275000174, 46.442413313000145 ], [ 14.288238426000078, 46.442374323000081 ], [ 14.288257208, 46.442346815000121 ], [ 14.288309218000052, 46.442321549000155 ], [ 14.288387417000024, 46.442290575000072 ], [ 14.288468501000182, 46.442260748000194 ], [ 14.288544819000094, 46.442226371000118 ], [ 14.288667563000104, 46.442174871000134 ], [ 14.288729146000151, 46.442153844000075 ], [ 14.288844165000171, 46.442107178000128 ], [ 14.288947632000145, 46.442069875000129 ], [ 14.289030384000057, 46.442038773000036 ], [ 14.289122245000101, 46.442014973000028 ], [ 14.289226932000133, 46.441987827000105 ], [ 14.289341050000189, 46.441964199000097 ], [ 14.289428211000029, 46.441947097000082 ], [ 14.289516757000058, 46.441927192000151 ], [ 14.289611740000169, 46.441910833000122 ], [ 14.289702872000078, 46.441890097000169 ], [ 14.289752147000172, 46.441879698000093 ], [ 14.289779397000132, 46.441875062000065 ], [ 14.289819980000175, 46.441851420000091 ], [ 14.289859296000031, 46.441822210000169 ], [ 14.28989795800004, 46.441792916000054 ], [ 14.28993840000004, 46.441761178000093 ], [ 14.289974037000036, 46.441737578000073 ], [ 14.290018295000152, 46.441708237000057 ], [ 14.290061051000123, 46.441682327000194 ], [ 14.290103648000013, 46.441654710000137 ], [ 14.290169752000168, 46.441639221 ], [ 14.290258682000058, 46.44160419800005 ], [ 14.290335027000083, 46.441578907000178 ], [ 14.290403253000022, 46.441558182000165 ], [ 14.290454590000081, 46.441561532000094 ], [ 14.290513022000141, 46.441561223000122 ], [ 14.290581919999966, 46.441556597000101 ], [ 14.290677762000087, 46.441544729000043 ], [ 14.290777339000101, 46.441530580000176 ], [ 14.290921529000116, 46.441514887000039 ], [ 14.290964241000097, 46.441502824 ], [ 14.291049334000093, 46.441485115000035 ], [ 14.291144894000013, 46.441464612000061 ], [ 14.291246691000026, 46.441443425000159 ], [ 14.291293462000056, 46.441431338000143 ], [ 14.291321588000073, 46.441424714000107 ], [ 14.291415427000118, 46.441402515000163 ], [ 14.291476741000054, 46.441388506000123 ], [ 14.291498781000087, 46.441383642000119 ], [ 14.291555058000029, 46.441364367000176 ], [ 14.29168198300016, 46.44131417900013 ], [ 14.291750336, 46.441278428000089 ], [ 14.29185351000001, 46.441224570000088 ], [ 14.291956584000047, 46.441172422000193 ], [ 14.292001353000103, 46.44115747100011 ], [ 14.292059774000052, 46.441134309000176 ], [ 14.292159773000037, 46.441107289000058 ], [ 14.292204540000114, 46.441099626000039 ], [ 14.292235459000096, 46.441081552000128 ], [ 14.292312344000152, 46.441042670000115 ], [ 14.29236325300019, 46.440984481000044 ], [ 14.292386590000092, 46.44095711500006 ], [ 14.292445317000045, 46.440892113000189 ], [ 14.292483896000135, 46.440877529000034 ], [ 14.292525236000188, 46.440855544000101 ], [ 14.292584337, 46.440832627000077 ], [ 14.29260732500012, 46.440822304 ], [ 14.292656365000141, 46.440800282000168 ], [ 14.292726781000056, 46.440763523000044 ], [ 14.292842875000076, 46.440748873000075 ], [ 14.292947778000155, 46.440734317000135 ], [ 14.292976487000146, 46.440729038000143 ], [ 14.293054104000078, 46.440714765000109 ], [ 14.293107239000108, 46.440698970000142 ], [ 14.293163347000132, 46.440692417000037 ], [ 14.293173608000188, 46.440691215000072 ], [ 14.293287874000043, 46.440683688000092 ], [ 14.293363354000064, 46.440638878000129 ], [ 14.293450291000056, 46.440586955000185 ], [ 14.293563922000146, 46.440543265000088 ], [ 14.293640982000113, 46.440514367000048 ], [ 14.293756240000107, 46.440459596000039 ], [ 14.293860258000166, 46.440424353000026 ], [ 14.293881914000167, 46.440412476000063 ], [ 14.293970249000097, 46.440351273000033 ], [ 14.29405100800011, 46.440303359000154 ], [ 14.294108845000039, 46.440276693000101 ], [ 14.294192274000125, 46.440254758000151 ], [ 14.29425405700016, 46.440215731000194 ], [ 14.29430131100014, 46.440194100999975 ], [ 14.294327615000043, 46.440143136000131 ], [ 14.294376818000103, 46.440106572000104 ], [ 14.294402461000175, 46.440092033000099 ], [ 14.294436739000162, 46.440050449000182 ], [ 14.294475342000055, 46.440025383000091 ], [ 14.294548170000041, 46.439977895000027 ], [ 14.29457349, 46.439952401000085 ], [ 14.294631389000131, 46.439929331000144 ], [ 14.294705485, 46.439902257000028 ], [ 14.294795577, 46.439884045000099 ], [ 14.294941956000116, 46.439865 ], [ 14.294949886000097, 46.439843124000163 ], [ 14.294976502000168, 46.439816575 ], [ 14.294999964000112, 46.439803808000136 ], [ 14.295061455000166, 46.439770335000105 ], [ 14.295142923000128, 46.439748057000031 ], [ 14.295226266000043, 46.439736110000013 ], [ 14.295292719000088, 46.439733211000032 ], [ 14.295336214000088, 46.439742111999976 ], [ 14.295407782000154, 46.439719288000049 ], [ 14.295525686000133, 46.43970408000007 ], [ 14.295621007000079, 46.439685014000077 ], [ 14.295719035000047, 46.439671863000115 ], [ 14.295804329000191, 46.439674744000115 ], [ 14.29586799700013, 46.439683655000067 ], [ 14.29595031499997, 46.439709594000135 ], [ 14.295995361000166, 46.439732697000181 ], [ 14.296054432000176, 46.439717084000051 ], [ 14.296111927000027, 46.43970067500004 ], [ 14.296180973000048, 46.439697971000157 ], [ 14.29620347000008, 46.43970058900004 ], [ 14.296246553000174, 46.439703861000112 ], [ 14.29630189400001, 46.439683331000026 ], [ 14.296332071000108, 46.439667602000043 ], [ 14.296366988999978, 46.439647693999973 ], [ 14.29640211200018, 46.43963201300005 ], [ 14.296466169000041, 46.439648298000066 ], [ 14.296516910000037, 46.439625198999977 ], [ 14.296576980000054, 46.439592483000126 ], [ 14.296670420000169, 46.439555347000066 ], [ 14.296736518000102, 46.439524920000167 ], [ 14.296795696000061, 46.439500668999983 ], [ 14.296851887000173, 46.439484091000054 ], [ 14.296884761000058, 46.43948120400006 ], [ 14.296905499000161, 46.439483729000187 ], [ 14.296948516000043, 46.439509818000147 ], [ 14.29704204300009, 46.439536651000139 ], [ 14.297131309000179, 46.439550655000062 ], [ 14.297196408000161, 46.439537420000136 ], [ 14.297261474000038, 46.439551807000157 ], [ 14.297325014000137, 46.439583030000165 ], [ 14.297363567000048, 46.439584775000014 ], [ 14.297432265000054, 46.439561614000183 ], [ 14.297509796000156, 46.439522722000163 ], [ 14.297590845, 46.439491448000012 ], [ 14.297629312000083, 46.439480957000171 ], [ 14.297683249000045, 46.439447303 ], [ 14.297742947000188, 46.439430425000069 ], [ 14.297814579000033, 46.43944070800012 ], [ 14.297895494999977, 46.439453610000101 ], [ 14.297954764, 46.43944924200008 ], [ 14.29799528500007, 46.43946662400009 ], [ 14.298053081999967, 46.439460019000194 ], [ 14.29809399700008, 46.439477578000151 ], [ 14.298137601000121, 46.439529483000058 ], [ 14.298200446000067, 46.439499172000126 ], [ 14.298264531000143, 46.439465343000109 ], [ 14.298328668000067, 46.439434571000049 ], [ 14.298377132000155, 46.439415268000118 ], [ 14.298442600000044, 46.439400859999978 ], [ 14.298504088000186, 46.439382167000133 ], [ 14.2985336160001, 46.439373911000189 ], [ 14.298610781000036, 46.439395482000066 ], [ 14.298670674999983, 46.439397046000067 ], [ 14.298738766000042, 46.439383695000117 ], [ 14.298803164000049, 46.439382431000183 ], [ 14.298902388999977, 46.439378175000172 ], [ 14.298959853000156, 46.439382189000128 ], [ 14.299043189000088, 46.43939938900013 ], [ 14.299125619000165, 46.439416957000162 ], [ 14.299209002000055, 46.43942201100009 ], [ 14.29927096, 46.439422567000122 ], [ 14.299366944000155, 46.439411680000035 ], [ 14.299412795000137, 46.439406613000017 ], [ 14.299454449, 46.439407072000165 ], [ 14.299503314000049, 46.43941052800011 ], [ 14.299590394000177, 46.439433364000195 ], [ 14.299638893000179, 46.439452928000037 ], [ 14.299674531000107, 46.439466393000032 ], [ 14.299687587000108, 46.439446668000073 ], [ 14.299723886000038, 46.439394537999988 ], [ 14.299776895000036, 46.439367369000138 ], [ 14.299822217999974, 46.439339815000039 ], [ 14.299859016000028, 46.439293799000097 ], [ 14.299921643000118, 46.439258540000139 ], [ 14.299967223000181, 46.439223426000069 ], [ 14.299989198000105, 46.439214963000154 ], [ 14.300036337000051, 46.439179745999979 ], [ 14.300070220000066, 46.439167583000142 ], [ 14.300152862000175, 46.439123518000144 ], [ 14.300237917000175, 46.439068726000073 ], [ 14.300312084000041, 46.439016366000146 ], [ 14.300374031999979, 46.438964918000181 ], [ 14.300459560000149, 46.438922179000087 ], [ 14.300556515999972, 46.43888537000015 ], [ 14.300629150000134, 46.438871441000174 ], [ 14.300681589000135, 46.438870906000034 ], [ 14.300727500000107, 46.43885459300003 ], [ 14.300749501000041, 46.438825526000187 ], [ 14.300754387000097, 46.438800113000127 ], [ 14.300793479000163, 46.438795554000194 ], [ 14.30088210800011, 46.438803082000106 ], [ 14.300984229000107, 46.438800778000086 ], [ 14.301057966000087, 46.438790347 ], [ 14.301112162000152, 46.438778822000074 ], [ 14.301202138000122, 46.438781480000102 ], [ 14.301263525000138, 46.438771945000099 ], [ 14.301323298, 46.438744645000156 ], [ 14.301377486000035, 46.438725383000133 ], [ 14.301436605000049, 46.438712646000056 ], [ 14.301506599000163, 46.438703957000143 ], [ 14.301525466000044, 46.438700837000056 ], [ 14.301597522000122, 46.438694009000073 ], [ 14.301669181000136, 46.43868386600019 ], [ 14.301729819000172, 46.438676065000152 ], [ 14.301787645000161, 46.438663789000032 ], [ 14.301843009000095, 46.438659451000035 ], [ 14.301892687000134, 46.438657411000065 ], [ 14.301918658999966, 46.438676265000026 ], [ 14.301972905000014, 46.438682283000162 ], [ 14.302044631000115, 46.438697961 ], [ 14.302075194000054, 46.438703180000175 ], [ 14.302112902000147, 46.438709619000122 ], [ 14.302164506000167, 46.438713410000162 ], [ 14.302244778000045, 46.438712010000188 ], [ 14.302305036000064, 46.438697374000071 ], [ 14.302358810999976, 46.438682046000054 ], [ 14.302369255000144, 46.438678746000107 ], [ 14.302439201000084, 46.438645403000123 ], [ 14.302483135000159, 46.438620288999971 ], [ 14.302521473000127, 46.438595222000117 ], [ 14.302538174000176, 46.43857564700005 ], [ 14.302549435000117, 46.43855017900006 ], [ 14.302561686000161, 46.438499782000065 ], [ 14.30256824300011, 46.438458609000122 ], [ 14.30260237300007, 46.43840901599998 ], [ 14.302635510000073, 46.438354933000085 ], [ 14.302661569000179, 46.438327270000173 ], [ 14.30270753200017, 46.438291882000101 ], [ 14.302703569000073, 46.438259256000038 ], [ 14.302757581000094, 46.43823009700003 ], [ 14.303594150000151, 46.437835406000147 ], [ 14.303620037000087, 46.437790742000175 ], [ 14.303487363000102, 46.4372079420001 ], [ 14.303475080000055, 46.43715398500018 ], [ 14.303429258, 46.436522596000088 ], [ 14.303445845000056, 46.436494420000031 ], [ 14.30347013700009, 46.436464848000071 ], [ 14.303522816000111, 46.436412037000082 ], [ 14.303557535000039, 46.436366487000043 ], [ 14.303581519999966, 46.43629538700003 ], [ 14.303582490000053, 46.436232758000074 ], [ 14.303613147000021, 46.436149005000175 ], [ 14.303621470999985, 46.43614065700018 ], [ 14.30367196200018, 46.436090025000055 ], [ 14.303706248000026, 46.436005431000183 ], [ 14.303740783000137, 46.435934870000096 ], [ 14.303808301, 46.435845675999985 ], [ 14.303859616000068, 46.435760037000136 ], [ 14.303932941000028, 46.435690047000037 ], [ 14.303999304000115, 46.435631092 ], [ 14.304111354000156, 46.435550697000053 ], [ 14.304218266000078, 46.435481411000183 ], [ 14.304317271, 46.435413992000178 ], [ 14.304446354000163, 46.435325444000114 ], [ 14.304542029000174, 46.435253734000071 ], [ 14.304654157000186, 46.43517783599998 ], [ 14.30475439900016, 46.435106716000178 ], [ 14.304856482000162, 46.435044129000062 ], [ 14.304944039000191, 46.434998939000195 ], [ 14.304980350999983, 46.434969930000193 ], [ 14.305021050000107, 46.434938814000134 ], [ 14.305045691999965, 46.434919441000034 ], [ 14.30509525399998, 46.43486710600007 ], [ 14.30512934800015, 46.43479385 ], [ 14.305159621000087, 46.43471801700008 ], [ 14.305173017000129, 46.434651684000187 ], [ 14.305168324000022, 46.434585325000114 ], [ 14.305177669000159, 46.43454736800004 ], [ 14.30518191699997, 46.434530148000078 ], [ 14.305208255000025, 46.434511029000134 ], [ 14.30528359300007, 46.434451998000156 ], [ 14.305387450000012, 46.434379498 ], [ 14.305507579000107, 46.434307309000189 ], [ 14.305611247000172, 46.434231483000133 ], [ 14.305722422000031, 46.434146054000053 ], [ 14.305792832000179, 46.434095342000148 ], [ 14.30585706100004, 46.434033704000171 ], [ 14.30593178700002, 46.433969640000043 ], [ 14.306001263000098, 46.433917585000074 ], [ 14.306086679000032, 46.433854598000096 ], [ 14.306162722000067, 46.43379870900003 ], [ 14.30623679100006, 46.433741577000092 ], [ 14.30701473300013, 46.432939161000149 ], [ 14.307561297, 46.432195661000094 ], [ 14.308243494000067, 46.431602785000052 ], [ 14.308949815000176, 46.430988915000057 ], [ 14.308988575000171, 46.431002530000058 ], [ 14.309101387000112, 46.431007307000186 ], [ 14.309251586000187, 46.431023858 ], [ 14.309303390000025, 46.431026142 ], [ 14.309369387000061, 46.431024616000059 ], [ 14.309388706000163, 46.431023649999986 ], [ 14.309483275000048, 46.43104084600003 ], [ 14.309588759000121, 46.431066587000089 ], [ 14.309644683000101, 46.431083933000082 ], [ 14.309701567, 46.431087945000058 ], [ 14.309764707999989, 46.431075845000123 ], [ 14.309843318000105, 46.431063613000049 ], [ 14.309895013000016, 46.431060436000053 ], [ 14.309947809000164, 46.431051959000115 ], [ 14.309990689000131, 46.431055129000015 ], [ 14.310047014000077, 46.431027827999969 ], [ 14.310103512000126, 46.431010314000162 ], [ 14.31012809900011, 46.431004805000157 ], [ 14.310157889000095, 46.431007285000135 ], [ 14.310196920000067, 46.431011288000036 ], [ 14.31024738900004, 46.431022580999979 ], [ 14.310299288000181, 46.431030162000184 ], [ 14.310341901000072, 46.431035098000052 ], [ 14.31036409, 46.431037482000079 ], [ 14.310443581000129, 46.43100747200009 ], [ 14.310537906000036, 46.430984803000058 ], [ 14.310594428000059, 46.430972983000174 ], [ 14.310652607000179, 46.430951882000102 ], [ 14.310711594, 46.430939592000129 ], [ 14.310788221000053, 46.430924182000126 ], [ 14.31083392700009, 46.430926040000088 ], [ 14.310906071000034, 46.430900052000084 ], [ 14.311011661000066, 46.430874227000174 ], [ 14.311115797000127, 46.430854443000101 ], [ 14.311260401000027, 46.430827385000043 ], [ 14.311392610000041, 46.430805740000096 ], [ 14.311489954000081, 46.43077737700014 ], [ 14.311573261000149, 46.430771625000034 ], [ 14.31176478000009, 46.430763149000029 ], [ 14.311849309000081, 46.430760267000153 ], [ 14.311941968000042, 46.43077539900014 ], [ 14.312062300000036, 46.430802710000194 ], [ 14.312177081000016, 46.430839695000145 ], [ 14.312330987000166, 46.430888852000066 ], [ 14.312429575000124, 46.430922647000102 ], [ 14.312513134000028, 46.430945504000135 ], [ 14.312588005000123, 46.430970145000117 ], [ 14.31266773700014, 46.430989976000035 ], [ 14.312729121000075, 46.431031647000054 ], [ 14.312795450000124, 46.431095138000046 ], [ 14.312839205000103, 46.431111498000178 ], [ 14.312876172000074, 46.431126657000107 ], [ 14.312918712, 46.431147885000087 ], [ 14.312953225000115, 46.43114228100012 ], [ 14.313006627000107, 46.431145062000098 ], [ 14.313082064000014, 46.431150445000128 ], [ 14.313140615000179, 46.431164698000146 ], [ 14.313200618000053, 46.431172821000189 ], [ 14.313286129000119, 46.431181175000177 ], [ 14.313357992000135, 46.431197565000105 ], [ 14.313439951000078, 46.431218275000049 ], [ 14.313510743000052, 46.43124753900014 ], [ 14.313579197000024, 46.431277092000187 ], [ 14.31365981100015, 46.431302493000089 ], [ 14.313747865000153, 46.431329269000173 ], [ 14.313845722000167, 46.431351194000115 ], [ 14.313905471000055, 46.431359678000092 ], [ 14.313976868000168, 46.431364644000155 ], [ 14.313994007000076, 46.431362518000128 ], [ 14.314022318000013, 46.431337712000072 ], [ 14.314067625000121, 46.431324459000109 ], [ 14.314135799999974, 46.431323874000157 ], [ 14.314213778000067, 46.431325724000146 ], [ 14.314300732000163, 46.431327407000026 ], [ 14.314361020000149, 46.431322392000027 ], [ 14.314431252000134, 46.431334925000101 ], [ 14.314526543999989, 46.431344454000055 ], [ 14.314595606000012, 46.431364375000044 ], [ 14.314700299000094, 46.431375623000065 ], [ 14.314784497000119, 46.431397753000113 ], [ 14.314884887000062, 46.431401300000175 ], [ 14.314961850000145, 46.431404598000086 ], [ 14.315036157000179, 46.431412148000163 ], [ 14.315062570000123, 46.431412011000077 ], [ 14.315118861000087, 46.431409098000074 ], [ 14.315216368000051, 46.431404303000136 ], [ 14.315298200000086, 46.431410528000015 ], [ 14.315377967000188, 46.431417850000116 ], [ 14.315443969000171, 46.431412155000089 ], [ 14.315488469000115, 46.431419240000025 ], [ 14.315538740000079, 46.431436173000122 ], [ 14.315621082000121, 46.431449141000144 ], [ 14.31569843800014, 46.431459813000117 ], [ 14.315794832000108, 46.431458176000092 ], [ 14.315939813000114, 46.431459359000087 ], [ 14.31599535600003, 46.431458252000084 ], [ 14.316130141000087, 46.431464112000015 ], [ 14.316246020000165, 46.431475082000077 ], [ 14.316357672000152, 46.431489867000096 ], [ 14.316438813000048, 46.431493938000187 ], [ 14.316514991000133, 46.431496972000105 ], [ 14.316570418000026, 46.43151107000017 ], [ 14.316608258000088, 46.431524061000118 ], [ 14.316624441000101, 46.431555682000123 ], [ 14.316643950000071, 46.431591323000191 ], [ 14.316668629000048, 46.431617742000128 ], [ 14.316707271000041, 46.431631895000123 ], [ 14.316759282000191, 46.431644224000195 ], [ 14.3168573640001, 46.431671271000027 ], [ 14.316952385999969, 46.431709142000045 ], [ 14.317044456000133, 46.431734801000118 ], [ 14.317115348000129, 46.43176226300011 ], [ 14.317197087000068, 46.43179952700018 ], [ 14.317246991000104, 46.431832117 ], [ 14.317282252000098, 46.431846389000157 ], [ 14.317300188000161, 46.431861116 ], [ 14.317324221000092, 46.431877671000052 ], [ 14.317333332000089, 46.431884322000144 ], [ 14.31735106900004, 46.431890837000083 ], [ 14.317398722000121, 46.431890193000186 ], [ 14.317458977000058, 46.431897772000013 ], [ 14.317505691, 46.431883226000082 ], [ 14.317531112000097, 46.431877114000088 ], [ 14.317553327000041, 46.431866442000114 ], [ 14.317568275000042, 46.431857514000058 ], [ 14.317579672000022, 46.431844406000039 ], [ 14.317589174000091, 46.431832997000072 ], [ 14.317595583000184, 46.431823296000061 ], [ 14.317602002000115, 46.431806930000164 ], [ 14.317611421000095, 46.431790861000138 ], [ 14.317678173000104, 46.431771185000116 ], [ 14.317735263000031, 46.431769254000073 ], [ 14.317786050000052, 46.431771336000054 ], [ 14.317837113999985, 46.431767118000039 ], [ 14.317894987999978, 46.431758163000097 ], [ 14.317950954000025, 46.431737166000062 ], [ 14.317986244999986, 46.431702494000035 ], [ 14.318036367000047, 46.431667693000065 ], [ 14.318083613000056, 46.431639396000151 ], [ 14.318132300000116, 46.431633308000187 ], [ 14.318198747000167, 46.43163066600016 ], [ 14.318257967000079, 46.431616931000178 ], [ 14.318303708000087, 46.431598991999977 ], [ 14.318343144000153, 46.431599373000097 ], [ 14.318393646000061, 46.431607395000071 ], [ 14.31843671200005, 46.431607114000144 ], [ 14.318509444000028, 46.431592181000042 ], [ 14.318575929000133, 46.431577213000082 ], [ 14.318641766000155, 46.431569718000048 ], [ 14.318705075000139, 46.431566204000148 ], [ 14.318771633000154, 46.431562572000189 ], [ 14.318799747000185, 46.431570156000078 ], [ 14.318831785000157, 46.431578877000049 ], [ 14.318859050000185, 46.431575494000185 ], [ 14.31888414600013, 46.431567270000016 ], [ 14.318901677000042, 46.431565230000047 ], [ 14.318941301000166, 46.431547253000076 ], [ 14.318960726000057, 46.431534850000048 ], [ 14.318982282999968, 46.431510732000163 ], [ 14.319005671000127, 46.431472743000143 ], [ 14.319027397000184, 46.431443584000135 ], [ 14.31904436300016, 46.431424724000124 ], [ 14.319071359000077, 46.431399209000062 ], [ 14.319107048000092, 46.431386666000037 ], [ 14.319204614000171, 46.431363512000075 ], [ 14.319260703000111, 46.431363748000081 ], [ 14.319357120000177, 46.431356258000164 ], [ 14.319406087000061, 46.431365733000177 ], [ 14.319442112000104, 46.431379009000182 ], [ 14.319485717000077, 46.431379802000151 ], [ 14.319512698999972, 46.431389556000056 ], [ 14.319540098000061, 46.431408034000185 ], [ 14.319546750000086, 46.431416083000045 ], [ 14.319556289000047, 46.431434202000048 ], [ 14.319565554, 46.431441373000041 ], [ 14.319583958000123, 46.431427890000066 ], [ 14.319606622000038, 46.43142121700015 ], [ 14.31963902800004, 46.43142288100006 ], [ 14.31967026000018, 46.431425202000185 ], [ 14.319715728000176, 46.431434680000109 ], [ 14.319740978000141, 46.431449488000055 ], [ 14.319756442000028, 46.431462760000102 ], [ 14.319773263000059, 46.431493475000082 ], [ 14.319779826000172, 46.431503855000017 ], [ 14.319798447000039, 46.431533474999981 ], [ 14.319830080000031, 46.431570180000108 ], [ 14.319834619000176, 46.431605409999975 ], [ 14.319834232000062, 46.431634384000063 ], [ 14.31983385000018, 46.431670916000087 ], [ 14.31987379900005, 46.431692614000099 ], [ 14.319930008000142, 46.43171390200007 ], [ 14.319985496000129, 46.431738615000086 ], [ 14.320023041000127, 46.431756824999979 ], [ 14.32005547600005, 46.431773100000044 ], [ 14.320061504000023, 46.431789873000071 ], [ 14.320049022000035, 46.431812024000067 ], [ 14.320024013000022, 46.43183950100007 ], [ 14.320022017000042, 46.431865880000032 ], [ 14.320010658000058, 46.431892609000045 ], [ 14.320008593000182, 46.431905808000181 ], [ 14.320024577000083, 46.431913993000023 ], [ 14.32005225100005, 46.431913780000116 ], [ 14.32008031800018, 46.431892782000148 ], [ 14.320155177000061, 46.431882635000136 ], [ 14.320181766000189, 46.431877727000085 ], [ 14.320193228000107, 46.431885545000171 ], [ 14.320208882000145, 46.431887749000168 ], [ 14.320225300000061, 46.431888958000172 ], [ 14.320228831000122, 46.431904402000043 ], [ 14.320256009000047, 46.431896160000065 ], [ 14.320278574000042, 46.431891916999973 ], [ 14.320297438000182, 46.431884375999971 ], [ 14.320322741000041, 46.431880469000134 ], [ 14.320343388000083, 46.431878041000061 ], [ 14.320359023000037, 46.431864770000118 ], [ 14.320381356000041, 46.431847664000145 ], [ 14.320405656000048, 46.431838546000108 ], [ 14.320417251000038, 46.431839346000174 ], [ 14.320426091000058, 46.431846108 ], [ 14.320437514000048, 46.431844570000067 ], [ 14.320453502000134, 46.431843532000187 ], [ 14.320481770000129, 46.431845267000028 ], [ 14.320502748000138, 46.431853993000061 ], [ 14.320520027000043, 46.431859693000149 ], [ 14.320536131000097, 46.431865132000155 ], [ 14.320554743000059, 46.431865331000097 ], [ 14.320569010999975, 46.43186997600003 ], [ 14.320579217000159, 46.431880325000122 ], [ 14.320595825999987, 46.431876304000014 ], [ 14.320620943000051, 46.431872848000125 ], [ 14.32066067400001, 46.431880926000076 ], [ 14.320671541000138, 46.431885367000177 ], [ 14.32071364300009, 46.4318921200001 ], [ 14.32074136500006, 46.431899654000176 ], [ 14.320756157, 46.431914605000088 ], [ 14.320774178000022, 46.431918138000128 ], [ 14.32079149700013, 46.431925996000075 ], [ 14.32081482000018, 46.431934883000167 ], [ 14.320833978000167, 46.431922121000184 ], [ 14.320849025000086, 46.431912275000059 ], [ 14.320871441000179, 46.43190695300018 ], [ 14.320885229000055, 46.431899456000167 ], [ 14.320900008000137, 46.431889161000129 ], [ 14.320916725000188, 46.431885328000078 ], [ 14.320935616000043, 46.431879407 ], [ 14.320960940000191, 46.431872971000189 ], [ 14.32099619700017, 46.43186898700003 ], [ 14.321009409, 46.431872831000192 ], [ 14.321025236000025, 46.431870175000142 ], [ 14.321046525999975, 46.431874580000056 ], [ 14.321057934000066, 46.431872142000032 ], [ 14.321080771000084, 46.431868616000088 ], [ 14.321081055000093, 46.431868700000109 ], [ 14.321102488000179, 46.431874997000193 ], [ 14.321116902000142, 46.43188054 ], [ 14.321130469000082, 46.43188960000009 ], [ 14.321140571000058, 46.431901389000075 ], [ 14.321180236000032, 46.431907254000123 ], [ 14.321217561000026, 46.431906121999987 ], [ 14.321256774000176, 46.431901374000176 ], [ 14.321272997000165, 46.431899075000047 ], [ 14.321325701999967, 46.43189205200008 ], [ 14.321346802000164, 46.431885932000114 ], [ 14.321369656000059, 46.431890412000143 ], [ 14.321379495000087, 46.431894827000065 ], [ 14.321402544000136, 46.431895796000049 ], [ 14.321417653000026, 46.431889369000146 ], [ 14.321436570000117, 46.431870491000154 ], [ 14.321450098000184, 46.431862996000177 ], [ 14.321463369000128, 46.431855684000084 ], [ 14.321490746000165, 46.431844111000146 ], [ 14.321517618000087, 46.431833352000012 ], [ 14.321547516000066, 46.431817259000013 ], [ 14.321595751000018, 46.431800557000088 ], [ 14.321640196000089, 46.431782898000108 ], [ 14.321682902000077, 46.431769844000087 ], [ 14.321723998000095, 46.431754193000131 ], [ 14.321762580999973, 46.431743423000114 ], [ 14.321790145000136, 46.431734997000149 ], [ 14.321816690000105, 46.431727750000164 ], [ 14.321836267000037, 46.431723802000192 ], [ 14.321860975000163, 46.431722869000055 ], [ 14.321896128000105, 46.43173111200008 ], [ 14.321927114, 46.431732013999977 ], [ 14.321955557000138, 46.431721781000135 ], [ 14.321999508000147, 46.431705656000133 ], [ 14.322022063000134, 46.431686478000131 ], [ 14.322052880000115, 46.431663628000194 ], [ 14.322063902000139, 46.431647068000075 ], [ 14.322103920000075, 46.431636555000182 ], [ 14.322146214000043, 46.431629532000045 ], [ 14.322195614, 46.431634053000153 ], [ 14.322242090000145, 46.431635270000186 ], [ 14.322275546000071, 46.43164316900004 ], [ 14.322304617999976, 46.431653354000048 ], [ 14.322322168000028, 46.431673985000089 ], [ 14.322356050000167, 46.431676751000111 ], [ 14.322402967000016, 46.431680754000183 ], [ 14.322461209000039, 46.431677732000139 ], [ 14.322472689000108, 46.431672144000174 ], [ 14.322474562000025, 46.431653413000163 ], [ 14.322491793000097, 46.431642018 ], [ 14.32249766200016, 46.431628382000099 ], [ 14.322510499000032, 46.43161144700008 ], [ 14.322532295000087, 46.43160073100006 ], [ 14.322561420000113, 46.431585004000112 ], [ 14.322572623000042, 46.431564124000147 ], [ 14.322601786000064, 46.431550556000104 ], [ 14.3226365700001, 46.431552774000068 ], [ 14.322669162000125, 46.431541786000082 ], [ 14.322701748000156, 46.431537634000051 ], [ 14.322740726000177, 46.431505537000191 ], [ 14.32275104100006, 46.431507518000046 ], [ 14.322772187000055, 46.431518311000161 ], [ 14.322783083000047, 46.431538011000043 ], [ 14.322817231000045, 46.431541044000028 ], [ 14.322840221000149, 46.431553081 ], [ 14.32285937000006, 46.431582966000121 ], [ 14.322874545000161, 46.431587423 ], [ 14.322890183000027, 46.431617428000095 ], [ 14.322904176, 46.431628464000141 ], [ 14.322919160000026, 46.431651097000156 ], [ 14.322940620000054, 46.431664947000058 ], [ 14.323020754000083, 46.431670821000182 ], [ 14.323053719000086, 46.431680433000054 ], [ 14.323073136000176, 46.431660381000029 ], [ 14.323096733000057, 46.431655588000069 ], [ 14.323122640000179, 46.431663461000085 ], [ 14.323147400000096, 46.431643903000065 ], [ 14.323171975999969, 46.431628576000151 ], [ 14.323204295999972, 46.431616869000152 ], [ 14.323231718000159, 46.431600617000072 ], [ 14.32324305700007, 46.431615993999969 ], [ 14.323265559, 46.431615439000041 ], [ 14.323285928000189, 46.43161931100019 ], [ 14.323297712999988, 46.431630546000122 ], [ 14.323306126000091, 46.43166394300016 ], [ 14.323333449000131, 46.431670993000182 ], [ 14.323349906000146, 46.43166716200011 ], [ 14.323373813000103, 46.431665156000122 ], [ 14.323391596000022, 46.431669950000185 ], [ 14.323402676000057, 46.43168533000005 ], [ 14.323414559000071, 46.43169485300001 ], [ 14.323433375000036, 46.431684793999978 ], [ 14.323466601000121, 46.431687205000117 ], [ 14.323481604000051, 46.431674929000167 ], [ 14.323501526000086, 46.43168285400003 ], [ 14.323531453000157, 46.431689882000057 ], [ 14.323560879000127, 46.431705282999985 ], [ 14.323578351000151, 46.431714399000043 ], [ 14.323592927000107, 46.431714542000122 ], [ 14.323604649000174, 46.43170787300005 ], [ 14.323635792000175, 46.431703105000167 ], [ 14.323657018000176, 46.431689605000145 ], [ 14.323695970000188, 46.431670464000035 ], [ 14.323723512000129, 46.43165367000006 ], [ 14.323745752000036, 46.43164583000015 ], [ 14.323765341000126, 46.431649709 ], [ 14.323797169000102, 46.431668328000057 ], [ 14.323825747000171, 46.431679956000153 ], [ 14.323835216000134, 46.431685542000082 ], [ 14.323836907000043, 46.43172142700007 ], [ 14.323858454000117, 46.431732757000134 ], [ 14.323894573000189, 46.431729654000151 ], [ 14.323918633000062, 46.431728996000118 ], [ 14.323940064000112, 46.431733939000083 ], [ 14.323957822000182, 46.431722899000022 ], [ 14.323967216000085, 46.431709951000016 ], [ 14.323986116000015, 46.431704479000132 ], [ 14.324016079000103, 46.43168487600019 ], [ 14.324071169000035, 46.431694655000172 ], [ 14.324064555, 46.431717385000127 ], [ 14.324061064000034, 46.431740178000155 ], [ 14.324075725000057, 46.4317378020001 ], [ 14.324118456000122, 46.431733383 ], [ 14.324161586000173, 46.431722213000171 ], [ 14.32417984600005, 46.431710178000117 ], [ 14.324205537000125, 46.43169178200003 ], [ 14.324246808000112, 46.431685756000093 ], [ 14.3242887830001, 46.431675495000036 ], [ 14.324339377000058, 46.431666960000143 ], [ 14.324399525000047, 46.431654292000133 ], [ 14.324438756000177, 46.431643336000093 ], [ 14.324478604000092, 46.431630664000124 ], [ 14.324517195000169, 46.431627540000079 ], [ 14.324539194000124, 46.43160647600007 ], [ 14.324546993000183, 46.431584456000053 ], [ 14.32457645400001, 46.431580152000038 ], [ 14.32459073900003, 46.431571390000045 ], [ 14.32462222900017, 46.431564190000131 ], [ 14.324624011000139, 46.431547619000128 ], [ 14.324629721000065, 46.431532455000081 ], [ 14.32467008600014, 46.431533905000038 ], [ 14.324705266000024, 46.431536479000044 ], [ 14.324728852000021, 46.431559847000074 ], [ 14.324747917000082, 46.431563460000064 ], [ 14.324786598000173, 46.431558177000113 ], [ 14.324810373000105, 46.431548883 ], [ 14.324843153000131, 46.431533934000129 ], [ 14.324868544000026, 46.431549189000066 ], [ 14.324891303000072, 46.431562847000123 ], [ 14.324911477000114, 46.431577427999969 ], [ 14.324946675000035, 46.431602494000117 ], [ 14.324955353, 46.431593071000123 ], [ 14.32498547400013, 46.431567789000155 ], [ 14.324996743000042, 46.431557794000128 ], [ 14.324992747000067, 46.431545503000109 ], [ 14.325036613000179, 46.431546292000064 ], [ 14.325089870000056, 46.431548259000181 ], [ 14.325141479000138, 46.431538275000037 ], [ 14.325177284000176, 46.431517900000017 ], [ 14.325213337000037, 46.431511200000045 ], [ 14.325262507000048, 46.43151023300004 ], [ 14.325288801000056, 46.431496330000016 ], [ 14.325322093000182, 46.431480925000074 ], [ 14.325348746000145, 46.43147250700008 ], [ 14.325387030000115, 46.431459669000105 ], [ 14.325400743000102, 46.431455231000086 ], [ 14.325418076, 46.431449503000181 ], [ 14.325460898000188, 46.431442924000066 ], [ 14.325488440000186, 46.431426130000091 ], [ 14.325524928000164, 46.431429052000169 ], [ 14.325546733000124, 46.431411679000064 ], [ 14.32557754600009, 46.43141015100008 ], [ 14.325607966000121, 46.431422933000079 ], [ 14.325651934000177, 46.431422102000113 ], [ 14.325677759000087, 46.431425387000104 ], [ 14.325687533, 46.43143339900007 ], [ 14.325688404000175, 46.43145273500005 ], [ 14.325710167000125, 46.431461634000186 ], [ 14.325722255000073, 46.431460899000058 ], [ 14.325736076000055, 46.431469597000046 ], [ 14.325766101000113, 46.431460518000108 ], [ 14.325776485000119, 46.431451971000172 ], [ 14.325807178000048, 46.431436679000171 ], [ 14.325835332000111, 46.431424919000051 ], [ 14.325868398000182, 46.431411407000041 ], [ 14.325888279000139, 46.431409137000173 ], [ 14.325899890000073, 46.431404295000164 ], [ 14.325921549000043, 46.431386023000073 ], [ 14.325947352000128, 46.431380940000054 ], [ 14.325984855000115, 46.431382504000055 ], [ 14.32603010400004, 46.431387690000122 ], [ 14.326066121999986, 46.431393495000123 ], [ 14.326110160000098, 46.431403639000109 ], [ 14.32612567700005, 46.431412591000139 ], [ 14.326130496000189, 46.431427215000099 ], [ 14.326162819999979, 46.431430084000056 ], [ 14.326212668000039, 46.431437838000193 ], [ 14.326255522000054, 46.431447363000132 ], [ 14.326283508000017, 46.431455037000092 ], [ 14.326305207000132, 46.431460428000094 ], [ 14.326326832000063, 46.431468877000157 ], [ 14.326340379000044, 46.431491162000157 ], [ 14.326362085000085, 46.431511307000108 ], [ 14.326385841000047, 46.431501024000056 ], [ 14.326403864000042, 46.431490341000142 ], [ 14.326409730000023, 46.431476524000175 ], [ 14.326444362000018, 46.431470375000117 ], [ 14.326468631000182, 46.431466835000151 ], [ 14.326502324000046, 46.431459165000092 ], [ 14.32652862000009, 46.431445441000164 ], [ 14.326553763000106, 46.431432717000177 ], [ 14.326576999000054, 46.431422438000141 ], [ 14.326604138000107, 46.431412126000168 ], [ 14.326645387000042, 46.431412127999977 ], [ 14.32667524600015, 46.431408269000144 ], [ 14.326698658000112, 46.43141481400005 ], [ 14.32671418700005, 46.431424396000125 ], [ 14.326732677000166, 46.431410740000047 ], [ 14.326762429000155, 46.431393926000112 ], [ 14.326794832000076, 46.431394005000186 ], [ 14.32683041700011, 46.431375882 ], [ 14.326880970000104, 46.431372293000152 ], [ 14.326928428000087, 46.431370172000072 ], [ 14.326972875000138, 46.431367086000193 ], [ 14.327003362000085, 46.43137635800008 ], [ 14.327028702000064, 46.431373016000123 ], [ 14.327061484000126, 46.431373964000045 ], [ 14.327084470000045, 46.431385730000102 ], [ 14.327125565000188, 46.431391581000184 ], [ 14.32715801300003, 46.431401286000153 ], [ 14.327174376000016, 46.431399524000028 ], [ 14.327217369000152, 46.431402299000183 ], [ 14.327259147, 46.431409943000062 ], [ 14.327312419000179, 46.431419828000116 ], [ 14.327367088000187, 46.431427900000074 ], [ 14.327407476000133, 46.431437805000087 ], [ 14.327461759000073, 46.431453258000033 ], [ 14.327514138000083, 46.431464230000017 ], [ 14.327546314000074, 46.431473306999976 ], [ 14.327588884000022, 46.431495789000053 ], [ 14.327661245000058, 46.431474917000116 ], [ 14.327729213, 46.431462989000011 ], [ 14.327801635000128, 46.431459840000059 ], [ 14.327872746000082, 46.431463270000165 ], [ 14.327969275000157, 46.431476287000066 ], [ 14.327997519, 46.431490976000134 ], [ 14.328071572, 46.431505897000193 ], [ 14.328144100000145, 46.431508505000068 ], [ 14.328197582000143, 46.431530083000098 ], [ 14.328274024000052, 46.431561807000037 ], [ 14.328332947000035, 46.431596294000144 ], [ 14.328429974000187, 46.431643764000171 ], [ 14.32844950700013, 46.431651692000116 ], [ 14.328482413000188, 46.43164366700006 ], [ 14.328507947000162, 46.431652442000143 ], [ 14.32852378900003, 46.431664900000101 ], [ 14.328542004000042, 46.431686245000037 ], [ 14.328568014000041, 46.431699695000077 ], [ 14.328626992000125, 46.431715646000043 ], [ 14.328693126000132, 46.431731625000054 ], [ 14.328766611000049, 46.431715331000134 ], [ 14.328824618000169, 46.431713746000071 ], [ 14.328855285000088, 46.431711410000048 ], [ 14.328901068999983, 46.431724597000027 ], [ 14.328949118000139, 46.431733536000138 ], [ 14.329030032000105, 46.431725093000068 ], [ 14.329089090000025, 46.431731147 ], [ 14.329141560999972, 46.431739957000048 ], [ 14.329185887000108, 46.431730214000027 ], [ 14.3292094950001, 46.431711834000112 ], [ 14.329219882000189, 46.431696269000156 ], [ 14.329227410999977, 46.431680998000047 ], [ 14.32926641600011, 46.431707830000107 ], [ 14.32927490600008, 46.431730968000068 ], [ 14.329309571000067, 46.43173381500003 ], [ 14.329338369000141, 46.431743101000109 ], [ 14.329361849000122, 46.431767729 ], [ 14.329414461, 46.431769970000119 ], [ 14.329461855000034, 46.431778645 ], [ 14.329502682000111, 46.431791154999985 ], [ 14.329529404000027, 46.431800819000102 ], [ 14.329571911000073, 46.431798379000043 ], [ 14.329603680000105, 46.431813667000085 ], [ 14.329622352000058, 46.431831499000168 ], [ 14.329673345000117, 46.431859126 ], [ 14.329723012000045, 46.431864002000054 ], [ 14.329773278000118, 46.431873191000022 ], [ 14.329826009000158, 46.431881998000165 ], [ 14.329890273000103, 46.431902401000173 ], [ 14.329937410000014, 46.431911257000195 ], [ 14.329972468000108, 46.431914191000033 ], [ 14.330003711000074, 46.43191490800001 ], [ 14.330045497000185, 46.431922911000072 ], [ 14.33009193800001, 46.431929254000124 ], [ 14.330148839, 46.43193838500008 ], [ 14.330184955000163, 46.431949407000104 ], [ 14.330209116000105, 46.431961342000136 ], [ 14.330238708000081, 46.43198564700009 ], [ 14.330250771000124, 46.43200497600003 ], [ 14.330267228000139, 46.432036862000189 ], [ 14.330301563000035, 46.432050058000186 ], [ 14.330339123000158, 46.43206178700018 ], [ 14.33034783800008, 46.432063585000151 ], [ 14.33039476600004, 46.432073268000181 ], [ 14.330440082000052, 46.432075033000046 ], [ 14.330475380000109, 46.432076884000082 ], [ 14.330499085000042, 46.432085224000105 ], [ 14.330524854000146, 46.43209255700009 ], [ 14.330582003000188, 46.432100966000121 ], [ 14.330645138000136, 46.432109413000035 ], [ 14.330694369000071, 46.432118880000189 ], [ 14.33074244200003, 46.432129167000085 ], [ 14.330782704000171, 46.432132055000125 ], [ 14.330824171000131, 46.432122516000163 ], [ 14.330859126000064, 46.432126980000191 ], [ 14.330880654000111, 46.432137229000034 ], [ 14.330907273999969, 46.432155531000149 ], [ 14.330938105000143, 46.432155082000179 ], [ 14.330968355000152, 46.432151219000104 ], [ 14.331005128000072, 46.432148289000054 ], [ 14.331017927000175, 46.432143768000117 ], [ 14.331038056000125, 46.432162937000044 ], [ 14.331124715000101, 46.432162630999983 ], [ 14.331232965000027, 46.432218818000138 ], [ 14.331268465000107, 46.43223173400014 ], [ 14.331347351999966, 46.432240493000052 ], [ 14.331400729000052, 46.432249024000157 ], [ 14.331451694000066, 46.432253618000175 ], [ 14.331497937999984, 46.432270578000157 ], [ 14.331550918000119, 46.432285861000082 ], [ 14.3315731510001, 46.432284857000184 ], [ 14.331603858000051, 46.4322775710001 ], [ 14.331638213000133, 46.432284739000181 ], [ 14.33167977100004, 46.432287345000191 ], [ 14.331713605000175, 46.432294517000059 ], [ 14.331779408000045, 46.43229943100016 ], [ 14.331809283000098, 46.432296382000175 ], [ 14.331859895000036, 46.432281724000177 ], [ 14.331903222000165, 46.432267220000028 ], [ 14.331958142000076, 46.432253334000166 ], [ 14.332035406000045, 46.432244473000026 ], [ 14.332090716000039, 46.432237692000115 ], [ 14.332190837000041, 46.432219273000101 ], [ 14.332261265, 46.432199494000145 ], [ 14.33235607600011, 46.432189489000109 ], [ 14.332436850000079, 46.43218761300011 ], [ 14.332457557999987, 46.43218860200011 ], [ 14.332521353000061, 46.432190382999977 ], [ 14.332628425, 46.432203394000112 ], [ 14.332764003000023, 46.432223982000039 ], [ 14.332875017000163, 46.432246224000096 ], [ 14.332942392000177, 46.432251663999978 ], [ 14.33297365500016, 46.432267675000162 ], [ 14.332995421000021, 46.432269554000072 ], [ 14.333057026000063, 46.4322939380001 ], [ 14.333078870000065, 46.432335673000125 ], [ 14.333108547000109, 46.432371673000091 ], [ 14.333120358000144, 46.432398470000066 ], [ 14.333137797000063, 46.432427019000045 ], [ 14.333174595000116, 46.432453958000053 ], [ 14.333232481999971, 46.432488451000154 ], [ 14.333250182000029, 46.43250988900013 ], [ 14.333269003999987, 46.432535816000041 ], [ 14.333332459000189, 46.432575929000109 ], [ 14.333380298000122, 46.432623106000165 ], [ 14.333446357000184, 46.432677500000068 ], [ 14.333465727000032, 46.432697754000117 ], [ 14.33350495500008, 46.432729441 ], [ 14.333537898000031, 46.432716368000058 ], [ 14.333590255000047, 46.432711780000034 ], [ 14.33363579000013, 46.432718310000041 ], [ 14.333684001000165, 46.432728954000083 ], [ 14.33372857400019, 46.432739811000147 ], [ 14.333791408000081, 46.43276013500008 ], [ 14.333841810000138, 46.432776698000112 ], [ 14.333884728000157, 46.432782441000143 ], [ 14.333958890000076, 46.43278898900013 ], [ 14.334054413000047, 46.432789502999981 ], [ 14.334140463999972, 46.432784341000115 ], [ 14.334180060000051, 46.432793442000047 ], [ 14.334230533000039, 46.432799658000022 ], [ 14.334357141000055, 46.432792162000112 ], [ 14.334453264000103, 46.432789881000019 ], [ 14.334499577000145, 46.432810529000164 ], [ 14.33456222600006, 46.432842100000187 ], [ 14.334617118000153, 46.432869241000049 ], [ 14.334651967000127, 46.432882071000051 ], [ 14.334720633000131, 46.432901174000108 ], [ 14.334782100000155, 46.432910713000069 ], [ 14.334833127000024, 46.432932938000079 ], [ 14.33487011800014, 46.432963294000103 ], [ 14.334890812000083, 46.432991904000119 ], [ 14.334946565000166, 46.433009230000152 ], [ 14.335006092000185, 46.433026613000095 ], [ 14.335047308000071, 46.433060261000037 ], [ 14.335089476000178, 46.433060612000133 ], [ 14.335112256000116, 46.433082275000061 ], [ 14.335136246000104, 46.433091871000158 ], [ 14.33516884900007, 46.433095725000101 ], [ 14.335210694000068, 46.433135215 ], [ 14.335274406, 46.433167947000072 ], [ 14.335313428000063, 46.433188388000076 ], [ 14.335330307000106, 46.433221800000183 ], [ 14.335358375000112, 46.433276436000085 ], [ 14.335389354000085, 46.433347872000127 ], [ 14.335407474000021, 46.433392159000107 ], [ 14.335437032000129, 46.433407375000172 ], [ 14.335470174000022, 46.433419321000088 ], [ 14.335486406000143, 46.433445900000038 ], [ 14.335514519000071, 46.433488750000038 ], [ 14.335529861000111, 46.433509309000044 ], [ 14.335546289000035, 46.433525269000143 ], [ 14.33554644700007, 46.433555138000031 ], [ 14.33554700500008, 46.43359975900006 ], [ 14.335565781000071, 46.433630185000084 ], [ 14.335591906000161, 46.43365685800012 ], [ 14.335629462999975, 46.433661207000171 ], [ 14.335664320000149, 46.433660272 ], [ 14.335694398000101, 46.433661268000094 ], [ 14.335744556000179, 46.433671444000083 ], [ 14.335798418000024, 46.43367079300009 ], [ 14.335850514000072, 46.433673215000113 ], [ 14.335898232000091, 46.433678105000183 ], [ 14.335929930000077, 46.43369645100006 ], [ 14.335950245000049, 46.43371849600004 ], [ 14.335983461000126, 46.433748705000141 ], [ 14.336013824000077, 46.433786497000085 ], [ 14.336059320000118, 46.433797974000072 ], [ 14.336117522000166, 46.433814019000067 ], [ 14.336176037000087, 46.433839957000032 ], [ 14.336227762000021, 46.433864695000125 ], [ 14.336263296000141, 46.433886427000175 ], [ 14.336316395000154, 46.433915112000136 ], [ 14.336337639000135, 46.433916904000114 ], [ 14.33635896800007, 46.433916178000061 ], [ 14.336388411000087, 46.433925097000156 ], [ 14.336425439000152, 46.433943126000145 ], [ 14.336470592000069, 46.433957215000191 ], [ 14.336507885, 46.433975512000188 ], [ 14.33657055600014, 46.433993947000033 ], [ 14.336614645000168, 46.433978354000033 ], [ 14.336646397000095, 46.433957113000133 ], [ 14.336682277000079, 46.433962196000152 ], [ 14.336742193000021, 46.433972376999975 ], [ 14.336810914000125, 46.433987159000139 ], [ 14.336856203000082, 46.43400862500016 ], [ 14.336960817000033, 46.434050533000061 ], [ 14.337005268000041, 46.434054642000149 ], [ 14.337038803000098, 46.434066762999976 ], [ 14.337081666000131, 46.434090679000178 ], [ 14.337105359000077, 46.434133657000189 ], [ 14.337166475000174, 46.434159573000045 ], [ 14.337191537000081, 46.434184994000077 ], [ 14.33722080900003, 46.434220006000146 ], [ 14.337254360000031, 46.43423293800015 ], [ 14.337307194000175, 46.434254247000069 ], [ 14.33733766, 46.434276292 ], [ 14.337365607000095, 46.434302948000095 ], [ 14.33738884800016, 46.434335494000095 ], [ 14.337406460000011, 46.43435207400006 ], [ 14.337428722000084, 46.434373831000187 ], [ 14.337430540000071, 46.434394868000027 ], [ 14.337428216000035, 46.434417112000119 ], [ 14.337430080000047, 46.434447776000184 ], [ 14.33746194600019, 46.434475207000048 ], [ 14.337484046000043, 46.43448104099997 ], [ 14.337527877000014, 46.434486864 ], [ 14.337597515000141, 46.43450199800003 ], [ 14.337624805000075, 46.43451408400017 ], [ 14.337652125000034, 46.434527790000061 ], [ 14.337691274000122, 46.434540852000055 ], [ 14.337724333000153, 46.434555317000104 ], [ 14.33775831600019, 46.434570493000081 ], [ 14.337811602000158, 46.434580911000069 ], [ 14.337831156000163, 46.434582809000062 ], [ 14.337877206000087, 46.434574757000121 ], [ 14.33792891700017, 46.434584469000185 ], [ 14.337957172000131, 46.434592499000132 ], [ 14.33801775600017, 46.434617608000167 ], [ 14.338048800000081, 46.434635690000107 ], [ 14.338049711000053, 46.434657005000133 ], [ 14.338034480000147, 46.434713371000043 ], [ 14.338043478000145, 46.434778071000039 ], [ 14.338052275000109, 46.434824779000166 ], [ 14.338082482000175, 46.434832791000133 ], [ 14.338103471000068, 46.434855999000092 ], [ 14.338109962000146, 46.43488347300007 ], [ 14.338133833000086, 46.434907825000153 ], [ 14.338149453000142, 46.43495762200007 ], [ 14.338132275000135, 46.43499295200013 ], [ 14.338121069000067, 46.435027600000183 ], [ 14.338126346000081, 46.435059853000098 ], [ 14.338131593000071, 46.43508328900009 ], [ 14.33815139, 46.435112536000076 ], [ 14.338189723000085, 46.435123625000017 ], [ 14.338207227000112, 46.43512014300012 ], [ 14.338234625000098, 46.435130969000113 ], [ 14.338245842000049, 46.435160740000185 ], [ 14.338257411000029, 46.435174135000125 ], [ 14.338292133000039, 46.435187055000142 ], [ 14.338334111000108, 46.435191095000107 ], [ 14.338393637000081, 46.435194080000088 ], [ 14.33844596300014, 46.435201808000045 ], [ 14.33848195600001, 46.435213008000062 ], [ 14.338536788000113, 46.435229621000133 ], [ 14.338601453000024, 46.435257303000071 ], [ 14.338640819000091, 46.435282148999988 ], [ 14.338656017000119, 46.435316025000134 ], [ 14.338682515000187, 46.435334505000071 ], [ 14.338708241000177, 46.435360641000102 ], [ 14.338712078000071, 46.435371133999979 ], [ 14.338805769999965, 46.435335492000092 ], [ 14.338838533000114, 46.435333854000135 ], [ 14.338858110000047, 46.435351046000108 ], [ 14.338905947, 46.435355304000097 ], [ 14.338936897999986, 46.435354132000043 ], [ 14.338950413000134, 46.435338988000183 ], [ 14.338972730000137, 46.435321247000047 ], [ 14.338988117000042, 46.435308786000178 ], [ 14.339006627000174, 46.435296297000093 ], [ 14.339035011000021, 46.435297127000183 ], [ 14.33906167400005, 46.435303370999975 ], [ 14.339087962000065, 46.435310517000062 ], [ 14.339113602000054, 46.4353177590001 ], [ 14.339130470000043, 46.435329217000174 ], [ 14.339145930000086, 46.435341947000154 ], [ 14.339171666000084, 46.435347387999968 ], [ 14.339195878000112, 46.435347715000091 ], [ 14.339255177000155, 46.435345485000084 ], [ 14.339317606000066, 46.43534349600003 ], [ 14.339381408000179, 46.435345453000082 ], [ 14.339438152000071, 46.435345764000033 ], [ 14.339506583000173, 46.435344713000063 ], [ 14.339553323000132, 46.435345920000032 ], [ 14.339578441000072, 46.435338952000166 ], [ 14.339612302000091, 46.435340363000194 ], [ 14.339628950000076, 46.43534687500005 ], [ 14.339666697999974, 46.435354460000042 ], [ 14.339711869999974, 46.435355322000134 ], [ 14.339751812000088, 46.435347773000103 ], [ 14.339783018000048, 46.435339221000106 ], [ 14.339800456000035, 46.435339247000115 ], [ 14.339829737000059, 46.435346367000193 ], [ 14.339851555999985, 46.435351034000121 ], [ 14.339876141, 46.435371691000114 ], [ 14.339906947000088, 46.435369710000089 ], [ 14.339939779000133, 46.435357725000074 ], [ 14.339974608000091, 46.435355079000033 ], [ 14.340021492000062, 46.435357096000075 ], [ 14.340069779000032, 46.435357480000107 ], [ 14.340111375000106, 46.435354865000193 ], [ 14.340151430000105, 46.435353433000046 ], [ 14.340192414000171, 46.435338856000158 ], [ 14.340261755000085, 46.435330688000192 ], [ 14.340282787000092, 46.435335001000112 ], [ 14.340304048000121, 46.435337693000179 ], [ 14.34033873900006, 46.435327670000163 ], [ 14.340373319000093, 46.435318729000187 ], [ 14.340402293000182, 46.435316134000061 ], [ 14.340435729000092, 46.435322768000105 ], [ 14.340455161000136, 46.4353250260001 ], [ 14.340481913000019, 46.435307876000081 ], [ 14.340500562000045, 46.435303034000071 ], [ 14.340536811000106, 46.4353068530001 ], [ 14.34057252100007, 46.43531688500002 ], [ 14.340609661000144, 46.435326725000152 ], [ 14.340639971000144, 46.43534733100006 ], [ 14.340654935000146, 46.435347199000091 ], [ 14.340683047000141, 46.435347401000058 ], [ 14.340708568000025, 46.43534816600004 ], [ 14.340728446000071, 46.435353480000117 ], [ 14.340745680000111, 46.435363584000072 ], [ 14.340771900000107, 46.435366952000038 ], [ 14.34079961600014, 46.435366888000033 ], [ 14.340832712000179, 46.435362098000155 ], [ 14.340860289999966, 46.43537562 ], [ 14.340896826000176, 46.435387985000091 ], [ 14.340933200000165, 46.43539864000013 ], [ 14.340987919000156, 46.435395009000104 ], [ 14.341020434000086, 46.435394003000056 ], [ 14.341083943000115, 46.435401271000103 ], [ 14.341143804000183, 46.435401193000075 ], [ 14.341196143000161, 46.435402532000126 ], [ 14.341235313000027, 46.435409564000167 ], [ 14.341281422000179, 46.435418875000153 ], [ 14.341323334000094, 46.435426423000024 ], [ 14.341365797000151, 46.435435585000107 ], [ 14.341392162000091, 46.435446869000145 ], [ 14.34142396500016, 46.435463684000183 ], [ 14.341468050000174, 46.435490286000118 ], [ 14.341520995000053, 46.435503315000176 ], [ 14.341568282000139, 46.435519993000128 ], [ 14.341603551000105, 46.435527149000052 ], [ 14.341662676000112, 46.435543632000076 ], [ 14.341715163000117, 46.435553067000058 ], [ 14.341776319000189, 46.435573760000068 ], [ 14.341812849, 46.43558585400018 ], [ 14.341839630000038, 46.435598484000138 ], [ 14.341846837000162, 46.435608227000159 ], [ 14.341851740000152, 46.435634186000073 ], [ 14.341849, 46.435662010999977 ], [ 14.341865177999978, 46.435685351000132 ], [ 14.341867556000182, 46.435722578000139 ], [ 14.341862543000047, 46.435754202000055 ], [ 14.341841848, 46.435775169000124 ], [ 14.341811459999974, 46.435799729000053 ], [ 14.341820462000044, 46.435810175000029 ], [ 14.341829545000166, 46.435820712000066 ], [ 14.341855236000072, 46.435837760000084 ], [ 14.341875933999972, 46.435845225000037 ], [ 14.341919080000025, 46.435841965000122 ], [ 14.341961895000111, 46.435849056000109 ], [ 14.341998649000118, 46.435866185000179 ], [ 14.342029930000137, 46.435882914000047 ], [ 14.342055404000121, 46.435888178000141 ], [ 14.342078948999983, 46.435908843000163 ], [ 14.342091058000051, 46.435930330000076 ], [ 14.34210224300017, 46.435951105000129 ], [ 14.342127561000098, 46.435969054999987 ], [ 14.342181885000173, 46.436007444000097 ], [ 14.34224389100018, 46.436039017000098 ], [ 14.342296028000135, 46.436078684000108 ], [ 14.342343340000127, 46.43609680000003 ], [ 14.342391743000121, 46.436110408000047 ], [ 14.342407266000066, 46.43612655700008 ], [ 14.342412245000048, 46.436149455000191 ], [ 14.342416930000184, 46.436184772000161 ], [ 14.342435168000065, 46.436206924000032 ], [ 14.342473142000017, 46.43623376100004 ], [ 14.342505261000099, 46.436260559000118 ], [ 14.342541537999978, 46.436280033000173 ], [ 14.342552108000177, 46.436302702000148 ], [ 14.342585442000086, 46.436324901000148 ], [ 14.342624496000099, 46.436332653000079 ], [ 14.342684721000012, 46.436331132000191 ], [ 14.34273889200017, 46.436332993000121 ], [ 14.342788741000106, 46.43634038099998 ], [ 14.342835776000186, 46.436350492000031 ], [ 14.342890066000052, 46.436358740000173 ], [ 14.342961318000107, 46.436369447000118 ], [ 14.34299328600008, 46.43638104200005 ], [ 14.343032566000147, 46.436401028000148 ], [ 14.343062484000143, 46.436421457000108 ], [ 14.343105865000041, 46.436449271000129 ], [ 14.343136809000157, 46.436480065000183 ], [ 14.343160054, 46.436504890000037 ], [ 14.343175437000127, 46.436537342000065 ], [ 14.343185717000097, 46.436552788000085 ], [ 14.34319976800009, 46.436577911000086 ], [ 14.34321300400012, 46.436601960000075 ], [ 14.343228575000069, 46.436622750000026 ], [ 14.343237132000183, 46.436631519000116 ], [ 14.343279883999969, 46.436650674000191 ], [ 14.343332738000072, 46.436672790000046 ], [ 14.34337614400016, 46.436683653000159 ], [ 14.343413249000093, 46.436698530000058 ], [ 14.343432092000171, 46.436718247000158 ], [ 14.343460018000144, 46.436736445000065 ], [ 14.343484586000045, 46.436741986000072 ], [ 14.34354004700009, 46.436743206000187 ], [ 14.343557482000051, 46.436750070000073 ], [ 14.343605090999972, 46.436748929000032 ], [ 14.343648507000012, 46.436753224000142 ], [ 14.343675962000077, 46.436774124000067 ], [ 14.343702979999989, 46.436792510000032 ], [ 14.343734588000132, 46.436805727000149 ], [ 14.343765811000139, 46.436812288000056 ], [ 14.343791286, 46.436817551000047 ], [ 14.34381241799997, 46.436827262000065 ], [ 14.343847442000026, 46.436842247000129 ], [ 14.34388059000014, 46.436854370000162 ], [ 14.343908581000051, 46.436869058000127 ], [ 14.343924124000182, 46.436872070000049 ], [ 14.343958219000058, 46.436886074000142 ], [ 14.343969245000096, 46.436898212000074 ], [ 14.34398496100016, 46.436903652000126 ], [ 14.343997422000029, 46.43690183200016 ], [ 14.344032561000176, 46.436901971999987 ], [ 14.344039390000148, 46.436912348000135 ], [ 14.344045324000092, 46.436930649000146 ], [ 14.344055443000116, 46.436935959000095 ], [ 14.344068882000101, 46.436944927000127 ], [ 14.344089521000114, 46.436956081000119 ], [ 14.34410570700004, 46.436972761999982 ], [ 14.344113740000068, 46.436992035000117 ], [ 14.344149831000095, 46.437008361000039 ], [ 14.344148272000098, 46.437020029999985 ], [ 14.344146630000125, 46.437032322000164 ], [ 14.344134827000119, 46.437055548000103 ], [ 14.344116696000128, 46.4370814400001 ], [ 14.344093773000111, 46.437115652000102 ], [ 14.344092174000025, 46.437141758000109 ], [ 14.344103563000033, 46.437173507000182 ], [ 14.344102760000055, 46.437207523000154 ], [ 14.344105783000032, 46.437230259999978 ], [ 14.344113185000083, 46.437264563000099 ], [ 14.34409834600001, 46.43729258500008 ], [ 14.344093366000152, 46.437311793000106 ], [ 14.344099252000092, 46.437327486000072 ], [ 14.344110741000065, 46.437350598000194 ], [ 14.344132460000026, 46.437385044 ], [ 14.344148187000144, 46.437412076000101 ], [ 14.344163103000142, 46.437451622000026 ], [ 14.344165357000179, 46.437482012000032 ], [ 14.344169762000092, 46.437509055000078 ], [ 14.344182189000151, 46.437525914000105 ], [ 14.344206012000029, 46.437534017000189 ], [ 14.344235535999985, 46.437531677000152 ], [ 14.344265366000172, 46.437527553000166 ], [ 14.344280597000079, 46.437534796000136 ], [ 14.344305844000132, 46.437527825000188 ], [ 14.344333110000093, 46.437531453000133 ], [ 14.34436112100019, 46.437540112000079 ], [ 14.344400312000118, 46.437548134000167 ], [ 14.344428590000177, 46.437550223000073 ], [ 14.344457214000045, 46.437549880000176 ], [ 14.34449040100003, 46.437549946000161 ], [ 14.344515346000094, 46.437561691000155 ], [ 14.344541158000084, 46.437578197999983 ], [ 14.344574407999971, 46.437588701000095 ], [ 14.344591391000051, 46.437599257000045 ], [ 14.344610429000056, 46.437608356 ], [ 14.344645092000121, 46.437603731000081 ], [ 14.344668384000101, 46.437603615000057 ], [ 14.344691217000161, 46.437613849 ], [ 14.344715147000159, 46.437620025000172 ], [ 14.344728931000077, 46.437640507000083 ], [ 14.344776929000147, 46.437660326000071 ], [ 14.344822127000157, 46.437683499000116 ], [ 14.344846401000041, 46.437708297000029 ], [ 14.344884653000179, 46.437721903000067 ], [ 14.344915562000153, 46.437725409 ], [ 14.34493926000016, 46.437719081000012 ], [ 14.344955216000074, 46.437709313000084 ], [ 14.344970997000189, 46.437704135000047 ], [ 14.34498961900016, 46.437711798000066 ], [ 14.345002056, 46.437715737000133 ], [ 14.345023407000099, 46.437709159000121 ], [ 14.345063875000051, 46.43768774800003 ], [ 14.345094197000094, 46.43768775000018 ], [ 14.345130316000166, 46.437677443000155 ], [ 14.345148217000144, 46.437667298000122 ], [ 14.345176687000162, 46.437644553999974 ], [ 14.345212992000086, 46.437609144000078 ], [ 14.34529176500007, 46.437562111000034 ], [ 14.345338987000105, 46.437511850000192 ], [ 14.345437365000066, 46.437427126000102 ], [ 14.345486218000133, 46.437387646000047 ], [ 14.345517555000129, 46.437365146000161 ], [ 14.345547989000181, 46.437357139000085 ], [ 14.345583643999987, 46.437356913000087 ], [ 14.345623225000168, 46.43735089400019 ], [ 14.345673432000126, 46.437349460000064 ], [ 14.34571137000006, 46.437353173000133 ], [ 14.345750830000156, 46.43735462300009 ], [ 14.345777392000059, 46.437355377000131 ], [ 14.345850138, 46.437341238000101 ], [ 14.34589579500016, 46.437333007000063 ], [ 14.345924611000044, 46.437328973000092 ], [ 14.345975704000125, 46.437305128000162 ], [ 14.346007284000052, 46.437309796000193 ], [ 14.34603652200019, 46.437314486000048 ], [ 14.34605946400012, 46.437316442 ], [ 14.346087155000191, 46.437321955000016 ], [ 14.346118157000092, 46.437316552000027 ], [ 14.346140130000038, 46.4373153680001 ], [ 14.346164646000091, 46.437318120000157 ], [ 14.346192309000173, 46.437307978000035 ], [ 14.346207244000084, 46.437304041000175 ], [ 14.34623893100013, 46.437295688000063 ], [ 14.346275964000085, 46.437292661000072 ], [ 14.346310682000137, 46.437291095000148 ], [ 14.346340410000096, 46.437287052000102 ], [ 14.346371503000057, 46.437286507000124 ], [ 14.346389886999987, 46.43728841300009 ], [ 14.346407784000178, 46.437299051000082 ], [ 14.346441853000044, 46.437318634 ], [ 14.346471656000119, 46.437325747000159 ], [ 14.346499368000082, 46.437325322000049 ], [ 14.346531630000072, 46.437317658000097 ], [ 14.346554768000033, 46.437316193000072 ], [ 14.346581374000152, 46.437319286000104 ], [ 14.34661081500019, 46.4373209150001 ], [ 14.346636379000131, 46.437324017000037 ], [ 14.346661487000119, 46.437337561000106 ], [ 14.346697231, 46.437342103000105 ], [ 14.346748814000136, 46.437337687000081 ], [ 14.346777783000107, 46.437327892999974 ], [ 14.346803690000058, 46.437314347000097 ], [ 14.346821306000095, 46.437309873000117 ], [ 14.346854027000063, 46.437305894000019 ], [ 14.346885331000124, 46.437309665999976 ], [ 14.34691291200005, 46.43731625800018 ], [ 14.346939624000129, 46.437332127000161 ], [ 14.346965472000136, 46.437350432000187 ], [ 14.346987529000046, 46.43736796100012 ], [ 14.347015499000065, 46.437381388000063 ], [ 14.347035659000142, 46.437394885 ], [ 14.347072282000056, 46.437390782000136 ], [ 14.34708812100007, 46.437409716000104 ], [ 14.347130024000023, 46.437388561000034 ], [ 14.347174198000175, 46.437377642000115 ], [ 14.347245558, 46.437365943000145 ], [ 14.347342540000056, 46.437353386000041 ], [ 14.34742122200015, 46.437350620000188 ], [ 14.347493820000125, 46.437349526000105 ], [ 14.347543039000016, 46.437336943000048 ], [ 14.347592190000114, 46.437320673000102 ], [ 14.34765002000006, 46.437302256000066 ], [ 14.347707035000099, 46.437288974000069 ], [ 14.347749657000065, 46.437285536000104 ], [ 14.347807174000138, 46.437278279000168 ], [ 14.347847117000128, 46.437277744000028 ], [ 14.347894258000053, 46.437293431000171 ], [ 14.34792712400008, 46.437290260000168 ], [ 14.347963238000091, 46.437279773000114 ], [ 14.347995242000025, 46.437279219000061 ], [ 14.348024553000073, 46.437280848000114 ], [ 14.348054830000024, 46.437292366000179 ], [ 14.348114564000127, 46.437278341000138 ], [ 14.348177311000086, 46.43725844 ], [ 14.348222100000157, 46.43725957200013 ], [ 14.348274090000018, 46.43725605200018 ], [ 14.34830459200009, 46.437258660000055 ], [ 14.348331057000053, 46.437261214000046 ], [ 14.348406809000096, 46.437275837000129 ], [ 14.348488651000082, 46.437296073000027 ], [ 14.348523680000085, 46.43731123800012 ], [ 14.34853376, 46.437329808000072 ], [ 14.348602583000115, 46.437348326000176 ], [ 14.348674838000136, 46.43737080700015 ], [ 14.348731993000172, 46.437379116000045 ], [ 14.348798516000102, 46.437387342000193 ], [ 14.34883246000004, 46.437400087000128 ], [ 14.348870891000104, 46.437402265000117 ], [ 14.348880737000059, 46.437420891000045 ], [ 14.348889969000084, 46.437448431000178 ], [ 14.34893524, 46.437461524000128 ], [ 14.348960362000128, 46.437475787000153 ], [ 14.34898176300004, 46.437485943000127 ], [ 14.349008104000177, 46.437509821000106 ], [ 14.349033833000078, 46.437521740000136 ], [ 14.349069746000112, 46.43752142000011 ], [ 14.349102031000029, 46.43752203300005 ], [ 14.349138954000182, 46.437519996000162 ], [ 14.349173905000157, 46.437516986000105 ], [ 14.349256868000168, 46.437534423000045 ], [ 14.349309886000128, 46.437537191000104 ], [ 14.349359725000056, 46.437550964000081 ], [ 14.349437137000052, 46.437563862000047 ], [ 14.349512459999971, 46.437583346000054 ], [ 14.349573528000064, 46.437585053000134 ], [ 14.349629548000109, 46.437595262000173 ], [ 14.34966324200002, 46.43760162000018 ], [ 14.349725031999981, 46.437607189000175 ], [ 14.349762840000096, 46.437603793000108 ], [ 14.349797375000037, 46.437599438000177 ], [ 14.349809932000085, 46.437588800000185 ], [ 14.349821220000138, 46.437579972000151 ], [ 14.349845367000114, 46.437576789000161 ], [ 14.349881228000129, 46.43757368100006 ], [ 14.349914060000174, 46.437575728000184 ], [ 14.34994496700017, 46.437579142000061 ], [ 14.349978336000163, 46.437574977000168 ], [ 14.350002333000134, 46.437570804000131 ], [ 14.350041191000116, 46.43756785000005 ], [ 14.350062105000063, 46.437572793000186 ], [ 14.35007650200015, 46.437577163000185 ], [ 14.350099576000105, 46.43755833400013 ], [ 14.350129740999989, 46.437549879000073 ], [ 14.350164151000172, 46.437545704000172 ], [ 14.35019896700004, 46.437542425000174 ], [ 14.350220721000085, 46.437543491000042 ], [ 14.350243381000155, 46.437551297000027 ], [ 14.350271810000095, 46.437568499000179 ], [ 14.35031063100007, 46.437521638000135 ], [ 14.350354962000097, 46.437512157000128 ], [ 14.350403823000136, 46.437508304000062 ], [ 14.350427521000142, 46.437516010000195 ], [ 14.350451640000074, 46.437525333000167 ], [ 14.350475756000094, 46.437534385000049 ], [ 14.35050387400014, 46.437534855000081 ], [ 14.350564206000172, 46.437538997000047 ], [ 14.350586517000124, 46.437535110000169 ], [ 14.350618759000156, 46.437533293000115 ], [ 14.350649150999971, 46.437537072000168 ], [ 14.350663025000074, 46.437541357000043 ], [ 14.350676469000121, 46.437550504 ], [ 14.350697792, 46.437563360000183 ], [ 14.350732345000097, 46.437566922000144 ], [ 14.350752139000178, 46.437574573000177 ], [ 14.350764207000111, 46.437586701999976 ], [ 14.350772281000047, 46.43761497100013 ], [ 14.350786558999971, 46.437619972000107 ], [ 14.35079142800015, 46.437629826000034 ], [ 14.350807419000091, 46.437635982000188 ], [ 14.350835042000028, 46.437637715000051 ], [ 14.350850036000168, 46.437639201000195 ], [ 14.350863090000189, 46.437669315000164 ], [ 14.350838636000105, 46.437683928000069 ], [ 14.350837386000023, 46.43770769200006 ], [ 14.350849141000026, 46.437716944000101 ], [ 14.350860294000142, 46.437721883000108 ], [ 14.350861277000149, 46.437746707000031 ], [ 14.350852911000175, 46.437765675000151 ], [ 14.35087402500011, 46.437781322000092 ], [ 14.350878032000026, 46.43780090100006 ], [ 14.350884804000032, 46.43781505600009 ], [ 14.350923125000122, 46.437832259000174 ], [ 14.35092381000004, 46.437848088000123 ], [ 14.350924699000075, 46.437867873000073 ], [ 14.350939827000047, 46.437876556000163 ], [ 14.350958450000064, 46.437877290000074 ], [ 14.350976414000172, 46.437884508000138 ], [ 14.350996281000107, 46.437896118000026 ], [ 14.351034104000121, 46.43791449500003 ], [ 14.351054477000105, 46.437925290000123 ], [ 14.351059884000108, 46.437950074000071 ], [ 14.351074354000104, 46.437965420000069 ], [ 14.351085039000168, 46.437976875000061 ], [ 14.35109175000008, 46.437984070000027 ], [ 14.351114572000029, 46.437993582999979 ], [ 14.35112564800005, 46.43800131200004 ], [ 14.351115580000112, 46.438026773000104 ], [ 14.351113571000042, 46.438044696000077 ], [ 14.351144739000119, 46.4380481070001 ], [ 14.351151414000071, 46.438057135000122 ], [ 14.351160440000115, 46.438073609000071 ], [ 14.351176235000082, 46.438083186000028 ], [ 14.351197044000116, 46.438089478000052 ], [ 14.351209420000089, 46.438097106000157 ], [ 14.351263380000091, 46.438080521000074 ], [ 14.351294082000152, 46.438065942000037 ], [ 14.351323178000087, 46.438055966000093 ], [ 14.351340975000028, 46.438047260000076 ], [ 14.351383809000026, 46.438053051000111 ], [ 14.351413820000118, 46.438052460000165 ], [ 14.351461507000067, 46.438051909000194 ], [ 14.35150065, 46.438049681000052 ], [ 14.351542707000021, 46.438040965000027 ], [ 14.351544380000064, 46.438040236000063 ], [ 14.351581046000092, 46.43802424900008 ], [ 14.351590902, 46.438001399000143 ], [ 14.351603467000075, 46.43797024700001 ], [ 14.351639735000049, 46.437954089000129 ], [ 14.351679921000027, 46.437945634000016 ], [ 14.351712516000134, 46.437948853000194 ], [ 14.351750286000083, 46.437950406000084 ], [ 14.351783169000043, 46.437934188000156 ], [ 14.351803387000075, 46.43790872600016 ], [ 14.351832236000064, 46.437885527000105 ], [ 14.351852113000064, 46.437869694000142 ], [ 14.351887451000152, 46.437859483000125 ], [ 14.35192142, 46.437859540000034 ], [ 14.351941704000069, 46.437857254000164 ], [ 14.351966825000147, 46.437844830000017 ], [ 14.351995333000161, 46.437831350000181 ], [ 14.352027944000099, 46.437835379000035 ], [ 14.352061136000032, 46.437835711999981 ], [ 14.352080089000083, 46.43784013200019 ], [ 14.352107047000175, 46.437834224000028 ], [ 14.352131938000184, 46.437822036000114 ], [ 14.352153397000109, 46.437814287000094 ], [ 14.352174595000065, 46.437813469000048 ], [ 14.352203819000181, 46.437803402000156 ], [ 14.352236282000149, 46.437792585000068 ], [ 14.352280030000031, 46.437779779999971 ], [ 14.352328993000071, 46.437767377000114 ], [ 14.352374227999974, 46.437757527000031 ], [ 14.352421684000035, 46.437755125000194 ], [ 14.352464953000151, 46.437751501000037 ], [ 14.352493777, 46.437747915000102 ], [ 14.352523323000185, 46.437748102000057 ], [ 14.352557959000023, 46.437742124000067 ], [ 14.352596015000131, 46.437731169000131 ], [ 14.352620701000035, 46.437721951000071 ], [ 14.352644275000046, 46.437709055000084 ], [ 14.35267708900011, 46.437696077000055 ], [ 14.352708423000024, 46.437687520000168 ], [ 14.352745903000084, 46.437680528000101 ], [ 14.352823737000165, 46.437660131000143 ], [ 14.352846210000166, 46.437662827000167 ], [ 14.352876441000092, 46.437666948000071 ], [ 14.352910396000141, 46.437673303000167 ], [ 14.352951942000175, 46.437682020000068 ], [ 14.352981638000131, 46.43769021300011 ], [ 14.353014108000025, 46.43770072000018 ], [ 14.353049156000054, 46.437709854000047 ], [ 14.353084969000065, 46.43772510000008 ], [ 14.35311071000018, 46.43773764700012 ], [ 14.353155562000154, 46.437749122000127 ], [ 14.353210641000032, 46.437764647000051 ], [ 14.353236423, 46.437779352000121 ], [ 14.353293405000102, 46.43779224900004 ], [ 14.353341056000033, 46.437814227000104 ], [ 14.353368357000079, 46.437833598000168 ], [ 14.353394413000103, 46.437842092000153 ], [ 14.353449296000122, 46.437861126000143 ], [ 14.353488324000182, 46.437874274000194 ], [ 14.353534632000105, 46.437886996000145 ], [ 14.353570173000094, 46.437908633000063 ], [ 14.353605198000082, 46.437923525000087 ], [ 14.353637184000036, 46.437935926000137 ], [ 14.353664422000179, 46.437937932000125 ], [ 14.353705357000081, 46.437934778 ], [ 14.35374660500014, 46.437934409999968 ], [ 14.353773518000139, 46.43794001800012 ], [ 14.353823416000182, 46.437949919000118 ], [ 14.353860785000165, 46.437964881000141 ], [ 14.353897882000126, 46.437979125000027 ], [ 14.35393496100005, 46.437985542000149 ], [ 14.35395830300007, 46.437988032000192 ], [ 14.353996909000045, 46.437985618000141 ], [ 14.354031323000072, 46.437981622000166 ], [ 14.354077897000025, 46.437987775000067 ], [ 14.354091328000152, 46.437996113000054 ], [ 14.354105601000185, 46.438014699000178 ], [ 14.354117371000086, 46.438024760000189 ], [ 14.354161151000142, 46.438048482 ], [ 14.354199022000159, 46.43807639500011 ], [ 14.354227357000127, 46.438095396000165 ], [ 14.3542368680001, 46.43810988600012 ], [ 14.354261087000054, 46.438117587000136 ], [ 14.354311532000054, 46.438128834000111 ], [ 14.354359054999975, 46.438143884000112 ], [ 14.354379008000137, 46.438153063000073 ], [ 14.354395650000072, 46.438166140000135 ], [ 14.354416451000134, 46.438192856000057 ], [ 14.354444425000111, 46.438213389000055 ], [ 14.354462740000145, 46.438232480000124 ], [ 14.354494360999979, 46.438246233000143 ], [ 14.354532381000126, 46.438247153000191 ], [ 14.354575089000093, 46.438248391000116 ], [ 14.354631746999985, 46.438250854000046 ], [ 14.354672178000044, 46.438255532000085 ], [ 14.354711895000037, 46.438256796000189 ], [ 14.354748169000061, 46.438254853000103 ], [ 14.354790411000181, 46.438252047000049 ], [ 14.354852502000028, 46.438252751000107 ], [ 14.354909162000126, 46.438255304000052 ], [ 14.354938467000125, 46.438256572000171 ], [ 14.354959000000179, 46.438261967000187 ], [ 14.354977673, 46.438272327000163 ], [ 14.355010444000129, 46.438284900000042 ], [ 14.355029921000096, 46.438289495000163 ], [ 14.355051973000116, 46.438292627000067 ], [ 14.355069497000159, 46.438297148000174 ], [ 14.355090817000132, 46.438309824000157 ], [ 14.355112747000021, 46.438320334000139 ], [ 14.355135891000145, 46.438333173000046 ], [ 14.355153552000104, 46.438344982000046 ], [ 14.355177959000059, 46.438348812000186 ], [ 14.355211497000028, 46.438353641000106 ], [ 14.355241253000145, 46.43835814300013 ], [ 14.355257869000127, 46.438362854000104 ], [ 14.355279513000141, 46.438372017000063 ], [ 14.355307783000171, 46.438373564000074 ], [ 14.355328445999987, 46.438378957000111 ], [ 14.35536435400013, 46.438343548000091 ], [ 14.355389559000173, 46.438320380000107 ], [ 14.355418296000153, 46.438312115000087 ], [ 14.35543957800013, 46.438301939000098 ], [ 14.355448536000154, 46.43828683300012 ], [ 14.355469225000036, 46.438272703000166 ], [ 14.355497130000117, 46.438261747000183 ], [ 14.355524929000183, 46.438252051000063 ], [ 14.355542844000126, 46.438256570000192 ], [ 14.35556782499998, 46.438263274 ], [ 14.355579781000074, 46.438262358000145 ], [ 14.355610483000135, 46.438240850000113 ], [ 14.355642608000039, 46.438225897000052 ], [ 14.355670768000095, 46.438214578999975 ], [ 14.355693664, 46.438207177000095 ], [ 14.355735499, 46.438196456000185 ], [ 14.35575551400018, 46.438195017000169 ], [ 14.355807371000083, 46.43819131500004 ], [ 14.355830783000101, 46.438197583000033 ], [ 14.355851621000056, 46.438205315000118 ], [ 14.355874147000122, 46.438205923000169 ], [ 14.355894603000024, 46.438207180000177 ], [ 14.355919666000091, 46.438211273999968 ], [ 14.355922406000104, 46.438225555000031 ], [ 14.355912403000104, 46.438247418000117 ], [ 14.355920597000079, 46.438261020000027 ], [ 14.355936007000082, 46.438263851000158 ], [ 14.35594956400007, 46.438265079000075 ], [ 14.355973456000072, 46.438283040000044 ], [ 14.355963312000142, 46.438304274000018 ], [ 14.355958846000135, 46.43833688400008 ], [ 14.355963970000175, 46.438353392000181 ], [ 14.355976480000152, 46.438361198000109 ], [ 14.355981628000052, 46.438372038000125 ], [ 14.355957559999979, 46.438379452000049 ], [ 14.355935405000025, 46.438391706000175 ], [ 14.355922094999983, 46.438403701000027 ], [ 14.355904191000093, 46.438420596000071 ], [ 14.355902869000033, 46.438440401000037 ], [ 14.355900586000075, 46.438471372000038 ], [ 14.355910487000131, 46.438492787000087 ], [ 14.355910806000054, 46.438509787999976 ], [ 14.355903145000013, 46.438524702000166 ], [ 14.355891494000048, 46.438541901000065 ], [ 14.355880607000131, 46.438565121000067 ], [ 14.355879473000016, 46.438581056000032 ], [ 14.355881521000185, 46.438590195000188 ], [ 14.35588430100006, 46.438602606000018 ], [ 14.355899992000047, 46.438627388000157 ], [ 14.355935935000105, 46.438649559000112 ], [ 14.355961037000043, 46.438662650000026 ], [ 14.355985247000092, 46.438676739000016 ], [ 14.356005343000163, 46.438693564000118 ], [ 14.356016926000109, 46.438707496000177 ], [ 14.356026247999978, 46.438725766000118 ], [ 14.356041466000022, 46.438739216000158 ], [ 14.356044382000107, 46.438748997000175 ], [ 14.356045904000041, 46.438774715000136 ], [ 14.356081853999967, 46.43876935500009 ], [ 14.356108093000103, 46.438773619000074 ], [ 14.356135070000107, 46.438782645000117 ], [ 14.356148973000131, 46.438795385999981 ], [ 14.356168586000081, 46.438807177000172 ], [ 14.356212225000036, 46.438823341000102 ], [ 14.356231016999971, 46.438826053000128 ], [ 14.356264087000056, 46.438826746000132 ], [ 14.356289342000082, 46.438848024000094 ], [ 14.356320356000026, 46.438864031000094 ], [ 14.356342264000034, 46.438873372000046 ], [ 14.356378920000054, 46.438877993000176 ], [ 14.356403027000169, 46.43888659400011 ], [ 14.356418185, 46.438896805000127 ], [ 14.356440666000026, 46.438908840000124 ], [ 14.356455857000128, 46.438920850000102 ], [ 14.356473312000048, 46.438935629000127 ], [ 14.356488332000026, 46.438945482000179 ], [ 14.356530088000113, 46.438965262000181 ], [ 14.356551218000106, 46.438960754000163 ], [ 14.356574530000046, 46.438954697000099 ], [ 14.356594929999972, 46.438952985000185 ], [ 14.356628904000104, 46.438953311000034 ], [ 14.356671678000112, 46.438951039000187 ], [ 14.356701452000095, 46.438956440000027 ], [ 14.356746759000032, 46.438957385000151 ], [ 14.35680918200012, 46.438954936000073 ], [ 14.356860944000118, 46.438953124000079 ], [ 14.356893337000088, 46.438959312000065 ], [ 14.356915793000155, 46.43895623200018 ], [ 14.356937404000064, 46.438949651000087 ], [ 14.356967229000134, 46.438943896000012 ], [ 14.356996788, 46.438944800000115 ], [ 14.3570157690001, 46.438943731000109 ], [ 14.357041370000161, 46.438941702000193 ], [ 14.357074131000104, 46.438939879000145 ], [ 14.357102047000126, 46.438929463000193 ], [ 14.35713848, 46.438915191000035 ], [ 14.357163681000031, 46.438905788000056 ], [ 14.357185892000018, 46.438896502000034 ], [ 14.357198788, 46.438890179000111 ], [ 14.357207941000183, 46.438885508000169 ], [ 14.357235788000082, 46.438892277000093 ], [ 14.357252938000045, 46.438911557000097 ], [ 14.357264149, 46.438933409000128 ], [ 14.357269443000121, 46.438951986000177 ], [ 14.357271689000129, 46.438967711000146 ], [ 14.35726551800002, 46.438992598000141 ], [ 14.35725158300005, 46.439005949000091 ], [ 14.357248006000191, 46.439023436000014 ], [ 14.357242279000161, 46.439065053000036 ], [ 14.357229284000084, 46.439086943000063 ], [ 14.357270338000092, 46.439099783000074 ], [ 14.357312737000143, 46.439099691000024 ], [ 14.357336484000029, 46.439094647000161 ], [ 14.357417659000134, 46.439055296 ], [ 14.35749281, 46.439037528000142 ], [ 14.357585182000037, 46.439015108000035 ], [ 14.357650601000046, 46.438998957000081 ], [ 14.357710263000172, 46.438981148000096 ], [ 14.357750939000141, 46.438971067000068 ], [ 14.35783841, 46.438951029000179 ], [ 14.3579292820001, 46.438938879000034 ], [ 14.358038591000138, 46.438917476000142 ], [ 14.358121387000097, 46.438904948000186 ], [ 14.35820313500011, 46.438892033000116 ], [ 14.358232490000091, 46.438884827000038 ], [ 14.358261949000166, 46.438877596000054 ], [ 14.358311935000017, 46.438857354000163 ], [ 14.358392023000079, 46.438855863000128 ], [ 14.358522976000188, 46.438875437000149 ], [ 14.358627473000013, 46.438875040000028 ], [ 14.35866273, 46.438867526000081 ], [ 14.358698897000068, 46.438866751000148 ], [ 14.358717223000156, 46.438879363000126 ], [ 14.358730140000091, 46.438901920000092 ], [ 14.358815591000109, 46.438906013000178 ], [ 14.358876971000086, 46.438903573000175 ], [ 14.358899137000094, 46.438905713000167 ], [ 14.358937495000077, 46.438924712000016 ], [ 14.358970531000182, 46.438944480000089 ], [ 14.359030412000038, 46.438952221000079 ], [ 14.359119978000024, 46.43896059400015 ], [ 14.359202164000067, 46.438971103000085 ], [ 14.359245277000184, 46.438972966000108 ], [ 14.359267778000174, 46.43895836900009 ], [ 14.359314835000077, 46.438962355000058 ], [ 14.359365386000036, 46.438972248000084 ], [ 14.359419441000171, 46.438981660000138 ], [ 14.359468256000071, 46.438982211999985 ], [ 14.359518628000103, 46.43897564100007 ], [ 14.359553615000095, 46.438974518000066 ], [ 14.359630450000168, 46.438970230000052 ], [ 14.35971225500009, 46.438967336000189 ], [ 14.359768187999975, 46.438958917000093 ], [ 14.359800896000024, 46.438954215000081 ], [ 14.359849748000158, 46.438963763000174 ], [ 14.359904820000111, 46.438978744000053 ], [ 14.359984042000065, 46.438990718000184 ], [ 14.360059865000039, 46.438994986000182 ], [ 14.360157890000096, 46.439003283000034 ], [ 14.360223731000133, 46.439016547000108 ], [ 14.360292658000049, 46.439027804000034 ], [ 14.360347321000063, 46.439041799000051 ], [ 14.360414675000129, 46.439045513000167 ], [ 14.360456992000138, 46.439012023000089 ], [ 14.360491792000175, 46.438987059000112 ], [ 14.360516590000088, 46.438983867000047 ], [ 14.360574079000173, 46.438989018000029 ], [ 14.360645759000022, 46.438987474999976 ], [ 14.360722891000023, 46.438985163000154 ], [ 14.360808476000102, 46.438975665999976 ], [ 14.360876834000067, 46.438970464000079 ], [ 14.36093080500018, 46.438961521000181 ], [ 14.360987227000066, 46.438951388000135 ], [ 14.361033681000151, 46.438930277000054 ], [ 14.361108523000155, 46.43890999000007 ], [ 14.36118231800009, 46.438896371000112 ], [ 14.361243217000094, 46.438882148000062 ], [ 14.361284423000143, 46.438872601000071 ], [ 14.361344289000101, 46.43887953 ], [ 14.361390796000137, 46.438861207 ], [ 14.361459942000181, 46.438821808000057 ], [ 14.361539059000052, 46.438786729000071 ], [ 14.361587884000073, 46.438753270000063 ], [ 14.361636206000185, 46.438734661000012 ], [ 14.361677808000081, 46.438732308000112 ], [ 14.361730666000028, 46.438733361000118 ], [ 14.361752183000078, 46.438728759000071 ], [ 14.361799094000162, 46.438690460000032 ], [ 14.36184211799997, 46.438682768000092 ], [ 14.36190125700017, 46.438669747000176 ], [ 14.361961604000101, 46.438660747000142 ], [ 14.362020365000092, 46.438657429000045 ], [ 14.362121846000036, 46.438655797000081 ], [ 14.362204917999975, 46.438651091000054 ], [ 14.362270900000112, 46.438651037000056 ], [ 14.362336242000026, 46.438644691000036 ], [ 14.362404416000174, 46.438629772000127 ], [ 14.36244634600007, 46.438631104000081 ], [ 14.362501677000125, 46.43864599200009 ], [ 14.362528857000086, 46.438686414000017 ], [ 14.362538197000106, 46.438719350000099 ], [ 14.36258385300016, 46.438738822000118 ], [ 14.362616754000157, 46.438751301000195 ], [ 14.362651729000106, 46.438791024000182 ], [ 14.362703852000038, 46.43880828000016 ], [ 14.36274231900012, 46.438805414000115 ], [ 14.362781551000182, 46.438801642000158 ], [ 14.362836924000078, 46.438804922000088 ], [ 14.362890363000133, 46.438809209000169 ], [ 14.362935508000021, 46.438808444000188 ], [ 14.362987602000089, 46.438838024000177 ], [ 14.363039851000053, 46.438862027000084 ], [ 14.363080698000147, 46.438868046000152 ], [ 14.36314902700002, 46.43886824100008 ], [ 14.363195443000166, 46.438865843000031 ], [ 14.363247115000149, 46.43885224200011 ], [ 14.363287816000081, 46.438836671000104 ], [ 14.363325779000093, 46.438827692000189 ], [ 14.363379684000051, 46.438836024000182 ], [ 14.363425835000044, 46.438854052000067 ], [ 14.363446316000022, 46.43886358400016 ], [ 14.363554800000145, 46.438895176000074 ], [ 14.363634617000059, 46.438911012000176 ], [ 14.363674447000164, 46.438925229000176 ], [ 14.363732711000182, 46.438923084000066 ], [ 14.363794730000109, 46.438919915999975 ], [ 14.363851962000012, 46.438925248000089 ], [ 14.363912405000121, 46.438928213000054 ], [ 14.363955856000075, 46.438941137000086 ], [ 14.363989165000078, 46.43895451200018 ], [ 14.364012505000062, 46.438963749000152 ], [ 14.364054747000182, 46.438954011000078 ], [ 14.364104567000027, 46.438938897000071 ], [ 14.364153191000185, 46.438929371000143 ], [ 14.364186583000105, 46.438926461000108 ], [ 14.364222382000094, 46.438933876000078 ], [ 14.364253050000173, 46.438924513000131 ], [ 14.364307996000093, 46.438905213000112 ], [ 14.364321705000066, 46.438900681000121 ], [ 14.364332736, 46.438885197000047 ], [ 14.36434730700006, 46.438850426000101 ], [ 14.364363364000042, 46.438839215000144 ], [ 14.364411922000158, 46.438819344000194 ], [ 14.364449849000039, 46.438801547000082 ], [ 14.36447186200013, 46.438802609000163 ], [ 14.36450509500014, 46.438791242000036 ], [ 14.364566283000045, 46.43876477800012 ], [ 14.364612494000085, 46.438737730000184 ], [ 14.36464624700011, 46.438712594000094 ], [ 14.364661167000122, 46.438689427000043 ], [ 14.36468116500015, 46.438680159000171 ], [ 14.364734665000128, 46.438694612000177 ], [ 14.36477523800005, 46.43868605800003 ], [ 14.364823997000087, 46.438663036000037 ], [ 14.364875108000149, 46.438633604000131 ], [ 14.364921299000116, 46.438619242000186 ], [ 14.364993045, 46.438579908000122 ], [ 14.365032535000068, 46.438576042000136 ], [ 14.365112111000087, 46.438579193000123 ], [ 14.365182059, 46.438582431000043 ], [ 14.365218064000089, 46.438573198000086 ], [ 14.365266804000044, 46.438562952000154 ], [ 14.365356322000139, 46.438568802000077 ], [ 14.365448923000088, 46.438579393000168 ], [ 14.365540482000085, 46.438583064 ], [ 14.365633935000119, 46.438590498999986 ], [ 14.365718365000191, 46.438602603000106 ], [ 14.365803104000179, 46.438617222000175 ], [ 14.36587469900013, 46.438631871000041 ], [ 14.365924616000086, 46.438649504000182 ], [ 14.36594709200017, 46.438675033000095 ], [ 14.365991428000143, 46.438727896000103 ], [ 14.366028914000026, 46.438776322000194 ], [ 14.366055277000157, 46.438828447000162 ], [ 14.366087697000182, 46.43884300000019 ], [ 14.366154820000133, 46.438862097000083 ], [ 14.366210216000127, 46.438887239000053 ], [ 14.366260449000094, 46.438914676000081 ], [ 14.366309153000032, 46.438943836000192 ], [ 14.366338473000155, 46.438966460000131 ], [ 14.366349830000104, 46.43897522900005 ], [ 14.366391855000131, 46.439009038999984 ], [ 14.36642193800003, 46.439037648000124 ], [ 14.366448948000141, 46.439068894000059 ], [ 14.366482408000081, 46.439093730000195 ], [ 14.366494792000026, 46.439094760000103 ], [ 14.366536674000088, 46.439088668000124 ], [ 14.366601516000173, 46.439074461000075 ], [ 14.366652194000096, 46.439051771000152 ], [ 14.366676953000081, 46.439009369000189 ], [ 14.366692796000052, 46.438977942000179 ], [ 14.366758012000105, 46.438940888000161 ], [ 14.36679143200007, 46.438926353000113 ], [ 14.366834902999983, 46.438910053000143 ], [ 14.366911234000042, 46.438892232 ], [ 14.366952406000053, 46.438879544000031 ], [ 14.366998234000107, 46.438880568000116 ], [ 14.367062750000116, 46.438885563999975 ], [ 14.367144775000043, 46.438901197000121 ], [ 14.367214389000139, 46.438907405000123 ], [ 14.367299036000134, 46.438917166000124 ], [ 14.367394552000064, 46.438923591000048 ], [ 14.367481490000102, 46.438930542000151 ], [ 14.367547454000089, 46.438936424000133 ], [ 14.367616190999968, 46.438958205000063 ], [ 14.367694700000186, 46.438987455000188 ], [ 14.367760750000116, 46.439025365000134 ], [ 14.367780513000071, 46.439038142000186 ], [ 14.367844881999986, 46.439049166000018 ], [ 14.367892895000125, 46.439048642000159 ], [ 14.367930911000087, 46.43904937800005 ], [ 14.367979190000085, 46.439056049000158 ], [ 14.368042228000149, 46.439079231000107 ], [ 14.368118143000117, 46.439095189 ], [ 14.368205364000175, 46.439110235000044 ], [ 14.368262623000021, 46.439109986000119 ], [ 14.368317537000109, 46.439095903000066 ], [ 14.368376790000127, 46.439091049000012 ], [ 14.368426175000025, 46.43908736200018 ], [ 14.368463012000177, 46.43909458700017 ], [ 14.368511460000093, 46.439123929000118 ], [ 14.368561612000121, 46.43915388500011 ], [ 14.368610472000114, 46.439191141000151 ], [ 14.36864349200016, 46.439230519000034 ], [ 14.368687993000037, 46.439271323000014 ], [ 14.36870703000011, 46.439300661000175 ], [ 14.368716189000054, 46.439330719000168 ], [ 14.368734245000155, 46.439363215000185 ], [ 14.368728656000087, 46.439397994000103 ], [ 14.368716875000132, 46.439435619000108 ], [ 14.368701875000113, 46.439475072000107 ], [ 14.368696649000015, 46.439501481000093 ], [ 14.368738927000152, 46.439562278000039 ], [ 14.36877185700007, 46.439603728000066 ], [ 14.368784670000139, 46.439634291000061 ], [ 14.368780705000063, 46.43967229500015 ], [ 14.36877438199997, 46.439723276000052 ], [ 14.368791184000145, 46.439744537000081 ], [ 14.368841994999968, 46.439781774999972 ], [ 14.368892463000066, 46.439821535000078 ], [ 14.36894115900003, 46.439850155000158 ], [ 14.369002094000166, 46.439872186000116 ], [ 14.369059193, 46.439897761000168 ], [ 14.369109407999986, 46.439937883000141 ], [ 14.369139569000083, 46.439984214000106 ], [ 14.369165959000156, 46.440023833000112 ], [ 14.369181131000175, 46.440064182000185 ], [ 14.369192202000079, 46.440103849000195 ], [ 14.369191576000048, 46.440156659000081 ], [ 14.369185644000083, 46.44019729900009 ], [ 14.369256034000045, 46.440189374000056 ], [ 14.369320349000134, 46.440176915000166 ], [ 14.369390653000096, 46.440164492000122 ], [ 14.369474033000074, 46.440155369000195 ], [ 14.369553964000033, 46.440149606000148 ], [ 14.369643002000089, 46.440136833000054 ], [ 14.369740791000083, 46.440118853000172 ], [ 14.369830933000117, 46.440109399000107 ], [ 14.369887016, 46.440108890000147 ], [ 14.369970391000095, 46.440113173000043 ], [ 14.370038421000061, 46.440118134000045 ], [ 14.370115791000046, 46.440121482000109 ], [ 14.370202831000142, 46.440126900000053 ], [ 14.370271172, 46.44013446800011 ], [ 14.37032755000007, 46.440149523000059 ], [ 14.370388667000043, 46.44016048400016 ], [ 14.370473004000189, 46.440167547000101 ], [ 14.370542968000109, 46.440171501000066 ], [ 14.370604953, 46.44017336800016 ], [ 14.370673623000187, 46.440177784000184 ], [ 14.370752966000111, 46.440182192000179 ], [ 14.370829152000169, 46.440191668000068 ], [ 14.370903403, 46.440195313000117 ], [ 14.370964229000094, 46.440197820000037 ], [ 14.371038829000042, 46.440199212000152 ], [ 14.371100847000037, 46.440195950000088 ], [ 14.371175549000156, 46.440188975000126 ], [ 14.371246796000094, 46.440178251000134 ], [ 14.371299971000155, 46.440182267000068 ], [ 14.371336378000024, 46.440187335000132 ], [ 14.371416022000062, 46.440180224000187 ], [ 14.371501107000086, 46.440178642000035 ], [ 14.371584810000172, 46.440179592000106 ], [ 14.371694725000111, 46.440183362000084 ], [ 14.371771110000111, 46.440189686000053 ], [ 14.371842474000175, 46.440192007000178 ], [ 14.371903770000074, 46.440184973000157 ], [ 14.371918804000074, 46.44018300100015 ], [ 14.37193070100011, 46.440163944000062 ], [ 14.371959304000086, 46.440141911000126 ], [ 14.371999998999968, 46.440126067000051 ], [ 14.37207603000013, 46.440100004000101 ], [ 14.372175040000172, 46.440084710000122 ], [ 14.372265053000035, 46.440061669000045 ], [ 14.372387340000159, 46.440038426000172 ], [ 14.372409813000161, 46.440034892000085 ], [ 14.372482711000146, 46.440023433000079 ], [ 14.372569442000099, 46.439998892000119 ], [ 14.372656678000055, 46.439973538000118 ], [ 14.372739295000031, 46.439958481000019 ], [ 14.372809007000114, 46.439949211000169 ], [ 14.372866005000049, 46.439948962000074 ], [ 14.372931025000071, 46.439959887000157 ], [ 14.372987056, 46.43995667900009 ], [ 14.373067004000063, 46.439944976000106 ], [ 14.373165024000173, 46.439925551000158 ], [ 14.373226772000123, 46.439914912000063 ], [ 14.373327754000172, 46.439893931000029 ], [ 14.373433774000034, 46.43987767100009 ], [ 14.373516512000151, 46.439862163000043 ], [ 14.373602940000183, 46.439849141000082 ], [ 14.373695949000137, 46.439839928000083 ], [ 14.373770314000183, 46.439828994000095 ], [ 14.373843352000165, 46.439823561000082 ], [ 14.373894405000044, 46.439818598000102 ], [ 14.373950862000186, 46.439817275000109 ], [ 14.374002158000167, 46.439825085 ], [ 14.374068561000058, 46.439840226000115 ], [ 14.374150877000147, 46.43985729100018 ], [ 14.374213774000111, 46.439866076000101 ], [ 14.374280192000072, 46.439875187999974 ], [ 14.374345978, 46.439885296000114 ], [ 14.374403884, 46.439891696000132 ], [ 14.374440564000054, 46.439897481000173 ], [ 14.374473353000155, 46.439910678000103 ], [ 14.374490789, 46.439931032000175 ], [ 14.374499174999983, 46.439940853000166 ], [ 14.374511911000184, 46.439974027000062 ], [ 14.37452765300003, 46.440014729999973 ], [ 14.374596626000141, 46.440007714000103 ], [ 14.374673926000128, 46.440000533000159 ], [ 14.374726479000174, 46.439999154000134 ], [ 14.374793460000092, 46.439996834000112 ], [ 14.374849254000083, 46.439994797000054 ], [ 14.37488907200003, 46.440001362000146 ], [ 14.374910623000119, 46.440012143000047 ], [ 14.374922449, 46.440018063000025 ], [ 14.374948968000183, 46.440016471000035 ], [ 14.374963074999982, 46.440011664999986 ], [ 14.374985044000141, 46.440004177000105 ], [ 14.375043215000062, 46.439976656000056 ], [ 14.375115492000077, 46.439944957000193 ], [ 14.375160369000184, 46.43993006300019 ], [ 14.375205018000031, 46.439923718000102 ], [ 14.375246014000084, 46.439917569000045 ], [ 14.375331329000119, 46.439913749000084 ], [ 14.375412690000189, 46.439907970000036 ], [ 14.375477784000054, 46.439902248000124 ], [ 14.375601553000081, 46.439902290000077 ], [ 14.375648322000131, 46.439904743000056 ], [ 14.375701445000175, 46.439919643000053 ], [ 14.375761873000044, 46.439928630000168 ], [ 14.375817993000055, 46.43993000800009 ], [ 14.375861741000108, 46.439937886000052 ], [ 14.375904431000095, 46.439951623000184 ], [ 14.375964969000108, 46.439966366000078 ], [ 14.376018982000062, 46.439986927000064 ], [ 14.376075684000114, 46.439998376000062 ], [ 14.376087194000036, 46.440001420000158 ], [ 14.376129967999987, 46.440012726000191 ], [ 14.376166461000082, 46.440030676000049 ], [ 14.376169118000064, 46.440031983000097 ], [ 14.376237691000142, 46.440065366000113 ], [ 14.376275237000016, 46.440048290000107 ], [ 14.376330359000178, 46.440031502000124 ], [ 14.376385031000041, 46.440025245000072 ], [ 14.37645009300013, 46.440031490000138 ], [ 14.376462479000054, 46.440032637000115 ], [ 14.376489788000129, 46.440011064000032 ], [ 14.376534466000066, 46.440006247999975 ], [ 14.376558537000051, 46.439999101000012 ], [ 14.376582278000114, 46.440001943000084 ], [ 14.376602127000069, 46.440005451000047 ], [ 14.376602337000122, 46.440036939000152 ], [ 14.376608624000028, 46.440059464000115 ], [ 14.37665075700005, 46.440064478000181 ], [ 14.376687487000027, 46.440072870000165 ], [ 14.376710254000045, 46.440072393000037 ], [ 14.376752982000028, 46.440067684000098 ], [ 14.376801944000022, 46.440069127000129 ], [ 14.376841962000128, 46.440065613 ], [ 14.376869935000059, 46.440058340000064 ], [ 14.376931226000067, 46.44005112200017 ], [ 14.37697022499998, 46.44004878700008 ], [ 14.37701308600009, 46.440057843000091 ], [ 14.377056091000156, 46.440074455000058 ], [ 14.377088696000101, 46.440108689000056 ], [ 14.377099831000066, 46.440129568000089 ], [ 14.377129407000041, 46.440117601000054 ], [ 14.377153017000182, 46.440100021000035 ], [ 14.377173912000046, 46.440083277000042 ], [ 14.377140274000112, 46.440066579000131 ], [ 14.377114398000117, 46.440054130000078 ], [ 14.377117960000021, 46.44002935400016 ], [ 14.377131298000108, 46.440012228000114 ], [ 14.377170215000035, 46.440005575000043 ], [ 14.377176229000156, 46.439993373999982 ], [ 14.377211725000052, 46.439978025000073 ], [ 14.37724134900003, 46.439989091000086 ], [ 14.37727218100008, 46.439981611000178 ], [ 14.37729314600017, 46.439975392000122 ], [ 14.377298077000091, 46.439961042000164 ], [ 14.377323060000151, 46.439947138000093 ], [ 14.377337045000161, 46.439934898000161 ], [ 14.37734290200018, 46.439929772000085 ], [ 14.377362546000029, 46.439929413000129 ], [ 14.377366454000025, 46.439932492000139 ], [ 14.377397429000155, 46.43995689500008 ], [ 14.377415871000096, 46.439948000000129 ], [ 14.377456141000039, 46.439944123000089 ], [ 14.377496075000181, 46.439936201000137 ], [ 14.377531228000123, 46.439923284000088 ], [ 14.377551224, 46.439917374000117 ], [ 14.377563581000061, 46.439913722000142 ], [ 14.377616007000142, 46.439898848000155 ], [ 14.377638485000034, 46.439903771000161 ], [ 14.377671331000101, 46.439906350000058 ], [ 14.377674644000081, 46.439907276000156 ], [ 14.377692527000079, 46.439912274000051 ], [ 14.377724975000092, 46.439914407000117 ], [ 14.37774475700013, 46.439921245000164 ], [ 14.377751369000123, 46.43993351 ], [ 14.377775097000153, 46.439928885000086 ], [ 14.377802259000077, 46.439920089000054 ], [ 14.377832255999976, 46.439909739000086 ], [ 14.377861745000018, 46.439900112000089 ], [ 14.377891043000147, 46.439900923999971 ], [ 14.377909273000057, 46.43989869800015 ], [ 14.377936353000166, 46.439888365000115 ], [ 14.37795762900015, 46.439891589000183 ], [ 14.378006759000129, 46.439881423000088 ], [ 14.378012240000146, 46.439879653000105 ], [ 14.378041165000127, 46.439870312000096 ], [ 14.378078815000038, 46.439865470000086 ], [ 14.378101560000061, 46.439850237000144 ], [ 14.378129798000089, 46.439843231000111 ], [ 14.378171197000086, 46.439823509000064 ], [ 14.378200561000028, 46.439807316000042 ], [ 14.378222489000052, 46.439790201000164 ], [ 14.378242586, 46.439772653000148 ], [ 14.378267675000075, 46.439750740000193 ], [ 14.37829016400002, 46.439742528000011 ], [ 14.378315441000098, 46.43973725800015 ], [ 14.378346844000134, 46.439746058000139 ], [ 14.378369413000144, 46.439755659000127 ], [ 14.378395294000029, 46.43974795500003 ], [ 14.378419565000172, 46.439730908000115 ], [ 14.378445079000187, 46.439737963000084 ], [ 14.378489395000088, 46.439727842000082 ], [ 14.378513315000134, 46.439706030000025 ], [ 14.378533707000031, 46.439690278000171 ], [ 14.378551875000142, 46.439680755000154 ], [ 14.378578934000132, 46.439673399000071 ], [ 14.378613145000031, 46.439665710000043 ], [ 14.378633719000163, 46.439652656000078 ], [ 14.378645520000134, 46.439643640000043 ], [ 14.3786803590001, 46.439634775000059 ], [ 14.378708217999986, 46.439635150000186 ], [ 14.378758097000116, 46.439623358000119 ], [ 14.378792121000117, 46.439605862000064 ], [ 14.37880865600016, 46.439606161000029 ], [ 14.378826574000186, 46.439590432000045 ], [ 14.378854496000031, 46.439587298000163 ], [ 14.378868504000138, 46.439564407000148 ], [ 14.378881180000121, 46.439560332000042 ], [ 14.378907581000078, 46.439572957000109 ], [ 14.378930979000017, 46.439571483000179 ], [ 14.378973410000071, 46.439571725000178 ], [ 14.37901951900011, 46.439566894000052 ], [ 14.379036786000029, 46.439564667000127 ], [ 14.379064216000131, 46.439576653000074 ], [ 14.379095364000079, 46.43957897700011 ], [ 14.379116440000189, 46.439565019000156 ], [ 14.379144897000174, 46.439562600000045 ], [ 14.379178187000093, 46.439540792000059 ], [ 14.379204281999989, 46.439537494000092 ], [ 14.379231639000068, 46.439538864000042 ], [ 14.37928051900019, 46.43952923900008 ], [ 14.379304370000114, 46.439524252000069 ], [ 14.379328389000079, 46.439521243000115 ], [ 14.379350493000118, 46.439506556000026 ], [ 14.379377694000141, 46.439492992000169 ], [ 14.379418893000093, 46.439462835000086 ], [ 14.379433346000155, 46.439483575000168 ], [ 14.379444345000081, 46.439487073000123 ], [ 14.379468746000043, 46.439483612000117 ], [ 14.379490557000167, 46.439480893000166 ], [ 14.379506221000042, 46.43948326800006 ], [ 14.379516259000127, 46.439497752000193 ], [ 14.379524399000104, 46.439528628000119 ], [ 14.379544865000014, 46.43953586300006 ], [ 14.379569542000013, 46.439541351000173 ], [ 14.379595888999972, 46.439558024000064 ], [ 14.379614973000173, 46.439589519000094 ], [ 14.379644412000175, 46.439584122000042 ], [ 14.379666752000105, 46.439595344000111 ], [ 14.379693122000106, 46.439592763000178 ], [ 14.379713218, 46.439609134000193 ], [ 14.379730873000142, 46.439613651000116 ], [ 14.379758547000108, 46.439611239000101 ], [ 14.379790469000113, 46.439626692000047 ], [ 14.379811930000187, 46.439619208000124 ], [ 14.379833910000059, 46.439611629000126 ], [ 14.379846702000066, 46.439600085000052 ], [ 14.379865830000028, 46.43959991000014 ], [ 14.379870930000095, 46.439614708000136 ], [ 14.379898526999966, 46.439628671000094 ], [ 14.379933633000064, 46.439633749000166 ], [ 14.379964896000047, 46.439635262000195 ], [ 14.379978068000071, 46.439643419000106 ], [ 14.380002099000023, 46.439641039000094 ], [ 14.380028321000054, 46.439651146000131 ], [ 14.380059683000184, 46.439657787000044 ], [ 14.380074101000105, 46.439649557000052 ], [ 14.380094312000097, 46.439651532000141 ], [ 14.380115208000063, 46.439662137000028 ], [ 14.380139422000127, 46.43966254500009 ], [ 14.380160302000036, 46.439645080000162 ], [ 14.38018861300003, 46.439635103000114 ], [ 14.38021555500012, 46.43962163100008 ], [ 14.380238050000116, 46.43960703 ], [ 14.380251883000085, 46.439595387 ], [ 14.380280143000107, 46.439582802000132 ], [ 14.38029286, 46.439580886000158 ], [ 14.380313615000034, 46.439584026000034 ], [ 14.380361365000113, 46.439583408000033 ], [ 14.380399787000044, 46.439591693000068 ], [ 14.380432900000073, 46.439594629000112 ], [ 14.380455157000029, 46.43960837100019 ], [ 14.380472199, 46.439621621000072 ], [ 14.380501148, 46.439631342000041 ], [ 14.380536070000062, 46.439626794000048 ], [ 14.380551143000162, 46.43961199000006 ], [ 14.380581572000096, 46.439617470000144 ], [ 14.380618340000126, 46.439621003000184 ], [ 14.380646250000098, 46.439624075999973 ], [ 14.380665506000128, 46.439616971000191 ], [ 14.380697260999966, 46.439616951 ], [ 14.380723438000132, 46.439617970000029 ], [ 14.38078576200013, 46.439623877000088 ], [ 14.380826049000177, 46.439620898999976 ], [ 14.380853614000046, 46.439612729000032 ], [ 14.380882817000042, 46.439608593000059 ], [ 14.380916201000161, 46.439612066000052 ], [ 14.380962073000035, 46.439608496000119 ], [ 14.381008660000077, 46.439620450000064 ], [ 14.381023479000135, 46.439633272000037 ], [ 14.381068001000131, 46.439671793000116 ], [ 14.381173146000037, 46.439724839000064 ], [ 14.381209897000133, 46.439719995000189 ], [ 14.381260922000024, 46.439721723000162 ], [ 14.381302442000049, 46.439741586000139 ], [ 14.38133713100018, 46.439740575000144 ], [ 14.381364598000062, 46.439753738000093 ], [ 14.3813964470001, 46.43976205700011 ], [ 14.381387954000047, 46.439731778 ], [ 14.381389826000031, 46.43971542200012 ], [ 14.381394966000073, 46.439698370000087 ], [ 14.381395431000044, 46.439681901000085 ], [ 14.381406893000076, 46.439668841000071 ], [ 14.381421800000169, 46.439658897000129 ], [ 14.381447335000075, 46.439633201000106 ], [ 14.381465943000023, 46.439619445000062 ], [ 14.381486464000034, 46.439610530000095 ], [ 14.381515372000081, 46.439597759000037 ], [ 14.381527334, 46.43959204600003 ], [ 14.381533427000079, 46.439589136000109 ], [ 14.381546730000025, 46.439577048 ], [ 14.381582762000164, 46.439569339000172 ], [ 14.381596826000077, 46.439569751000192 ], [ 14.381617647000098, 46.439556064000044 ], [ 14.381636522000179, 46.439542755000105 ], [ 14.381654252000033, 46.439530717000025 ], [ 14.381678544000067, 46.439514839000083 ], [ 14.381696197000053, 46.439512337000053 ], [ 14.381709211000043, 46.439505561000033 ], [ 14.381719553000039, 46.439495209000086 ], [ 14.381732210999985, 46.439490145000036 ], [ 14.381752793000089, 46.439491125000075 ], [ 14.381765658, 46.439490108000086 ], [ 14.381784266000125, 46.439483189000157 ], [ 14.381840657000112, 46.439475025000036 ], [ 14.381889144000127, 46.439455839 ], [ 14.381946384000059, 46.439446407000105 ], [ 14.381973455999969, 46.439439798000194 ], [ 14.381993686000044, 46.439433252000185 ], [ 14.382021795000185, 46.439424320000171 ], [ 14.382037719000039, 46.439418606000061 ], [ 14.382064502000048, 46.439410443000156 ], [ 14.382088619000172, 46.439405812000075 ], [ 14.382108813000059, 46.439400139000043 ], [ 14.382130915000118, 46.439398947000086 ], [ 14.382148882000081, 46.439399322000043 ], [ 14.382161061000147, 46.43940325900013 ], [ 14.382177629000068, 46.439406004000091 ], [ 14.382188269999972, 46.439410476000091 ], [ 14.382200364000084, 46.439430340000115 ], [ 14.382232049000152, 46.439433468000061 ], [ 14.382254431000035, 46.43943335300014 ], [ 14.382270591000122, 46.439434464000101 ], [ 14.382284984000023, 46.439445309000064 ], [ 14.382300432000022, 46.439450025000099 ], [ 14.382322462000104, 46.439451892000136 ], [ 14.382345745000123, 46.439451229000156 ], [ 14.382364345999974, 46.43945069800003 ], [ 14.382393444000115, 46.439454660000195 ], [ 14.382432006000101, 46.439449898000134 ], [ 14.382457911000188, 46.439450290000195 ], [ 14.382487950000097, 46.439455772000088 ], [ 14.382516659999965, 46.439459828000111 ], [ 14.382546735000062, 46.439460451000059 ], [ 14.382576444000108, 46.439469086000145 ], [ 14.382597055000133, 46.439478434000193 ], [ 14.382616211000141, 46.439479725000069 ], [ 14.382703130000152, 46.439485558000058 ], [ 14.382807410000055, 46.4394941380001 ], [ 14.382875696000042, 46.439485324000088 ], [ 14.382931931000144, 46.439485978000107 ], [ 14.382997819000082, 46.439501297000049 ], [ 14.383048271000177, 46.439539702000104 ], [ 14.383103386000016, 46.439590480000049 ], [ 14.383105519000139, 46.439592804000085 ], [ 14.383148847000143, 46.439639997000143 ], [ 14.383197712000026, 46.43969730900011 ], [ 14.383235857000045, 46.439731868000194 ], [ 14.383293118000097, 46.439758784000105 ], [ 14.383321900000169, 46.439773455000193 ], [ 14.383340118999968, 46.439813954000101 ], [ 14.383373806, 46.439860340000166 ], [ 14.383402806000106, 46.43988625500009 ], [ 14.383433427000057, 46.439901719000147 ], [ 14.383469401000013, 46.439924872000176 ], [ 14.38348062200015, 46.439933766000024 ], [ 14.383515525000121, 46.439961426000025 ], [ 14.383564649999983, 46.440005241000165 ], [ 14.383619933000034, 46.440037573000041 ], [ 14.383681415000183, 46.440067418000069 ], [ 14.383735735000016, 46.440090312000052 ], [ 14.383803962000115, 46.440112178000049 ], [ 14.383901856000023, 46.440127024000049 ], [ 14.383960804000083, 46.440140158000077 ], [ 14.384028716000046, 46.440152399000112 ], [ 14.384091698000077, 46.440165497000123 ], [ 14.384159694000061, 46.440168651000192 ], [ 14.38421384600008, 46.440169233000063 ], [ 14.384261416000129, 46.440179502000149 ], [ 14.384320296000169, 46.440195786000061 ], [ 14.384361178000177, 46.440210166000156 ], [ 14.384382155000083, 46.440245241000127 ], [ 14.384399591999966, 46.440272162000156 ], [ 14.38444462700005, 46.440292712000087 ], [ 14.384492699000134, 46.440301987000055 ], [ 14.384538060000068, 46.440312366000114 ], [ 14.384581457000024, 46.440322134000041 ], [ 14.384623668000074, 46.440351527000075 ], [ 14.384674228000165, 46.44036833600012 ], [ 14.384712663000073, 46.440390746 ], [ 14.384748015000127, 46.440401847000146 ], [ 14.38480365800001, 46.440398726000126 ], [ 14.38486519200012, 46.44039744100013 ], [ 14.384926668999981, 46.440406682000116 ], [ 14.384957059000044, 46.440416839000136 ], [ 14.384993607000013, 46.440429189000099 ], [ 14.38506626800006, 46.440437968000026 ], [ 14.385127344000182, 46.440433178000148 ], [ 14.38522719000008, 46.440434329000141 ], [ 14.38530219800009, 46.440443356000117 ], [ 14.385365509000053, 46.440453210000044 ], [ 14.385413691000167, 46.440461494000033 ], [ 14.385434266000175, 46.440435033000028 ], [ 14.385478501000023, 46.440413933000059 ], [ 14.385546929000157, 46.44040565500012 ], [ 14.385633203, 46.440411790000155 ], [ 14.385705831000166, 46.440425607000122 ], [ 14.385824108000065, 46.440430996000146 ], [ 14.385907582000073, 46.440440394000063 ], [ 14.386031169000091, 46.440451133000124 ], [ 14.38608081000018, 46.44044051000003 ], [ 14.386122815000022, 46.440425367000103 ], [ 14.386172983999984, 46.440435342000171 ], [ 14.386215333000052, 46.440444759000115 ], [ 14.386267927000119, 46.440445534000105 ], [ 14.38632671400012, 46.440436716000079 ], [ 14.386377418000052, 46.440433910000195 ], [ 14.38643549700015, 46.440435713999989 ], [ 14.386489352000069, 46.440447904000109 ], [ 14.386543446000076, 46.440458922000175 ], [ 14.386590064000018, 46.440460293000172 ], [ 14.386594065000111, 46.440459868000062 ], [ 14.386639289000129, 46.440455071000088 ], [ 14.386690102000159, 46.440444436000178 ], [ 14.386740339000141, 46.440430928000126 ], [ 14.386790389, 46.440421289000142 ], [ 14.386836807000122, 46.440418972000032 ], [ 14.386889479000047, 46.440430543000048 ], [ 14.386942187000159, 46.440450751000071 ], [ 14.386973713999964, 46.44046182400001 ], [ 14.387010388000022, 46.440477924000106 ], [ 14.387004860000104, 46.440501727000026 ], [ 14.387064847000147, 46.440534913000135 ], [ 14.387113987000134, 46.440589092999971 ], [ 14.387507919000029, 46.441023423000047 ], [ 14.387508786000012, 46.441075148000152 ], [ 14.387566558, 46.441074436000122 ], [ 14.38760794600006, 46.441081162000103 ], [ 14.38763764100014, 46.441095823000182 ], [ 14.387679080000112, 46.441125492000083 ], [ 14.387705560000143, 46.441135324000186 ], [ 14.387725856000031, 46.441128210000102 ], [ 14.387775894000129, 46.441117941000073 ], [ 14.387824710000075, 46.441118391000089 ], [ 14.38787159200001, 46.441119938000156 ], [ 14.387925918000064, 46.44110927000014 ], [ 14.387953026, 46.44109768300018 ], [ 14.387985266000044, 46.441095766000103 ], [ 14.388015281000094, 46.441099989000179 ], [ 14.388042789000053, 46.441109092000147 ], [ 14.388066400000184, 46.441125428000078 ], [ 14.388065207000125, 46.44114451400003 ], [ 14.388046256000109, 46.441160614000125 ], [ 14.388022584999987, 46.44118170500019 ], [ 14.388011596000069, 46.441198991000192 ], [ 14.38801210500003, 46.44122534800016 ], [ 14.388025585000094, 46.441247447000137 ], [ 14.388051332000146, 46.441261784000119 ], [ 14.388084632000073, 46.4412770510001 ], [ 14.388152674000025, 46.441293239000174 ], [ 14.388215144000014, 46.441299950000086 ], [ 14.38827338700014, 46.441310120000082 ], [ 14.388333031000116, 46.441311999000106 ], [ 14.388398815000016, 46.441315081000027 ], [ 14.388453980000065, 46.441320870000084 ], [ 14.388505642000098, 46.44132048300014 ], [ 14.388535936000096, 46.44132560200012 ], [ 14.388590064000141, 46.441345166000133 ], [ 14.38863496700003, 46.441358698000158 ], [ 14.388640756000086, 46.441375378000146 ], [ 14.388680186000158, 46.441388600000153 ], [ 14.388752244000045, 46.441413307000175 ], [ 14.388794994000023, 46.44143666500014 ], [ 14.388825660000123, 46.441461035000032 ], [ 14.388868711000043, 46.441479801000128 ], [ 14.388925343999972, 46.441494213000112 ], [ 14.388971869000045, 46.441510878000145 ], [ 14.389017614000181, 46.44152764100005 ], [ 14.389062492000164, 46.441539912000053 ], [ 14.389105584000163, 46.441560748000029 ], [ 14.389147268000045, 46.441589603000182 ], [ 14.389190973000041, 46.441621949000194 ], [ 14.389224570000067, 46.441643142000089 ], [ 14.389248795000015, 46.441670900000076 ], [ 14.389280075000102, 46.441686716000106 ], [ 14.389313243, 46.44169909500016 ], [ 14.389356051, 46.441705268000078 ], [ 14.389395122000167, 46.441706617000079 ], [ 14.389448374000096, 46.441721150000149 ], [ 14.389490524000053, 46.441740465000066 ], [ 14.389532125000187, 46.441744759000073 ], [ 14.389568922000137, 46.4417496370001 ], [ 14.389610435000122, 46.441769588000057 ], [ 14.38963427900012, 46.441804636000143 ], [ 14.389662122, 46.441837848000034 ], [ 14.389693580000142, 46.441856092000137 ], [ 14.38970862900004, 46.441893920000041 ], [ 14.389728904000037, 46.441939618999982 ], [ 14.389774326000065, 46.441973208000036 ], [ 14.389821294000058, 46.442006063000179 ], [ 14.389856109, 46.442043080000133 ], [ 14.389888817000042, 46.442085604000113 ], [ 14.389921241000081, 46.442126782000116 ], [ 14.389944467000021, 46.442156797000052 ], [ 14.389985729000045, 46.44218394700016 ], [ 14.390043571000035, 46.442213733000131 ], [ 14.390096220999965, 46.442244196000047 ], [ 14.390154966000125, 46.442287019000162 ], [ 14.39020157200008, 46.442301075000046 ], [ 14.390234334000127, 46.442326143000173 ], [ 14.39028120800009, 46.442347304000066 ], [ 14.390323137000109, 46.442361851000101 ], [ 14.390380520000122, 46.442367887999978 ], [ 14.390431507000187, 46.442366158000027 ], [ 14.390513199, 46.442363963000105 ], [ 14.390571168000122, 46.442359918000079 ], [ 14.390640579000092, 46.442355318000011 ], [ 14.390708110000048, 46.442347676000111 ], [ 14.390769978000037, 46.442343325000195 ], [ 14.390805620000151, 46.442342357000086 ], [ 14.390840614000183, 46.442341412000133 ], [ 14.390906529000063, 46.442337744000156 ], [ 14.390969722000023, 46.44233464000007 ], [ 14.391032464999967, 46.442335139000022 ], [ 14.391112119000184, 46.442341960000192 ], [ 14.391179496000177, 46.442353303000118 ], [ 14.391259155000114, 46.44236030400009 ], [ 14.391338999000141, 46.442370181000115 ], [ 14.391397676000111, 46.442382595000083 ], [ 14.39145619400017, 46.442400137000106 ], [ 14.391482371000109, 46.442421128000149 ], [ 14.39153555300004, 46.442438719999984 ], [ 14.391613999000128, 46.442457068000124 ], [ 14.391660055000045, 46.442442786000186 ], [ 14.391695844000083, 46.442435887000045 ], [ 14.391743041000154, 46.442440130000136 ], [ 14.391811530000041, 46.442461809000065 ], [ 14.39187148000002, 46.442480093000142 ], [ 14.391916037000101, 46.442501868000079 ], [ 14.392019958000049, 46.442518450000193 ], [ 14.392087957000115, 46.4425416630001 ], [ 14.392166714000155, 46.442569275000039 ], [ 14.392231765000076, 46.44259494400012 ], [ 14.392287892000013, 46.442623395000112 ], [ 14.392332164000152, 46.44264457800017 ], [ 14.392371970000056, 46.442643580000095 ], [ 14.392406368000081, 46.442645511000137 ], [ 14.392452725999988, 46.442666854000038 ], [ 14.392507707, 46.442696665000142 ], [ 14.392564120000145, 46.442713057000049 ], [ 14.392609269000047, 46.442725775000042 ], [ 14.39263986200001, 46.442739617000143 ], [ 14.392689739000161, 46.44275445 ], [ 14.392731488000152, 46.442779795000092 ], [ 14.392788223000139, 46.442806081000128 ], [ 14.392856241000061, 46.442843689000028 ], [ 14.392904002000023, 46.442830020000031 ], [ 14.392956481, 46.442818018000139 ], [ 14.393013754000037, 46.442804891000037 ], [ 14.393061499, 46.442803819000119 ], [ 14.393117287, 46.442814818000045 ], [ 14.39316498900007, 46.442845056000067 ], [ 14.39320214300011, 46.442881690000036 ], [ 14.393235513000036, 46.44291790900013 ], [ 14.393291931000078, 46.442927823000048 ], [ 14.393323716000111, 46.442933979000031 ], [ 14.393352702000016, 46.442934709000099 ], [ 14.393374852000079, 46.442928503000132 ], [ 14.393391317000123, 46.442918534000114 ], [ 14.39340689300019, 46.442902915000104 ], [ 14.393436181000084, 46.442916499000034 ], [ 14.393487606000178, 46.442944093000165 ], [ 14.393529895000029, 46.442983828000138 ], [ 14.393563149000101, 46.443007273000035 ], [ 14.393638661000182, 46.443035363000092 ], [ 14.393686568000135, 46.443069468000147 ], [ 14.39371232700006, 46.443081600000085 ], [ 14.393735771000024, 46.443097873999989 ], [ 14.393750468000064, 46.443112755000072 ], [ 14.393784576000087, 46.443119915000125 ], [ 14.393804944000124, 46.443125196000153 ], [ 14.393831205000083, 46.443124989000012 ], [ 14.393899396000165, 46.443137942000135 ], [ 14.39396519200011, 46.443148219000193 ], [ 14.394015288000162, 46.443160980000073 ], [ 14.39407120900006, 46.443165320000105 ], [ 14.394117417000132, 46.443172268000126 ], [ 14.39416487200009, 46.443176327000174 ], [ 14.394200338000189, 46.443186344000026 ], [ 14.394228014000134, 46.443197334000047 ], [ 14.394244640000124, 46.443215714000189 ], [ 14.39425740300004, 46.443236288000094 ], [ 14.39427808500011, 46.443255711000177 ], [ 14.394306184000072, 46.44327506400009 ], [ 14.394341467000061, 46.443282384000156 ], [ 14.394380161000072, 46.443284364000135 ], [ 14.394427845999985, 46.443286891000128 ], [ 14.394450244000097, 46.443300898000132 ], [ 14.394488281000122, 46.443315931000029 ], [ 14.394526831000121, 46.443323940000084 ], [ 14.39456796900015, 46.443331116000138 ], [ 14.39461735500015, 46.443334075999985 ], [ 14.394645522000076, 46.443343532000085 ], [ 14.394665559000032, 46.443376726000167 ], [ 14.394673135000119, 46.443418312000063 ], [ 14.394683547000113, 46.443431711000187 ], [ 14.394740193000189, 46.443446570000106 ], [ 14.394786566, 46.443448569000168 ], [ 14.394816901000127, 46.443428944000061 ], [ 14.394852481000044, 46.443417997000097 ], [ 14.394872035000049, 46.443412957000078 ], [ 14.394912377000026, 46.443405924000103 ], [ 14.394961160999969, 46.443418067000096 ], [ 14.394998389000023, 46.443418352000037 ], [ 14.39502986499997, 46.443428658000187 ], [ 14.395060405000038, 46.443448366000041 ], [ 14.395071188000088, 46.443474088000073 ], [ 14.395088754000142, 46.443493988000114 ], [ 14.395119402000034, 46.44351727600008 ], [ 14.395147732000055, 46.443535097000051 ], [ 14.395179363000068, 46.443555407000133 ], [ 14.395196886, 46.443572969000172 ], [ 14.395205477000104, 46.443586475000188 ], [ 14.395191962000183, 46.443594248000068 ], [ 14.395185600000161, 46.443608432000133 ], [ 14.395195777000026, 46.443623094000145 ], [ 14.39521428200004, 46.44363767699997 ], [ 14.395238305000191, 46.443648250000081 ], [ 14.395260637000092, 46.443658839000136 ], [ 14.395293890000062, 46.443668787000092 ], [ 14.395321859000148, 46.443681483000091 ], [ 14.395346208000149, 46.443688725000129 ], [ 14.39538455200011, 46.443686029000105 ], [ 14.395424329000093, 46.443683501000066 ], [ 14.395470175000185, 46.443685055000174 ], [ 14.395507093000049, 46.443689390000088 ], [ 14.395533097000055, 46.443701474000193 ], [ 14.395577075000119, 46.443700706000129 ], [ 14.39563853400017, 46.443702025000164 ], [ 14.395676877000028, 46.44369932900014 ], [ 14.395713994000175, 46.443700514000113 ], [ 14.395746902000042, 46.443706147000171 ], [ 14.395785352000075, 46.44372234400015 ], [ 14.395816855000078, 46.443735996000044 ], [ 14.395819408000023, 46.443746770000075 ], [ 14.395817256000043, 46.443770002000178 ], [ 14.395840233000058, 46.443786973000101 ], [ 14.395874375000062, 46.443789085000105 ], [ 14.395897374000072, 46.443773756000155 ], [ 14.395919899999967, 46.443760861000044 ], [ 14.395949192000103, 46.443741155000055 ], [ 14.395971422000173, 46.443726373000061 ], [ 14.395979031000024, 46.443709388000173 ], [ 14.395984387000112, 46.44369701200003 ], [ 14.395993141000076, 46.443692072000147 ], [ 14.396041326999978, 46.443693602999986 ], [ 14.396093793000091, 46.44368753800012 ], [ 14.396146913000052, 46.443675078000183 ], [ 14.396180010000023, 46.443663614000116 ], [ 14.396209167000052, 46.443677109000078 ], [ 14.396245450000094, 46.44366885400018 ], [ 14.396266898000079, 46.443660827000144 ], [ 14.396289722000063, 46.443669882000108 ], [ 14.396314595000035, 46.443663892000131 ], [ 14.396346360000109, 46.443650912000123 ], [ 14.396376258000089, 46.443655672000148 ], [ 14.396387601000072, 46.443656646000079 ], [ 14.396417112000108, 46.443662220000135 ], [ 14.396441481000068, 46.443669821000185 ], [ 14.396450501000118, 46.443679202000169 ], [ 14.396456475000093, 46.443695314000081 ], [ 14.396462797000083, 46.443709192000142 ], [ 14.396468761, 46.443720671000108 ], [ 14.396483434000061, 46.443752384000163 ], [ 14.396505008000076, 46.443777466000085 ], [ 14.396543927000039, 46.443804365000119 ], [ 14.396596829000146, 46.443834193999976 ], [ 14.396644921000018, 46.443864247000079 ], [ 14.396673944000042, 46.443890968000062 ], [ 14.396719068000039, 46.443915650000179 ], [ 14.396772217000091, 46.443931351000117 ], [ 14.396807016000025, 46.443953880000151 ], [ 14.396829872000126, 46.443991365000102 ], [ 14.396842160000119, 46.444014194000147 ], [ 14.396872961000042, 46.444051966000075 ], [ 14.396885454000142, 46.444065255 ], [ 14.396909661999985, 46.44406520900003 ], [ 14.396940803000177, 46.444073648000085 ], [ 14.396981029000131, 46.444100805000119 ], [ 14.397019406000027, 46.444126539000138 ], [ 14.397062002000155, 46.444155114000068 ], [ 14.397105525000143, 46.444184489000122 ], [ 14.397113334000153, 46.444191156000045 ], [ 14.397141617999978, 46.444211946000166 ], [ 14.397153079000134, 46.444222366000133 ], [ 14.397153988000127, 46.444235637000077 ], [ 14.397153606000131, 46.444249424000077 ], [ 14.397162759000082, 46.444276321000075 ], [ 14.397179719000064, 46.444300393000105 ], [ 14.397191261000103, 46.444305603000032 ], [ 14.397201424000173, 46.444310187000042 ], [ 14.397244538000166, 46.444311855000194 ], [ 14.397269775000041, 46.444311170000049 ], [ 14.397287787000096, 46.444307044000027 ], [ 14.397324608000019, 46.444293026000139 ], [ 14.397349264000127, 46.444289287000061 ], [ 14.397360473999981, 46.444303488000116 ], [ 14.397364183000036, 46.444320189000166 ], [ 14.397408595000172, 46.444321665000075 ], [ 14.397455085999979, 46.444322942000099 ], [ 14.397489500000177, 46.444325681000066 ], [ 14.397510045000047, 46.444331338000097 ], [ 14.39754201500017, 46.444335538000075 ], [ 14.397589980000134, 46.444332303000067 ], [ 14.397642314000052, 46.444339644000081 ], [ 14.397683279000148, 46.444351229000063 ], [ 14.397707528000126, 46.444353252000155 ], [ 14.397731064000084, 46.444332070000144 ], [ 14.397744556000134, 46.444343190000041 ], [ 14.397775757000147, 46.44436800200009 ], [ 14.397795430000087, 46.444382394000058 ], [ 14.397830698000178, 46.444388814000035 ], [ 14.39786400700018, 46.444368260000147 ], [ 14.39788916700013, 46.444390339000108 ], [ 14.397923193999986, 46.444406577 ], [ 14.397961641000109, 46.444429252000191 ], [ 14.398001184000066, 46.444441390000122 ], [ 14.398064292000129, 46.444460505000052 ], [ 14.398125566000033, 46.444465604000186 ], [ 14.398216202000071, 46.444481404000101 ], [ 14.398303872000042, 46.44449192400009 ], [ 14.398366903000067, 46.444493767000154 ], [ 14.398408979000124, 46.44450228200003 ], [ 14.398453042000142, 46.444505830000139 ], [ 14.398495745000048, 46.44449976400017 ], [ 14.398533314000019, 46.444497435000073 ], [ 14.398578932000078, 46.44450069800007 ], [ 14.398642046000134, 46.444506769000157 ], [ 14.398699707000048, 46.444513519000168 ], [ 14.398785032000092, 46.444517223000105 ], [ 14.398859857000161, 46.444516436000129 ], [ 14.398917740000059, 46.444507888000146 ], [ 14.398950445000025, 46.444503086000111 ], [ 14.398982213000124, 46.444503545000032 ], [ 14.399256331000117, 46.444830969000122 ], [ 14.399281476000112, 46.4448195330001 ], [ 14.399295840999969, 46.444817348000186 ], [ 14.399330518999989, 46.444817591000117 ], [ 14.399389813000141, 46.444821268000112 ], [ 14.399453964000031, 46.444813741000132 ], [ 14.399508185000172, 46.444797672000163 ], [ 14.399565721000101, 46.44478462800015 ], [ 14.399629295000068, 46.44476757200016 ], [ 14.399673886000073, 46.444744843000137 ], [ 14.399715377000064, 46.444743286000062 ], [ 14.399768818000155, 46.444747286000052 ], [ 14.399848140000131, 46.444743486999982 ], [ 14.399944749000042, 46.444738538000024 ], [ 14.400011713000083, 46.44472837700016 ], [ 14.400064561000022, 46.444715288000054 ], [ 14.400111290000041, 46.444695418000038 ], [ 14.400127715000053, 46.444690046000119 ], [ 14.400194887000112, 46.444697247000079 ], [ 14.400256393000063, 46.444707650000169 ], [ 14.400325610000039, 46.444712942000081 ], [ 14.400405048000039, 46.444715080000037 ], [ 14.40043530600002, 46.444724964000159 ], [ 14.400491270000032, 46.444731460000185 ], [ 14.40055551, 46.444748495000056 ], [ 14.40061304600016, 46.444762173000129 ], [ 14.400679777999983, 46.444773516999987 ], [ 14.400761275000093, 46.444774466000183 ], [ 14.400855245000059, 46.444774308000149 ], [ 14.400925067000117, 46.444797229000187 ], [ 14.400972283000158, 46.444815592 ], [ 14.40101539900013, 46.444843980000087 ], [ 14.401026751000018, 46.44486546700017 ], [ 14.400986836000186, 46.444940966000104 ], [ 14.401010255000074, 46.444947135000177 ], [ 14.401064630000064, 46.444938890000117 ], [ 14.40113010500005, 46.444939178000141 ], [ 14.401187966000123, 46.444929461000129 ], [ 14.401243010000087, 46.444928857000093 ], [ 14.401298438000026, 46.444927890000088 ], [ 14.401350748000084, 46.444933879000132 ], [ 14.401394813000081, 46.444937516000152 ], [ 14.401443270000129, 46.444946151000067 ], [ 14.40148038000018, 46.444940316000043 ], [ 14.401525989000106, 46.444936381000161 ], [ 14.401555988000041, 46.444939610000176 ], [ 14.401610019000145, 46.444967086000133 ], [ 14.401625965000051, 46.444983762000106 ], [ 14.401673479000067, 46.445004101000052 ], [ 14.4017221040001, 46.445014623000077 ], [ 14.401774301000046, 46.445034829000122 ], [ 14.401803840000127, 46.445061094000096 ], [ 14.401863278000064, 46.445085461000076 ], [ 14.401932689000034, 46.445100648000164 ], [ 14.401988768000137, 46.445112989000052 ], [ 14.402038854000182, 46.445145001000185 ], [ 14.40212800300003, 46.445171160000143 ], [ 14.402229729000112, 46.445194861000061 ], [ 14.402313961000118, 46.445222504000128 ], [ 14.402369578000048, 46.445231161000038 ], [ 14.40244304100014, 46.445220577000043 ], [ 14.402505790000077, 46.445201277000024 ], [ 14.402580680000085, 46.445197158000155 ], [ 14.402659479000135, 46.445199840000043 ], [ 14.40274558700014, 46.44521693900009 ], [ 14.402820548000022, 46.445229734000179 ], [ 14.402885062000053, 46.445227421000084 ], [ 14.402969622000114, 46.445205307000037 ], [ 14.403024281000114, 46.445185002000017 ], [ 14.403065238000011, 46.44516284600013 ], [ 14.403120854000178, 46.445151529000043 ], [ 14.403187162000165, 46.445141192000165 ], [ 14.403234487000077, 46.445138500000098 ], [ 14.403288665000105, 46.445146810000097 ], [ 14.403329234000012, 46.445164695000017 ], [ 14.403356325000061, 46.445185584000058 ], [ 14.403406472000029, 46.445207338000102 ], [ 14.403489493000052, 46.445226265000144 ], [ 14.403558019000059, 46.445222834000162 ], [ 14.403632329000118, 46.445215662000066 ], [ 14.403720444000044, 46.445222215000172 ], [ 14.40377945400013, 46.445218063000027 ], [ 14.40386633900016, 46.44518836900005 ], [ 14.403942384000118, 46.445156797000095 ], [ 14.404011505000085, 46.445130598000162 ], [ 14.40411750800007, 46.445100185000058 ], [ 14.404176866000171, 46.445067329000153 ], [ 14.404250669000135, 46.445054222000067 ], [ 14.404330962000131, 46.445053471000051 ], [ 14.404428824000036, 46.445059212000103 ], [ 14.404491050000047, 46.445066457000109 ], [ 14.404554824000172, 46.445059651000065 ], [ 14.40462396800001, 46.445041279000122 ], [ 14.404682446000095, 46.445009961000039 ], [ 14.404720633000125, 46.444979373000137 ], [ 14.404763390000028, 46.444956120000086 ], [ 14.404820237000024, 46.44492796600008 ], [ 14.40489378500007, 46.444915131000187 ], [ 14.404994511000041, 46.44490770900012 ], [ 14.4050391560001, 46.44490774000019 ], [ 14.405073440000081, 46.444910478000054 ], [ 14.40511108000004, 46.444931629000109 ], [ 14.405150694000099, 46.444960498000114 ], [ 14.405186623000134, 46.444980674000192 ], [ 14.405233625000108, 46.444994720000125 ], [ 14.405281793000029, 46.445021799000131 ], [ 14.405351611000128, 46.445044448000147 ], [ 14.405394163000096, 46.445070500000156 ], [ 14.405448278000051, 46.44508879600005 ], [ 14.405509656000106, 46.445105855000122 ], [ 14.405563663000066, 46.445125322000081 ], [ 14.405607985000188, 46.445135434000179 ], [ 14.405655372000126, 46.44512266300012 ], [ 14.405694911000069, 46.445121213000164 ], [ 14.405752915000107, 46.445138753000037 ], [ 14.405822352000087, 46.445148539000115 ], [ 14.405908052000029, 46.445151424000073 ], [ 14.405935229000079, 46.445169973000134 ], [ 14.405966884000122, 46.445217721000176 ], [ 14.405976569000131, 46.44524696000019 ], [ 14.405979263000177, 46.445298039000079 ], [ 14.406039426000063, 46.44527966000004 ], [ 14.406111925000118, 46.445259817000078 ], [ 14.406170338999971, 46.445251800000051 ], [ 14.406208313000093, 46.445283293999978 ], [ 14.406244081000068, 46.44531516800015 ], [ 14.406314622000139, 46.445314956000118 ], [ 14.406375304000164, 46.445309708000025 ], [ 14.406448670000032, 46.44531414800008 ], [ 14.406507109000131, 46.445327276000057 ], [ 14.406573109000078, 46.445347620000177 ], [ 14.406625540999983, 46.445366472000103 ], [ 14.406677523000042, 46.445368952000138 ], [ 14.406729877000089, 46.445357215000172 ], [ 14.406802486000174, 46.445323064000092 ], [ 14.406850868000106, 46.445307945000195 ], [ 14.406952088000082, 46.445299166000041 ], [ 14.407022243000142, 46.445292480000035 ], [ 14.407072633000041, 46.44529344700004 ], [ 14.407132661000048, 46.445301340000071 ], [ 14.407146491000105, 46.445303100000046 ], [ 14.407198617000176, 46.44529964100019 ], [ 14.407271147000131, 46.445321093000189 ], [ 14.407313042000112, 46.445340133000173 ], [ 14.407340422000061, 46.445354424000186 ], [ 14.407347813000058, 46.445363640000096 ], [ 14.407360690000189, 46.445369808000066 ], [ 14.407370643000036, 46.445396067000161 ], [ 14.407374232000052, 46.445409799000061 ], [ 14.407379057000185, 46.445429520000175 ], [ 14.407371054000123, 46.445445466000081 ], [ 14.407522018000179, 46.445449735000182 ], [ 14.407565157000136, 46.44544334699998 ], [ 14.407575079000026, 46.445440257000087 ], [ 14.407592787999988, 46.445437994000031 ], [ 14.407632684000134, 46.445451394000031 ], [ 14.407658952000133, 46.445463384000163 ], [ 14.407678417000056, 46.44549352100006 ], [ 14.407720319000191, 46.445499605000066 ], [ 14.407820159000096, 46.445500017000086 ], [ 14.407880301999967, 46.445500531000107 ], [ 14.407924456000103, 46.445495438000137 ], [ 14.407965940000167, 46.445493609000096 ], [ 14.408040859000039, 46.445490925000058 ], [ 14.408087124000076, 46.445500567000124 ], [ 14.408118545999969, 46.445529693000026 ], [ 14.408155620000059, 46.445548508000115 ], [ 14.408232659000078, 46.445567577000133 ], [ 14.408296473000064, 46.445569407000107 ], [ 14.408354997000117, 46.445573625000122 ], [ 14.408400298, 46.445580577000158 ], [ 14.408441346000075, 46.445596206000118 ], [ 14.408452307000175, 46.445610858000123 ], [ 14.408481552000183, 46.445641893000072 ], [ 14.408512554000083, 46.445643042000086 ], [ 14.408532694000144, 46.445621438999979 ], [ 14.408550129999981, 46.445601391000139 ], [ 14.408568410999976, 46.445591143000172 ], [ 14.408585232000064, 46.44559926200003 ], [ 14.408600598000078, 46.445612883000194 ], [ 14.408613238000044, 46.445633457000099 ], [ 14.408624564000093, 46.445640188000027 ], [ 14.408650935000082, 46.445644170000037 ], [ 14.408669624000083, 46.445641474000126 ], [ 14.408680450000134, 46.445622748000176 ], [ 14.408704146000105, 46.445616498000049 ], [ 14.408728403999987, 46.445625537000183 ], [ 14.408739223000111, 46.445652876 ], [ 14.408756498, 46.445690682000134 ], [ 14.408776007000142, 46.445722978000163 ], [ 14.408818353000072, 46.445745072000193 ], [ 14.408858763000012, 46.445754769000189 ], [ 14.408931930000165, 46.44576226800018 ], [ 14.408992513999976, 46.44576529699998 ], [ 14.409013021000021, 46.445768973000099 ], [ 14.409062260999974, 46.445771029000127 ], [ 14.409147324, 46.445767890000127 ], [ 14.409197961000018, 46.445768133000058 ], [ 14.409240926000109, 46.44576215100011 ], [ 14.409277427000063, 46.445758388000058 ], [ 14.409302209000145, 46.445747809000125 ], [ 14.409322387000032, 46.445741411000142 ], [ 14.409356617000185, 46.445741268000063 ], [ 14.409376934000022, 46.445728662000079 ], [ 14.409403805000181, 46.445744874000184 ], [ 14.409423667000056, 46.445768619000091 ], [ 14.40943488500011, 46.445783088000155 ], [ 14.409466131000045, 46.44579008200003 ], [ 14.409494991000088, 46.445788281000148 ], [ 14.409523546000059, 46.44578423400003 ], [ 14.409553668000058, 46.445780441000181 ], [ 14.409590263000155, 46.445768221000037 ], [ 14.409622384000045, 46.445753523000064 ], [ 14.409643890000098, 46.445741895000026 ], [ 14.409648384000093, 46.445725477000053 ], [ 14.409670723999966, 46.445723108000152 ], [ 14.40968957900003, 46.445737388000111 ], [ 14.409696648000022, 46.445750665000048 ], [ 14.409745749000081, 46.445778633000032 ], [ 14.409790986000189, 46.445808708000129 ], [ 14.409838937000131, 46.445824631000107 ], [ 14.40987418900005, 46.445836716000144 ], [ 14.409910297000181, 46.445846092000181 ], [ 14.409926455000118, 46.445866813000066 ], [ 14.409948397000107, 46.445903676000171 ], [ 14.409951846000126, 46.445939991000046 ], [ 14.40997354000018, 46.445964259000107 ], [ 14.410008822000066, 46.445977872000071 ], [ 14.410049032000188, 46.4459971980001 ], [ 14.410074915000109, 46.446022686000049 ], [ 14.410086861000025, 46.446041017000084 ], [ 14.410138449000044, 46.446056547000126 ], [ 14.410153460000117, 46.44606531200003 ], [ 14.410167410000042, 46.44607309800017 ], [ 14.410187189000169, 46.446099184000161 ], [ 14.410205148000159, 46.44613869200009 ], [ 14.410201078000171, 46.446156724000161 ], [ 14.410201154000163, 46.446213406000027 ], [ 14.410202276000064, 46.446257121000031 ], [ 14.410207551000099, 46.446300258000122 ], [ 14.410203623000086, 46.446312279000153 ], [ 14.410207384000159, 46.446353819000194 ], [ 14.410212340000044, 46.44637812700006 ], [ 14.410218939000117, 46.446402537000154 ], [ 14.410239434000118, 46.446405583000058 ], [ 14.41026946900007, 46.446410609000111 ], [ 14.410297073000038, 46.446430862000113 ], [ 14.410305540000081, 46.446451026000148 ], [ 14.41030580100005, 46.44647081700009 ], [ 14.4103051620001, 46.446484679000037 ], [ 14.410307752000108, 46.446497251000153 ], [ 14.410297434000142, 46.446521820000157 ], [ 14.410297942, 46.446540979000076 ], [ 14.410313267000106, 46.446559099000126 ], [ 14.410322560000111, 46.446594730000129 ], [ 14.410325270000158, 46.446633122000151 ], [ 14.410346310000079, 46.446670442000027 ], [ 14.410368297000048, 46.446696326000051 ], [ 14.410397085000113, 46.446723857000109 ], [ 14.410495978000029, 46.446742179000182 ], [ 14.410565084000098, 46.446748276000051 ], [ 14.410666867999964, 46.44676792000007 ], [ 14.410863538000115, 46.446780913000168 ], [ 14.410993883000117, 46.446803437000085 ], [ 14.411151216000064, 46.446808342000054 ], [ 14.411266917000148, 46.446820927000147 ], [ 14.411357567000039, 46.44682385200008 ], [ 14.411374212000055, 46.446816407000085 ], [ 14.411416675000112, 46.446824554000159 ], [ 14.411421609000172, 46.446843672000114 ], [ 14.411465123000028, 46.44684578000016 ], [ 14.411520771000028, 46.446842647000153 ], [ 14.411567172000048, 46.446852466000166 ], [ 14.411593547, 46.446849968000151 ], [ 14.411648943000159, 46.44684071800009 ], [ 14.411647464000112, 46.4468251670001 ], [ 14.411686638000162, 46.446818319000101 ], [ 14.411720158000094, 46.446815214000083 ], [ 14.411743575000173, 46.446814544000063 ], [ 14.411759060000122, 46.446801172000164 ], [ 14.411799107000149, 46.446798995000108 ], [ 14.411805527000126, 46.446787959000062 ], [ 14.411809965000145, 46.446768842000154 ], [ 14.411824226000022, 46.446752693000178 ], [ 14.411848533000125, 46.44674445600009 ], [ 14.411869706, 46.446742277000169 ], [ 14.411904696000079, 46.446734480000146 ], [ 14.411937119000186, 46.446741731000145 ], [ 14.411982425000019, 46.446755340000095 ], [ 14.412026150000031, 46.446748270000057 ], [ 14.41204645900018, 46.446735302000036 ], [ 14.412080323000112, 46.446723286000122 ], [ 14.412093910000124, 46.446719199000029 ], [ 14.412118117999967, 46.446712493 ], [ 14.412142202000041, 46.446706148000146 ], [ 14.412148450000188, 46.446686385000191 ], [ 14.41216559500009, 46.446677946000079 ], [ 14.41217631100011, 46.446653733000119 ], [ 14.412183183000138, 46.44664575000013 ], [ 14.412211218000039, 46.446654933000048 ], [ 14.412237710999989, 46.446651893000194 ], [ 14.412268285000039, 46.446644588000026 ], [ 14.412293894000129, 46.446636339000122 ], [ 14.412318282, 46.446625581000148 ], [ 14.412333131000082, 46.446619504000068 ], [ 14.412364558000093, 46.446609310000099 ], [ 14.412388662000183, 46.446597296000164 ], [ 14.412402812000096, 46.446588796000185 ], [ 14.412423365000109, 46.446581584000114 ], [ 14.412468717000138, 46.446571259000052 ], [ 14.412508173, 46.446558921000133 ], [ 14.41254998, 46.446553578000135 ], [ 14.412570378999987, 46.446538630000134 ], [ 14.412576110000032, 46.446525620000102 ], [ 14.412576984000111, 46.446510587000034 ], [ 14.412580598000034, 46.446495797000068 ], [ 14.412592985000117, 46.446477146000177 ], [ 14.41260795900007, 46.446457661000068 ], [ 14.412624874000187, 46.446444186000122 ], [ 14.412619008000036, 46.44643056600006 ], [ 14.412608506000026, 46.44641285 ], [ 14.412592374000155, 46.446393479000108 ], [ 14.412580670000068, 46.446341316000144 ], [ 14.412575975000095, 46.446274962000132 ], [ 14.412573087000055, 46.44621443800014 ], [ 14.41257839300016, 46.446179929000039 ], [ 14.412570191000157, 46.446146897000119 ], [ 14.412561666999977, 46.446123855000167 ], [ 14.412532277000025, 46.446098851000045 ], [ 14.412509709000119, 46.446076480000102 ], [ 14.412497268999971, 46.446046368000054 ], [ 14.412496636000014, 46.446020912000108 ], [ 14.412514461000171, 46.445994202000179 ], [ 14.412549580000132, 46.445960041000149 ], [ 14.41259329900015, 46.44590654600006 ], [ 14.412605928, 46.445893561000105 ], [ 14.412623858000075, 46.445885384000064 ], [ 14.412634808000121, 46.445886181000049 ], [ 14.412659808000058, 46.44588666400017 ], [ 14.412662076000061, 46.44588548500019 ], [ 14.412677072000065, 46.445877685000085 ], [ 14.412692774000107, 46.445881854000163 ], [ 14.412750131000109, 46.445886261000055 ], [ 14.412797412000032, 46.445894542000133 ], [ 14.412831284, 46.445896112000071 ], [ 14.412850397000057, 46.44589503200018 ], [ 14.412878988000045, 46.445879647000027 ], [ 14.41289784300011, 46.445865524000055 ], [ 14.412932836000039, 46.445877700000153 ], [ 14.412953531000085, 46.445871116000149 ], [ 14.412988329000143, 46.445860261000064 ], [ 14.413014860000089, 46.445852543000115 ], [ 14.413039477000098, 46.445840254000075 ], [ 14.413060703000099, 46.445847341000047 ], [ 14.413081351000187, 46.445844897000029 ], [ 14.413112229999967, 46.445820133000097 ], [ 14.413153245000103, 46.445814347000123 ], [ 14.41316537900002, 46.44583555600002 ], [ 14.413161465000087, 46.445854847000135 ], [ 14.413185007000038, 46.44587369900006 ], [ 14.413200921000112, 46.445895232000169 ], [ 14.413214741000047, 46.445916154000145 ], [ 14.413251197000022, 46.445910142000173 ], [ 14.413287801000024, 46.445905027000038 ], [ 14.413306634000094, 46.445916187000023 ], [ 14.413320990000045, 46.445931346000123 ], [ 14.413364620000095, 46.445932643000162 ], [ 14.413391743000091, 46.445935176000091 ], [ 14.413420416000065, 46.445930497000177 ], [ 14.413472558000137, 46.445927845000142 ], [ 14.413497172000064, 46.445935170000098 ], [ 14.413523001000158, 46.445938075000072 ], [ 14.413546204, 46.445933178000132 ], [ 14.413567685000089, 46.445933424000145 ], [ 14.413584733000107, 46.445926696000129 ], [ 14.41360093600008, 46.445916735000083 ], [ 14.413625033000073, 46.445911019000164 ], [ 14.413652348000085, 46.445916700000168 ], [ 14.413683316000174, 46.445922795000058 ], [ 14.413703231000113, 46.445916219000026 ], [ 14.413731315000121, 46.445921262000184 ], [ 14.413754705000144, 46.445912674 ], [ 14.413793792999968, 46.445921302000045 ], [ 14.413807613000074, 46.445922431000042 ], [ 14.413825474000191, 46.445930539000187 ], [ 14.413850887000081, 46.445918963000111 ], [ 14.413885211999968, 46.445923676000064 ], [ 14.413913631000128, 46.445919360000062 ], [ 14.413941899000179, 46.445920532000116 ], [ 14.413963185000114, 46.445930587000191 ], [ 14.41398655200004, 46.445960417000151 ], [ 14.414017094000087, 46.445958059000134 ], [ 14.414044135999973, 46.445963112000129 ], [ 14.414065670000184, 46.445972626000184 ], [ 14.414093854000043, 46.445982706000109 ], [ 14.414119958000072, 46.445992896000064 ], [ 14.414140926000186, 46.445993507000026 ], [ 14.414157090000117, 46.446001362000061 ], [ 14.414171489000125, 46.446012022000048 ], [ 14.41418824100009, 46.446010065000166 ], [ 14.414213799000095, 46.446005865000188 ], [ 14.414237652, 46.446020754000074 ], [ 14.414246640000044, 46.446034254000153 ], [ 14.41426500200015, 46.446034711000095 ], [ 14.414296551000177, 46.446037292000028 ], [ 14.414307173000168, 46.446054376 ], [ 14.414331870000183, 46.446079065000049 ], [ 14.414371288000041, 46.446064836000176 ], [ 14.414404736000165, 46.446064700000193 ], [ 14.414434909000079, 46.446056857000144 ], [ 14.414452945000164, 46.446067213000106 ], [ 14.414476915000023, 46.446068246000095 ], [ 14.41449722100009, 46.446074892000127 ], [ 14.41454980300017, 46.446094459000051 ], [ 14.414565433000064, 46.446101598000041 ], [ 14.414592099000117, 46.446120421000046 ], [ 14.41461305100006, 46.446133448000182 ], [ 14.414663404000066, 46.446139090000088 ], [ 14.414690901000142, 46.446147288000077 ], [ 14.414730735000035, 46.446147541000187 ], [ 14.414779878000104, 46.446151215000157 ], [ 14.414797400000168, 46.446142141000109 ], [ 14.414832058000172, 46.446143883000047 ], [ 14.414891432000104, 46.446145031000128 ], [ 14.414935627000148, 46.446142004000194 ], [ 14.414958328000125, 46.446144669000148 ], [ 14.414982198000189, 46.446134096000037 ], [ 14.415013283000178, 46.446132902000102 ], [ 14.415018259000021, 46.446121249000157 ], [ 14.415052866000167, 46.446113903000082 ], [ 14.415084064000041, 46.446098673000051 ], [ 14.415102493000063, 46.446095980000109 ], [ 14.415134751000096, 46.446094865000077 ], [ 14.415164582000159, 46.446109248000141 ], [ 14.415188158000149, 46.446103537000113 ], [ 14.415219126000068, 46.446109632000173 ], [ 14.415241009000169, 46.446110414000032 ], [ 14.415282680000132, 46.446104801000047 ], [ 14.41532087500002, 46.44610120100009 ], [ 14.415356516000031, 46.446093487000155 ], [ 14.415384189000122, 46.446090886000036 ], [ 14.415398139000047, 46.446105149000061 ], [ 14.415426159000049, 46.44610704300004 ], [ 14.415460806000169, 46.446108245000119 ], [ 14.415497474000176, 46.446126072000084 ], [ 14.415531184000088, 46.446125933000189 ], [ 14.415571554000053, 46.446113855000078 ], [ 14.415611245000093, 46.446100343000182 ], [ 14.415637688000061, 46.446101352000028 ], [ 14.41565885, 46.446092065000016 ], [ 14.41569038200015, 46.446074043000124 ], [ 14.415707292000093, 46.446060387000102 ], [ 14.415719585000147, 46.446050104000051 ], [ 14.415729229000078, 46.44603102800005 ], [ 14.415733183000043, 46.446013807000156 ], [ 14.415762316000041, 46.446006063000027 ], [ 14.415779199000099, 46.445997626000121 ], [ 14.415791723000098, 46.445979333000139 ], [ 14.415796882000052, 46.445957242000134 ], [ 14.415811146000181, 46.44594792900017 ], [ 14.415842074000068, 46.44594547700018 ], [ 14.415868196000133, 46.445936862000053 ], [ 14.415896681000049, 46.445929216000138 ], [ 14.415926169000045, 46.445932895000169 ], [ 14.415935695000087, 46.445927586000039 ], [ 14.415941899000074, 46.445918801000062 ], [ 14.415955946999986, 46.445918308000159 ], [ 14.415968429000145, 46.44593078500003 ], [ 14.415992440000082, 46.44592732000018 ], [ 14.416017535000094, 46.445919434000075 ], [ 14.416039888000114, 46.44591112500018 ], [ 14.416054807000023, 46.445902076000039 ], [ 14.416095288000065, 46.445902143000126 ], [ 14.416123335000179, 46.445905296000149 ], [ 14.416144955, 46.445905991000075 ], [ 14.416167997000116, 46.445906133000108 ], [ 14.416191348000041, 46.445902224000065 ], [ 14.416210760000013, 46.445896641000047 ], [ 14.416229060000148, 46.445887381000148 ], [ 14.416246908000176, 46.445875065 ], [ 14.41626499299997, 46.445868147000169 ], [ 14.416315300000178, 46.445878017000098 ], [ 14.416338529000029, 46.44588103600006 ], [ 14.416367478000041, 46.445883731000038 ], [ 14.416398240000092, 46.445885959 ], [ 14.416431829000089, 46.445879792000142 ], [ 14.416452360000108, 46.445871501000056 ], [ 14.416473283000187, 46.445863295000095 ], [ 14.416496538000047, 46.445861096000044 ], [ 14.416513425000119, 46.445852838000064 ], [ 14.416542732000153, 46.44586704600016 ], [ 14.416564278000124, 46.445877098000096 ], [ 14.416587388000096, 46.445880748000036 ], [ 14.416610910000088, 46.445885474000079 ], [ 14.416627093000102, 46.445887569000149 ], [ 14.416649257000188, 46.445882951000158 ], [ 14.416666726000074, 46.445877747000054 ], [ 14.416681622999988, 46.445887233000121 ], [ 14.416700750000075, 46.445893530000035 ], [ 14.416722514000071, 46.445894853000084 ], [ 14.416741649000187, 46.445894942000166 ], [ 14.416755420000129, 46.445900210000048 ], [ 14.416779370000029, 46.445900253000161 ], [ 14.416808499000183, 46.445905465000067 ], [ 14.416832952000163, 46.445904604000077 ], [ 14.416856619999976, 46.445897002000152 ], [ 14.416880000000162, 46.445887963000189 ], [ 14.416895311000076, 46.445879000000104 ], [ 14.416909547000046, 46.445868339000185 ], [ 14.416917440000077, 46.445859357000131 ], [ 14.416948458000149, 46.445861403000151 ], [ 14.416982553000025, 46.445857093000143 ], [ 14.417013859000122, 46.445877607000057 ], [ 14.417027119000181, 46.445883330000072 ], [ 14.417043651000085, 46.445883443000184 ], [ 14.417061002000025, 46.445885438000062 ], [ 14.417078451000123, 46.445885812000085 ], [ 14.417093768000086, 46.445903392000162 ], [ 14.417111404000138, 46.445913211000175 ], [ 14.417128386000115, 46.445922858000131 ], [ 14.417142467000133, 46.445930641000189 ], [ 14.417157872000075, 46.445939492000093 ], [ 14.417183248000015, 46.445939252000073 ], [ 14.417204017000074, 46.445942923000132 ], [ 14.417221476000179, 46.445950406000122 ], [ 14.417237134000061, 46.445952327000043 ], [ 14.417250940000145, 46.445952826000166 ], [ 14.417268460000173, 46.44595023100004 ], [ 14.41728013200003, 46.445961186000147 ], [ 14.417302710000115, 46.445964211000103 ], [ 14.417326421000041, 46.445965336000143 ], [ 14.417349462000118, 46.445965478000119 ], [ 14.417372017000105, 46.445960766000098 ], [ 14.417389841000158, 46.445953849000148 ], [ 14.417409829, 46.445950960000175 ], [ 14.417423159000066, 46.445947145000105 ], [ 14.417423578000182, 46.445935444000156 ], [ 14.417428038000025, 46.445924066000089 ], [ 14.417438808000043, 46.445922434000124 ], [ 14.417453592000186, 46.445919685000149 ], [ 14.417463110000085, 46.445913926000117 ], [ 14.417464703000121, 46.445902395000132 ], [ 14.417468793000126, 46.445885442000076 ], [ 14.417490075000103, 46.44587570300007 ], [ 14.41750514, 46.445873941000116 ], [ 14.417514158000074, 46.445882403000098 ], [ 14.417532578000134, 46.445885826000108 ], [ 14.417549252000128, 46.445886478000148 ], [ 14.417568416999984, 46.445888096000147 ], [ 14.417593059000069, 46.445896770000104 ], [ 14.417608697000162, 46.445904269000152 ], [ 14.417633534000174, 46.445909611000047 ], [ 14.417651068, 46.445907736000152 ], [ 14.417675584999984, 46.445903545000078 ], [ 14.417688728000087, 46.44590342000015 ], [ 14.417710808000152, 46.445901051000021 ], [ 14.417721005000033, 46.445896726000115 ], [ 14.417750316000024, 46.445884842000055 ], [ 14.417776734000086, 46.445884682000042 ], [ 14.417799189999982, 46.445888067000055 ], [ 14.417824551000081, 46.445893585000135 ], [ 14.417851352000071, 46.445899539000095 ], [ 14.41788963800002, 46.445900525000184 ], [ 14.417908865000129, 46.445898723000028 ], [ 14.417924688000085, 46.44589587400003 ], [ 14.417939410000088, 46.44590311200011 ], [ 14.417950850000125, 46.445889328000021 ], [ 14.417934446000174, 46.445869420000179 ], [ 14.417946379, 46.445860759000084 ], [ 14.417968967000093, 46.445857756000123 ], [ 14.417987064000101, 46.445851466000136 ], [ 14.418006522000098, 46.44584156500008 ], [ 14.418022836000034, 46.445837182000162 ], [ 14.418044882000061, 46.445839672000034 ], [ 14.418063041999972, 46.445843098000125 ], [ 14.418090281000048, 46.44585147700019 ], [ 14.418106235000096, 46.445861763000153 ], [ 14.418116392000115, 46.4458620260001 ], [ 14.418130525000151, 46.445859283000118 ], [ 14.418135851000045, 46.445871828000179 ], [ 14.41813712600009, 46.445890170000098 ], [ 14.418137866000166, 46.445901230000118 ], [ 14.418133293000039, 46.445919987000195 ], [ 14.418169036000052, 46.44591092100012 ], [ 14.418212655000048, 46.445918244000154 ], [ 14.41825021, 46.445902053000111 ], [ 14.418258300000161, 46.445889921000173 ], [ 14.418265930000075, 46.44588085100014 ], [ 14.418281911000065, 46.445879440000112 ], [ 14.418297177000113, 46.445887933 ], [ 14.418311486000107, 46.445900572000085 ], [ 14.41831677600004, 46.445924454000135 ], [ 14.418323892000103, 46.44593536400015 ], [ 14.418340377000106, 46.445939705000058 ], [ 14.418357007000054, 46.445944676000181 ], [ 14.418371685000011, 46.445949755000186 ], [ 14.418386263000173, 46.445949707000182 ], [ 14.418397363000054, 46.445951581000145 ], [ 14.418413845000146, 46.445968789000119 ], [ 14.418433951000054, 46.445971927000016 ], [ 14.41845018600003, 46.445970153000076 ], [ 14.418458802000032, 46.445964853000191 ], [ 14.418463606999978, 46.445944654000186 ], [ 14.418475974000046, 46.445944717000089 ], [ 14.418491628000083, 46.445953026000154 ], [ 14.418520236000177, 46.445951674000071 ], [ 14.418538337000143, 46.445945564000056 ], [ 14.418568009000126, 46.445945373000143 ], [ 14.418609820000086, 46.445933730000149 ], [ 14.418613496000035, 46.445974632000173 ], [ 14.418615109000086, 46.446009976000084 ], [ 14.418615135000096, 46.446030939000138 ], [ 14.418618138999989, 46.446044585000038 ], [ 14.418631939000079, 46.446057861000043 ], [ 14.418646893000073, 46.446070225000028 ], [ 14.418672497000045, 46.446087975000069 ], [ 14.418697448999978, 46.446099166000181 ], [ 14.418719459000044, 46.446099766000032 ], [ 14.418750192000175, 46.446100554000111 ], [ 14.418779358000108, 46.446094519000042 ], [ 14.418821731000151, 46.446058758000049 ], [ 14.418831665000084, 46.446047778000036 ], [ 14.418870361000074, 46.446036613000047 ], [ 14.418912144999979, 46.446023621000052 ], [ 14.418953384000133, 46.446009464000042 ], [ 14.418983802000128, 46.446007466000026 ], [ 14.419017551000024, 46.446009304000029 ], [ 14.419041671000059, 46.446017892000043 ], [ 14.41906974800014, 46.44602257400004 ], [ 14.419098711000174, 46.446025988000144 ], [ 14.419127469000045, 46.446019057000058 ], [ 14.419145691000153, 46.446012497000027 ], [ 14.419166016000133, 46.446000427000115 ], [ 14.419229559000144, 46.445975442000076 ], [ 14.419270040000015, 46.445962462000068 ], [ 14.419296408000093, 46.445959692000031 ], [ 14.419306610000035, 46.445962204000011 ], [ 14.419325443000105, 46.445966703000124 ], [ 14.419350786000109, 46.44595827500018 ], [ 14.419375020000189, 46.445952917000056 ], [ 14.419404521000047, 46.445944089000022 ], [ 14.419429027000149, 46.445939358000089 ], [ 14.419467564, 46.445939802000112 ], [ 14.419491125000093, 46.445939938000151 ], [ 14.419512963000159, 46.445951607000154 ], [ 14.419547215000136, 46.445946063 ], [ 14.419572626, 46.445947532000048 ], [ 14.419598771000153, 46.445953222000185 ], [ 14.419622624000056, 46.445961452000176 ], [ 14.419657588000121, 46.445972096000162 ], [ 14.419689297000161, 46.445982682000135 ], [ 14.419709321000028, 46.44598816000007 ], [ 14.419732551000038, 46.445991268000114 ], [ 14.419749337000155, 46.445991018000086 ], [ 14.419768074000046, 46.445984182000075 ], [ 14.419810447000089, 46.445981261000099 ], [ 14.41983473300013, 46.445985079000081 ], [ 14.419847201000096, 46.445977133000099 ], [ 14.419860782000057, 46.445972865000101 ], [ 14.419885264000129, 46.445973443000184 ], [ 14.419913317000066, 46.445976865000091 ], [ 14.419936534000101, 46.445979343000147 ], [ 14.419959011000117, 46.445983808000051 ], [ 14.419982094000147, 46.445986107000124 ], [ 14.420020795000084, 46.44598825900016 ], [ 14.420046243000058, 46.445991616000185 ], [ 14.420077688000049, 46.445995456000105 ], [ 14.420102188000158, 46.445996933000174 ], [ 14.420120492000024, 46.446001077000119 ], [ 14.420147510000163, 46.446011347000081 ], [ 14.420175046000111, 46.446021522000137 ], [ 14.420204896000087, 46.446023758000138 ], [ 14.420239784000159, 46.446023966000155 ], [ 14.420286506000082, 46.446023702000161 ], [ 14.420330780000029, 46.446018153000125 ], [ 14.42035375100005, 46.446014785000045 ], [ 14.420370025000182, 46.446021558000155 ], [ 14.420390784, 46.446037826000065 ], [ 14.420444137000118, 46.446037139000111 ], [ 14.420488346000127, 46.446034919000112 ], [ 14.420519845000115, 46.446034890000192 ], [ 14.420544589000031, 46.446029076000059 ], [ 14.420575708000058, 46.446023022000077 ], [ 14.420602294000105, 46.44601161300011 ], [ 14.420608727000058, 46.446001295000144 ], [ 14.420608617000028, 46.445989240000131 ], [ 14.42062381300002, 46.445981088000167 ], [ 14.420644692000053, 46.445977201000119 ], [ 14.420676928999967, 46.445975095000108 ], [ 14.420727825000142, 46.445975240000053 ], [ 14.42076404, 46.445976786000188 ], [ 14.420784555000182, 46.445980819000056 ], [ 14.420814697000026, 46.445971535000183 ], [ 14.420850791000191, 46.445980008999982 ], [ 14.420885274999989, 46.445979592000072 ], [ 14.420903577000104, 46.445990124000048 ], [ 14.420923746000085, 46.446009456000013 ], [ 14.420945546000098, 46.44602571300004 ], [ 14.420960783000055, 46.446045722000179 ], [ 14.420979408000051, 46.446065969000188 ], [ 14.420992508999973, 46.446070253000187 ], [ 14.421008261000054, 46.446070373 ], [ 14.421034602000191, 46.44607282100003 ], [ 14.421059533, 46.446076363000145 ], [ 14.421080872000118, 46.446082548000049 ], [ 14.421101377000127, 46.446086042000161 ], [ 14.42112485500013, 46.446088517000078 ], [ 14.421150313000055, 46.44608584600013 ], [ 14.421167667000077, 46.446074884000097 ], [ 14.421183020000058, 46.446068080000089 ], [ 14.421201568000129, 46.44606484500008 ], [ 14.421216526000137, 46.446064253000031 ], [ 14.42123722000008, 46.446064236000154 ], [ 14.421258652000063, 46.446068530000105 ], [ 14.421281046000161, 46.446068857000057 ], [ 14.421305312000015, 46.446058640000047 ], [ 14.421327722000115, 46.446072822000133 ], [ 14.421342422000066, 46.446078980000095 ], [ 14.421356962000061, 46.446077042000127 ], [ 14.42137888600007, 46.446092938 ], [ 14.421392004000097, 46.446104600000069 ], [ 14.421405584000127, 46.44612642300001 ], [ 14.421432086000038, 46.446117355000183 ], [ 14.421464945000025, 46.446113713000045 ], [ 14.421494746000064, 46.446113429000036 ], [ 14.42151838400008, 46.446117432999984 ], [ 14.42153549700015, 46.446107463000089 ], [ 14.42155148900008, 46.446106591000159 ], [ 14.421565742999974, 46.446109875000104 ], [ 14.421583473000055, 46.446111325 ], [ 14.421613230000105, 46.446115361000182 ], [ 14.421650958000043, 46.446107894000193 ], [ 14.421668899000167, 46.446106824000083 ], [ 14.421697209000058, 46.446103585000117 ], [ 14.421699865000051, 46.446086645000094 ], [ 14.421711646000063, 46.446076906000087 ], [ 14.421725337000055, 46.446065080000039 ], [ 14.421756322000022, 46.446052368000039 ], [ 14.421782400000041, 46.446041594 ], [ 14.421802298000102, 46.446034207000025 ], [ 14.421812050000028, 46.446014140000045 ], [ 14.421819067000172, 46.446000487999981 ], [ 14.421828354000127, 46.445996171000104 ], [ 14.421849676000136, 46.445994978000101 ], [ 14.421881471000177, 46.445990267000127 ], [ 14.421946172000105, 46.445977775000188 ], [ 14.42199446, 46.445971197000176 ], [ 14.422023519000049, 46.445966332000182 ], [ 14.422044736000089, 46.445959832000028 ], [ 14.422055686000135, 46.445954150000091 ], [ 14.422067663000121, 46.445954214999972 ], [ 14.422085105000178, 46.44595431900018 ], [ 14.422109116000115, 46.44595085200018 ], [ 14.42212951, 46.445948768000164 ], [ 14.422149175000129, 46.445942823000109 ], [ 14.422166533000166, 46.445938608000063 ], [ 14.422176553000099, 46.445931945000098 ], [ 14.422191053000063, 46.445928029000129 ], [ 14.422206880000033, 46.445925449000129 ], [ 14.422223519000056, 46.445917823000173 ], [ 14.422235758999989, 46.445918066000104 ], [ 14.422247471000105, 46.445917954000095 ], [ 14.422259168999972, 46.445910555000125 ], [ 14.422271182000031, 46.445906033000085 ], [ 14.42229212500007, 46.445898815000191 ], [ 14.422302849000062, 46.445894845000055 ], [ 14.422321400999977, 46.4458983560001 ], [ 14.422338352000054, 46.445899815000132 ], [ 14.422353895000185, 46.44590254600007 ], [ 14.422369615999969, 46.445901136000145 ], [ 14.422385918000089, 46.445896212999969 ], [ 14.422398102000045, 46.445887099000117 ], [ 14.422408405000056, 46.445881603000032 ], [ 14.422420625000029, 46.445861243000138 ], [ 14.422431272000097, 46.445859972000108 ], [ 14.422448689000021, 46.445858727000086 ], [ 14.422461123000176, 46.445855639000172 ], [ 14.42248388400003, 46.445854792000034 ], [ 14.422492810000051, 46.445865054000194 ], [ 14.422502369000028, 46.445874500000059 ], [ 14.422520561000113, 46.445886023000014 ], [ 14.422543374000156, 46.445887786000071 ], [ 14.42255720300011, 46.44588945300012 ], [ 14.422570311000129, 46.445887528000071 ], [ 14.42259044900004, 46.445885628000099 ], [ 14.422605297000018, 46.445879638000122 ], [ 14.422615344000064, 46.445874323000112 ], [ 14.422626373000185, 46.445866032000083 ], [ 14.42263449100011, 46.445848859000137 ], [ 14.422648756000171, 46.445839727000134 ], [ 14.422679307000124, 46.445850952000058 ], [ 14.422695998000165, 46.445858981000129 ], [ 14.422711848000063, 46.445864048000089 ], [ 14.422729005000122, 46.445869373000107 ], [ 14.422741773000155, 46.445876539000153 ], [ 14.422747297000058, 46.445885933000056 ], [ 14.422762551000062, 46.445900273000177 ], [ 14.422781143000179, 46.445905764000145 ], [ 14.422793069000136, 46.445909789000041 ], [ 14.422805546000177, 46.445915428000092 ], [ 14.422824572000138, 46.445923074000177 ], [ 14.422844443000088, 46.445920905000094 ], [ 14.422858132999977, 46.445915556999978 ], [ 14.422874174000185, 46.445910636 ], [ 14.422886804000143, 46.445910785000137 ], [ 14.422905712000102, 46.445912585000087 ], [ 14.422930461000135, 46.445913518000111 ], [ 14.422944174000065, 46.445915817000184 ], [ 14.422968735999973, 46.445913963000066 ], [ 14.422980442999972, 46.445907014000113 ], [ 14.422993987000041, 46.445894289000194 ], [ 14.423004487000185, 46.445885642000121 ], [ 14.423013735999973, 46.445879525 ], [ 14.423032165000166, 46.445876831000191 ], [ 14.42305454500007, 46.445876437000152 ], [ 14.423069521000059, 46.445876835000149 ], [ 14.423092565000047, 46.445877155000176 ], [ 14.423110529999974, 46.445877253000049 ], [ 14.423123554000028, 46.445877670000129 ], [ 14.423136963000161, 46.445877812000163 ], [ 14.423156323000171, 46.445876097000109 ], [ 14.423171960000104, 46.445870460000094 ], [ 14.423189640000146, 46.445869392000191 ], [ 14.423210545000188, 46.445879900000136 ], [ 14.423223166000071, 46.445879689000037 ], [ 14.423241001000065, 46.445873311000071 ], [ 14.423266894000164, 46.445866317000025 ], [ 14.423284138000156, 46.445862913000099 ], [ 14.423308583000107, 46.445861691000175 ], [ 14.423325596000041, 46.445857192000062 ], [ 14.423348500000145, 46.44584655400007 ], [ 14.423368913000161, 46.445845460000157 ], [ 14.423407180000027, 46.445851934000132 ], [ 14.423437876999969, 46.445857489000161 ], [ 14.423469736000072, 46.445862494000153 ], [ 14.423490772000036, 46.445866521000028 ], [ 14.423506994000093, 46.445870596000077 ], [ 14.423521958000094, 46.445876931000157 ], [ 14.423548605000121, 46.44588162600013 ], [ 14.423579635000181, 46.445858207000072 ], [ 14.42358998300017, 46.445848392000016 ], [ 14.423591990000034, 46.445838116000061 ], [ 14.423592708000115, 46.445821914000135 ], [ 14.423610601000064, 46.445811937000144 ], [ 14.423637225000164, 46.445808984000166 ], [ 14.42366777400008, 46.445807073000083 ], [ 14.423693514000092, 46.445811956000057 ], [ 14.423705027000096, 46.445814905000191 ], [ 14.423728852000181, 46.445815218000121 ], [ 14.423754797000129, 46.44581083200012 ], [ 14.42378326000005, 46.445802283000035 ], [ 14.42381390200012, 46.445791914000154 ], [ 14.423842648000175, 46.445784442000047 ], [ 14.423854296000059, 46.445787660000178 ], [ 14.423880731000054, 46.445788308000033 ], [ 14.423896613000124, 46.445788426000036 ], [ 14.423911672000031, 46.445786393000162 ], [ 14.423923296999988, 46.445788442000037 ], [ 14.423936797000067, 46.445793171000162 ], [ 14.423951391, 46.445793932000129 ], [ 14.423965727000166, 46.445794874000057 ], [ 14.423979266000117, 46.445795016000034 ], [ 14.424016638000182, 46.445769737000035 ], [ 14.424047207000115, 46.445749291000084 ], [ 14.424063731000103, 46.445748955000056 ], [ 14.424074927000106, 46.445749028000137 ], [ 14.424095012000123, 46.445751086000143 ], [ 14.424112636000132, 46.445753706000175 ], [ 14.424133484000095, 46.445754856000121 ], [ 14.424153255000022, 46.445760696000036 ], [ 14.424168126000097, 46.445768832 ], [ 14.424195910000094, 46.445778374000099 ], [ 14.424228426000127, 46.445777254000177 ], [ 14.424248965000118, 46.445762842000079 ], [ 14.424262805000012, 46.445745436000038 ], [ 14.424274554000021, 46.445734167000069 ], [ 14.424285125000097, 46.445729029000177 ], [ 14.424297254000123, 46.445723694000037 ], [ 14.424307217000148, 46.445720810000125 ], [ 14.424321792000057, 46.445720581000046 ], [ 14.424345357000107, 46.445720896000125 ], [ 14.424360475000128, 46.445721921000143 ], [ 14.424383077000016, 46.445726114000024 ], [ 14.424408496000126, 46.445734599000104 ], [ 14.424436534000108, 46.445743779000168 ], [ 14.424471345000086, 46.44576629900007 ], [ 14.424487661000171, 46.445781618000183 ], [ 14.424501868, 46.445789130000094 ], [ 14.424515690000078, 46.445790349000106 ], [ 14.42452828800009, 46.445788968000102 ], [ 14.424546895000105, 46.44578870100014 ], [ 14.42456369100006, 46.445801946000074 ], [ 14.42458320999998, 46.445814806000101 ], [ 14.424599168000043, 46.445818702000054 ], [ 14.424617075000015, 46.445822490000182 ], [ 14.424643041000081, 46.445819183000026 ], [ 14.424663655000188, 46.445815118000098 ], [ 14.424687088000042, 46.445821822000141 ], [ 14.424723619000133, 46.445826152000166 ], [ 14.424748333000082, 46.445831854000062 ], [ 14.424767833999965, 46.445817722000186 ], [ 14.424793688000022, 46.445808749000037 ], [ 14.424810707000063, 46.445807146000163 ], [ 14.424824872000102, 46.445812589000184 ], [ 14.424845134000179, 46.445823463000181 ], [ 14.424858116000166, 46.445834765000086 ], [ 14.424872508000135, 46.445845064000139 ], [ 14.42489958900012, 46.44585191300007 ], [ 14.424924430000146, 46.445857434000061 ], [ 14.424967454000182, 46.44586755 ], [ 14.425004579000131, 46.445882042000164 ], [ 14.425039758000082, 46.445896911000034 ], [ 14.425062593000121, 46.445912797000119 ], [ 14.425092730000074, 46.445916289000081 ], [ 14.425086891000035, 46.445956292000062 ], [ 14.42507945300008, 46.445981374000041 ], [ 14.425073506000047, 46.445996457000092 ], [ 14.425071334000052, 46.446011502000033 ], [ 14.425065309, 46.446029195000165 ], [ 14.425100843999985, 46.446035783000184 ], [ 14.425121617000059, 46.446039633000112 ], [ 14.425143596000169, 46.44604527100006 ], [ 14.42517022800007, 46.446055724000132 ], [ 14.425190080000107, 46.446059133000176 ], [ 14.425208966000071, 46.446059763000051 ], [ 14.425234796999973, 46.446062755000071 ], [ 14.42525977400004, 46.446062067000014 ], [ 14.425280814000132, 46.446066274000145 ], [ 14.425306512000134, 46.446069088000172 ], [ 14.425316912000142, 46.446068449000052 ], [ 14.425330795000093, 46.44605967900003 ], [ 14.425352340000018, 46.446050116000038 ], [ 14.425375134000149, 46.446044411000173 ], [ 14.425402488000088, 46.446045407999975 ], [ 14.425416209000105, 46.446035111000128 ], [ 14.425428427000043, 46.446027796000124 ], [ 14.425446946000022, 46.446023030999982 ], [ 14.42546710400012, 46.446022209000091 ], [ 14.425495047000027, 46.446020143000112 ], [ 14.42551492399997, 46.446011766000026 ], [ 14.425529186000119, 46.446002452000187 ], [ 14.425546052000072, 46.445993204000104 ], [ 14.42556105400007, 46.445988382000053 ], [ 14.425571122, 46.445984148000093 ], [ 14.425602793000053, 46.446005798000101 ], [ 14.425639142000136, 46.44600752000008 ], [ 14.425669657000071, 46.44601037700005 ], [ 14.425696616000096, 46.446011199999987 ], [ 14.425721280000175, 46.446014382999977 ], [ 14.425739854000142, 46.44601897400014 ], [ 14.4257417500001, 46.44600312100016 ], [ 14.42576382600015, 46.446000571000127 ], [ 14.425802655999973, 46.44600263000018 ], [ 14.425822411000127, 46.446007659000145 ], [ 14.42583302100013, 46.446017545000075 ], [ 14.425842749000026, 46.446028877000117 ], [ 14.42587498600011, 46.446033248000049 ], [ 14.425896515000034, 46.446035922000078 ], [ 14.425928423000187, 46.44603678600015 ], [ 14.425954774000161, 46.446039773000166 ], [ 14.425967305000029, 46.446048021000138 ], [ 14.425972811000122, 46.44607153200019 ], [ 14.425974130000156, 46.446095164000042 ], [ 14.425971439000023, 46.446114174000172 ], [ 14.425975061000145, 46.446141706000162 ], [ 14.425976047000063, 46.446156542000153 ], [ 14.425977560999968, 46.44617625800015 ], [ 14.425982074000103, 46.44619233800006 ], [ 14.425987411999984, 46.44620155400014 ], [ 14.425996341000143, 46.446208019000039 ], [ 14.426010088000112, 46.446218584000121 ], [ 14.426036555000053, 46.446230532000016 ], [ 14.426077185000054, 46.446245213999987 ], [ 14.426097522000077, 46.446250742000132 ], [ 14.426123364000034, 46.446258781000154 ], [ 14.42615286500012, 46.446268891000102 ], [ 14.426178854000057, 46.446277766000037 ], [ 14.426199676000181, 46.446281454000143 ], [ 14.426218819000042, 46.446280658000092 ], [ 14.426233452000133, 46.446274275000178 ], [ 14.426254488999973, 46.446265346000075 ], [ 14.426282330000049, 46.446264720000045 ], [ 14.426296116000117, 46.446270617000039 ], [ 14.426316188000044, 46.446271955000157 ], [ 14.426331888000107, 46.446269555000129 ], [ 14.426352762000022, 46.446258919000172 ], [ 14.426374157000112, 46.446248368000113 ], [ 14.42639985400001, 46.446244614000136 ], [ 14.426433209000038, 46.4462397960001 ], [ 14.426470082000151, 46.446235215000172 ], [ 14.426507878000052, 46.446237642000085 ], [ 14.426534230000129, 46.446240630000148 ], [ 14.426560136000148, 46.44624731000016 ], [ 14.426578441000117, 46.446251453000059 ], [ 14.426606964000086, 46.446258828000055 ], [ 14.42663704600011, 46.446272577000059 ], [ 14.426662915, 46.44628393500011 ], [ 14.426704699000084, 46.446310077000135 ], [ 14.426729828000134, 46.44634303700019 ], [ 14.426744244000076, 46.446367461000079 ], [ 14.426759667000056, 46.446396644000117 ], [ 14.426772772000163, 46.446420631000024 ], [ 14.426792211000077, 46.446429352000166 ], [ 14.426831591000109, 46.446432934000086 ], [ 14.426870942000107, 46.446435078000093 ], [ 14.426899302000152, 46.44643426600004 ], [ 14.426924568000118, 46.446428537000145 ], [ 14.426927410000133, 46.44644695400018 ], [ 14.42692913400009, 46.446468080000159 ], [ 14.426933573000042, 46.446494759000132 ], [ 14.426946931999964, 46.446511906000069 ], [ 14.42696735800007, 46.446524486000044 ], [ 14.426979646, 46.446533636000083 ], [ 14.427008860000115, 46.446542984000132 ], [ 14.42704018500018, 46.446560318000138 ], [ 14.427079795000054, 46.446588370000143 ], [ 14.427123840000036, 46.446616920000054 ], [ 14.427144271000088, 46.446631139000033 ], [ 14.427165157, 46.446645675000184 ], [ 14.427210367000043, 46.446667376000107 ], [ 14.427242695000018, 46.446682811000073 ], [ 14.427276568000082, 46.446703811000191 ], [ 14.427299083000094, 46.446723209000027 ], [ 14.427326144000119, 46.446729068000081 ], [ 14.427364475000161, 46.446732210000164 ], [ 14.427412388000107, 46.446739400000013 ], [ 14.427459756000133, 46.44675190300012 ], [ 14.427513276000127, 46.446772533 ], [ 14.427561580000031, 46.446786197000108 ], [ 14.427605988000153, 46.446806915000195 ], [ 14.427651536000042, 46.44681943500018 ], [ 14.427699396999969, 46.44681106000013 ], [ 14.427755843000057, 46.446802332000118 ], [ 14.427806019000116, 46.446798973000057 ], [ 14.427845042000058, 46.446797699000172 ], [ 14.427880407000032, 46.446795741000187 ], [ 14.427901030000044, 46.44678564700007 ], [ 14.427894344000038, 46.446757281000032 ], [ 14.427881648000039, 46.446727711000051 ], [ 14.427883550000047, 46.446705740000084 ], [ 14.427920647000178, 46.4466927900001 ], [ 14.427978911000025, 46.446683864000079 ], [ 14.428037492000158, 46.446684293000033 ], [ 14.428082306000135, 46.446686204000059 ], [ 14.428130632000034, 46.446687990000044 ], [ 14.428171136, 46.446689222000145 ], [ 14.428192490000185, 46.446715559000097 ], [ 14.428210082000078, 46.446723039000176 ], [ 14.428245477000075, 46.446729087000165 ], [ 14.42826941900006, 46.44673524600006 ], [ 14.428276117999985, 46.446757764000154 ], [ 14.428276185000129, 46.446774049000169 ], [ 14.428256148000116, 46.446787466000103 ], [ 14.428251379000187, 46.446815763000075 ], [ 14.428257291000136, 46.446844497000143 ], [ 14.428272774000106, 46.446863693000125 ], [ 14.428301380000164, 46.44686216000008 ], [ 14.428344585000104, 46.446861746000195 ], [ 14.428374120000115, 46.446867671000064 ], [ 14.42838152600001, 46.446886494000125 ], [ 14.428401034000046, 46.44689863300016 ], [ 14.428434242000151, 46.446899485000074 ], [ 14.428461189000132, 46.44689967700009 ], [ 14.428477398000155, 46.446903120000059 ], [ 14.428488432000165, 46.446914620000143 ], [ 14.428499688000045, 46.446943664000059 ], [ 14.428525108000031, 46.446965103000139 ], [ 14.428556189000176, 46.446976682000127 ], [ 14.428590363000183, 46.446973746000083 ], [ 14.428615790000038, 46.446976021000182 ], [ 14.428635848000113, 46.447002640000164 ], [ 14.428652820000082, 46.447018133000086 ], [ 14.428706859000044, 46.447038759 ], [ 14.428733060000184, 46.447040577000166 ], [ 14.42876592600004, 46.447043861000111 ], [ 14.428810718000022, 46.44705116900019 ], [ 14.428865423, 46.447052985000141 ], [ 14.428910347000169, 46.44705390300004 ], [ 14.428939813000113, 46.447056320000172 ], [ 14.428966565000053, 46.447053275000144 ], [ 14.428986935000125, 46.447050021000052 ], [ 14.429005836000158, 46.447051370000111 ], [ 14.42903607400018, 46.447059896999974 ], [ 14.429073213000152, 46.447075016000099 ], [ 14.429109726000036, 46.447084833000133 ], [ 14.429140725000025, 46.447085885000035 ], [ 14.429157325000176, 46.44708932500015 ], [ 14.429189287000156, 46.447092888000157 ], [ 14.429210611000144, 46.447091784000065 ], [ 14.429235910000045, 46.447094150000055 ], [ 14.42926516700004, 46.447099178000144 ], [ 14.429294187000153, 46.447105378000117 ], [ 14.429313242000035, 46.447107895000045 ], [ 14.429328815000133, 46.447118542000169 ], [ 14.429348462000121, 46.447118173000035 ], [ 14.429376405000028, 46.447116106000124 ], [ 14.429398833000107, 46.447111573000029 ], [ 14.429415985000105, 46.447110149000082 ], [ 14.429428987000108, 46.447115963000044 ], [ 14.42944348900005, 46.447125091000089 ], [ 14.429446117999987, 46.447145848000105 ], [ 14.429443492000132, 46.447164138000176 ], [ 14.429437685000096, 46.44717966900015 ], [ 14.429421466000122, 46.447195209000029 ], [ 14.42941578000017, 46.447203721000164 ], [ 14.429419433000191, 46.44721709200013 ], [ 14.429436038000063, 46.447227280000106 ], [ 14.429463253999984, 46.447227918000124 ], [ 14.429487898000104, 46.447230111000067 ], [ 14.429508748000046, 46.447231261000127 ], [ 14.429541182000037, 46.447238957000081 ], [ 14.429570628000022, 46.4472468620001 ], [ 14.429603621000183, 46.447256443000072 ], [ 14.429630308000128, 46.447263115000112 ], [ 14.429668643000014, 46.447272915000042 ], [ 14.429702116000044, 46.447273943000141 ], [ 14.42975196499998, 46.447280303000127 ], [ 14.429788539000185, 46.4472867 ], [ 14.429817267000089, 46.447291283000141 ], [ 14.429846076000047, 46.447293436000052 ], [ 14.429871112000171, 46.447295625000152 ], [ 14.429896490000147, 46.447295471000132 ], [ 14.429924394000125, 46.447291426000049 ], [ 14.429944381000098, 46.447288534000165 ], [ 14.429963039000029, 46.447290785000121 ], [ 14.429984995000098, 46.447295163000092 ], [ 14.430015210000022, 46.447302520999983 ], [ 14.43004679600017, 46.447313285000178 ], [ 14.430068170000141, 46.447327654000048 ], [ 14.430081865000091, 46.447342009000067 ], [ 14.43008990400017, 46.447353448000058 ], [ 14.430110394000053, 46.447362608999981 ], [ 14.430128633000095, 46.44736342300007 ], [ 14.430148076000023, 46.447359367999979 ], [ 14.430170599000178, 46.447359602000176 ], [ 14.430191850000085, 46.447361287000092 ], [ 14.430221731000131, 46.447364959000026 ], [ 14.430257659000119, 46.447378110000102 ], [ 14.430290079000088, 46.447384997000086 ], [ 14.430325047000167, 46.447389250000185 ], [ 14.430357983000022, 46.447395952000193 ], [ 14.430390423000063, 46.447403918000134 ], [ 14.430424225000024, 46.447401885000033 ] ] ] ] } },
{ "type": "Feature", "properties": { "fid": 15, "GID_2": "SVN.1.15_1", "GID_0": "SVN", "COUNTRY": "Slovenia", "GID_1": "SVN.1_1", "NAME_1": "Gorenjska", "NL_NAME_1": "NA", "NAME_2": "Železniki", "VARNAME_2": "NA", "NL_NAME_2": "NA", "TYPE_2": "Opcine", "ENGTYPE_2": "Commune|Municipality", "CC_2": "NA", "HASC_2": "SI.GO.ZE" }, "geometry": { "type": "MultiPolygon", "coordinates": [ [ [ [ 13.996020317999978, 46.238773345000141 ], [ 13.99604034400005, 46.242328644000054 ], [ 13.996058465000033, 46.245883941000159 ], [ 14.006282807000105, 46.245895386000143 ], [ 14.006300926999984, 46.24945068300002 ], [ 14.026752471, 46.249469757000043 ], [ 14.031864165, 46.249477387000127 ], [ 14.052293778000092, 46.245941163000111 ], [ 14.057406425000067, 46.245948790999989 ], [ 14.057385444000033, 46.242393494999988 ], [ 14.067609788000084, 46.242401123000093 ], [ 14.067590714000119, 46.238845826000045 ], [ 14.088040352000121, 46.238868714000148 ], [ 14.088060379000069, 46.242424011000026 ], [ 14.088079452000159, 46.245979310000166 ], [ 14.093304634000106, 46.267318725000166 ], [ 14.093381883000063, 46.281539916999975 ], [ 14.103606224000032, 46.28155136200013 ], [ 14.129166602000112, 46.28157806400003 ], [ 14.129149437000024, 46.278022767000152 ], [ 14.139372826000113, 46.278034210000101 ], [ 14.13935470500013, 46.274478913000166 ], [ 14.15982055600017, 46.27805328300019 ], [ 14.159841537000034, 46.281608582000104 ], [ 14.164954185000113, 46.281616209999981 ], [ 14.170065879000106, 46.281620026000155 ], [ 14.180272102000174, 46.278076172 ], [ 14.18025112100014, 46.274520875000121 ], [ 14.190361977000066, 46.253196716000105 ], [ 14.200586319000138, 46.253208161000089 ], [ 14.200547217000064, 46.246097566000174 ], [ 14.210774421, 46.246109009000122 ], [ 14.215886116000092, 46.246112824000193 ], [ 14.220997810000085, 46.246120452000071 ], [ 14.226110458000164, 46.246124267000141 ], [ 14.231222152000157, 46.246131897000055 ], [ 14.236333847000083, 46.246135712000125 ], [ 14.236315728000079, 46.242580414000088 ], [ 14.236294747000045, 46.23902511700004 ], [ 14.241407394000191, 46.239028932000053 ], [ 14.241369247000137, 46.231918334000056 ], [ 14.22603225600011, 46.231903076000037 ], [ 14.226014138000039, 46.22834777900016 ], [ 14.231087685000148, 46.221240997999985 ], [ 14.231068612000058, 46.217685700000175 ], [ 14.225955010000121, 46.217681884000058 ], [ 14.225879669000165, 46.203460693000125 ], [ 14.195206642000073, 46.20342636100014 ], [ 14.195186616000171, 46.199871062000057 ], [ 14.184962272000121, 46.199859619000051 ], [ 14.184926033000067, 46.192749024000136 ], [ 14.179812431000073, 46.19274520800019 ], [ 14.174701691000166, 46.192737580000085 ], [ 14.169587136000189, 46.192733765000014 ], [ 14.154232979000142, 46.189163208000082 ], [ 14.154193878, 46.18204879700005 ], [ 14.154175759000054, 46.178493500000116 ], [ 14.149064065000061, 46.178489685000102 ], [ 14.143952370000136, 46.178485870000031 ], [ 14.118371009000157, 46.174903870000151 ], [ 14.118350028000123, 46.171344757999975 ], [ 14.113240240999971, 46.171340943000132 ], [ 14.108125686000051, 46.171337128000062 ], [ 14.103015899000127, 46.171329498000148 ], [ 14.097902297000132, 46.17132568400018 ], [ 14.087677003000181, 46.171314239000026 ], [ 14.082565308000085, 46.171310424000183 ], [ 14.082547188000035, 46.167755127000078 ], [ 14.082508088000168, 46.160640716000046 ], [ 14.072263718000045, 46.157077789000027 ], [ 14.067153931000121, 46.157070159000114 ], [ 14.067190171000107, 46.164180755000132 ], [ 14.067211151000038, 46.167736054000045 ], [ 14.062095641999974, 46.167732239000145 ], [ 14.051872253000113, 46.167720796000026 ], [ 14.051893234000147, 46.171276092000028 ], [ 14.046780587000171, 46.171272277000128 ], [ 14.031443596000145, 46.171253204000038 ], [ 14.016105652000078, 46.171237946000019 ], [ 14.011013986000137, 46.174789429000157 ], [ 14.005882263, 46.171226502000138 ], [ 13.990545272000134, 46.17121124200014 ], [ 13.985471726000128, 46.178318025000124 ], [ 13.980360032000135, 46.178310394000107 ], [ 13.980378150000035, 46.181869506000055 ], [ 13.980396271000188, 46.185424805000139 ], [ 13.980417252000052, 46.188980102000073 ], [ 13.980435371000056, 46.192535401000157 ], [ 13.985548973, 46.192539216 ], [ 13.985625266, 46.206760407000104 ], [ 14.000979423000047, 46.210334778000174 ], [ 14.001017570000101, 46.217445373000089 ], [ 14.001035691000084, 46.221000672000173 ], [ 14.001074790000075, 46.228111268000191 ], [ 13.996001245000116, 46.235218049000139 ], [ 13.996020317999978, 46.238773345000141 ] ] ] ] } },
{ "type": "Feature", "properties": { "fid": 16, "GID_2": "SVN.1.16_1", "GID_0": "SVN", "COUNTRY": "Slovenia", "GID_1": "SVN.1_1", "NAME_1": "Gorenjska", "NL_NAME_1": "NA", "NAME_2": "Žiri", "VARNAME_2": "NA", "NL_NAME_2": "NA", "TYPE_2": "Opcine", "ENGTYPE_2": "Commune|Municipality", "CC_2": "NA", "HASC_2": "SI.GO.ZI" }, "geometry": { "type": "MultiPolygon", "coordinates": [ [ [ [ 14.020742417000122, 46.082355500000176 ], [ 14.041208268000162, 46.085933686000089 ], [ 14.046301842000105, 46.082382202000076 ], [ 14.061637878000113, 46.082401275000166 ], [ 14.061619759000166, 46.078845978000061 ], [ 14.076955796000107, 46.078861237000183 ], [ 14.076937675000124, 46.075305938000042 ], [ 14.097387313000183, 46.075325013000111 ], [ 14.102499008000052, 46.075332642000149 ], [ 14.112723351000056, 46.075344087000133 ], [ 14.122946739000042, 46.075351715000011 ], [ 14.122928620000039, 46.071796418000133 ], [ 14.128041267000185, 46.071804046000068 ], [ 14.133152962000111, 46.071807861000082 ], [ 14.13820838900017, 46.061145782000153 ], [ 14.143320083000162, 46.061153412000067 ], [ 14.14330005700009, 46.057598115000133 ], [ 14.148413659000028, 46.057601928 ], [ 14.15348720500009, 46.050495148000152 ], [ 14.153469086000086, 46.046939851000047 ], [ 14.158580780000079, 46.046947479000153 ], [ 14.163655281000104, 46.039840698000035 ], [ 14.178991317000168, 46.039855957000157 ], [ 14.178973199000097, 46.036300660000052 ], [ 14.178952218000063, 46.032745361000138 ], [ 14.168727874000183, 46.032733918000133 ], [ 14.168709755000179, 46.029178619000049 ], [ 14.168691635000073, 46.025623322000172 ], [ 14.168670654000039, 46.022068023000088 ], [ 14.163558959000113, 46.02206421 ], [ 14.158447267000156, 46.022056580000083 ], [ 14.148222923000105, 46.022048950000169 ], [ 14.137942314000043, 46.011371612000119 ], [ 14.1328086850001, 46.0078086850001 ], [ 14.127695083000162, 46.007804870000029 ], [ 14.122585296000068, 46.007797242000152 ], [ 14.117472649000092, 46.007793427000081 ], [ 14.11236, 46.00778961200001 ], [ 14.107248304999985, 46.007781983000029 ], [ 14.107267379000177, 46.011337280000134 ], [ 14.102156639000043, 46.011333465000064 ], [ 14.097042084000122, 46.011325837000129 ], [ 14.097063065000157, 46.014881134000063 ], [ 14.09708118400016, 46.018436433000147 ], [ 14.097099305000143, 46.021995545000095 ], [ 14.091990470000098, 46.021987914000078 ], [ 14.092007636000119, 46.025543213 ], [ 14.092025757000101, 46.029098510000097 ], [ 14.092064858000072, 46.036209106000115 ], [ 14.081841469000153, 46.03620147800018 ], [ 14.076727866999988, 46.036193848000096 ], [ 14.07167339300014, 46.046855927000024 ], [ 14.071692467000105, 46.050411224000129 ], [ 14.06657886500011, 46.050407411000094 ], [ 14.066599845999974, 46.053962707999972 ], [ 14.056373596000128, 46.053951264000091 ], [ 14.05130004900019, 46.061054230000195 ], [ 14.046188354000094, 46.061050415000125 ], [ 14.046206475000076, 46.064605714000038 ], [ 14.03600311200006, 46.068149567000091 ], [ 14.03089141900017, 46.068145752000021 ], [ 14.025775910000107, 46.068138122000107 ], [ 14.025796891000027, 46.071697236000091 ], [ 14.020685196000102, 46.071689606000177 ], [ 14.020703315000105, 46.075244905000091 ], [ 14.020723343000157, 46.078800201000092 ], [ 14.020742417000122, 46.082355500000176 ] ] ] ] } },
{ "type": "Feature", "properties": { "fid": 17, "GID_2": "SVN.1.17_1", "GID_0": "SVN", "COUNTRY": "Slovenia", "GID_1": "SVN.1_1", "NAME_1": "Gorenjska", "NL_NAME_1": "NA", "NAME_2": "Žirovnica", "VARNAME_2": "NA", "NL_NAME_2": "NA", "TYPE_2": "Opcine", "ENGTYPE_2": "Commune|Municipality", "CC_2": "NA", "HASC_2": "SI.GO.ZV" }, "geometry": { "type": "MultiPolygon", "coordinates": [ [ [ [ 14.191883618000077, 46.444294583000158 ], [ 14.192692306000026, 46.44346068599998 ], [ 14.192772338000111, 46.44331086700015 ], [ 14.193003071000078, 46.442878937000103 ], [ 14.193106921000151, 46.442869879000057 ], [ 14.193240336000088, 46.442779445000042 ], [ 14.19326795700016, 46.442782143999978 ], [ 14.19333025300017, 46.442782511000132 ], [ 14.193386743000019, 46.442793523000148 ], [ 14.193428550000021, 46.442807702000152 ], [ 14.19346299800003, 46.442802522000079 ], [ 14.193484099999978, 46.442795345000093 ], [ 14.193509503000087, 46.442789406000088 ], [ 14.193525443000112, 46.442788340000163 ], [ 14.1935958790001, 46.442788998000026 ], [ 14.193609043000151, 46.44277872400005 ], [ 14.193658085000095, 46.44277373000017 ], [ 14.193729358000041, 46.442763126000045 ], [ 14.19375324400005, 46.442731087000141 ], [ 14.193849428000021, 46.442712244000063 ], [ 14.193894205999982, 46.442672059000017 ], [ 14.193954101000088, 46.442668756000046 ], [ 14.193966056000079, 46.442645202000051 ], [ 14.194029803000149, 46.442621951000149 ], [ 14.194092847000036, 46.442633415000046 ], [ 14.194123660000173, 46.442607379000037 ], [ 14.194167142000026, 46.442599044000133 ], [ 14.194176290000087, 46.442598428000053 ], [ 14.194215728000131, 46.442595773000107 ], [ 14.194279270000095, 46.442601674000173 ], [ 14.194346733000032, 46.44251193700012 ], [ 14.194359824000173, 46.442494523000107 ], [ 14.194392250000021, 46.442488839000134 ], [ 14.194481349000171, 46.442473221000114 ], [ 14.194521683000119, 46.442469120000055 ], [ 14.194576634000157, 46.442469111000094 ], [ 14.194602477999979, 46.442480451000165 ], [ 14.194626353000103, 46.442482485000141 ], [ 14.1946776690001, 46.442461629000036 ], [ 14.194691343000159, 46.442461346000073 ], [ 14.194751598999972, 46.442461901000058 ], [ 14.194814475000044, 46.442462786000021 ], [ 14.194824019000123, 46.442488626000056 ], [ 14.194914822999976, 46.442495850000114 ], [ 14.19505650800005, 46.442495133000136 ], [ 14.195235819000061, 46.442473817000177 ], [ 14.195300371000087, 46.442475346000037 ], [ 14.195299943000066, 46.442496061000043 ], [ 14.195318382999972, 46.442499205000104 ], [ 14.195346763000032, 46.442480682000109 ], [ 14.195380588000091, 46.442483936000031 ], [ 14.195527535000053, 46.442559340000059 ], [ 14.195582212000033, 46.442535400000168 ], [ 14.195644642000047, 46.44250807300017 ], [ 14.195622891000141, 46.442449225000075 ], [ 14.195620363000103, 46.442369045000191 ], [ 14.195716807999986, 46.442260361000081 ], [ 14.195733841000049, 46.442218963000187 ], [ 14.195723301999976, 46.442196018000175 ], [ 14.195723153000074, 46.442172564000032 ], [ 14.19573435, 46.44215299200016 ], [ 14.19579746800008, 46.442085128000031 ], [ 14.195756522000067, 46.44206360000004 ], [ 14.195764006000161, 46.44199766700018 ], [ 14.196074442999986, 46.441818083000101 ], [ 14.196192211000152, 46.441575445000069 ], [ 14.196209568000086, 46.441539683000144 ], [ 14.196334586000148, 46.441499152000063 ], [ 14.196356654000169, 46.441491997000071 ], [ 14.196563582000067, 46.441424908000158 ], [ 14.196971471000154, 46.441494345000137 ], [ 14.197181497000145, 46.441530097000054 ], [ 14.197428335000097, 46.441493683000033 ], [ 14.198060316000124, 46.441640417000144 ], [ 14.198214170000028, 46.441534617000059 ], [ 14.198435097000129, 46.441530428000192 ], [ 14.198462121000034, 46.441483078000147 ], [ 14.198514118000162, 46.441391994000071 ], [ 14.198553607000122, 46.441403581000088 ], [ 14.198576658000036, 46.441412754 ], [ 14.198603061000142, 46.441413301000182 ], [ 14.198616978000132, 46.441400465000186 ], [ 14.198631030000058, 46.441360745000054 ], [ 14.198667662999981, 46.44135553600006 ], [ 14.198728935000076, 46.441334056000073 ], [ 14.198749852000105, 46.441266797000139 ], [ 14.19875929900013, 46.441259321000189 ], [ 14.198804247999988, 46.441259034000097 ], [ 14.198835768000151, 46.441253938000045 ], [ 14.199018002000116, 46.441203875000042 ], [ 14.199119255000028, 46.441151969000032 ], [ 14.199145545000079, 46.441125670000076 ], [ 14.199212983000166, 46.441102378000096 ], [ 14.199272029999975, 46.441094950000036 ], [ 14.199271393, 46.441105679000088 ], [ 14.1992714000001, 46.441116745000159 ], [ 14.199283888000082, 46.441124595000076 ], [ 14.199302442000032, 46.441125912000075 ], [ 14.199338777000094, 46.44112744500012 ], [ 14.199360373000104, 46.441126886000177 ], [ 14.199419914000146, 46.441152203000058 ], [ 14.199446965000163, 46.441164135000122 ], [ 14.199465686000053, 46.44115793800006 ], [ 14.19950884300016, 46.441162056000053 ], [ 14.199544424000123, 46.441184900000167 ], [ 14.19957980300012, 46.441198388000032 ], [ 14.199705903000108, 46.44121394299998 ], [ 14.199728135000157, 46.441202654000051 ], [ 14.199833377000175, 46.441139678000184 ], [ 14.199834967000129, 46.441122527000061 ], [ 14.199816571000042, 46.441116448 ], [ 14.199786629000016, 46.4411044040001 ], [ 14.19977126200007, 46.44109644100007 ], [ 14.199782467000034, 46.44108980600015 ], [ 14.199809338000023, 46.441087137000181 ], [ 14.199846787000013, 46.441085801000042 ], [ 14.199880856999982, 46.441062671999987 ], [ 14.199925648000089, 46.441049934000034 ], [ 14.199939081000025, 46.441032009000025 ], [ 14.19999618900016, 46.44101805400004 ], [ 14.200043722999965, 46.441024010000035 ], [ 14.2000754, 46.441014152000093 ], [ 14.200106575, 46.440988148000088 ], [ 14.200138868000124, 46.440939913000079 ], [ 14.200239793000037, 46.440878156 ], [ 14.200303325000164, 46.440878574000067 ], [ 14.200323983999965, 46.440901018000147 ], [ 14.200428470000134, 46.440914369000097 ], [ 14.200436177000142, 46.44094323700017 ], [ 14.200569017000078, 46.440985785000123 ], [ 14.200761370000123, 46.441014925000047 ], [ 14.200828105000028, 46.441025296000134 ], [ 14.200861713000165, 46.441024735000155 ], [ 14.200896583000031, 46.441011001999982 ], [ 14.200974167000027, 46.441030117000082 ], [ 14.201067966000096, 46.441024440000035 ], [ 14.201193581000098, 46.441034903000116 ], [ 14.201319037000189, 46.441041833000156 ], [ 14.201359363000108, 46.441040600000122 ], [ 14.201388793000092, 46.441030966000028 ], [ 14.201442524000186, 46.440981389000115 ], [ 14.201444756000171, 46.440964574000077 ], [ 14.201463615000023, 46.440942559000121 ], [ 14.201483142000143, 46.440948529000082 ], [ 14.201518036000039, 46.440948624000157 ], [ 14.201551650000113, 46.440981244 ], [ 14.201572635, 46.441013537000117 ], [ 14.201712173000033, 46.441013935000171 ], [ 14.201733461000174, 46.441028412000037 ], [ 14.201759230999983, 46.441034155000068 ], [ 14.201777948000029, 46.441033491000155 ], [ 14.201808189000133, 46.441024956000092 ], [ 14.20183010500017, 46.441009351000105 ], [ 14.201888033000159, 46.441015866000043 ], [ 14.201956365000115, 46.441028447000122 ], [ 14.201989959000059, 46.441019590000167 ], [ 14.202059890999976, 46.441028857000163 ], [ 14.202176503000032, 46.440982131000169 ], [ 14.202198596000187, 46.440986660000135 ], [ 14.20221667300018, 46.440980125000181 ], [ 14.202215055000067, 46.440958562000105 ], [ 14.20224255100004, 46.44092304000003 ], [ 14.202299656000037, 46.440900788000135 ], [ 14.202411494000046, 46.440886145000036 ], [ 14.202444441000011, 46.440860361000034 ], [ 14.202664078000169, 46.440778537000028 ], [ 14.202680730000111, 46.440787155000066 ], [ 14.202708534000124, 46.440744891000122 ], [ 14.202732992, 46.440714025000034 ], [ 14.202812837000124, 46.440713220000077 ], [ 14.202844207000055, 46.440718408000123 ], [ 14.20285026200014, 46.440684226000144 ], [ 14.202852569000015, 46.440683174000071 ], [ 14.202978708999979, 46.440625658999977 ], [ 14.203006208000033, 46.440592908000042 ], [ 14.203002733, 46.440536423000083 ], [ 14.203075747000014, 46.440503838000154 ], [ 14.203109174000019, 46.440488667000011 ], [ 14.203140060000123, 46.44048877400013 ], [ 14.203192387000115, 46.440495835000092 ], [ 14.203213998000024, 46.440503570000089 ], [ 14.203231738000056, 46.440481662000082 ], [ 14.203279087000169, 46.440456424000104 ], [ 14.203302779000182, 46.440471458000104 ], [ 14.203347134000182, 46.440517231000115 ], [ 14.203462341000034, 46.440513323000118 ], [ 14.203485707000027, 46.440518516000111 ], [ 14.203525653000156, 46.440478733000077 ], [ 14.203683388000115, 46.440445818000114 ], [ 14.203764861000025, 46.440428814000143 ], [ 14.203791724000041, 46.44040679200009 ], [ 14.203790590000096, 46.440390309000065 ], [ 14.203919841000072, 46.440343907000113 ], [ 14.203937901000131, 46.440320782000072 ], [ 14.203961584000069, 46.440316463000158 ], [ 14.203984633000118, 46.440317340000149 ], [ 14.204002384000034, 46.440314785000055 ], [ 14.204005414000108, 46.440299080000045 ], [ 14.204016128000148, 46.440284585000029 ], [ 14.204033559000038, 46.440283247000082 ], [ 14.204052128000058, 46.440292866999982 ], [ 14.204084133000151, 46.440287324000167 ], [ 14.204077717000132, 46.44027017999997 ], [ 14.204101392000098, 46.440268623000122 ], [ 14.204153938000161, 46.44026242800004 ], [ 14.204165713000179, 46.440250796000157 ], [ 14.204211936000149, 46.440228428000069 ], [ 14.204299613000046, 46.440218556000161 ], [ 14.204282961999979, 46.440196099000161 ], [ 14.204293344000121, 46.440182822000054 ], [ 14.20432230800003, 46.440179165000188 ], [ 14.20434935500009, 46.440188333000037 ], [ 14.204387452000105, 46.440212219000102 ], [ 14.204403131000106, 46.440207898000153 ], [ 14.204509619000191, 46.440106859000082 ], [ 14.204538651000121, 46.440091072000087 ], [ 14.204560341000104, 46.440092356000036 ], [ 14.20460899800014, 46.440123089000167 ], [ 14.204673324000169, 46.440116318000037 ], [ 14.204849339000077, 46.440127312000072 ], [ 14.204908362000026, 46.440100519000055 ], [ 14.20500618300008, 46.440135015000067 ], [ 14.205075120000174, 46.440135740000073 ], [ 14.205185718000109, 46.440175744000157 ], [ 14.205196009000133, 46.440239122000094 ], [ 14.205302402000143, 46.440306761000102 ], [ 14.20539688100007, 46.440312059000178 ], [ 14.20542262500004, 46.440290143000141 ], [ 14.205415715000186, 46.440248558000178 ], [ 14.205449933000182, 46.440223429000127 ], [ 14.205513458000041, 46.440221082 ], [ 14.205641131, 46.440197364000028 ], [ 14.205706189000068, 46.440164676000165 ], [ 14.205746105000173, 46.440014695000059 ], [ 14.205818200000181, 46.439921412000103 ], [ 14.20592614800006, 46.439855747000081 ], [ 14.206012699000041, 46.43982588199998 ], [ 14.206339989000128, 46.439862665000135 ], [ 14.206430360000013, 46.439880474000063 ], [ 14.206635670000139, 46.43990041800015 ], [ 14.206746241000133, 46.439904468000123 ], [ 14.206818666, 46.439895449000176 ], [ 14.206944670000155, 46.439913236000109 ], [ 14.207018584000025, 46.439908677000176 ], [ 14.207060489000014, 46.439893061000134 ], [ 14.207093950000058, 46.439911079000012 ], [ 14.207154435000177, 46.439910607000172 ], [ 14.207212814000115, 46.439883485000053 ], [ 14.207323242000029, 46.43990059000015 ], [ 14.207394261000104, 46.43987931800018 ], [ 14.207419369000093, 46.439854312000023 ], [ 14.207493588999967, 46.439834707000102 ], [ 14.207551151000132, 46.439783325000121 ], [ 14.207595449000053, 46.439755465000133 ], [ 14.207687089, 46.439701330000162 ], [ 14.207778624000014, 46.439707270000156 ], [ 14.207884758000091, 46.439764301000139 ], [ 14.208005246000141, 46.439761050000129 ], [ 14.208032270000047, 46.439737037000043 ], [ 14.208090488000096, 46.439720199000021 ], [ 14.208123937000096, 46.439724387000012 ], [ 14.208235397000067, 46.439739315000054 ], [ 14.208266817000037, 46.439693909000027 ], [ 14.208452083000054, 46.439678015000084 ], [ 14.208499287000052, 46.439679661000071 ], [ 14.208622990000094, 46.439705714000183 ], [ 14.208635808000111, 46.439717870000095 ], [ 14.208632470000168, 46.439745859000027 ], [ 14.208741947000078, 46.439783204000037 ], [ 14.208824189000154, 46.439780182000106 ], [ 14.20885889200008, 46.439754617000062 ], [ 14.208946235000099, 46.439737663000074 ], [ 14.20906083400007, 46.439766592000069 ], [ 14.209115900000029, 46.439795106000133 ], [ 14.209139261000075, 46.439797536000128 ], [ 14.20918870800017, 46.439796186000194 ], [ 14.209278645999973, 46.439845503000129 ], [ 14.209319973000106, 46.439866923000125 ], [ 14.209359020000079, 46.439876089000165 ], [ 14.209366103000036, 46.439918456000044 ], [ 14.20936757000004, 46.439947551000046 ], [ 14.209400284000083, 46.440030829000193 ], [ 14.209413414000096, 46.440044539000041 ], [ 14.20942222400015, 46.4400567080001 ], [ 14.209493151000061, 46.440109328000176 ], [ 14.209534755000107, 46.440111520000187 ], [ 14.209561411000038, 46.440159585000174 ], [ 14.209767292000095, 46.440152465000097 ], [ 14.209775622000052, 46.440162307000037 ], [ 14.209774197000058, 46.440182993000121 ], [ 14.209850212000049, 46.440188493000051 ], [ 14.209905241000058, 46.440183824000144 ], [ 14.209921862999977, 46.440162023000028 ], [ 14.209931273000052, 46.440124739000112 ], [ 14.209967278000136, 46.440121962000148 ], [ 14.210000249000075, 46.440137652000033 ], [ 14.209991157000047, 46.440159891000178 ], [ 14.210159844000088, 46.440201639000065 ], [ 14.210251369000105, 46.440202044000046 ], [ 14.210316712000065, 46.440220464000163 ], [ 14.210397441000111, 46.440187159000118 ], [ 14.210441259000163, 46.440158705999977 ], [ 14.210510348000128, 46.440122620000011 ], [ 14.210578497000142, 46.440106775000061 ], [ 14.210619310000084, 46.440105093999989 ], [ 14.210676920000026, 46.440112813000042 ], [ 14.210730217999981, 46.440130047000025 ], [ 14.210840733000168, 46.440078779000032 ], [ 14.210860548000142, 46.440047578000019 ], [ 14.21092421600008, 46.440032181000106 ], [ 14.210985467000057, 46.439996866000115 ], [ 14.211051698000119, 46.439971724000145 ], [ 14.211104959000181, 46.439950244000158 ], [ 14.211147198000049, 46.439941705000081 ], [ 14.211198181999976, 46.439936410000087 ], [ 14.211227514000143, 46.43993216299998 ], [ 14.211286226000027, 46.43992594600013 ], [ 14.211467523000181, 46.439923762000092 ], [ 14.211553692000109, 46.439949696000099 ], [ 14.211626904000127, 46.439942719000157 ], [ 14.211660034000033, 46.439948123000079 ], [ 14.211678604000156, 46.439957742000047 ], [ 14.211772372000098, 46.440017600000033 ], [ 14.211810905000164, 46.440033589000052 ], [ 14.211821124000039, 46.440037828000129 ], [ 14.211835144000133, 46.440040447000058 ], [ 14.211857494000185, 46.440031782000176 ], [ 14.211878005000017, 46.440043105000143 ], [ 14.211892404000082, 46.44005308900006 ], [ 14.21189800999997, 46.440072408000162 ], [ 14.211891358000173, 46.440095707000012 ], [ 14.211887406000187, 46.44011623300014 ], [ 14.211916072000065, 46.440133755000147 ], [ 14.211961565000024, 46.440139056000135 ], [ 14.212013323, 46.44014149200018 ], [ 14.212026355000035, 46.440166782000119 ], [ 14.212066195000148, 46.440187232000028 ], [ 14.212110638000183, 46.440192802000183 ], [ 14.212141885, 46.440204834000099 ], [ 14.21220352500012, 46.440205818000152 ], [ 14.21222776400009, 46.440206207000131 ], [ 14.212257313000123, 46.440191953000181 ], [ 14.212342091000039, 46.440183141000148 ], [ 14.212447815000075, 46.440198911000039 ], [ 14.212489624000114, 46.440180667000106 ], [ 14.212534322000067, 46.440163337000115 ], [ 14.212623199000063, 46.440195645000131 ], [ 14.212640327000031, 46.440238556000054 ], [ 14.212688595000145, 46.44026348500006 ], [ 14.212757586000066, 46.440292591000173 ], [ 14.212849211000105, 46.440313011000057 ], [ 14.212908581000022, 46.440303945000039 ], [ 14.212998412000104, 46.440326881000146 ], [ 14.213049403000127, 46.440321206000135 ], [ 14.21305501900008, 46.440312706000157 ], [ 14.213080767000065, 46.440293614000154 ], [ 14.213114835000056, 46.440284427 ], [ 14.213168384000141, 46.440259003000051 ], [ 14.213214705000155, 46.440273636000086 ], [ 14.213270027000078, 46.440275991000192 ], [ 14.213284496000142, 46.440280558000154 ], [ 14.213338822000026, 46.440317090000121 ], [ 14.213377840000021, 46.440365690000078 ], [ 14.213303808000148, 46.440506812000194 ], [ 14.213292023000122, 46.440548461 ], [ 14.213283247000106, 46.440578947000063 ], [ 14.213333783000053, 46.440613665000058 ], [ 14.213396425000099, 46.440725386000167 ], [ 14.213427039000123, 46.44073202400017 ], [ 14.213425554000082, 46.440744865000113 ], [ 14.21339799000009, 46.440777287000117 ], [ 14.213429132000044, 46.440987219000078 ], [ 14.213533970000185, 46.441014997000082 ], [ 14.213682412000026, 46.441084265000086 ], [ 14.213718643999982, 46.441112390000058 ], [ 14.213706387000116, 46.441220063000173 ], [ 14.21370894000006, 46.441249293000112 ], [ 14.213738930999966, 46.441285986000025 ], [ 14.213731313999972, 46.441325308000046 ], [ 14.213740944000051, 46.441339846 ], [ 14.213763474000132, 46.441341517000069 ], [ 14.213797305000014, 46.441366042000084 ], [ 14.213828383000134, 46.441388566000171 ], [ 14.213835153000161, 46.44142102100011 ], [ 14.213887063000186, 46.441456223000159 ], [ 14.214036443999987, 46.441625523000141 ], [ 14.214095177000161, 46.441680222000116 ], [ 14.214111905000095, 46.441699950000157 ], [ 14.214125903000024, 46.441724531000148 ], [ 14.214139443000079, 46.441747477000092 ], [ 14.214148482000041, 46.441777755000089 ], [ 14.214154484000176, 46.441811789000099 ], [ 14.214140235000173, 46.441849021000166 ], [ 14.214106860000129, 46.441887605000147 ], [ 14.214073976000066, 46.441925017000017 ], [ 14.214066974000048, 46.44195007400009 ], [ 14.214081433999979, 46.442122842000174 ], [ 14.214079772000048, 46.442137655000067 ], [ 14.214054840000131, 46.442186377000155 ], [ 14.214075708000053, 46.442230285000051 ], [ 14.21413227100004, 46.442265054000188 ], [ 14.214178425000114, 46.44227646700017 ], [ 14.214206248000039, 46.442298124999979 ], [ 14.21429438500013, 46.442308575000141 ], [ 14.214373808, 46.442325777000178 ], [ 14.214470872000049, 46.442336195000109 ], [ 14.21448851800011, 46.442338398000061 ], [ 14.214541065000105, 46.442361332000189 ], [ 14.214594466000165, 46.442360570000119 ], [ 14.214622468000186, 46.442344024000136 ], [ 14.214685412000051, 46.442381336000039 ], [ 14.214722459000029, 46.44242200500014 ], [ 14.214758561000167, 46.442500991000088 ], [ 14.214809592000051, 46.442566241000179 ], [ 14.214898205000168, 46.442614259000038 ], [ 14.214928958000144, 46.442619816000047 ], [ 14.214956830000119, 46.44264279600003 ], [ 14.21499370000015, 46.442624878000117 ], [ 14.215021996000189, 46.442627385000094 ], [ 14.215066044000082, 46.442635319000033 ], [ 14.215067263000094, 46.442635539000037 ], [ 14.215070338000089, 46.442634805000125 ], [ 14.215154999000106, 46.442614601000059 ], [ 14.215189593000105, 46.442620528000134 ], [ 14.215214644000127, 46.442624820000106 ], [ 14.215268150000156, 46.44261843400011 ], [ 14.215367588, 46.442634680000026 ], [ 14.215425442000026, 46.442641243000139 ], [ 14.215436631000102, 46.442655516000173 ], [ 14.215434716000061, 46.442824793000057 ], [ 14.215475767000157, 46.442907070000047 ], [ 14.215516686000115, 46.442923093000047 ], [ 14.21553185900018, 46.44295201 ], [ 14.215550336000035, 46.443016997000143 ], [ 14.215526164000153, 46.443038668999975 ], [ 14.215544835, 46.443076960000042 ], [ 14.215553870000122, 46.443382684000142 ], [ 14.215589432000058, 46.44339097500017 ], [ 14.21571080200016, 46.443344324000122 ], [ 14.215743260000181, 46.443323263000082 ], [ 14.21577995500013, 46.44334769500017 ], [ 14.215923964000012, 46.44338281600011 ], [ 14.216013021000037, 46.443446026000061 ], [ 14.216073414000164, 46.443467944000076 ], [ 14.216142147000085, 46.443514603000096 ], [ 14.216250427000148, 46.443491554000047 ], [ 14.216266067, 46.443474366000089 ], [ 14.216311395000048, 46.443479711000066 ], [ 14.216364748000103, 46.443463788000088 ], [ 14.216416003000177, 46.44348801700005 ], [ 14.216461133000166, 46.443495631000133 ], [ 14.216483418000166, 46.443511833000059 ], [ 14.216599946000031, 46.443528145000187 ], [ 14.216649976000042, 46.443520803000069 ], [ 14.216675413000132, 46.443500930000141 ], [ 14.216833209000015, 46.443438873000048 ], [ 14.216909033000093, 46.443445872000041 ], [ 14.216975525000066, 46.443421507000039 ], [ 14.216992980000043, 46.443399032000059 ], [ 14.217090712000129, 46.443370044000119 ], [ 14.217132898000045, 46.443384780000144 ], [ 14.217228927000122, 46.44338241700018 ], [ 14.217231807000132, 46.443360137000127 ], [ 14.21724370700008, 46.443332198 ], [ 14.21729152000006, 46.443319809000172 ], [ 14.217327456000191, 46.443296607000036 ], [ 14.217381808000027, 46.443230589000052 ], [ 14.217445419000057, 46.443228496000131 ], [ 14.217449078000129, 46.443206118000091 ], [ 14.217441147000045, 46.443147060000172 ], [ 14.217579361000162, 46.443075760000113 ], [ 14.217633579, 46.443036140000061 ], [ 14.217689435000182, 46.44302046700011 ], [ 14.217801454000153, 46.442933472000107 ], [ 14.217840827000089, 46.442919932000052 ], [ 14.21795408800017, 46.442908008000131 ], [ 14.21799727399997, 46.442909716000088 ], [ 14.21805195900015, 46.442916644000093 ], [ 14.218191655000169, 46.442943427000102 ], [ 14.218278506000161, 46.443002901000057 ], [ 14.218479151000167, 46.443086586000163 ], [ 14.218569847000026, 46.443267734000187 ], [ 14.218580061000182, 46.443284380000136 ], [ 14.218567916000154, 46.443308415000104 ], [ 14.21855415400006, 46.443335477000062 ], [ 14.21861435500017, 46.443368652 ], [ 14.218628672000023, 46.443373534000102 ], [ 14.218658227000049, 46.443338802000028 ], [ 14.218668423, 46.443337481000185 ], [ 14.218753544000037, 46.44336966100019 ], [ 14.218870028000083, 46.443353384000034 ], [ 14.21892388200007, 46.443371680000098 ], [ 14.218965070000138, 46.443352846000153 ], [ 14.218999508000138, 46.443380947000094 ], [ 14.219013930000074, 46.443380196000078 ], [ 14.219056203000093, 46.443371331000151 ], [ 14.2191024440001, 46.443359150000106 ], [ 14.219130342000142, 46.443348219000029 ], [ 14.219149971000036, 46.443363641000076 ], [ 14.219252781000023, 46.443386228000065 ], [ 14.219302123000034, 46.443385431000081 ], [ 14.219329681000033, 46.443367250999984 ], [ 14.219355188000065, 46.443386397000154 ], [ 14.219446185000038, 46.443338637000124 ], [ 14.219467916000156, 46.443331883000099 ], [ 14.219433527999968, 46.44331894200019 ], [ 14.21943831700014, 46.443303718000152 ], [ 14.219537243000104, 46.443297040000118 ], [ 14.219584212000029, 46.443269594000185 ], [ 14.219675186000075, 46.443260585000075 ], [ 14.219706877000135, 46.443284541000082 ], [ 14.219775262000041, 46.443250191000061 ], [ 14.219790090000174, 46.443243967000114 ], [ 14.2198191600001, 46.443228402000159 ], [ 14.219865932000062, 46.443203226000037 ], [ 14.219922076999978, 46.443188629000133 ], [ 14.219943348000072, 46.443236977000083 ], [ 14.219930652000073, 46.443247042999985 ], [ 14.219897950000018, 46.443264212000088 ], [ 14.219889352000052, 46.443310254000153 ], [ 14.219913089000158, 46.443322890000161 ], [ 14.219937705000063, 46.443386525000165 ], [ 14.219972293000069, 46.443406177000043 ], [ 14.219983303999982, 46.443440685000041 ], [ 14.219972621000068, 46.443443197000079 ], [ 14.219929907000108, 46.443459417000156 ], [ 14.21990039800005, 46.443491333000168 ], [ 14.2198964480001, 46.44351262400005 ], [ 14.219871239000042, 46.443521511000142 ], [ 14.219863303000125, 46.443528158000106 ], [ 14.219872524999971, 46.44353819100013 ], [ 14.219920543000057, 46.443550486000163 ], [ 14.219987899000103, 46.443577117000132 ], [ 14.219988315000137, 46.443599525000195 ], [ 14.220002857000111, 46.4436006090001 ], [ 14.220075832000191, 46.443606036000119 ], [ 14.220108579000168, 46.443599619000054 ], [ 14.220121168000048, 46.443586188000097 ], [ 14.220160050000061, 46.44356485100019 ], [ 14.220179953000184, 46.443563392000158 ], [ 14.220200066000189, 46.443559655000115 ], [ 14.220217371999979, 46.443554600000141 ], [ 14.220223947000079, 46.443545884000116 ], [ 14.220207446000074, 46.443530052000085 ], [ 14.220187101000079, 46.443529895000154 ], [ 14.220183710000072, 46.443517414000098 ], [ 14.220196206000026, 46.443500629000027 ], [ 14.220219737000093, 46.443488587000104 ], [ 14.220244643000058, 46.443478614000071 ], [ 14.220273332000033, 46.443467586000054 ], [ 14.220274491, 46.443453956000155 ], [ 14.220273845000122, 46.443436632000157 ], [ 14.220249025000044, 46.44342300500017 ], [ 14.220248276000063, 46.443411315000105 ], [ 14.220255365000014, 46.443380625000032 ], [ 14.220245148000174, 46.443354999000064 ], [ 14.22027609700018, 46.443306769000174 ], [ 14.22036809500014, 46.443269383000086 ], [ 14.220327279000117, 46.443247738000139 ], [ 14.220314158, 46.443208441000195 ], [ 14.220321071000171, 46.443198005000056 ], [ 14.220309393000093, 46.443193903000065 ], [ 14.220334188000095, 46.443162599000118 ], [ 14.220361745000162, 46.443144417000042 ], [ 14.220373616000131, 46.443071557000053 ], [ 14.220468870000047, 46.443021550000083 ], [ 14.220462531000123, 46.442998234000129 ], [ 14.220440998000015, 46.443002710000144 ], [ 14.220380904000024, 46.442972892000171 ], [ 14.220379619000028, 46.442956213000116 ], [ 14.220413495000173, 46.442934402000162 ], [ 14.220462039999973, 46.442924731000176 ], [ 14.220483242000171, 46.442862145000106 ], [ 14.220610529000112, 46.442819510000049 ], [ 14.220646912, 46.442815908000114 ], [ 14.220693500000152, 46.442793008000194 ], [ 14.220974924000132, 46.442725551000194 ], [ 14.221044719000133, 46.442737263000083 ], [ 14.22107776100006, 46.442727352000077 ], [ 14.22109559400019, 46.442700322000178 ], [ 14.221212379000178, 46.442711543000087 ], [ 14.221265706000054, 46.442659684000148 ], [ 14.221302081000147, 46.442629126000099 ], [ 14.221366186000012, 46.4426438160001 ], [ 14.221389441000099, 46.442639676000113 ], [ 14.221514900000045, 46.442570368000077 ], [ 14.22168896800008, 46.442519325000035 ], [ 14.221745242000111, 46.442478311000173 ], [ 14.221829038000124, 46.442448888000115 ], [ 14.221832161000123, 46.442430518000037 ], [ 14.221918365000136, 46.442397971999981 ], [ 14.22194023600008, 46.442400744000054 ], [ 14.221951224000122, 46.442399318000128 ], [ 14.22197292900006, 46.442356629000074 ], [ 14.221993960000077, 46.442353335000121 ], [ 14.222043503, 46.44236823600005 ], [ 14.222065171000054, 46.442355309000106 ], [ 14.22213041700013, 46.442300172000103 ], [ 14.222161883000069, 46.44234948400009 ], [ 14.222215191000032, 46.442345362000083 ], [ 14.222264994000113, 46.442307439000047 ], [ 14.222293045000072, 46.442306043000144 ], [ 14.222438437, 46.442338814000095 ], [ 14.222525963000123, 46.442333266000162 ], [ 14.222567399000013, 46.442296217000035 ], [ 14.22258133400004, 46.442239932000064 ], [ 14.222563672000149, 46.442228750000027 ], [ 14.222557287000086, 46.442208241 ], [ 14.222559680000188, 46.442196140000192 ], [ 14.222586201000183, 46.442183140000168 ], [ 14.222609062000174, 46.442183546000194 ], [ 14.22264274500003, 46.442181972000071 ], [ 14.22268251100013, 46.442163884000195 ], [ 14.222706801000186, 46.442190497000183 ], [ 14.222717010000054, 46.442189167000038 ], [ 14.22274953699997, 46.442144504000169 ], [ 14.222765665000111, 46.44213511200013 ], [ 14.222784417000014, 46.442072590000066 ], [ 14.222745270000075, 46.442063069000085 ], [ 14.222772788000043, 46.442008953000084 ], [ 14.222850926000149, 46.441952743 ], [ 14.222854814000073, 46.441889347000085 ], [ 14.222863324000059, 46.441866896000136 ], [ 14.222889308000106, 46.441848925000158 ], [ 14.22295927600004, 46.441822424000179 ], [ 14.223039618000087, 46.441840053000135 ], [ 14.22306994500002, 46.441796245000035 ], [ 14.223161110000035, 46.441775976000031 ], [ 14.223238604000073, 46.441711430000055 ], [ 14.223344945000065, 46.441602449000186 ], [ 14.223400813000069, 46.441477503000158 ], [ 14.223454007000043, 46.441452058000095 ], [ 14.223519356, 46.441395418000184 ], [ 14.223562474, 46.441361028000188 ], [ 14.223643888000026, 46.441333492000012 ], [ 14.223660225, 46.441321660000142 ], [ 14.223677801000065, 46.441312463000145 ], [ 14.223917044000075, 46.441308756000126 ], [ 14.22397853700005, 46.441292595000107 ], [ 14.224067921000028, 46.44121102400004 ], [ 14.224059437, 46.441188768000131 ], [ 14.224097901, 46.441145174999974 ], [ 14.224172139000132, 46.441145361 ], [ 14.224214358000154, 46.441106164000075 ], [ 14.224230502000069, 46.441040207000185 ], [ 14.224226129000158, 46.440998665000109 ], [ 14.224279372000183, 46.44099542500004 ], [ 14.224369746000036, 46.440954711000074 ], [ 14.224511188000179, 46.440925817000164 ], [ 14.224616454, 46.440818255000124 ], [ 14.224646409000115, 46.440723012000149 ], [ 14.22461467200003, 46.440684212000122 ], [ 14.224435021000033, 46.440497663000087 ], [ 14.224460388000068, 46.440219616000093 ], [ 14.22447101500012, 46.440103129000136 ], [ 14.224529937000057, 46.440050756000119 ], [ 14.224576174000049, 46.439991429000088 ], [ 14.224649145000114, 46.439967441000078 ], [ 14.224810166000054, 46.439858418000028 ], [ 14.224834559000044, 46.439802833000158 ], [ 14.224849527, 46.439777336000077 ], [ 14.224804318999986, 46.439738569000156 ], [ 14.224861587000134, 46.439690159000065 ], [ 14.224867133000032, 46.439667937000138 ], [ 14.224897979000104, 46.439674400000058 ], [ 14.224937441000179, 46.43965619700009 ], [ 14.224937209000188, 46.439537446000088 ], [ 14.225009885000134, 46.439512920000027 ], [ 14.22515247900003, 46.439396969000143 ], [ 14.225161142000161, 46.439368813000101 ], [ 14.225190514000076, 46.439296957000181 ], [ 14.225214056000084, 46.439201962000084 ], [ 14.22520436700006, 46.439183171000195 ], [ 14.225185757000133, 46.439170459000195 ], [ 14.225145164000082, 46.43915046900014 ], [ 14.225140550000049, 46.439131701 ], [ 14.225121278000017, 46.439108657000077 ], [ 14.225140265000107, 46.439086332000102 ], [ 14.225181718000044, 46.4390410580001 ], [ 14.225202221000075, 46.439024632000155 ], [ 14.225232542000185, 46.43900848800007 ], [ 14.225278863000028, 46.43898874700011 ], [ 14.225319116000037, 46.438991924999982 ], [ 14.2253531, 46.438988942000037 ], [ 14.225380072000121, 46.438978214000031 ], [ 14.225401967000096, 46.438944169000138 ], [ 14.225434618, 46.438947306000159 ], [ 14.225505442000042, 46.438909820000049 ], [ 14.225576036000177, 46.438871815000027 ], [ 14.225593884000034, 46.438836344000038 ], [ 14.225595931000157, 46.438810254000146 ], [ 14.225555997000015, 46.438775540000108 ], [ 14.225552421000089, 46.438765374000184 ], [ 14.225646162000146, 46.438682454000059 ], [ 14.22568837100016, 46.438668296000117 ], [ 14.225698344000023, 46.438585670000066 ], [ 14.225748016000011, 46.438512163000098 ], [ 14.225738048999972, 46.438496352000129 ], [ 14.225694225000098, 46.438471260000028 ], [ 14.225759121000124, 46.43846773000007 ], [ 14.225841578000143, 46.438433455000165 ], [ 14.225907287000155, 46.438302754000119 ], [ 14.225970213000039, 46.438295011000093 ], [ 14.225978795, 46.438273856000194 ], [ 14.226025518000085, 46.438249297000027 ], [ 14.226074868000069, 46.438245259000041 ], [ 14.226089604000038, 46.438240772000142 ], [ 14.226116067000191, 46.43823074900007 ], [ 14.226153579000083, 46.438204832000167 ], [ 14.226181743000097, 46.438176947000102 ], [ 14.226231767000172, 46.438141809000172 ], [ 14.22624543600017, 46.438118931000076 ], [ 14.226290623000068, 46.438111092000042 ], [ 14.226341282000078, 46.438063003000082 ], [ 14.226361483000062, 46.438021764000098 ], [ 14.226395240000102, 46.437991450000084 ], [ 14.226416837000045, 46.437985425000022 ], [ 14.226454388000036, 46.437981056000126 ], [ 14.22648636700012, 46.437975615000141 ], [ 14.226486825000109, 46.437936015000048 ], [ 14.226529309999989, 46.437866342000063 ], [ 14.22651382000015, 46.437747503000082 ], [ 14.226502589, 46.437698098000169 ], [ 14.226517037000121, 46.437657651000109 ], [ 14.226545601, 46.437614530000189 ], [ 14.22659548900009, 46.437593402 ], [ 14.226624894999986, 46.437591445000123 ], [ 14.226694909000116, 46.437529250000068 ], [ 14.226702309000189, 46.437482002000024 ], [ 14.22666598800015, 46.437440655999978 ], [ 14.22664380700013, 46.437406038000177 ], [ 14.226821775000133, 46.437257355000042 ], [ 14.226859224000123, 46.437230009000075 ], [ 14.226898280000171, 46.437153651000131 ], [ 14.226944774000117, 46.437141447000045 ], [ 14.226996254000085, 46.43708792700005 ], [ 14.227106323000044, 46.43707831200004 ], [ 14.227138246000095, 46.437029775000042 ], [ 14.227162091000025, 46.437026736 ], [ 14.227164158000107, 46.436925503000111 ], [ 14.22714604100014, 46.436888801000066 ], [ 14.227150234000021, 46.436826113000052 ], [ 14.227219836000131, 46.436784236000051 ], [ 14.227246625000134, 46.436763153000186 ], [ 14.22731810099998, 46.436706902000026 ], [ 14.22742170000015, 46.436693973000104 ], [ 14.227465336000023, 46.436639892000187 ], [ 14.227510697000127, 46.436639591000073 ], [ 14.227544914000191, 46.43654043700019 ], [ 14.227566035000052, 46.436531607000177 ], [ 14.227616946000126, 46.43648403800006 ], [ 14.227600315000075, 46.436425155000109 ], [ 14.22761658200011, 46.43639732600019 ], [ 14.227644176000069, 46.436375392000116 ], [ 14.227659751000033, 46.436338687000045 ], [ 14.227746010000146, 46.436278506000122 ], [ 14.227776510000183, 46.436244843000111 ], [ 14.227827812000157, 46.436233888000174 ], [ 14.227864282000155, 46.43621111900012 ], [ 14.227903536000042, 46.436212188000127 ], [ 14.227940722000085, 46.436242857000082 ], [ 14.22797449900014, 46.436259138000139 ], [ 14.228017321000095, 46.436261179000041 ], [ 14.228034445000105, 46.436245075000102 ], [ 14.228043413000137, 46.436187135000125 ], [ 14.228072839999982, 46.436183423000159 ], [ 14.228083143000049, 46.43614266600008 ], [ 14.228089034999982, 46.436112210000033 ], [ 14.228139316000181, 46.436100903000067 ], [ 14.228216252000152, 46.436060291000103 ], [ 14.228220868000165, 46.436030708000033 ], [ 14.228245012000059, 46.436022944000115 ], [ 14.228279435000104, 46.436026273000095 ], [ 14.228310653000051, 46.436046048000094 ], [ 14.228349626000181, 46.435976698 ], [ 14.228314761000036, 46.435967066000103 ], [ 14.228303168000025, 46.435937053000032 ], [ 14.228331845000014, 46.435918474000175 ], [ 14.228440692000049, 46.435917766000102 ], [ 14.228522565000162, 46.435889440999972 ], [ 14.228547757000115, 46.435903575999987 ], [ 14.228597637000178, 46.43590750400017 ], [ 14.228605164000157, 46.435889496000073 ], [ 14.228724230000068, 46.43586679100008 ], [ 14.228772485000093, 46.435831081000117 ], [ 14.228788123000129, 46.435832398000173 ], [ 14.228883266000082, 46.435678388000042 ], [ 14.228955246000169, 46.435652299000083 ], [ 14.228977248000035, 46.435656086000108 ], [ 14.229037015000131, 46.435682834000033 ], [ 14.229080309000153, 46.435662026000102 ], [ 14.229134995000038, 46.435665448000179 ], [ 14.229228670000055, 46.435622815000158 ], [ 14.229292907000115, 46.435585647999972 ], [ 14.229329709000183, 46.435554653000167 ], [ 14.229358395000077, 46.435549363000121 ], [ 14.229395830000044, 46.435553046000109 ], [ 14.229487314000153, 46.435504627000114 ], [ 14.229595309000103, 46.435499561000086 ], [ 14.229674367000086, 46.435579834000066 ], [ 14.229700974000082, 46.435499309000022 ], [ 14.229716803000031, 46.435462324000071 ], [ 14.229787347000183, 46.435451109000155 ], [ 14.22982937, 46.43545446800016 ], [ 14.229843423000034, 46.435394806000033 ], [ 14.229862825000055, 46.435380538000061 ], [ 14.229965654000125, 46.435384194 ], [ 14.230010580999988, 46.435375834000013 ], [ 14.230053024000085, 46.435338909999984 ], [ 14.230148897000106, 46.435329575000026 ], [ 14.230143120000037, 46.435151945000086 ], [ 14.230368583000143, 46.435155485 ], [ 14.230360250999979, 46.435103772000105 ], [ 14.230595004000122, 46.43509055800007 ], [ 14.230642032000105, 46.435050854000167 ], [ 14.230756467999981, 46.435058513000172 ], [ 14.230906388000164, 46.435041474000059 ], [ 14.230888692000121, 46.434876723000059 ], [ 14.231049821, 46.434768041000098 ], [ 14.231081077000113, 46.434759257999985 ], [ 14.23110901300015, 46.434727341000098 ], [ 14.23115554400016, 46.434658148000153 ], [ 14.231228104000138, 46.434628653000118 ], [ 14.231306735000146, 46.434619462000171 ], [ 14.231296467, 46.434590941000181 ], [ 14.23131474600018, 46.434589069000026 ], [ 14.23139135800011, 46.434597194000105 ], [ 14.231398641000112, 46.434502703000192 ], [ 14.231441232000179, 46.434485122000069 ], [ 14.231442051000158, 46.434421776000136 ], [ 14.231461218000049, 46.434359859999972 ], [ 14.231476670000063, 46.434340404000181 ], [ 14.231600543000127, 46.434292115000176 ], [ 14.231622201000107, 46.43429791900013 ], [ 14.231645959000161, 46.434292128000095 ], [ 14.231668892000187, 46.434285245000126 ], [ 14.231656454000017, 46.434265566000192 ], [ 14.231649816000186, 46.43422268400019 ], [ 14.231715862000158, 46.434214248000046 ], [ 14.231798078000054, 46.434197936000089 ], [ 14.232215881000059, 46.431015016000174 ], [ 14.232194900000025, 46.42745971700009 ], [ 14.232176782000124, 46.423904420000156 ], [ 14.232155801000033, 46.420349121000072 ], [ 14.227044106000164, 46.420345306000058 ], [ 14.221932412000172, 46.420337678000124 ], [ 14.211708068000064, 46.420330048000039 ], [ 14.206557274000033, 46.413211822000108 ], [ 14.201444626000182, 46.413208009000016 ], [ 14.201405525000041, 46.406097413000055 ], [ 14.196293830000116, 46.406089783000141 ], [ 14.191145897000069, 46.398975372000052 ], [ 14.191067695000186, 46.384750366000105 ], [ 14.185956001000022, 46.38474655300007 ], [ 14.185937882000189, 46.381191254000157 ], [ 14.180823326000166, 46.381187439000087 ], [ 14.180805207000162, 46.377632142000152 ], [ 14.17569255799998, 46.377624512000068 ], [ 14.175675392000187, 46.374069215000134 ], [ 14.170562744000108, 46.37406540000012 ], [ 14.170580863000112, 46.377620697 ], [ 14.165469169000119, 46.377613068000187 ], [ 14.165487289000168, 46.381168365000121 ], [ 14.150151253000104, 46.381153107000102 ], [ 14.145000457000094, 46.374038696000014 ], [ 14.139887810000118, 46.374031068000136 ], [ 14.129684449000081, 46.377574922000065 ], [ 14.1195354460001, 46.391788483000028 ], [ 14.124723434000032, 46.406013489000031 ], [ 14.119706154000028, 46.423786164000148 ], [ 14.145343780000132, 46.438037873000098 ], [ 14.15254119500014, 46.44224792 ], [ 14.152583995000157, 46.44215407500019 ], [ 14.152704484000083, 46.441960233000088 ], [ 14.152739831000076, 46.441865511000117 ], [ 14.152776109000058, 46.441844144000186 ], [ 14.152831815000013, 46.441819155000189 ], [ 14.152864394000176, 46.441804545000025 ], [ 14.152827357000035, 46.441773572000045 ], [ 14.152829680000139, 46.441659463000121 ], [ 14.152931324000178, 46.441454420000071 ], [ 14.152971108000088, 46.441286779000166 ], [ 14.153007208000076, 46.441243182000051 ], [ 14.152929076000191, 46.441209886000138 ], [ 14.152828497000144, 46.44118383100016 ], [ 14.152747921000014, 46.441159433000109 ], [ 14.152540476000183, 46.441158427 ], [ 14.152565243000026, 46.441095908000079 ], [ 14.152595110000107, 46.440986388000113 ], [ 14.15262669700013, 46.440958614000124 ], [ 14.152609735000112, 46.440891509000153 ], [ 14.152585511000098, 46.44085480300015 ], [ 14.152550617000031, 46.440732252000032 ], [ 14.152675007000028, 46.440694688000121 ], [ 14.152679745000057, 46.440660834000141 ], [ 14.152708376000021, 46.440621707000048 ], [ 14.15284289300007, 46.440573788000052 ], [ 14.152874939000071, 46.440541079000127 ], [ 14.152852898000106, 46.440463367000063 ], [ 14.152843846000053, 46.440309303000106 ], [ 14.152873067000087, 46.440253878000078 ], [ 14.152877297999964, 46.440108158000101 ], [ 14.15293527200015, 46.440029656000149 ], [ 14.152948089000063, 46.439932306000117 ], [ 14.153009535000024, 46.439841444000024 ], [ 14.153000041000098, 46.439815051999972 ], [ 14.152983109000104, 46.439703987000144 ], [ 14.153010828, 46.43968561500003 ], [ 14.153000445000146, 46.439499197000032 ], [ 14.153087502000119, 46.439439606000178 ], [ 14.153099197000131, 46.439426224000158 ], [ 14.153084754000076, 46.439406525000038 ], [ 14.152972145000092, 46.439385875000085 ], [ 14.15293262400013, 46.439275952000173 ], [ 14.152931312000021, 46.439244841000175 ], [ 14.15294238700011, 46.439198867000073 ], [ 14.152987384000028, 46.43915152600016 ], [ 14.153149351000025, 46.439078074000122 ], [ 14.153257983000117, 46.439035692000175 ], [ 14.153291846000172, 46.438948033000088 ], [ 14.15314602300009, 46.438787671000171 ], [ 14.153072243000054, 46.438716321000129 ], [ 14.152997220000145, 46.438623749000101 ], [ 14.152971354000101, 46.438534755000035 ], [ 14.153234639000175, 46.438023451000163 ], [ 14.153313556, 46.437671189000127 ], [ 14.153901887000131, 46.437312933000157 ], [ 14.15417475300012, 46.437146777000123 ], [ 14.154464383000118, 46.437151626000059 ], [ 14.154826462000131, 46.436980708000135 ], [ 14.155067847000112, 46.436866762000136 ], [ 14.155238221, 46.436323013000163 ], [ 14.15523746700012, 46.436267677000046 ], [ 14.155311659000063, 46.43618471200017 ], [ 14.155421000000104, 46.436041978999981 ], [ 14.15569033100013, 46.436032575000127 ], [ 14.155848874000185, 46.435987502000046 ], [ 14.15590786000007, 46.43597773900018 ], [ 14.156115807000162, 46.435930456000108 ], [ 14.156413478, 46.4358231920001 ], [ 14.156540106000023, 46.435781209000083 ], [ 14.156681545000083, 46.435682383000085 ], [ 14.156820950000167, 46.435664582000129 ], [ 14.156959443000119, 46.435601784000085 ], [ 14.157008583000106, 46.435576796000134 ], [ 14.157192624000174, 46.435477887000047 ], [ 14.157301813000061, 46.435485216000188 ], [ 14.157368566000173, 46.435491672000012 ], [ 14.157685112000081, 46.43547404200018 ], [ 14.157730731000186, 46.435464130000071 ], [ 14.157778249000046, 46.435456708000174 ], [ 14.157820316000027, 46.435483152000018 ], [ 14.1578907170001, 46.435498588000087 ], [ 14.157963439000071, 46.435495247000063 ], [ 14.15810483600012, 46.435404275000167 ], [ 14.15826485000008, 46.435288804000095 ], [ 14.158291248000126, 46.435249512000041 ], [ 14.158327706000136, 46.435225964000097 ], [ 14.158365306, 46.435127003000161 ], [ 14.158456782000144, 46.435040331000096 ], [ 14.158693423999978, 46.435064967000187 ], [ 14.158764515000087, 46.435012289000042 ], [ 14.158811317000072, 46.435002324000038 ], [ 14.158862631000034, 46.434970616999976 ], [ 14.158900820000099, 46.434947020999971 ], [ 14.158918247000031, 46.434913533000042 ], [ 14.158955535000075, 46.434856159000105 ], [ 14.159007228, 46.43485470700017 ], [ 14.159033275000127, 46.434851756 ], [ 14.159221153000033, 46.4348357880001 ], [ 14.159323967000034, 46.434831996000185 ], [ 14.159416797000063, 46.434831605000056 ], [ 14.159477026000161, 46.43480855100006 ], [ 14.159556394000163, 46.434750846000043 ], [ 14.159675120000031, 46.434708241000124 ], [ 14.159748880000109, 46.434687627000187 ], [ 14.159794502000125, 46.434658219000085 ], [ 14.159953617000099, 46.43461268600015 ], [ 14.160145854000064, 46.43459330200011 ], [ 14.160189685000091, 46.434612356000116 ], [ 14.160264935999976, 46.434606980000183 ], [ 14.160353138000175, 46.434606 ], [ 14.160502691000033, 46.434540931000129 ], [ 14.160548865000123, 46.434511924000162 ], [ 14.160632059000079, 46.434505042000126 ], [ 14.160725104000051, 46.434562706000065 ], [ 14.160884743000054, 46.434544997000103 ], [ 14.160928124000179, 46.434555830000022 ], [ 14.160950862999982, 46.434545823000178 ], [ 14.160980961000178, 46.434536247000096 ], [ 14.161018331999969, 46.434531020000122 ], [ 14.161054722000131, 46.434521858000096 ], [ 14.161113867000154, 46.434431639000138 ], [ 14.161371743000188, 46.434480965000148 ], [ 14.161409159000073, 46.434472616000107 ], [ 14.161451192000072, 46.434458042000131 ], [ 14.161514031000024, 46.434451028000069 ], [ 14.161575636000066, 46.434444221000149 ], [ 14.161647460000154, 46.434448775000135 ], [ 14.16167234500017, 46.434448153000119 ], [ 14.161715116999972, 46.434461717000147 ], [ 14.161750121000068, 46.434465072000194 ], [ 14.161795245000064, 46.434471627999983 ], [ 14.161844363, 46.434476247000134 ], [ 14.161889995000081, 46.434487091000108 ], [ 14.161941073000037, 46.434472577000179 ], [ 14.162005625000063, 46.434463616000073 ], [ 14.162086656000099, 46.43444968700004 ], [ 14.162186895000104, 46.434435887000177 ], [ 14.162197800000058, 46.434423842000115 ], [ 14.162263951000114, 46.434381284000153 ], [ 14.162278761000096, 46.434372782000025 ], [ 14.162298102000022, 46.434363528000119 ], [ 14.162376229000131, 46.434354666000104 ], [ 14.162386304, 46.434361763000084 ], [ 14.162468728000078, 46.434369335000156 ], [ 14.162509873000033, 46.434377809000125 ], [ 14.162561404000087, 46.434329688000162 ], [ 14.162579004000122, 46.434283693000168 ], [ 14.162616507000166, 46.434269079000046 ], [ 14.162636980000173, 46.434259834000045 ], [ 14.162674317000153, 46.434236882000107 ], [ 14.162876847000177, 46.43424498700017 ], [ 14.162918671999989, 46.434251854000138 ], [ 14.162970273000099, 46.434275303 ], [ 14.163060014000166, 46.434284874000184 ], [ 14.163090313999987, 46.434301487000027 ], [ 14.163248511, 46.434306431000095 ], [ 14.163344279000114, 46.434325501999979 ], [ 14.163467444000105, 46.434252361000063 ], [ 14.163577125000018, 46.434167100000195 ], [ 14.16367900500012, 46.434116571 ], [ 14.16370853799998, 46.434105820000127 ], [ 14.163813685000093, 46.434063913000102 ], [ 14.16388782000007, 46.434015933000069 ], [ 14.163991835000047, 46.43397401500016 ], [ 14.164078256000039, 46.433968206000088 ], [ 14.164219491000097, 46.433942672000114 ], [ 14.164376119000053, 46.433938609000052 ], [ 14.164573995000126, 46.433935992000102 ], [ 14.164756032000128, 46.43393404800014 ], [ 14.164983816000188, 46.433935145000135 ], [ 14.165117518000045, 46.433954380000046 ], [ 14.165162860000066, 46.433945297000093 ], [ 14.165175885000167, 46.433943429000067 ], [ 14.16522395700008, 46.433941010000183 ], [ 14.165340035000042, 46.433885490000193 ], [ 14.165440201000024, 46.433834558000058 ], [ 14.165521319000163, 46.433813589000181 ], [ 14.165578287000073, 46.433815145000153 ], [ 14.165777124000101, 46.433832061000089 ], [ 14.165845753000156, 46.43381491700012 ], [ 14.165922659000159, 46.433813070000042 ], [ 14.166054954000174, 46.433810811000114 ], [ 14.166194406000159, 46.433823049000068 ], [ 14.166423105000149, 46.433839773000045 ], [ 14.166616886000099, 46.433846899000116 ], [ 14.166692151, 46.433798928000101 ], [ 14.166740397000126, 46.433784000000117 ], [ 14.166800316000035, 46.433783608999988 ], [ 14.166902076999975, 46.433782705000112 ], [ 14.166941482000141, 46.433752871000138 ], [ 14.166988695000043, 46.433731681000154 ], [ 14.167084632000069, 46.433735436 ], [ 14.167197897000108, 46.433726791000083 ], [ 14.167267992000177, 46.433726460000173 ], [ 14.167411843000082, 46.433748111000114 ], [ 14.167608828000141, 46.433814206000136 ], [ 14.167731475000039, 46.433810756000014 ], [ 14.167777674000035, 46.433821998000099 ], [ 14.167863189000116, 46.433852252000122 ], [ 14.167981996000094, 46.433886249000182 ], [ 14.168036967000091, 46.433917085000019 ], [ 14.168223287000046, 46.433974180000064 ], [ 14.168295548000117, 46.433980904000066 ], [ 14.168329876000087, 46.433984297000109 ], [ 14.168470657000114, 46.433948037000107 ], [ 14.168599538000024, 46.433906275000027 ], [ 14.168612750000023, 46.433890335000115 ], [ 14.168699847000084, 46.433886990000133 ], [ 14.168746975000033, 46.433871280000062 ], [ 14.168815590000122, 46.433854916000143 ], [ 14.168872598000064, 46.433827562000033 ], [ 14.168923389000099, 46.43378331200006 ], [ 14.168952886000113, 46.43369283800007 ], [ 14.168967838000128, 46.433674176000125 ], [ 14.169002016000093, 46.433654862000083 ], [ 14.169030950000035, 46.433646841000041 ], [ 14.169093295000096, 46.433631432000141 ], [ 14.169215932000043, 46.433635925000033 ], [ 14.169323574999964, 46.433659673000079 ], [ 14.169347997000045, 46.433692658000041 ], [ 14.169358146000093, 46.433694293000087 ], [ 14.169490512000039, 46.433694927000147 ], [ 14.16959257100001, 46.433538315000135 ], [ 14.169602297000097, 46.433530173000179 ], [ 14.169622739000033, 46.433523267000169 ], [ 14.169668153999964, 46.433508711000172 ], [ 14.169740200000092, 46.433505782000054 ], [ 14.169943471000124, 46.43350541000018 ], [ 14.17002525800001, 46.433559875000128 ], [ 14.170115083000098, 46.433563967000111 ], [ 14.170285586999967, 46.433494728000028 ], [ 14.170321767000132, 46.433494959000086 ], [ 14.170340335999981, 46.433500941000091 ], [ 14.170364483000128, 46.433512433000146 ], [ 14.170426085000088, 46.433513224000137 ], [ 14.170559265000065, 46.433529713000155 ], [ 14.170602941000141, 46.433559704000061 ], [ 14.170651506000183, 46.433563145000051 ], [ 14.170664951000106, 46.43357182799997 ], [ 14.170694873000116, 46.433574758000077 ], [ 14.170749551000029, 46.433585658000084 ], [ 14.170772243000101, 46.433580336000148 ], [ 14.170810992000042, 46.433556355000064 ], [ 14.170864480000034, 46.433572724000044 ], [ 14.170962713000051, 46.433581173000164 ], [ 14.171041880000132, 46.433598695000171 ], [ 14.17110642200015, 46.433612978000042 ], [ 14.171182826000063, 46.433625139000071 ], [ 14.172210225000072, 46.434143939000137 ], [ 14.172324395000089, 46.434167187000128 ], [ 14.172506082000154, 46.434190803000149 ], [ 14.172589606000088, 46.434183478000136 ], [ 14.172663150000176, 46.434164512000166 ], [ 14.17270119200009, 46.434148695000033 ], [ 14.17278392500009, 46.434157724000158 ], [ 14.172897482, 46.434170691000077 ], [ 14.173017043000016, 46.434189932000152 ], [ 14.173324456000159, 46.434258014000079 ], [ 14.173446741000078, 46.434315578000053 ], [ 14.173537686000031, 46.434338159000049 ], [ 14.173608287000093, 46.434298656000067 ], [ 14.173683171000107, 46.434283053000115 ], [ 14.173799276000182, 46.434294967000028 ], [ 14.173890739000058, 46.434314871000083 ], [ 14.17407178000019, 46.434348809000085 ], [ 14.174257468000064, 46.434318590000146 ], [ 14.174452182000039, 46.434329439000066 ], [ 14.174498678000134, 46.43435050100004 ], [ 14.174529195000105, 46.434365869000032 ], [ 14.174687445000075, 46.434344515000078 ], [ 14.174774057000093, 46.434362898000074 ], [ 14.174860249000119, 46.434326878000093 ], [ 14.17491502300004, 46.434269559000086 ], [ 14.17497686300004, 46.434235770000043 ], [ 14.175085748000072, 46.434236894000151 ], [ 14.175124436000033, 46.434255458000052 ], [ 14.175296972000126, 46.434262744000137 ], [ 14.175340344000176, 46.434239923000121 ], [ 14.175371466000058, 46.434231066000166 ], [ 14.175623357000063, 46.434259477000126 ], [ 14.175662621000072, 46.43428082600019 ], [ 14.175799257000051, 46.434296797 ], [ 14.175908285000162, 46.434362824000061 ], [ 14.175964930000134, 46.434331538000151 ], [ 14.17603990300006, 46.434346964000156 ], [ 14.176073785000028, 46.434333219 ], [ 14.176184292000187, 46.434377066000195 ], [ 14.17647603100005, 46.434386963000179 ], [ 14.176496079000117, 46.434365519000039 ], [ 14.176544741000043, 46.43436836300009 ], [ 14.176576074000081, 46.434399406000068 ], [ 14.176620473000128, 46.434369810000135 ], [ 14.176674965000188, 46.434373583000138 ], [ 14.176709885000037, 46.434378157000026 ], [ 14.176751609000121, 46.434409564000191 ], [ 14.176843731000133, 46.434420627000122 ], [ 14.176889127000152, 46.434392328 ], [ 14.176908912000101, 46.434342068000149 ], [ 14.176947964000135, 46.434323517000109 ], [ 14.177155489000143, 46.4343237490001 ], [ 14.177237849000051, 46.434358275000136 ], [ 14.177263593000021, 46.434324849 ], [ 14.17735910100015, 46.43437821800012 ], [ 14.17741942400005, 46.434394696000027 ], [ 14.177427177000084, 46.43448046200001 ], [ 14.177954566000096, 46.434676043000138 ], [ 14.178244643000028, 46.434961304000183 ], [ 14.178351444999976, 46.435055731000091 ], [ 14.178440163000062, 46.435127710000131 ], [ 14.178441160000034, 46.43525455300005 ], [ 14.178576147000115, 46.43552456499998 ], [ 14.178784547000134, 46.435623981000049 ], [ 14.178834175000134, 46.435698579000189 ], [ 14.178815015000168, 46.435805966000089 ], [ 14.178826412000092, 46.435957213000108 ], [ 14.178910889000065, 46.436134326000115 ], [ 14.17895018400003, 46.436190222999983 ], [ 14.178964764, 46.43627385100018 ], [ 14.178957087000185, 46.436290750000069 ], [ 14.179041203000054, 46.436355258000049 ], [ 14.179115186000047, 46.436383942000134 ], [ 14.179201018000015, 46.436468457000103 ], [ 14.179191499000012, 46.436659805000147 ], [ 14.179222711000136, 46.436681959 ], [ 14.179253132999975, 46.436703561 ], [ 14.179231199000128, 46.436718290000101 ], [ 14.179244219000111, 46.436769171000151 ], [ 14.179317824000123, 46.436802834000162 ], [ 14.179354334000095, 46.436861206000174 ], [ 14.179291600000056, 46.436949815000162 ], [ 14.179324365000184, 46.437015261000056 ], [ 14.179333476000124, 46.437064894000173 ], [ 14.179319158000055, 46.437084883000125 ], [ 14.179315084000052, 46.437127767000106 ], [ 14.179311751000057, 46.437162970000088 ], [ 14.179401614000085, 46.437250558000073 ], [ 14.179374924, 46.43728256900016 ], [ 14.179406106000101, 46.437275887000112 ], [ 14.179445855000097, 46.437256888000093 ], [ 14.179555489000109, 46.437279964000027 ], [ 14.179743236000149, 46.437356166000086 ], [ 14.179743143000053, 46.43736697200012 ], [ 14.179753967000011, 46.437407073000145 ], [ 14.179777324000099, 46.43744550700012 ], [ 14.179784508000182, 46.437471581000182 ], [ 14.179839066000056, 46.43754072500019 ], [ 14.179805179000027, 46.437606385000095 ], [ 14.179832365000152, 46.437584509000089 ], [ 14.179924224, 46.437566456000127 ], [ 14.180056965000063, 46.437565555000106 ], [ 14.180105702999981, 46.437577322000095 ], [ 14.180144341000187, 46.437601678000192 ], [ 14.180151089000049, 46.437619794000057 ], [ 14.180195973000025, 46.437632246000021 ], [ 14.180218949000164, 46.437652014000093 ], [ 14.180234022000036, 46.437692498000047 ], [ 14.18022778500017, 46.437724267000078 ], [ 14.180266650000078, 46.437751430000105 ], [ 14.180274713000131, 46.437786341000105 ], [ 14.180277691000015, 46.437851692000095 ], [ 14.180272592000051, 46.437882131000038 ], [ 14.180256970000187, 46.437901951000072 ], [ 14.180240663000177, 46.437911095000118 ], [ 14.180287272000044, 46.437921547000087 ], [ 14.180334805000143, 46.437927853000076 ], [ 14.180378122000093, 46.437938310000163 ], [ 14.180435640000042, 46.437958181999988 ], [ 14.180483261000177, 46.437973556000031 ], [ 14.180527119000033, 46.437998693000054 ], [ 14.1805382390001, 46.438010910000116 ], [ 14.180565655000066, 46.438031589000104 ], [ 14.180612499, 46.438047104000077 ], [ 14.180634966000184, 46.43807434200005 ], [ 14.180657470000085, 46.438086232000103 ], [ 14.180684753000151, 46.438093308000191 ], [ 14.180704110000022, 46.43811882500006 ], [ 14.180713338000089, 46.438134789000117 ], [ 14.180731221000087, 46.438147505000131 ], [ 14.180764815000032, 46.438149478000184 ], [ 14.180787598000052, 46.438188590000038 ], [ 14.180826162000187, 46.43818627100012 ], [ 14.180848885000046, 46.438220841000145 ], [ 14.180866906, 46.438227293000182 ], [ 14.180899283000144, 46.438223797000035 ], [ 14.180918215000077, 46.438226112000166 ], [ 14.180961758000024, 46.43823937500008 ], [ 14.18099377700014, 46.438314318000153 ], [ 14.181011886000135, 46.438329838000186 ], [ 14.181004204000033, 46.438390841000171 ], [ 14.18101523200005, 46.43841386400004 ], [ 14.181059204000121, 46.438430461999985 ], [ 14.181105805000129, 46.43842102900004 ], [ 14.181145550000167, 46.438355542000181 ], [ 14.181213477000028, 46.438383694000038 ], [ 14.181221089000076, 46.438430611000115 ], [ 14.181239208000079, 46.438466006999988 ], [ 14.181318292000071, 46.438501903000144 ], [ 14.181303039000113, 46.438607284000057 ], [ 14.181299897000031, 46.438628989000165 ], [ 14.181308717000093, 46.438661493000041 ], [ 14.181400605000022, 46.438714794000077 ], [ 14.181437925000125, 46.438730505000024 ], [ 14.181572016000075, 46.438786148000133 ], [ 14.181625136000036, 46.438811899000029 ], [ 14.181686385000035, 46.438819741000145 ], [ 14.181718029000024, 46.438838534000183 ], [ 14.181838603000017, 46.438835813000082 ], [ 14.18195404800008, 46.438841389000174 ], [ 14.182051888, 46.438861465000059 ], [ 14.182170476000067, 46.438887585000089 ], [ 14.182280505, 46.438934930000187 ], [ 14.182329216000028, 46.438904680000178 ], [ 14.182367564, 46.438894264000169 ], [ 14.182462751000173, 46.438868411000101 ], [ 14.182502961000125, 46.438874887000111 ], [ 14.18264944200007, 46.43887777700013 ], [ 14.182669252000096, 46.438891287000047 ], [ 14.182734166000159, 46.438880305000168 ], [ 14.182767494000075, 46.438855063000062 ], [ 14.182918906000168, 46.438774162000186 ], [ 14.183054936000019, 46.438715875000071 ], [ 14.183101165000039, 46.438707650000026 ], [ 14.183111895000025, 46.438681317000089 ], [ 14.183194381000135, 46.438633694000146 ], [ 14.18323029700008, 46.438617646000012 ], [ 14.183279773999971, 46.438587255000073 ], [ 14.18334615100008, 46.438542362000192 ], [ 14.183482886000093, 46.438561327000059 ], [ 14.183538171000123, 46.43859067000011 ], [ 14.18355350700017, 46.438618609 ], [ 14.18358522900013, 46.438626597000166 ], [ 14.183608649000121, 46.438614474000133 ], [ 14.183739972000069, 46.43862517600013 ], [ 14.183853436000049, 46.438587939000172 ], [ 14.183920273000126, 46.438632841000128 ], [ 14.183994293000069, 46.438678526000103 ], [ 14.184187744000155, 46.438788544000147 ], [ 14.18432344900009, 46.438850721000051 ], [ 14.184318905000111, 46.438878223000188 ], [ 14.184367375000022, 46.438882658000125 ], [ 14.184410955999965, 46.438860695000187 ], [ 14.184553526000059, 46.438877349000109 ], [ 14.184621851000088, 46.438917436000168 ], [ 14.184895488000109, 46.43910952900012 ], [ 14.184985812000093, 46.439149109000027 ], [ 14.18513506700009, 46.439139577000162 ], [ 14.185170328000083, 46.439172487 ], [ 14.18526704300001, 46.439196157000026 ], [ 14.185255245000121, 46.439155668000126 ], [ 14.18538829300013, 46.439221715000031 ], [ 14.185379027000067, 46.439240974000086 ], [ 14.18543690600012, 46.439259635000155 ], [ 14.185625217000165, 46.439390246000187 ], [ 14.185679715000049, 46.439454943000101 ], [ 14.185759497000106, 46.439476832000082 ], [ 14.186423958000091, 46.439631845000179 ], [ 14.186559872000146, 46.439689564999981 ], [ 14.18656116700015, 46.439721702000099 ], [ 14.186633597000139, 46.439728692000131 ], [ 14.186647120000089, 46.439749563000191 ], [ 14.186682541999971, 46.439740985000185 ], [ 14.186745438000059, 46.439740013000062 ], [ 14.186790482000049, 46.43982343000016 ], [ 14.186904791000188, 46.439850226000033 ], [ 14.18698481600012, 46.439901856000063 ], [ 14.187054461000116, 46.439938863000179 ], [ 14.187151540000059, 46.439959066000029 ], [ 14.187205963000054, 46.439922122000155 ], [ 14.187232706000032, 46.439914518000023 ], [ 14.187307795000095, 46.439955101000123 ], [ 14.187395654, 46.439961615000129 ], [ 14.187407640000117, 46.439968247000138 ], [ 14.187473280000063, 46.440004591000104 ], [ 14.187523272000078, 46.440006475000132 ], [ 14.18758301400004, 46.440036736000195 ], [ 14.187626482000098, 46.44004092 ], [ 14.187695532000134, 46.440076338000097 ], [ 14.187705629000163, 46.440101230000039 ], [ 14.187814754000044, 46.440111904000048 ], [ 14.187824379000062, 46.440071569000168 ], [ 14.187889783000116, 46.440065269000172 ], [ 14.187941259000127, 46.440028041000119 ], [ 14.187964948000058, 46.440080623000028 ], [ 14.187963888000127, 46.440203486000144 ], [ 14.187978290999979, 46.440215686000101 ], [ 14.188022346000025, 46.440221475000158 ], [ 14.188074729000164, 46.440267239000036 ], [ 14.188113382999973, 46.440273986000136 ], [ 14.188207329000136, 46.440327680000109 ], [ 14.188233126000057, 46.440359436000108 ], [ 14.188262687000076, 46.440401313000109 ], [ 14.188281801000073, 46.440401889000157 ], [ 14.188303822000023, 46.440386043000046 ], [ 14.188345384000058, 46.440379011 ], [ 14.188405151000154, 46.440444109000055 ], [ 14.188420490000055, 46.440472047000071 ], [ 14.188441608000062, 46.440500085999986 ], [ 14.188461355000186, 46.440524402000051 ], [ 14.188536029000147, 46.440524167000149 ], [ 14.188549304000105, 46.440539974000103 ], [ 14.188562028000092, 46.440576336000106 ], [ 14.188607784000112, 46.440597721000188 ], [ 14.188639003000105, 46.440593295000156 ], [ 14.188719903000049, 46.440650712000036 ], [ 14.188767773000109, 46.440656697000065 ], [ 14.188833285000044, 46.44064730000008 ], [ 14.188888767000037, 46.440694785000062 ], [ 14.188895745000082, 46.440735571000062 ], [ 14.188970327, 46.440743579000184 ], [ 14.189067747000081, 46.440723128000172 ], [ 14.189202263000027, 46.440649766000149 ], [ 14.189328190000026, 46.440583091 ], [ 14.189577403000158, 46.440681633 ], [ 14.190112506000105, 46.441018166000049 ], [ 14.19012608800017, 46.441074233000165 ], [ 14.190099212000064, 46.441163074000144 ], [ 14.190058606999969, 46.441193023000039 ], [ 14.190050674000133, 46.441209206000053 ], [ 14.190039047000141, 46.441279426000165 ], [ 14.190073107000103, 46.441326747000119 ], [ 14.190076547000047, 46.44141757400007 ], [ 14.190043956000125, 46.441468895000128 ], [ 14.190051651000147, 46.441538772000172 ], [ 14.190083839000124, 46.441618694000169 ], [ 14.190101724000101, 46.441631238000184 ], [ 14.190137097000104, 46.441706710000176 ], [ 14.190269011000169, 46.441811033000192 ], [ 14.190367486000071, 46.441874309000127 ], [ 14.190478483999982, 46.441906254000173 ], [ 14.190530388000013, 46.441899621000061 ], [ 14.190591531000052, 46.441912820000027 ], [ 14.190649308000104, 46.441955393000057 ], [ 14.190737682000133, 46.441968793000115 ], [ 14.190903639999988, 46.441941646000089 ], [ 14.19106608900006, 46.441896602999975 ], [ 14.191161658000055, 46.441914033000046 ], [ 14.191203342000108, 46.441916365000054 ], [ 14.191297460999976, 46.441972386000145 ], [ 14.191316431000132, 46.441997652000111 ], [ 14.191304065, 46.442033283000114 ], [ 14.191329924000115, 46.442072046000021 ], [ 14.191396028999975, 46.442158444000086 ], [ 14.191442663000089, 46.442276955000011 ], [ 14.191498432, 46.442300172000103 ], [ 14.191540521000036, 46.44232076500009 ], [ 14.191567702000043, 46.442345124000099 ], [ 14.191632440000092, 46.442350243000078 ], [ 14.191675384000121, 46.442373043000146 ], [ 14.191748135000182, 46.442367846000195 ], [ 14.191766931000132, 46.442385366000053 ], [ 14.191795065000122, 46.442426586000067 ], [ 14.191860263000024, 46.442451703000074 ], [ 14.191965599000014, 46.44249840800012 ], [ 14.192072782000139, 46.442533420000188 ], [ 14.192052855000156, 46.442607094000095 ], [ 14.192022320000035, 46.442674936000174 ], [ 14.192019033, 46.442707630000029 ], [ 14.192035601000157, 46.442768902000125 ], [ 14.19202024700013, 46.442798950000167 ], [ 14.19199562200015, 46.442808060000175 ], [ 14.191980744000148, 46.44282371900016 ], [ 14.191989951000096, 46.442869634000147 ], [ 14.192053223000187, 46.442951923000123 ], [ 14.192037259000131, 46.443026818000192 ], [ 14.192062649000093, 46.443089607000104 ], [ 14.192064955000092, 46.443157716000144 ], [ 14.192038032000085, 46.443171279000126 ], [ 14.191920737000032, 46.44319022500008 ], [ 14.19191534100014, 46.443199686000071 ], [ 14.191800922000027, 46.443222750000018 ], [ 14.191782164000074, 46.443379170000185 ], [ 14.191872007000086, 46.443450338000048 ], [ 14.191929270000117, 46.443469107000055 ], [ 14.191947579000157, 46.4434639320001 ], [ 14.191946575000088, 46.443491065000103 ], [ 14.191898881000043, 46.443616663000057 ], [ 14.191934432000039, 46.44371811700006 ], [ 14.191927417999977, 46.443739624000159 ], [ 14.191915223000137, 46.443777013000158 ], [ 14.19188826900006, 46.443825997000147 ], [ 14.191870126000026, 46.443874897000057 ], [ 14.191825240000071, 46.443909135000069 ], [ 14.191812302000073, 46.443939715000113 ], [ 14.19179928900013, 46.44398049800003 ], [ 14.191816810000091, 46.444254066000099 ], [ 14.191883618000077, 46.444294583000158 ] ] ] ] } },
{ "type": "Feature", "properties": { "fid": 18, "GID_2": "SVN.2.1_1", "GID_0": "SVN", "COUNTRY": "Slovenia", "GID_1": "SVN.2_1", "NAME_1": "Goriška", "NL_NAME_1": "NA", "NAME_2": "Ajdovščina", "VARNAME_2": "NA", "NL_NAME_2": "NA", "TYPE_2": "Opcine", "ENGTYPE_2": "Commune|Municipality", "CC_2": "NA", "HASC_2": "SI.SP.AJ" }, "geometry": { "type": "MultiPolygon", "coordinates": [ [ [ [ 13.851504326000054, 45.982624055000144 ], [ 13.861727715000143, 45.98263549800015 ], [ 13.887229920000152, 45.971996307000097 ], [ 13.902567864, 45.972011567000152 ], [ 13.902529717000164, 45.964900971000134 ], [ 13.912696839000091, 45.954246522000062 ], [ 13.927996636000103, 45.947151185 ], [ 13.927975655000012, 45.943595886000082 ], [ 13.93819999599998, 45.943607331000067 ], [ 13.943276404000073, 45.936500549000186 ], [ 13.943255425000075, 45.932945252000138 ], [ 13.948368073000097, 45.932949067000152 ], [ 13.95347976700009, 45.932956695000087 ], [ 13.958592414000123, 45.932960510000157 ], [ 13.979003906000173, 45.925872803000175 ], [ 13.978982925000139, 45.92231750600007 ], [ 13.989189148000037, 45.91876983700007 ], [ 13.989152909000154, 45.911659242000155 ], [ 14.009600638999984, 45.911682128000109 ], [ 14.009580611000104, 45.908126831000175 ], [ 14.019804954999984, 45.908138275000056 ], [ 14.019786834, 45.904582978000178 ], [ 14.019767761000139, 45.901027679000038 ], [ 14.019747735000067, 45.897468567000089 ], [ 14.024860382000043, 45.897476197 ], [ 14.035029411000096, 45.886821748000159 ], [ 14.04527187400015, 45.890384675000178 ], [ 14.060589791000041, 45.886848449000126 ], [ 14.060607909999987, 45.89040374800004 ], [ 14.070832252000059, 45.890415191000045 ], [ 14.070814133000056, 45.886856080000143 ], [ 14.081038475000128, 45.886867523000149 ], [ 14.081020356000181, 45.883312226000044 ], [ 14.111674308000033, 45.87979126100015 ], [ 14.111654282000131, 45.87623596200001 ], [ 14.116765976000124, 45.87623977700008 ], [ 14.116747856000075, 45.872684478000167 ], [ 14.111597061000111, 45.865566254000044 ], [ 14.101372720000143, 45.86555862400013 ], [ 14.096221924000076, 45.858440400000063 ], [ 14.091110229000037, 45.858436585000163 ], [ 14.091092110000034, 45.854881286000079 ], [ 14.09107112900017, 45.851325990000078 ], [ 14.085959435000177, 45.851318359000061 ], [ 14.039893151000172, 45.840602875000059 ], [ 14.009236335000082, 45.844127655000193 ], [ 14.009257316000117, 45.847682954000106 ], [ 14.004144669000141, 45.847679139000036 ], [ 14.00422001000004, 45.86190033000014 ], [ 14.00933361, 45.86190414500004 ], [ 14.009370804000071, 45.869014741 ], [ 13.994072914000185, 45.876110076000089 ], [ 13.99409198800015, 45.879665375000172 ], [ 13.958325387000116, 45.883182525000052 ], [ 13.953194619000158, 45.879623413000104 ], [ 13.948082924000062, 45.87961578300019 ], [ 13.948061943000027, 45.876060486000085 ], [ 13.948043823000091, 45.872505187000172 ], [ 13.942932128000052, 45.872501374000137 ], [ 13.937820434000059, 45.872497559000067 ], [ 13.937801360000037, 45.868938447000119 ], [ 13.912218094000025, 45.865356445000032 ], [ 13.912181854000039, 45.858245849000184 ], [ 13.91216278100012, 45.854690552000136 ], [ 13.896806717, 45.851119994999976 ], [ 13.891655922999973, 45.84400177100008 ], [ 13.881431579000093, 45.843994141000167 ], [ 13.881375313000035, 45.83332443300003 ], [ 13.881356240000173, 45.829769135 ], [ 13.876243591, 45.829765319000046 ], [ 13.860905647000152, 45.829750061000027 ], [ 13.855793952000056, 45.829742431000113 ], [ 13.850682258000063, 45.829738618000079 ], [ 13.835345269000015, 45.829723358000024 ], [ 13.830271720999974, 45.836826325000061 ], [ 13.830289840000148, 45.840381622000109 ], [ 13.825178147000088, 45.840377807000095 ], [ 13.820066453000095, 45.840373994 ], [ 13.820083619000059, 45.843929291000109 ], [ 13.81497192400019, 45.843921662000128 ], [ 13.814992905000054, 45.847476959 ], [ 13.809880256000042, 45.847473144000162 ], [ 13.809899329000132, 45.851028443000075 ], [ 13.809917450000114, 45.85458374000018 ], [ 13.794601440000122, 45.858123780000142 ], [ 13.794637679, 45.86523437600016 ], [ 13.784432411000125, 45.868778230000089 ], [ 13.78446960499997, 45.875888825000175 ], [ 13.784490586000061, 45.879444122000109 ], [ 13.758987426000033, 45.890083313000105 ], [ 13.743648530000087, 45.890068055000086 ], [ 13.743725776000076, 45.904289246000189 ], [ 13.733502389000023, 45.904281616000105 ], [ 13.733519554999987, 45.907836915000189 ], [ 13.733538628000076, 45.911392212000067 ], [ 13.764249802000052, 45.918533326000158 ], [ 13.779684066000073, 45.936328888000105 ], [ 13.784795760000065, 45.936332703000176 ], [ 13.795096398000055, 45.95056533800016 ], [ 13.795211791000099, 45.971900940000126 ], [ 13.790136337999968, 45.979003907000106 ], [ 13.836129188000143, 45.975498201000107 ], [ 13.851484298000173, 45.979068756000061 ], [ 13.851504326000054, 45.982624055000144 ] ] ] ] } },
{ "type": "Feature", "properties": { "fid": 22, "GID_2": "SVN.2.5_1", "GID_0": "SVN", "COUNTRY": "Slovenia", "GID_1": "SVN.2_1", "NAME_1": "Goriška", "NL_NAME_1": "NA", "NAME_2": "Idrija", "VARNAME_2": "NA", "NL_NAME_2": "NA", "TYPE_2": "Opcine", "ENGTYPE_2": "Commune|Municipality", "CC_2": "NA", "HASC_2": "SI.SP.ID" }, "geometry": { "type": "MultiPolygon", "coordinates": [ [ [ [ 14.025775910000107, 46.068138122000107 ], [ 14.03089141900017, 46.068145752000021 ], [ 14.03600311200006, 46.068149567000091 ], [ 14.046206475000076, 46.064605714000038 ], [ 14.046188354000094, 46.061050415000125 ], [ 14.05130004900019, 46.061054230000195 ], [ 14.056373596000128, 46.053951264000091 ], [ 14.066599845999974, 46.053962707999972 ], [ 14.06657886500011, 46.050407411000094 ], [ 14.071692467000105, 46.050411224000129 ], [ 14.07167339300014, 46.046855927000024 ], [ 14.076727866999988, 46.036193848000096 ], [ 14.081841469000153, 46.03620147800018 ], [ 14.092064858000072, 46.036209106000115 ], [ 14.092025757000101, 46.029098510000097 ], [ 14.092007636000119, 46.025543213 ], [ 14.091990470000098, 46.021987914000078 ], [ 14.097099305000143, 46.021995545000095 ], [ 14.09708118400016, 46.018436433000147 ], [ 14.097063065000157, 46.014881134000063 ], [ 14.097042084000122, 46.011325837000129 ], [ 14.102156639000043, 46.011333465000064 ], [ 14.107267379000177, 46.011337280000134 ], [ 14.107248304999985, 46.007781983000029 ], [ 14.11236, 46.00778961200001 ], [ 14.117472649000092, 46.007793427000081 ], [ 14.122585296000068, 46.007797242000152 ], [ 14.127695083000162, 46.007804870000029 ], [ 14.127678870000125, 46.004249573000152 ], [ 14.127657889000091, 46.000694274000068 ], [ 14.12763977100019, 45.997138977000134 ], [ 14.127621650000037, 45.993583679000153 ], [ 14.12250709500006, 45.993576050000115 ], [ 14.122488975000181, 45.990020751000031 ], [ 14.117320060000168, 45.979351044000168 ], [ 14.107095718000096, 45.979339601000163 ], [ 14.101981163000119, 45.979331969999976 ], [ 14.09681510900009, 45.968662263000112 ], [ 14.107039451000105, 45.968673706000061 ], [ 14.106982230000085, 45.958003998000095 ], [ 14.112093925000181, 45.958011627000133 ], [ 14.112072944000147, 45.954456330000028 ], [ 14.101831436000055, 45.950889588000166 ], [ 14.101753235000103, 45.93666839600013 ], [ 14.091528893000032, 45.936656953000181 ], [ 14.091510773000095, 45.933101654000097 ], [ 14.091492652000113, 45.929546357000163 ], [ 14.091376304000107, 45.908210755000027 ], [ 14.111767769000039, 45.897567749000132 ], [ 14.111674308000033, 45.87979126100015 ], [ 14.081020356000181, 45.883312226000044 ], [ 14.081038475000128, 45.886867523000149 ], [ 14.070814133000056, 45.886856080000143 ], [ 14.070832252000059, 45.890415191000045 ], [ 14.060607909999987, 45.89040374800004 ], [ 14.060589791000041, 45.886848449000126 ], [ 14.04527187400015, 45.890384675000178 ], [ 14.035029411000096, 45.886821748000159 ], [ 14.024860382000043, 45.897476197 ], [ 14.019747735000067, 45.897468567000089 ], [ 14.019767761000139, 45.901027679000038 ], [ 14.019786834, 45.904582978000178 ], [ 14.019804954999984, 45.908138275000056 ], [ 14.009580611000104, 45.908126831000175 ], [ 14.009600638999984, 45.911682128000109 ], [ 13.989152909000154, 45.911659242000155 ], [ 13.989189148000037, 45.91876983700007 ], [ 13.978982925000139, 45.92231750600007 ], [ 13.979003906000173, 45.925872803000175 ], [ 13.958592414000123, 45.932960510000157 ], [ 13.95347976700009, 45.932956695000087 ], [ 13.948368073000097, 45.932949067000152 ], [ 13.943255425000075, 45.932945252000138 ], [ 13.943276404000073, 45.936500549000186 ], [ 13.93819999599998, 45.943607331000067 ], [ 13.927975655000012, 45.943595886000082 ], [ 13.927996636000103, 45.947151185 ], [ 13.912696839000091, 45.954246522000062 ], [ 13.902529717000164, 45.964900971000134 ], [ 13.902567864, 45.972011567000152 ], [ 13.887229920000152, 45.971996307000097 ], [ 13.861727715000143, 45.98263549800015 ], [ 13.851504326000054, 45.982624055000144 ], [ 13.841355323000073, 45.996837616000164 ], [ 13.841374397000095, 46.000392915000077 ], [ 13.846486091000088, 46.000396728000112 ], [ 13.851597786000127, 46.000404358000026 ], [ 13.851617814, 46.003959657000109 ], [ 13.856748582000023, 46.007518769000114 ], [ 13.856766700000094, 46.011074066000162 ], [ 13.861881255000071, 46.011077881000062 ], [ 13.862012864000178, 46.035968782000111 ], [ 13.867163658000038, 46.043083190000061 ], [ 13.867202759000179, 46.050193786000079 ], [ 13.867220878000182, 46.053752900000063 ], [ 13.862109183000086, 46.05374527000015 ], [ 13.856996536000111, 46.053741455000079 ], [ 13.857014657000093, 46.057296754000163 ], [ 13.857074737000062, 46.067962646000183 ], [ 13.862187385000141, 46.067966461000026 ], [ 13.867259979000096, 46.060863496000024 ], [ 13.877484321000168, 46.06087112400013 ], [ 13.882635117, 46.067989350000062 ], [ 13.882653236000181, 46.071544647000167 ], [ 13.892897606000133, 46.075111389000028 ], [ 13.898010253000109, 46.075115204000099 ], [ 13.897990227000037, 46.071559907000164 ], [ 13.897971154000174, 46.068004608000081 ], [ 13.89793300700012, 46.060894012000063 ], [ 13.923495292000155, 46.060920716000169 ], [ 13.92351436600012, 46.064476013000103 ], [ 13.92353153200014, 46.068031312000187 ], [ 13.928646088000164, 46.068038940000065 ], [ 13.928664207000168, 46.071594238999978 ], [ 13.933776856000122, 46.071598054000049 ], [ 13.938888551000048, 46.071605682000154 ], [ 13.944001198000024, 46.071609497 ], [ 13.944019317000027, 46.075164796000138 ], [ 13.95426368700015, 46.07873153800017 ], [ 13.954299926000033, 46.085842134000188 ], [ 13.959415435000096, 46.085845947000053 ], [ 13.995084762000033, 46.064552307000156 ], [ 14.01042175300006, 46.06456756700004 ], [ 14.015534400000092, 46.064575195000089 ], [ 14.025757789000124, 46.064582825000059 ], [ 14.025775910000107, 46.068138122000107 ] ] ] ] } },
{ "type": "Feature", "properties": { "fid": 29, "GID_2": "SVN.2.12_1", "GID_0": "SVN", "COUNTRY": "Slovenia", "GID_1": "SVN.2_1", "NAME_1": "Goriška", "NL_NAME_1": "NA", "NAME_2": "Vipava", "VARNAME_2": "NA", "NL_NAME_2": "NA", "TYPE_2": "Opcine", "ENGTYPE_2": "Commune|Municipality", "CC_2": "NA", "HASC_2": "SI.SP.VI" }, "geometry": { "type": "MultiPolygon", "coordinates": [ [ [ [ 13.881356240000173, 45.829769135 ], [ 13.881375313000035, 45.83332443300003 ], [ 13.881431579000093, 45.843994141000167 ], [ 13.891655922999973, 45.84400177100008 ], [ 13.896806717, 45.851119994999976 ], [ 13.91216278100012, 45.854690552000136 ], [ 13.912181854000039, 45.858245849000184 ], [ 13.912218094000025, 45.865356445000032 ], [ 13.937801360000037, 45.868938447000119 ], [ 13.937820434000059, 45.872497559000067 ], [ 13.942932128000052, 45.872501374000137 ], [ 13.948043823000091, 45.872505187000172 ], [ 13.948061943000027, 45.876060486000085 ], [ 13.948082924000062, 45.87961578300019 ], [ 13.953194619000158, 45.879623413000104 ], [ 13.958325387000116, 45.883182525000052 ], [ 13.99409198800015, 45.879665375000172 ], [ 13.994072914000185, 45.876110076000089 ], [ 14.009370804000071, 45.869014741 ], [ 14.00933361, 45.86190414500004 ], [ 14.00422001000004, 45.86190033000014 ], [ 14.004144669000141, 45.847679139000036 ], [ 14.009257316000117, 45.847682954000106 ], [ 14.009236335000082, 45.844127655000193 ], [ 14.039893151000172, 45.840602875000059 ], [ 14.039854050000031, 45.833492279000041 ], [ 14.044927597000139, 45.826385498000093 ], [ 14.050040245000048, 45.82639312900011 ], [ 14.050001145000181, 45.819282533000091 ], [ 14.055112839000174, 45.819286346000126 ], [ 14.055038451000087, 45.805065155000023 ], [ 14.049925804000054, 45.805061341000112 ], [ 14.049907683000072, 45.801506043000074 ], [ 14.044793129000027, 45.801498412000058 ], [ 14.039683342000103, 45.801494599000193 ], [ 14.039548873000115, 45.776603698000145 ], [ 14.039527892000024, 45.773048402000143 ], [ 14.034416200000067, 45.773044586000026 ], [ 14.029303550000179, 45.773036956000055 ], [ 14.029265404, 45.76592636099997 ], [ 14.019043922000037, 45.765918732000159 ], [ 14.013968467000097, 45.773021698000036 ], [ 14.003744125000026, 45.773010255000088 ], [ 13.993519783000124, 45.773002625000174 ], [ 13.99349880200009, 45.769447328000069 ], [ 13.983275413, 45.769435882000039 ], [ 13.968015671000046, 45.78364181600017 ], [ 13.952679634999981, 45.783622742000034 ], [ 13.947604179000166, 45.790729523000152 ], [ 13.932268143000101, 45.79071426400003 ], [ 13.932288169000174, 45.794269561000135 ], [ 13.91695022600004, 45.794254303000116 ], [ 13.916988372000162, 45.801364899000134 ], [ 13.906782151000073, 45.804908752000188 ], [ 13.906803130000128, 45.808464051000101 ], [ 13.891485215000046, 45.81200409000013 ], [ 13.891521454000156, 45.819114685000045 ], [ 13.886411667000061, 45.819110870000031 ], [ 13.881297112000084, 45.819103242000097 ], [ 13.881318093000118, 45.822658539000031 ], [ 13.881336212000122, 45.826213838000115 ], [ 13.881356240000173, 45.829769135 ] ] ] ] } },
{ "type": "Feature", "properties": { "fid": 30, "GID_2": "SVN.3.1_1", "GID_0": "SVN", "COUNTRY": "Slovenia", "GID_1": "SVN.3_1", "NAME_1": "Jugovzhodna Slovenija", "NL_NAME_1": "NA", "NAME_2": "Crnomelj", "VARNAME_2": "NA", "NL_NAME_2": "NA", "TYPE_2": "Opcine", "ENGTYPE_2": "Commune|Municipality", "CC_2": "NA", "HASC_2": "SI.DO.CR" }, "geometry": { "type": "MultiPolygon", "coordinates": [ [ [ [ 15.301977157000181, 45.4595870980001 ], [ 15.291966438000145, 45.459793090000119 ], [ 15.278428078000104, 45.463760376000096 ], [ 15.273926735000089, 45.463897705000193 ], [ 15.262474060999978, 45.464244844 ], [ 15.249466896000172, 45.461151124000025 ], [ 15.231737138000142, 45.458808899000132 ], [ 15.231612204999976, 45.458793641000113 ], [ 15.230877874999976, 45.458698274000085 ], [ 15.23069953900017, 45.458671570000035 ], [ 15.225182533, 45.455608369000174 ], [ 15.216307640000139, 45.450683593000178 ], [ 15.216276169000139, 45.450580596000066 ], [ 15.213893890000065, 45.443401337000182 ], [ 15.212524415000189, 45.439270019000105 ], [ 15.207450866999977, 45.438556672000175 ], [ 15.19689941300004, 45.437072753000052 ], [ 15.187499047000131, 45.437072753000052 ], [ 15.173523903000046, 45.434082031000059 ], [ 15.167456626000103, 45.433490753000115 ], [ 15.159081458000117, 45.432575225000051 ], [ 15.145702362000122, 45.439193725000052 ], [ 15.144275665000123, 45.439899445000151 ], [ 15.137329102000137, 45.451477051000097 ], [ 15.127684592000037, 45.456886292000092 ], [ 15.127323150000166, 45.457088471000077 ], [ 15.113402368000152, 45.460845947000109 ], [ 15.096466064000026, 45.467937469000105 ], [ 15.085898399000087, 45.473457336000195 ], [ 15.08017253800017, 45.481517791000044 ], [ 15.077540397000064, 45.491600036000136 ], [ 15.068969726000148, 45.496185303000175 ], [ 15.067293167000059, 45.497085572000174 ], [ 15.055950165000183, 45.502197265000063 ], [ 15.05548000400006, 45.502319336000141 ], [ 15.060544968000102, 45.507461549000084 ], [ 15.096367837000173, 45.514610291000054 ], [ 15.096406936000108, 45.521720887000015 ], [ 15.086200713000039, 45.525268556000015 ], [ 15.081090926000115, 45.525260925 ], [ 15.070864677000145, 45.525249482000049 ], [ 15.070845604000112, 45.521694183000136 ], [ 15.050358771000106, 45.514564514000085 ], [ 15.040152550000187, 45.518108368000185 ], [ 15.040171623999981, 45.521663667000098 ], [ 15.040209771000036, 45.528774262000184 ], [ 15.04026699100018, 45.539440155000136 ], [ 15.045381546000101, 45.53944778500005 ], [ 15.045399666000037, 45.543003082000098 ], [ 15.060753823000084, 45.54657363900003 ], [ 15.065867423000043, 45.546577454000101 ], [ 15.076090812000132, 45.546588898000152 ], [ 15.07614994000005, 45.557254792000151 ], [ 15.055720330000042, 45.560791016 ], [ 15.055738448000113, 45.564346314000034 ], [ 15.055759429000034, 45.567901611000082 ], [ 15.055776595, 45.57145691 ], [ 15.05579471599998, 45.5750122070001 ], [ 15.055815697000071, 45.578567506000184 ], [ 15.055833817000121, 45.582122803000118 ], [ 15.055851936000124, 45.585678101000099 ], [ 15.050740242000131, 45.585674286000085 ], [ 15.055929185000025, 45.599899293000135 ], [ 15.061041832000171, 45.59990692100007 ], [ 15.081472397000141, 45.596370698000101 ], [ 15.11727714500006, 45.599964141000157 ], [ 15.117313386000092, 45.607074737000175 ], [ 15.117334367000126, 45.610630036000089 ], [ 15.12244605900014, 45.610637666000173 ], [ 15.122485160999986, 45.617748262000191 ], [ 15.127596854999979, 45.617752075000055 ], [ 15.132747650000113, 45.624870301000158 ], [ 15.148083687999986, 45.624885559000177 ], [ 15.153196335000132, 45.62489318900009 ], [ 15.188923837000061, 45.614261628000179 ], [ 15.194035531000054, 45.614269256000114 ], [ 15.194018363000055, 45.610713960000112 ], [ 15.19397926400012, 45.603603364000094 ], [ 15.214388847000123, 45.596511842000041 ], [ 15.219500542, 45.596515657000111 ], [ 15.219483376000028, 45.592960358000028 ], [ 15.224595071000067, 45.592967988000112 ], [ 15.229649543000164, 45.582305909000183 ], [ 15.239873887000044, 45.582317352000132 ], [ 15.239855766000062, 45.578762055000027 ], [ 15.255209923000109, 45.58233261200013 ], [ 15.260265350000111, 45.571670533000031 ], [ 15.265377044000104, 45.571678163000115 ], [ 15.270489694, 45.57168197600015 ], [ 15.275639535000039, 45.578800202000082 ], [ 15.280773163000106, 45.58235931400003 ], [ 15.292976380000027, 45.590908051000099 ], [ 15.297896386000161, 45.581939697000053 ], [ 15.293552399000134, 45.569057465000185 ], [ 15.294084549000161, 45.558715821000192 ], [ 15.298637390000181, 45.548419953000064 ], [ 15.306817054000135, 45.539394378000168 ], [ 15.308470726000053, 45.538661956000112 ], [ 15.309721947000071, 45.538108825000108 ], [ 15.317850113000077, 45.534507751000035 ], [ 15.325961113000062, 45.525241852000136 ], [ 15.338230133000025, 45.511806488000104 ], [ 15.347191811000073, 45.508300781000059 ], [ 15.357770919000188, 45.507671356000117 ], [ 15.369606971, 45.505035400000168 ], [ 15.377724647000036, 45.500679016000106 ], [ 15.377870560000133, 45.494152070000098 ], [ 15.377919198000086, 45.492000580000081 ], [ 15.368852616000027, 45.483829499000137 ], [ 15.356843948000119, 45.474323272999982 ], [ 15.342410087000019, 45.469284058000085 ], [ 15.324808121000046, 45.463394166000171 ], [ 15.311612128000093, 45.459388734000015 ], [ 15.301977157000181, 45.4595870980001 ] ] ] ] } },
{ "type": "Feature", "properties": { "fid": 31, "GID_2": "SVN.3.2_1", "GID_0": "SVN", "COUNTRY": "Slovenia", "GID_1": "SVN.3_1", "NAME_1": "Jugovzhodna Slovenija", "NL_NAME_1": "NA", "NAME_2": "Dolenjske Toplice", "VARNAME_2": "NA", "NL_NAME_2": "NA", "TYPE_2": "Opcine", "ENGTYPE_2": "Commune|Municipality", "CC_2": "NA", "HASC_2": "SI.DO.DT" }, "geometry": { "type": "MultiPolygon", "coordinates": [ [ [ [ 15.015221595000185, 45.635414124000079 ], [ 15.010109902000124, 45.635406494000165 ], [ 14.999903679000056, 45.638950348000094 ], [ 14.999960900000076, 45.64962005600006 ], [ 14.994851113000152, 45.649612427000079 ], [ 14.995003700000041, 45.678058625000062 ], [ 14.979685784000083, 45.681594849000078 ], [ 14.969517708000069, 45.692253113000163 ], [ 14.964404106000075, 45.692245483000079 ], [ 14.964443208000091, 45.69935607900004 ], [ 14.954238892000092, 45.702903747000164 ], [ 14.954255103000094, 45.706459046000077 ], [ 14.954332351000119, 45.720680238000057 ], [ 14.95440960000019, 45.734901429000161 ], [ 14.964633942000091, 45.734912872000109 ], [ 14.964691162, 45.74557876700004 ], [ 14.964712143000099, 45.749134064000145 ], [ 14.964806557000088, 45.766914367000027 ], [ 14.969956398000136, 45.774028778000059 ], [ 14.975068093, 45.774032593000129 ], [ 14.985387802000048, 45.791824341000165 ], [ 15.016062737000141, 45.791854858000079 ], [ 15.021118164000029, 45.781192781000129 ], [ 15.041584968000052, 45.784770966000167 ], [ 15.041508674000113, 45.770549775000063 ], [ 15.056806564000055, 45.763454437000121 ], [ 15.061863900000162, 45.752792358000136 ], [ 15.061843872000111, 45.749237061000031 ], [ 15.061825753000107, 45.745681762000117 ], [ 15.092420577000041, 45.731491089000087 ], [ 15.097494125000082, 45.724388124000086 ], [ 15.097476006000079, 45.720829010000102 ], [ 15.107682227000168, 45.717285156000173 ], [ 15.107643128000063, 45.710174560000155 ], [ 15.102531433000138, 45.710170745000141 ], [ 15.102513313000088, 45.70661544900014 ], [ 15.102492332, 45.703060150000056 ], [ 15.087138177000156, 45.699485779000156 ], [ 15.08709907500014, 45.69237518400007 ], [ 15.087078094000049, 45.688819885000157 ], [ 15.081966400000056, 45.688816070000087 ], [ 15.076856613000132, 45.688808442000152 ], [ 15.06663227100006, 45.688800811000135 ], [ 15.061517716000139, 45.68879318300003 ], [ 15.046181678000039, 45.688777923000032 ], [ 15.041030884, 45.681659699000136 ], [ 15.041012763000026, 45.6781044 ], [ 15.035842896000133, 45.667434693000132 ], [ 15.015356064000059, 45.660301208000135 ], [ 15.015298842999982, 45.649635316000115 ], [ 15.020410538000078, 45.64963912900015 ], [ 15.020391464000113, 45.646083832000045 ], [ 15.015221595000185, 45.635414124000079 ] ] ] ] } },
{ "type": "Feature", "properties": { "fid": 32, "GID_2": "SVN.3.3_1", "GID_0": "SVN", "COUNTRY": "Slovenia", "GID_1": "SVN.3_1", "NAME_1": "Jugovzhodna Slovenija", "NL_NAME_1": "NA", "NAME_2": "Kocevje", "VARNAME_2": "NA", "NL_NAME_2": "NA", "TYPE_2": "Opcine", "ENGTYPE_2": "Commune|Municipality", "CC_2": "NA", "HASC_2": "SI.LJ.KC" }, "geometry": { "type": "MultiPolygon", "coordinates": [ [ [ [ 15.018175125000141, 45.499992371000076 ], [ 15.00811767700003, 45.504699707000157 ], [ 14.996521950999977, 45.507080079000104 ], [ 14.981078147000062, 45.506530763000171 ], [ 14.976122855000085, 45.509109496000065 ], [ 14.970404625000185, 45.512088776000041 ], [ 14.967713356000161, 45.513488769000162 ], [ 14.95830726500003, 45.519546510000168 ], [ 14.953717232000088, 45.522548676000042 ], [ 14.949630736000017, 45.525096893000125 ], [ 14.94212818200009, 45.529777527000135 ], [ 14.933354378000161, 45.53590011600005 ], [ 14.931568145000085, 45.537147522000055 ], [ 14.913704872999972, 45.539867402000027 ], [ 14.902812957000094, 45.535644532000049 ], [ 14.898838043000012, 45.534103395000159 ], [ 14.896414757000059, 45.521942140000135 ], [ 14.89193725500013, 45.525062561000141 ], [ 14.881691933000127, 45.521495819000052 ], [ 14.881711961000178, 45.525051118000135 ], [ 14.866375923000135, 45.525035858000138 ], [ 14.85620880099998, 45.535690306999982 ], [ 14.840890883000043, 45.539230347000171 ], [ 14.840872765000142, 45.535675049000133 ], [ 14.825533866000114, 45.535659790000068 ], [ 14.820384980000028, 45.528541564000136 ], [ 14.825476646000141, 45.524993896000069 ], [ 14.825420380000139, 45.514328003000116 ], [ 14.820268632000023, 45.507209777000185 ], [ 14.810027122000122, 45.503643035000152 ], [ 14.810006141000088, 45.500087738000047 ], [ 14.804668426000092, 45.501323701000103 ], [ 14.801695824000035, 45.50811767700003 ], [ 14.794922829000143, 45.514282226000148 ], [ 14.786907196000129, 45.515689850000115 ], [ 14.738682746000052, 45.546234131 ], [ 14.738702775000036, 45.549789430000146 ], [ 14.728479386000117, 45.549777984000059 ], [ 14.728496551000035, 45.553333283000143 ], [ 14.713182449000044, 45.556873322000058 ], [ 14.713199615, 45.560428619000163 ], [ 14.718386650000127, 45.57465744000018 ], [ 14.713274956000134, 45.574649810000039 ], [ 14.713295937, 45.578208924000194 ], [ 14.708181382000021, 45.57820129400011 ], [ 14.708202363000112, 45.581756593000193 ], [ 14.708276749000049, 45.595977784000127 ], [ 14.703165054000124, 45.595973969000056 ], [ 14.703185081000072, 45.599529266000161 ], [ 14.703204154000161, 45.603084565000074 ], [ 14.703281402000187, 45.617305756000178 ], [ 14.698166848000085, 45.617301941000107 ], [ 14.698204994000093, 45.624412537000126 ], [ 14.688001634000159, 45.627956390000122 ], [ 14.688019752000059, 45.631511689000035 ], [ 14.688037873000042, 45.63506698600014 ], [ 14.713601113000038, 45.635093690000076 ], [ 14.713658333000126, 45.64576339700011 ], [ 14.71877193500012, 45.64576721200018 ], [ 14.744274139000026, 45.635128021000128 ], [ 14.759610177000127, 45.635143280000079 ], [ 14.764779091000037, 45.645816802000184 ], [ 14.769968987000084, 45.660041809000063 ], [ 14.764951705000101, 45.67781448400018 ], [ 14.759838105000142, 45.677810669000166 ], [ 14.759897233000061, 45.688476563000165 ], [ 14.765008927000054, 45.688480377000133 ], [ 14.795816420999984, 45.713401794000049 ], [ 14.795854568000038, 45.72051239000001 ], [ 14.80096721700005, 45.720520020000151 ], [ 14.806118011000081, 45.727634431000183 ], [ 14.780632972000035, 45.741828919000113 ], [ 14.780651093000017, 45.745384216000048 ], [ 14.780690192000179, 45.752498625999976 ], [ 14.796044349000056, 45.756069184000182 ], [ 14.79606533000009, 45.759624482 ], [ 14.806270599000072, 45.756080627000188 ], [ 14.821624755000016, 45.75965118400012 ], [ 14.826737405000131, 45.759654999000134 ], [ 14.826719284000092, 45.75609970000005 ], [ 14.847167015000082, 45.756122589000086 ], [ 14.857392311000069, 45.75613403400007 ], [ 14.85737323800015, 45.752578735000156 ], [ 14.857355117000168, 45.749023438000052 ], [ 14.857335091000095, 45.745468139000138 ], [ 14.862446786000191, 45.745471953999981 ], [ 14.877782822000086, 45.745487213000104 ], [ 14.882898331000092, 45.745494843000017 ], [ 14.888007164000157, 45.745498658000088 ], [ 14.893157960000167, 45.752616881999984 ], [ 14.898365974000114, 45.770397187000071 ], [ 14.92394733500015, 45.773979188000055 ], [ 14.93924522400016, 45.766883850000056 ], [ 14.964806557000088, 45.766914367000027 ], [ 14.964712143000099, 45.749134064000145 ], [ 14.964691162, 45.74557876700004 ], [ 14.964633942000091, 45.734912872000109 ], [ 14.95440960000019, 45.734901429000161 ], [ 14.954332351000119, 45.720680238000057 ], [ 14.954255103000094, 45.706459046000077 ], [ 14.954238892000092, 45.702903747000164 ], [ 14.964443208000091, 45.69935607900004 ], [ 14.964404106000075, 45.692245483000079 ], [ 14.969517708000069, 45.692253113000163 ], [ 14.979685784000083, 45.681594849000078 ], [ 14.995003700000041, 45.678058625000062 ], [ 14.994851113000152, 45.649612427000079 ], [ 14.999960900000076, 45.64962005600006 ], [ 14.999903679000056, 45.638950348000094 ], [ 15.010109902000124, 45.635406494000165 ], [ 15.015221595000185, 45.635414124000079 ], [ 15.015204429, 45.631858826000098 ], [ 15.020258903000069, 45.621196746000066 ], [ 15.025370598000166, 45.62120056100008 ], [ 15.025332451000111, 45.614089966000165 ], [ 15.030444145000104, 45.614097596000079 ], [ 15.035517693000145, 45.606990815000131 ], [ 15.045743942000058, 45.607002258000136 ], [ 15.045723914, 45.603446962000135 ], [ 15.045704841000145, 45.599891663000051 ], [ 15.050816535000138, 45.599895478000064 ], [ 15.055929185000025, 45.599899293000135 ], [ 15.050740242000131, 45.585674286000085 ], [ 15.055851936000124, 45.585678101000099 ], [ 15.055833817000121, 45.582122803000118 ], [ 15.055815697000071, 45.578567506000184 ], [ 15.05579471599998, 45.5750122070001 ], [ 15.055776595, 45.57145691 ], [ 15.055759429000034, 45.567901611000082 ], [ 15.055738448000113, 45.564346314000034 ], [ 15.055720330000042, 45.560791016 ], [ 15.07614994000005, 45.557254792000151 ], [ 15.076090812000132, 45.546588898000152 ], [ 15.065867423000043, 45.546577454000101 ], [ 15.060753823000084, 45.54657363900003 ], [ 15.045399666000037, 45.543003082000098 ], [ 15.045381546000101, 45.53944778500005 ], [ 15.04026699100018, 45.539440155000136 ], [ 15.040209771000036, 45.528774262000184 ], [ 15.040171623999981, 45.521663667000098 ], [ 15.040152550000187, 45.518108368000185 ], [ 15.050358771000106, 45.514564514000085 ], [ 15.070845604000112, 45.521694183000136 ], [ 15.070864677000145, 45.525249482000049 ], [ 15.081090926000115, 45.525260925 ], [ 15.086200713000039, 45.525268556000015 ], [ 15.096406936000108, 45.521720887000015 ], [ 15.096367837000173, 45.514610291000054 ], [ 15.060544968000102, 45.507461549000084 ], [ 15.05548000400006, 45.502319336000141 ], [ 15.039122582000061, 45.504699707000157 ], [ 15.020506860000069, 45.498901368000134 ], [ 15.018175125000141, 45.499992371000076 ] ] ] ] } },
{ "type": "Feature", "properties": { "fid": 33, "GID_2": "SVN.3.4_1", "GID_0": "SVN", "COUNTRY": "Slovenia", "GID_1": "SVN.3_1", "NAME_1": "Jugovzhodna Slovenija", "NL_NAME_1": "NA", "NAME_2": "Kostel", "VARNAME_2": "NA", "NL_NAME_2": "NA", "TYPE_2": "Opcine", "ENGTYPE_2": "Commune|Municipality", "CC_2": "NA", "HASC_2": "SI.LJ.KS" }, "geometry": { "type": "MultiPolygon", "coordinates": [ [ [ [ 14.896414757000059, 45.521942140000135 ], [ 14.895778655000186, 45.518756866000047 ], [ 14.899584770999979, 45.507633209000062 ], [ 14.899181366999983, 45.506744385000047 ], [ 14.894810677000066, 45.497119904000158 ], [ 14.893120766000095, 45.494892120000031 ], [ 14.887556075000191, 45.487560272000053 ], [ 14.871680261000051, 45.483306885000104 ], [ 14.867656707000037, 45.481956481000111 ], [ 14.860108376000142, 45.479492188000052 ], [ 14.846496581000054, 45.477478027000075 ], [ 14.829284667000024, 45.474914551000097 ], [ 14.820713998000087, 45.47441482500011 ], [ 14.815737724000087, 45.47413253700006 ], [ 14.813554765000049, 45.475379943000064 ], [ 14.810247422000032, 45.477268219000109 ], [ 14.805829048000021, 45.479789735000054 ], [ 14.805760384000052, 45.491237641000112 ], [ 14.80560970300013, 45.49895858800005 ], [ 14.804579734000072, 45.501342774000136 ], [ 14.804668426000092, 45.501323701000103 ], [ 14.810006141000088, 45.500087738000047 ], [ 14.810027122000122, 45.503643035000152 ], [ 14.820268632000023, 45.507209777000185 ], [ 14.825420380000139, 45.514328003000116 ], [ 14.825476646000141, 45.524993896000069 ], [ 14.820384980000028, 45.528541564000136 ], [ 14.825533866000114, 45.535659790000068 ], [ 14.840872765000142, 45.535675049000133 ], [ 14.840890883000043, 45.539230347000171 ], [ 14.85620880099998, 45.535690306999982 ], [ 14.866375923000135, 45.525035858000138 ], [ 14.881711961000178, 45.525051118000135 ], [ 14.881691933000127, 45.521495819000052 ], [ 14.89193725500013, 45.525062561000141 ], [ 14.896414757000059, 45.521942140000135 ] ] ] ] } },
{ "type": "Feature", "properties": { "fid": 34, "GID_2": "SVN.3.5_1", "GID_0": "SVN", "COUNTRY": "Slovenia", "GID_1": "SVN.3_1", "NAME_1": "Jugovzhodna Slovenija", "NL_NAME_1": "NA", "NAME_2": "Loški Potok", "VARNAME_2": "NA", "NL_NAME_2": "NA", "TYPE_2": "Opcine", "ENGTYPE_2": "Commune|Municipality", "CC_2": "NA", "HASC_2": "SI.LJ.LP" }, "geometry": { "type": "MultiPolygon", "coordinates": [ [ [ [ 14.667580603999966, 45.583217621000131 ], [ 14.667480470000044, 45.583312988000102 ], [ 14.664305686000091, 45.586486817000036 ], [ 14.649719238000046, 45.591918946000192 ], [ 14.629160882000122, 45.596481323000091 ], [ 14.633891106000135, 45.602451325000061 ], [ 14.632910728000013, 45.603919984000186 ], [ 14.629245758000025, 45.609409333000087 ], [ 14.624429703000033, 45.611095428000056 ], [ 14.614518166000039, 45.614570618000187 ], [ 14.600243569000156, 45.620391846000075 ], [ 14.597068788000058, 45.623027802000195 ], [ 14.598538399000063, 45.626342774000022 ], [ 14.603026390000082, 45.63646697900009 ], [ 14.612591743000053, 45.646053313000095 ], [ 14.620265960000097, 45.658100128000058 ], [ 14.606874465000033, 45.665283204000048 ], [ 14.606210709000038, 45.665428161000193 ], [ 14.604845047000026, 45.665721893000182 ], [ 14.5902700420001, 45.668884278000064 ], [ 14.577880859000061, 45.666076661000034 ], [ 14.557231903000059, 45.671379090000073 ], [ 14.555267334000177, 45.671890259 ], [ 14.554184913000029, 45.667762756 ], [ 14.55021858200007, 45.674034119000112 ], [ 14.54512500900006, 45.677581788000111 ], [ 14.540204048000135, 45.713134766000167 ], [ 14.535092354000142, 45.713127136000026 ], [ 14.530055045000154, 45.727344513000162 ], [ 14.524943351000161, 45.727340698000148 ], [ 14.525003433000165, 45.738006592000147 ], [ 14.525020599000129, 45.741561889000025 ], [ 14.530133247000037, 45.741565704000095 ], [ 14.53524494100003, 45.741573334000179 ], [ 14.540356635000023, 45.741577149000079 ], [ 14.540317536000089, 45.734466554000164 ], [ 14.560787200000163, 45.738044739000031 ], [ 14.576124191000019, 45.73805999700005 ], [ 14.576103209999985, 45.734504700000116 ], [ 14.596532822000142, 45.730968475000168 ], [ 14.601645470000051, 45.730976105000082 ], [ 14.606757164000044, 45.730979920000152 ], [ 14.606739044000108, 45.727424621000068 ], [ 14.616963387000112, 45.727436067000099 ], [ 14.622018814000171, 45.716773987000067 ], [ 14.632224083000153, 45.713230134000014 ], [ 14.647407532000102, 45.68480300900012 ], [ 14.652520179000078, 45.684806824000191 ], [ 14.652502060000074, 45.681251525000107 ], [ 14.708717347000061, 45.677757264000093 ], [ 14.708660127000144, 45.667087556000126 ], [ 14.718884468000113, 45.667098999000075 ], [ 14.718788147000055, 45.649322509000058 ], [ 14.71877193500012, 45.64576721200018 ], [ 14.713658333000126, 45.64576339700011 ], [ 14.713601113000038, 45.635093690000076 ], [ 14.688037873000042, 45.63506698600014 ], [ 14.688019752000059, 45.631511689000035 ], [ 14.688001634000159, 45.627956390000122 ], [ 14.698204994000093, 45.624412537000126 ], [ 14.698166848000085, 45.617301941000107 ], [ 14.703281402000187, 45.617305756000178 ], [ 14.703204154000161, 45.603084565000074 ], [ 14.703185081000072, 45.599529266000161 ], [ 14.703165054000124, 45.595973969000056 ], [ 14.692940713000155, 45.595962524000072 ], [ 14.69292163900019, 45.592407227000194 ], [ 14.672434807000059, 45.585273743000073 ], [ 14.667580603999966, 45.583217621000131 ] ] ] ] } },
{ "type": "Feature", "properties": { "fid": 35, "GID_2": "SVN.3.6_1", "GID_0": "SVN", "COUNTRY": "Slovenia", "GID_1": "SVN.3_1", "NAME_1": "Jugovzhodna Slovenija", "NL_NAME_1": "NA", "NAME_2": "Metlika", "VARNAME_2": "NA", "NL_NAME_2": "NA", "TYPE_2": "Opcine", "ENGTYPE_2": "Commune|Municipality", "CC_2": "NA", "HASC_2": "SI.DO.ME" }, "geometry": { "type": "MultiPolygon", "coordinates": [ [ [ [ 15.23700523499997, 45.723545074000128 ], [ 15.236989021000056, 45.723396302000083 ], [ 15.237025261000042, 45.723281860000043 ], [ 15.240078926000024, 45.713958740000123 ], [ 15.250301360000094, 45.708232880000082 ], [ 15.257515908000187, 45.708518983000033 ], [ 15.260130883000102, 45.708621980000146 ], [ 15.272766113000159, 45.708023072000174 ], [ 15.273352623, 45.707130433000088 ], [ 15.278374671000051, 45.699489595000102 ], [ 15.284505843000034, 45.690204620000031 ], [ 15.290241242000036, 45.68868255600006 ], [ 15.295817376000059, 45.69179153400006 ], [ 15.300861359000066, 45.694602966000161 ], [ 15.312728881, 45.703197479000096 ], [ 15.321826935000161, 45.713016511000035 ], [ 15.326605796000024, 45.718132018000063 ], [ 15.337678909999966, 45.718708038000159 ], [ 15.340273857, 45.716514588 ], [ 15.343784333000031, 45.71354675300006 ], [ 15.350765228000057, 45.698783874000071 ], [ 15.360120774, 45.687294006000116 ], [ 15.373806953000098, 45.682449341000051 ], [ 15.37418556300014, 45.682315827000025 ], [ 15.383732795000128, 45.67500686700015 ], [ 15.390637399000127, 45.666332246000138 ], [ 15.38707447000013, 45.65735244800004 ], [ 15.380393981000111, 45.652664185000162 ], [ 15.378612518000068, 45.652847289000192 ], [ 15.371675491000133, 45.653572083000142 ], [ 15.365605354000138, 45.654205323000156 ], [ 15.355294228000162, 45.656211854000162 ], [ 15.337549209000031, 45.656421662000128 ], [ 15.32814025800019, 45.651546478000114 ], [ 15.332441329000176, 45.646423340000069 ], [ 15.326103210000042, 45.643337251000105 ], [ 15.312523841000086, 45.64100265400009 ], [ 15.3013353340001, 45.633975982000095 ], [ 15.300800324000079, 45.624908447000109 ], [ 15.295840264, 45.617229462000068 ], [ 15.282329559000061, 45.613487245000158 ], [ 15.279166221000025, 45.604690552000136 ], [ 15.291092872000149, 45.594341278000059 ], [ 15.29271316500018, 45.591388702000188 ], [ 15.292976380000027, 45.590908051000099 ], [ 15.280773163000106, 45.58235931400003 ], [ 15.275639535000039, 45.578800202000082 ], [ 15.270489694, 45.57168197600015 ], [ 15.265377044000104, 45.571678163000115 ], [ 15.260265350000111, 45.571670533000031 ], [ 15.255209923000109, 45.58233261200013 ], [ 15.239855766000062, 45.578762055000027 ], [ 15.239873887000044, 45.582317352000132 ], [ 15.229649543000164, 45.582305909000183 ], [ 15.224595071000067, 45.592967988000112 ], [ 15.219483376000028, 45.592960358000028 ], [ 15.219500542, 45.596515657000111 ], [ 15.214388847000123, 45.596511842000041 ], [ 15.19397926400012, 45.603603364000094 ], [ 15.194018363000055, 45.610713960000112 ], [ 15.209354401000098, 45.610729218000131 ], [ 15.209371567000119, 45.614284515 ], [ 15.21448421499997, 45.614288330000079 ], [ 15.214505195000129, 45.617843629000163 ], [ 15.22988033300004, 45.624973298000043 ], [ 15.229936599000098, 45.635639190000063 ], [ 15.240181923000137, 45.639205932000152 ], [ 15.250404358000083, 45.639217378000183 ], [ 15.25555419900013, 45.646331787000065 ], [ 15.260666846000106, 45.646339417000149 ], [ 15.260703088000128, 45.653450012000064 ], [ 15.240313530000094, 45.664093018000131 ], [ 15.245465279000086, 45.671211242000084 ], [ 15.240388871, 45.678314210000167 ], [ 15.225070953, 45.68185424800015 ], [ 15.219961166000076, 45.681850433000079 ], [ 15.219979287000115, 45.685405732000163 ], [ 15.219998360000147, 45.688961029000097 ], [ 15.214885711000022, 45.688953401000163 ], [ 15.214961052000092, 45.703178405000131 ], [ 15.209851265000168, 45.703170777000025 ], [ 15.20986938599998, 45.70672607400013 ], [ 15.209886551000068, 45.710281373000043 ], [ 15.215038300000117, 45.717399597000167 ], [ 15.225264550000134, 45.717411042000094 ], [ 15.225282668000034, 45.720966339000029 ], [ 15.23700523499997, 45.723545074000128 ] ] ] ] } },
{ "type": "Feature", "properties": { "fid": 36, "GID_2": "SVN.3.7_1", "GID_0": "SVN", "COUNTRY": "Slovenia", "GID_1": "SVN.3_1", "NAME_1": "Jugovzhodna Slovenija", "NL_NAME_1": "NA", "NAME_2": "Mirna Pec", "VARNAME_2": "NA", "NL_NAME_2": "NA", "TYPE_2": "Opcine", "ENGTYPE_2": "Commune|Municipality", "CC_2": "NA", "HASC_2": "SI.DO.MP" }, "geometry": { "type": "MultiPolygon", "coordinates": [ [ [ [ 15.123859405000189, 45.873744965000071 ], [ 15.123820306000084, 45.866634369000053 ], [ 15.118707657000073, 45.866626739000139 ], [ 15.118687630000124, 45.863071442000034 ], [ 15.118651391000071, 45.855960847000119 ], [ 15.118631363000191, 45.852405548000036 ], [ 15.118594169000119, 45.845294952000074 ], [ 15.103258133000054, 45.845279694000055 ], [ 15.103238106000106, 45.841724395000142 ], [ 15.103180886000132, 45.831058502000189 ], [ 15.092955590000031, 45.83104705900007 ], [ 15.09291839600013, 45.823936463000052 ], [ 15.092899322000164, 45.820381165000072 ], [ 15.082674980000093, 45.820369721000191 ], [ 15.082656859999986, 45.816814423000153 ], [ 15.077543258000048, 45.816806794000172 ], [ 15.077524184000026, 45.813251496000134 ], [ 15.077506066000126, 45.809696199000086 ], [ 15.067279816000109, 45.80968475300017 ], [ 15.052021027000137, 45.823890686000084 ], [ 15.031572341000185, 45.823871613 ], [ 15.026554108000028, 45.841644288000168 ], [ 15.021442414000035, 45.841636658000027 ], [ 15.016329764000147, 45.841632843000184 ], [ 15.01634788500013, 45.845188142000097 ], [ 15.016443252000101, 45.862964630000079 ], [ 15.021557809000058, 45.862968445000149 ], [ 15.021594048000111, 45.87008285600001 ], [ 15.042042732000084, 45.8701019290001 ], [ 15.04210185900007, 45.880767822 ], [ 15.06254959000006, 45.880790710000156 ], [ 15.067662239000015, 45.880794525000169 ], [ 15.067681313000037, 45.884353637000117 ], [ 15.067701339000052, 45.887908936000031 ], [ 15.067719460000092, 45.891464233000136 ], [ 15.077961922000043, 45.895027160000154 ], [ 15.103467942000123, 45.884387971000137 ], [ 15.108540535000145, 45.877285004000157 ], [ 15.123876571000039, 45.877300262000176 ], [ 15.123859405000189, 45.873744965000071 ] ] ] ] } },
{ "type": "Feature", "properties": { "fid": 37, "GID_2": "SVN.3.8_1", "GID_0": "SVN", "COUNTRY": "Slovenia", "GID_1": "SVN.3_1", "NAME_1": "Jugovzhodna Slovenija", "NL_NAME_1": "NA", "NAME_2": "Novo Mesto", "VARNAME_2": "NA", "NL_NAME_2": "NA", "TYPE_2": "Opcine", "ENGTYPE_2": "Commune|Municipality", "CC_2": "NA", "HASC_2": "SI.DO.NM" }, "geometry": { "type": "MultiPolygon", "coordinates": [ [ [ [ 15.312455178, 45.759277344000054 ], [ 15.302515984000081, 45.755710602000192 ], [ 15.296715736000124, 45.753757478000068 ], [ 15.256242751000116, 45.740131379000161 ], [ 15.242884635000109, 45.737293244000114 ], [ 15.237707138000076, 45.730102539000143 ], [ 15.23700523499997, 45.723545074000128 ], [ 15.225282668000034, 45.720966339000029 ], [ 15.225264550000134, 45.717411042000094 ], [ 15.215038300000117, 45.717399597000167 ], [ 15.209886551000068, 45.710281373000043 ], [ 15.20986938599998, 45.70672607400013 ], [ 15.209851265000168, 45.703170777000025 ], [ 15.20473671000002, 45.703166962000182 ], [ 15.199626923000096, 45.703159332000041 ], [ 15.19451236600014, 45.703155519000177 ], [ 15.184230804000151, 45.692478181000126 ], [ 15.163762093000059, 45.68889999400011 ], [ 15.158614159000081, 45.681785583000021 ], [ 15.143314362000069, 45.688880920000145 ], [ 15.143334388000142, 45.692436219000058 ], [ 15.13311004600007, 45.692424774000074 ], [ 15.1228837970001, 45.692413331000068 ], [ 15.11777401, 45.692409515000122 ], [ 15.097305298000038, 45.688831330000085 ], [ 15.092192649000026, 45.688827515000071 ], [ 15.087078094000049, 45.688819885000157 ], [ 15.08709907500014, 45.69237518400007 ], [ 15.087138177000156, 45.699485779000156 ], [ 15.102492332, 45.703060150000056 ], [ 15.102513313000088, 45.70661544900014 ], [ 15.102531433000138, 45.710170745000141 ], [ 15.107643128000063, 45.710174560000155 ], [ 15.107682227000168, 45.717285156000173 ], [ 15.097476006000079, 45.720829010000102 ], [ 15.097494125000082, 45.724388124000086 ], [ 15.092420577000041, 45.731491089000087 ], [ 15.061825753000107, 45.745681762000117 ], [ 15.061843872000111, 45.749237061000031 ], [ 15.061863900000162, 45.752792358000136 ], [ 15.056806564000055, 45.763454437000121 ], [ 15.041508674000113, 45.770549775000063 ], [ 15.041584968000052, 45.784770966000167 ], [ 15.062091828, 45.795459747000052 ], [ 15.067279816000109, 45.80968475300017 ], [ 15.077506066000126, 45.809696199000086 ], [ 15.077524184000026, 45.813251496000134 ], [ 15.077543258000048, 45.816806794000172 ], [ 15.082656859999986, 45.816814423000153 ], [ 15.082674980000093, 45.820369721000191 ], [ 15.092899322000164, 45.820381165000072 ], [ 15.09291839600013, 45.823936463000052 ], [ 15.092955590000031, 45.83104705900007 ], [ 15.103180886000132, 45.831058502000189 ], [ 15.103238106000106, 45.841724395000142 ], [ 15.103258133000054, 45.845279694000055 ], [ 15.118594169000119, 45.845294952000074 ], [ 15.118631363000191, 45.852405548000036 ], [ 15.118651391000071, 45.855960847000119 ], [ 15.118687630000124, 45.863071442000034 ], [ 15.118707657000073, 45.866626739000139 ], [ 15.123820306000084, 45.866634369000053 ], [ 15.123859405000189, 45.873744965000071 ], [ 15.144287110000107, 45.870208740000123 ], [ 15.174943924000047, 45.866687775000059 ], [ 15.174962045000029, 45.87024307300004 ], [ 15.195448875000125, 45.877376556000058 ], [ 15.195466996000107, 45.880931854000096 ], [ 15.195487977000141, 45.88448715300018 ], [ 15.200599671000134, 45.884490966000044 ], [ 15.200638771000172, 45.891601562000062 ], [ 15.210881233000123, 45.895168304000094 ], [ 15.205825806000064, 45.905830384000183 ], [ 15.205843925000067, 45.90938568100006 ], [ 15.205864906000102, 45.912940979000098 ], [ 15.205883026000038, 45.916496276000146 ], [ 15.211033820000068, 45.923614502000078 ], [ 15.216146470000126, 45.923618317000148 ], [ 15.221258164000119, 45.923622132 ], [ 15.231425286000047, 45.912967683000147 ], [ 15.241648675000135, 45.912979126000096 ], [ 15.241630554000153, 45.909423829000048 ], [ 15.251836777000051, 45.905879974000186 ], [ 15.267172813000116, 45.905895234000184 ], [ 15.261946678000129, 45.884555816999978 ], [ 15.277262688000178, 45.881015778000119 ], [ 15.277244568000071, 45.877460479000035 ], [ 15.282357215000047, 45.87746811 ], [ 15.282339096000044, 45.873912811000082 ], [ 15.282298087000129, 45.866798402000029 ], [ 15.261831283000106, 45.863224030000083 ], [ 15.246419906000142, 45.848983765000185 ], [ 15.246398925000051, 45.845428466000101 ], [ 15.246362686, 45.838317870000083 ], [ 15.246341705000134, 45.834762574000081 ], [ 15.24632358600013, 45.831207275000168 ], [ 15.251436234000039, 45.831211090000011 ], [ 15.251379013000189, 45.820545197000115 ], [ 15.266696931000183, 45.817005159000132 ], [ 15.266676903000132, 45.813449860000048 ], [ 15.26665782900011, 45.809894563000114 ], [ 15.271769524000035, 45.809902191000049 ], [ 15.276825906000056, 45.79924011200012 ], [ 15.281937600000049, 45.799243927000134 ], [ 15.281916619000185, 45.795688630000029 ], [ 15.302310943000066, 45.78504562400019 ], [ 15.302232742000115, 45.770824432000154 ], [ 15.307346344000052, 45.7708282480001 ], [ 15.312455178, 45.759277344000054 ] ] ] ] } },
{ "type": "Feature", "properties": { "fid": 38, "GID_2": "SVN.3.9_1", "GID_0": "SVN", "COUNTRY": "Slovenia", "GID_1": "SVN.3_1", "NAME_1": "Jugovzhodna Slovenija", "NL_NAME_1": "NA", "NAME_2": "Osilnica", "VARNAME_2": "NA", "NL_NAME_2": "NA", "TYPE_2": "Opcine", "ENGTYPE_2": "Commune|Municipality", "CC_2": "NA", "HASC_2": "SI.LJ.OS" }, "geometry": { "type": "MultiPolygon", "coordinates": [ [ [ [ 14.680869102000088, 45.532432557000106 ], [ 14.673957826000048, 45.536640166000154 ], [ 14.678629875000183, 45.542648315000179 ], [ 14.681551934000083, 45.546401978000176 ], [ 14.68258381000004, 45.557868958000029 ], [ 14.682698250000101, 45.559139253000012 ], [ 14.682676315000151, 45.559230805000141 ], [ 14.680727005000165, 45.567436219000172 ], [ 14.680312156000014, 45.569179536000036 ], [ 14.6729726800001, 45.577835084000185 ], [ 14.667580603999966, 45.583217621000131 ], [ 14.672434807000059, 45.585273743000073 ], [ 14.69292163900019, 45.592407227000194 ], [ 14.692940713000155, 45.595962524000072 ], [ 14.703165054000124, 45.595973969000056 ], [ 14.708276749000049, 45.595977784000127 ], [ 14.708202363000112, 45.581756593000193 ], [ 14.708181382000021, 45.57820129400011 ], [ 14.713295937, 45.578208924000194 ], [ 14.713274956000134, 45.574649810000039 ], [ 14.718386650000127, 45.57465744000018 ], [ 14.713199615, 45.560428619000163 ], [ 14.713182449000044, 45.556873322000058 ], [ 14.728496551000035, 45.553333283000143 ], [ 14.728479386000117, 45.549777984000059 ], [ 14.738702775000036, 45.549789430000146 ], [ 14.738682746000052, 45.546234131 ], [ 14.786907196000129, 45.515689850000115 ], [ 14.776844979000089, 45.517444612000133 ], [ 14.765033721000123, 45.518608094000172 ], [ 14.761102677000167, 45.518997192000029 ], [ 14.75716686200019, 45.518184662000124 ], [ 14.75232601100015, 45.517185212000186 ], [ 14.743375779000132, 45.516181945000028 ], [ 14.735158921000107, 45.517391203999978 ], [ 14.731478691000063, 45.517932892000033 ], [ 14.730924605000041, 45.518630982000104 ], [ 14.725047112000027, 45.526039124000192 ], [ 14.711325645000045, 45.531116485000098 ], [ 14.706451416000107, 45.530376435000164 ], [ 14.69830322200005, 45.529113769000105 ], [ 14.696358681000163, 45.528709412000183 ], [ 14.689496994000081, 45.527175903 ], [ 14.680869102000088, 45.532432557000106 ] ] ] ] } },
{ "type": "Feature", "properties": { "fid": 39, "GID_2": "SVN.3.10_1", "GID_0": "SVN", "COUNTRY": "Slovenia", "GID_1": "SVN.3_1", "NAME_1": "Jugovzhodna Slovenija", "NL_NAME_1": "NA", "NAME_2": "Ribnica", "VARNAME_2": "NA", "NL_NAME_2": "NA", "TYPE_2": "Opcine", "ENGTYPE_2": "Commune|Municipality", "CC_2": "NA", "HASC_2": "SI.LJ.RI" }, "geometry": { "type": "MultiPolygon", "coordinates": [ [ [ [ 14.780651093000017, 45.745384216000048 ], [ 14.780632972000035, 45.741828919000113 ], [ 14.806118011000081, 45.727634431000183 ], [ 14.80096721700005, 45.720520020000151 ], [ 14.795854568000038, 45.72051239000001 ], [ 14.795816420999984, 45.713401794000049 ], [ 14.765008927000054, 45.688480377000133 ], [ 14.759897233000061, 45.688476563000165 ], [ 14.759838105000142, 45.677810669000166 ], [ 14.764951705000101, 45.67781448400018 ], [ 14.769968987000084, 45.660041809000063 ], [ 14.764779091000037, 45.645816802000184 ], [ 14.759610177000127, 45.635143280000079 ], [ 14.744274139000026, 45.635128021000128 ], [ 14.71877193500012, 45.64576721200018 ], [ 14.718788147000055, 45.649322509000058 ], [ 14.718884468000113, 45.667098999000075 ], [ 14.708660127000144, 45.667087556000126 ], [ 14.708717347000061, 45.677757264000093 ], [ 14.652502060000074, 45.681251525000107 ], [ 14.652520179000078, 45.684806824000191 ], [ 14.647407532000102, 45.68480300900012 ], [ 14.632224083000153, 45.713230134000014 ], [ 14.642469404999986, 45.716796876000103 ], [ 14.647657394000191, 45.73102188200005 ], [ 14.647674561000088, 45.734580994000055 ], [ 14.652789116000065, 45.734584809000069 ], [ 14.652807235000012, 45.738140106000174 ], [ 14.652826308000101, 45.741695405000087 ], [ 14.657935142000042, 45.741699220000157 ], [ 14.657995223000114, 45.752368928000124 ], [ 14.66310691800004, 45.752372743000137 ], [ 14.668277740000121, 45.763046265000071 ], [ 14.663166045000025, 45.763038635000157 ], [ 14.658054351000033, 45.763034820000087 ], [ 14.652941704000057, 45.763027191999981 ], [ 14.652959824000163, 45.766582489000086 ], [ 14.65297794300011, 45.77013778800017 ], [ 14.652998923999974, 45.773696900000175 ], [ 14.642774582000129, 45.773685456000067 ], [ 14.642792703000111, 45.777240753000171 ], [ 14.637681008000186, 45.777233125000066 ], [ 14.607026100000098, 45.78075790500003 ], [ 14.607045173000131, 45.784313202000135 ], [ 14.601932526000155, 45.784309387000064 ], [ 14.581501961000015, 45.787841797000169 ], [ 14.581522942000049, 45.791397094000047 ], [ 14.581541060000177, 45.794952393000131 ], [ 14.581580162000023, 45.802062989000149 ], [ 14.591803551000112, 45.802074432000154 ], [ 14.612252235000028, 45.802097320000087 ], [ 14.61736488400004, 45.802101136000033 ], [ 14.622476578000033, 45.802108766000117 ], [ 14.642927169000018, 45.802127839000036 ], [ 14.64294624300004, 45.805683136000084 ], [ 14.648057937000033, 45.805690766000055 ], [ 14.648076058000186, 45.809246063000103 ], [ 14.653187752000179, 45.809249878000173 ], [ 14.663469314000167, 45.819927216000053 ], [ 14.673695564000013, 45.819938659 ], [ 14.694087029000116, 45.809291840000071 ], [ 14.694047927000099, 45.80218124400011 ], [ 14.709345817000042, 45.795085906999986 ], [ 14.709327698000038, 45.791530610000109 ], [ 14.729740142000026, 45.784442903000127 ], [ 14.734794617000148, 45.773780823000095 ], [ 14.755146980000063, 45.756027222000114 ], [ 14.780651093000017, 45.745384216000048 ] ] ] ] } },
{ "type": "Feature", "properties": { "fid": 40, "GID_2": "SVN.3.11_1", "GID_0": "SVN", "COUNTRY": "Slovenia", "GID_1": "SVN.3_1", "NAME_1": "Jugovzhodna Slovenija", "NL_NAME_1": "NA", "NAME_2": "Semic", "VARNAME_2": "NA", "NL_NAME_2": "NA", "TYPE_2": "Opcine", "ENGTYPE_2": "Commune|Municipality", "CC_2": "NA", "HASC_2": "SI.DO.SM" }, "geometry": { "type": "MultiPolygon", "coordinates": [ [ [ [ 15.194018363000055, 45.610713960000112 ], [ 15.194035531000054, 45.614269256000114 ], [ 15.188923837000061, 45.614261628000179 ], [ 15.153196335000132, 45.62489318900009 ], [ 15.148083687999986, 45.624885559000177 ], [ 15.132747650000113, 45.624870301000158 ], [ 15.127596854999979, 45.617752075000055 ], [ 15.122485160999986, 45.617748262000191 ], [ 15.12244605900014, 45.610637666000173 ], [ 15.117334367000126, 45.610630036000089 ], [ 15.117313386000092, 45.607074737000175 ], [ 15.11727714500006, 45.599964141000157 ], [ 15.081472397000141, 45.596370698000101 ], [ 15.061041832000171, 45.59990692100007 ], [ 15.055929185000025, 45.599899293000135 ], [ 15.050816535000138, 45.599895478000064 ], [ 15.045704841000145, 45.599891663000051 ], [ 15.045723914, 45.603446962000135 ], [ 15.045743942000058, 45.607002258000136 ], [ 15.035517693000145, 45.606990815000131 ], [ 15.030444145000104, 45.614097596000079 ], [ 15.025332451000111, 45.614089966000165 ], [ 15.025370598000166, 45.62120056100008 ], [ 15.020258903000069, 45.621196746000066 ], [ 15.015204429, 45.631858826000098 ], [ 15.015221595000185, 45.635414124000079 ], [ 15.020391464000113, 45.646083832000045 ], [ 15.020410538000078, 45.64963912900015 ], [ 15.015298842999982, 45.649635316000115 ], [ 15.015356064000059, 45.660301208000135 ], [ 15.035842896000133, 45.667434693000132 ], [ 15.041012763000026, 45.6781044 ], [ 15.041030884, 45.681659699000136 ], [ 15.046181678000039, 45.688777923000032 ], [ 15.061517716000139, 45.68879318300003 ], [ 15.06663227100006, 45.688800811000135 ], [ 15.076856613000132, 45.688808442000152 ], [ 15.081966400000056, 45.688816070000087 ], [ 15.087078094000049, 45.688819885000157 ], [ 15.092192649000026, 45.688827515000071 ], [ 15.097305298000038, 45.688831330000085 ], [ 15.11777401, 45.692409515000122 ], [ 15.1228837970001, 45.692413331000068 ], [ 15.13311004600007, 45.692424774000074 ], [ 15.143334388000142, 45.692436219000058 ], [ 15.143314362000069, 45.688880920000145 ], [ 15.158614159000081, 45.681785583000021 ], [ 15.163762093000059, 45.68889999400011 ], [ 15.184230804000151, 45.692478181000126 ], [ 15.19451236600014, 45.703155519000177 ], [ 15.199626923000096, 45.703159332000041 ], [ 15.20473671000002, 45.703166962000182 ], [ 15.209851265000168, 45.703170777000025 ], [ 15.214961052000092, 45.703178405000131 ], [ 15.214885711000022, 45.688953401000163 ], [ 15.219998360000147, 45.688961029000097 ], [ 15.219979287000115, 45.685405732000163 ], [ 15.219961166000076, 45.681850433000079 ], [ 15.225070953, 45.68185424800015 ], [ 15.240388871, 45.678314210000167 ], [ 15.245465279000086, 45.671211242000084 ], [ 15.240313530000094, 45.664093018000131 ], [ 15.260703088000128, 45.653450012000064 ], [ 15.260666846000106, 45.646339417000149 ], [ 15.25555419900013, 45.646331787000065 ], [ 15.250404358000083, 45.639217378000183 ], [ 15.240181923000137, 45.639205932000152 ], [ 15.229936599000098, 45.635639190000063 ], [ 15.22988033300004, 45.624973298000043 ], [ 15.214505195000129, 45.617843629000163 ], [ 15.21448421499997, 45.614288330000079 ], [ 15.209371567000119, 45.614284515 ], [ 15.209354401000098, 45.610729218000131 ], [ 15.194018363000055, 45.610713960000112 ] ] ] ] } },
{ "type": "Feature", "properties": { "fid": 41, "GID_2": "SVN.3.12_1", "GID_0": "SVN", "COUNTRY": "Slovenia", "GID_1": "SVN.3_1", "NAME_1": "Jugovzhodna Slovenija", "NL_NAME_1": "NA", "NAME_2": "Šentjernej", "VARNAME_2": "NA", "NL_NAME_2": "NA", "TYPE_2": "Opcine", "ENGTYPE_2": "Commune|Municipality", "CC_2": "NA", "HASC_2": "SI.DO.SN" }, "geometry": { "type": "MultiPolygon", "coordinates": [ [ [ [ 15.33395481000008, 45.766986847000169 ], [ 15.317449569000132, 45.761066438000114 ], [ 15.312455178, 45.759277344000054 ], [ 15.307346344000052, 45.7708282480001 ], [ 15.302232742000115, 45.770824432000154 ], [ 15.302310943000066, 45.78504562400019 ], [ 15.281916619000185, 45.795688630000029 ], [ 15.281937600000049, 45.799243927000134 ], [ 15.276825906000056, 45.79924011200012 ], [ 15.271769524000035, 45.809902191000049 ], [ 15.26665782900011, 45.809894563000114 ], [ 15.266676903000132, 45.813449860000048 ], [ 15.266696931000183, 45.817005159000132 ], [ 15.251379013000189, 45.820545197000115 ], [ 15.251436234000039, 45.831211090000011 ], [ 15.24632358600013, 45.831207275000168 ], [ 15.246341705000134, 45.834762574000081 ], [ 15.246362686, 45.838317870000083 ], [ 15.246398925000051, 45.845428466000101 ], [ 15.246419906000142, 45.848983765000185 ], [ 15.261831283000106, 45.863224030000083 ], [ 15.282298087000129, 45.866798402000029 ], [ 15.292524339000181, 45.866809845000034 ], [ 15.2925434120001, 45.870365142000139 ], [ 15.312974930000053, 45.86683273400007 ], [ 15.312993050000102, 45.870388031000118 ], [ 15.328348160000132, 45.87395858800005 ], [ 15.328368186000034, 45.877513887000191 ], [ 15.33347988100013, 45.877521515000069 ], [ 15.338591575000123, 45.87752533000014 ], [ 15.343762397000035, 45.888198853000176 ], [ 15.374416351000036, 45.884674072000109 ], [ 15.369264602000044, 45.877559662000124 ], [ 15.374320029000046, 45.866897584000071 ], [ 15.379431724000142, 45.866901397000163 ], [ 15.379413604999968, 45.863346100000058 ], [ 15.379393577000087, 45.85979080200002 ], [ 15.37937545800014, 45.856235505000143 ], [ 15.369151115000136, 45.856224059000056 ], [ 15.369131089000064, 45.852668763000054 ], [ 15.369112015000098, 45.849113464000141 ], [ 15.369073868000044, 45.842002868000179 ], [ 15.37418556300014, 45.842010498000093 ], [ 15.368941307, 45.817115784000123 ], [ 15.374051094000095, 45.817119599000193 ], [ 15.374032973000112, 45.81356430000011 ], [ 15.374014855000041, 45.810009003000175 ], [ 15.379126549000034, 45.810012819000121 ], [ 15.384239197000113, 45.810020447000056 ], [ 15.399499894000087, 45.795814513999971 ], [ 15.406096457999979, 45.786209106000172 ], [ 15.404299735999984, 45.785636902000078 ], [ 15.389034271000185, 45.781845094 ], [ 15.37586498200011, 45.780666351000093 ], [ 15.370856285000173, 45.780220033000148 ], [ 15.362270355000135, 45.777141571000129 ], [ 15.33395481000008, 45.766986847000169 ] ] ] ] } },
{ "type": "Feature", "properties": { "fid": 42, "GID_2": "SVN.3.13_1", "GID_0": "SVN", "COUNTRY": "Slovenia", "GID_1": "SVN.3_1", "NAME_1": "Jugovzhodna Slovenija", "NL_NAME_1": "NA", "NAME_2": "Škocjan", "VARNAME_2": "NA", "NL_NAME_2": "NA", "TYPE_2": "Opcine", "ENGTYPE_2": "Commune|Municipality", "CC_2": "NA", "HASC_2": "SI.DO.SK" }, "geometry": { "type": "MultiPolygon", "coordinates": [ [ [ [ 15.282298087000129, 45.866798402000029 ], [ 15.282339096000044, 45.873912811000082 ], [ 15.282357215000047, 45.87746811 ], [ 15.277244568000071, 45.877460479000035 ], [ 15.277262688000178, 45.881015778000119 ], [ 15.261946678000129, 45.884555816999978 ], [ 15.267172813000116, 45.905895234000184 ], [ 15.251836777000051, 45.905879974000186 ], [ 15.241630554000153, 45.909423829000048 ], [ 15.241648675000135, 45.912979126000096 ], [ 15.231425286000047, 45.912967683000147 ], [ 15.221258164000119, 45.923622132 ], [ 15.221276283000122, 45.927177429000096 ], [ 15.22642898600003, 45.934295655000028 ], [ 15.22644806, 45.937850952000133 ], [ 15.236689568000088, 45.941417694000165 ], [ 15.236728669, 45.948528290000183 ], [ 15.246953011000073, 45.948539735000168 ], [ 15.257138253000107, 45.941440582000098 ], [ 15.257102012000075, 45.934326172000169 ], [ 15.267326355000023, 45.934337617000097 ], [ 15.267344474000026, 45.937892914000031 ], [ 15.272456169000122, 45.937900544000115 ], [ 15.262289047000138, 45.948554993000187 ], [ 15.267439842999977, 45.955673217000083 ], [ 15.272551536000094, 45.955677032000153 ], [ 15.292982101000064, 45.952144624000084 ], [ 15.298093795000057, 45.952148437000119 ], [ 15.298132897000073, 45.959259033000137 ], [ 15.323676109000189, 45.955730439000035 ], [ 15.323618889000102, 45.945064545000037 ], [ 15.338933944000075, 45.941524506000121 ], [ 15.344045638000068, 45.941532134000056 ], [ 15.344028472000105, 45.937973022000108 ], [ 15.338858605000155, 45.927303315000017 ], [ 15.333746910000059, 45.927299500000174 ], [ 15.333689690000142, 45.916629792000037 ], [ 15.333669662000091, 45.913074493000124 ], [ 15.338782311000045, 45.913082123000038 ], [ 15.333556174000137, 45.891742706000173 ], [ 15.333537101000047, 45.888187409000068 ], [ 15.343762397000035, 45.888198853000176 ], [ 15.338591575000123, 45.87752533000014 ], [ 15.33347988100013, 45.877521515000069 ], [ 15.328368186000034, 45.877513887000191 ], [ 15.328348160000132, 45.87395858800005 ], [ 15.312993050000102, 45.870388031000118 ], [ 15.312974930000053, 45.86683273400007 ], [ 15.2925434120001, 45.870365142000139 ], [ 15.292524339000181, 45.866809845000034 ], [ 15.282298087000129, 45.866798402000029 ] ] ] ] } },
{ "type": "Feature", "properties": { "fid": 43, "GID_2": "SVN.3.14_1", "GID_0": "SVN", "COUNTRY": "Slovenia", "GID_1": "SVN.3_1", "NAME_1": "Jugovzhodna Slovenija", "NL_NAME_1": "NA", "NAME_2": "Sodražica", "VARNAME_2": "NA", "NL_NAME_2": "NA", "TYPE_2": "Opcine", "ENGTYPE_2": "Commune|Municipality", "CC_2": "NA", "HASC_2": "SI.LJ.SO" }, "geometry": { "type": "MultiPolygon", "coordinates": [ [ [ [ 14.632224083000153, 45.713230134000014 ], [ 14.622018814000171, 45.716773987000067 ], [ 14.616963387000112, 45.727436067000099 ], [ 14.606739044000108, 45.727424621000068 ], [ 14.606757164000044, 45.730979920000152 ], [ 14.601645470000051, 45.730976105000082 ], [ 14.596532822000142, 45.730968475000168 ], [ 14.576103209999985, 45.734504700000116 ], [ 14.576124191000019, 45.73805999700005 ], [ 14.560787200000163, 45.738044739000031 ], [ 14.560826302, 45.745155335 ], [ 14.555711747000089, 45.745147703999976 ], [ 14.555749894000144, 45.752258300000165 ], [ 14.550638199000048, 45.75225448700013 ], [ 14.555828095000095, 45.766483307000044 ], [ 14.555903434000015, 45.780704498000148 ], [ 14.540567398000178, 45.780689240000129 ], [ 14.535492897000154, 45.78779220500013 ], [ 14.55082988800018, 45.787811279000096 ], [ 14.550868035000065, 45.794921874000011 ], [ 14.571316718999981, 45.794940948000033 ], [ 14.576429368000163, 45.794948578000117 ], [ 14.581541060000177, 45.794952393000131 ], [ 14.581522942000049, 45.791397094000047 ], [ 14.581501961000015, 45.787841797000169 ], [ 14.601932526000155, 45.784309387000064 ], [ 14.607045173000131, 45.784313202000135 ], [ 14.607026100000098, 45.78075790500003 ], [ 14.637681008000186, 45.777233125000066 ], [ 14.642792703000111, 45.777240753000171 ], [ 14.642774582000129, 45.773685456000067 ], [ 14.652998923999974, 45.773696900000175 ], [ 14.65297794300011, 45.77013778800017 ], [ 14.652959824000163, 45.766582489000086 ], [ 14.652941704000057, 45.763027191999981 ], [ 14.658054351000033, 45.763034820000087 ], [ 14.663166045000025, 45.763038635000157 ], [ 14.668277740000121, 45.763046265000071 ], [ 14.66310691800004, 45.752372743000137 ], [ 14.657995223000114, 45.752368928000124 ], [ 14.657935142000042, 45.741699220000157 ], [ 14.652826308000101, 45.741695405000087 ], [ 14.652807235000012, 45.738140106000174 ], [ 14.652789116000065, 45.734584809000069 ], [ 14.647674561000088, 45.734580994000055 ], [ 14.647657394000191, 45.73102188200005 ], [ 14.642469404999986, 45.716796876000103 ], [ 14.632224083000153, 45.713230134000014 ] ] ] ] } },
{ "type": "Feature", "properties": { "fid": 44, "GID_2": "SVN.3.15_1", "GID_0": "SVN", "COUNTRY": "Slovenia", "GID_1": "SVN.3_1", "NAME_1": "Jugovzhodna Slovenija", "NL_NAME_1": "NA", "NAME_2": "Trebnje", "VARNAME_2": "NA", "NL_NAME_2": "NA", "TYPE_2": "Opcine", "ENGTYPE_2": "Commune|Municipality", "CC_2": "NA", "HASC_2": "SI.DO.TR" }, "geometry": { "type": "MultiPolygon", "coordinates": [ [ [ [ 15.123859405000189, 45.873744965000071 ], [ 15.123876571000039, 45.877300262000176 ], [ 15.108540535000145, 45.877285004000157 ], [ 15.103467942000123, 45.884387971000137 ], [ 15.077961922000043, 45.895027160000154 ], [ 15.067719460000092, 45.891464233000136 ], [ 15.067701339000052, 45.887908936000031 ], [ 15.067681313000037, 45.884353637000117 ], [ 15.067662239000015, 45.880794525000169 ], [ 15.06254959000006, 45.880790710000156 ], [ 15.04210185900007, 45.880767822 ], [ 15.042042732000084, 45.8701019290001 ], [ 15.021594048000111, 45.87008285600001 ], [ 15.021557809000058, 45.862968445000149 ], [ 15.016443252000101, 45.862964630000079 ], [ 15.01634788500013, 45.845188142000097 ], [ 15.016329764000147, 45.841632843000184 ], [ 15.011217117000172, 45.841625215000079 ], [ 15.011197091000099, 45.838069916000165 ], [ 14.995861053000056, 45.838054658000146 ], [ 14.995899199000178, 45.845165253000062 ], [ 14.990786552000031, 45.845161438 ], [ 14.985674858000039, 45.845153808000077 ], [ 14.97545146900012, 45.845146179999972 ], [ 14.970299720000071, 45.838027954000097 ], [ 14.960076333000188, 45.838016511000092 ], [ 14.954963684000063, 45.838012696000078 ], [ 14.954981804000113, 45.841567993000126 ], [ 14.944758415000024, 45.841556549000074 ], [ 14.944796562000079, 45.848667145000093 ], [ 14.944814683000061, 45.852222442000027 ], [ 14.944834709000133, 45.855777741000111 ], [ 14.939723014000037, 45.85577392600004 ], [ 14.934685708000188, 45.869991302000074 ], [ 14.919349670000145, 45.869972229000041 ], [ 14.919328689000054, 45.866416932000106 ], [ 14.909087181000189, 45.862850190000074 ], [ 14.903974534000042, 45.862846375000174 ], [ 14.903992652999989, 45.866401672999984 ], [ 14.888656616000048, 45.866386413000157 ], [ 14.888676643, 45.86994171200007 ], [ 14.873320580000154, 45.866371155000138 ], [ 14.868207931000029, 45.866363527000033 ], [ 14.863096236000104, 45.866359711000086 ], [ 14.863115310000069, 45.869915008000191 ], [ 14.86313533800012, 45.873470307000105 ], [ 14.858020782999972, 45.873462677000191 ], [ 14.858040809000045, 45.877021789000139 ], [ 14.852968216000022, 45.884124756000119 ], [ 14.868417740000041, 45.905475617000036 ], [ 14.868438721000075, 45.909030914000141 ], [ 14.873740197000132, 45.944591522000053 ], [ 14.883966446000102, 45.944602966000105 ], [ 14.883984565000105, 45.948158265000188 ], [ 14.88909721400006, 45.948162080000088 ], [ 14.894208909000156, 45.948169708000194 ], [ 14.899320603000149, 45.948173523000037 ], [ 14.899338722000152, 45.951728822000121 ], [ 14.909584045000088, 45.955295564000039 ], [ 14.909623146000058, 45.96240616 ], [ 14.924959183000169, 45.962421418000019 ], [ 14.930070877000162, 45.962429046000125 ], [ 14.930088997999974, 45.965984345000038 ], [ 14.930146218000118, 45.976650237000058 ], [ 14.955709458000115, 45.976676941000164 ], [ 14.955670357000145, 45.969566345000146 ], [ 14.976119042, 45.969585419000111 ], [ 14.976099969000131, 45.966030122 ], [ 14.991418839000175, 45.962493896000183 ], [ 14.996530534000101, 45.962497712000129 ], [ 15.006772994000073, 45.966064454000048 ], [ 15.006791115000055, 45.969619751000096 ], [ 15.00681209600009, 45.973175049000133 ], [ 15.017057418000093, 45.976741791000165 ], [ 15.017074584000113, 45.9802970880001 ], [ 15.022187233000125, 45.980300903000114 ], [ 15.022244454000145, 45.990966798000045 ], [ 15.01713180400003, 45.990962983000031 ], [ 15.012077332, 46.001625060000151 ], [ 15.027433395, 46.005195617000084 ], [ 15.047882080000079, 46.005218506000119 ], [ 15.047918319000132, 46.012329102000081 ], [ 15.063275337000164, 46.015899659000013 ], [ 15.06325721800016, 46.0123443600001 ], [ 15.068368912000153, 46.01234817500017 ], [ 15.073480607000079, 46.012355805000084 ], [ 15.073498726000025, 46.015911102000189 ], [ 15.073519707000116, 46.019466401000102 ], [ 15.083744048000085, 46.01947784400005 ], [ 15.088855743000181, 46.019481659000121 ], [ 15.093911172000048, 46.008819580000136 ], [ 15.099022866000041, 46.008827210000106 ], [ 15.09900283800016, 46.005271911000193 ], [ 15.114320756000097, 46.001731872999983 ], [ 15.119376183000156, 45.991069793000122 ], [ 15.124487877000149, 45.991077423000036 ], [ 15.139823913000043, 45.991092682000158 ], [ 15.139844894000078, 45.994647979999968 ], [ 15.150069236000149, 45.994659424000076 ], [ 15.150051118000079, 45.991104127000142 ], [ 15.150012016, 45.983993531000124 ], [ 15.139785767000092, 45.983982085999969 ], [ 15.139711381000154, 45.969760895000093 ], [ 15.149915696000051, 45.966213226000093 ], [ 15.149860381, 45.95554733300014 ], [ 15.170270920000064, 45.948459625999988 ], [ 15.175324440000054, 45.937797547000059 ], [ 15.185547829000143, 45.937808990000178 ], [ 15.190624237000065, 45.93070220900006 ], [ 15.20596027300013, 45.930717468000182 ], [ 15.205942154000127, 45.927162171000077 ], [ 15.211051941000051, 45.927169801000161 ], [ 15.211033820000068, 45.923614502000078 ], [ 15.205883026000038, 45.916496276000146 ], [ 15.205864906000102, 45.912940979000098 ], [ 15.205843925000067, 45.90938568100006 ], [ 15.205825806000064, 45.905830384000183 ], [ 15.210881233000123, 45.895168304000094 ], [ 15.200638771000172, 45.891601562000062 ], [ 15.200599671000134, 45.884490966000044 ], [ 15.195487977000141, 45.88448715300018 ], [ 15.195466996000107, 45.880931854000096 ], [ 15.195448875000125, 45.877376556000058 ], [ 15.174962045000029, 45.87024307300004 ], [ 15.174943924000047, 45.866687775000059 ], [ 15.144287110000107, 45.870208740000123 ], [ 15.123859405000189, 45.873744965000071 ] ] ] ] } },
{ "type": "Feature", "properties": { "fid": 45, "GID_2": "SVN.3.16_1", "GID_0": "SVN", "COUNTRY": "Slovenia", "GID_1": "SVN.3_1", "NAME_1": "Jugovzhodna Slovenija", "NL_NAME_1": "NA", "NAME_2": "Žužemberk", "VARNAME_2": "NA", "NL_NAME_2": "NA", "TYPE_2": "Opcine", "ENGTYPE_2": "Commune|Municipality", "CC_2": "NA", "HASC_2": "SI.DO.ZU" }, "geometry": { "type": "MultiPolygon", "coordinates": [ [ [ [ 15.041584968000052, 45.784770966000167 ], [ 15.021118164000029, 45.781192781000129 ], [ 15.016062737000141, 45.791854858000079 ], [ 14.985387802000048, 45.791824341000165 ], [ 14.975068093, 45.774032593000129 ], [ 14.969956398000136, 45.774028778000059 ], [ 14.964806557000088, 45.766914367000027 ], [ 14.93924522400016, 45.766883850000056 ], [ 14.92394733500015, 45.773979188000055 ], [ 14.898365974000114, 45.770397187000071 ], [ 14.893157960000167, 45.752616881999984 ], [ 14.888007164000157, 45.745498658000088 ], [ 14.882898331000092, 45.745494843000017 ], [ 14.877782822000086, 45.745487213000104 ], [ 14.862446786000191, 45.745471953999981 ], [ 14.857335091000095, 45.745468139000138 ], [ 14.857355117000168, 45.749023438000052 ], [ 14.85737323800015, 45.752578735000156 ], [ 14.857392311000069, 45.75613403400007 ], [ 14.847167015000082, 45.756122589000086 ], [ 14.826719284000092, 45.75609970000005 ], [ 14.826737405000131, 45.759654999000134 ], [ 14.821624755000016, 45.75965118400012 ], [ 14.806270599000072, 45.756080627000188 ], [ 14.79606533000009, 45.759624482 ], [ 14.791046142000084, 45.777397156000063 ], [ 14.791067123000175, 45.780952454000044 ], [ 14.791085244000158, 45.784507751000149 ], [ 14.79110527, 45.788063050000062 ], [ 14.791124344000025, 45.791618347000167 ], [ 14.79116153800004, 45.798728943000185 ], [ 14.842265130000101, 45.795227051000154 ], [ 14.84743404500017, 45.805900574000134 ], [ 14.847455026000034, 45.809455872000171 ], [ 14.847586632000059, 45.834342956000171 ], [ 14.83736324299997, 45.834331513000052 ], [ 14.837401390000025, 45.841442109000013 ], [ 14.837420463000115, 45.844997406000118 ], [ 14.832307816000139, 45.844993591000048 ], [ 14.832366944000057, 45.855659485000103 ], [ 14.868151665000141, 45.855697632000101 ], [ 14.873320580000154, 45.866371155000138 ], [ 14.888676643, 45.86994171200007 ], [ 14.888656616000048, 45.866386413000157 ], [ 14.903992652999989, 45.866401672999984 ], [ 14.903974534000042, 45.862846375000174 ], [ 14.909087181000189, 45.862850190000074 ], [ 14.919328689000054, 45.866416932000106 ], [ 14.919349670000145, 45.869972229000041 ], [ 14.934685708000188, 45.869991302000074 ], [ 14.939723014000037, 45.85577392600004 ], [ 14.944834709000133, 45.855777741000111 ], [ 14.944814683000061, 45.852222442000027 ], [ 14.944796562000079, 45.848667145000093 ], [ 14.944758415000024, 45.841556549000074 ], [ 14.954981804000113, 45.841567993000126 ], [ 14.954963684000063, 45.838012696000078 ], [ 14.960076333000188, 45.838016511000092 ], [ 14.970299720000071, 45.838027954000097 ], [ 14.97545146900012, 45.845146179999972 ], [ 14.985674858000039, 45.845153808000077 ], [ 14.990786552000031, 45.845161438 ], [ 14.995899199000178, 45.845165253000062 ], [ 14.995861053000056, 45.838054658000146 ], [ 15.011197091000099, 45.838069916000165 ], [ 15.011217117000172, 45.841625215000079 ], [ 15.016329764000147, 45.841632843000184 ], [ 15.021442414000035, 45.841636658000027 ], [ 15.026554108000028, 45.841644288000168 ], [ 15.031572341000185, 45.823871613 ], [ 15.052021027000137, 45.823890686000084 ], [ 15.067279816000109, 45.80968475300017 ], [ 15.062091828, 45.795459747000052 ], [ 15.041584968000052, 45.784770966000167 ] ] ] ] } },
{ "type": "Feature", "properties": { "fid": 58, "GID_2": "SVN.5.1_1", "GID_0": "SVN", "COUNTRY": "Slovenia", "GID_1": "SVN.5_1", "NAME_1": "Notranjsko-kraška", "NL_NAME_1": "NA", "NAME_2": "Bloke", "VARNAME_2": "NA", "NL_NAME_2": "NA", "TYPE_2": "Opcine", "ENGTYPE_2": "Commune|Municipality", "CC_2": "NA", "HASC_2": "SI.NO.BL" }, "geometry": { "type": "MultiPolygon", "coordinates": [ [ [ [ 14.560787200000163, 45.738044739000031 ], [ 14.540317536000089, 45.734466554000164 ], [ 14.540356635000023, 45.741577149000079 ], [ 14.53524494100003, 45.741573334000179 ], [ 14.530133247000037, 45.741565704000095 ], [ 14.525020599000129, 45.741561889000025 ], [ 14.525003433000165, 45.738006592000147 ], [ 14.489176750000127, 45.730857850000177 ], [ 14.484122275000175, 45.741519929000106 ], [ 14.468824386000165, 45.748611451000158 ], [ 14.468841552000185, 45.752166748000093 ], [ 14.479084969000098, 45.755733490000125 ], [ 14.479103088000102, 45.75928878700006 ], [ 14.474032402000148, 45.766395570000157 ], [ 14.453601837000178, 45.769927978000055 ], [ 14.448490143000186, 45.769924165000191 ], [ 14.443415643000037, 45.777030946000139 ], [ 14.433190346000174, 45.777019500000108 ], [ 14.438379287000089, 45.791248322000172 ], [ 14.433266640000113, 45.791240692000088 ], [ 14.433285712999975, 45.794795991000171 ], [ 14.433305741000027, 45.798351287000173 ], [ 14.43332386000003, 45.801906586000086 ], [ 14.438435554000023, 45.801914214000192 ], [ 14.438474656000096, 45.809024810000039 ], [ 14.438492775000043, 45.812580109000123 ], [ 14.443643571000109, 45.819694520000155 ], [ 14.453867912000078, 45.81970596300016 ], [ 14.453905107000026, 45.826816559000122 ], [ 14.469264031000023, 45.830390931000125 ], [ 14.469282150000026, 45.833946228000059 ], [ 14.469300271000179, 45.837501527000143 ], [ 14.474412917999985, 45.837505342000156 ], [ 14.489768982000101, 45.84107589700011 ], [ 14.494881630000179, 45.841083527000194 ], [ 14.499955177000118, 45.833976747000179 ], [ 14.510161400000015, 45.830432893000022 ], [ 14.515197753999985, 45.816215515000181 ], [ 14.53053379000005, 45.816230775000179 ], [ 14.53562641100018, 45.812683106000179 ], [ 14.535569191000036, 45.80201721200018 ], [ 14.550868035000065, 45.794921874000011 ], [ 14.55082988800018, 45.787811279000096 ], [ 14.535492897000154, 45.78779220500013 ], [ 14.540567398000178, 45.780689240000129 ], [ 14.555903434000015, 45.780704498000148 ], [ 14.555828095000095, 45.766483307000044 ], [ 14.550638199000048, 45.75225448700013 ], [ 14.555749894000144, 45.752258300000165 ], [ 14.555711747000089, 45.745147703999976 ], [ 14.560826302, 45.745155335 ], [ 14.560787200000163, 45.738044739000031 ] ] ] ] } },
{ "type": "Feature", "properties": { "fid": 59, "GID_2": "SVN.5.2_1", "GID_0": "SVN", "COUNTRY": "Slovenia", "GID_1": "SVN.5_1", "NAME_1": "Notranjsko-kraška", "NL_NAME_1": "NA", "NAME_2": "Cerknica", "VARNAME_2": "NA", "NL_NAME_2": "NA", "TYPE_2": "Opcine", "ENGTYPE_2": "Commune|Municipality", "CC_2": "NA", "HASC_2": "SI.NO.CE" }, "geometry": { "type": "MultiPolygon", "coordinates": [ [ [ [ 14.489768982000101, 45.84107589700011 ], [ 14.474412917999985, 45.837505342000156 ], [ 14.469300271000179, 45.837501527000143 ], [ 14.469282150000026, 45.833946228000059 ], [ 14.469264031000023, 45.830390931000125 ], [ 14.453905107000026, 45.826816559000122 ], [ 14.453867912000078, 45.81970596300016 ], [ 14.443643571000109, 45.819694520000155 ], [ 14.438492775000043, 45.812580109000123 ], [ 14.438474656000096, 45.809024810000039 ], [ 14.438435554000023, 45.801914214000192 ], [ 14.43332386000003, 45.801906586000086 ], [ 14.433305741000027, 45.798351287000173 ], [ 14.433285712999975, 45.794795991000171 ], [ 14.433266640000113, 45.791240692000088 ], [ 14.438379287000089, 45.791248322000172 ], [ 14.433190346000174, 45.777019500000108 ], [ 14.443415643000037, 45.777030946000139 ], [ 14.448490143000186, 45.769924165000191 ], [ 14.453601837000178, 45.769927978000055 ], [ 14.474032402000148, 45.766395570000157 ], [ 14.479103088000102, 45.75928878700006 ], [ 14.479084969000098, 45.755733490000125 ], [ 14.468841552000185, 45.752166748000093 ], [ 14.468824386000165, 45.748611451000158 ], [ 14.443243027000165, 45.745029449000072 ], [ 14.438092231000155, 45.737915040000189 ], [ 14.432979584000179, 45.737907410000105 ], [ 14.432962418000159, 45.734352111000192 ], [ 14.427849768999977, 45.734348298000157 ], [ 14.42783165000003, 45.730792999000073 ], [ 14.422717095000053, 45.730785371000138 ], [ 14.41760540100006, 45.730781556000068 ], [ 14.417587280000077, 45.727226257000154 ], [ 14.412474633000102, 45.727222442000141 ], [ 14.412457467000081, 45.723663330000136 ], [ 14.391909599000087, 45.705867768000189 ], [ 14.38168621, 45.705856323000035 ], [ 14.376573563000022, 45.7058486950001 ], [ 14.371461868000154, 45.705844880000029 ], [ 14.371481895000102, 45.709400177000134 ], [ 14.330754281000054, 45.74135589600013 ], [ 14.315438271, 45.744895935000045 ], [ 14.315494538000166, 45.755561830000147 ], [ 14.310382844000173, 45.755558013999973 ], [ 14.305271149000077, 45.75555038400006 ], [ 14.300156592000121, 45.755546569000046 ], [ 14.300176621000105, 45.75910186800013 ], [ 14.279728890000115, 45.759078980000027 ], [ 14.264468192999971, 45.773284913000055 ], [ 14.259355545000119, 45.773281098000041 ], [ 14.259393692000174, 45.780391693000126 ], [ 14.254280090000179, 45.780387878000056 ], [ 14.25430011800006, 45.783943176999969 ], [ 14.239060402000177, 45.801704407000159 ], [ 14.254413604000035, 45.805274964000091 ], [ 14.259660720000056, 45.830169678 ], [ 14.259678841000039, 45.833724975000109 ], [ 14.264790535000031, 45.83372879000018 ], [ 14.264812469000049, 45.837284089000093 ], [ 14.269924163000042, 45.837291716999971 ], [ 14.269963265000115, 45.84440231300016 ], [ 14.269981383000186, 45.847957612000073 ], [ 14.270001412000113, 45.851512909000178 ], [ 14.270037651000052, 45.858623504000093 ], [ 14.275150298000028, 45.858627319000163 ], [ 14.285488130000033, 45.87997436500018 ], [ 14.290602684000078, 45.879978180000023 ], [ 14.290659905000155, 45.890644074000079 ], [ 14.31623840300017, 45.894226075000063 ], [ 14.316220283000064, 45.89067077600015 ], [ 14.341761589000043, 45.887142181000115 ], [ 14.346893309999984, 45.890705110000113 ], [ 14.352006912000149, 45.890708922999977 ], [ 14.351967812000112, 45.883598327000186 ], [ 14.357080460000191, 45.883602142000029 ], [ 14.362154007000129, 45.876499177000028 ], [ 14.362135887000079, 45.872943878000115 ], [ 14.367247581000072, 45.872947693000185 ], [ 14.372321129000056, 45.865840912000067 ], [ 14.377432823000049, 45.865848542000151 ], [ 14.37741470300017, 45.86229324400017 ], [ 14.382527352000182, 45.862297059000184 ], [ 14.387639046000174, 45.862304687000119 ], [ 14.392750741000043, 45.862308502000189 ], [ 14.392789841000081, 45.86941909799998 ], [ 14.403032303000032, 45.872985840000069 ], [ 14.408143997000025, 45.872989655000083 ], [ 14.423405648000085, 45.858783722000055 ], [ 14.433648110000036, 45.862350464000087 ], [ 14.443930627000043, 45.873027802000138 ], [ 14.454155921, 45.873039245000143 ], [ 14.464380265000045, 45.873050690000071 ], [ 14.464398384000049, 45.876605987000175 ], [ 14.474642754000172, 45.880172729000094 ], [ 14.474660874000108, 45.883728028000178 ], [ 14.479772568999977, 45.883731843000191 ], [ 14.484885216000123, 45.883739471000126 ], [ 14.48486709499997, 45.880184174000021 ], [ 14.48484897700007, 45.876628875000108 ], [ 14.484827996000035, 45.873073579000106 ], [ 14.489939690000028, 45.873077394000177 ], [ 14.484713555000042, 45.851737976000038 ], [ 14.489826202000074, 45.851745607000055 ], [ 14.489808082000138, 45.848190308000142 ], [ 14.489788056000066, 45.844631196000194 ], [ 14.489768982000101, 45.84107589700011 ] ] ] ] } },
{ "type": "Feature", "properties": { "fid": 60, "GID_2": "SVN.5.3_1", "GID_0": "SVN", "COUNTRY": "Slovenia", "GID_1": "SVN.5_1", "NAME_1": "Notranjsko-kraška", "NL_NAME_1": "NA", "NAME_2": "Ilirska Bistrica", "VARNAME_2": "NA", "NL_NAME_2": "NA", "TYPE_2": "Opcine", "ENGTYPE_2": "Commune|Municipality", "CC_2": "NA", "HASC_2": "SI.NO.IB" }, "geometry": { "type": "MultiPolygon", "coordinates": [ [ [ [ 14.141670228000123, 45.480285645000038 ], [ 14.141478539, 45.480285645000038 ], [ 14.124877929000093, 45.480285645000038 ], [ 14.100069046000101, 45.482753754000044 ], [ 14.104460717000109, 45.488677979000045 ], [ 14.104478836000112, 45.49223327600015 ], [ 14.109590530000105, 45.492240906000063 ], [ 14.10457515700017, 45.51001358100018 ], [ 14.099463463000177, 45.510005951000096 ], [ 14.089239121000105, 45.509994508000148 ], [ 14.084183692000067, 45.520656585000097 ], [ 14.073959350000166, 45.520645142000092 ], [ 14.073978424000131, 45.524200441 ], [ 14.084260941000139, 45.53487777600003 ], [ 14.084318161000056, 45.545547486000146 ], [ 14.084354400000166, 45.552658082000164 ], [ 14.094598770000118, 45.556221009000183 ], [ 14.094676971000069, 45.57044601500013 ], [ 14.094695092000052, 45.574001312000064 ], [ 14.084470748000172, 45.573989869000059 ], [ 14.074264527000082, 45.577533722000112 ], [ 14.074321747000056, 45.588199615 ], [ 14.074339866000059, 45.591754914000092 ], [ 14.079454423000186, 45.591762542000026 ], [ 14.094885826000052, 45.609554291000165 ], [ 14.079586982000023, 45.616649628000062 ], [ 14.079625131000114, 45.62376022400008 ], [ 14.084736823000071, 45.623767854000164 ], [ 14.094962120000162, 45.623779297000112 ], [ 14.100132942000073, 45.634449005000079 ], [ 14.105242729000167, 45.634452820000149 ], [ 14.110357284000088, 45.634460450000063 ], [ 14.120580673000177, 45.634471893000011 ], [ 14.125693322000188, 45.634475708000082 ], [ 14.146102906000067, 45.627388001000099 ], [ 14.146084785000085, 45.623832702000186 ], [ 14.166533471000037, 45.623851776000151 ], [ 14.166550637000057, 45.627407074000189 ], [ 14.17677784100016, 45.62741851800007 ], [ 14.17679595900006, 45.630973817000154 ], [ 14.202338219000126, 45.627445221000016 ], [ 14.202357291999988, 45.631000518000121 ], [ 14.212580681000077, 45.631011963000105 ], [ 14.212600707000149, 45.63456726000004 ], [ 14.222844124000119, 45.638134002000072 ], [ 14.222883224000157, 45.64524459800009 ], [ 14.248463630000117, 45.648826598000142 ], [ 14.248481751000099, 45.652381897000055 ], [ 14.263838768000028, 45.655956270000161 ], [ 14.263856889000067, 45.659511566000162 ], [ 14.274081230000036, 45.659519197000179 ], [ 14.2740631100001, 45.655963898000039 ], [ 14.279174804000093, 45.65597152800018 ], [ 14.325222969000151, 45.663131714000031 ], [ 14.325261115999979, 45.670242309000116 ], [ 14.320149421999986, 45.670234681000181 ], [ 14.315036774000134, 45.670230866000111 ], [ 14.315054893000081, 45.673786163000045 ], [ 14.315075874000172, 45.677341462000129 ], [ 14.315093995000154, 45.680896759000063 ], [ 14.320205689000147, 45.680900574000077 ], [ 14.320223808000151, 45.684459686000082 ], [ 14.335560799000177, 45.68447494600008 ], [ 14.340675354000155, 45.684478759000115 ], [ 14.345727920000058, 45.673816682000165 ], [ 14.355934143000127, 45.670272828000066 ], [ 14.355893133999984, 45.663162232000047 ], [ 14.361009599000113, 45.663166045000082 ], [ 14.360914230000162, 45.645389557000101 ], [ 14.376250268000035, 45.64540481500012 ], [ 14.381361962000028, 45.645412446000137 ], [ 14.412034988000016, 45.645442962000175 ], [ 14.412016869000013, 45.64188766500007 ], [ 14.411959649000096, 45.631221771000071 ], [ 14.411920547000079, 45.624111175000053 ], [ 14.401676177000127, 45.620544433000191 ], [ 14.401658058000123, 45.616989136000086 ], [ 14.406769753000049, 45.6169929510001 ], [ 14.406751632000066, 45.613437652000016 ], [ 14.422087669000177, 45.613456726000038 ], [ 14.432254792000037, 45.602798462000123 ], [ 14.432234764000157, 45.599243165000189 ], [ 14.432177544000069, 45.588577270000087 ], [ 14.432160378000049, 45.585021972999982 ], [ 14.437272072000042, 45.585025788000053 ], [ 14.452608109000039, 45.585044862000018 ], [ 14.457719803000032, 45.58504867500011 ], [ 14.47305870200006, 45.585063935000107 ], [ 14.478150368000172, 45.581516266000108 ], [ 14.487856865000083, 45.578773498000032 ], [ 14.487669944000174, 45.578308106000065 ], [ 14.487144470000032, 45.575328827000192 ], [ 14.485901833000128, 45.568298340000183 ], [ 14.487914085, 45.557922363000046 ], [ 14.484498023000185, 45.546875001000103 ], [ 14.484368324, 45.546775819000061 ], [ 14.472622871000112, 45.537830352000071 ], [ 14.458091736000142, 45.52824401800018 ], [ 14.435866356000076, 45.52382278500005 ], [ 14.402177810000126, 45.518844605000083 ], [ 14.368849754, 45.512191773000097 ], [ 14.275008201000048, 45.492549897000117 ], [ 14.229426382999975, 45.483005523000031 ], [ 14.222563744000183, 45.481571198000097 ], [ 14.193486214000188, 45.479213715000185 ], [ 14.189025880000088, 45.478851318000125 ], [ 14.179896354, 45.479320525000105 ], [ 14.173043251000081, 45.47967529400006 ], [ 14.160705565000114, 45.480285645000038 ], [ 14.142319679000138, 45.480285645000038 ], [ 14.141670228000123, 45.480285645000038 ] ] ] ] } },
{ "type": "Feature", "properties": { "fid": 61, "GID_2": "SVN.5.4_1", "GID_0": "SVN", "COUNTRY": "Slovenia", "GID_1": "SVN.5_1", "NAME_1": "Notranjsko-kraška", "NL_NAME_1": "NA", "NAME_2": "Loška Dolina", "VARNAME_2": "NA", "NL_NAME_2": "NA", "TYPE_2": "Opcine", "ENGTYPE_2": "Commune|Municipality", "CC_2": "NA", "HASC_2": "SI.NO.LD" }, "geometry": { "type": "MultiPolygon", "coordinates": [ [ [ [ 14.554184913000029, 45.667762756 ], [ 14.553963661000012, 45.666927339000097 ], [ 14.553905488000112, 45.666702271000133 ], [ 14.548568725000052, 45.64640808200005 ], [ 14.546474457000159, 45.638442994000059 ], [ 14.541051864999986, 45.631217956000171 ], [ 14.537255287000107, 45.627574920000029 ], [ 14.532470703000172, 45.622924805000139 ], [ 14.53038311, 45.62210845900006 ], [ 14.525992394000184, 45.620388031000175 ], [ 14.512513161000186, 45.615112306000015 ], [ 14.5092039110001, 45.614154816000053 ], [ 14.500965119, 45.611770629000034 ], [ 14.493103981000104, 45.609497070000145 ], [ 14.490339279000125, 45.60408401400008 ], [ 14.488710403000027, 45.600891114000035 ], [ 14.49011135100011, 45.586730958000089 ], [ 14.487914085, 45.578918457000043 ], [ 14.487856865000083, 45.578773498000032 ], [ 14.478150368000172, 45.581516266000108 ], [ 14.47305870200006, 45.585063935000107 ], [ 14.457719803000032, 45.58504867500011 ], [ 14.452608109000039, 45.585044862000018 ], [ 14.437272072000042, 45.585025788000053 ], [ 14.432160378000049, 45.585021972999982 ], [ 14.432177544000069, 45.588577270000087 ], [ 14.432234764000157, 45.599243165000189 ], [ 14.432254792000037, 45.602798462000123 ], [ 14.422087669000177, 45.613456726000038 ], [ 14.406751632000066, 45.613437652000016 ], [ 14.406769753000049, 45.6169929510001 ], [ 14.401658058000123, 45.616989136000086 ], [ 14.401676177000127, 45.620544433000191 ], [ 14.411920547000079, 45.624111175000053 ], [ 14.411959649000096, 45.631221771000071 ], [ 14.412016869000013, 45.64188766500007 ], [ 14.412034988000016, 45.645442962000175 ], [ 14.412053108000123, 45.648998261000088 ], [ 14.417167663000043, 45.649005889000136 ], [ 14.417203902000153, 45.656116485000155 ], [ 14.417224883000188, 45.659671784000068 ], [ 14.417240144000118, 45.663227081000173 ], [ 14.417261124000049, 45.666782380000086 ], [ 14.386627197, 45.673862457000155 ], [ 14.37140464800018, 45.695178985000155 ], [ 14.366292954000187, 45.695171357000049 ], [ 14.371461868000154, 45.705844880000029 ], [ 14.376573563000022, 45.7058486950001 ], [ 14.38168621, 45.705856323000035 ], [ 14.391909599000087, 45.705867768000189 ], [ 14.412457467000081, 45.723663330000136 ], [ 14.412474633000102, 45.727222442000141 ], [ 14.417587280000077, 45.727226257000154 ], [ 14.41760540100006, 45.730781556000068 ], [ 14.422717095000053, 45.730785371000138 ], [ 14.42783165000003, 45.730792999000073 ], [ 14.427849768999977, 45.734348298000157 ], [ 14.432962418000159, 45.734352111000192 ], [ 14.432979584000179, 45.737907410000105 ], [ 14.438092231000155, 45.737915040000189 ], [ 14.443243027000165, 45.745029449000072 ], [ 14.468824386000165, 45.748611451000158 ], [ 14.484122275000175, 45.741519929000106 ], [ 14.489176750000127, 45.730857850000177 ], [ 14.525003433000165, 45.738006592000147 ], [ 14.524943351000161, 45.727340698000148 ], [ 14.530055045000154, 45.727344513000162 ], [ 14.535092354000142, 45.713127136000026 ], [ 14.540204048000135, 45.713134766000167 ], [ 14.54512500900006, 45.677581788000111 ], [ 14.55021858200007, 45.674034119000112 ], [ 14.554184913000029, 45.667762756 ] ] ] ] } },
{ "type": "Feature", "properties": { "fid": 62, "GID_2": "SVN.5.5_1", "GID_0": "SVN", "COUNTRY": "Slovenia", "GID_1": "SVN.5_1", "NAME_1": "Notranjsko-kraška", "NL_NAME_1": "NA", "NAME_2": "Pivka", "VARNAME_2": "NA", "NL_NAME_2": "NA", "TYPE_2": "Opcine", "ENGTYPE_2": "Commune|Municipality", "CC_2": "NA", "HASC_2": "SI.SP.PI" }, "geometry": { "type": "MultiPolygon", "coordinates": [ [ [ [ 14.300156592000121, 45.755546569000046 ], [ 14.305271149000077, 45.75555038400006 ], [ 14.310382844000173, 45.755558013999973 ], [ 14.315494538000166, 45.755561830000147 ], [ 14.315438271, 45.744895935000045 ], [ 14.330754281000054, 45.74135589600013 ], [ 14.371481895000102, 45.709400177000134 ], [ 14.371461868000154, 45.705844880000029 ], [ 14.366292954000187, 45.695171357000049 ], [ 14.37140464800018, 45.695178985000155 ], [ 14.386627197, 45.673862457000155 ], [ 14.417261124000049, 45.666782380000086 ], [ 14.417240144000118, 45.663227081000173 ], [ 14.417224883000188, 45.659671784000068 ], [ 14.417203902000153, 45.656116485000155 ], [ 14.417167663000043, 45.649005889000136 ], [ 14.412053108000123, 45.648998261000088 ], [ 14.412034988000016, 45.645442962000175 ], [ 14.381361962000028, 45.645412446000137 ], [ 14.376250268000035, 45.64540481500012 ], [ 14.360914230000162, 45.645389557000101 ], [ 14.361009599000113, 45.663166045000082 ], [ 14.355893133999984, 45.663162232000047 ], [ 14.355934143000127, 45.670272828000066 ], [ 14.345727920000058, 45.673816682000165 ], [ 14.340675354000155, 45.684478759000115 ], [ 14.335560799000177, 45.68447494600008 ], [ 14.320223808000151, 45.684459686000082 ], [ 14.320205689000147, 45.680900574000077 ], [ 14.315093995000154, 45.680896759000063 ], [ 14.315075874000172, 45.677341462000129 ], [ 14.315054893000081, 45.673786163000045 ], [ 14.315036774000134, 45.670230866000111 ], [ 14.320149421999986, 45.670234681000181 ], [ 14.325261115999979, 45.670242309000116 ], [ 14.325222969000151, 45.663131714000031 ], [ 14.279174804000093, 45.65597152800018 ], [ 14.2740631100001, 45.655963898000039 ], [ 14.274081230000036, 45.659519197000179 ], [ 14.263856889000067, 45.659511566000162 ], [ 14.263838768000028, 45.655956270000161 ], [ 14.248481751000099, 45.652381897000055 ], [ 14.248463630000117, 45.648826598000142 ], [ 14.222883224000157, 45.64524459800009 ], [ 14.222844124000119, 45.638134002000072 ], [ 14.212600707000149, 45.63456726000004 ], [ 14.212580681000077, 45.631011963000105 ], [ 14.202357291999988, 45.631000518000121 ], [ 14.202338219000126, 45.627445221000016 ], [ 14.17679595900006, 45.630973817000154 ], [ 14.17677784100016, 45.62741851800007 ], [ 14.166550637000057, 45.627407074000189 ], [ 14.166533471000037, 45.623851776000151 ], [ 14.146084785000085, 45.623832702000186 ], [ 14.146102906000067, 45.627388001000099 ], [ 14.125693322000188, 45.634475708000082 ], [ 14.120580673000177, 45.634471893000011 ], [ 14.110357284000088, 45.634460450000063 ], [ 14.105242729000167, 45.634452820000149 ], [ 14.100132942000073, 45.634449005000079 ], [ 14.094962120000162, 45.623779297000112 ], [ 14.084736823000071, 45.623767854000164 ], [ 14.079625131000114, 45.62376022400008 ], [ 14.079643249000185, 45.62731552200006 ], [ 14.069439888000147, 45.630863189000024 ], [ 14.069456100000082, 45.634418488000165 ], [ 14.07460880300016, 45.641532899000026 ], [ 14.069497109000167, 45.641529084000126 ], [ 14.069554329000141, 45.652194976000146 ], [ 14.059348106000016, 45.655738830000075 ], [ 14.059368134000124, 45.659294128999989 ], [ 14.064537049000137, 45.669967651000093 ], [ 14.064556122, 45.67352295 ], [ 14.064613342000143, 45.684188843000129 ], [ 14.054388046000156, 45.684177400000124 ], [ 14.049315453000133, 45.691284180000025 ], [ 14.054427147000126, 45.691287995000039 ], [ 14.054445266000073, 45.694843292000144 ], [ 14.059635162000177, 45.709072114000094 ], [ 14.085233689000177, 45.716209411000079 ], [ 14.100570680000033, 45.716224671000077 ], [ 14.100551606000067, 45.712669372000164 ], [ 14.131185532000018, 45.705593108000187 ], [ 14.136298179, 45.705596924000133 ], [ 14.177215576000037, 45.709194184000069 ], [ 14.197759629000188, 45.726993561000086 ], [ 14.202872276000164, 45.727001191 ], [ 14.207946777000188, 45.719894409000176 ], [ 14.218172073000176, 45.719905854000103 ], [ 14.218190194000158, 45.723461151000038 ], [ 14.243770600000119, 45.727043151000089 ], [ 14.243788719000122, 45.73059845 ], [ 14.254034043000161, 45.734165192000091 ], [ 14.254052162000164, 45.737720489000026 ], [ 14.259163856000157, 45.737724304000039 ], [ 14.289896011000167, 45.748424530000079 ], [ 14.289914132000149, 45.751979827000127 ], [ 14.30013847400005, 45.751991272000112 ], [ 14.300156592000121, 45.755546569000046 ] ] ] ] } },
{ "type": "Feature", "properties": { "fid": 63, "GID_2": "SVN.5.6_1", "GID_0": "SVN", "COUNTRY": "Slovenia", "GID_1": "SVN.5_1", "NAME_1": "Notranjsko-kraška", "NL_NAME_1": "NA", "NAME_2": "Postojna", "VARNAME_2": "NA", "NL_NAME_2": "NA", "TYPE_2": "Opcine", "ENGTYPE_2": "Commune|Municipality", "CC_2": "NA", "HASC_2": "SI.SP.PO" }, "geometry": { "type": "MultiPolygon", "coordinates": [ [ [ [ 14.039893151000172, 45.840602875000059 ], [ 14.085959435000177, 45.851318359000061 ], [ 14.09107112900017, 45.851325990000078 ], [ 14.091092110000034, 45.854881286000079 ], [ 14.091110229000037, 45.858436585000163 ], [ 14.096221924000076, 45.858440400000063 ], [ 14.101372720000143, 45.86555862400013 ], [ 14.111597061000111, 45.865566254000044 ], [ 14.116747856000075, 45.872684478000167 ], [ 14.116765976000124, 45.87623977700008 ], [ 14.12187767100005, 45.876243592000151 ], [ 14.126990318000026, 45.876251220000029 ], [ 14.137216567000166, 45.876262666000116 ], [ 14.152532577000159, 45.872722625000051 ], [ 14.152552605000039, 45.876277924000135 ], [ 14.178132057000141, 45.879859924000016 ], [ 14.178113938000138, 45.876304627000138 ], [ 14.188338280000039, 45.87631607100019 ], [ 14.193410873000062, 45.869209290000072 ], [ 14.208749770999987, 45.869224548000091 ], [ 14.208728790000123, 45.865669252000089 ], [ 14.208710670000073, 45.862113953000176 ], [ 14.20869255100007, 45.858558656000071 ], [ 14.213803290999977, 45.858566284000176 ], [ 14.218916893000141, 45.85857009900019 ], [ 14.224026680000065, 45.85857391400009 ], [ 14.229141235000043, 45.858581542000195 ], [ 14.234252929000036, 45.858585357000038 ], [ 14.234234811000135, 45.855030061000036 ], [ 14.239344597000127, 45.855037689000142 ], [ 14.249568939000028, 45.855045319000055 ], [ 14.254682540999966, 45.855052948999969 ], [ 14.2597932810001, 45.855056762000061 ], [ 14.259775162000096, 45.851501465000126 ], [ 14.264886857000022, 45.851509094000107 ], [ 14.270001412000113, 45.851512909000178 ], [ 14.269981383000186, 45.847957612000073 ], [ 14.269963265000115, 45.84440231300016 ], [ 14.269924163000042, 45.837291716999971 ], [ 14.264812469000049, 45.837284089000093 ], [ 14.264790535000031, 45.83372879000018 ], [ 14.259678841000039, 45.833724975000109 ], [ 14.259660720000056, 45.830169678 ], [ 14.254413604000035, 45.805274964000091 ], [ 14.239060402000177, 45.801704407000159 ], [ 14.25430011800006, 45.783943176999969 ], [ 14.254280090000179, 45.780387878000056 ], [ 14.259393692000174, 45.780391693000126 ], [ 14.259355545000119, 45.773281098000041 ], [ 14.264468192999971, 45.773284913000055 ], [ 14.279728890000115, 45.759078980000027 ], [ 14.300176621000105, 45.75910186800013 ], [ 14.300156592000121, 45.755546569000046 ], [ 14.30013847400005, 45.751991272000112 ], [ 14.289914132000149, 45.751979827000127 ], [ 14.289896011000167, 45.748424530000079 ], [ 14.259163856000157, 45.737724304000039 ], [ 14.254052162000164, 45.737720489000026 ], [ 14.254034043000161, 45.734165192000091 ], [ 14.243788719000122, 45.73059845 ], [ 14.243770600000119, 45.727043151000089 ], [ 14.218190194000158, 45.723461151000038 ], [ 14.218172073000176, 45.719905854000103 ], [ 14.207946777000188, 45.719894409000176 ], [ 14.202872276000164, 45.727001191 ], [ 14.197759629000188, 45.726993561000086 ], [ 14.177215576000037, 45.709194184000069 ], [ 14.136298179, 45.705596924000133 ], [ 14.131185532000018, 45.705593108000187 ], [ 14.100551606000067, 45.712669372000164 ], [ 14.100570680000033, 45.716224671000077 ], [ 14.085233689000177, 45.716209411000079 ], [ 14.080179214, 45.72687149 ], [ 14.08019733499998, 45.730426789000148 ], [ 14.075084686000025, 45.730419159 ], [ 14.0699729910001, 45.730415344000164 ], [ 14.069995880000135, 45.733970643000077 ], [ 14.070012093000173, 45.737525940000182 ], [ 14.070030211000073, 45.741081239000096 ], [ 14.059864997000091, 45.751739503000181 ], [ 14.044527054000127, 45.751720429000159 ], [ 14.039414406000049, 45.751716614000145 ], [ 14.039432525000052, 45.755271911000023 ], [ 14.029229164000014, 45.758815765000179 ], [ 14.029265404, 45.76592636099997 ], [ 14.029303550000179, 45.773036956000055 ], [ 14.034416200000067, 45.773044586000026 ], [ 14.039527892000024, 45.773048402000143 ], [ 14.039548873000115, 45.776603698000145 ], [ 14.039683342000103, 45.801494599000193 ], [ 14.044793129000027, 45.801498412000058 ], [ 14.049907683000072, 45.801506043000074 ], [ 14.049925804000054, 45.805061341000112 ], [ 14.055038451000087, 45.805065155000023 ], [ 14.055112839000174, 45.819286346000126 ], [ 14.050001145000181, 45.819282533000091 ], [ 14.050040245000048, 45.82639312900011 ], [ 14.044927597000139, 45.826385498000093 ], [ 14.039854050000031, 45.833492279000041 ], [ 14.039893151000172, 45.840602875000059 ] ] ] ] } },
{ "type": "Feature", "properties": { "fid": 71, "GID_2": "SVN.7.1_1", "GID_0": "SVN", "COUNTRY": "Slovenia", "GID_1": "SVN.7_1", "NAME_1": "Osrednjeslovenska", "NL_NAME_1": "NA", "NAME_2": "Borovnica", "VARNAME_2": "NA", "NL_NAME_2": "NA", "TYPE_2": "Opcine", "ENGTYPE_2": "Commune|Municipality", "CC_2": "NA", "HASC_2": "SI.LJ.BO" }, "geometry": { "type": "MultiPolygon", "coordinates": [ [ [ [ 14.403032303000032, 45.872985840000069 ], [ 14.392789841000081, 45.86941909799998 ], [ 14.392750741000043, 45.862308502000189 ], [ 14.387639046000174, 45.862304687000119 ], [ 14.382527352000182, 45.862297059000184 ], [ 14.37741470300017, 45.86229324400017 ], [ 14.377432823000049, 45.865848542000151 ], [ 14.372321129000056, 45.865840912000067 ], [ 14.367247581000072, 45.872947693000185 ], [ 14.362135887000079, 45.872943878000115 ], [ 14.362154007000129, 45.876499177000028 ], [ 14.357080460000191, 45.883602142000029 ], [ 14.351967812000112, 45.883598327000186 ], [ 14.352006912000149, 45.890708922999977 ], [ 14.346893309999984, 45.890705110000113 ], [ 14.352064132000066, 45.901374817000033 ], [ 14.341839790000051, 45.901363372000048 ], [ 14.336803437000128, 45.915580750000061 ], [ 14.331690788000174, 45.915576935000047 ], [ 14.326730728000086, 45.944015503000116 ], [ 14.326767922000158, 45.951126099000078 ], [ 14.32678794800006, 45.954681398 ], [ 14.331900597000185, 45.954685211000083 ], [ 14.337070465000011, 45.965358733000187 ], [ 14.35752010300007, 45.965381622 ], [ 14.352369309000039, 45.958263398000099 ], [ 14.357442856000148, 45.951156617000152 ], [ 14.362554551000073, 45.951164246000133 ], [ 14.37779522000011, 45.93340301600017 ], [ 14.393114091000086, 45.929862977000084 ], [ 14.403338432000055, 45.929874420000033 ], [ 14.408450127000151, 45.929878235000103 ], [ 14.408432006000169, 45.926322937000123 ], [ 14.408335685999987, 45.908546447999981 ], [ 14.403223992, 45.908538818000068 ], [ 14.403205871000011, 45.90498352100019 ], [ 14.408296585000073, 45.901435853000066 ], [ 14.398055076999981, 45.897869111000034 ], [ 14.398034096000117, 45.894313812000121 ], [ 14.403032303000032, 45.872985840000069 ] ] ] ] } },
{ "type": "Feature", "properties": { "fid": 72, "GID_2": "SVN.7.2_1", "GID_0": "SVN", "COUNTRY": "Slovenia", "GID_1": "SVN.7_1", "NAME_1": "Osrednjeslovenska", "NL_NAME_1": "NA", "NAME_2": "Brezovica", "VARNAME_2": "NA", "NL_NAME_2": "NA", "TYPE_2": "Opcine", "ENGTYPE_2": "Commune|Municipality", "CC_2": "NA", "HASC_2": "SI.LJ.BR" }, "geometry": { "type": "MultiPolygon", "coordinates": [ [ [ [ 14.474660874000108, 45.883728028000178 ], [ 14.474642754000172, 45.880172729000094 ], [ 14.464398384000049, 45.876605987000175 ], [ 14.464380265000045, 45.873050690000071 ], [ 14.454155921, 45.873039245000143 ], [ 14.443930627000043, 45.873027802000138 ], [ 14.433648110000036, 45.862350464000087 ], [ 14.423405648000085, 45.858783722000055 ], [ 14.408143997000025, 45.872989655000083 ], [ 14.403032303000032, 45.872985840000069 ], [ 14.398034096000117, 45.894313812000121 ], [ 14.398055076999981, 45.897869111000034 ], [ 14.408296585000073, 45.901435853000066 ], [ 14.403205871000011, 45.90498352100019 ], [ 14.403223992, 45.908538818000068 ], [ 14.408335685999987, 45.908546447999981 ], [ 14.408432006000169, 45.926322937000123 ], [ 14.408450127000151, 45.929878235000103 ], [ 14.403338432000055, 45.929874420000033 ], [ 14.393114091000086, 45.929862977000084 ], [ 14.37779522000011, 45.93340301600017 ], [ 14.362554551000073, 45.951164246000133 ], [ 14.357442856000148, 45.951156617000152 ], [ 14.352369309000039, 45.958263398000099 ], [ 14.35752010300007, 45.965381622 ], [ 14.362631797000063, 45.965385437000066 ], [ 14.362668991000135, 45.972496033000084 ], [ 14.372895241000151, 45.972507478000011 ], [ 14.367857932, 45.986724854000101 ], [ 14.362746238, 45.986717224000188 ], [ 14.362803460000123, 45.997386932000154 ], [ 14.362821579000126, 46.000942231000067 ], [ 14.367972374999965, 46.008056641000167 ], [ 14.393532753000102, 46.008083343000067 ], [ 14.393552781000153, 46.01163864199998 ], [ 14.393571854000072, 46.015193939000085 ], [ 14.388460160000079, 46.01519012600005 ], [ 14.388480186000095, 46.018745422000052 ], [ 14.388498307000077, 46.022300721000136 ], [ 14.383424759000093, 46.029407502000083 ], [ 14.383442878000039, 46.032962799000188 ], [ 14.403909684000098, 46.036537171000134 ], [ 14.419210434000092, 46.029445649000138 ], [ 14.424322128000085, 46.029449463999981 ], [ 14.424304009000082, 46.025894165000068 ], [ 14.424264908000112, 46.018783569000107 ], [ 14.429376602000104, 46.01878738400012 ], [ 14.434450150000146, 46.011684419000119 ], [ 14.449787139000023, 46.011699677000138 ], [ 14.454879760000097, 46.008148193000125 ], [ 14.444599151000091, 45.99747085600012 ], [ 14.434374809000019, 45.997459412000069 ], [ 14.43435668900014, 45.993904113000156 ], [ 14.418981553000037, 45.986778259000175 ], [ 14.424035072000095, 45.97611618000019 ], [ 14.439373016000161, 45.976131440000017 ], [ 14.439313888000072, 45.965465546000189 ], [ 14.444428443, 45.965473176000103 ], [ 14.449462891, 45.951255800000069 ], [ 14.454574586000092, 45.951259613000104 ], [ 14.449366569000063, 45.933479309000177 ], [ 14.449349403000042, 45.929920197 ], [ 14.449328422000178, 45.926364899000191 ], [ 14.454442977000156, 45.926372529000105 ], [ 14.454307556, 45.901481628000056 ], [ 14.459362983000062, 45.890823365000074 ], [ 14.474660874000108, 45.883728028000178 ] ] ] ] } },
{ "type": "Feature", "properties": { "fid": 73, "GID_2": "SVN.7.3_1", "GID_0": "SVN", "COUNTRY": "Slovenia", "GID_1": "SVN.7_1", "NAME_1": "Osrednjeslovenska", "NL_NAME_1": "NA", "NAME_2": "Dobrepolje", "VARNAME_2": "NA", "NL_NAME_2": "NA", "TYPE_2": "Opcine", "ENGTYPE_2": "Commune|Municipality", "CC_2": "NA", "HASC_2": "SI.LJ.DB" }, "geometry": { "type": "MultiPolygon", "coordinates": [ [ [ [ 14.79606533000009, 45.759624482 ], [ 14.796044349000056, 45.756069184000182 ], [ 14.780690192000179, 45.752498625999976 ], [ 14.780651093000017, 45.745384216000048 ], [ 14.755146980000063, 45.756027222000114 ], [ 14.734794617000148, 45.773780823000095 ], [ 14.729740142000026, 45.784442903000127 ], [ 14.709327698000038, 45.791530610000109 ], [ 14.709345817000042, 45.795085906999986 ], [ 14.694047927000099, 45.80218124400011 ], [ 14.694087029000116, 45.809291840000071 ], [ 14.673695564000013, 45.819938659 ], [ 14.673733710000022, 45.82704925500019 ], [ 14.648248673000182, 45.841243745000156 ], [ 14.648266792000129, 45.844799041000158 ], [ 14.632948876000171, 45.848339082000052 ], [ 14.632930756000064, 45.844783783000139 ], [ 14.627819061000025, 45.844779968000068 ], [ 14.622707367000032, 45.844772340000134 ], [ 14.622763634000137, 45.855438232000154 ], [ 14.627896310000096, 45.859001159000172 ], [ 14.627971649000187, 45.873222350999981 ], [ 14.627989769000123, 45.876777650000065 ], [ 14.64330768700006, 45.873237609 ], [ 14.648476602000073, 45.883911134000016 ], [ 14.648497581000129, 45.887466431000121 ], [ 14.648515701000065, 45.891021730000034 ], [ 14.66385173700013, 45.891036988000053 ], [ 14.668925285000114, 45.883930207000105 ], [ 14.689357756999982, 45.880397797000057 ], [ 14.704673768000077, 45.876857758000142 ], [ 14.704654694000112, 45.873302460000161 ], [ 14.71999168300016, 45.87331771800018 ], [ 14.735366821000071, 45.880447387000061 ], [ 14.740479470000025, 45.880451202000131 ], [ 14.750702857000135, 45.880462647000058 ], [ 14.755758286000173, 45.86980056800013 ], [ 14.755740166000066, 45.866245269000046 ], [ 14.755719185000032, 45.862689972000112 ], [ 14.750606537000124, 45.862686157000041 ], [ 14.750569343000109, 45.85557556100008 ], [ 14.740344047000121, 45.855564118000075 ], [ 14.740268708000031, 45.841342926999971 ], [ 14.74024868000015, 45.837787628000058 ], [ 14.740229606000185, 45.83422851600011 ], [ 14.740212440000164, 45.830673217000026 ], [ 14.745324135000089, 45.83068084700011 ], [ 14.745343208000122, 45.834236146000023 ], [ 14.75554943100002, 45.830692291 ], [ 14.755510330000106, 45.82358169500003 ], [ 14.770828247000168, 45.820041656000114 ], [ 14.77075004600016, 45.805816650000168 ], [ 14.775864601000137, 45.805824280000081 ], [ 14.775843620000103, 45.802268983000147 ], [ 14.791180611000129, 45.802284241000166 ], [ 14.79116153800004, 45.798728943000185 ], [ 14.791124344000025, 45.791618347000167 ], [ 14.79110527, 45.788063050000062 ], [ 14.791085244000158, 45.784507751000149 ], [ 14.791067123000175, 45.780952454000044 ], [ 14.791046142000084, 45.777397156000063 ], [ 14.79606533000009, 45.759624482 ] ] ] ] } },
{ "type": "Feature", "properties": { "fid": 74, "GID_2": "SVN.7.4_1", "GID_0": "SVN", "COUNTRY": "Slovenia", "GID_1": "SVN.7_1", "NAME_1": "Osrednjeslovenska", "NL_NAME_1": "NA", "NAME_2": "Dobrova-Polhov Gradec", "VARNAME_2": "Dobrova-Horjul-Polhov Gradec", "NL_NAME_2": "NA", "TYPE_2": "Opcine", "ENGTYPE_2": "Commune|Municipality", "CC_2": "NA", "HASC_2": "SI.LJ.DP" }, "geometry": { "type": "MultiPolygon", "coordinates": [ [ [ [ 14.178991317000168, 46.039855957000157 ], [ 14.184103012000094, 46.03986358700007 ], [ 14.184123993000128, 46.043418884000118 ], [ 14.194366455000079, 46.046985626000037 ], [ 14.194422722000013, 46.057651520000036 ], [ 14.199537277, 46.057655335000106 ], [ 14.199556351000183, 46.061210632000154 ], [ 14.199574471000062, 46.064765931000068 ], [ 14.199669838000034, 46.08254623400012 ], [ 14.20478153300013, 46.082550050000123 ], [ 14.204819680000185, 46.089660645000038 ], [ 14.215065002000188, 46.09322738700007 ], [ 14.215083123, 46.096782684000175 ], [ 14.240644456000098, 46.096809388000054 ], [ 14.245813371000168, 46.107482910000158 ], [ 14.271375656000146, 46.107509614000094 ], [ 14.271354675000111, 46.10395431500018 ], [ 14.296897887000057, 46.100425720000146 ], [ 14.302009582000153, 46.100429535000046 ], [ 14.307122231000108, 46.10043716500013 ], [ 14.307104110000125, 46.096881866000047 ], [ 14.322440147000123, 46.096897125000112 ], [ 14.322382926000046, 46.086231232000046 ], [ 14.327494621000142, 46.086235047000116 ], [ 14.337718963000043, 46.086246490000065 ], [ 14.342830657000036, 46.086250306000181 ], [ 14.353055001000087, 46.086261749000187 ], [ 14.353075982000121, 46.0898170480001 ], [ 14.363300324000022, 46.089828491000048 ], [ 14.368412018000015, 46.089832306000119 ], [ 14.373523713000111, 46.089839936000033 ], [ 14.373503684000127, 46.086284637000119 ], [ 14.383729936000179, 46.086296082000104 ], [ 14.3888044360001, 46.079189300000053 ], [ 14.404161453000029, 46.082759857000156 ], [ 14.40927028699997, 46.082767487000069 ], [ 14.409252167000091, 46.079208373000085 ], [ 14.414363861000083, 46.079216003 ], [ 14.41430664100011, 46.068550111000036 ], [ 14.419419288000142, 46.068553924000071 ], [ 14.419401170000015, 46.064998627000136 ], [ 14.419381142000134, 46.061443328000053 ], [ 14.424492836000127, 46.061447143000123 ], [ 14.429548263000186, 46.050788879000038 ], [ 14.429530144000012, 46.047233582000104 ], [ 14.424416542000074, 46.04722595200019 ], [ 14.424379348000173, 46.040115356000172 ], [ 14.429491043000098, 46.040122986000085 ], [ 14.429472924000095, 46.036563873000034 ], [ 14.424322128000085, 46.029449463999981 ], [ 14.419210434000092, 46.029445649000138 ], [ 14.403909684000098, 46.036537171000134 ], [ 14.383442878000039, 46.032962799000188 ], [ 14.383424759000093, 46.029407502000083 ], [ 14.3783130650001, 46.02939987200017 ], [ 14.373197555000104, 46.029396057000099 ], [ 14.362974166000072, 46.029384613000047 ], [ 14.347620011000174, 46.025814056000115 ], [ 14.347580910000033, 46.018703460000097 ], [ 14.347562791000087, 46.015148164000095 ], [ 14.327112198000066, 46.015125275000116 ], [ 14.332320214, 46.032909394000114 ], [ 14.327207565000037, 46.032901763000098 ], [ 14.327246667000054, 46.040012359000116 ], [ 14.311927796000077, 46.043552400000181 ], [ 14.29657363900003, 46.039981842000145 ], [ 14.296591758000034, 46.04353713900008 ], [ 14.291480063000108, 46.043529511000145 ], [ 14.291498184000147, 46.047088623000093 ], [ 14.286385537000115, 46.047080994999988 ], [ 14.281273842000076, 46.047077180000144 ], [ 14.240357400000164, 46.043476106000071 ], [ 14.240320206000092, 46.036365510000053 ], [ 14.230093957000179, 46.036354065000126 ], [ 14.235131263000028, 46.022140504000106 ], [ 14.178915978000077, 46.02563476500012 ], [ 14.178952218000063, 46.032745361000138 ], [ 14.178973199000097, 46.036300660000052 ], [ 14.178991317000168, 46.039855957000157 ] ] ] ] } },
{ "type": "Feature", "properties": { "fid": 75, "GID_2": "SVN.7.5_1", "GID_0": "SVN", "COUNTRY": "Slovenia", "GID_1": "SVN.7_1", "NAME_1": "Osrednjeslovenska", "NL_NAME_1": "NA", "NAME_2": "Dol pri Ljubljani", "VARNAME_2": "NA", "NL_NAME_2": "NA", "TYPE_2": "Opcine", "ENGTYPE_2": "Commune|Municipality", "CC_2": "NA", "HASC_2": "SI.LJ.DL" }, "geometry": { "type": "MultiPolygon", "coordinates": [ [ [ [ 14.583146095000188, 46.09361648600003 ], [ 14.588257790000057, 46.093620301000101 ], [ 14.613818168000023, 46.093647004000047 ], [ 14.613836289000176, 46.097202301000152 ], [ 14.61895084300005, 46.097209931000066 ], [ 14.618968964000032, 46.100765228000171 ], [ 14.624080658000025, 46.100769043000071 ], [ 14.629193306000104, 46.100772858000084 ], [ 14.62921142600004, 46.104331970000032 ], [ 14.644550323000033, 46.104347229000155 ], [ 14.644606589999967, 46.115013123000153 ], [ 14.649719238000046, 46.115016938000053 ], [ 14.649737358000152, 46.118572235000158 ], [ 14.665074349000179, 46.118591309000124 ], [ 14.680412293000074, 46.118606567000143 ], [ 14.680392264999966, 46.115051270000038 ], [ 14.690597533000073, 46.111507416000109 ], [ 14.711046219000025, 46.111526490000074 ], [ 14.711028098000043, 46.107971191000161 ], [ 14.711007119000158, 46.104415894000056 ], [ 14.710987091000106, 46.100860595000142 ], [ 14.716100693000101, 46.100864410000042 ], [ 14.741643905000046, 46.097335815000179 ], [ 14.741622924000183, 46.093780518000131 ], [ 14.736474038000097, 46.086666107000042 ], [ 14.716026307000163, 46.086643219000109 ], [ 14.705780982000022, 46.083076477000077 ], [ 14.705760956000177, 46.079521180000143 ], [ 14.700651169000025, 46.079517365000072 ], [ 14.680182457000058, 46.075939180000034 ], [ 14.675069808000046, 46.075935365000191 ], [ 14.669958116000089, 46.075927734000174 ], [ 14.66997623400016, 46.079483033000088 ], [ 14.669994355000142, 46.083038330000193 ], [ 14.664884568000048, 46.083034515000122 ], [ 14.659770011000091, 46.083030700000108 ], [ 14.659751893000191, 46.079475403000174 ], [ 14.634190560000036, 46.079448700000171 ], [ 14.634170531999985, 46.075889588000052 ], [ 14.608610154000075, 46.075862884000117 ], [ 14.60863113500011, 46.07941818300003 ], [ 14.583105088000082, 46.086505890000012 ], [ 14.583146095000188, 46.09361648600003 ] ] ] ] } },
{ "type": "Feature", "properties": { "fid": 76, "GID_2": "SVN.7.6_1", "GID_0": "SVN", "COUNTRY": "Slovenia", "GID_1": "SVN.7_1", "NAME_1": "Osrednjeslovenska", "NL_NAME_1": "NA", "NAME_2": "Domžale", "VARNAME_2": "NA", "NL_NAME_2": "NA", "TYPE_2": "Opcine", "ENGTYPE_2": "Commune|Municipality", "CC_2": "NA", "HASC_2": "SI.LJ.DM" }, "geometry": { "type": "MultiPolygon", "coordinates": [ [ [ [ 14.680412293000074, 46.118606567000143 ], [ 14.665074349000179, 46.118591309000124 ], [ 14.649737358000152, 46.118572235000158 ], [ 14.649719238000046, 46.115016938000053 ], [ 14.644606589999967, 46.115013123000153 ], [ 14.644550323000033, 46.104347229000155 ], [ 14.62921142600004, 46.104331970000032 ], [ 14.629193306000104, 46.100772858000084 ], [ 14.624080658000025, 46.100769043000071 ], [ 14.618968964000032, 46.100765228000171 ], [ 14.61895084300005, 46.097209931000066 ], [ 14.613836289000176, 46.097202301000152 ], [ 14.613818168000023, 46.093647004000047 ], [ 14.588257790000057, 46.093620301000101 ], [ 14.583146095000188, 46.09361648600003 ], [ 14.583164216000171, 46.097171785000114 ], [ 14.583203316000038, 46.104282380000029 ], [ 14.572978019000118, 46.104270935000045 ], [ 14.567902566000043, 46.11137771600005 ], [ 14.562792779000119, 46.111370087000182 ], [ 14.557773589000135, 46.129142761000082 ], [ 14.562886238000146, 46.129150391000167 ], [ 14.568076134000023, 46.143375397000113 ], [ 14.568094253000027, 46.146930694000048 ], [ 14.57320594700019, 46.146938324000132 ], [ 14.583451272000104, 46.150505066000051 ], [ 14.583486557000072, 46.157615662000012 ], [ 14.578377724000063, 46.157608032000098 ], [ 14.578395843000067, 46.161163331000182 ], [ 14.57843208200012, 46.168273926000097 ], [ 14.578471183999966, 46.175384522000115 ], [ 14.578492165000057, 46.178943634000063 ], [ 14.578530312000112, 46.186054230000082 ], [ 14.593864440000175, 46.186069488000101 ], [ 14.593846322000104, 46.182514191 ], [ 14.598960876000149, 46.182518006000066 ], [ 14.609203339000032, 46.186084748000098 ], [ 14.609221457999979, 46.189640045000033 ], [ 14.619444847000068, 46.189651489000084 ], [ 14.619465827000056, 46.193206787000122 ], [ 14.639970778000134, 46.203895568000121 ], [ 14.645083428000191, 46.203899384000067 ], [ 14.665534019, 46.203922272000057 ], [ 14.670625687000154, 46.200370788000157 ], [ 14.670606614000064, 46.196815491000052 ], [ 14.670586585000081, 46.193260193000071 ], [ 14.660363196000048, 46.19324874900019 ], [ 14.660307884000076, 46.182582855000192 ], [ 14.655194282000082, 46.182579042000157 ], [ 14.655155182000044, 46.175468446000139 ], [ 14.644891739000059, 46.168346405000136 ], [ 14.639780044000133, 46.168338775000052 ], [ 14.639740945000028, 46.161228179000034 ], [ 14.649968147000152, 46.161239624000189 ], [ 14.649929047000114, 46.154129029000103 ], [ 14.655040741999983, 46.154132844000173 ], [ 14.655022621, 46.15057754500009 ], [ 14.660135267999976, 46.150585175000174 ], [ 14.665245055000128, 46.150588990000017 ], [ 14.665228844000069, 46.147033691000104 ], [ 14.670337676000031, 46.147037506000174 ], [ 14.670319558000131, 46.143482208000194 ], [ 14.675432205000106, 46.143489838000107 ], [ 14.675414086000103, 46.139934541000173 ], [ 14.675394058000052, 46.136379242000089 ], [ 14.680505753000148, 46.13638305700016 ], [ 14.680468559000076, 46.129272461000141 ], [ 14.680448532000128, 46.125717163000161 ], [ 14.680412293000074, 46.118606567000143 ] ] ] ] } },
{ "type": "Feature", "properties": { "fid": 77, "GID_2": "SVN.7.7_1", "GID_0": "SVN", "COUNTRY": "Slovenia", "GID_1": "SVN.7_1", "NAME_1": "Osrednjeslovenska", "NL_NAME_1": "NA", "NAME_2": "Grosuplje", "VARNAME_2": "NA", "NL_NAME_2": "NA", "TYPE_2": "Opcine", "ENGTYPE_2": "Commune|Municipality", "CC_2": "NA", "HASC_2": "SI.LJ.GR" }, "geometry": { "type": "MultiPolygon", "coordinates": [ [ [ [ 14.735366821000071, 45.880447387000061 ], [ 14.71999168300016, 45.87331771800018 ], [ 14.704654694000112, 45.873302460000161 ], [ 14.704673768000077, 45.876857758000142 ], [ 14.689357756999982, 45.880397797000057 ], [ 14.668925285000114, 45.883930207000105 ], [ 14.66385173700013, 45.891036988000053 ], [ 14.648515701000065, 45.891021730000034 ], [ 14.648497581000129, 45.887466431000121 ], [ 14.648476602000073, 45.883911134000016 ], [ 14.64330768700006, 45.873237609 ], [ 14.627989769000123, 45.876777650000065 ], [ 14.622878075000131, 45.876773835000051 ], [ 14.617766380000035, 45.876766204000035 ], [ 14.617803574000106, 45.883876800000053 ], [ 14.612691880000114, 45.883872987000188 ], [ 14.612730979000048, 45.89098358300015 ], [ 14.61276817300012, 45.898094178000065 ], [ 14.602542877000133, 45.898082733000138 ], [ 14.59747028400011, 45.905189514000085 ], [ 14.592357635000099, 45.905185699000185 ], [ 14.58724594, 45.90517807100008 ], [ 14.587264060999985, 45.908733367000082 ], [ 14.582247733000088, 45.926506043000131 ], [ 14.577133179000043, 45.926502228000118 ], [ 14.57717418600015, 45.933612823000033 ], [ 14.582285880000143, 45.933616638000046 ], [ 14.582382202000133, 45.951393129000166 ], [ 14.582400323000115, 45.954952240000011 ], [ 14.587512017000108, 45.954956056000185 ], [ 14.58245658800007, 45.965618133000135 ], [ 14.577344894000078, 45.965610505000029 ], [ 14.577365875000112, 45.969165802000134 ], [ 14.577402114000165, 45.976276397000049 ], [ 14.577441216000011, 45.983390808000081 ], [ 14.577461242000084, 45.986946107000165 ], [ 14.592795372000182, 45.986961365000184 ], [ 14.592816353000046, 45.990516662000118 ], [ 14.603039742000135, 45.990528107000102 ], [ 14.608152389999987, 45.990531923000049 ], [ 14.608134269, 45.986976624000135 ], [ 14.618357658000093, 45.986988067000084 ], [ 14.623470307000105, 45.986991882000154 ], [ 14.628580094000029, 45.986999512000068 ], [ 14.638807296000152, 45.987010955000017 ], [ 14.659256935000087, 45.987030029000039 ], [ 14.659294129000102, 45.994140625 ], [ 14.669518470000128, 45.994152070000155 ], [ 14.669539451000162, 45.997707367000089 ], [ 14.669556617000126, 46.00126266500007 ], [ 14.669574738000165, 46.004817962000175 ], [ 14.66959476400001, 46.008373261000088 ], [ 14.674708366000175, 46.008380889000193 ], [ 14.695174217000044, 46.011955262000072 ], [ 14.705397606000133, 46.011966705000077 ], [ 14.70536232, 46.004856109000059 ], [ 14.710474014, 46.004863739000143 ], [ 14.715546607000078, 45.997756959000128 ], [ 14.730883598000105, 45.997772217000147 ], [ 14.730847359000052, 45.990661621000129 ], [ 14.715490342000123, 45.987091064000026 ], [ 14.715433121999979, 45.976425172000177 ], [ 14.710301399000059, 45.972862245000158 ], [ 14.705188752000083, 45.972858429000041 ], [ 14.705170631000044, 45.969303131 ], [ 14.700000763000048, 45.958629608000194 ], [ 14.694889069000055, 45.958625793000124 ], [ 14.699962617000097, 45.951519012000176 ], [ 14.710186958000065, 45.95153045700016 ], [ 14.715298653000161, 45.951534271000128 ], [ 14.720411300000137, 45.951541901000041 ], [ 14.720393182000066, 45.947986604000107 ], [ 14.720372201000032, 45.94442749000018 ], [ 14.725370407000014, 45.923103333000142 ], [ 14.740632058000074, 45.908897400000058 ], [ 14.740612984000109, 45.90534210300018 ], [ 14.735501290000116, 45.905334473000096 ], [ 14.73544216199997, 45.894668578000164 ], [ 14.735384942000053, 45.884002686000144 ], [ 14.735366821000071, 45.880447387000061 ] ] ] ] } },
{ "type": "Feature", "properties": { "fid": 78, "GID_2": "SVN.7.8_1", "GID_0": "SVN", "COUNTRY": "Slovenia", "GID_1": "SVN.7_1", "NAME_1": "Osrednjeslovenska", "NL_NAME_1": "NA", "NAME_2": "Horjul", "VARNAME_2": "NA", "NL_NAME_2": "NA", "TYPE_2": "Opcine", "ENGTYPE_2": "Commune|Municipality", "CC_2": "NA", "HASC_2": "SI.LJ.HO" }, "geometry": { "type": "MultiPolygon", "coordinates": [ [ [ [ 14.235131263000028, 46.022140504000106 ], [ 14.230093957000179, 46.036354065000126 ], [ 14.240320206000092, 46.036365510000053 ], [ 14.240357400000164, 46.043476106000071 ], [ 14.281273842000076, 46.047077180000144 ], [ 14.286385537000115, 46.047080994999988 ], [ 14.291498184000147, 46.047088623000093 ], [ 14.291480063000108, 46.043529511000145 ], [ 14.296591758000034, 46.04353713900008 ], [ 14.29657363900003, 46.039981842000145 ], [ 14.311927796000077, 46.043552400000181 ], [ 14.327246667000054, 46.040012359000116 ], [ 14.327207565000037, 46.032901763000098 ], [ 14.332320214, 46.032909394000114 ], [ 14.327112198000066, 46.015125275000116 ], [ 14.327094077000027, 46.011569975999976 ], [ 14.306645393999986, 46.011547090000079 ], [ 14.306625366000105, 46.007991791000165 ], [ 14.296381950000068, 46.004425049000076 ], [ 14.27081966500009, 46.004398345000027 ], [ 14.270783424000172, 45.997287750000112 ], [ 14.265670776000093, 45.997283936000144 ], [ 14.2605590820001, 45.99727630600006 ], [ 14.235016822000091, 46.000804902000141 ], [ 14.229943275000153, 46.007911681999985 ], [ 14.229962348000186, 46.011466981000069 ], [ 14.229980469, 46.015022278000174 ], [ 14.235094071000162, 46.015029908000088 ], [ 14.235112190000166, 46.018585205000193 ], [ 14.235131263000028, 46.022140504000106 ] ] ] ] } },
{ "type": "Feature", "properties": { "fid": 79, "GID_2": "SVN.7.9_1", "GID_0": "SVN", "COUNTRY": "Slovenia", "GID_1": "SVN.7_1", "NAME_1": "Osrednjeslovenska", "NL_NAME_1": "NA", "NAME_2": "Ig", "VARNAME_2": "NA", "NL_NAME_2": "NA", "TYPE_2": "Opcine", "ENGTYPE_2": "Commune|Municipality", "CC_2": "NA", "HASC_2": "SI.LJ.IG" }, "geometry": { "type": "MultiPolygon", "coordinates": [ [ [ [ 14.484885216000123, 45.883739471000126 ], [ 14.479772568999977, 45.883731843000191 ], [ 14.474660874000108, 45.883728028000178 ], [ 14.459362983000062, 45.890823365000074 ], [ 14.454307556, 45.901481628000056 ], [ 14.454442977000156, 45.926372529000105 ], [ 14.449328422000178, 45.926364899000191 ], [ 14.449349403000042, 45.929920197 ], [ 14.449366569000063, 45.933479309000177 ], [ 14.454574586000092, 45.951259613000104 ], [ 14.449462891, 45.951255800000069 ], [ 14.444428443, 45.965473176000103 ], [ 14.439313888000072, 45.965465546000189 ], [ 14.439373016000161, 45.976131440000017 ], [ 14.449597360000041, 45.976142883000193 ], [ 14.449616433000131, 45.979698182000106 ], [ 14.464934349000089, 45.976158142000088 ], [ 14.464952468999968, 45.979713441 ], [ 14.465028763000078, 45.993938447000176 ], [ 14.465047836000167, 45.99749374400011 ], [ 14.495740890000036, 46.001079560000107 ], [ 14.500852584000029, 46.001087190000021 ], [ 14.500835418000065, 45.997531891000108 ], [ 14.511058807000097, 45.997539521000078 ], [ 14.516132355000138, 45.990436553000166 ], [ 14.526355744000057, 45.990447999000025 ], [ 14.526337623000074, 45.986892700000112 ], [ 14.541655541000011, 45.983352661000026 ], [ 14.546672821000016, 45.96557998600008 ], [ 14.546633720000102, 45.958469390000062 ], [ 14.551746369000057, 45.958473206000065 ], [ 14.546594620000064, 45.951358795000147 ], [ 14.55168914900014, 45.947807313000112 ], [ 14.551610947000029, 45.933586122 ], [ 14.546499253000036, 45.933578491 ], [ 14.541312218000144, 45.919353485000045 ], [ 14.546423912000137, 45.919357300000115 ], [ 14.556648254000038, 45.919368743000064 ], [ 14.551459313000123, 45.905139924000025 ], [ 14.556571007000116, 45.90514755200013 ], [ 14.556552887, 45.901592255000082 ], [ 14.571888923000074, 45.901607513000101 ], [ 14.57700061800017, 45.901611328000115 ], [ 14.576983451999979, 45.898056030000134 ], [ 14.576962471000115, 45.894500733000029 ], [ 14.57692623100013, 45.887390137000011 ], [ 14.576867104000144, 45.876724243000183 ], [ 14.571754456000065, 45.876720429000045 ], [ 14.571736336000185, 45.873161316 ], [ 14.571718214999976, 45.869606019000116 ], [ 14.561493873000131, 45.869598388000099 ], [ 14.56147289200004, 45.866043092000098 ], [ 14.551248551000072, 45.86603164600001 ], [ 14.551269532000163, 45.869586945000094 ], [ 14.541043282000089, 45.869575500000167 ], [ 14.541064263000123, 45.87313079900008 ], [ 14.530838967000022, 45.873119354000096 ], [ 14.525764466000169, 45.880226136000147 ], [ 14.495129586000076, 45.887306212999988 ], [ 14.490017891000036, 45.88729858500011 ], [ 14.484906197000043, 45.88729477000004 ], [ 14.484885216000123, 45.883739471000126 ] ] ] ] } },
{ "type": "Feature", "properties": { "fid": 80, "GID_2": "SVN.7.10_1", "GID_0": "SVN", "COUNTRY": "Slovenia", "GID_1": "SVN.7_1", "NAME_1": "Osrednjeslovenska", "NL_NAME_1": "NA", "NAME_2": "Ivancna Gorica", "VARNAME_2": "NA", "NL_NAME_2": "NA", "TYPE_2": "Opcine", "ENGTYPE_2": "Commune|Municipality", "CC_2": "NA", "HASC_2": "SI.LJ.IV" }, "geometry": { "type": "MultiPolygon", "coordinates": [ [ [ [ 14.909623146000058, 45.96240616 ], [ 14.909584045000088, 45.955295564000039 ], [ 14.899338722000152, 45.951728822000121 ], [ 14.899320603000149, 45.948173523000037 ], [ 14.894208909000156, 45.948169708000194 ], [ 14.88909721400006, 45.948162080000088 ], [ 14.883984565000105, 45.948158265000188 ], [ 14.883966446000102, 45.944602966000105 ], [ 14.873740197000132, 45.944591522000053 ], [ 14.868438721000075, 45.909030914000141 ], [ 14.868417740000041, 45.905475617000036 ], [ 14.852968216000022, 45.884124756000119 ], [ 14.858040809000045, 45.877021789000139 ], [ 14.858020782999972, 45.873462677000191 ], [ 14.86313533800012, 45.873470307000105 ], [ 14.863115310000069, 45.869915008000191 ], [ 14.863096236000104, 45.866359711000086 ], [ 14.868207931000029, 45.866363527000033 ], [ 14.873320580000154, 45.866371155000138 ], [ 14.868151665000141, 45.855697632000101 ], [ 14.832366944000057, 45.855659485000103 ], [ 14.832307816000139, 45.844993591000048 ], [ 14.837420463000115, 45.844997406000118 ], [ 14.837401390000025, 45.841442109000013 ], [ 14.83736324299997, 45.834331513000052 ], [ 14.847586632000059, 45.834342956000171 ], [ 14.847455026000034, 45.809455872000171 ], [ 14.84743404500017, 45.805900574000134 ], [ 14.842265130000101, 45.795227051000154 ], [ 14.79116153800004, 45.798728943000185 ], [ 14.791180611000129, 45.802284241000166 ], [ 14.775843620000103, 45.802268983000147 ], [ 14.775864601000137, 45.805824280000081 ], [ 14.77075004600016, 45.805816650000168 ], [ 14.770828247000168, 45.820041656000114 ], [ 14.755510330000106, 45.82358169500003 ], [ 14.75554943100002, 45.830692291 ], [ 14.745343208000122, 45.834236146000023 ], [ 14.745324135000089, 45.83068084700011 ], [ 14.740212440000164, 45.830673217000026 ], [ 14.740229606000185, 45.83422851600011 ], [ 14.74024868000015, 45.837787628000058 ], [ 14.740268708000031, 45.841342926999971 ], [ 14.740344047000121, 45.855564118000075 ], [ 14.750569343000109, 45.85557556100008 ], [ 14.750606537000124, 45.862686157000041 ], [ 14.755719185000032, 45.862689972000112 ], [ 14.755740166000066, 45.866245269000046 ], [ 14.755758286000173, 45.86980056800013 ], [ 14.750702857000135, 45.880462647000058 ], [ 14.740479470000025, 45.880451202000131 ], [ 14.735366821000071, 45.880447387000061 ], [ 14.735384942000053, 45.884002686000144 ], [ 14.73544216199997, 45.894668578000164 ], [ 14.735501290000116, 45.905334473000096 ], [ 14.740612984000109, 45.90534210300018 ], [ 14.740632058000074, 45.908897400000058 ], [ 14.725370407000014, 45.923103333000142 ], [ 14.720372201000032, 45.94442749000018 ], [ 14.720393182000066, 45.947986604000107 ], [ 14.720411300000137, 45.951541901000041 ], [ 14.715298653000161, 45.951534271000128 ], [ 14.710186958000065, 45.95153045700016 ], [ 14.699962617000097, 45.951519012000176 ], [ 14.694889069000055, 45.958625793000124 ], [ 14.700000763000048, 45.958629608000194 ], [ 14.705170631000044, 45.969303131 ], [ 14.705188752000083, 45.972858429000041 ], [ 14.710301399000059, 45.972862245000158 ], [ 14.715433121999979, 45.976425172000177 ], [ 14.715490342000123, 45.987091064000026 ], [ 14.730847359000052, 45.990661621000129 ], [ 14.730883598000105, 45.997772217000147 ], [ 14.735996246000184, 45.997779847000061 ], [ 14.736016274000065, 46.001335144000109 ], [ 14.741127968000058, 46.001338959000179 ], [ 14.756446839000034, 45.997798921000026 ], [ 14.761558533000027, 45.997806549000131 ], [ 14.761576652000031, 46.001361848000045 ], [ 14.766689300999985, 46.001365663000058 ], [ 14.766728401000023, 46.008476257999973 ], [ 14.782064439000067, 46.008491517000095 ], [ 14.787176131000081, 46.00849914500003 ], [ 14.792287826000177, 46.008502960000101 ], [ 14.797400475000131, 46.008510590000185 ], [ 14.797382354000149, 46.004955291000101 ], [ 14.802494049000074, 46.004959106000115 ], [ 14.802475928000092, 46.001403810000113 ], [ 14.807585715000187, 46.001407622999977 ], [ 14.83824157700019, 45.997886658000084 ], [ 14.838221550000071, 45.994331360999979 ], [ 14.848445892000086, 45.994342804000155 ], [ 14.848466873000177, 45.997898103000068 ], [ 14.84848499400016, 46.001453400000173 ], [ 14.84850311200006, 46.005008698000154 ], [ 14.853616714, 46.005012512000121 ], [ 14.858727454000132, 46.005016327000135 ], [ 14.858748435000166, 46.008575441000119 ], [ 14.868953705000081, 46.005027772000119 ], [ 14.873988152000152, 45.990814209000121 ], [ 14.884213448000139, 45.990821839000034 ], [ 14.889228821000074, 45.973049164000088 ], [ 14.909623146000058, 45.96240616 ] ] ] ] } },
{ "type": "Feature", "properties": { "fid": 81, "GID_2": "SVN.7.11_1", "GID_0": "SVN", "COUNTRY": "Slovenia", "GID_1": "SVN.7_1", "NAME_1": "Osrednjeslovenska", "NL_NAME_1": "NA", "NAME_2": "Kamnik", "VARNAME_2": "NA", "NL_NAME_2": "NA", "TYPE_2": "Opcine", "ENGTYPE_2": "Commune|Municipality", "CC_2": "NA", "HASC_2": "SI.LJ.KA" }, "geometry": { "type": "MultiPolygon", "coordinates": [ [ [ [ 14.543009757000164, 46.235794068000132 ], [ 14.543030738000027, 46.23934936500001 ], [ 14.54304885900001, 46.242904664000093 ], [ 14.548160553, 46.242908479000164 ], [ 14.558384895000074, 46.242919922000112 ], [ 14.558405876000165, 46.246475221000026 ], [ 14.563574791000178, 46.257144928000116 ], [ 14.558520317000102, 46.267807008000148 ], [ 14.553406715000108, 46.267803193000077 ], [ 14.553425788000027, 46.271358490000182 ], [ 14.55344390900018, 46.274913789000095 ], [ 14.543219567000108, 46.274902343000065 ], [ 14.548391342, 46.285575866000045 ], [ 14.538185119000104, 46.28911972200018 ], [ 14.533129692000102, 46.299781799000129 ], [ 14.522924423000063, 46.303325653000059 ], [ 14.522944450000068, 46.306880951999972 ], [ 14.528057099000023, 46.306884767000042 ], [ 14.528075218000026, 46.310440063000044 ], [ 14.53318691200019, 46.310447694000061 ], [ 14.538298607000115, 46.310451509000131 ], [ 14.548543929000118, 46.314018249000185 ], [ 14.548580170000037, 46.321128844999976 ], [ 14.533262253000146, 46.324668885000165 ], [ 14.533321381000064, 46.33533477800006 ], [ 14.543563843000186, 46.33890152000015 ], [ 14.543622971000104, 46.349567414000148 ], [ 14.533434868000086, 46.356670380000025 ], [ 14.533455849000177, 46.360225679000109 ], [ 14.533473968000123, 46.363780975000111 ], [ 14.559035301000108, 46.363807679000047 ], [ 14.56925868999997, 46.363819122000166 ], [ 14.574332237000078, 46.356712342000151 ], [ 14.584559441000067, 46.356723785000099 ], [ 14.584576607000031, 46.360279084000183 ], [ 14.610136985000167, 46.360305787000186 ], [ 14.630605697000021, 46.363880158000086 ], [ 14.630454062000183, 46.335437775000173 ], [ 14.635508537000135, 46.324775695000085 ], [ 14.640621186000089, 46.324783325000055 ], [ 14.650788308000074, 46.314125061000141 ], [ 14.666124344000139, 46.314144135000106 ], [ 14.666086197000084, 46.307029724000074 ], [ 14.671197891000077, 46.307037354000158 ], [ 14.67110443200005, 46.289260864000141 ], [ 14.66597175600009, 46.285697937000123 ], [ 14.671066285, 46.282146455000088 ], [ 14.696625710000149, 46.282176972000059 ], [ 14.691438675000029, 46.267948150000109 ], [ 14.696492194000086, 46.257286073000159 ], [ 14.732278824000105, 46.257324219000111 ], [ 14.73739147100008, 46.257328034000182 ], [ 14.737372398, 46.253772736000144 ], [ 14.747575760000132, 46.250228882000044 ], [ 14.752709389000074, 46.253791809000063 ], [ 14.762914657000124, 46.250244140000063 ], [ 14.79871845200006, 46.253837586000031 ], [ 14.844708442000126, 46.2503318790001 ], [ 14.849820137000052, 46.250335694000171 ], [ 14.854895592000162, 46.243232727000191 ], [ 14.875326157000131, 46.239696503000175 ], [ 14.875306129000023, 46.236141204000035 ], [ 14.890624046000141, 46.232601166000052 ], [ 14.890605927000138, 46.229045869000174 ], [ 14.895717620000028, 46.229053497000109 ], [ 14.900830269000039, 46.229057312000123 ], [ 14.905884744000161, 46.218395233000194 ], [ 14.905863763000127, 46.214839936000089 ], [ 14.900754928000083, 46.214836121000019 ], [ 14.900715831000127, 46.207725809000067 ], [ 14.895600999000067, 46.207717895000087 ], [ 14.89049244000006, 46.207714082000052 ], [ 14.849574090000033, 46.204116821000071 ], [ 14.839310646000115, 46.196994782000104 ], [ 14.829087258000129, 46.19698333700012 ], [ 14.829105378000179, 46.200538636000033 ], [ 14.823992729000054, 46.200534821000133 ], [ 14.803544998000064, 46.200511932000097 ], [ 14.798430443000086, 46.200508117000084 ], [ 14.793320656, 46.200500489000149 ], [ 14.793299675000128, 46.196945190000065 ], [ 14.77285194500007, 46.196922302000132 ], [ 14.757514954000044, 46.196907043000181 ], [ 14.75747680700016, 46.189796448000095 ], [ 14.742139816000133, 46.189781188999973 ], [ 14.742158889, 46.193336486000078 ], [ 14.742178917000047, 46.196891785000162 ], [ 14.737065315000109, 46.196887970000148 ], [ 14.731990815000131, 46.203990936000025 ], [ 14.701318741000023, 46.203960419000055 ], [ 14.696167946000116, 46.19684219300018 ], [ 14.685943603000112, 46.196830750000174 ], [ 14.680831910000052, 46.196826935000161 ], [ 14.675720216000059, 46.19682312000009 ], [ 14.670606614000064, 46.196815491000052 ], [ 14.670625687000154, 46.200370788000157 ], [ 14.665534019, 46.203922272000057 ], [ 14.645083428000191, 46.203899384000067 ], [ 14.639970778000134, 46.203895568000121 ], [ 14.619465827000056, 46.193206787000122 ], [ 14.619444847000068, 46.189651489000084 ], [ 14.609221457999979, 46.189640045000033 ], [ 14.609203339000032, 46.186084748000098 ], [ 14.598960876000149, 46.182518006000066 ], [ 14.593846322000104, 46.182514191 ], [ 14.593864440000175, 46.186069488000101 ], [ 14.578530312000112, 46.186054230000082 ], [ 14.578549385000144, 46.189609529000165 ], [ 14.573435782999979, 46.189601898000149 ], [ 14.568324088999987, 46.189598083000135 ], [ 14.568343162000076, 46.193153382000048 ], [ 14.568363190000127, 46.196708679000096 ], [ 14.563305856, 46.207370759000185 ], [ 14.563325882000072, 46.210926055000186 ], [ 14.563344002000179, 46.2144813540001 ], [ 14.558232308000186, 46.214473724000186 ], [ 14.553234101000044, 46.23580169600001 ], [ 14.54812431400012, 46.235797883000146 ], [ 14.543009757000164, 46.235794068000132 ] ] ] ] } },
{ "type": "Feature", "properties": { "fid": 82, "GID_2": "SVN.7.12_1", "GID_0": "SVN", "COUNTRY": "Slovenia", "GID_1": "SVN.7_1", "NAME_1": "Osrednjeslovenska", "NL_NAME_1": "NA", "NAME_2": "Komenda", "VARNAME_2": "NA", "NL_NAME_2": "NA", "TYPE_2": "Opcine", "ENGTYPE_2": "Commune|Municipality", "CC_2": "NA", "HASC_2": "SI.LJ.KM" }, "geometry": { "type": "MultiPolygon", "coordinates": [ [ [ [ 14.49682998600008, 46.203742981 ], [ 14.501996993000148, 46.214416504000042 ], [ 14.522465707000151, 46.217994689000079 ], [ 14.522485733000053, 46.221549988000163 ], [ 14.532729148000158, 46.225116730000025 ], [ 14.53276825, 46.232227326000043 ], [ 14.543009757000164, 46.235794068000132 ], [ 14.54812431400012, 46.235797883000146 ], [ 14.553234101000044, 46.23580169600001 ], [ 14.558232308000186, 46.214473724000186 ], [ 14.563344002000179, 46.2144813540001 ], [ 14.563325882000072, 46.210926055000186 ], [ 14.563305856, 46.207370759000185 ], [ 14.568363190000127, 46.196708679000096 ], [ 14.568343162000076, 46.193153382000048 ], [ 14.568324088999987, 46.189598083000135 ], [ 14.552969932000167, 46.186027526000032 ], [ 14.552948953000111, 46.182472229000098 ], [ 14.532462120000105, 46.175338745000147 ], [ 14.532442092000053, 46.171783448000042 ], [ 14.527330398000061, 46.171775818000128 ], [ 14.512031555000135, 46.178871156000127 ], [ 14.517162323000093, 46.182434083000146 ], [ 14.501865387000066, 46.189529420000042 ], [ 14.496809960000064, 46.200187684000127 ], [ 14.49682998600008, 46.203742981 ] ] ] ] } },
{ "type": "Feature", "properties": { "fid": 83, "GID_2": "SVN.7.13_1", "GID_0": "SVN", "COUNTRY": "Slovenia", "GID_1": "SVN.7_1", "NAME_1": "Osrednjeslovenska", "NL_NAME_1": "NA", "NAME_2": "Litija", "VARNAME_2": "NA", "NL_NAME_2": "NA", "TYPE_2": "Opcine", "ENGTYPE_2": "Commune|Municipality", "CC_2": "NA", "HASC_2": "SI.LJ.LI" }, "geometry": { "type": "MultiPolygon", "coordinates": [ [ [ [ 15.083744048000085, 46.01947784400005 ], [ 15.073519707000116, 46.019466401000102 ], [ 15.073498726000025, 46.015911102000189 ], [ 15.073480607000079, 46.012355805000084 ], [ 15.068368912000153, 46.01234817500017 ], [ 15.06325721800016, 46.0123443600001 ], [ 15.063275337000164, 46.015899659000013 ], [ 15.047918319000132, 46.012329102000081 ], [ 15.047882080000079, 46.005218506000119 ], [ 15.027433395, 46.005195617000084 ], [ 15.012077332, 46.001625060000151 ], [ 15.01713180400003, 45.990962983000031 ], [ 15.022244454000145, 45.990966798000045 ], [ 15.022187233000125, 45.980300903000114 ], [ 15.017074584000113, 45.9802970880001 ], [ 15.017057418000093, 45.976741791000165 ], [ 15.00681209600009, 45.973175049000133 ], [ 15.006791115000055, 45.969619751000096 ], [ 15.006772994000073, 45.966064454000048 ], [ 14.996530534000101, 45.962497712000129 ], [ 14.991418839000175, 45.962493896000183 ], [ 14.976099969000131, 45.966030122 ], [ 14.976119042, 45.969585419000111 ], [ 14.955670357000145, 45.969566345000146 ], [ 14.955709458000115, 45.976676941000164 ], [ 14.930146218000118, 45.976650237000058 ], [ 14.930088997999974, 45.965984345000038 ], [ 14.930070877000162, 45.962429046000125 ], [ 14.924959183000169, 45.962421418000019 ], [ 14.909623146000058, 45.96240616 ], [ 14.889228821000074, 45.973049164000088 ], [ 14.884213448000139, 45.990821839000034 ], [ 14.873988152000152, 45.990814209000121 ], [ 14.868953705000081, 46.005027772000119 ], [ 14.858748435000166, 46.008575441000119 ], [ 14.858727454000132, 46.005016327000135 ], [ 14.853616714, 46.005012512000121 ], [ 14.84850311200006, 46.005008698000154 ], [ 14.84848499400016, 46.001453400000173 ], [ 14.848466873000177, 45.997898103000068 ], [ 14.848445892000086, 45.994342804000155 ], [ 14.838221550000071, 45.994331360999979 ], [ 14.83824157700019, 45.997886658000084 ], [ 14.807585715000187, 46.001407622999977 ], [ 14.802475928000092, 46.001403810000113 ], [ 14.802494049000074, 46.004959106000115 ], [ 14.797382354000149, 46.004955291000101 ], [ 14.797400475000131, 46.008510590000185 ], [ 14.792287826000177, 46.008502960000101 ], [ 14.787176131000081, 46.00849914500003 ], [ 14.782064439000067, 46.008491517000095 ], [ 14.766728401000023, 46.008476257999973 ], [ 14.766689300999985, 46.001365663000058 ], [ 14.761576652000031, 46.001361848000045 ], [ 14.761558533000027, 45.997806549000131 ], [ 14.756446839000034, 45.997798921000026 ], [ 14.741127968000058, 46.001338959000179 ], [ 14.736016274000065, 46.001335144000109 ], [ 14.736035347000154, 46.004890443000022 ], [ 14.736053466000101, 46.008445740000127 ], [ 14.736072541, 46.01200103900004 ], [ 14.73101806700015, 46.022659303000125 ], [ 14.741242409000051, 46.022670746000131 ], [ 14.746354103000044, 46.022678376000044 ], [ 14.746375084000078, 46.026233673000092 ], [ 14.746393203000082, 46.029788972 ], [ 14.741280556000049, 46.029781342000092 ], [ 14.720926284000143, 46.047538757000041 ], [ 14.720947265000177, 46.051094056000125 ], [ 14.736322403000088, 46.058219910000162 ], [ 14.736378671000125, 46.068889617000025 ], [ 14.715909957000122, 46.065311431999987 ], [ 14.710798264, 46.065303802000074 ], [ 14.71081829100018, 46.068862916000057 ], [ 14.710836411000059, 46.072418213000162 ], [ 14.710854530000063, 46.075973511000143 ], [ 14.705742834999967, 46.075965881000059 ], [ 14.705760956000177, 46.079521180000143 ], [ 14.705780982000022, 46.083076477000077 ], [ 14.716026307000163, 46.086643219000109 ], [ 14.736474038000097, 46.086666107000042 ], [ 14.741622924000183, 46.093780518000131 ], [ 14.741643905000046, 46.097335815000179 ], [ 14.746755600000085, 46.097343445000092 ], [ 14.746773720000022, 46.100898742000027 ], [ 14.757019043000128, 46.104465484000116 ], [ 14.75703716400011, 46.108020783000029 ], [ 14.762148858000103, 46.108024598000043 ], [ 14.782600402000128, 46.1080474850001 ], [ 14.782635688000028, 46.115158080000185 ], [ 14.792862893000063, 46.115169526000045 ], [ 14.792899132000116, 46.122280121000131 ], [ 14.792917252, 46.125835418000065 ], [ 14.808274270000027, 46.129405975000168 ], [ 14.81851864000015, 46.13297271700003 ], [ 14.823631002000013, 46.132980348000046 ], [ 14.823610306000091, 46.12942123400012 ], [ 14.826837585000021, 46.129426051000053 ], [ 14.827356342000087, 46.12942682500011 ], [ 14.828722, 46.129428864000033 ], [ 14.828721838999968, 46.12939744900018 ], [ 14.828704000000187, 46.125874 ], [ 14.835107000000107, 46.128103000000124 ], [ 14.837236907000033, 46.128844199000071 ], [ 14.838949204000016, 46.129440307000152 ], [ 14.884958268000105, 46.129486084000121 ], [ 14.884928004000074, 46.123900767000123 ], [ 14.884877551999978, 46.114589632000047 ], [ 14.88486194800015, 46.111709798000163 ], [ 14.879750252000122, 46.111705781000069 ], [ 14.879711152000084, 46.104595185000051 ], [ 14.884825854000155, 46.104599000000121 ], [ 14.88476616600019, 46.093962525000165 ], [ 14.884766001000116, 46.093933106000122 ], [ 14.887685884, 46.093935284000111 ], [ 14.889401053000086, 46.093936564000046 ], [ 14.889879226000119, 46.093936921000193 ], [ 14.894992828000113, 46.093944549000071 ], [ 14.91725638000014, 46.093966700000067 ], [ 14.92166766400004, 46.093971089000149 ], [ 14.925664901000118, 46.093975067000144 ], [ 14.926601307000169, 46.09397646400015 ], [ 14.930778000000146, 46.093983000000151 ], [ 14.946113608000189, 46.09399800000017 ], [ 14.948119619000124, 46.098138058000075 ], [ 14.949378861000071, 46.100736914000152 ], [ 14.951283456000169, 46.104667664000146 ], [ 14.956184028000109, 46.106373878000056 ], [ 14.956554700000027, 46.106502933000172 ], [ 14.961527824000143, 46.108234406000179 ], [ 14.96154597200001, 46.111789705000092 ], [ 14.962757034000049, 46.111791513000071 ], [ 14.963947953000059, 46.111793290000151 ], [ 14.966657639000118, 46.111797333000027 ], [ 14.976900101000069, 46.115364075000059 ], [ 14.97723804300017, 46.115364327000123 ], [ 14.978965984000013, 46.115365617 ], [ 14.987126998000065, 46.115371704999973 ], [ 14.987106322000159, 46.111816406000059 ], [ 14.992220879000115, 46.111824011000067 ], [ 14.992199898000081, 46.108268737000117 ], [ 14.992181777999974, 46.104713441000115 ], [ 14.992142678000107, 46.097602845000097 ], [ 14.992104531000052, 46.090488434 ], [ 14.986616044000073, 46.088579217000074 ], [ 14.981862069000101, 46.086925507000046 ], [ 14.98184204100005, 46.083370208000133 ], [ 14.981830083000148, 46.08116297700019 ], [ 14.981745721000095, 46.065589905000024 ], [ 14.986860276000016, 46.065597535000165 ], [ 14.991933735000146, 46.058490876 ], [ 14.986814746, 46.058485659000041 ], [ 14.976596999000037, 46.058474999000055 ], [ 14.97657700100018, 46.054920062000178 ], [ 14.979278874000158, 46.053036538000129 ], [ 14.981671001000109, 46.051369000000136 ], [ 15.002119000999983, 46.051392001000181 ], [ 15.004616032000115, 46.051393466000036 ], [ 15.007230758000105, 46.051395417000094 ], [ 15.022587777000012, 46.054965972000048 ], [ 15.022605896000186, 46.058521271000131 ], [ 15.037942887000042, 46.058540345000097 ], [ 15.037962956000058, 46.062095649000128 ], [ 15.055265513000165, 46.065117409000038 ], [ 15.058429727000146, 46.065669977000084 ], [ 15.063427926000088, 46.044345857 ], [ 15.07874584100017, 46.040805816000102 ], [ 15.083762169000067, 46.023033143000134 ], [ 15.083744048000085, 46.01947784400005 ] ] ] ] } },
{ "type": "Feature", "properties": { "fid": 84, "GID_2": "SVN.7.14_1", "GID_0": "SVN", "COUNTRY": "Slovenia", "GID_1": "SVN.7_1", "NAME_1": "Osrednjeslovenska", "NL_NAME_1": "NA", "NAME_2": "Ljubljana", "VARNAME_2": "NA", "NL_NAME_2": "NA", "TYPE_2": "Opcine", "ENGTYPE_2": "Commune|Municipality", "CC_2": "NA", "HASC_2": "SI.LJ.LJ" }, "geometry": { "type": "MultiPolygon", "coordinates": [ [ [ [ 14.439373016000161, 45.976131440000017 ], [ 14.424035072000095, 45.97611618000019 ], [ 14.418981553000037, 45.986778259000175 ], [ 14.43435668900014, 45.993904113000156 ], [ 14.434374809000019, 45.997459412000069 ], [ 14.444599151000091, 45.99747085600012 ], [ 14.454879760000097, 46.008148193000125 ], [ 14.449787139000023, 46.011699677000138 ], [ 14.434450150000146, 46.011684419000119 ], [ 14.429376602000104, 46.01878738400012 ], [ 14.424264908000112, 46.018783569000107 ], [ 14.424304009000082, 46.025894165000068 ], [ 14.424322128000085, 46.029449463999981 ], [ 14.429472924000095, 46.036563873000034 ], [ 14.429491043000098, 46.040122986000085 ], [ 14.424379348000173, 46.040115356000172 ], [ 14.424416542000074, 46.04722595200019 ], [ 14.429530144000012, 46.047233582000104 ], [ 14.429548263000186, 46.050788879000038 ], [ 14.424492836000127, 46.061447143000123 ], [ 14.419381142000134, 46.061443328000053 ], [ 14.419401170000015, 46.064998627000136 ], [ 14.419419288000142, 46.068553924000071 ], [ 14.41430664100011, 46.068550111000036 ], [ 14.414363861000083, 46.079216003 ], [ 14.409252167000091, 46.079208373000085 ], [ 14.40927028699997, 46.082767487000069 ], [ 14.404161453000029, 46.082759857000156 ], [ 14.409330368000042, 46.093433380000135 ], [ 14.429778099000032, 46.093452453000054 ], [ 14.429796219000082, 46.097007752000138 ], [ 14.429817200000173, 46.100563049000073 ], [ 14.424704551000161, 46.100559235999981 ], [ 14.419592857000168, 46.100555421000138 ], [ 14.419612885000049, 46.104110718000072 ], [ 14.419668198000124, 46.114776612000071 ], [ 14.414555550000046, 46.114768982000157 ], [ 14.4145936970001, 46.121883393000189 ], [ 14.419706344000076, 46.121887208000032 ], [ 14.419725418000041, 46.125442505000137 ], [ 14.419745446000093, 46.128997804000051 ], [ 14.429968835000182, 46.129009247000056 ], [ 14.429930686000148, 46.121898651000038 ], [ 14.440155030000028, 46.121910096000192 ], [ 14.440194129000133, 46.129020691999983 ], [ 14.45554828600018, 46.132591247000107 ], [ 14.460659981000106, 46.132595062000178 ], [ 14.460679053999968, 46.136150361000091 ], [ 14.465792656000133, 46.136157988999969 ], [ 14.481149673000061, 46.139728546000129 ], [ 14.481167794000044, 46.143283843000177 ], [ 14.486280441000019, 46.14329147300009 ], [ 14.496503830000108, 46.143299104000107 ], [ 14.501615525000034, 46.143306732000042 ], [ 14.50672817200018, 46.143310547000112 ], [ 14.511783599000069, 46.132648467000024 ], [ 14.511745452000184, 46.125537872000109 ], [ 14.527063370000178, 46.122001648000094 ], [ 14.53213596300003, 46.114894868000079 ], [ 14.55258464800005, 46.114917756000182 ], [ 14.557679177000125, 46.111366272000168 ], [ 14.562792779000119, 46.111370087000182 ], [ 14.567902566000043, 46.11137771600005 ], [ 14.572978019000118, 46.104270935000045 ], [ 14.583203316000038, 46.104282380000029 ], [ 14.583164216000171, 46.097171785000114 ], [ 14.583146095000188, 46.09361648600003 ], [ 14.583105088000082, 46.086505890000012 ], [ 14.60863113500011, 46.07941818300003 ], [ 14.608610154000075, 46.075862884000117 ], [ 14.634170531999985, 46.075889588000052 ], [ 14.634190560000036, 46.079448700000171 ], [ 14.659751893000191, 46.079475403000174 ], [ 14.659770011000091, 46.083030700000108 ], [ 14.664884568000048, 46.083034515000122 ], [ 14.669994355000142, 46.083038330000193 ], [ 14.66997623400016, 46.079483033000088 ], [ 14.669958116000089, 46.075927734000174 ], [ 14.675069808000046, 46.075935365000191 ], [ 14.680182457000058, 46.075939180000034 ], [ 14.700651169000025, 46.079517365000072 ], [ 14.705760956000177, 46.079521180000143 ], [ 14.705742834999967, 46.075965881000059 ], [ 14.710854530000063, 46.075973511000143 ], [ 14.710836411000059, 46.072418213000162 ], [ 14.71081829100018, 46.068862916000057 ], [ 14.710798264, 46.065303802000074 ], [ 14.715909957000122, 46.065311431999987 ], [ 14.736378671000125, 46.068889617000025 ], [ 14.736322403000088, 46.058219910000162 ], [ 14.720947265000177, 46.051094056000125 ], [ 14.720926284000143, 46.047538757000041 ], [ 14.741280556000049, 46.029781342000092 ], [ 14.746393203000082, 46.029788972 ], [ 14.746375084000078, 46.026233673000092 ], [ 14.746354103000044, 46.022678376000044 ], [ 14.741242409000051, 46.022670746000131 ], [ 14.73101806700015, 46.022659303000125 ], [ 14.736072541, 46.01200103900004 ], [ 14.736053466000101, 46.008445740000127 ], [ 14.736035347000154, 46.004890443000022 ], [ 14.736016274000065, 46.001335144000109 ], [ 14.735996246000184, 45.997779847000061 ], [ 14.730883598000105, 45.997772217000147 ], [ 14.715546607000078, 45.997756959000128 ], [ 14.710474014, 46.004863739000143 ], [ 14.70536232, 46.004856109000059 ], [ 14.705397606000133, 46.011966705000077 ], [ 14.695174217000044, 46.011955262000072 ], [ 14.674708366000175, 46.008380889000193 ], [ 14.66959476400001, 46.008373261000088 ], [ 14.669574738000165, 46.004817962000175 ], [ 14.669556617000126, 46.00126266500007 ], [ 14.669539451000162, 45.997707367000089 ], [ 14.669518470000128, 45.994152070000155 ], [ 14.659294129000102, 45.994140625 ], [ 14.659256935000087, 45.987030029000039 ], [ 14.638807296000152, 45.987010955000017 ], [ 14.628580094000029, 45.986999512000068 ], [ 14.623470307000105, 45.986991882000154 ], [ 14.618357658000093, 45.986988067000084 ], [ 14.608134269, 45.986976624000135 ], [ 14.608152389999987, 45.990531923000049 ], [ 14.603039742000135, 45.990528107000102 ], [ 14.60306072100019, 45.99408340399998 ], [ 14.603078842000173, 45.997638703000064 ], [ 14.598003387000063, 46.004745484000068 ], [ 14.577593803000127, 46.011833191 ], [ 14.577631950000182, 46.018943787000183 ], [ 14.562295913000014, 46.018928528000117 ], [ 14.557184219000021, 46.018920897999976 ], [ 14.557163237999987, 46.015365601000099 ], [ 14.54180908100011, 46.011795044000166 ], [ 14.541827202000093, 46.01535034300008 ], [ 14.536714554000071, 46.01534652800018 ], [ 14.526491166000085, 46.015335083000025 ], [ 14.526470185, 46.011779786000147 ], [ 14.526452064000011, 46.008224487000064 ], [ 14.526432038000166, 46.004669190000129 ], [ 14.526355744000057, 45.990447999000025 ], [ 14.516132355000138, 45.990436553000166 ], [ 14.511058807000097, 45.997539521000078 ], [ 14.500835418000065, 45.997531891000108 ], [ 14.500852584000029, 46.001087190000021 ], [ 14.495740890000036, 46.001079560000107 ], [ 14.465047836000167, 45.99749374400011 ], [ 14.465028763000078, 45.993938447000176 ], [ 14.464952468999968, 45.979713441 ], [ 14.464934349000089, 45.976158142000088 ], [ 14.449616433000131, 45.979698182000106 ], [ 14.449597360000041, 45.976142883000193 ], [ 14.439373016000161, 45.976131440000017 ] ] ] ] } },
{ "type": "Feature", "properties": { "fid": 85, "GID_2": "SVN.7.15_1", "GID_0": "SVN", "COUNTRY": "Slovenia", "GID_1": "SVN.7_1", "NAME_1": "Osrednjeslovenska", "NL_NAME_1": "NA", "NAME_2": "Logatec", "VARNAME_2": "NA", "NL_NAME_2": "NA", "TYPE_2": "Opcine", "ENGTYPE_2": "Commune|Municipality", "CC_2": "NA", "HASC_2": "SI.LJ.LO" }, "geometry": { "type": "MultiPolygon", "coordinates": [ [ [ [ 14.127695083000162, 46.007804870000029 ], [ 14.1328086850001, 46.0078086850001 ], [ 14.137942314000043, 46.011371612000119 ], [ 14.148222923000105, 46.022048950000169 ], [ 14.158447267000156, 46.022056580000083 ], [ 14.163558959000113, 46.02206421 ], [ 14.168670654000039, 46.022068023000088 ], [ 14.168691635000073, 46.025623322000172 ], [ 14.168709755000179, 46.029178619000049 ], [ 14.168727874000183, 46.032733918000133 ], [ 14.178952218000063, 46.032745361000138 ], [ 14.178915978000077, 46.02563476500012 ], [ 14.178876877000107, 46.018524170000035 ], [ 14.178858756000125, 46.0149688730001 ], [ 14.178837777000069, 46.011413574000187 ], [ 14.183950424000045, 46.011417389000087 ], [ 14.199287415000128, 46.01143646200012 ], [ 14.199268342000039, 46.007881166000118 ], [ 14.209492684000111, 46.007888794000053 ], [ 14.209473610000146, 46.004333497000175 ], [ 14.224772453000014, 45.997238159000176 ], [ 14.224754334000068, 45.993682860999968 ], [ 14.209417342999984, 45.993667602000073 ], [ 14.209379196000157, 45.986557007000158 ], [ 14.204266549000124, 45.986553192000088 ], [ 14.204210281000087, 45.975883484000121 ], [ 14.209321976000183, 45.975891114000035 ], [ 14.20930385500003, 45.972335815000122 ], [ 14.209282874000166, 45.968780518000017 ], [ 14.204133988000081, 45.961662292000142 ], [ 14.204113959000153, 45.95810699600014 ], [ 14.20407486, 45.950996400000122 ], [ 14.214299202000063, 45.95100784300007 ], [ 14.219410896000056, 45.951011658000141 ], [ 14.2347297660001, 45.947475433000193 ], [ 14.234710693000068, 45.943916321000074 ], [ 14.234690667000166, 45.94036102400014 ], [ 14.239805222000143, 45.940368652000075 ], [ 14.239785194000092, 45.93681335500014 ], [ 14.244896888000085, 45.936817168 ], [ 14.280510902000174, 45.904857636000145 ], [ 14.280491828000038, 45.90130233900004 ], [ 14.280471802000136, 45.897743225000113 ], [ 14.285586357000113, 45.897750855000027 ], [ 14.285547257000076, 45.890640259000179 ], [ 14.290659905000155, 45.890644074000079 ], [ 14.290602684000078, 45.879978180000023 ], [ 14.285488130000033, 45.87997436500018 ], [ 14.275150298000028, 45.858627319000163 ], [ 14.270037651000052, 45.858623504000093 ], [ 14.270001412000113, 45.851512909000178 ], [ 14.264886857000022, 45.851509094000107 ], [ 14.259775162000096, 45.851501465000126 ], [ 14.2597932810001, 45.855056762000061 ], [ 14.254682540999966, 45.855052948999969 ], [ 14.249568939000028, 45.855045319000055 ], [ 14.239344597000127, 45.855037689000142 ], [ 14.234234811000135, 45.855030061000036 ], [ 14.234252929000036, 45.858585357000038 ], [ 14.229141235000043, 45.858581542000195 ], [ 14.224026680000065, 45.85857391400009 ], [ 14.218916893000141, 45.85857009900019 ], [ 14.213803290999977, 45.858566284000176 ], [ 14.20869255100007, 45.858558656000071 ], [ 14.208710670000073, 45.862113953000176 ], [ 14.208728790000123, 45.865669252000089 ], [ 14.208749770999987, 45.869224548000091 ], [ 14.193410873000062, 45.869209290000072 ], [ 14.188338280000039, 45.87631607100019 ], [ 14.178113938000138, 45.876304627000138 ], [ 14.178132057000141, 45.879859924000016 ], [ 14.152552605000039, 45.876277924000135 ], [ 14.152532577000159, 45.872722625000051 ], [ 14.137216567000166, 45.876262666000116 ], [ 14.126990318000026, 45.876251220000029 ], [ 14.12187767100005, 45.876243592000151 ], [ 14.116765976000124, 45.87623977700008 ], [ 14.111654282000131, 45.87623596200001 ], [ 14.111674308000033, 45.87979126100015 ], [ 14.111767769000039, 45.897567749000132 ], [ 14.091376304000107, 45.908210755000027 ], [ 14.091492652000113, 45.929546357000163 ], [ 14.091510773000095, 45.933101654000097 ], [ 14.091528893000032, 45.936656953000181 ], [ 14.101753235000103, 45.93666839600013 ], [ 14.101831436000055, 45.950889588000166 ], [ 14.112072944000147, 45.954456330000028 ], [ 14.112093925000181, 45.958011627000133 ], [ 14.106982230000085, 45.958003998000095 ], [ 14.107039451000105, 45.968673706000061 ], [ 14.09681510900009, 45.968662263000112 ], [ 14.101981163000119, 45.979331969999976 ], [ 14.107095718000096, 45.979339601000163 ], [ 14.117320060000168, 45.979351044000168 ], [ 14.122488975000181, 45.990020751000031 ], [ 14.12250709500006, 45.993576050000115 ], [ 14.127621650000037, 45.993583679000153 ], [ 14.12763977100019, 45.997138977000134 ], [ 14.127657889000091, 46.000694274000068 ], [ 14.127678870000125, 46.004249573000152 ], [ 14.127695083000162, 46.007804870000029 ] ] ] ] } },
{ "type": "Feature", "properties": { "fid": 86, "GID_2": "SVN.7.16_1", "GID_0": "SVN", "COUNTRY": "Slovenia", "GID_1": "SVN.7_1", "NAME_1": "Osrednjeslovenska", "NL_NAME_1": "NA", "NAME_2": "Lukovica", "VARNAME_2": "NA", "NL_NAME_2": "NA", "TYPE_2": "Opcine", "ENGTYPE_2": "Commune|Municipality", "CC_2": "NA", "HASC_2": "SI.LJ.LU" }, "geometry": { "type": "MultiPolygon", "coordinates": [ [ [ [ 14.675432205000106, 46.143489838000107 ], [ 14.670319558000131, 46.143482208000194 ], [ 14.670337676000031, 46.147037506000174 ], [ 14.665228844000069, 46.147033691000104 ], [ 14.665245055000128, 46.150588990000017 ], [ 14.660135267999976, 46.150585175000174 ], [ 14.655022621, 46.15057754500009 ], [ 14.655040741999983, 46.154132844000173 ], [ 14.649929047000114, 46.154129029000103 ], [ 14.649968147000152, 46.161239624000189 ], [ 14.639740945000028, 46.161228179000034 ], [ 14.639780044000133, 46.168338775000052 ], [ 14.644891739000059, 46.168346405000136 ], [ 14.655155182000044, 46.175468446000139 ], [ 14.655194282000082, 46.182579042000157 ], [ 14.660307884000076, 46.182582855000192 ], [ 14.660363196000048, 46.19324874900019 ], [ 14.670586585000081, 46.193260193000071 ], [ 14.670606614000064, 46.196815491000052 ], [ 14.675720216000059, 46.19682312000009 ], [ 14.680831910000052, 46.196826935000161 ], [ 14.685943603000112, 46.196830750000174 ], [ 14.696167946000116, 46.19684219300018 ], [ 14.701318741000023, 46.203960419000055 ], [ 14.731990815000131, 46.203990936000025 ], [ 14.737065315000109, 46.196887970000148 ], [ 14.742178917000047, 46.196891785000162 ], [ 14.742158889, 46.193336486000078 ], [ 14.742139816000133, 46.189781188999973 ], [ 14.75747680700016, 46.189796448000095 ], [ 14.757514954000044, 46.196907043000181 ], [ 14.77285194500007, 46.196922302000132 ], [ 14.793299675000128, 46.196945190000065 ], [ 14.793320656, 46.200500489000149 ], [ 14.798430443000086, 46.200508117000084 ], [ 14.803544998000064, 46.200511932000097 ], [ 14.823992729000054, 46.200534821000133 ], [ 14.829105378000179, 46.200538636000033 ], [ 14.829087258000129, 46.19698333700012 ], [ 14.839310646000115, 46.196994782000104 ], [ 14.849574090000033, 46.204116821000071 ], [ 14.89049244000006, 46.207714082000052 ], [ 14.895600999000067, 46.207717895000087 ], [ 14.895583000000101, 46.204163001000154 ], [ 14.895564969000077, 46.20060155200008 ], [ 14.89555200000018, 46.198314000000153 ], [ 14.8955294860001, 46.194142876000171 ], [ 14.895525933000044, 46.19349670400004 ], [ 14.895486832000131, 46.186386108000193 ], [ 14.891303554000046, 46.185413423000114 ], [ 14.88384131100014, 46.183678407000059 ], [ 14.880130922000035, 46.182815720000178 ], [ 14.880093575000046, 46.175705000000164 ], [ 14.876882664, 46.175701545000152 ], [ 14.869870000000105, 46.175694000000135 ], [ 14.864758000000108, 46.175686 ], [ 14.861548109000182, 46.17568348900005 ], [ 14.859640888, 46.175681107000059 ], [ 14.851395, 46.174240000000111 ], [ 14.839177, 46.172104000000104 ], [ 14.83915612300018, 46.168569755000192 ], [ 14.839156000000116, 46.168549001000031 ], [ 14.818708000000186, 46.168530000000146 ], [ 14.818690000000117, 46.164974 ], [ 14.813577651000173, 46.164966584000183 ], [ 14.808463096000025, 46.164962769000169 ], [ 14.803335191000031, 46.161399842000151 ], [ 14.798220634000074, 46.16139602700008 ], [ 14.777771950000101, 46.161373138000044 ], [ 14.772699355000043, 46.168479919 ], [ 14.757342338000115, 46.164909364000096 ], [ 14.757324220000044, 46.161354065000182 ], [ 14.726670266000042, 46.164875030000076 ], [ 14.721556664000047, 46.164871217000041 ], [ 14.711333275000129, 46.164859772000057 ], [ 14.711313249000114, 46.161304475000179 ], [ 14.706200599, 46.161300660000109 ], [ 14.706181526000137, 46.15774154800016 ], [ 14.701069831000041, 46.15773773300009 ], [ 14.701012611000124, 46.147071838000159 ], [ 14.695900917000131, 46.147068023000145 ], [ 14.690789222000035, 46.14706039500004 ], [ 14.690769196000133, 46.143505096000126 ], [ 14.675432205000106, 46.143489838000107 ] ] ] ] } },
{ "type": "Feature", "properties": { "fid": 87, "GID_2": "SVN.7.17_1", "GID_0": "SVN", "COUNTRY": "Slovenia", "GID_1": "SVN.7_1", "NAME_1": "Osrednjeslovenska", "NL_NAME_1": "NA", "NAME_2": "Medvode", "VARNAME_2": "NA", "NL_NAME_2": "NA", "TYPE_2": "Opcine", "ENGTYPE_2": "Commune|Municipality", "CC_2": "NA", "HASC_2": "SI.LJ.MD" }, "geometry": { "type": "MultiPolygon", "coordinates": [ [ [ [ 14.384131432000174, 46.160961151000151 ], [ 14.389241219000098, 46.160964966000051 ], [ 14.399468421000051, 46.160976410000103 ], [ 14.399485589000051, 46.164531709000187 ], [ 14.414840699000081, 46.16810226400014 ], [ 14.399581909, 46.182308197 ], [ 14.39962005600006, 46.189418793000186 ], [ 14.414957047000144, 46.189437866000105 ], [ 14.420068741000136, 46.189441681000119 ], [ 14.450740814000142, 46.189472200000068 ], [ 14.450702667000087, 46.182361604000107 ], [ 14.450684548000083, 46.178806305000194 ], [ 14.450646401000085, 46.171695709000176 ], [ 14.455760001000044, 46.171703340000192 ], [ 14.455741883000144, 46.168148041000109 ], [ 14.45572090200011, 46.164588929000104 ], [ 14.455700874, 46.16103363000002 ], [ 14.460717201000023, 46.143264770000144 ], [ 14.460699082000019, 46.139705657999968 ], [ 14.460679053999968, 46.136150361000091 ], [ 14.460659981000106, 46.132595062000178 ], [ 14.45554828600018, 46.132591247000107 ], [ 14.440194129000133, 46.129020691999983 ], [ 14.440155030000028, 46.121910096000192 ], [ 14.429930686000148, 46.121898651000038 ], [ 14.429968835000182, 46.129009247000056 ], [ 14.419745446000093, 46.128997804000051 ], [ 14.419725418000041, 46.125442505000137 ], [ 14.419706344000076, 46.121887208000032 ], [ 14.4145936970001, 46.121883393000189 ], [ 14.414555550000046, 46.114768982000157 ], [ 14.419668198000124, 46.114776612000071 ], [ 14.419612885000049, 46.104110718000072 ], [ 14.419592857000168, 46.100555421000138 ], [ 14.424704551000161, 46.100559235999981 ], [ 14.429817200000173, 46.100563049000073 ], [ 14.429796219000082, 46.097007752000138 ], [ 14.429778099000032, 46.093452453000054 ], [ 14.409330368000042, 46.093433380000135 ], [ 14.404161453000029, 46.082759857000156 ], [ 14.3888044360001, 46.079189300000053 ], [ 14.383729936000179, 46.086296082000104 ], [ 14.373503684000127, 46.086284637000119 ], [ 14.373523713000111, 46.089839936000033 ], [ 14.368412018000015, 46.089832306000119 ], [ 14.363300324000022, 46.089828491000048 ], [ 14.353075982000121, 46.0898170480001 ], [ 14.353055001000087, 46.086261749000187 ], [ 14.342830657000036, 46.086250306000181 ], [ 14.337718963000043, 46.086246490000065 ], [ 14.327494621000142, 46.086235047000116 ], [ 14.322382926000046, 46.086231232000046 ], [ 14.322440147000123, 46.096897125000112 ], [ 14.327648163000049, 46.114677430000029 ], [ 14.32253646800018, 46.114673615000129 ], [ 14.322553633999973, 46.118228912000063 ], [ 14.322573663000128, 46.121784211000147 ], [ 14.322630883000045, 46.132450103000167 ], [ 14.343097687000125, 46.136028290000183 ], [ 14.343136787000162, 46.143138886000031 ], [ 14.348249436000117, 46.143146514000136 ], [ 14.348269462000189, 46.14670181300005 ], [ 14.353379249000113, 46.146705628000063 ], [ 14.353400230000148, 46.150260925000168 ], [ 14.35851192400014, 46.150264740000011 ], [ 14.363623619000066, 46.150272370000152 ], [ 14.368736268000021, 46.150276183000187 ], [ 14.373847961000138, 46.150283814000034 ], [ 14.373887062000051, 46.157394409000119 ], [ 14.384111404000123, 46.157405853000171 ], [ 14.384131432000174, 46.160961151000151 ] ] ] ] } },
{ "type": "Feature", "properties": { "fid": 88, "GID_2": "SVN.7.18_1", "GID_0": "SVN", "COUNTRY": "Slovenia", "GID_1": "SVN.7_1", "NAME_1": "Osrednjeslovenska", "NL_NAME_1": "NA", "NAME_2": "Mengeš", "VARNAME_2": "NA", "NL_NAME_2": "NA", "TYPE_2": "Opcine", "ENGTYPE_2": "Commune|Municipality", "CC_2": "NA", "HASC_2": "SI.LJ.MN" }, "geometry": { "type": "MultiPolygon", "coordinates": [ [ [ [ 14.578530312000112, 46.186054230000082 ], [ 14.578492165000057, 46.178943634000063 ], [ 14.578471183999966, 46.175384522000115 ], [ 14.57843208200012, 46.168273926000097 ], [ 14.578395843000067, 46.161163331000182 ], [ 14.578377724000063, 46.157608032000098 ], [ 14.583486557000072, 46.157615662000012 ], [ 14.583451272000104, 46.150505066000051 ], [ 14.57320594700019, 46.146938324000132 ], [ 14.568094253000027, 46.146930694000048 ], [ 14.568076134000023, 46.143375397000113 ], [ 14.552740098000129, 46.143360139000094 ], [ 14.547589302000119, 46.136241913 ], [ 14.537362098000131, 46.136234283000078 ], [ 14.511783599000069, 46.132648467000024 ], [ 14.50672817200018, 46.143310547000112 ], [ 14.511840819000156, 46.143318177000026 ], [ 14.51702976200005, 46.157543184000076 ], [ 14.527254104000122, 46.157554627000025 ], [ 14.532402993000062, 46.164672853000127 ], [ 14.532423019000134, 46.168228149000129 ], [ 14.532442092000053, 46.171783448000042 ], [ 14.532462120000105, 46.175338745000147 ], [ 14.552948953000111, 46.182472229000098 ], [ 14.552969932000167, 46.186027526000032 ], [ 14.568324088999987, 46.189598083000135 ], [ 14.573435782999979, 46.189601898000149 ], [ 14.578549385000144, 46.189609529000165 ], [ 14.578530312000112, 46.186054230000082 ] ] ] ] } },
{ "type": "Feature", "properties": { "fid": 89, "GID_2": "SVN.7.19_1", "GID_0": "SVN", "COUNTRY": "Slovenia", "GID_1": "SVN.7_1", "NAME_1": "Osrednjeslovenska", "NL_NAME_1": "NA", "NAME_2": "Moravce", "VARNAME_2": "NA", "NL_NAME_2": "NA", "TYPE_2": "Opcine", "ENGTYPE_2": "Commune|Municipality", "CC_2": "NA", "HASC_2": "SI.LJ.MO" }, "geometry": { "type": "MultiPolygon", "coordinates": [ [ [ [ 14.741643905000046, 46.097335815000179 ], [ 14.716100693000101, 46.100864410000042 ], [ 14.710987091000106, 46.100860595000142 ], [ 14.711007119000158, 46.104415894000056 ], [ 14.711028098000043, 46.107971191000161 ], [ 14.711046219000025, 46.111526490000074 ], [ 14.690597533000073, 46.111507416000109 ], [ 14.680392264999966, 46.115051270000038 ], [ 14.680412293000074, 46.118606567000143 ], [ 14.680448532000128, 46.125717163000161 ], [ 14.680468559000076, 46.129272461000141 ], [ 14.680505753000148, 46.13638305700016 ], [ 14.675394058000052, 46.136379242000089 ], [ 14.675414086000103, 46.139934541000173 ], [ 14.675432205000106, 46.143489838000107 ], [ 14.690769196000133, 46.143505096000126 ], [ 14.690789222000035, 46.14706039500004 ], [ 14.695900917000131, 46.147068023000145 ], [ 14.701012611000124, 46.147071838000159 ], [ 14.701069831000041, 46.15773773300009 ], [ 14.706181526000137, 46.15774154800016 ], [ 14.706200599, 46.161300660000109 ], [ 14.711313249000114, 46.161304475000179 ], [ 14.711333275000129, 46.164859772000057 ], [ 14.721556664000047, 46.164871217000041 ], [ 14.726670266000042, 46.164875030000076 ], [ 14.757324220000044, 46.161354065000182 ], [ 14.757342338000115, 46.164909364000096 ], [ 14.772699355000043, 46.168479919 ], [ 14.777771950000101, 46.161373138000044 ], [ 14.798220634000074, 46.16139602700008 ], [ 14.803335191000031, 46.161399842000151 ], [ 14.808463096000025, 46.164962769000169 ], [ 14.813577651000173, 46.164966584000183 ], [ 14.818690000000117, 46.164974 ], [ 14.818651000000102, 46.157864000000131 ], [ 14.821057, 46.157865 ], [ 14.823756659000026, 46.15786699500012 ], [ 14.823727000000133, 46.150757001000159 ], [ 14.82541581900017, 46.150170391000131 ], [ 14.833929997000155, 46.147212996000121 ], [ 14.83343945300004, 46.146535129000085 ], [ 14.828779, 46.140095 ], [ 14.82367, 46.140091 ], [ 14.823659500000076, 46.138313551000181 ], [ 14.823649000000103, 46.136536 ], [ 14.823631002000013, 46.132980348000046 ], [ 14.81851864000015, 46.13297271700003 ], [ 14.808274270000027, 46.129405975000168 ], [ 14.792917252, 46.125835418000065 ], [ 14.792899132000116, 46.122280121000131 ], [ 14.792862893000063, 46.115169526000045 ], [ 14.782635688000028, 46.115158080000185 ], [ 14.782600402000128, 46.1080474850001 ], [ 14.762148858000103, 46.108024598000043 ], [ 14.75703716400011, 46.108020783000029 ], [ 14.757019043000128, 46.104465484000116 ], [ 14.746773720000022, 46.100898742000027 ], [ 14.746755600000085, 46.097343445000092 ], [ 14.741643905000046, 46.097335815000179 ] ] ] ] } },
{ "type": "Feature", "properties": { "fid": 90, "GID_2": "SVN.7.20_1", "GID_0": "SVN", "COUNTRY": "Slovenia", "GID_1": "SVN.7_1", "NAME_1": "Osrednjeslovenska", "NL_NAME_1": "NA", "NAME_2": "Škofljica", "VARNAME_2": "NA", "NL_NAME_2": "NA", "TYPE_2": "Opcine", "ENGTYPE_2": "Commune|Municipality", "CC_2": "NA", "HASC_2": "SI.LJ.SK" }, "geometry": { "type": "MultiPolygon", "coordinates": [ [ [ [ 14.603039742000135, 45.990528107000102 ], [ 14.592816353000046, 45.990516662000118 ], [ 14.592795372000182, 45.986961365000184 ], [ 14.577461242000084, 45.986946107000165 ], [ 14.577441216000011, 45.983390808000081 ], [ 14.577402114000165, 45.976276397000049 ], [ 14.577365875000112, 45.969165802000134 ], [ 14.577344894000078, 45.965610505000029 ], [ 14.58245658800007, 45.965618133000135 ], [ 14.587512017000108, 45.954956056000185 ], [ 14.582400323000115, 45.954952240000011 ], [ 14.582382202000133, 45.951393129000166 ], [ 14.582285880000143, 45.933616638000046 ], [ 14.57717418600015, 45.933612823000033 ], [ 14.577133179000043, 45.926502228000118 ], [ 14.582247733000088, 45.926506043000131 ], [ 14.587264060999985, 45.908733367000082 ], [ 14.58724594, 45.90517807100008 ], [ 14.582134248000045, 45.905174255000134 ], [ 14.582113267000182, 45.901618959000132 ], [ 14.57700061800017, 45.901611328000115 ], [ 14.571888923000074, 45.901607513000101 ], [ 14.556552887, 45.901592255000082 ], [ 14.556571007000116, 45.90514755200013 ], [ 14.551459313000123, 45.905139924000025 ], [ 14.556648254000038, 45.919368743000064 ], [ 14.546423912000137, 45.919357300000115 ], [ 14.541312218000144, 45.919353485000045 ], [ 14.546499253000036, 45.933578491 ], [ 14.551610947000029, 45.933586122 ], [ 14.55168914900014, 45.947807313000112 ], [ 14.546594620000064, 45.951358795000147 ], [ 14.551746369000057, 45.958473206000065 ], [ 14.546633720000102, 45.958469390000062 ], [ 14.546672821000016, 45.96557998600008 ], [ 14.541655541000011, 45.983352661000026 ], [ 14.526337623000074, 45.986892700000112 ], [ 14.526355744000057, 45.990447999000025 ], [ 14.526432038000166, 46.004669190000129 ], [ 14.526452064000011, 46.008224487000064 ], [ 14.526470185, 46.011779786000147 ], [ 14.526491166000085, 46.015335083000025 ], [ 14.536714554000071, 46.01534652800018 ], [ 14.541827202000093, 46.01535034300008 ], [ 14.54180908100011, 46.011795044000166 ], [ 14.557163237999987, 46.015365601000099 ], [ 14.557184219000021, 46.018920897999976 ], [ 14.562295913000014, 46.018928528000117 ], [ 14.577631950000182, 46.018943787000183 ], [ 14.577593803000127, 46.011833191 ], [ 14.598003387000063, 46.004745484000068 ], [ 14.603078842000173, 45.997638703000064 ], [ 14.60306072100019, 45.99408340399998 ], [ 14.603039742000135, 45.990528107000102 ] ] ] ] } },
{ "type": "Feature", "properties": { "fid": 91, "GID_2": "SVN.7.21_1", "GID_0": "SVN", "COUNTRY": "Slovenia", "GID_1": "SVN.7_1", "NAME_1": "Osrednjeslovenska", "NL_NAME_1": "NA", "NAME_2": "Trzin", "VARNAME_2": "NA", "NL_NAME_2": "NA", "TYPE_2": "Opcine", "ENGTYPE_2": "Commune|Municipality", "CC_2": "NA", "HASC_2": "SI.LJ.TR" }, "geometry": { "type": "MultiPolygon", "coordinates": [ [ [ [ 14.568076134000023, 46.143375397000113 ], [ 14.562886238000146, 46.129150391000167 ], [ 14.557773589000135, 46.129142761000082 ], [ 14.562792779000119, 46.111370087000182 ], [ 14.557679177000125, 46.111366272000168 ], [ 14.55258464800005, 46.114917756000182 ], [ 14.53213596300003, 46.114894868000079 ], [ 14.527063370000178, 46.122001648000094 ], [ 14.511745452000184, 46.125537872000109 ], [ 14.511783599000069, 46.132648467000024 ], [ 14.537362098000131, 46.136234283000078 ], [ 14.547589302000119, 46.136241913 ], [ 14.552740098000129, 46.143360139000094 ], [ 14.568076134000023, 46.143375397000113 ] ] ] ] } },
{ "type": "Feature", "properties": { "fid": 92, "GID_2": "SVN.7.22_1", "GID_0": "SVN", "COUNTRY": "Slovenia", "GID_1": "SVN.7_1", "NAME_1": "Osrednjeslovenska", "NL_NAME_1": "NA", "NAME_2": "Velike Lašče", "VARNAME_2": "NA", "NL_NAME_2": "NA", "TYPE_2": "Opcine", "ENGTYPE_2": "Commune|Municipality", "CC_2": "NA", "HASC_2": "SI.LJ.VL" }, "geometry": { "type": "MultiPolygon", "coordinates": [ [ [ [ 14.673695564000013, 45.819938659 ], [ 14.663469314000167, 45.819927216000053 ], [ 14.653187752000179, 45.809249878000173 ], [ 14.648076058000186, 45.809246063000103 ], [ 14.648057937000033, 45.805690766000055 ], [ 14.64294624300004, 45.805683136000084 ], [ 14.642927169000018, 45.802127839000036 ], [ 14.622476578000033, 45.802108766000117 ], [ 14.61736488400004, 45.802101136000033 ], [ 14.612252235000028, 45.802097320000087 ], [ 14.591803551000112, 45.802074432000154 ], [ 14.581580162000023, 45.802062989000149 ], [ 14.581541060000177, 45.794952393000131 ], [ 14.576429368000163, 45.794948578000117 ], [ 14.571316718999981, 45.794940948000033 ], [ 14.550868035000065, 45.794921874000011 ], [ 14.535569191000036, 45.80201721200018 ], [ 14.53562641100018, 45.812683106000179 ], [ 14.53053379000005, 45.816230775000179 ], [ 14.515197753999985, 45.816215515000181 ], [ 14.510161400000015, 45.830432893000022 ], [ 14.499955177000118, 45.833976747000179 ], [ 14.494881630000179, 45.841083527000194 ], [ 14.489768982000101, 45.84107589700011 ], [ 14.489788056000066, 45.844631196000194 ], [ 14.489808082000138, 45.848190308000142 ], [ 14.489826202000074, 45.851745607000055 ], [ 14.484713555000042, 45.851737976000038 ], [ 14.489939690000028, 45.873077394000177 ], [ 14.484827996000035, 45.873073579000106 ], [ 14.48484897700007, 45.876628875000108 ], [ 14.48486709499997, 45.880184174000021 ], [ 14.484885216000123, 45.883739471000126 ], [ 14.484906197000043, 45.88729477000004 ], [ 14.490017891000036, 45.88729858500011 ], [ 14.495129586000076, 45.887306212999988 ], [ 14.525764466000169, 45.880226136000147 ], [ 14.530838967000022, 45.873119354000096 ], [ 14.541064263000123, 45.87313079900008 ], [ 14.541043282000089, 45.869575500000167 ], [ 14.551269532000163, 45.869586945000094 ], [ 14.551248551000072, 45.86603164600001 ], [ 14.56147289200004, 45.866043092000098 ], [ 14.561493873000131, 45.869598388000099 ], [ 14.571718214999976, 45.869606019000116 ], [ 14.571736336000185, 45.873161316 ], [ 14.571754456000065, 45.876720429000045 ], [ 14.576867104000144, 45.876724243000183 ], [ 14.57692623100013, 45.887390137000011 ], [ 14.576962471000115, 45.894500733000029 ], [ 14.576983451999979, 45.898056030000134 ], [ 14.57700061800017, 45.901611328000115 ], [ 14.582113267000182, 45.901618959000132 ], [ 14.582134248000045, 45.905174255000134 ], [ 14.58724594, 45.90517807100008 ], [ 14.592357635000099, 45.905185699000185 ], [ 14.59747028400011, 45.905189514000085 ], [ 14.602542877000133, 45.898082733000138 ], [ 14.61276817300012, 45.898094178000065 ], [ 14.612730979000048, 45.89098358300015 ], [ 14.612691880000114, 45.883872987000188 ], [ 14.617803574000106, 45.883876800000053 ], [ 14.617766380000035, 45.876766204000035 ], [ 14.622878075000131, 45.876773835000051 ], [ 14.627989769000123, 45.876777650000065 ], [ 14.627971649000187, 45.873222350999981 ], [ 14.627896310000096, 45.859001159000172 ], [ 14.622763634000137, 45.855438232000154 ], [ 14.622707367000032, 45.844772340000134 ], [ 14.627819061000025, 45.844779968000068 ], [ 14.632930756000064, 45.844783783000139 ], [ 14.632948876000171, 45.848339082000052 ], [ 14.648266792000129, 45.844799041000158 ], [ 14.648248673000182, 45.841243745000156 ], [ 14.673733710000022, 45.82704925500019 ], [ 14.673695564000013, 45.819938659 ] ] ] ] } },
{ "type": "Feature", "properties": { "fid": 93, "GID_2": "SVN.7.23_1", "GID_0": "SVN", "COUNTRY": "Slovenia", "GID_1": "SVN.7_1", "NAME_1": "Osrednjeslovenska", "NL_NAME_1": "NA", "NAME_2": "Vodice", "VARNAME_2": "NA", "NL_NAME_2": "NA", "TYPE_2": "Opcine", "ENGTYPE_2": "Commune|Municipality", "CC_2": "NA", "HASC_2": "SI.LJ.VO" }, "geometry": { "type": "MultiPolygon", "coordinates": [ [ [ [ 14.455930709000143, 46.203701019000107 ], [ 14.471266746000083, 46.203716278000059 ], [ 14.48149204200007, 46.203727722999986 ], [ 14.491716386000121, 46.203739166000162 ], [ 14.49682998600008, 46.203742981 ], [ 14.496809960000064, 46.200187684000127 ], [ 14.501865387000066, 46.189529420000042 ], [ 14.517162323000093, 46.182434083000146 ], [ 14.512031555000135, 46.178871156000127 ], [ 14.527330398000061, 46.171775818000128 ], [ 14.532442092000053, 46.171783448000042 ], [ 14.532423019000134, 46.168228149000129 ], [ 14.532402993000062, 46.164672853000127 ], [ 14.527254104000122, 46.157554627000025 ], [ 14.51702976200005, 46.157543184000076 ], [ 14.511840819000156, 46.143318177000026 ], [ 14.50672817200018, 46.143310547000112 ], [ 14.501615525000034, 46.143306732000042 ], [ 14.496503830000108, 46.143299104000107 ], [ 14.486280441000019, 46.14329147300009 ], [ 14.481167794000044, 46.143283843000177 ], [ 14.481149673000061, 46.139728546000129 ], [ 14.465792656000133, 46.136157988999969 ], [ 14.460679053999968, 46.136150361000091 ], [ 14.460699082000019, 46.139705657999968 ], [ 14.460717201000023, 46.143264770000144 ], [ 14.455700874, 46.16103363000002 ], [ 14.45572090200011, 46.164588929000104 ], [ 14.455741883000144, 46.168148041000109 ], [ 14.455760001000044, 46.171703340000192 ], [ 14.450646401000085, 46.171695709000176 ], [ 14.450684548000083, 46.178806305000194 ], [ 14.450702667000087, 46.182361604000107 ], [ 14.450740814000142, 46.189472200000068 ], [ 14.455891609999981, 46.196590424000192 ], [ 14.455930709000143, 46.203701019000107 ] ] ] ] } },
{ "type": "Feature", "properties": { "fid": 94, "GID_2": "SVN.7.24_1", "GID_0": "SVN", "COUNTRY": "Slovenia", "GID_1": "SVN.7_1", "NAME_1": "Osrednjeslovenska", "NL_NAME_1": "NA", "NAME_2": "Vrhnika", "VARNAME_2": "NA", "NL_NAME_2": "NA", "TYPE_2": "Opcine", "ENGTYPE_2": "Commune|Municipality", "CC_2": "NA", "HASC_2": "SI.LJ.VR" }, "geometry": { "type": "MultiPolygon", "coordinates": [ [ [ [ 14.346893309999984, 45.890705110000113 ], [ 14.341761589000043, 45.887142181000115 ], [ 14.316220283000064, 45.89067077600015 ], [ 14.31623840300017, 45.894226075000063 ], [ 14.290659905000155, 45.890644074000079 ], [ 14.285547257000076, 45.890640259000179 ], [ 14.285586357000113, 45.897750855000027 ], [ 14.280471802000136, 45.897743225000113 ], [ 14.280491828000038, 45.90130233900004 ], [ 14.280510902000174, 45.904857636000145 ], [ 14.244896888000085, 45.936817168 ], [ 14.239785194000092, 45.93681335500014 ], [ 14.239805222000143, 45.940368652000075 ], [ 14.234690667000166, 45.94036102400014 ], [ 14.234710693000068, 45.943916321000074 ], [ 14.2347297660001, 45.947475433000193 ], [ 14.219410896000056, 45.951011658000141 ], [ 14.214299202000063, 45.95100784300007 ], [ 14.20407486, 45.950996400000122 ], [ 14.204113959000153, 45.95810699600014 ], [ 14.204133988000081, 45.961662292000142 ], [ 14.209282874000166, 45.968780518000017 ], [ 14.20930385500003, 45.972335815000122 ], [ 14.209321976000183, 45.975891114000035 ], [ 14.204210281000087, 45.975883484000121 ], [ 14.204266549000124, 45.986553192000088 ], [ 14.209379196000157, 45.986557007000158 ], [ 14.209417342999984, 45.993667602000073 ], [ 14.224754334000068, 45.993682860999968 ], [ 14.224772453000014, 45.997238159000176 ], [ 14.209473610000146, 46.004333497000175 ], [ 14.209492684000111, 46.007888794000053 ], [ 14.199268342000039, 46.007881166000118 ], [ 14.199287415000128, 46.01143646200012 ], [ 14.183950424000045, 46.011417389000087 ], [ 14.178837777000069, 46.011413574000187 ], [ 14.178858756000125, 46.0149688730001 ], [ 14.178876877000107, 46.018524170000035 ], [ 14.178915978000077, 46.02563476500012 ], [ 14.235131263000028, 46.022140504000106 ], [ 14.235112190000166, 46.018585205000193 ], [ 14.235094071000162, 46.015029908000088 ], [ 14.229980469, 46.015022278000174 ], [ 14.229962348000186, 46.011466981000069 ], [ 14.229943275000153, 46.007911681999985 ], [ 14.235016822000091, 46.000804902000141 ], [ 14.2605590820001, 45.99727630600006 ], [ 14.265670776000093, 45.997283936000144 ], [ 14.270783424000172, 45.997287750000112 ], [ 14.27081966500009, 46.004398345000027 ], [ 14.296381950000068, 46.004425049000076 ], [ 14.306625366000105, 46.007991791000165 ], [ 14.306645393999986, 46.011547090000079 ], [ 14.327094077000027, 46.011569975999976 ], [ 14.327112198000066, 46.015125275000116 ], [ 14.347562791000087, 46.015148164000095 ], [ 14.347580910000033, 46.018703460000097 ], [ 14.347620011000174, 46.025814056000115 ], [ 14.362974166000072, 46.029384613000047 ], [ 14.373197555000104, 46.029396057000099 ], [ 14.3783130650001, 46.02939987200017 ], [ 14.383424759000093, 46.029407502000083 ], [ 14.388498307000077, 46.022300721000136 ], [ 14.388480186000095, 46.018745422000052 ], [ 14.388460160000079, 46.01519012600005 ], [ 14.393571854000072, 46.015193939000085 ], [ 14.393552781000153, 46.01163864199998 ], [ 14.393532753000102, 46.008083343000067 ], [ 14.367972374999965, 46.008056641000167 ], [ 14.362821579000126, 46.000942231000067 ], [ 14.362803460000123, 45.997386932000154 ], [ 14.362746238, 45.986717224000188 ], [ 14.367857932, 45.986724854000101 ], [ 14.372895241000151, 45.972507478000011 ], [ 14.362668991000135, 45.972496033000084 ], [ 14.362631797000063, 45.965385437000066 ], [ 14.35752010300007, 45.965381622 ], [ 14.337070465000011, 45.965358733000187 ], [ 14.331900597000185, 45.954685211000083 ], [ 14.32678794800006, 45.954681398 ], [ 14.326767922000158, 45.951126099000078 ], [ 14.326730728000086, 45.944015503000116 ], [ 14.331690788000174, 45.915576935000047 ], [ 14.336803437000128, 45.915580750000061 ], [ 14.341839790000051, 45.901363372000048 ], [ 14.352064132000066, 45.901374817000033 ], [ 14.346893309999984, 45.890705110000113 ] ] ] ] } },
{ "type": "Feature", "properties": { "fid": 187, "GID_2": "SVN.11.1_1", "GID_0": "SVN", "COUNTRY": "Slovenia", "GID_1": "SVN.11_1", "NAME_1": "Spodnjeposavska", "NL_NAME_1": "NA", "NAME_2": "Brežice", "VARNAME_2": "NA", "NL_NAME_2": "NA", "TYPE_2": "Opcine", "ENGTYPE_2": "Commune|Municipality", "CC_2": "NA", "HASC_2": "SI.PS.BR" }, "geometry": { "type": "MultiPolygon", "coordinates": [ [ [ [ 15.699819565000155, 46.023048400999983 ], [ 15.698076248000064, 46.018753053000069 ], [ 15.692041397000139, 46.006515504000106 ], [ 15.697645186999978, 45.996547700000121 ], [ 15.700528144999964, 45.988040924000074 ], [ 15.701581002000125, 45.976486207000164 ], [ 15.701626777000115, 45.975978851000093 ], [ 15.696992874000102, 45.967102050000051 ], [ 15.691748619000066, 45.958381654000107 ], [ 15.691171647000147, 45.957420349000074 ], [ 15.691600799000128, 45.955657959000064 ], [ 15.691806794, 45.954803466000158 ], [ 15.693609238000136, 45.947341919000166 ], [ 15.693843842000149, 45.946369171000129 ], [ 15.690723418000061, 45.941101074000073 ], [ 15.687453270000049, 45.935577393000187 ], [ 15.680485726000143, 45.928356172000179 ], [ 15.669137954000064, 45.918090821000192 ], [ 15.66480731900009, 45.908946992000097 ], [ 15.66716766400009, 45.902599335000048 ], [ 15.672696113000029, 45.887737274000074 ], [ 15.674949646000016, 45.877891540000064 ], [ 15.678987503000087, 45.870658875000174 ], [ 15.679810524000061, 45.869182587000068 ], [ 15.683712005000189, 45.868026735000171 ], [ 15.692171096000152, 45.865520477000075 ], [ 15.699726105000025, 45.863075257000105 ], [ 15.695981025000151, 45.860771180000143 ], [ 15.694877625000174, 45.860088348000147 ], [ 15.662783624000099, 45.840324402000192 ], [ 15.650809288000175, 45.834808350000117 ], [ 15.642608643000131, 45.829593659000068 ], [ 15.633944512000085, 45.834613799000124 ], [ 15.631223678000026, 45.836189269999977 ], [ 15.618478775000085, 45.842700958000194 ], [ 15.603735924000148, 45.849407197000062 ], [ 15.591932296000152, 45.850891114000149 ], [ 15.588647842000171, 45.851238251000041 ], [ 15.577751159000172, 45.852390290000017 ], [ 15.56746101400006, 45.854648590000181 ], [ 15.564089774000024, 45.855907440000067 ], [ 15.558717727999976, 45.857913971000073 ], [ 15.548894882000127, 45.860828400000116 ], [ 15.535210609000046, 45.853599549000194 ], [ 15.533857345000115, 45.851703645000157 ], [ 15.529460906999986, 45.845554352000192 ], [ 15.527630806, 45.843791962000012 ], [ 15.524710655999968, 45.840976715000068 ], [ 15.522459031000096, 45.845718384000065 ], [ 15.517386436000038, 45.85282516500007 ], [ 15.50205040000003, 45.852809907000051 ], [ 15.502067566, 45.856365203000053 ], [ 15.496955871000125, 45.856361390000131 ], [ 15.497014999000044, 45.867027283000084 ], [ 15.491939546000083, 45.874130248000085 ], [ 15.486826896000025, 45.874126435 ], [ 15.487001418999967, 45.906127930000082 ], [ 15.497224808000055, 45.906135560000166 ], [ 15.507429124000055, 45.902591705000134 ], [ 15.517672539000046, 45.906158447000053 ], [ 15.517690658, 45.909713746000136 ], [ 15.522804260000157, 45.909717560999979 ], [ 15.538142204, 45.909736634000069 ], [ 15.538179398000068, 45.916847230000087 ], [ 15.53821659200014, 45.923957825000173 ], [ 15.548441886000091, 45.923969269000054 ], [ 15.553591727000139, 45.931083680000086 ], [ 15.553669929000023, 45.945304871000189 ], [ 15.553706170000112, 45.952419282000051 ], [ 15.548594475000016, 45.952411652000137 ], [ 15.548650741000074, 45.963077546000136 ], [ 15.553763390000029, 45.963085174000071 ], [ 15.548786162000169, 45.987968445000035 ], [ 15.553897857000095, 45.987972260000106 ], [ 15.553934098000127, 45.995082856000067 ], [ 15.564179421000063, 45.998649598000156 ], [ 15.559084892000158, 46.002201080000191 ], [ 15.543748856000093, 46.002182006000055 ], [ 15.543768882000165, 46.005741119999982 ], [ 15.543787956000131, 46.009296417000087 ], [ 15.543826102000082, 46.016407013000105 ], [ 15.543845176000104, 46.019962312000189 ], [ 15.538731576000089, 46.019954682000105 ], [ 15.538750649000178, 46.023509980000085 ], [ 15.543865204000156, 46.023517609000123 ], [ 15.54897499100008, 46.023521424000137 ], [ 15.554088593000017, 46.023529054000051 ], [ 15.55920124000005, 46.023532867000142 ], [ 15.564312935000089, 46.023536682000156 ], [ 15.569425582000065, 46.02354431200007 ], [ 15.584779739000112, 46.027114869 ], [ 15.584761620000165, 46.023559570000089 ], [ 15.579553604000182, 46.005775452000194 ], [ 15.569330215000093, 46.005767822000053 ], [ 15.569291115000055, 45.998653413 ], [ 15.574402810000151, 45.998661041000105 ], [ 15.584648133000087, 46.002227783000194 ], [ 15.594872474000056, 46.002239227000075 ], [ 15.605155946000025, 46.012916564000022 ], [ 15.620510101000093, 46.016487122000058 ], [ 15.620528220999972, 46.020042420000038 ], [ 15.641036035000013, 46.030731201000094 ], [ 15.641054153000141, 46.034286498000029 ], [ 15.635959625000112, 46.037834167000028 ], [ 15.635978698000031, 46.041389466000112 ], [ 15.646184921000099, 46.037845612000126 ], [ 15.651296615999968, 46.037853240000061 ], [ 15.656409263000171, 46.037857055000131 ], [ 15.661580085000082, 46.048530578000111 ], [ 15.687122345000091, 46.045001983000134 ], [ 15.687141418000181, 46.048557282000047 ], [ 15.702299118000042, 46.055583954000042 ], [ 15.703251838000028, 46.054973602000132 ], [ 15.70954799600014, 46.047771455000145 ], [ 15.710027695000122, 46.047222137000119 ], [ 15.705699920000029, 46.036678315000131 ], [ 15.701720238000121, 46.027729036000096 ], [ 15.699819565000155, 46.023048400999983 ] ] ] ] } },
{ "type": "Feature", "properties": { "fid": 188, "GID_2": "SVN.11.2_1", "GID_0": "SVN", "COUNTRY": "Slovenia", "GID_1": "SVN.11_1", "NAME_1": "Spodnjeposavska", "NL_NAME_1": "NA", "NAME_2": "Krško", "VARNAME_2": "NA", "NL_NAME_2": "NA", "TYPE_2": "Opcine", "ENGTYPE_2": "Commune|Municipality", "CC_2": "NA", "HASC_2": "SI.PS.KR" }, "geometry": { "type": "MultiPolygon", "coordinates": [ [ [ [ 15.524710655999968, 45.840976715000068 ], [ 15.524328231000027, 45.840606690000072 ], [ 15.52266693100006, 45.839008332 ], [ 15.510197639000069, 45.83423233100018 ], [ 15.493309020000083, 45.830860138000105 ], [ 15.488823890000049, 45.831409454000095 ], [ 15.479855537000105, 45.832508088000054 ], [ 15.479146957000069, 45.832965852000086 ], [ 15.474224091000053, 45.836135865000131 ], [ 15.471659660000057, 45.841552734000061 ], [ 15.461717605, 45.832763672000056 ], [ 15.453788758000087, 45.822360991999972 ], [ 15.451613426000051, 45.812057495000033 ], [ 15.454524995000156, 45.803562164000141 ], [ 15.453451157000131, 45.795616149000182 ], [ 15.453339577000122, 45.794795991000171 ], [ 15.449670792000063, 45.788619996000136 ], [ 15.449161529000094, 45.788387298000089 ], [ 15.447987556000044, 45.787845612000183 ], [ 15.44221782600016, 45.785186768000131 ], [ 15.432121278000182, 45.788349151000034 ], [ 15.418714524000052, 45.790218354000046 ], [ 15.406096457999979, 45.786209106000172 ], [ 15.399499894000087, 45.795814513999971 ], [ 15.384239197000113, 45.810020447000056 ], [ 15.379126549000034, 45.810012819000121 ], [ 15.374014855000041, 45.810009003000175 ], [ 15.374032973000112, 45.81356430000011 ], [ 15.374051094000095, 45.817119599000193 ], [ 15.368941307, 45.817115784000123 ], [ 15.37418556300014, 45.842010498000093 ], [ 15.369073868000044, 45.842002868000179 ], [ 15.369112015000098, 45.849113464000141 ], [ 15.369131089000064, 45.852668763000054 ], [ 15.369151115000136, 45.856224059000056 ], [ 15.37937545800014, 45.856235505000143 ], [ 15.379393577000087, 45.85979080200002 ], [ 15.379413604999968, 45.863346100000058 ], [ 15.379431724000142, 45.866901397000163 ], [ 15.374320029000046, 45.866897584000071 ], [ 15.369264602000044, 45.877559662000124 ], [ 15.374416351000036, 45.884674072000109 ], [ 15.343762397000035, 45.888198853000176 ], [ 15.333537101000047, 45.888187409000068 ], [ 15.333556174000137, 45.891742706000173 ], [ 15.338782311000045, 45.913082123000038 ], [ 15.333669662000091, 45.913074493000124 ], [ 15.333689690000142, 45.916629792000037 ], [ 15.333746910000059, 45.927299500000174 ], [ 15.338858605000155, 45.927303315000017 ], [ 15.344028472000105, 45.937973022000108 ], [ 15.344045638000068, 45.941532134000056 ], [ 15.344066619000159, 45.94508743300014 ], [ 15.354290963000039, 45.945095063000053 ], [ 15.354311944000074, 45.948650360000158 ], [ 15.354348183000127, 45.95576477100019 ], [ 15.364571572000045, 45.955772399000125 ], [ 15.364610672000083, 45.962886809999986 ], [ 15.369723319000059, 45.962890625000057 ], [ 15.36980056800013, 45.977111816000161 ], [ 15.405641557000081, 45.98781585800009 ], [ 15.41081142400003, 45.998489381000127 ], [ 15.415924071000177, 45.998493196000027 ], [ 15.410906791000173, 46.016265869000165 ], [ 15.400703429999965, 46.019809722000161 ], [ 15.400759698, 46.030475617000093 ], [ 15.395646096000064, 46.030471802000022 ], [ 15.395667077000098, 46.034027101000106 ], [ 15.395685196000102, 46.03758239800004 ], [ 15.395705224000153, 46.041137696000021 ], [ 15.395742416000019, 46.048248292000039 ], [ 15.400856018000184, 46.048255920000145 ], [ 15.400874138000063, 46.051811219000058 ], [ 15.395818709000025, 46.062469483000143 ], [ 15.395837785000026, 46.066028595000091 ], [ 15.400950432000172, 46.066032410000162 ], [ 15.477654457000028, 46.069667816000049 ], [ 15.487859727000114, 46.06612396200012 ], [ 15.492933273000176, 46.059017182000048 ], [ 15.498044967000169, 46.059024810000153 ], [ 15.503193856000109, 46.066139221000185 ], [ 15.518511771000021, 46.062599182000156 ], [ 15.523549080000123, 46.048385621000136 ], [ 15.538866997000014, 46.044845581000175 ], [ 15.538750649000178, 46.023509980000085 ], [ 15.538731576000089, 46.019954682000105 ], [ 15.543845176000104, 46.019962312000189 ], [ 15.543826102000082, 46.016407013000105 ], [ 15.543787956000131, 46.009296417000087 ], [ 15.543768882000165, 46.005741119999982 ], [ 15.543748856000093, 46.002182006000055 ], [ 15.559084892000158, 46.002201080000191 ], [ 15.564179421000063, 45.998649598000156 ], [ 15.553934098000127, 45.995082856000067 ], [ 15.553897857000095, 45.987972260000106 ], [ 15.548786162000169, 45.987968445000035 ], [ 15.553763390000029, 45.963085174000071 ], [ 15.548650741000074, 45.963077546000136 ], [ 15.548594475000016, 45.952411652000137 ], [ 15.553706170000112, 45.952419282000051 ], [ 15.553669929000023, 45.945304871000189 ], [ 15.553591727000139, 45.931083680000086 ], [ 15.548441886000091, 45.923969269000054 ], [ 15.53821659200014, 45.923957825000173 ], [ 15.538179398000068, 45.916847230000087 ], [ 15.538142204, 45.909736634000069 ], [ 15.522804260000157, 45.909717560999979 ], [ 15.517690658, 45.909713746000136 ], [ 15.517672539000046, 45.906158447000053 ], [ 15.507429124000055, 45.902591705000134 ], [ 15.497224808000055, 45.906135560000166 ], [ 15.487001418999967, 45.906127930000082 ], [ 15.486826896000025, 45.874126435 ], [ 15.491939546000083, 45.874130248000085 ], [ 15.497014999000044, 45.867027283000084 ], [ 15.496955871000125, 45.856361390000131 ], [ 15.502067566, 45.856365203000053 ], [ 15.50205040000003, 45.852809907000051 ], [ 15.517386436000038, 45.85282516500007 ], [ 15.522459031000096, 45.845718384000065 ], [ 15.524710655999968, 45.840976715000068 ] ] ] ] } },
{ "type": "Feature", "properties": { "fid": 189, "GID_2": "SVN.11.3_1", "GID_0": "SVN", "COUNTRY": "Slovenia", "GID_1": "SVN.11_1", "NAME_1": "Spodnjeposavska", "NL_NAME_1": "NA", "NAME_2": "Sevnica", "VARNAME_2": "NA", "NL_NAME_2": "NA", "TYPE_2": "Opcine", "ENGTYPE_2": "Commune|Municipality", "CC_2": "NA", "HASC_2": "SI.PS.SE" }, "geometry": { "type": "MultiPolygon", "coordinates": [ [ [ [ 15.221258164000119, 45.923622132 ], [ 15.216146470000126, 45.923618317000148 ], [ 15.211033820000068, 45.923614502000078 ], [ 15.211051941000051, 45.927169801000161 ], [ 15.205942154000127, 45.927162171000077 ], [ 15.20596027300013, 45.930717468000182 ], [ 15.190624237000065, 45.93070220900006 ], [ 15.185547829000143, 45.937808990000178 ], [ 15.175324440000054, 45.937797547000059 ], [ 15.170270920000064, 45.948459625999988 ], [ 15.149860381, 45.95554733300014 ], [ 15.149915696000051, 45.966213226000093 ], [ 15.139711381000154, 45.969760895000093 ], [ 15.139785767000092, 45.983982085999969 ], [ 15.150012016, 45.983993531000124 ], [ 15.150051118000079, 45.991104127000142 ], [ 15.150069236000149, 45.994659424000076 ], [ 15.139844894000078, 45.994647979999968 ], [ 15.139823913000043, 45.991092682000158 ], [ 15.124487877000149, 45.991077423000036 ], [ 15.119376183000156, 45.991069793000122 ], [ 15.114320756000097, 46.001731872999983 ], [ 15.09900283800016, 46.005271911000193 ], [ 15.099022866000041, 46.008827210000106 ], [ 15.093911172000048, 46.008819580000136 ], [ 15.088855743000181, 46.019481659000121 ], [ 15.083744048000085, 46.01947784400005 ], [ 15.083762169000067, 46.023033143000134 ], [ 15.07874584100017, 46.040805816000102 ], [ 15.094063759000107, 46.037265778000119 ], [ 15.094081878000111, 46.040821077000032 ], [ 15.11453056300013, 46.040843963000157 ], [ 15.114550591000011, 46.04439926200007 ], [ 15.135000230000173, 46.044418335000159 ], [ 15.134981155999981, 46.040863036000076 ], [ 15.155429840000124, 46.040885925000111 ], [ 15.15540885900009, 46.037330628000177 ], [ 15.186065672999973, 46.033805848000043 ], [ 15.191176415000086, 46.033813476000148 ], [ 15.191157341000121, 46.030258179000043 ], [ 15.191139221000014, 46.02670288000013 ], [ 15.196250915, 46.026706694999973 ], [ 15.211587906000091, 46.026721954000095 ], [ 15.211606025000037, 46.030277253000179 ], [ 15.221832276000043, 46.030288696000184 ], [ 15.221851350000179, 46.033843995000097 ], [ 15.221869468000079, 46.037399291999975 ], [ 15.216794968000158, 46.044506074000026 ], [ 15.196347237000168, 46.044483186000093 ], [ 15.191367149000087, 46.069366455000079 ], [ 15.176070214000106, 46.076461792000146 ], [ 15.176088333000109, 46.080017091000059 ], [ 15.176108361, 46.083572388000164 ], [ 15.186332703000062, 46.083583833000091 ], [ 15.196557045000134, 46.083595276000096 ], [ 15.206781388000081, 46.083606719000045 ], [ 15.211893081000028, 46.083610534000115 ], [ 15.217004775000191, 46.083614350000062 ], [ 15.222078323000062, 46.076511384000128 ], [ 15.242527008000081, 46.076530457000047 ], [ 15.242549897000117, 46.080085754000152 ], [ 15.252792359000068, 46.083652496000184 ], [ 15.257904052000129, 46.08366012700003 ], [ 15.257864952000091, 46.076549531000182 ], [ 15.25784492400004, 46.072994232000099 ], [ 15.262958526000034, 46.072998047000169 ], [ 15.262939453000115, 46.069442750000064 ], [ 15.268051147000108, 46.069446563000099 ], [ 15.273162842000033, 46.069454193000013 ], [ 15.283387183, 46.069465637000121 ], [ 15.288498878000098, 46.069469452000135 ], [ 15.293610572000091, 46.069473267000035 ], [ 15.29872608200003, 46.069480897000119 ], [ 15.298744203000012, 46.073036194000053 ], [ 15.354978561000053, 46.073093414000141 ], [ 15.360071182000183, 46.069545745000141 ], [ 15.380539893000105, 46.07312011800002 ], [ 15.385613441000146, 46.066017150000164 ], [ 15.395837785000026, 46.066028595000091 ], [ 15.395818709000025, 46.062469483000143 ], [ 15.400874138000063, 46.051811219000058 ], [ 15.400856018000184, 46.048255920000145 ], [ 15.395742416000019, 46.048248292000039 ], [ 15.395705224000153, 46.041137696000021 ], [ 15.395685196000102, 46.03758239800004 ], [ 15.395667077000098, 46.034027101000106 ], [ 15.395646096000064, 46.030471802000022 ], [ 15.400759698, 46.030475617000093 ], [ 15.400703429999965, 46.019809722000161 ], [ 15.410906791000173, 46.016265869000165 ], [ 15.415924071000177, 45.998493196000027 ], [ 15.41081142400003, 45.998489381000127 ], [ 15.405641557000081, 45.98781585800009 ], [ 15.36980056800013, 45.977111816000161 ], [ 15.369723319000059, 45.962890625000057 ], [ 15.364610672000083, 45.962886809999986 ], [ 15.364571572000045, 45.955772399000125 ], [ 15.354348183000127, 45.95576477100019 ], [ 15.354311944000074, 45.948650360000158 ], [ 15.354290963000039, 45.945095063000053 ], [ 15.344066619000159, 45.94508743300014 ], [ 15.344045638000068, 45.941532134000056 ], [ 15.338933944000075, 45.941524506000121 ], [ 15.323618889000102, 45.945064545000037 ], [ 15.323676109000189, 45.955730439000035 ], [ 15.298132897000073, 45.959259033000137 ], [ 15.298093795000057, 45.952148437000119 ], [ 15.292982101000064, 45.952144624000084 ], [ 15.272551536000094, 45.955677032000153 ], [ 15.267439842999977, 45.955673217000083 ], [ 15.262289047000138, 45.948554993000187 ], [ 15.272456169000122, 45.937900544000115 ], [ 15.267344474000026, 45.937892914000031 ], [ 15.267326355000023, 45.934337617000097 ], [ 15.257102012000075, 45.934326172000169 ], [ 15.257138253000107, 45.941440582000098 ], [ 15.246953011000073, 45.948539735000168 ], [ 15.236728669, 45.948528290000183 ], [ 15.236689568000088, 45.941417694000165 ], [ 15.22644806, 45.937850952000133 ], [ 15.22642898600003, 45.934295655000028 ], [ 15.221276283000122, 45.927177429000096 ], [ 15.221258164000119, 45.923622132 ] ] ] ] } },
{ "type": "Feature", "properties": { "fid": 192, "GID_2": "SVN.12.3_1", "GID_0": "SVN", "COUNTRY": "Slovenia", "GID_1": "SVN.12_1", "NAME_1": "Zasavska", "NL_NAME_1": "NA", "NAME_2": "Zagorje ob Savi", "VARNAME_2": "NA", "NL_NAME_2": "NA", "TYPE_2": "Opcine", "ENGTYPE_2": "Commune|Municipality", "CC_2": "NA", "HASC_2": "SI.ZS.ZS" }, "geometry": { "type": "MultiPolygon", "coordinates": [ [ [ [ 15.055265513000165, 46.065117409000038 ], [ 15.037962956000058, 46.062095649000128 ], [ 15.037942887000042, 46.058540345000097 ], [ 15.022605896000186, 46.058521271000131 ], [ 15.022587777000012, 46.054965972000048 ], [ 15.007230758000105, 46.051395417000094 ], [ 15.004616032000115, 46.051393466000036 ], [ 15.002119000999983, 46.051392001000181 ], [ 14.981671001000109, 46.051369000000136 ], [ 14.979278874000158, 46.053036538000129 ], [ 14.97657700100018, 46.054920062000178 ], [ 14.976596999000037, 46.058474999000055 ], [ 14.986814746, 46.058485659000041 ], [ 14.991933735000146, 46.058490876 ], [ 14.986860276000016, 46.065597535000165 ], [ 14.981745721000095, 46.065589905000024 ], [ 14.981830083000148, 46.08116297700019 ], [ 14.98184204100005, 46.083370208000133 ], [ 14.981862069000101, 46.086925507000046 ], [ 14.986616044000073, 46.088579217000074 ], [ 14.992104531000052, 46.090488434 ], [ 14.992142678000107, 46.097602845000097 ], [ 14.992181777999974, 46.104713441000115 ], [ 15.000268024999968, 46.104722491000132 ], [ 15.002406, 46.104724943000178 ], [ 15.002388003000078, 46.101166 ], [ 15.007658622000122, 46.101171671000145 ], [ 15.012612001000093, 46.101176999000074 ], [ 15.012592159000064, 46.097622001000047 ], [ 15.014486639000154, 46.097624038000163 ], [ 15.022815853000054, 46.097633 ], [ 15.022797999000034, 46.094078000000195 ], [ 15.025802212000144, 46.093383725000024 ], [ 15.038116455000022, 46.090538024000068 ], [ 15.038438554000152, 46.090538506000087 ], [ 15.043228000000113, 46.090546000000188 ], [ 15.043245999000078, 46.094101000000137 ], [ 15.048358000000178, 46.094105000000127 ], [ 15.058563999000057, 46.090560989000096 ], [ 15.058546036000109, 46.087006001000134 ], [ 15.067421501000183, 46.087015548000124 ], [ 15.068770000000143, 46.087017 ], [ 15.068731156000126, 46.079903000000115 ], [ 15.071587408000028, 46.079906911000194 ], [ 15.073843000000124, 46.079910000000154 ], [ 15.073842837000029, 46.079880960000082 ], [ 15.073822999000129, 46.076354991000073 ], [ 15.073805000000164, 46.072799999000097 ], [ 15.073787, 46.069244001000072 ], [ 15.058429727000146, 46.065669977000084 ], [ 15.055265513000165, 46.065117409000038 ] ] ], [ [ [ 14.900715831000127, 46.207725809000067 ], [ 14.900695, 46.20417 ], [ 14.900677, 46.200615000000141 ], [ 14.905789, 46.200619 ], [ 14.912412, 46.194454000000178 ], [ 14.92105, 46.18641300000013 ], [ 14.941498759000183, 46.186436001000118 ], [ 14.941516876000151, 46.189990997000109 ], [ 14.941614651000179, 46.190013730000146 ], [ 14.942402, 46.190197000000182 ], [ 14.956845161, 46.193555294000078 ], [ 14.956873895000058, 46.193561976000069 ], [ 14.956889800000056, 46.196682433000092 ], [ 14.956891888000087, 46.197092631000089 ], [ 14.956892006999965, 46.197117 ], [ 14.958088, 46.197119 ], [ 14.962004, 46.197124 ], [ 14.967116, 46.197128 ], [ 14.972554532000117, 46.197134384000094 ], [ 14.97734000000014, 46.197140001000093 ], [ 14.982452, 46.197144000000151 ], [ 14.986068, 46.197149 ], [ 14.987565, 46.197151 ], [ 14.992676000000188, 46.19715500000018 ], [ 14.99779100000012, 46.19715900000017 ], [ 14.997809192000034, 46.197159023999973 ], [ 14.999311559000091, 46.19716108200015 ], [ 15.002860457000054, 46.197165941000094 ], [ 15.002903000000117, 46.197166 ], [ 15.002883, 46.193611 ], [ 15.002864000000102, 46.1900559340001 ], [ 15.002844, 46.186501 ], [ 15.00670120500007, 46.181099393000181 ], [ 15.007919000000186, 46.179394 ], [ 15.002807001000065, 46.179389978000074 ], [ 15.002806907000092, 46.179373433000194 ], [ 15.002786759, 46.175834886000075 ], [ 14.987450998000043, 46.175815582999974 ], [ 14.987442697000176, 46.174262118000172 ], [ 14.987431962000073, 46.172253107000131 ], [ 14.987422000000151, 46.170436000000109 ], [ 14.987418329000093, 46.169800508000151 ], [ 14.987412452000058, 46.168704987000183 ], [ 14.989311334000149, 46.16604705300017 ], [ 14.992159, 46.162062 ], [ 14.992486504000169, 46.161602695000113 ], [ 14.993072148000124, 46.161602457000129 ], [ 15.002690961000098, 46.161609983 ], [ 15.002712000000145, 46.16161000000011 ], [ 15.005557000000181, 46.1616140000001 ], [ 15.00780171200006, 46.161616971000058 ], [ 15.00782397100005, 46.161617000000149 ], [ 15.007768843000122, 46.151295845000163 ], [ 15.007767002000037, 46.150951193000083 ], [ 15.012879, 46.150955000000124 ], [ 15.012888399000076, 46.150928473000135 ], [ 15.015742000000159, 46.142875 ], [ 15.017906347000121, 46.136765249000121 ], [ 15.017916000000127, 46.136738 ], [ 15.017895000000124, 46.133183000000145 ], [ 15.021751289000065, 46.133188281000116 ], [ 15.023007000000177, 46.133190000000184 ], [ 15.02295, 46.122520000000179 ], [ 15.011418000000162, 46.119839 ], [ 15.011108234000119, 46.119766986000116 ], [ 15.007594109000024, 46.11894989000001 ], [ 15.004506454000079, 46.114683561000106 ], [ 15.002445001000183, 46.111835 ], [ 14.992220879000115, 46.111824011000067 ], [ 14.987106322000159, 46.111816406000059 ], [ 14.987126998000065, 46.115371704999973 ], [ 14.978965984000013, 46.115365617 ], [ 14.97723804300017, 46.115364327000123 ], [ 14.976900101000069, 46.115364075000059 ], [ 14.966657639000118, 46.111797333000027 ], [ 14.963947953000059, 46.111793290000151 ], [ 14.962757034000049, 46.111791513000071 ], [ 14.96154597200001, 46.111789705000092 ], [ 14.961527824000143, 46.108234406000179 ], [ 14.956554700000027, 46.106502933000172 ], [ 14.956184028000109, 46.106373878000056 ], [ 14.951283456000169, 46.104667664000146 ], [ 14.949378861000071, 46.100736914000152 ], [ 14.948119619000124, 46.098138058000075 ], [ 14.946113608000189, 46.09399800000017 ], [ 14.930778000000146, 46.093983000000151 ], [ 14.926601307000169, 46.09397646400015 ], [ 14.925664901000118, 46.093975067000144 ], [ 14.92166766400004, 46.093971089000149 ], [ 14.91725638000014, 46.093966700000067 ], [ 14.894992828000113, 46.093944549000071 ], [ 14.889879226000119, 46.093936921000193 ], [ 14.889401053000086, 46.093936564000046 ], [ 14.887685884, 46.093935284000111 ], [ 14.884766001000116, 46.093933106000122 ], [ 14.88476616600019, 46.093962525000165 ], [ 14.884825854000155, 46.104599000000121 ], [ 14.879711152000084, 46.104595185000051 ], [ 14.879750252000122, 46.111705781000069 ], [ 14.88486194800015, 46.111709798000163 ], [ 14.884877551999978, 46.114589632000047 ], [ 14.884928004000074, 46.123900767000123 ], [ 14.884958268000105, 46.129486084000121 ], [ 14.838949204000016, 46.129440307000152 ], [ 14.837236907000033, 46.128844199000071 ], [ 14.835107000000107, 46.128103000000124 ], [ 14.828704000000187, 46.125874 ], [ 14.828721838999968, 46.12939744900018 ], [ 14.828722, 46.129428864000033 ], [ 14.827356342000087, 46.12942682500011 ], [ 14.826837585000021, 46.129426051000053 ], [ 14.823610306000091, 46.12942123400012 ], [ 14.823631002000013, 46.132980348000046 ], [ 14.823649000000103, 46.136536 ], [ 14.823659500000076, 46.138313551000181 ], [ 14.82367, 46.140091 ], [ 14.828779, 46.140095 ], [ 14.83343945300004, 46.146535129000085 ], [ 14.833929997000155, 46.147212996000121 ], [ 14.82541581900017, 46.150170391000131 ], [ 14.823727000000133, 46.150757001000159 ], [ 14.823756659000026, 46.15786699500012 ], [ 14.821057, 46.157865 ], [ 14.818651000000102, 46.157864000000131 ], [ 14.818690000000117, 46.164974 ], [ 14.818708000000186, 46.168530000000146 ], [ 14.839156000000116, 46.168549001000031 ], [ 14.83915612300018, 46.168569755000192 ], [ 14.839177, 46.172104000000104 ], [ 14.851395, 46.174240000000111 ], [ 14.859640888, 46.175681107000059 ], [ 14.861548109000182, 46.17568348900005 ], [ 14.864758000000108, 46.175686 ], [ 14.869870000000105, 46.175694000000135 ], [ 14.876882664, 46.175701545000152 ], [ 14.880093575000046, 46.175705000000164 ], [ 14.880130922000035, 46.182815720000178 ], [ 14.88384131100014, 46.183678407000059 ], [ 14.891303554000046, 46.185413423000114 ], [ 14.895486832000131, 46.186386108000193 ], [ 14.895525933000044, 46.19349670400004 ], [ 14.8955294860001, 46.194142876000171 ], [ 14.89555200000018, 46.198314000000153 ], [ 14.895564969000077, 46.20060155200008 ], [ 14.895583000000101, 46.204163001000154 ], [ 14.895600999000067, 46.207717895000087 ], [ 14.900715831000127, 46.207725809000067 ] ] ] ] } }
]
}
