{
"type": "FeatureCollection",
"name": "PI-23",
"crs": { "type": "name", "properties": { "name": "urn:ogc:def:crs:OGC:1.3:CRS84" } },
"features": [
{ "type": "Feature", "properties": { "fid": 56, "GID_2": "SRB.7.1_1", "GID_0": "SRB", "COUNTRY": "Serbia", "GID_1": "SRB.7_1", "NAME_1": "Kolubarski", "NL_NAME_1": "Колубарски", "NAME_2": "Lajkovac", "VARNAME_2": "NA", "NL_NAME_2": "Лајковац", "TYPE_2": "Opštine", "ENGTYPE_2": "Town|Municipal", "CC_2": "NA", "HASC_2": "NA" }, "geometry": { "type": "MultiPolygon", "coordinates": [ [ [ [ 20.217546464000065, 44.478721618000066 ], [ 20.221378326000035, 44.468387604000156 ], [ 20.223684312000046, 44.45884704700012 ], [ 20.226345062000121, 44.451519013000052 ], [ 20.226444244000106, 44.449447631000055 ], [ 20.226135254000155, 44.447994233000088 ], [ 20.225378036, 44.445945740000127 ], [ 20.221160889000032, 44.43824386600005 ], [ 20.220237733000033, 44.434196472 ], [ 20.220481872000107, 44.431930543000192 ], [ 20.221532821000096, 44.429985047000173 ], [ 20.224929810000049, 44.425594331000127 ], [ 20.225961686000176, 44.423347473000035 ], [ 20.226818084000172, 44.418251037000061 ], [ 20.226804733000051, 44.412902831000054 ], [ 20.226467132000096, 44.410266875000104 ], [ 20.225759507000078, 44.407730104000052 ], [ 20.221683503000122, 44.399723054000162 ], [ 20.21932220500014, 44.393215179000038 ], [ 20.216678619000106, 44.388244628000052 ], [ 20.215362549000076, 44.386287689000085 ], [ 20.213447570000028, 44.384422302000189 ], [ 20.21108436600008, 44.382781982000154 ], [ 20.203695298000127, 44.378780365000068 ], [ 20.200588227000139, 44.376586914000086 ], [ 20.199670792000177, 44.375328063000097 ], [ 20.199262620000184, 44.373996735000048 ], [ 20.200059890000034, 44.36908340500014 ], [ 20.199190139000109, 44.367382050000174 ], [ 20.197343825000132, 44.365859985000043 ], [ 20.194114686000034, 44.363800050000066 ], [ 20.192224503000034, 44.362102508000135 ], [ 20.191440582999974, 44.360755920000088 ], [ 20.191030502000103, 44.359279633000085 ], [ 20.19097709700003, 44.357212067000034 ], [ 20.191478730000028, 44.355140687000073 ], [ 20.192308426000125, 44.353576660999977 ], [ 20.193511963000162, 44.352123260999974 ], [ 20.198780060000047, 44.348003388000109 ], [ 20.200565338000104, 44.346347810000054 ], [ 20.201911927000083, 44.34457015900017 ], [ 20.202638626000066, 44.342544557000053 ], [ 20.202690125000174, 44.340461732000108 ], [ 20.202060699000128, 44.338417053000171 ], [ 20.200492860000168, 44.336250305000078 ], [ 20.193603515000063, 44.330150604000153 ], [ 20.191476822000084, 44.328056335000156 ], [ 20.189939498000058, 44.326126100000067 ], [ 20.188098907000096, 44.323356628000056 ], [ 20.186983109000153, 44.319915771000012 ], [ 20.187129974000129, 44.317890167000144 ], [ 20.188001632000123, 44.315780640000128 ], [ 20.192312242000071, 44.308143615000176 ], [ 20.198995590000095, 44.300510407000047 ], [ 20.20569038400015, 44.291908264000028 ], [ 20.210239410000156, 44.286705018000077 ], [ 20.212888718000158, 44.2843551630001 ], [ 20.21631050100018, 44.281970978000061 ], [ 20.209632873000146, 44.273975373000155 ], [ 20.206792831000143, 44.269519805000073 ], [ 20.206769944000143, 44.268474579000099 ], [ 20.207189559000142, 44.267536164000148 ], [ 20.209802627000158, 44.263755800000183 ], [ 20.21034049900004, 44.261894225000106 ], [ 20.209716797000169, 44.260242463 ], [ 20.207977296000024, 44.258861543000137 ], [ 20.208066940000151, 44.253341674000069 ], [ 20.208030701000098, 44.252521516000058 ], [ 20.207935334000069, 44.252162934000069 ], [ 20.207725524000125, 44.251884461000031 ], [ 20.207355499000187, 44.251735687000121 ], [ 20.206863404000046, 44.251667023000152 ], [ 20.205682754000065, 44.251644135000049 ], [ 20.202968598000041, 44.251705170000037 ], [ 20.201829910000129, 44.251705170000037 ], [ 20.201345443000093, 44.251773834000176 ], [ 20.201131820000114, 44.251857757000096 ], [ 20.197870255000169, 44.254123688000107 ], [ 20.193662642999982, 44.25316238400012 ], [ 20.192178726000066, 44.252738953000176 ], [ 20.190820694000138, 44.252246858000092 ], [ 20.190198898, 44.251964570000155 ], [ 20.189643859, 44.251636505000079 ], [ 20.189186095000139, 44.251239776000034 ], [ 20.188001632000123, 44.249919891000161 ], [ 20.187540053000191, 44.249519348000149 ], [ 20.186981202000084, 44.249187470000038 ], [ 20.186349870000072, 44.24889755300012 ], [ 20.184955597000055, 44.248367309000173 ], [ 20.181024551000064, 44.24702453600014 ], [ 20.178831100000025, 44.250259400000118 ], [ 20.176727294000045, 44.252677918000188 ], [ 20.174150466000185, 44.254806518000123 ], [ 20.171087265000097, 44.256343842000149 ], [ 20.167734145000168, 44.257209778000174 ], [ 20.164651871000046, 44.25737381100015 ], [ 20.157211304000157, 44.256671905000189 ], [ 20.154117584000176, 44.256534576000092 ], [ 20.150526045999982, 44.256710052000074 ], [ 20.147380829000099, 44.257530213000166 ], [ 20.144943237, 44.258647918000179 ], [ 20.142721176000123, 44.260040283000194 ], [ 20.140747070000032, 44.261627198000099 ], [ 20.138467789000174, 44.264328004000106 ], [ 20.137403489000064, 44.266921998000157 ], [ 20.135999680000168, 44.275207519000105 ], [ 20.135192870000026, 44.277782440000067 ], [ 20.133859635000078, 44.280105591 ], [ 20.131111144000158, 44.283885956000063 ], [ 20.130399702999966, 44.289237976000038 ], [ 20.129955292000091, 44.290557861000138 ], [ 20.128496169000073, 44.293117523000149 ], [ 20.12660789500012, 44.294464111000025 ], [ 20.124782562000178, 44.294956207000041 ], [ 20.122646331999988, 44.295196533000023 ], [ 20.113203050000095, 44.295597077000139 ], [ 20.107631684000069, 44.296165466 ], [ 20.105401992000168, 44.296665192000148 ], [ 20.102319717000114, 44.297782898999969 ], [ 20.096170426000185, 44.300331116000052 ], [ 20.093797683000048, 44.301013946000069 ], [ 20.091268539000055, 44.30144500800003 ], [ 20.087917328000117, 44.301589965000062 ], [ 20.084516526000129, 44.301284791 ], [ 20.077484131000119, 44.299587249000069 ], [ 20.073871612000062, 44.298267365000129 ], [ 20.058256150000147, 44.307689666000158 ], [ 20.052860260000102, 44.311511993000124 ], [ 20.048774718000118, 44.31653976500013 ], [ 20.044105530000138, 44.320041657000161 ], [ 20.043270110000094, 44.320941925 ], [ 20.041791916000022, 44.323390962000076 ], [ 20.040203094, 44.328189849000182 ], [ 20.038970947000109, 44.329658508000136 ], [ 20.03745460500005, 44.330364228000064 ], [ 20.035327911000138, 44.330707550000056 ], [ 20.032209397000031, 44.330596924000133 ], [ 20.031009673000085, 44.337169647000167 ], [ 20.030290604000186, 44.3433609 ], [ 20.030302048000067, 44.346324921000019 ], [ 20.031129837000037, 44.354133607000051 ], [ 20.031700133000186, 44.357002259000126 ], [ 20.032732009000085, 44.35964584300018 ], [ 20.036199569000132, 44.364093781000122 ], [ 20.037248611000052, 44.366420746000188 ], [ 20.037103654000077, 44.367603301000088 ], [ 20.035726547000081, 44.370765687000073 ], [ 20.035291671000152, 44.372692109000127 ], [ 20.035348892000172, 44.374702454000101 ], [ 20.035978316000012, 44.376663208000139 ], [ 20.037950516000137, 44.379165650000061 ], [ 20.040143966000073, 44.380867005000084 ], [ 20.049442292000094, 44.385498047000112 ], [ 20.056608200000085, 44.389732361000142 ], [ 20.058349609000174, 44.390441894000162 ], [ 20.061258316000078, 44.391025544000115 ], [ 20.064432144000136, 44.390750886000149 ], [ 20.066450119000024, 44.390151978000119 ], [ 20.068338395000126, 44.389286042000094 ], [ 20.070028304000061, 44.388164520000032 ], [ 20.078533173000039, 44.381080628000063 ], [ 20.084762572000045, 44.373962402000132 ], [ 20.086425780000184, 44.372714996000127 ], [ 20.090852737000091, 44.370098115000076 ], [ 20.096220016000188, 44.368080139000085 ], [ 20.098926543, 44.367668152000192 ], [ 20.101629257000184, 44.36770248300013 ], [ 20.103515626000046, 44.368034364000096 ], [ 20.105148315, 44.368675231000111 ], [ 20.106843949000165, 44.370117189000041 ], [ 20.108026505000169, 44.372013093000078 ], [ 20.110452651000173, 44.378368378 ], [ 20.113243104000048, 44.382984162000184 ], [ 20.114097594000043, 44.385196686000143 ], [ 20.114149094000027, 44.386135102000139 ], [ 20.112752914000168, 44.391292571000122 ], [ 20.112804413000049, 44.392185211000083 ], [ 20.114080429000126, 44.39472580000006 ], [ 20.115322114000094, 44.395889282000041 ], [ 20.116958618000126, 44.396842956000057 ], [ 20.125087739000151, 44.399906159000125 ], [ 20.127115249000042, 44.401374816000043 ], [ 20.134973525000078, 44.409046173000149 ], [ 20.139383316000135, 44.411792754000146 ], [ 20.143764497000177, 44.413414002000138 ], [ 20.151983262000158, 44.415019990000189 ], [ 20.154979705000187, 44.415962220000154 ], [ 20.158414841000024, 44.417697906000058 ], [ 20.162004470999989, 44.419910432000165 ], [ 20.16484260500016, 44.421249390000071 ], [ 20.168937684000184, 44.422809601000154 ], [ 20.180173873, 44.427951814000096 ], [ 20.185277939000116, 44.429687500000171 ], [ 20.187202455000147, 44.430782319000059 ], [ 20.188329696999972, 44.43232727100019 ], [ 20.188787459000025, 44.434204102000137 ], [ 20.188724518000072, 44.436256408000133 ], [ 20.188171388000114, 44.438350678000177 ], [ 20.186246872000083, 44.44150924700017 ], [ 20.182361603, 44.445503234000114 ], [ 20.181350708000139, 44.447010040000066 ], [ 20.180721284000128, 44.448574065000116 ], [ 20.180555343000151, 44.450561523000033 ], [ 20.18113517800009, 44.452491761000033 ], [ 20.182466508000061, 44.454135896000139 ], [ 20.183919906000085, 44.455081940000071 ], [ 20.18741607700008, 44.456672670000046 ], [ 20.193458558000088, 44.458869935000052 ], [ 20.196405411000114, 44.460258485000168 ], [ 20.199022293999974, 44.462039949000143 ], [ 20.210075379000159, 44.471157074000132 ], [ 20.217546464000065, 44.478721618000066 ] ] ] ] } },
{ "type": "Feature", "properties": { "fid": 59, "GID_2": "SRB.7.4_1", "GID_0": "SRB", "COUNTRY": "Serbia", "GID_1": "SRB.7_1", "NAME_1": "Kolubarski", "NL_NAME_1": "Колубарски", "NAME_2": "Osečina", "VARNAME_2": "NA", "NL_NAME_2": "Осечина", "TYPE_2": "Opštine", "ENGTYPE_2": "Town|Municipal", "CC_2": "NA", "HASC_2": "NA" }, "geometry": { "type": "MultiPolygon", "coordinates": [ [ [ [ 19.561016081999981, 44.445697785000164 ], [ 19.574005126000031, 44.438911438000048 ], [ 19.575883866000027, 44.437625885000159 ], [ 19.577255248000029, 44.436103821000188 ], [ 19.580179215000101, 44.43001556300004 ], [ 19.581314086000077, 44.428611755000077 ], [ 19.584329605000107, 44.426109315000133 ], [ 19.58801078700003, 44.424079895000091 ], [ 19.590370178000114, 44.423286438000048 ], [ 19.592901229000063, 44.422752380000134 ], [ 19.59578323400018, 44.422447206000072 ], [ 19.601806641000053, 44.422321320000151 ], [ 19.608007432000022, 44.422622682000053 ], [ 19.611064910000039, 44.423030853000171 ], [ 19.613906861000089, 44.423778534000121 ], [ 19.61626243600017, 44.424926757000151 ], [ 19.618236540999987, 44.426517487000126 ], [ 19.635423661000118, 44.416164399000081 ], [ 19.645366670000101, 44.41149902300009 ], [ 19.651222229000041, 44.408348083000135 ], [ 19.656095505000053, 44.404331207000155 ], [ 19.658998489000055, 44.402427673000034 ], [ 19.660858153000106, 44.400844574000018 ], [ 19.661718369000084, 44.399524688999975 ], [ 19.662139893000131, 44.398086547 ], [ 19.661884309000129, 44.39246368400012 ], [ 19.66204261900009, 44.389472961000195 ], [ 19.662622451000061, 44.386493684000129 ], [ 19.664457322000089, 44.380428314000085 ], [ 19.666126250000161, 44.37160873400012 ], [ 19.665885925999987, 44.369617463000111 ], [ 19.662361146000023, 44.362911224000072 ], [ 19.662099839000177, 44.360919953000064 ], [ 19.662263869000071, 44.359493256000064 ], [ 19.663539886000024, 44.354568482000104 ], [ 19.663665772000172, 44.352500916000054 ], [ 19.663211823000154, 44.350460053000063 ], [ 19.661558151000122, 44.347755433000088 ], [ 19.65883827100015, 44.344978332999972 ], [ 19.644336701000043, 44.336135864000141 ], [ 19.641260147000025, 44.333377837000114 ], [ 19.638923645000148, 44.330711365000127 ], [ 19.636777877000043, 44.327342987000122 ], [ 19.635179520000065, 44.324035645000038 ], [ 19.634332658000176, 44.320453644000054 ], [ 19.634571076000157, 44.31970977900005 ], [ 19.635444640000173, 44.31860733000002 ], [ 19.641588210000066, 44.313362122000171 ], [ 19.644479751000119, 44.3097229010001 ], [ 19.64640045100009, 44.307811737000065 ], [ 19.648790360000191, 44.306259156000124 ], [ 19.650697707000177, 44.30551147400007 ], [ 19.657604218000074, 44.303657532000159 ], [ 19.659421921000103, 44.302932740000017 ], [ 19.661531448000119, 44.301452636000135 ], [ 19.662853242000097, 44.299678803000177 ], [ 19.663097381000114, 44.297676087000013 ], [ 19.662506103000055, 44.296535493000192 ], [ 19.660764694000136, 44.294830323000099 ], [ 19.65690612800006, 44.292163849000133 ], [ 19.653209687000185, 44.290027618000011 ], [ 19.648742676000154, 44.288646699000083 ], [ 19.644535066000174, 44.288097383000093 ], [ 19.633756638000136, 44.287807464000025 ], [ 19.630752563000158, 44.28804397600004 ], [ 19.624786378000067, 44.288944244999982 ], [ 19.622749328000111, 44.288936615000068 ], [ 19.62080192600007, 44.288608552000028 ], [ 19.618171693000136, 44.287532807000105 ], [ 19.615131378000058, 44.285575867000034 ], [ 19.613344192000113, 44.284061431000111 ], [ 19.61188316300013, 44.28242874200015 ], [ 19.610933304000127, 44.280693054000039 ], [ 19.610679627000025, 44.278762818000189 ], [ 19.611574174000054, 44.274642945000096 ], [ 19.611295701000188, 44.271717073000161 ], [ 19.610631942000055, 44.270420075000118 ], [ 19.607587814000112, 44.266780854000046 ], [ 19.604829788000131, 44.264625550000062 ], [ 19.602222443000187, 44.263278962000186 ], [ 19.600214004000179, 44.262660981000124 ], [ 19.590324403000182, 44.260784150000177 ], [ 19.588680268000132, 44.260089875000176 ], [ 19.587070466000171, 44.258693695000147 ], [ 19.586116791, 44.256961824000086 ], [ 19.584993363000137, 44.252357483000083 ], [ 19.584783554000126, 44.250953675000119 ], [ 19.584953309000014, 44.24892807000009 ], [ 19.586378098000068, 44.245464325000114 ], [ 19.590286254000148, 44.239803315000131 ], [ 19.591533660000152, 44.236919402000183 ], [ 19.594505309000056, 44.227909088000047 ], [ 19.595064163000131, 44.224941254000157 ], [ 19.595045089000166, 44.221939088000056 ], [ 19.594392776000063, 44.219020844 ], [ 19.593742371000189, 44.217544557000167 ], [ 19.58958244300004, 44.209842681000111 ], [ 19.589128494000079, 44.207801818000064 ], [ 19.589025496999966, 44.204887391000057 ], [ 19.588575364000121, 44.202762604000043 ], [ 19.587900162000039, 44.201251984000123 ], [ 19.585548402000143, 44.197891236000032 ], [ 19.57669067400019, 44.189304351000033 ], [ 19.568876266000018, 44.198337555000137 ], [ 19.561401368000077, 44.206352235000111 ], [ 19.559118271000102, 44.208255769000061 ], [ 19.556283951000069, 44.209754944000053 ], [ 19.554035187000181, 44.210601807000046 ], [ 19.543951035000134, 44.213695526000095 ], [ 19.540960312000038, 44.215103150000061 ], [ 19.533550263000052, 44.220123290000117 ], [ 19.531818389000136, 44.22107315 ], [ 19.52990913400015, 44.221698760999971 ], [ 19.527868271000102, 44.221969604000094 ], [ 19.519210816000111, 44.221328736000032 ], [ 19.516305924000108, 44.221427919000121 ], [ 19.514270782000096, 44.221733093000182 ], [ 19.509468079000044, 44.223064423000039 ], [ 19.505491258000063, 44.224815370000044 ], [ 19.503524781000124, 44.225891113000102 ], [ 19.49860572800003, 44.229469300000176 ], [ 19.496002198000099, 44.231082916000105 ], [ 19.493223189999981, 44.232181550000064 ], [ 19.490165710000156, 44.232952119000117 ], [ 19.476470947999985, 44.235160827000072 ], [ 19.467420579000191, 44.236045839000099 ], [ 19.464187622000111, 44.236541747000103 ], [ 19.457452774000103, 44.239288331000182 ], [ 19.446981431000097, 44.242225648000101 ], [ 19.441707611000027, 44.244377137000072 ], [ 19.429561615000125, 44.251087189000145 ], [ 19.425718307000125, 44.254070283000033 ], [ 19.427833557000156, 44.257244109999988 ], [ 19.429275512000174, 44.260005951000153 ], [ 19.430305480000129, 44.262805938000099 ], [ 19.430759431000126, 44.265937805000192 ], [ 19.430223466000086, 44.27191925000011 ], [ 19.430423738000172, 44.273414612000181 ], [ 19.431068420000031, 44.274795532000041 ], [ 19.432891846000075, 44.276580811000031 ], [ 19.434383393000132, 44.277595521000194 ], [ 19.443923950000169, 44.282619476000093 ], [ 19.445529938, 44.283828735000043 ], [ 19.446763993000047, 44.28523635900018 ], [ 19.447654725000064, 44.286811828000054 ], [ 19.448375702000135, 44.288963318000071 ], [ 19.449314118000132, 44.293472290000125 ], [ 19.45074272200003, 44.297340393000127 ], [ 19.451803207000125, 44.298885346000191 ], [ 19.455780029000152, 44.302783966000163 ], [ 19.459762572999978, 44.307579041000167 ], [ 19.461887360000048, 44.309391021000181 ], [ 19.464637756000059, 44.310760498000036 ], [ 19.46688079900008, 44.311473846000069 ], [ 19.469287872000052, 44.312007904000041 ], [ 19.478973388000099, 44.313343048000036 ], [ 19.483715057000154, 44.314655305000144 ], [ 19.486471177000112, 44.316001893000191 ], [ 19.488828659000092, 44.317649842000037 ], [ 19.491125107000016, 44.320224763 ], [ 19.491952896000043, 44.322303773000101 ], [ 19.492223739000167, 44.324508667000089 ], [ 19.492040635000137, 44.326751709000064 ], [ 19.49139976500004, 44.328948975000117 ], [ 19.488370896000163, 44.333992004000038 ], [ 19.483894348000149, 44.339626313 ], [ 19.481641770000067, 44.343620300000168 ], [ 19.480323791000046, 44.345382690000122 ], [ 19.478584290000072, 44.346637726000097 ], [ 19.476957320999986, 44.347076417000039 ], [ 19.475126267, 44.347141267000097 ], [ 19.464714050000168, 44.345329285000105 ], [ 19.462636947000135, 44.345321655000134 ], [ 19.460636139000144, 44.345657348000145 ], [ 19.457916259000172, 44.346790313000156 ], [ 19.456291200000123, 44.347763061000194 ], [ 19.453310013000078, 44.350082398000154 ], [ 19.452049256000123, 44.351387024000076 ], [ 19.449743271000045, 44.354789733000189 ], [ 19.449087142000167, 44.356250763999981 ], [ 19.448724748000018, 44.358375549000016 ], [ 19.449035645000095, 44.360481262000121 ], [ 19.449665069000105, 44.36190032899998 ], [ 19.451971055000115, 44.365077973000041 ], [ 19.454025269000113, 44.366706849000138 ], [ 19.456529616000125, 44.367908478000174 ], [ 19.458627702000172, 44.368438720000029 ], [ 19.460830688000158, 44.368625641000108 ], [ 19.469867706000059, 44.367828369000051 ], [ 19.472753524000098, 44.367980956000167 ], [ 19.476789475000146, 44.369056702000137 ], [ 19.478687287000128, 44.36996459900007 ], [ 19.481805801000064, 44.372463226000093 ], [ 19.484222411000189, 44.375053405000074 ], [ 19.490985871000078, 44.384674073000156 ], [ 19.493808746000127, 44.389656067000033 ], [ 19.497318266999969, 44.399139403999982 ], [ 19.498373032000131, 44.402729035000107 ], [ 19.498289108000108, 44.409851073000141 ], [ 19.49876022300009, 44.41185760500008 ], [ 19.499938965000126, 44.413875579000091 ], [ 19.502805710000075, 44.417678832999968 ], [ 19.503526688000022, 44.419528962000015 ], [ 19.503475189000142, 44.420387269000059 ], [ 19.502693177000083, 44.421852113000114 ], [ 19.501171113000112, 44.423122405000072 ], [ 19.499336242000084, 44.424018860000103 ], [ 19.491308213000082, 44.426208497000175 ], [ 19.489154815000063, 44.426956177000193 ], [ 19.487310409000088, 44.427906037000128 ], [ 19.485908507999966, 44.429088591999971 ], [ 19.484958648000088, 44.430412292000085 ], [ 19.484527588000105, 44.431652070000155 ], [ 19.484537124000042, 44.432537079000099 ], [ 19.485233306000055, 44.43408584600013 ], [ 19.486633302000087, 44.43549347000004 ], [ 19.490301131000081, 44.437488556000119 ], [ 19.494228363000104, 44.438877106000064 ], [ 19.497289658, 44.439476014000036 ], [ 19.503675460000068, 44.440093995000097 ], [ 19.509046554000065, 44.44019317700014 ], [ 19.512125016000027, 44.43986129700005 ], [ 19.518339157000014, 44.438686372000063 ], [ 19.521327972000165, 44.438598633000026 ], [ 19.524675369000079, 44.439056397000058 ], [ 19.52799034200018, 44.439929963000054 ], [ 19.534421921000046, 44.44231414900014 ], [ 19.539453507000189, 44.443672181000068 ], [ 19.548732757000039, 44.444805146000078 ], [ 19.561016081999981, 44.445697785000164 ] ] ] ] } },
{ "type": "Feature", "properties": { "fid": 60, "GID_2": "SRB.7.5_1", "GID_0": "SRB", "COUNTRY": "Serbia", "GID_1": "SRB.7_1", "NAME_1": "Kolubarski", "NL_NAME_1": "Колубарски", "NAME_2": "Ub", "VARNAME_2": "NA", "NL_NAME_2": "Уб", "TYPE_2": "Opštine", "ENGTYPE_2": "Town|Municipal", "CC_2": "NA", "HASC_2": "NA" }, "geometry": { "type": "MultiPolygon", "coordinates": [ [ [ [ 19.971078873000067, 44.564769745000149 ], [ 19.971143723000125, 44.560913087000074 ], [ 19.971082688000138, 44.560287475000052 ], [ 19.970970155000145, 44.55999755900018 ], [ 19.970773696000151, 44.559745789000146 ], [ 19.970218659000125, 44.55927658000013 ], [ 19.967765807000035, 44.557567597000059 ], [ 19.967435837000096, 44.554725647000112 ], [ 19.966119765000087, 44.54901504500009 ], [ 19.966213227000026, 44.546657562000178 ], [ 19.967391967000026, 44.543472290000068 ], [ 19.96956443900018, 44.539810181000178 ], [ 19.972286224000072, 44.536411286000089 ], [ 19.974098206000065, 44.534702301000152 ], [ 19.976125717, 44.533145906000073 ], [ 19.98163795500011, 44.529716492000034 ], [ 19.983680725000056, 44.527908325000055 ], [ 19.986026763000154, 44.525241853000068 ], [ 19.988136291999979, 44.523422242000038 ], [ 19.989959717000147, 44.52233886700003 ], [ 19.993890762000092, 44.520637512000064 ], [ 19.995904923000182, 44.520008088000168 ], [ 19.999732970000082, 44.519294739000031 ], [ 20.007810593000102, 44.518486024000026 ], [ 20.01174545300006, 44.517894746000138 ], [ 20.014097213000127, 44.517307281000114 ], [ 20.016292571000065, 44.516529084000126 ], [ 20.021940230999974, 44.513725281000177 ], [ 20.024097442000027, 44.512886047000052 ], [ 20.035116196000104, 44.510040283000137 ], [ 20.040666581000096, 44.507873536000147 ], [ 20.043388366000102, 44.50723648100012 ], [ 20.044698715000095, 44.507167816000049 ], [ 20.047483445000125, 44.507511139000087 ], [ 20.053056716000185, 44.508857728000066 ], [ 20.056917190000036, 44.510219574000132 ], [ 20.059289933000173, 44.511787415000072 ], [ 20.060590744000081, 44.512962342000037 ], [ 20.065000534000092, 44.519084932000169 ], [ 20.06708908100012, 44.520977020000089 ], [ 20.070297242000095, 44.523097992000032 ], [ 20.074026109000158, 44.524726869000062 ], [ 20.077781677000189, 44.525535584000124 ], [ 20.081790923000085, 44.525943756000117 ], [ 20.089891435000141, 44.526256561000025 ], [ 20.095104217000141, 44.525966644000107 ], [ 20.099378587000103, 44.52483749400011 ], [ 20.101455689000034, 44.523983000999976 ], [ 20.103979110000182, 44.522430421000138 ], [ 20.105817794000075, 44.520442963 ], [ 20.108900071000107, 44.514225007000164 ], [ 20.109838485000125, 44.512832641000045 ], [ 20.115484237000089, 44.507049560000041 ], [ 20.121551514000032, 44.499019624000141 ], [ 20.123306272999969, 44.497108460000106 ], [ 20.125381469999979, 44.49570846600011 ], [ 20.127809524000156, 44.495162964000087 ], [ 20.130239486000164, 44.495559692000029 ], [ 20.144409180000139, 44.501663208000025 ], [ 20.148014069000112, 44.503479003000109 ], [ 20.151554107000095, 44.505786896000188 ], [ 20.153989791000186, 44.50872039900014 ], [ 20.156267165000145, 44.512836457 ], [ 20.158353806000036, 44.515632630000027 ], [ 20.161052704000042, 44.518596649000187 ], [ 20.165470124000137, 44.522380829000156 ], [ 20.167930602000126, 44.525321961000145 ], [ 20.169469834000154, 44.528072358000031 ], [ 20.170362473000182, 44.534908296000083 ], [ 20.172672272000057, 44.538444519000166 ], [ 20.175291062000042, 44.541271209000115 ], [ 20.1765747070001, 44.542263031000118 ], [ 20.178932190000069, 44.543132781000111 ], [ 20.180686950000108, 44.543228150000118 ], [ 20.182420731000093, 44.542922974000078 ], [ 20.184761048000041, 44.541759492000097 ], [ 20.186094283000159, 44.540729523000039 ], [ 20.187267303, 44.53954696600016 ], [ 20.189384460000156, 44.536312104000046 ], [ 20.189977645000113, 44.534904481000183 ], [ 20.190298080000048, 44.532863617000089 ], [ 20.190242767000029, 44.527923584000177 ], [ 20.191703796000184, 44.521556854999972 ], [ 20.192476271999965, 44.519557954000049 ], [ 20.194187165000073, 44.517204284000172 ], [ 20.198383331000173, 44.512660981000067 ], [ 20.199821471000121, 44.510322571000188 ], [ 20.200141906000056, 44.508342743000185 ], [ 20.199924469000109, 44.50693130500008 ], [ 20.196384430000023, 44.495838165000066 ], [ 20.196861267000145, 44.493629456000065 ], [ 20.19776725700018, 44.492218018000131 ], [ 20.19909858699998, 44.490905761000192 ], [ 20.200870513000041, 44.489757538000106 ], [ 20.208015442000146, 44.4863014230001 ], [ 20.211292266000044, 44.484176636000029 ], [ 20.214248657000098, 44.481857300000172 ], [ 20.217546464000065, 44.478721618000066 ], [ 20.210075379000159, 44.471157074000132 ], [ 20.199022293999974, 44.462039949000143 ], [ 20.196405411000114, 44.460258485000168 ], [ 20.193458558000088, 44.458869935000052 ], [ 20.18741607700008, 44.456672670000046 ], [ 20.183919906000085, 44.455081940000071 ], [ 20.182466508000061, 44.454135896000139 ], [ 20.18113517800009, 44.452491761000033 ], [ 20.180555343000151, 44.450561523000033 ], [ 20.180721284000128, 44.448574065000116 ], [ 20.181350708000139, 44.447010040000066 ], [ 20.182361603, 44.445503234000114 ], [ 20.186246872000083, 44.44150924700017 ], [ 20.188171388000114, 44.438350678000177 ], [ 20.188724518000072, 44.436256408000133 ], [ 20.188787459000025, 44.434204102000137 ], [ 20.188329696999972, 44.43232727100019 ], [ 20.187202455000147, 44.430782319000059 ], [ 20.185277939000116, 44.429687500000171 ], [ 20.180173873, 44.427951814000096 ], [ 20.168937684000184, 44.422809601000154 ], [ 20.16484260500016, 44.421249390000071 ], [ 20.162004470999989, 44.419910432000165 ], [ 20.158414841000024, 44.417697906000058 ], [ 20.154979705000187, 44.415962220000154 ], [ 20.151983262000158, 44.415019990000189 ], [ 20.143764497000177, 44.413414002000138 ], [ 20.139383316000135, 44.411792754000146 ], [ 20.134973525000078, 44.409046173000149 ], [ 20.127115249000042, 44.401374816000043 ], [ 20.125087739000151, 44.399906159000125 ], [ 20.116958618000126, 44.396842956000057 ], [ 20.115322114000094, 44.395889282000041 ], [ 20.114080429000126, 44.39472580000006 ], [ 20.112804413000049, 44.392185211000083 ], [ 20.112752914000168, 44.391292571000122 ], [ 20.114149094000027, 44.386135102000139 ], [ 20.114097594000043, 44.385196686000143 ], [ 20.113243104000048, 44.382984162000184 ], [ 20.110452651000173, 44.378368378 ], [ 20.108026505000169, 44.372013093000078 ], [ 20.106843949000165, 44.370117189000041 ], [ 20.105148315, 44.368675231000111 ], [ 20.103515626000046, 44.368034364000096 ], [ 20.101629257000184, 44.36770248300013 ], [ 20.098926543, 44.367668152000192 ], [ 20.096220016000188, 44.368080139000085 ], [ 20.090852737000091, 44.370098115000076 ], [ 20.086425780000184, 44.372714996000127 ], [ 20.084762572000045, 44.373962402000132 ], [ 20.078533173000039, 44.381080628000063 ], [ 20.070028304000061, 44.388164520000032 ], [ 20.068338395000126, 44.389286042000094 ], [ 20.066450119000024, 44.390151978000119 ], [ 20.064432144000136, 44.390750886000149 ], [ 20.061258316000078, 44.391025544000115 ], [ 20.058349609000174, 44.390441894000162 ], [ 20.056608200000085, 44.389732361000142 ], [ 20.049442292000094, 44.385498047000112 ], [ 20.040143966000073, 44.380867005000084 ], [ 20.037950516000137, 44.379165650000061 ], [ 20.035978316000012, 44.376663208000139 ], [ 20.035348892000172, 44.374702454000101 ], [ 20.035291671000152, 44.372692109000127 ], [ 20.035726547000081, 44.370765687000073 ], [ 20.037103654000077, 44.367603301000088 ], [ 20.037248611000052, 44.366420746000188 ], [ 20.036199569000132, 44.364093781000122 ], [ 20.032732009000085, 44.35964584300018 ], [ 20.031700133000186, 44.357002259000126 ], [ 20.031129837000037, 44.354133607000051 ], [ 20.030302048000067, 44.346324921000019 ], [ 20.030290604000186, 44.3433609 ], [ 20.031009673000085, 44.337169647000167 ], [ 20.032209397000031, 44.330596924000133 ], [ 20.024549483000044, 44.331382751000035 ], [ 20.011381149000101, 44.333370209000179 ], [ 20.001239776000091, 44.334312438999973 ], [ 19.996805191000078, 44.335342407000098 ], [ 19.993986131000042, 44.336704255000029 ], [ 19.982698440000036, 44.343040467000037 ], [ 19.980426787999988, 44.34481811600017 ], [ 19.97864150900017, 44.346813202000192 ], [ 19.975410461000024, 44.353038788000163 ], [ 19.974002837000057, 44.354694366 ], [ 19.97217369100008, 44.356086731 ], [ 19.969333647999974, 44.357322694000061 ], [ 19.966398238000124, 44.357978819999971 ], [ 19.949495316000082, 44.359611512000072 ], [ 19.946594238000046, 44.359489441 ], [ 19.942621231000032, 44.358634948000088 ], [ 19.938478470000177, 44.3573951730001 ], [ 19.932050706000041, 44.354618072999983 ], [ 19.927364349000129, 44.353652955000086 ], [ 19.92454147400008, 44.353691102000141 ], [ 19.912849426000093, 44.356296539000141 ], [ 19.910867691000135, 44.35689544700017 ], [ 19.909128189000114, 44.357700347000105 ], [ 19.907241821000184, 44.359249115000182 ], [ 19.904237748000014, 44.36295318599997 ], [ 19.901632308000103, 44.365261079000049 ], [ 19.899156570000059, 44.366592408000031 ], [ 19.897232055000075, 44.367073059000063 ], [ 19.895164490000184, 44.367229461000022 ], [ 19.89233970600003, 44.366985322000176 ], [ 19.890388489000145, 44.366508485000054 ], [ 19.885833740000123, 44.364883423000094 ], [ 19.880561828000054, 44.362464905000195 ], [ 19.878051758000026, 44.361888886000031 ], [ 19.875556946000188, 44.362209321000194 ], [ 19.873575211000059, 44.363365173000034 ], [ 19.872755049999967, 44.36454391500007 ], [ 19.872291566000172, 44.365947723000033 ], [ 19.872089386000141, 44.368003844999976 ], [ 19.872280120000141, 44.37013244700006 ], [ 19.87286186200015, 44.372188568000126 ], [ 19.874349595000012, 44.375686645000087 ], [ 19.874403, 44.37807846200019 ], [ 19.873943328000053, 44.380107880000082 ], [ 19.871522903000084, 44.386547089000032 ], [ 19.870679855000162, 44.387989044000051 ], [ 19.868646622000028, 44.389762878999989 ], [ 19.859701156000085, 44.394554139000149 ], [ 19.856828689000054, 44.396472931000062 ], [ 19.854516983000053, 44.398784637000063 ], [ 19.849838256000112, 44.40556335500014 ], [ 19.839916229000096, 44.415367127000195 ], [ 19.831041336000055, 44.422901155000091 ], [ 19.828622817000053, 44.425281524000127 ], [ 19.827201843000068, 44.427688599000078 ], [ 19.827220916000158, 44.429595948000042 ], [ 19.828353882000101, 44.431514741000115 ], [ 19.830257416, 44.433300019000171 ], [ 19.832647323000117, 44.4349136350001 ], [ 19.835380554000096, 44.436264038000047 ], [ 19.839912414000025, 44.437595368000075 ], [ 19.842004777000056, 44.437908173000096 ], [ 19.845001220000086, 44.43791580300018 ], [ 19.850017547000107, 44.437019349000082 ], [ 19.855117798000151, 44.435508728000059 ], [ 19.857477189000065, 44.435123445000045 ], [ 19.859329223000145, 44.435279847000061 ], [ 19.860937119000141, 44.435894013000052 ], [ 19.862173079000115, 44.436931610000045 ], [ 19.863052368000126, 44.438293458000089 ], [ 19.863767624000104, 44.440597534000119 ], [ 19.864084244000026, 44.443149566000045 ], [ 19.864133834000029, 44.448547364000092 ], [ 19.863697053000067, 44.453979493000077 ], [ 19.863199235000081, 44.456619262000061 ], [ 19.861551285000132, 44.460655214000042 ], [ 19.856662751000158, 44.468986512000129 ], [ 19.855958938000072, 44.471630096000013 ], [ 19.856281281, 44.473041534000117 ], [ 19.857173920000093, 44.474349976000042 ], [ 19.858572006000145, 44.475505830000088 ], [ 19.865547180000135, 44.479602814000145 ], [ 19.867286682000156, 44.480743408000194 ], [ 19.868871688000183, 44.482231140000181 ], [ 19.869913102000055, 44.483882905000144 ], [ 19.870206833000111, 44.484851838000111 ], [ 19.870189667000091, 44.488376618000075 ], [ 19.869741439000109, 44.490509033000023 ], [ 19.868886949000114, 44.49256896900016 ], [ 19.867969513000048, 44.493934631000172 ], [ 19.862920762000044, 44.498645782000153 ], [ 19.860900879000155, 44.500873566000053 ], [ 19.857904434000147, 44.505760193000185 ], [ 19.857330322000053, 44.507942200000173 ], [ 19.857530594000082, 44.513351441000168 ], [ 19.857337952000137, 44.515419007000162 ], [ 19.856597900000054, 44.517475129000104 ], [ 19.85501289400014, 44.519721984000114 ], [ 19.852958680000029, 44.521743774000072 ], [ 19.84992408800008, 44.524009705000083 ], [ 19.852561951000155, 44.530952453000054 ], [ 19.854896546000134, 44.535156250000171 ], [ 19.856821061000119, 44.53743362400013 ], [ 19.859018326000125, 44.539459229000101 ], [ 19.863506317000088, 44.543045044000053 ], [ 19.865751267, 44.544425964000084 ], [ 19.867649078000113, 44.54514312800012 ], [ 19.874717712, 44.546859741000105 ], [ 19.87675094500014, 44.547542573000158 ], [ 19.88124466000005, 44.54998397900016 ], [ 19.88984680100009, 44.555606843000191 ], [ 19.892560958000047, 44.557140350000111 ], [ 19.895429610000065, 44.5583992010001 ], [ 19.897705079000161, 44.559059143000184 ], [ 19.90007209800018, 44.559455871000125 ], [ 19.903127671000107, 44.559547425000062 ], [ 19.906143189000034, 44.559185028 ], [ 19.910234451000179, 44.55795669600019 ], [ 19.914676666999981, 44.556110381999986 ], [ 19.92174148600003, 44.552177430000029 ], [ 19.924297333000027, 44.550987244000112 ], [ 19.926897049, 44.550556184000186 ], [ 19.928512573000091, 44.550792695000098 ], [ 19.935445785000184, 44.553771972000163 ], [ 19.948091508000118, 44.556869507000044 ], [ 19.95111465400015, 44.558006286000193 ], [ 19.960922241000105, 44.562416077000137 ], [ 19.964145660000099, 44.564659120000158 ], [ 19.964359283000078, 44.564743041999975 ], [ 19.964845658000115, 44.564807892000033 ], [ 19.965988159000062, 44.564792634000185 ], [ 19.971078873000067, 44.564769745000149 ] ] ] ] } },
{ "type": "Feature", "properties": { "fid": 61, "GID_2": "SRB.7.6_1", "GID_0": "SRB", "COUNTRY": "Serbia", "GID_1": "SRB.7_1", "NAME_1": "Kolubarski", "NL_NAME_1": "Колубарски", "NAME_2": "Valjevo", "VARNAME_2": "NA", "NL_NAME_2": "Ваљево", "TYPE_2": "Opštine", "ENGTYPE_2": "Town|Municipal", "CC_2": "NA", "HASC_2": "NA" }, "geometry": { "type": "MultiPolygon", "coordinates": [ [ [ [ 20.032209397000031, 44.330596924000133 ], [ 20.035327911000138, 44.330707550000056 ], [ 20.03745460500005, 44.330364228000064 ], [ 20.038970947000109, 44.329658508000136 ], [ 20.040203094, 44.328189849000182 ], [ 20.041791916000022, 44.323390962000076 ], [ 20.043270110000094, 44.320941925 ], [ 20.044105530000138, 44.320041657000161 ], [ 20.048774718000118, 44.31653976500013 ], [ 20.052860260000102, 44.311511993000124 ], [ 20.058256150000147, 44.307689666000158 ], [ 20.073871612000062, 44.298267365000129 ], [ 20.071212769000056, 44.289581300000066 ], [ 20.070037842000147, 44.287403108000149 ], [ 20.064687729000013, 44.279136658000027 ], [ 20.062124252000103, 44.276775360000102 ], [ 20.059631347000163, 44.275447845000087 ], [ 20.057676315000037, 44.274955750000174 ], [ 20.055576324000128, 44.274745942000038 ], [ 20.04875755300003, 44.275100709000185 ], [ 20.046693801000174, 44.27502822800011 ], [ 20.044723511000029, 44.274662018000186 ], [ 20.042032242000175, 44.273551941000107 ], [ 20.036111832000074, 44.270236969000052 ], [ 20.029432297000142, 44.267200471000194 ], [ 20.024147034000066, 44.264255523000088 ], [ 20.021368027000051, 44.263408661000142 ], [ 20.018383026000095, 44.263027191000049 ], [ 20.015439986000104, 44.26315689200004 ], [ 20.013177872000028, 44.26361465500014 ], [ 20.011045455000044, 44.26435089000006 ], [ 20.005483627000103, 44.267215729000043 ], [ 20.000938416, 44.268665315000078 ], [ 19.99778175400013, 44.269149780000077 ], [ 19.991214751000086, 44.269412995000096 ], [ 19.987947463000125, 44.269229889000087 ], [ 19.984796525000149, 44.268772125 ], [ 19.98063278300009, 44.267593384000122 ], [ 19.975957871000162, 44.265705109000123 ], [ 19.974224090000178, 44.264717102000134 ], [ 19.971225739000147, 44.262535094999976 ], [ 19.969585418000065, 44.260662080000031 ], [ 19.969118118000097, 44.2592773450001 ], [ 19.969181061000086, 44.257835388000103 ], [ 19.969787597000163, 44.256336212 ], [ 19.970897674000071, 44.254924774000131 ], [ 19.973201752000136, 44.253158569999982 ], [ 19.97859573400001, 44.249801636000086 ], [ 19.980867386000057, 44.247867585 ], [ 19.982971192000036, 44.245201110000096 ], [ 19.983625413000084, 44.24315261900017 ], [ 19.98361778300017, 44.241046906000122 ], [ 19.981330871000125, 44.231357574000072 ], [ 19.980554581000035, 44.229179382000154 ], [ 19.977512359000173, 44.22425460900007 ], [ 19.976003646000152, 44.222427368000126 ], [ 19.969381333000115, 44.214866639000093 ], [ 19.967086793000192, 44.213108063999982 ], [ 19.964258193000092, 44.211814881 ], [ 19.96213722300007, 44.211181641000053 ], [ 19.952487946000076, 44.208770753000067 ], [ 19.950273515000106, 44.208000182000148 ], [ 19.947498322000058, 44.206607819000169 ], [ 19.945295334000036, 44.204833984000174 ], [ 19.941574097000057, 44.201004029000103 ], [ 19.937599181000166, 44.197360993000132 ], [ 19.936260223000033, 44.195133209000176 ], [ 19.935842514000058, 44.19311142000015 ], [ 19.936006546000101, 44.191024781000067 ], [ 19.937099458000148, 44.185932160000164 ], [ 19.936950683000191, 44.183780670000147 ], [ 19.936254501000121, 44.181716918000063 ], [ 19.934797287000151, 44.179706574000193 ], [ 19.928668975000051, 44.173892974000012 ], [ 19.922191619000046, 44.166522981000128 ], [ 19.920158386000139, 44.163238525000168 ], [ 19.919593810000151, 44.161842347000118 ], [ 19.919368744000167, 44.160312653 ], [ 19.91953659, 44.158767700000169 ], [ 19.922182084000099, 44.152774812000132 ], [ 19.92441368100009, 44.149703980000027 ], [ 19.928174972000136, 44.145927429000096 ], [ 19.928945541000019, 44.144500732000097 ], [ 19.929197311999985, 44.14301681500018 ], [ 19.928955078000058, 44.141677857000047 ], [ 19.926111220999985, 44.135543824000138 ], [ 19.925434113000108, 44.133529663000161 ], [ 19.92521476800016, 44.13212203900008 ], [ 19.925569535000136, 44.130165100000056 ], [ 19.926355362000038, 44.128849030000026 ], [ 19.928146363000167, 44.126987458000031 ], [ 19.941473008000173, 44.117637635000108 ], [ 19.943378448999965, 44.116817474000186 ], [ 19.947376252000083, 44.11553573700013 ], [ 19.949407577000045, 44.115047454000148 ], [ 19.952430726000159, 44.114681244 ], [ 19.955541612000161, 44.11465072600015 ], [ 19.958641052000075, 44.114917755000135 ], [ 19.966598509999983, 44.116096496000068 ], [ 19.974229813000022, 44.116474151000148 ], [ 19.985889434000057, 44.116340637000121 ], [ 19.992025376000072, 44.115566253000168 ], [ 19.99423408500013, 44.114902497000116 ], [ 19.997194291000085, 44.113365173000091 ], [ 20.006706237, 44.10604858500011 ], [ 20.009521484000174, 44.104194641 ], [ 19.996509552000191, 44.097007751000092 ], [ 19.995021820000034, 44.096126557 ], [ 19.992174148000117, 44.094264985000166 ], [ 19.991416931000117, 44.093845368000189 ], [ 19.989818573000036, 44.093170166000107 ], [ 19.987306595000177, 44.092269897000108 ], [ 19.985717772999976, 44.091613771000027 ], [ 19.985025405999977, 44.091213227000082 ], [ 19.984445571000094, 44.090724944000101 ], [ 19.983951568000123, 44.090175629000044 ], [ 19.98306846700018, 44.088996888000111 ], [ 19.981834411000023, 44.087181091000048 ], [ 19.981113433000075, 44.085941315000184 ], [ 19.980339051000101, 44.083892822000053 ], [ 19.977769851000176, 44.075618744000053 ], [ 19.973800660000109, 44.07638549700016 ], [ 19.966619491000074, 44.07732772900016 ], [ 19.953929901000095, 44.07837677100008 ], [ 19.95078659100011, 44.079319000000169 ], [ 19.9490242010001, 44.080150604000039 ], [ 19.944339752000189, 44.083194734000188 ], [ 19.941852570000094, 44.084373474000188 ], [ 19.934547423000083, 44.087028504000159 ], [ 19.927906037000184, 44.090087892000156 ], [ 19.920055389000083, 44.092098236000027 ], [ 19.918123246000164, 44.092918397000119 ], [ 19.916368484000088, 44.093975066999974 ], [ 19.911710738000181, 44.097423553000056 ], [ 19.907800675000033, 44.100971222000055 ], [ 19.906099320000067, 44.102916718000074 ], [ 19.904949189000035, 44.104732513000101 ], [ 19.903951645000063, 44.107288360000098 ], [ 19.903985976000172, 44.108612060000041 ], [ 19.904497147000086, 44.10984802300004 ], [ 19.906070709000062, 44.11143493700007 ], [ 19.908664703000113, 44.113376618000075 ], [ 19.910036087000094, 44.115142823000099 ], [ 19.910551071000043, 44.116916657000161 ], [ 19.910388946000069, 44.118686677000028 ], [ 19.909467698000014, 44.120269776000043 ], [ 19.908212662000096, 44.121246337000116 ], [ 19.901420593000068, 44.124694824000073 ], [ 19.896169662000034, 44.126968385000168 ], [ 19.893768310000098, 44.127689361000137 ], [ 19.887311935000128, 44.128768922000177 ], [ 19.867399216000024, 44.130283355000131 ], [ 19.864671706000138, 44.130115510000053 ], [ 19.86271476700017, 44.129611969000052 ], [ 19.861045837000063, 44.128768922000177 ], [ 19.859758376000059, 44.127593994000108 ], [ 19.858810424000126, 44.126171113000055 ], [ 19.856603623000069, 44.119968415000073 ], [ 19.855491639000093, 44.118041992000087 ], [ 19.853849412000159, 44.116500855000027 ], [ 19.852230071, 44.115722656000059 ], [ 19.850347520000128, 44.11515808200005 ], [ 19.844820023000125, 44.114009858000088 ], [ 19.841014863000055, 44.112758637000184 ], [ 19.838924407000093, 44.111373902000082 ], [ 19.832958220000023, 44.106384278000064 ], [ 19.831411363000029, 44.105503081999984 ], [ 19.828956605000144, 44.104942323000046 ], [ 19.826379777000056, 44.105319978000125 ], [ 19.819175720000089, 44.108592987000122 ], [ 19.81211090100004, 44.111331940000184 ], [ 19.80838966400006, 44.113632203000179 ], [ 19.802089691000106, 44.118690492000098 ], [ 19.800281524000127, 44.119819642000095 ], [ 19.798231125000029, 44.120689393000191 ], [ 19.795976640000106, 44.121288299000184 ], [ 19.792936324999971, 44.121662139000023 ], [ 19.789812088000019, 44.121662139000023 ], [ 19.786722184000155, 44.12128448600015 ], [ 19.782573699000011, 44.120136262000187 ], [ 19.778244019000056, 44.118469238999978 ], [ 19.775714875000062, 44.117034912000065 ], [ 19.774526597000147, 44.115993501000162 ], [ 19.773771287000045, 44.114871978000167 ], [ 19.773555756000064, 44.113624572000163 ], [ 19.773944854999968, 44.112400055000194 ], [ 19.774986266000099, 44.111202241 ], [ 19.776470183000015, 44.110046387000125 ], [ 19.782020568000178, 44.106529237000075 ], [ 19.787029266000161, 44.104003906000116 ], [ 19.791131973000063, 44.102317810000045 ], [ 19.79388236900013, 44.100833893000129 ], [ 19.797006608000061, 44.098171233000073 ], [ 19.799304963000054, 44.095500946000016 ], [ 19.806377410000039, 44.083503723000092 ], [ 19.810031891000165, 44.073833465000064 ], [ 19.811098098000173, 44.068447113000047 ], [ 19.811214446, 44.062915800999974 ], [ 19.81089782700019, 44.060234070000035 ], [ 19.810123443000066, 44.057727813000099 ], [ 19.809213638000017, 44.056209564000142 ], [ 19.807924270000115, 44.054904938 ], [ 19.806245804000127, 44.053874970000038 ], [ 19.804281234000143, 44.053089143000136 ], [ 19.802362442000174, 44.052577972000051 ], [ 19.799432754000065, 44.052246094000111 ], [ 19.793228149000129, 44.052318572000047 ], [ 19.785007476000033, 44.052852632000054 ], [ 19.781202317000066, 44.053508758000135 ], [ 19.779064178000169, 44.054183960000046 ], [ 19.77725029000004, 44.055099487000064 ], [ 19.775852204000159, 44.056259156000181 ], [ 19.774259567000115, 44.058837890000177 ], [ 19.7740631100001, 44.060207367000089 ], [ 19.774286271000165, 44.061553955000136 ], [ 19.776100158000077, 44.065322876000096 ], [ 19.776149751000162, 44.067512512000121 ], [ 19.775573731000122, 44.069416046000015 ], [ 19.773956298000144, 44.072101594000173 ], [ 19.770814896000104, 44.075687409000125 ], [ 19.763441085000068, 44.081291199000191 ], [ 19.762086869000143, 44.082672119000051 ], [ 19.760145188000138, 44.085475921000011 ], [ 19.758243561000086, 44.089778900000169 ], [ 19.755477905000077, 44.093189240000072 ], [ 19.752523421000035, 44.095546722999984 ], [ 19.746425628000054, 44.099613191 ], [ 19.741260528000112, 44.104488374000084 ], [ 19.73973083400017, 44.105628968000133 ], [ 19.737966537000148, 44.106506349000142 ], [ 19.734285354000122, 44.107456208000144 ], [ 19.725654602000077, 44.107040406000181 ], [ 19.721212387000151, 44.107875825000121 ], [ 19.718257903000108, 44.109077454000158 ], [ 19.71559333800019, 44.110733032000041 ], [ 19.709041596000077, 44.11616516100014 ], [ 19.706289292000065, 44.118083953999985 ], [ 19.704387665000183, 44.119033813000158 ], [ 19.70011329700003, 44.120506287000126 ], [ 19.695550919000027, 44.121566772000051 ], [ 19.689477920000172, 44.122566224000138 ], [ 19.687530518000131, 44.122741699000187 ], [ 19.675531388000138, 44.12511062599998 ], [ 19.672966003000056, 44.125862121000068 ], [ 19.671081542000024, 44.126754760000154 ], [ 19.664133072000084, 44.131725311000082 ], [ 19.659275054000148, 44.137420655000085 ], [ 19.65813255300003, 44.138160707000168 ], [ 19.656282424000153, 44.138862610000103 ], [ 19.64814186000018, 44.140457154000046 ], [ 19.638118743000177, 44.143882752000138 ], [ 19.636026382000125, 44.14450836200001 ], [ 19.633592606000036, 44.144893647 ], [ 19.63081932100016, 44.145011903000068 ], [ 19.626945496000189, 44.144817352000189 ], [ 19.61815261900017, 44.143665315000192 ], [ 19.614322663000166, 44.145069123000155 ], [ 19.611431122000113, 44.146831513000166 ], [ 19.609386444000052, 44.14891052300004 ], [ 19.606418610000162, 44.15344619800004 ], [ 19.60262680000011, 44.158512116000168 ], [ 19.598947525000085, 44.162078858000029 ], [ 19.595333100000062, 44.165065765000179 ], [ 19.593566895000038, 44.166213989000141 ], [ 19.591535568000097, 44.167079925000053 ], [ 19.589328766000108, 44.16769027800018 ], [ 19.584358216000112, 44.168514252000136 ], [ 19.582511902000078, 44.169055940000192 ], [ 19.581460953000089, 44.169696807000037 ], [ 19.580629349000048, 44.170539857000165 ], [ 19.579835892000176, 44.171905518000074 ], [ 19.577915192000091, 44.177986146000137 ], [ 19.575042725000174, 44.185031891000165 ], [ 19.574853898000072, 44.186508180000033 ], [ 19.575025559000153, 44.187465668000186 ], [ 19.575828552000075, 44.188781739000092 ], [ 19.57669067400019, 44.189304351000033 ], [ 19.585548402000143, 44.197891236000032 ], [ 19.587900162000039, 44.201251984000123 ], [ 19.588575364000121, 44.202762604000043 ], [ 19.589025496999966, 44.204887391000057 ], [ 19.589128494000079, 44.207801818000064 ], [ 19.58958244300004, 44.209842681000111 ], [ 19.593742371000189, 44.217544557000167 ], [ 19.594392776000063, 44.219020844 ], [ 19.595045089000166, 44.221939088000056 ], [ 19.595064163000131, 44.224941254000157 ], [ 19.594505309000056, 44.227909088000047 ], [ 19.591533660000152, 44.236919402000183 ], [ 19.590286254000148, 44.239803315000131 ], [ 19.586378098000068, 44.245464325000114 ], [ 19.584953309000014, 44.24892807000009 ], [ 19.584783554000126, 44.250953675000119 ], [ 19.584993363000137, 44.252357483000083 ], [ 19.586116791, 44.256961824000086 ], [ 19.587070466000171, 44.258693695000147 ], [ 19.588680268000132, 44.260089875000176 ], [ 19.590324403000182, 44.260784150000177 ], [ 19.600214004000179, 44.262660981000124 ], [ 19.602222443000187, 44.263278962000186 ], [ 19.604829788000131, 44.264625550000062 ], [ 19.607587814000112, 44.266780854000046 ], [ 19.610631942000055, 44.270420075000118 ], [ 19.611295701000188, 44.271717073000161 ], [ 19.611574174000054, 44.274642945000096 ], [ 19.610679627000025, 44.278762818000189 ], [ 19.610933304000127, 44.280693054000039 ], [ 19.61188316300013, 44.28242874200015 ], [ 19.613344192000113, 44.284061431000111 ], [ 19.615131378000058, 44.285575867000034 ], [ 19.618171693000136, 44.287532807000105 ], [ 19.62080192600007, 44.288608552000028 ], [ 19.622749328000111, 44.288936615000068 ], [ 19.624786378000067, 44.288944244999982 ], [ 19.630752563000158, 44.28804397600004 ], [ 19.633756638000136, 44.287807464000025 ], [ 19.644535066000174, 44.288097383000093 ], [ 19.648742676000154, 44.288646699000083 ], [ 19.653209687000185, 44.290027618000011 ], [ 19.65690612800006, 44.292163849000133 ], [ 19.660764694000136, 44.294830323000099 ], [ 19.662506103000055, 44.296535493000192 ], [ 19.663097381000114, 44.297676087000013 ], [ 19.662853242000097, 44.299678803000177 ], [ 19.661531448000119, 44.301452636000135 ], [ 19.659421921000103, 44.302932740000017 ], [ 19.657604218000074, 44.303657532000159 ], [ 19.650697707000177, 44.30551147400007 ], [ 19.648790360000191, 44.306259156000124 ], [ 19.64640045100009, 44.307811737000065 ], [ 19.644479751000119, 44.3097229010001 ], [ 19.641588210000066, 44.313362122000171 ], [ 19.635444640000173, 44.31860733000002 ], [ 19.634571076000157, 44.31970977900005 ], [ 19.634332658000176, 44.320453644000054 ], [ 19.635179520000065, 44.324035645000038 ], [ 19.636777877000043, 44.327342987000122 ], [ 19.638923645000148, 44.330711365000127 ], [ 19.641260147000025, 44.333377837000114 ], [ 19.644336701000043, 44.336135864000141 ], [ 19.65883827100015, 44.344978332999972 ], [ 19.661558151000122, 44.347755433000088 ], [ 19.663211823000154, 44.350460053000063 ], [ 19.663665772000172, 44.352500916000054 ], [ 19.663539886000024, 44.354568482000104 ], [ 19.662263869000071, 44.359493256000064 ], [ 19.662099839000177, 44.360919953000064 ], [ 19.662361146000023, 44.362911224000072 ], [ 19.665885925999987, 44.369617463000111 ], [ 19.666126250000161, 44.37160873400012 ], [ 19.664457322000089, 44.380428314000085 ], [ 19.662622451000061, 44.386493684000129 ], [ 19.66204261900009, 44.389472961000195 ], [ 19.661884309000129, 44.39246368400012 ], [ 19.662139893000131, 44.398086547 ], [ 19.661718369000084, 44.399524688999975 ], [ 19.660858153000106, 44.400844574000018 ], [ 19.658998489000055, 44.402427673000034 ], [ 19.656095505000053, 44.404331207000155 ], [ 19.651222229000041, 44.408348083000135 ], [ 19.645366670000101, 44.41149902300009 ], [ 19.635423661000118, 44.416164399000081 ], [ 19.618236540999987, 44.426517487000126 ], [ 19.628738403000114, 44.430606843000135 ], [ 19.632228852000026, 44.431785584000011 ], [ 19.638019561000135, 44.433284759000173 ], [ 19.649873734000153, 44.43466186600017 ], [ 19.653034209000054, 44.435195923000038 ], [ 19.664396286000056, 44.438144684 ], [ 19.667509080000173, 44.438583375000178 ], [ 19.673967362000042, 44.438755035000156 ], [ 19.677177428000107, 44.438537598000039 ], [ 19.680282593000072, 44.438056945000142 ], [ 19.68734168900005, 44.436012269000059 ], [ 19.703079224000192, 44.430530546999989 ], [ 19.713092804000041, 44.427719116 ], [ 19.733757019000166, 44.420757294000055 ], [ 19.746116638000103, 44.417716979000147 ], [ 19.754747390000091, 44.415866852000079 ], [ 19.757057191000172, 44.415103912000177 ], [ 19.760034561000111, 44.413715362000062 ], [ 19.762586593000094, 44.411952972000051 ], [ 19.765419006000059, 44.40943908700018 ], [ 19.772798539000178, 44.401592254000093 ], [ 19.773958206000145, 44.399551391000045 ], [ 19.77424812400011, 44.397560120000094 ], [ 19.773492814000178, 44.392822265000177 ], [ 19.77358818100015, 44.391387940000072 ], [ 19.774148942000068, 44.390151978000119 ], [ 19.776037216000191, 44.388900757000101 ], [ 19.779970170000183, 44.388072968000074 ], [ 19.787389755000049, 44.387718201000098 ], [ 19.823072434000096, 44.387588500000106 ], [ 19.826927185000102, 44.387660981000181 ], [ 19.832830429000182, 44.388187408000135 ], [ 19.834819793000122, 44.388687134000065 ], [ 19.83709907400015, 44.389957428 ], [ 19.838096619000169, 44.391246796000132 ], [ 19.83993721000013, 44.394878387000119 ], [ 19.841569901000128, 44.39714431800013 ], [ 19.846414566000135, 44.402381898000044 ], [ 19.849838256000112, 44.40556335500014 ], [ 19.854516983000053, 44.398784637000063 ], [ 19.856828689000054, 44.396472931000062 ], [ 19.859701156000085, 44.394554139000149 ], [ 19.868646622000028, 44.389762878999989 ], [ 19.870679855000162, 44.387989044000051 ], [ 19.871522903000084, 44.386547089000032 ], [ 19.873943328000053, 44.380107880000082 ], [ 19.874403, 44.37807846200019 ], [ 19.874349595000012, 44.375686645000087 ], [ 19.87286186200015, 44.372188568000126 ], [ 19.872280120000141, 44.37013244700006 ], [ 19.872089386000141, 44.368003844999976 ], [ 19.872291566000172, 44.365947723000033 ], [ 19.872755049999967, 44.36454391500007 ], [ 19.873575211000059, 44.363365173000034 ], [ 19.875556946000188, 44.362209321000194 ], [ 19.878051758000026, 44.361888886000031 ], [ 19.880561828000054, 44.362464905000195 ], [ 19.885833740000123, 44.364883423000094 ], [ 19.890388489000145, 44.366508485000054 ], [ 19.89233970600003, 44.366985322000176 ], [ 19.895164490000184, 44.367229461000022 ], [ 19.897232055000075, 44.367073059000063 ], [ 19.899156570000059, 44.366592408000031 ], [ 19.901632308000103, 44.365261079000049 ], [ 19.904237748000014, 44.36295318599997 ], [ 19.907241821000184, 44.359249115000182 ], [ 19.909128189000114, 44.357700347000105 ], [ 19.910867691000135, 44.35689544700017 ], [ 19.912849426000093, 44.356296539000141 ], [ 19.92454147400008, 44.353691102000141 ], [ 19.927364349000129, 44.353652955000086 ], [ 19.932050706000041, 44.354618072999983 ], [ 19.938478470000177, 44.3573951730001 ], [ 19.942621231000032, 44.358634948000088 ], [ 19.946594238000046, 44.359489441 ], [ 19.949495316000082, 44.359611512000072 ], [ 19.966398238000124, 44.357978819999971 ], [ 19.969333647999974, 44.357322694000061 ], [ 19.97217369100008, 44.356086731 ], [ 19.974002837000057, 44.354694366 ], [ 19.975410461000024, 44.353038788000163 ], [ 19.97864150900017, 44.346813202000192 ], [ 19.980426787999988, 44.34481811600017 ], [ 19.982698440000036, 44.343040467000037 ], [ 19.993986131000042, 44.336704255000029 ], [ 19.996805191000078, 44.335342407000098 ], [ 20.001239776000091, 44.334312438999973 ], [ 20.011381149000101, 44.333370209000179 ], [ 20.024549483000044, 44.331382751000035 ], [ 20.032209397000031, 44.330596924000133 ] ] ] ] } },
{ "type": "Feature", "properties": { "fid": 62, "GID_2": "SRB.8.1_1", "GID_0": "SRB", "COUNTRY": "Serbia", "GID_1": "SRB.8_1", "NAME_1": "Mačvanski", "NL_NAME_1": "Мачвански", "NAME_2": "Bogatić", "VARNAME_2": "NA", "NL_NAME_2": "Богатић", "TYPE_2": "Opštine", "ENGTYPE_2": "Town|Municipal", "CC_2": "NA", "HASC_2": "NA" }, "geometry": { "type": "MultiPolygon", "coordinates": [ [ [ [ 19.31670761100014, 44.726348877000078 ], [ 19.319442750000064, 44.730457306000119 ], [ 19.32360267700011, 44.741214753000122 ], [ 19.324886322000168, 44.750316620000149 ], [ 19.330356599000083, 44.758934021000186 ], [ 19.331573486000138, 44.767807006999988 ], [ 19.333564759000126, 44.77703475900006 ], [ 19.334188461000053, 44.784095765000188 ], [ 19.336002351, 44.794780731000174 ], [ 19.340763091000099, 44.803283692000036 ], [ 19.342687607000187, 44.812274933000083 ], [ 19.341386795000176, 44.824699403000125 ], [ 19.342668533, 44.830692291000048 ], [ 19.353006363000077, 44.833698272000163 ], [ 19.359415055000056, 44.839046478000171 ], [ 19.359939575000112, 44.843738557000165 ], [ 19.353780746000098, 44.848384858000088 ], [ 19.35759544300015, 44.853946686000029 ], [ 19.367017746000045, 44.859260560000052 ], [ 19.380943299000023, 44.867141724000078 ], [ 19.380722046000074, 44.873638153000115 ], [ 19.367471695000177, 44.878070831000059 ], [ 19.364126206000037, 44.88630294900014 ], [ 19.370382309000149, 44.892154694000169 ], [ 19.36595153899998, 44.896987915000125 ], [ 19.356246949000138, 44.896984100000111 ], [ 19.349067688000048, 44.893432618000077 ], [ 19.348083497000061, 44.89862442000009 ], [ 19.346818925000036, 44.898757935000049 ], [ 19.337419510000132, 44.899742127000138 ], [ 19.319845199000042, 44.906341553000118 ], [ 19.304231644000026, 44.911781311000084 ], [ 19.304534911000189, 44.913047790000121 ], [ 19.306049347000055, 44.914577484000063 ], [ 19.307712555000023, 44.915229797000109 ], [ 19.309741973000087, 44.915637969000159 ], [ 19.312797546000184, 44.915916441999968 ], [ 19.319414139000116, 44.915893556000071 ], [ 19.32275200000015, 44.915630341000053 ], [ 19.325994492000177, 44.915149689000032 ], [ 19.33655738900012, 44.91260528700019 ], [ 19.34795761100014, 44.90927887100014 ], [ 19.351060867, 44.908821107000108 ], [ 19.354211807000127, 44.908672333000027 ], [ 19.357297896000148, 44.908817292000037 ], [ 19.359485626000151, 44.909160613000097 ], [ 19.36149215800009, 44.909759521000126 ], [ 19.364059448000035, 44.911201476000144 ], [ 19.366817475000062, 44.913581848000092 ], [ 19.370971679000036, 44.918148041000165 ], [ 19.374006272000031, 44.92085266100014 ], [ 19.377752305000115, 44.922691345000032 ], [ 19.379520417000037, 44.923213959000122 ], [ 19.381303786000046, 44.923454285000105 ], [ 19.383289337000122, 44.923271179000039 ], [ 19.385183334999965, 44.922637940000129 ], [ 19.386905671000022, 44.921619415000123 ], [ 19.394672395000157, 44.915435792000039 ], [ 19.398097993000079, 44.91314315700015 ], [ 19.400030136000169, 44.912494659000117 ], [ 19.40205955600004, 44.912288667000098 ], [ 19.403867721000154, 44.912506104999977 ], [ 19.407558441000162, 44.913761139000087 ], [ 19.409255981000115, 44.914745332000109 ], [ 19.410724640000069, 44.916152953000108 ], [ 19.411567689000094, 44.917793275000122 ], [ 19.411537170000145, 44.920185090000018 ], [ 19.410827637000125, 44.922260284000174 ], [ 19.403305054000043, 44.933830261000082 ], [ 19.40254402100004, 44.935268402000133 ], [ 19.401947021000069, 44.937267303000056 ], [ 19.401905059000114, 44.938728332999972 ], [ 19.402400970000031, 44.939979554000047 ], [ 19.404262542000026, 44.941215515000067 ], [ 19.406084060000126, 44.94167709400017 ], [ 19.408191681000176, 44.941905975000168 ], [ 19.411254882000037, 44.941905975000168 ], [ 19.414428711000028, 44.941577912000128 ], [ 19.419332503000192, 44.940311433000034 ], [ 19.422073364000084, 44.939159394000058 ], [ 19.433603287000039, 44.933254242000146 ], [ 19.438940049, 44.92976760900001 ], [ 19.442928314000028, 44.926338196000074 ], [ 19.444452285000125, 44.924488069000176 ], [ 19.447488785000189, 44.918201447000115 ], [ 19.451463699000101, 44.911911012000076 ], [ 19.454406739000035, 44.905639648000033 ], [ 19.45624733, 44.903598784999986 ], [ 19.45878028900006, 44.901985169000056 ], [ 19.460842133000142, 44.901084900000114 ], [ 19.46493721000013, 44.89984130900018 ], [ 19.466888429, 44.899574279000092 ], [ 19.469085694000171, 44.899684906000118 ], [ 19.47123527500014, 44.900192260000154 ], [ 19.473930359, 44.901386261000084 ], [ 19.477933884000095, 44.904178620000096 ], [ 19.482576369000071, 44.908683778000182 ], [ 19.486539839999978, 44.911758422000048 ], [ 19.489191054000173, 44.913364410000042 ], [ 19.493444443000101, 44.915306091000048 ], [ 19.496294022000086, 44.916355133000138 ], [ 19.499151231000099, 44.91695404100011 ], [ 19.500526428000114, 44.916973114000029 ], [ 19.503568650000147, 44.916378021000071 ], [ 19.506034850999981, 44.915340423000032 ], [ 19.508422852000137, 44.91400528000014 ], [ 19.517597198000033, 44.907825470000034 ], [ 19.520351409000057, 44.906223297999986 ], [ 19.526487349000092, 44.904003144000171 ], [ 19.531675340000106, 44.902873993000071 ], [ 19.541433335000022, 44.90192794900014 ], [ 19.548950195000089, 44.900775910000107 ], [ 19.552072526000018, 44.900512695000089 ], [ 19.555202485000109, 44.900550842000143 ], [ 19.558256150000091, 44.900909424000133 ], [ 19.562368393000099, 44.901950837000072 ], [ 19.572040559000129, 44.905178071000137 ], [ 19.589525223000123, 44.911487580000028 ], [ 19.596555710000189, 44.913467407000155 ], [ 19.600315094000166, 44.914009094999983 ], [ 19.604257584000038, 44.914257049000071 ], [ 19.612388612000132, 44.914360047000116 ], [ 19.633380891, 44.913955688000101 ], [ 19.641368865000118, 44.913230896000186 ], [ 19.659231187000159, 44.910755158000143 ], [ 19.652919769, 44.906230926000092 ], [ 19.645776749000163, 44.90190124500009 ], [ 19.638841629000126, 44.899055482000051 ], [ 19.628131867000036, 44.89614868100017 ], [ 19.626008988000137, 44.895259857000156 ], [ 19.623607635000155, 44.893733978000114 ], [ 19.621820449000097, 44.89186477700008 ], [ 19.620775223000123, 44.889839172999984 ], [ 19.618688582, 44.883392333000188 ], [ 19.617271423000091, 44.881088257000158 ], [ 19.614324570000065, 44.877250672000173 ], [ 19.613813401000129, 44.874927521000075 ], [ 19.61329460200011, 44.865959168000074 ], [ 19.612684251000132, 44.863773346000073 ], [ 19.611839294000163, 44.862174989000096 ], [ 19.610624314000177, 44.860740662000126 ], [ 19.607198716000028, 44.858371735000162 ], [ 19.599788666000165, 44.854160308000132 ], [ 19.592636109000125, 44.848518371000068 ], [ 19.585992813000075, 44.84465026800018 ], [ 19.579280853000171, 44.839889527000025 ], [ 19.569597244000022, 44.834827423000036 ], [ 19.566091538000023, 44.832485200000121 ], [ 19.564882278000141, 44.831066131000057 ], [ 19.564096451000069, 44.829490662000183 ], [ 19.563692093000157, 44.827369690000182 ], [ 19.563875199000051, 44.825214387000131 ], [ 19.564672471000108, 44.823135377000028 ], [ 19.566419601000064, 44.821048737000069 ], [ 19.568954467000026, 44.819290162000129 ], [ 19.574798583000018, 44.816135406000058 ], [ 19.577310563000026, 44.814388275000169 ], [ 19.579006195000034, 44.812316895000038 ], [ 19.579713821000098, 44.810264589000042 ], [ 19.579742432000103, 44.808143617000042 ], [ 19.579082489000086, 44.806083680000029 ], [ 19.576911927000083, 44.803424836000147 ], [ 19.574674607000077, 44.801601410000103 ], [ 19.566486359000066, 44.796546936000027 ], [ 19.559751510000183, 44.791641236000032 ], [ 19.553796769000144, 44.78837585500014 ], [ 19.549140931000068, 44.785465241000168 ], [ 19.547063828000034, 44.783870697000054 ], [ 19.544487000000174, 44.781311034999987 ], [ 19.543207168000151, 44.779373169000053 ], [ 19.542011262000131, 44.776576994999971 ], [ 19.541984558000081, 44.774536132000151 ], [ 19.545148849000157, 44.76457595800008 ], [ 19.544853210000099, 44.762664796000081 ], [ 19.543535233000057, 44.760814667000034 ], [ 19.541458131000127, 44.759178162000069 ], [ 19.539571762000094, 44.758098602000075 ], [ 19.532592773000033, 44.754508973000156 ], [ 19.525444030000187, 44.751274109000065 ], [ 19.521663666000052, 44.749279023000156 ], [ 19.519886017000147, 44.748096466000106 ], [ 19.51837921200007, 44.746742249000079 ], [ 19.51288413900005, 44.740749359000176 ], [ 19.509876251000037, 44.738452911000024 ], [ 19.507194520000098, 44.737022399000182 ], [ 19.505149842000037, 44.736404420000099 ], [ 19.5029373160001, 44.736019135000106 ], [ 19.496837615000175, 44.735736847000055 ], [ 19.49455261300011, 44.735893249000185 ], [ 19.492456437000044, 44.736339570000098 ], [ 19.489898682000103, 44.737640381000119 ], [ 19.48806953400009, 44.739074708000089 ], [ 19.485214233000022, 44.742076874000134 ], [ 19.4842033380001, 44.743518829000152 ], [ 19.481155395000087, 44.750064850000058 ], [ 19.478059768000037, 44.753807068000071 ], [ 19.473007203, 44.758312225000111 ], [ 19.471094131000029, 44.759445190000122 ], [ 19.467092514000115, 44.761287689000085 ], [ 19.465093612000089, 44.762027741 ], [ 19.454877854000017, 44.764781952000078 ], [ 19.444387437000103, 44.767093658000022 ], [ 19.441225052000163, 44.767520906000073 ], [ 19.43484687800003, 44.767692566000051 ], [ 19.431840897000086, 44.767429352000136 ], [ 19.429786683000088, 44.767017365000015 ], [ 19.42800521900017, 44.766342163000104 ], [ 19.426097870000149, 44.764896393000072 ], [ 19.423061370000084, 44.761238099000082 ], [ 19.421098708000045, 44.759376527000029 ], [ 19.41276931800013, 44.753875732000097 ], [ 19.410820007000041, 44.752258301000097 ], [ 19.409185410000077, 44.750507356000128 ], [ 19.404775619000134, 44.742866516000106 ], [ 19.402841568000099, 44.740589142000147 ], [ 19.400447846000077, 44.73847580000006 ], [ 19.395128251000187, 44.734924316000047 ], [ 19.392267227000104, 44.733592988 ], [ 19.38994789100002, 44.732856751000099 ], [ 19.387495041000136, 44.732330322000166 ], [ 19.383514405000085, 44.731899262000013 ], [ 19.379404067000166, 44.731746674000192 ], [ 19.362693787000126, 44.731834411000079 ], [ 19.354549407000036, 44.731548310000107 ], [ 19.350702285000182, 44.731018068000139 ], [ 19.348594666000167, 44.730506897 ], [ 19.33449745300004, 44.72625732500012 ], [ 19.332336425999983, 44.725746156000184 ], [ 19.328481674000102, 44.725276947 ], [ 19.324409485000047, 44.725231172000065 ], [ 19.320238114000119, 44.725585938000108 ], [ 19.31670761100014, 44.726348877000078 ] ] ] ] } },
{ "type": "Feature", "properties": { "fid": 63, "GID_2": "SRB.8.2_1", "GID_0": "SRB", "COUNTRY": "Serbia", "GID_1": "SRB.8_1", "NAME_1": "Mačvanski", "NL_NAME_1": "Мачвански", "NAME_2": "Koceljeva", "VARNAME_2": "NA", "NL_NAME_2": "Коцељева", "TYPE_2": "Opštine", "ENGTYPE_2": "Town|Municipal", "CC_2": "NA", "HASC_2": "NA" }, "geometry": { "type": "MultiPolygon", "coordinates": [ [ [ [ 19.618236540999987, 44.426517487000126 ], [ 19.61626243600017, 44.424926757000151 ], [ 19.613906861000089, 44.423778534000121 ], [ 19.611064910000039, 44.423030853000171 ], [ 19.608007432000022, 44.422622682000053 ], [ 19.601806641000053, 44.422321320000151 ], [ 19.59578323400018, 44.422447206000072 ], [ 19.592901229000063, 44.422752380000134 ], [ 19.590370178000114, 44.423286438000048 ], [ 19.58801078700003, 44.424079895000091 ], [ 19.584329605000107, 44.426109315000133 ], [ 19.581314086000077, 44.428611755000077 ], [ 19.580179215000101, 44.43001556300004 ], [ 19.577255248000029, 44.436103821000188 ], [ 19.575883866000027, 44.437625885000159 ], [ 19.574005126000031, 44.438911438000048 ], [ 19.561016081999981, 44.445697785000164 ], [ 19.55200386000007, 44.454017640000075 ], [ 19.551597596000022, 44.455425264000041 ], [ 19.55132675100009, 44.459350585000038 ], [ 19.550783158000115, 44.460872650999988 ], [ 19.549810410000077, 44.462322235000045 ], [ 19.552272797000171, 44.462913512 ], [ 19.559694290000039, 44.463394165000068 ], [ 19.56130981400014, 44.463623048000102 ], [ 19.562660217000087, 44.464057923000098 ], [ 19.56374931300013, 44.464900970000144 ], [ 19.564439773000061, 44.465999604000103 ], [ 19.565378189000057, 44.47158050600018 ], [ 19.56597709700003, 44.472358705000033 ], [ 19.567035674000181, 44.472816468000133 ], [ 19.568433762000041, 44.473037719000047 ], [ 19.57174301200007, 44.473155975000054 ], [ 19.585300445000144, 44.472957611000027 ], [ 19.588582992000056, 44.470680236000135 ], [ 19.588800429, 44.470596314000147 ], [ 19.589288711999984, 44.470527649000019 ], [ 19.590429306000033, 44.470527649000019 ], [ 19.592750549000186, 44.471321106000062 ], [ 19.593667985000081, 44.471775055000023 ], [ 19.594015120999984, 44.472064971000066 ], [ 19.594570159999989, 44.472724915000128 ], [ 19.59501647999997, 44.473411559000112 ], [ 19.595169068000189, 44.473754883000083 ], [ 19.595216752000056, 44.474094391000108 ], [ 19.595108032000098, 44.474407196000129 ], [ 19.594903945000169, 44.474720001000151 ], [ 19.592025758000148, 44.477729797000165 ], [ 19.592317581000088, 44.47897720300017 ], [ 19.596343995000154, 44.485206604000155 ], [ 19.59754562400019, 44.486118317000034 ], [ 19.601688385000045, 44.488243104000048 ], [ 19.603761673000179, 44.48995590200019 ], [ 19.604885101000036, 44.492164613000057 ], [ 19.605510712000182, 44.498466493000137 ], [ 19.606227876, 44.50151443600015 ], [ 19.610057830000187, 44.506504060000168 ], [ 19.612045288000161, 44.508098602000132 ], [ 19.613229751000176, 44.508518219000109 ], [ 19.615106582000124, 44.508605958000032 ], [ 19.617118835999975, 44.508304597000063 ], [ 19.619722366000133, 44.507583618000183 ], [ 19.620122909000145, 44.507129669000165 ], [ 19.622644425000033, 44.506008149000081 ], [ 19.624826432000191, 44.505569458000139 ], [ 19.627277375, 44.505413056000179 ], [ 19.631128310000065, 44.505634309000072 ], [ 19.641965866000078, 44.506919862000132 ], [ 19.651605606999965, 44.508796692000146 ], [ 19.654579162000061, 44.508876801000156 ], [ 19.656650544000058, 44.508651733000136 ], [ 19.661373137999988, 44.507492066000054 ], [ 19.664791107000099, 44.506069184000069 ], [ 19.666114807000042, 44.505199433000143 ], [ 19.667089463000025, 44.503536225 ], [ 19.666961669000102, 44.50220489600008 ], [ 19.666244506000169, 44.500858308000034 ], [ 19.662645340000097, 44.497203827000135 ], [ 19.660938262000059, 44.494365693000134 ], [ 19.660734177000165, 44.493118287000129 ], [ 19.660915376000162, 44.492263795000099 ], [ 19.662302018000105, 44.49050521800018 ], [ 19.666574479000019, 44.487545014000034 ], [ 19.668880462000175, 44.486377717000153 ], [ 19.671138763000044, 44.485584259000063 ], [ 19.6735706340001, 44.485015870000041 ], [ 19.676805496000043, 44.484619142000042 ], [ 19.680116653000027, 44.48451232900004 ], [ 19.683401107000179, 44.484676362000187 ], [ 19.686559678000094, 44.485160827000186 ], [ 19.688665389000164, 44.485740662000126 ], [ 19.692850112000087, 44.48734665000012 ], [ 19.694850921000182, 44.48836135900018 ], [ 19.697082519999981, 44.489982606000126 ], [ 19.698614120000059, 44.491878510000106 ], [ 19.699235917000067, 44.493881226000099 ], [ 19.699159623000185, 44.495986939000147 ], [ 19.697654725000177, 44.501743317000034 ], [ 19.69724845900015, 44.504577637000068 ], [ 19.696653366000191, 44.513317109000184 ], [ 19.696510314000079, 44.522079467000083 ], [ 19.696718216000079, 44.524902344000111 ], [ 19.697303771000122, 44.527561189000096 ], [ 19.698303223000039, 44.529598237000073 ], [ 19.699905395000087, 44.531246186000089 ], [ 19.701513291000026, 44.532115937000015 ], [ 19.703386306000027, 44.532802582000102 ], [ 19.711006165000185, 44.535213470000087 ], [ 19.713447570000085, 44.535621644000116 ], [ 19.716070175000141, 44.535423280000032 ], [ 19.718425751000154, 44.534580231000177 ], [ 19.724079133000032, 44.530357360000096 ], [ 19.726661682000099, 44.52901840200019 ], [ 19.728622436000137, 44.528491975000065 ], [ 19.730707169000084, 44.528270722000116 ], [ 19.733520508000083, 44.528415679000148 ], [ 19.735641480000027, 44.528903962000129 ], [ 19.737567903000183, 44.529712677000134 ], [ 19.739231111000151, 44.530826569000112 ], [ 19.746261597000057, 44.537746429000151 ], [ 19.750179291000052, 44.540439605000074 ], [ 19.75815391500015, 44.543247224000083 ], [ 19.760887146000073, 44.544723511000143 ], [ 19.767694472000187, 44.549175262000119 ], [ 19.772397995000063, 44.551929474000133 ], [ 19.774871826000037, 44.552947999000082 ], [ 19.777936935000071, 44.55355835000006 ], [ 19.78127288800016, 44.553283692000093 ], [ 19.783405303000109, 44.552688599000135 ], [ 19.785423278000167, 44.551834106000058 ], [ 19.787790299000164, 44.550296784000182 ], [ 19.789661407000096, 44.548416139000096 ], [ 19.793292999000187, 44.542549134000069 ], [ 19.795034408000106, 44.54111862200017 ], [ 19.796699524000076, 44.540500641000108 ], [ 19.79862403900006, 44.540203094000105 ], [ 19.801395416000105, 44.54021453900009 ], [ 19.808542251000176, 44.54090499900019 ], [ 19.811670302999971, 44.540832521000027 ], [ 19.814741134000144, 44.540420532000155 ], [ 19.816825867000091, 44.539878846000079 ], [ 19.82107543900014, 44.538311005000139 ], [ 19.823194503000138, 44.537307739000084 ], [ 19.825748443000066, 44.535694123000155 ], [ 19.827899933000083, 44.533817292000037 ], [ 19.831260681000174, 44.529899598000043 ], [ 19.833326340000099, 44.528156282000054 ], [ 19.835220336000134, 44.527160645000038 ], [ 19.839555740000037, 44.525573731000179 ], [ 19.841857910000101, 44.524948121000079 ], [ 19.846502305000058, 44.524208069000167 ], [ 19.84992408800008, 44.524009705000083 ], [ 19.852958680000029, 44.521743774000072 ], [ 19.85501289400014, 44.519721984000114 ], [ 19.856597900000054, 44.517475129000104 ], [ 19.857337952000137, 44.515419007000162 ], [ 19.857530594000082, 44.513351441000168 ], [ 19.857330322000053, 44.507942200000173 ], [ 19.857904434000147, 44.505760193000185 ], [ 19.860900879000155, 44.500873566000053 ], [ 19.862920762000044, 44.498645782000153 ], [ 19.867969513000048, 44.493934631000172 ], [ 19.868886949000114, 44.49256896900016 ], [ 19.869741439000109, 44.490509033000023 ], [ 19.870189667000091, 44.488376618000075 ], [ 19.870206833000111, 44.484851838000111 ], [ 19.869913102000055, 44.483882905000144 ], [ 19.868871688000183, 44.482231140000181 ], [ 19.867286682000156, 44.480743408000194 ], [ 19.865547180000135, 44.479602814000145 ], [ 19.858572006000145, 44.475505830000088 ], [ 19.857173920000093, 44.474349976000042 ], [ 19.856281281, 44.473041534000117 ], [ 19.855958938000072, 44.471630096000013 ], [ 19.856662751000158, 44.468986512000129 ], [ 19.861551285000132, 44.460655214000042 ], [ 19.863199235000081, 44.456619262000061 ], [ 19.863697053000067, 44.453979493000077 ], [ 19.864133834000029, 44.448547364000092 ], [ 19.864084244000026, 44.443149566000045 ], [ 19.863767624000104, 44.440597534000119 ], [ 19.863052368000126, 44.438293458000089 ], [ 19.862173079000115, 44.436931610000045 ], [ 19.860937119000141, 44.435894013000052 ], [ 19.859329223000145, 44.435279847000061 ], [ 19.857477189000065, 44.435123445000045 ], [ 19.855117798000151, 44.435508728000059 ], [ 19.850017547000107, 44.437019349000082 ], [ 19.845001220000086, 44.43791580300018 ], [ 19.842004777000056, 44.437908173000096 ], [ 19.839912414000025, 44.437595368000075 ], [ 19.835380554000096, 44.436264038000047 ], [ 19.832647323000117, 44.4349136350001 ], [ 19.830257416, 44.433300019000171 ], [ 19.828353882000101, 44.431514741000115 ], [ 19.827220916000158, 44.429595948000042 ], [ 19.827201843000068, 44.427688599000078 ], [ 19.828622817000053, 44.425281524000127 ], [ 19.831041336000055, 44.422901155000091 ], [ 19.839916229000096, 44.415367127000195 ], [ 19.849838256000112, 44.40556335500014 ], [ 19.846414566000135, 44.402381898000044 ], [ 19.841569901000128, 44.39714431800013 ], [ 19.83993721000013, 44.394878387000119 ], [ 19.838096619000169, 44.391246796000132 ], [ 19.83709907400015, 44.389957428 ], [ 19.834819793000122, 44.388687134000065 ], [ 19.832830429000182, 44.388187408000135 ], [ 19.826927185000102, 44.387660981000181 ], [ 19.823072434000096, 44.387588500000106 ], [ 19.787389755000049, 44.387718201000098 ], [ 19.779970170000183, 44.388072968000074 ], [ 19.776037216000191, 44.388900757000101 ], [ 19.774148942000068, 44.390151978000119 ], [ 19.77358818100015, 44.391387940000072 ], [ 19.773492814000178, 44.392822265000177 ], [ 19.77424812400011, 44.397560120000094 ], [ 19.773958206000145, 44.399551391000045 ], [ 19.772798539000178, 44.401592254000093 ], [ 19.765419006000059, 44.40943908700018 ], [ 19.762586593000094, 44.411952972000051 ], [ 19.760034561000111, 44.413715362000062 ], [ 19.757057191000172, 44.415103912000177 ], [ 19.754747390000091, 44.415866852000079 ], [ 19.746116638000103, 44.417716979000147 ], [ 19.733757019000166, 44.420757294000055 ], [ 19.713092804000041, 44.427719116 ], [ 19.703079224000192, 44.430530546999989 ], [ 19.68734168900005, 44.436012269000059 ], [ 19.680282593000072, 44.438056945000142 ], [ 19.677177428000107, 44.438537598000039 ], [ 19.673967362000042, 44.438755035000156 ], [ 19.667509080000173, 44.438583375000178 ], [ 19.664396286000056, 44.438144684 ], [ 19.653034209000054, 44.435195923000038 ], [ 19.649873734000153, 44.43466186600017 ], [ 19.638019561000135, 44.433284759000173 ], [ 19.632228852000026, 44.431785584000011 ], [ 19.628738403000114, 44.430606843000135 ], [ 19.618236540999987, 44.426517487000126 ] ] ] ] } },
{ "type": "Feature", "properties": { "fid": 64, "GID_2": "SRB.8.3_1", "GID_0": "SRB", "COUNTRY": "Serbia", "GID_1": "SRB.8_1", "NAME_1": "Mačvanski", "NL_NAME_1": "Мачвански", "NAME_2": "Krupanj", "VARNAME_2": "NA", "NL_NAME_2": "Крупањ", "TYPE_2": "Opštine", "ENGTYPE_2": "Town|Municipal", "CC_2": "NA", "HASC_2": "NA" }, "geometry": { "type": "MultiPolygon", "coordinates": [ [ [ [ 19.561016081999981, 44.445697785000164 ], [ 19.548732757000039, 44.444805146000078 ], [ 19.539453507000189, 44.443672181000068 ], [ 19.534421921000046, 44.44231414900014 ], [ 19.52799034200018, 44.439929963000054 ], [ 19.524675369000079, 44.439056397000058 ], [ 19.521327972000165, 44.438598633000026 ], [ 19.518339157000014, 44.438686372000063 ], [ 19.512125016000027, 44.43986129700005 ], [ 19.509046554000065, 44.44019317700014 ], [ 19.503675460000068, 44.440093995000097 ], [ 19.497289658, 44.439476014000036 ], [ 19.494228363000104, 44.438877106000064 ], [ 19.490301131000081, 44.437488556000119 ], [ 19.486633302000087, 44.43549347000004 ], [ 19.485233306000055, 44.43408584600013 ], [ 19.484537124000042, 44.432537079000099 ], [ 19.484527588000105, 44.431652070000155 ], [ 19.484958648000088, 44.430412292000085 ], [ 19.485908507999966, 44.429088591999971 ], [ 19.487310409000088, 44.427906037000128 ], [ 19.489154815000063, 44.426956177000193 ], [ 19.491308213000082, 44.426208497000175 ], [ 19.499336242000084, 44.424018860000103 ], [ 19.501171113000112, 44.423122405000072 ], [ 19.502693177000083, 44.421852113000114 ], [ 19.503475189000142, 44.420387269000059 ], [ 19.503526688000022, 44.419528962000015 ], [ 19.502805710000075, 44.417678832999968 ], [ 19.499938965000126, 44.413875579000091 ], [ 19.49876022300009, 44.41185760500008 ], [ 19.498289108000108, 44.409851073000141 ], [ 19.498373032000131, 44.402729035000107 ], [ 19.497318266999969, 44.399139403999982 ], [ 19.493808746000127, 44.389656067000033 ], [ 19.490985871000078, 44.384674073000156 ], [ 19.484222411000189, 44.375053405000074 ], [ 19.481805801000064, 44.372463226000093 ], [ 19.478687287000128, 44.36996459900007 ], [ 19.476789475000146, 44.369056702000137 ], [ 19.472753524000098, 44.367980956000167 ], [ 19.469867706000059, 44.367828369000051 ], [ 19.460830688000158, 44.368625641000108 ], [ 19.458627702000172, 44.368438720000029 ], [ 19.456529616000125, 44.367908478000174 ], [ 19.454025269000113, 44.366706849000138 ], [ 19.451971055000115, 44.365077973000041 ], [ 19.449665069000105, 44.36190032899998 ], [ 19.449035645000095, 44.360481262000121 ], [ 19.448724748000018, 44.358375549000016 ], [ 19.449087142000167, 44.356250763999981 ], [ 19.449743271000045, 44.354789733000189 ], [ 19.452049256000123, 44.351387024000076 ], [ 19.453310013000078, 44.350082398000154 ], [ 19.456291200000123, 44.347763061000194 ], [ 19.457916259000172, 44.346790313000156 ], [ 19.460636139000144, 44.345657348000145 ], [ 19.462636947000135, 44.345321655000134 ], [ 19.464714050000168, 44.345329285000105 ], [ 19.475126267, 44.347141267000097 ], [ 19.476957320999986, 44.347076417000039 ], [ 19.478584290000072, 44.346637726000097 ], [ 19.480323791000046, 44.345382690000122 ], [ 19.481641770000067, 44.343620300000168 ], [ 19.483894348000149, 44.339626313 ], [ 19.488370896000163, 44.333992004000038 ], [ 19.49139976500004, 44.328948975000117 ], [ 19.492040635000137, 44.326751709000064 ], [ 19.492223739000167, 44.324508667000089 ], [ 19.491952896000043, 44.322303773000101 ], [ 19.491125107000016, 44.320224763 ], [ 19.488828659000092, 44.317649842000037 ], [ 19.486471177000112, 44.316001893000191 ], [ 19.483715057000154, 44.314655305000144 ], [ 19.478973388000099, 44.313343048000036 ], [ 19.469287872000052, 44.312007904000041 ], [ 19.46688079900008, 44.311473846000069 ], [ 19.464637756000059, 44.310760498000036 ], [ 19.461887360000048, 44.309391021000181 ], [ 19.459762572999978, 44.307579041000167 ], [ 19.455780029000152, 44.302783966000163 ], [ 19.451803207000125, 44.298885346000191 ], [ 19.45074272200003, 44.297340393000127 ], [ 19.449314118000132, 44.293472290000125 ], [ 19.448375702000135, 44.288963318000071 ], [ 19.447654725000064, 44.286811828000054 ], [ 19.446763993000047, 44.28523635900018 ], [ 19.445529938, 44.283828735000043 ], [ 19.443923950000169, 44.282619476000093 ], [ 19.434383393000132, 44.277595521000194 ], [ 19.432891846000075, 44.276580811000031 ], [ 19.431068420000031, 44.274795532000041 ], [ 19.430423738000172, 44.273414612000181 ], [ 19.430223466000086, 44.27191925000011 ], [ 19.430759431000126, 44.265937805000192 ], [ 19.430305480000129, 44.262805938000099 ], [ 19.429275512000174, 44.260005951000153 ], [ 19.427833557000156, 44.257244109999988 ], [ 19.425718307000125, 44.254070283000033 ], [ 19.416629791000048, 44.25390625100016 ], [ 19.395334244000082, 44.25175476000004 ], [ 19.393381119000082, 44.251903534000064 ], [ 19.391656876000127, 44.25241851800007 ], [ 19.389776230000109, 44.253742218000184 ], [ 19.388256072000104, 44.255504608000138 ], [ 19.383310317999985, 44.261833192000097 ], [ 19.382164001000092, 44.264087678000124 ], [ 19.382049561000031, 44.266044617000148 ], [ 19.384101867000027, 44.272129060000054 ], [ 19.38405799800006, 44.27447891200012 ], [ 19.383491516000049, 44.275829316000113 ], [ 19.381898879000175, 44.278087616000107 ], [ 19.379987717000176, 44.280017852000128 ], [ 19.373153687000126, 44.285682678000057 ], [ 19.371080399000164, 44.287651062 ], [ 19.369441985000151, 44.28974533000013 ], [ 19.368270873000085, 44.292434693000132 ], [ 19.366846084000031, 44.298076630000025 ], [ 19.365690232000134, 44.300758361000135 ], [ 19.364257812000119, 44.302608490000011 ], [ 19.360345840999969, 44.305915833000029 ], [ 19.35775566000018, 44.307556152000132 ], [ 19.35492897000006, 44.30897903400006 ], [ 19.350315094000052, 44.310611725000058 ], [ 19.33777618400012, 44.314434052000081 ], [ 19.332630158000143, 44.316741943000125 ], [ 19.319372177000162, 44.325359344000049 ], [ 19.316631318000134, 44.326950074000194 ], [ 19.313722610000184, 44.328304292000155 ], [ 19.308946610000078, 44.329643250000117 ], [ 19.305173874, 44.330131530000187 ], [ 19.297321320000094, 44.330463410000107 ], [ 19.268491745000119, 44.330364228000064 ], [ 19.253784180000082, 44.329612733000147 ], [ 19.250156403, 44.329727174000141 ], [ 19.238285064000024, 44.328563691000056 ], [ 19.231777192000152, 44.327556610000102 ], [ 19.229217529000039, 44.326946258000078 ], [ 19.222230912000043, 44.324409485000047 ], [ 19.218879700000059, 44.323501587000067 ], [ 19.215972901000157, 44.323333741000056 ], [ 19.213933945000065, 44.323551179000106 ], [ 19.211095810000131, 44.324172973000032 ], [ 19.209180833000062, 44.324851990000184 ], [ 19.205436707000047, 44.32671356200018 ], [ 19.203748703000031, 44.327915191000045 ], [ 19.202409743000089, 44.32933426000011 ], [ 19.201372147000029, 44.330924987 ], [ 19.198287965000077, 44.337413789000095 ], [ 19.196439743000099, 44.339668274000189 ], [ 19.190227508000078, 44.345832826000105 ], [ 19.189262390000181, 44.347763061000194 ], [ 19.189416885000071, 44.349048614000083 ], [ 19.190250396000067, 44.35018921000011 ], [ 19.191703796000013, 44.35110092300016 ], [ 19.193597793000151, 44.351810456000123 ], [ 19.209529877000136, 44.355720519000101 ], [ 19.227769852000051, 44.363155365000125 ], [ 19.234334946000047, 44.365169525000113 ], [ 19.236431122000113, 44.366485596000075 ], [ 19.239269256000114, 44.37104416000011 ], [ 19.24081611600019, 44.372768403000066 ], [ 19.242786408000143, 44.374416353000129 ], [ 19.245107651000069, 44.375961305000089 ], [ 19.253028870000094, 44.380241393000176 ], [ 19.262258530000111, 44.385604859000068 ], [ 19.263385773000039, 44.393993378000175 ], [ 19.263387680000108, 44.396629334000124 ], [ 19.263000488000046, 44.399135589000139 ], [ 19.262123109000186, 44.401435852000134 ], [ 19.26032447700004, 44.403850555000133 ], [ 19.252054214000111, 44.410396576000096 ], [ 19.251182556000117, 44.411529542000039 ], [ 19.251045227000191, 44.413059236000095 ], [ 19.252054214000111, 44.414775849000137 ], [ 19.254560470000172, 44.417816162000065 ], [ 19.257553100000166, 44.423851014000036 ], [ 19.259521484000118, 44.426548005000029 ], [ 19.261167526000065, 44.428337097000053 ], [ 19.263149262000127, 44.429801941000107 ], [ 19.26494407600012, 44.430549621000182 ], [ 19.274841310000113, 44.432952881000062 ], [ 19.287639617000082, 44.437232971000185 ], [ 19.290664674000141, 44.437698365000131 ], [ 19.296922684000151, 44.437736512000185 ], [ 19.305957795000154, 44.436458588000164 ], [ 19.307348251000064, 44.43648529100011 ], [ 19.309822082000039, 44.436904908000145 ], [ 19.312242507000178, 44.43769455000006 ], [ 19.319677353000031, 44.441238404000046 ], [ 19.32796668900005, 44.444774627000129 ], [ 19.334745407000128, 44.447265626000103 ], [ 19.348611832000188, 44.451629639000146 ], [ 19.354749679000065, 44.454826356000069 ], [ 19.357509613000161, 44.455993653000064 ], [ 19.35952949600005, 44.456432343000131 ], [ 19.361652375000119, 44.456588746000193 ], [ 19.364505769000118, 44.456378936000078 ], [ 19.36667442300012, 44.455863952000072 ], [ 19.368682862000128, 44.455047608000029 ], [ 19.370471954000038, 44.453948975000174 ], [ 19.387395859000094, 44.440460205000193 ], [ 19.389900206999982, 44.438972473000035 ], [ 19.39272880599998, 44.438171388000114 ], [ 19.395986557000185, 44.438278198000035 ], [ 19.400321960000156, 44.439498901999968 ], [ 19.403083802000026, 44.440841675000172 ], [ 19.405702592000182, 44.442455291000101 ], [ 19.410524368000154, 44.446102142000086 ], [ 19.412628174000133, 44.44807052699997 ], [ 19.414386749000073, 44.450145721000126 ], [ 19.416837691000183, 44.454273225000179 ], [ 19.418857574000072, 44.457004548000157 ], [ 19.420473099000105, 44.458835601000033 ], [ 19.422401429000104, 44.460353852000139 ], [ 19.426103593, 44.461776734000125 ], [ 19.430915833000086, 44.463035583000078 ], [ 19.436031341000046, 44.4640426630001 ], [ 19.44648552000001, 44.465488433000189 ], [ 19.449537278000093, 44.465637207000043 ], [ 19.459917068000095, 44.46470642100013 ], [ 19.463026048000074, 44.464752198000099 ], [ 19.466075898000042, 44.465087891000053 ], [ 19.477268218000063, 44.467613220000032 ], [ 19.480297090000022, 44.467903138000054 ], [ 19.483369826000057, 44.467845916000101 ], [ 19.486379623000175, 44.467437744000108 ], [ 19.494447708000052, 44.465194702000133 ], [ 19.497419357000183, 44.464862824000193 ], [ 19.500423431000058, 44.464988709000068 ], [ 19.503963471000191, 44.465698243000134 ], [ 19.509265900000059, 44.467357635000099 ], [ 19.512502671000107, 44.468059541000116 ], [ 19.524553299000104, 44.469844819 ], [ 19.527616499999965, 44.470844269000111 ], [ 19.53020858800005, 44.470870972000114 ], [ 19.531368255000189, 44.470832826000162 ], [ 19.532478332000096, 44.470714570000155 ], [ 19.533445358000165, 44.470508576000157 ], [ 19.534347535000109, 44.470222472000103 ], [ 19.535171509000065, 44.469879151000043 ], [ 19.535892487000069, 44.46946334900008 ], [ 19.536470411999971, 44.468952180000144 ], [ 19.536939620999988, 44.468379976000051 ], [ 19.537319184000069, 44.467769622 ], [ 19.537597657000106, 44.467136383000081 ], [ 19.537755967000066, 44.466430664000086 ], [ 19.537925720000146, 44.465038299000071 ], [ 19.538089753000122, 44.464424133000023 ], [ 19.538446427000167, 44.463947296000129 ], [ 19.539102555000113, 44.463684083000089 ], [ 19.539964676000125, 44.463562012000011 ], [ 19.54301834100005, 44.463397980000138 ], [ 19.544076919000076, 44.463283538999974 ], [ 19.546260833000133, 44.462955474000125 ], [ 19.549810410000077, 44.462322235000045 ], [ 19.550783158000115, 44.460872650999988 ], [ 19.55132675100009, 44.459350585000038 ], [ 19.551597596000022, 44.455425264000041 ], [ 19.55200386000007, 44.454017640000075 ], [ 19.561016081999981, 44.445697785000164 ] ] ] ] } },
{ "type": "Feature", "properties": { "fid": 65, "GID_2": "SRB.8.4_1", "GID_0": "SRB", "COUNTRY": "Serbia", "GID_1": "SRB.8_1", "NAME_1": "Mačvanski", "NL_NAME_1": "Мачвански", "NAME_2": "Ljubovija", "VARNAME_2": "NA", "NL_NAME_2": "Љубовија", "TYPE_2": "Opštine", "ENGTYPE_2": "Town|Municipal", "CC_2": "NA", "HASC_2": "NA" }, "geometry": { "type": "MultiPolygon", "coordinates": [ [ [ [ 19.509372712000015, 44.090168 ], [ 19.498180390000186, 44.099819183000193 ], [ 19.490615846000082, 44.109981537000124 ], [ 19.482572556000036, 44.119754792000037 ], [ 19.472082137000029, 44.128047943000126 ], [ 19.468740463000131, 44.136043548000089 ], [ 19.468713760000128, 44.136951448000048 ], [ 19.468492509000043, 44.144439698000042 ], [ 19.465555191000192, 44.151641846000132 ], [ 19.461500169000033, 44.150161744000059 ], [ 19.45583152800009, 44.148094177000189 ], [ 19.440719605000027, 44.146205902000133 ], [ 19.428644180000163, 44.147602082000049 ], [ 19.419523239000171, 44.153022766 ], [ 19.411096572000076, 44.161659241000052 ], [ 19.401742936000119, 44.170459747999985 ], [ 19.397590637000178, 44.1736564630001 ], [ 19.39170646600013, 44.178188325000065 ], [ 19.379539491, 44.183414460000051 ], [ 19.36509323100006, 44.189750672000059 ], [ 19.360923766000099, 44.192279816000109 ], [ 19.351837158000023, 44.197792054 ], [ 19.349016190000043, 44.209506988000101 ], [ 19.345870971000124, 44.218173981 ], [ 19.337497711000083, 44.227027894000116 ], [ 19.339591979000033, 44.235267640000131 ], [ 19.339939118000075, 44.23663330100004 ], [ 19.338666916000136, 44.248081208000031 ], [ 19.337051392000035, 44.249717712000063 ], [ 19.330699920000143, 44.256149293000078 ], [ 19.324014664000174, 44.266384125000172 ], [ 19.322956085000044, 44.268005371000186 ], [ 19.313276291000079, 44.278995514000087 ], [ 19.312768937000044, 44.278995514000087 ], [ 19.302368165000132, 44.278980256000068 ], [ 19.29240989800013, 44.278793335000159 ], [ 19.283601760000181, 44.282230378000065 ], [ 19.279905320000069, 44.282417297000165 ], [ 19.269950866000102, 44.282920838000166 ], [ 19.258264541000131, 44.279453278000119 ], [ 19.242841720000115, 44.275669098000037 ], [ 19.233249664000141, 44.275283813000044 ], [ 19.230342865000068, 44.277378083000144 ], [ 19.227602006000041, 44.27995681900012 ], [ 19.226821900000118, 44.281181336000145 ], [ 19.226188660000162, 44.28289413400006 ], [ 19.225961685000129, 44.284629823000103 ], [ 19.22620010300011, 44.286907197000062 ], [ 19.22920227100019, 44.296707154000046 ], [ 19.235857010000018, 44.31125640800002 ], [ 19.239175795999984, 44.31636047500001 ], [ 19.250156403, 44.329727174000141 ], [ 19.253784180000082, 44.329612733000147 ], [ 19.268491745000119, 44.330364228000064 ], [ 19.297321320000094, 44.330463410000107 ], [ 19.305173874, 44.330131530000187 ], [ 19.308946610000078, 44.329643250000117 ], [ 19.313722610000184, 44.328304292000155 ], [ 19.316631318000134, 44.326950074000194 ], [ 19.319372177000162, 44.325359344000049 ], [ 19.332630158000143, 44.316741943000125 ], [ 19.33777618400012, 44.314434052000081 ], [ 19.350315094000052, 44.310611725000058 ], [ 19.35492897000006, 44.30897903400006 ], [ 19.35775566000018, 44.307556152000132 ], [ 19.360345840999969, 44.305915833000029 ], [ 19.364257812000119, 44.302608490000011 ], [ 19.365690232000134, 44.300758361000135 ], [ 19.366846084000031, 44.298076630000025 ], [ 19.368270873000085, 44.292434693000132 ], [ 19.369441985000151, 44.28974533000013 ], [ 19.371080399000164, 44.287651062 ], [ 19.373153687000126, 44.285682678000057 ], [ 19.379987717000176, 44.280017852000128 ], [ 19.381898879000175, 44.278087616000107 ], [ 19.383491516000049, 44.275829316000113 ], [ 19.38405799800006, 44.27447891200012 ], [ 19.384101867000027, 44.272129060000054 ], [ 19.382049561000031, 44.266044617000148 ], [ 19.382164001000092, 44.264087678000124 ], [ 19.383310317999985, 44.261833192000097 ], [ 19.388256072000104, 44.255504608000138 ], [ 19.389776230000109, 44.253742218000184 ], [ 19.391656876000127, 44.25241851800007 ], [ 19.393381119000082, 44.251903534000064 ], [ 19.395334244000082, 44.25175476000004 ], [ 19.416629791000048, 44.25390625100016 ], [ 19.425718307000125, 44.254070283000033 ], [ 19.429561615000125, 44.251087189000145 ], [ 19.441707611000027, 44.244377137000072 ], [ 19.446981431000097, 44.242225648000101 ], [ 19.457452774000103, 44.239288331000182 ], [ 19.464187622000111, 44.236541747000103 ], [ 19.467420579000191, 44.236045839000099 ], [ 19.476470947999985, 44.235160827000072 ], [ 19.490165710000156, 44.232952119000117 ], [ 19.493223189999981, 44.232181550000064 ], [ 19.496002198000099, 44.231082916000105 ], [ 19.49860572800003, 44.229469300000176 ], [ 19.503524781000124, 44.225891113000102 ], [ 19.505491258000063, 44.224815370000044 ], [ 19.509468079000044, 44.223064423000039 ], [ 19.514270782000096, 44.221733093000182 ], [ 19.516305924000108, 44.221427919000121 ], [ 19.519210816000111, 44.221328736000032 ], [ 19.527868271000102, 44.221969604000094 ], [ 19.52990913400015, 44.221698760999971 ], [ 19.531818389000136, 44.22107315 ], [ 19.533550263000052, 44.220123290000117 ], [ 19.540960312000038, 44.215103150000061 ], [ 19.543951035000134, 44.213695526000095 ], [ 19.554035187000181, 44.210601807000046 ], [ 19.556283951000069, 44.209754944000053 ], [ 19.559118271000102, 44.208255769000061 ], [ 19.561401368000077, 44.206352235000111 ], [ 19.568876266000018, 44.198337555000137 ], [ 19.57669067400019, 44.189304351000033 ], [ 19.575828552000075, 44.188781739000092 ], [ 19.575025559000153, 44.187465668000186 ], [ 19.574853898000072, 44.186508180000033 ], [ 19.575042725000174, 44.185031891000165 ], [ 19.577915192000091, 44.177986146000137 ], [ 19.579835892000176, 44.171905518000074 ], [ 19.580629349000048, 44.170539857000165 ], [ 19.581460953000089, 44.169696807000037 ], [ 19.582511902000078, 44.169055940000192 ], [ 19.584358216000112, 44.168514252000136 ], [ 19.589328766000108, 44.16769027800018 ], [ 19.591535568000097, 44.167079925000053 ], [ 19.593566895000038, 44.166213989000141 ], [ 19.595333100000062, 44.165065765000179 ], [ 19.598947525000085, 44.162078858000029 ], [ 19.60262680000011, 44.158512116000168 ], [ 19.606418610000162, 44.15344619800004 ], [ 19.609386444000052, 44.14891052300004 ], [ 19.611431122000113, 44.146831513000166 ], [ 19.614322663000166, 44.145069123000155 ], [ 19.61815261900017, 44.143665315000192 ], [ 19.618799210000134, 44.140388489000145 ], [ 19.618587495000099, 44.137840272000062 ], [ 19.617589951000184, 44.135421754000163 ], [ 19.612707137000086, 44.129234314000144 ], [ 19.609329224000135, 44.123310089000142 ], [ 19.607410431000062, 44.121444700999973 ], [ 19.604991913000163, 44.119937898000103 ], [ 19.602933884000151, 44.119094849000078 ], [ 19.59873771700012, 44.118110657000159 ], [ 19.595813751000151, 44.118045807000158 ], [ 19.590776444000028, 44.11883163400006 ], [ 19.586631775000171, 44.119895936000034 ], [ 19.578626632000123, 44.121459962000074 ], [ 19.576625824000132, 44.121696473000043 ], [ 19.573810577000188, 44.121585846000016 ], [ 19.571247100999983, 44.120983124000077 ], [ 19.561311721000038, 44.117675782000163 ], [ 19.559251785000129, 44.117111206000175 ], [ 19.550170899000022, 44.115390778000119 ], [ 19.547981262000121, 44.114711761000137 ], [ 19.546026230000166, 44.113800048000144 ], [ 19.542903901000045, 44.111297608000029 ], [ 19.540529252000113, 44.108695984000065 ], [ 19.53220176700006, 44.097290039000029 ], [ 19.529554368000106, 44.094955445000096 ], [ 19.527040482000132, 44.093509675 ], [ 19.522916794000139, 44.092388152000069 ], [ 19.512573241999974, 44.090568542000142 ], [ 19.509372712000015, 44.090168 ] ] ] ] } },
{ "type": "Feature", "properties": { "fid": 66, "GID_2": "SRB.8.5_1", "GID_0": "SRB", "COUNTRY": "Serbia", "GID_1": "SRB.8_1", "NAME_1": "Mačvanski", "NL_NAME_1": "Мачвански", "NAME_2": "Loznica", "VARNAME_2": "Ad Drinum.", "NL_NAME_2": "Лозница", "TYPE_2": "Opštine", "ENGTYPE_2": "Town|Municipal", "CC_2": "NA", "HASC_2": "NA" }, "geometry": { "type": "MultiPolygon", "coordinates": [ [ [ [ 19.184440613000106, 44.574283601000047 ], [ 19.182886123000117, 44.57732009800003 ], [ 19.190677643000129, 44.588169099000027 ], [ 19.206909179000036, 44.588012696000135 ], [ 19.215246199999967, 44.590164185000049 ], [ 19.220211030000087, 44.595287323000093 ], [ 19.227947235000102, 44.60590362500011 ], [ 19.232254029000103, 44.616161346000183 ], [ 19.237251281, 44.629631041999971 ], [ 19.245668410000064, 44.638221742000098 ], [ 19.2507305150001, 44.64667129500009 ], [ 19.252172470000119, 44.655269623000095 ], [ 19.258121491000054, 44.665473939000094 ], [ 19.265541077000023, 44.677112579000152 ], [ 19.275362014, 44.68999862600009 ], [ 19.289308548000065, 44.698116303000177 ], [ 19.296848296, 44.703636170000095 ], [ 19.305387496000094, 44.702968598000098 ], [ 19.30769157400016, 44.702514649000136 ], [ 19.309768677000136, 44.701820374000135 ], [ 19.312374116000171, 44.700275422000061 ], [ 19.3179969790001, 44.695716859000072 ], [ 19.327516555999978, 44.690643311000031 ], [ 19.329563141000165, 44.688957214000084 ], [ 19.332452774000046, 44.684223175000113 ], [ 19.334236145000091, 44.682342529000152 ], [ 19.336477280000167, 44.680618286000026 ], [ 19.342466354000067, 44.676792145000093 ], [ 19.344497681000178, 44.675243377000186 ], [ 19.348775864000061, 44.671302795000088 ], [ 19.350967407000098, 44.670108796000193 ], [ 19.352861404000066, 44.669761658000027 ], [ 19.354970932000185, 44.669731141000113 ], [ 19.361925125000084, 44.670597076999968 ], [ 19.364990234000118, 44.670791625999982 ], [ 19.368097305000106, 44.670642854000107 ], [ 19.372795105000137, 44.669620512999984 ], [ 19.375734330000057, 44.668323517000147 ], [ 19.378211976000046, 44.666591644000107 ], [ 19.380805970000097, 44.664039612000181 ], [ 19.383617402000027, 44.660083771000188 ], [ 19.387933732000079, 44.655471803000125 ], [ 19.390851974000157, 44.651500702000078 ], [ 19.391784667000138, 44.649021148000088 ], [ 19.39224624600007, 44.646343232000049 ], [ 19.392578124000124, 44.629257202000133 ], [ 19.393234253000173, 44.623687744000108 ], [ 19.394187927000189, 44.621086121000076 ], [ 19.395456314000057, 44.619163514000036 ], [ 19.40051650900017, 44.613758088000111 ], [ 19.402803421000044, 44.612037660000055 ], [ 19.405481339000062, 44.610614776000091 ], [ 19.407718659000125, 44.609790802000134 ], [ 19.410102843, 44.609157563000053 ], [ 19.419502258000136, 44.607421876000046 ], [ 19.426546096000095, 44.605319978000011 ], [ 19.431732177000129, 44.60351562600016 ], [ 19.434328078000078, 44.602901459 ], [ 19.437150955000163, 44.60274887200012 ], [ 19.448959351000155, 44.60420608600009 ], [ 19.450885772000163, 44.604282379000097 ], [ 19.452995300000055, 44.604034425000179 ], [ 19.455005645000028, 44.60343551700015 ], [ 19.463777543, 44.598560333000194 ], [ 19.476011276000179, 44.594337463000045 ], [ 19.478849412000159, 44.592891693000126 ], [ 19.481445313000108, 44.591236115000129 ], [ 19.485357284000031, 44.587940216000163 ], [ 19.486797332000151, 44.586143494000169 ], [ 19.487806319000072, 44.584133148000092 ], [ 19.489038467000057, 44.580635071000131 ], [ 19.489816666000024, 44.57929992600009 ], [ 19.491674423000177, 44.577774047000048 ], [ 19.49491501000017, 44.576091766 ], [ 19.497207642000149, 44.574607849000074 ], [ 19.503616333000082, 44.567653655000015 ], [ 19.508178711000085, 44.563102722000167 ], [ 19.509195329000022, 44.561748506000015 ], [ 19.510232925000082, 44.559440613000106 ], [ 19.511930465000034, 44.549331664000078 ], [ 19.513389588000052, 44.543197632000101 ], [ 19.514175415000125, 44.541000366000162 ], [ 19.517063140000062, 44.535991669000111 ], [ 19.52052879300004, 44.531166078000069 ], [ 19.524553299000104, 44.52656936700015 ], [ 19.526744841999971, 44.524734497000168 ], [ 19.529281615000173, 44.52307891900017 ], [ 19.535915374000069, 44.519439698000042 ], [ 19.540491103000022, 44.516391753 ], [ 19.544183731000032, 44.51308822600015 ], [ 19.54534149300008, 44.511322021000126 ], [ 19.545770645000061, 44.509342193000066 ], [ 19.545633316000192, 44.507911683000032 ], [ 19.544065475000025, 44.499740600000109 ], [ 19.543378831000041, 44.497520446000124 ], [ 19.540945054000019, 44.49237442000009 ], [ 19.538772583000139, 44.488910675000113 ], [ 19.532384873000069, 44.483074189000035 ], [ 19.530420303000085, 44.480922699000189 ], [ 19.528848648000178, 44.478565216000106 ], [ 19.527969361000146, 44.476165771000069 ], [ 19.527574540000046, 44.473777771000186 ], [ 19.527616499999965, 44.470844269000111 ], [ 19.524553299000104, 44.469844819 ], [ 19.512502671000107, 44.468059541000116 ], [ 19.509265900000059, 44.467357635000099 ], [ 19.503963471000191, 44.465698243000134 ], [ 19.500423431000058, 44.464988709000068 ], [ 19.497419357000183, 44.464862824000193 ], [ 19.494447708000052, 44.465194702000133 ], [ 19.486379623000175, 44.467437744000108 ], [ 19.483369826000057, 44.467845916000101 ], [ 19.480297090000022, 44.467903138000054 ], [ 19.477268218000063, 44.467613220000032 ], [ 19.466075898000042, 44.465087891000053 ], [ 19.463026048000074, 44.464752198000099 ], [ 19.459917068000095, 44.46470642100013 ], [ 19.449537278000093, 44.465637207000043 ], [ 19.44648552000001, 44.465488433000189 ], [ 19.436031341000046, 44.4640426630001 ], [ 19.430915833000086, 44.463035583000078 ], [ 19.426103593, 44.461776734000125 ], [ 19.422401429000104, 44.460353852000139 ], [ 19.420473099000105, 44.458835601000033 ], [ 19.418857574000072, 44.457004548000157 ], [ 19.416837691000183, 44.454273225000179 ], [ 19.414386749000073, 44.450145721000126 ], [ 19.412628174000133, 44.44807052699997 ], [ 19.410524368000154, 44.446102142000086 ], [ 19.405702592000182, 44.442455291000101 ], [ 19.403083802000026, 44.440841675000172 ], [ 19.400321960000156, 44.439498901999968 ], [ 19.395986557000185, 44.438278198000035 ], [ 19.39272880599998, 44.438171388000114 ], [ 19.389900206999982, 44.438972473000035 ], [ 19.387395859000094, 44.440460205000193 ], [ 19.370471954000038, 44.453948975000174 ], [ 19.368682862000128, 44.455047608000029 ], [ 19.36667442300012, 44.455863952000072 ], [ 19.364505769000118, 44.456378936000078 ], [ 19.361652375000119, 44.456588746000193 ], [ 19.35952949600005, 44.456432343000131 ], [ 19.357509613000161, 44.455993653000064 ], [ 19.354749679000065, 44.454826356000069 ], [ 19.348611832000188, 44.451629639000146 ], [ 19.334745407000128, 44.447265626000103 ], [ 19.32796668900005, 44.444774627000129 ], [ 19.319677353000031, 44.441238404000046 ], [ 19.312242507000178, 44.43769455000006 ], [ 19.309822082000039, 44.436904908000145 ], [ 19.307348251000064, 44.43648529100011 ], [ 19.305957795000154, 44.436458588000164 ], [ 19.296922684000151, 44.437736512000185 ], [ 19.290664674000141, 44.437698365000131 ], [ 19.287639617000082, 44.437232971000185 ], [ 19.274841310000113, 44.432952881000062 ], [ 19.26494407600012, 44.430549621000182 ], [ 19.263149262000127, 44.429801941000107 ], [ 19.261167526000065, 44.428337097000053 ], [ 19.259521484000118, 44.426548005000029 ], [ 19.257553100000166, 44.423851014000036 ], [ 19.254560470000172, 44.417816162000065 ], [ 19.252054214000111, 44.414775849000137 ], [ 19.251045227000191, 44.413059236000095 ], [ 19.251182556000117, 44.411529542000039 ], [ 19.252054214000111, 44.410396576000096 ], [ 19.26032447700004, 44.403850555000133 ], [ 19.262123109000186, 44.401435852000134 ], [ 19.263000488000046, 44.399135589000139 ], [ 19.263387680000108, 44.396629334000124 ], [ 19.263385773000039, 44.393993378000175 ], [ 19.262258530000111, 44.385604859000068 ], [ 19.244424820000177, 44.389335632000098 ], [ 19.237794876000123, 44.390933991999987 ], [ 19.235366820000138, 44.391742707000049 ], [ 19.233152389000168, 44.392723083000135 ], [ 19.224184036, 44.398349762 ], [ 19.219749450999984, 44.40025711100003 ], [ 19.21561813400001, 44.401706696000133 ], [ 19.20942306500018, 44.403190613000106 ], [ 19.204687118000095, 44.404693603999988 ], [ 19.201807022000025, 44.406078339000089 ], [ 19.197093964000146, 44.409271241000113 ], [ 19.195323944000052, 44.41095352200017 ], [ 19.194030761000079, 44.412754059000179 ], [ 19.193368912000153, 44.41480255200014 ], [ 19.1933326730001, 44.41690063600015 ], [ 19.194133758000191, 44.421974182000042 ], [ 19.193592072000115, 44.427017213000113 ], [ 19.19377136300011, 44.429077149000193 ], [ 19.196847915000149, 44.436111451000102 ], [ 19.200767516000155, 44.441581725000106 ], [ 19.201494218000107, 44.443534852000141 ], [ 19.201496125000176, 44.44582748400012 ], [ 19.200616837000041, 44.447444915000119 ], [ 19.199102401000175, 44.448917389000087 ], [ 19.195394517000125, 44.451118469000107 ], [ 19.187416076000034, 44.455139160000158 ], [ 19.184848785000156, 44.456768037000188 ], [ 19.182640076999974, 44.458595277000029 ], [ 19.174615861000063, 44.467266083000027 ], [ 19.167306901000188, 44.47348022500006 ], [ 19.163158416000044, 44.477409364000039 ], [ 19.161216736000142, 44.479003906000173 ], [ 19.159061432000158, 44.480381013000112 ], [ 19.156728745000123, 44.481441498000038 ], [ 19.153755188000048, 44.482078553000065 ], [ 19.152393342000153, 44.48208999600007 ], [ 19.149507522000135, 44.481601715000068 ], [ 19.139362336000033, 44.478740692000031 ], [ 19.136129380000057, 44.478130340000178 ], [ 19.129539489000081, 44.477245331000063 ], [ 19.129091263000134, 44.478366851000089 ], [ 19.128490447000161, 44.479873657000098 ], [ 19.126008988000081, 44.489570619 ], [ 19.124208451000072, 44.496604919000106 ], [ 19.122669219000045, 44.510475158000133 ], [ 19.122179030999973, 44.526576996000131 ], [ 19.130668639000078, 44.533462525000061 ], [ 19.137168884000118, 44.533496857000102 ], [ 19.145629883000026, 44.533542634000071 ], [ 19.158163070000057, 44.533306123000102 ], [ 19.167688369000132, 44.537170409999987 ], [ 19.171615600000052, 44.54318237300015 ], [ 19.176038742000117, 44.550785065000184 ], [ 19.184827804000065, 44.559551238000154 ], [ 19.185218810000094, 44.560771943000134 ], [ 19.187580108000077, 44.568157196000072 ], [ 19.184440613000106, 44.574283601000047 ] ] ] ] } },
{ "type": "Feature", "properties": { "fid": 67, "GID_2": "SRB.8.6_1", "GID_0": "SRB", "COUNTRY": "Serbia", "GID_1": "SRB.8_1", "NAME_1": "Mačvanski", "NL_NAME_1": "Мачвански", "NAME_2": "Mali Zvornik", "VARNAME_2": "NA", "NL_NAME_2": "Мали Зворник", "TYPE_2": "Opštine", "ENGTYPE_2": "Town|Municipal", "CC_2": "NA", "HASC_2": "NA" }, "geometry": { "type": "MultiPolygon", "coordinates": [ [ [ [ 19.233249664000141, 44.275283813000044 ], [ 19.230474473000129, 44.275173187000121 ], [ 19.220045090000042, 44.277690888000166 ], [ 19.210992813000075, 44.284507752000195 ], [ 19.207168578999983, 44.291130065 ], [ 19.203916549000041, 44.292240142000139 ], [ 19.19584464999997, 44.294986726 ], [ 19.183950423000056, 44.293930054000157 ], [ 19.169553756000028, 44.293308257000149 ], [ 19.153772354000068, 44.294586182000103 ], [ 19.146009445000175, 44.302368164000029 ], [ 19.137956620000068, 44.312843323000152 ], [ 19.137136458999976, 44.313911438000162 ], [ 19.125967026000183, 44.323459625000169 ], [ 19.119268417000058, 44.334636688999979 ], [ 19.118946075, 44.344001770000091 ], [ 19.114978791000055, 44.352317810000045 ], [ 19.107231141000057, 44.359130859000174 ], [ 19.107799530000136, 44.367145539000035 ], [ 19.109622955000077, 44.374958038000102 ], [ 19.103696823000064, 44.383369445000028 ], [ 19.101701737000155, 44.393733978000057 ], [ 19.106697083000142, 44.405292512000187 ], [ 19.121145248000175, 44.411178588000098 ], [ 19.133483886000022, 44.417659759000173 ], [ 19.139419556000178, 44.432159424000076 ], [ 19.139005662000045, 44.451572418000126 ], [ 19.134754181000062, 44.464241027000185 ], [ 19.134334563000152, 44.465290071000084 ], [ 19.132488252000087, 44.469894409000062 ], [ 19.129539489000081, 44.477245331000063 ], [ 19.136129380000057, 44.478130340000178 ], [ 19.139362336000033, 44.478740692000031 ], [ 19.149507522000135, 44.481601715000068 ], [ 19.152393342000153, 44.48208999600007 ], [ 19.153755188000048, 44.482078553000065 ], [ 19.156728745000123, 44.481441498000038 ], [ 19.159061432000158, 44.480381013000112 ], [ 19.161216736000142, 44.479003906000173 ], [ 19.163158416000044, 44.477409364000039 ], [ 19.167306901000188, 44.47348022500006 ], [ 19.174615861000063, 44.467266083000027 ], [ 19.182640076999974, 44.458595277000029 ], [ 19.184848785000156, 44.456768037000188 ], [ 19.187416076000034, 44.455139160000158 ], [ 19.195394517000125, 44.451118469000107 ], [ 19.199102401000175, 44.448917389000087 ], [ 19.200616837000041, 44.447444915000119 ], [ 19.201496125000176, 44.44582748400012 ], [ 19.201494218000107, 44.443534852000141 ], [ 19.200767516000155, 44.441581725000106 ], [ 19.196847915000149, 44.436111451000102 ], [ 19.19377136300011, 44.429077149000193 ], [ 19.193592072000115, 44.427017213000113 ], [ 19.194133758000191, 44.421974182000042 ], [ 19.1933326730001, 44.41690063600015 ], [ 19.193368912000153, 44.41480255200014 ], [ 19.194030761000079, 44.412754059000179 ], [ 19.195323944000052, 44.41095352200017 ], [ 19.197093964000146, 44.409271241000113 ], [ 19.201807022000025, 44.406078339000089 ], [ 19.204687118000095, 44.404693603999988 ], [ 19.20942306500018, 44.403190613000106 ], [ 19.21561813400001, 44.401706696000133 ], [ 19.219749450999984, 44.40025711100003 ], [ 19.224184036, 44.398349762 ], [ 19.233152389000168, 44.392723083000135 ], [ 19.235366820000138, 44.391742707000049 ], [ 19.237794876000123, 44.390933991999987 ], [ 19.244424820000177, 44.389335632000098 ], [ 19.262258530000111, 44.385604859000068 ], [ 19.253028870000094, 44.380241393000176 ], [ 19.245107651000069, 44.375961305000089 ], [ 19.242786408000143, 44.374416353000129 ], [ 19.24081611600019, 44.372768403000066 ], [ 19.239269256000114, 44.37104416000011 ], [ 19.236431122000113, 44.366485596000075 ], [ 19.234334946000047, 44.365169525000113 ], [ 19.227769852000051, 44.363155365000125 ], [ 19.209529877000136, 44.355720519000101 ], [ 19.193597793000151, 44.351810456000123 ], [ 19.191703796000013, 44.35110092300016 ], [ 19.190250396000067, 44.35018921000011 ], [ 19.189416885000071, 44.349048614000083 ], [ 19.189262390000181, 44.347763061000194 ], [ 19.190227508000078, 44.345832826000105 ], [ 19.196439743000099, 44.339668274000189 ], [ 19.198287965000077, 44.337413789000095 ], [ 19.201372147000029, 44.330924987 ], [ 19.202409743000089, 44.32933426000011 ], [ 19.203748703000031, 44.327915191000045 ], [ 19.205436707000047, 44.32671356200018 ], [ 19.209180833000062, 44.324851990000184 ], [ 19.211095810000131, 44.324172973000032 ], [ 19.213933945000065, 44.323551179000106 ], [ 19.215972901000157, 44.323333741000056 ], [ 19.218879700000059, 44.323501587000067 ], [ 19.222230912000043, 44.324409485000047 ], [ 19.229217529000039, 44.326946258000078 ], [ 19.231777192000152, 44.327556610000102 ], [ 19.238285064000024, 44.328563691000056 ], [ 19.250156403, 44.329727174000141 ], [ 19.239175795999984, 44.31636047500001 ], [ 19.235857010000018, 44.31125640800002 ], [ 19.22920227100019, 44.296707154000046 ], [ 19.22620010300011, 44.286907197000062 ], [ 19.225961685000129, 44.284629823000103 ], [ 19.226188660000162, 44.28289413400006 ], [ 19.226821900000118, 44.281181336000145 ], [ 19.227602006000041, 44.27995681900012 ], [ 19.230342865000068, 44.277378083000144 ], [ 19.233249664000141, 44.275283813000044 ] ] ] ] } },
{ "type": "Feature", "properties": { "fid": 68, "GID_2": "SRB.8.7_1", "GID_0": "SRB", "COUNTRY": "Serbia", "GID_1": "SRB.8_1", "NAME_1": "Mačvanski", "NL_NAME_1": "Мачвански", "NAME_2": "Šabac", "VARNAME_2": "NA", "NL_NAME_2": "Шабац", "TYPE_2": "Opštine", "ENGTYPE_2": "Town|Municipal", "CC_2": "NA", "HASC_2": "NA" }, "geometry": { "type": "MultiPolygon", "coordinates": [ [ [ [ 19.296848296, 44.703636170000095 ], [ 19.299352646000102, 44.705467225000177 ], [ 19.306138992000115, 44.710998535000044 ], [ 19.312305450000167, 44.719734192000146 ], [ 19.31670761100014, 44.726348877000078 ], [ 19.320238114000119, 44.725585938000108 ], [ 19.324409485000047, 44.725231172000065 ], [ 19.328481674000102, 44.725276947 ], [ 19.332336425999983, 44.725746156000184 ], [ 19.33449745300004, 44.72625732500012 ], [ 19.348594666000167, 44.730506897 ], [ 19.350702285000182, 44.731018068000139 ], [ 19.354549407000036, 44.731548310000107 ], [ 19.362693787000126, 44.731834411000079 ], [ 19.379404067000166, 44.731746674000192 ], [ 19.383514405000085, 44.731899262000013 ], [ 19.387495041000136, 44.732330322000166 ], [ 19.38994789100002, 44.732856751000099 ], [ 19.392267227000104, 44.733592988 ], [ 19.395128251000187, 44.734924316000047 ], [ 19.400447846000077, 44.73847580000006 ], [ 19.402841568000099, 44.740589142000147 ], [ 19.404775619000134, 44.742866516000106 ], [ 19.409185410000077, 44.750507356000128 ], [ 19.410820007000041, 44.752258301000097 ], [ 19.41276931800013, 44.753875732000097 ], [ 19.421098708000045, 44.759376527000029 ], [ 19.423061370000084, 44.761238099000082 ], [ 19.426097870000149, 44.764896393000072 ], [ 19.42800521900017, 44.766342163000104 ], [ 19.429786683000088, 44.767017365000015 ], [ 19.431840897000086, 44.767429352000136 ], [ 19.43484687800003, 44.767692566000051 ], [ 19.441225052000163, 44.767520906000073 ], [ 19.444387437000103, 44.767093658000022 ], [ 19.454877854000017, 44.764781952000078 ], [ 19.465093612000089, 44.762027741 ], [ 19.467092514000115, 44.761287689000085 ], [ 19.471094131000029, 44.759445190000122 ], [ 19.473007203, 44.758312225000111 ], [ 19.478059768000037, 44.753807068000071 ], [ 19.481155395000087, 44.750064850000058 ], [ 19.4842033380001, 44.743518829000152 ], [ 19.485214233000022, 44.742076874000134 ], [ 19.48806953400009, 44.739074708000089 ], [ 19.489898682000103, 44.737640381000119 ], [ 19.492456437000044, 44.736339570000098 ], [ 19.49455261300011, 44.735893249000185 ], [ 19.496837615000175, 44.735736847000055 ], [ 19.5029373160001, 44.736019135000106 ], [ 19.505149842000037, 44.736404420000099 ], [ 19.507194520000098, 44.737022399000182 ], [ 19.509876251000037, 44.738452911000024 ], [ 19.51288413900005, 44.740749359000176 ], [ 19.51837921200007, 44.746742249000079 ], [ 19.519886017000147, 44.748096466000106 ], [ 19.521663666000052, 44.749279023000156 ], [ 19.525444030000187, 44.751274109000065 ], [ 19.532592773000033, 44.754508973000156 ], [ 19.539571762000094, 44.758098602000075 ], [ 19.541458131000127, 44.759178162000069 ], [ 19.543535233000057, 44.760814667000034 ], [ 19.544853210000099, 44.762664796000081 ], [ 19.545148849000157, 44.76457595800008 ], [ 19.541984558000081, 44.774536132000151 ], [ 19.542011262000131, 44.776576994999971 ], [ 19.543207168000151, 44.779373169000053 ], [ 19.544487000000174, 44.781311034999987 ], [ 19.547063828000034, 44.783870697000054 ], [ 19.549140931000068, 44.785465241000168 ], [ 19.553796769000144, 44.78837585500014 ], [ 19.559751510000183, 44.791641236000032 ], [ 19.566486359000066, 44.796546936000027 ], [ 19.574674607000077, 44.801601410000103 ], [ 19.576911927000083, 44.803424836000147 ], [ 19.579082489000086, 44.806083680000029 ], [ 19.579742432000103, 44.808143617000042 ], [ 19.579713821000098, 44.810264589000042 ], [ 19.579006195000034, 44.812316895000038 ], [ 19.577310563000026, 44.814388275000169 ], [ 19.574798583000018, 44.816135406000058 ], [ 19.568954467000026, 44.819290162000129 ], [ 19.566419601000064, 44.821048737000069 ], [ 19.564672471000108, 44.823135377000028 ], [ 19.563875199000051, 44.825214387000131 ], [ 19.563692093000157, 44.827369690000182 ], [ 19.564096451000069, 44.829490662000183 ], [ 19.564882278000141, 44.831066131000057 ], [ 19.566091538000023, 44.832485200000121 ], [ 19.569597244000022, 44.834827423000036 ], [ 19.579280853000171, 44.839889527000025 ], [ 19.585992813000075, 44.84465026800018 ], [ 19.592636109000125, 44.848518371000068 ], [ 19.599788666000165, 44.854160308000132 ], [ 19.607198716000028, 44.858371735000162 ], [ 19.610624314000177, 44.860740662000126 ], [ 19.611839294000163, 44.862174989000096 ], [ 19.612684251000132, 44.863773346000073 ], [ 19.61329460200011, 44.865959168000074 ], [ 19.613813401000129, 44.874927521000075 ], [ 19.614324570000065, 44.877250672000173 ], [ 19.617271423000091, 44.881088257000158 ], [ 19.618688582, 44.883392333000188 ], [ 19.620775223000123, 44.889839172999984 ], [ 19.621820449000097, 44.89186477700008 ], [ 19.623607635000155, 44.893733978000114 ], [ 19.626008988000137, 44.895259857000156 ], [ 19.628131867000036, 44.89614868100017 ], [ 19.638841629000126, 44.899055482000051 ], [ 19.645776749000163, 44.90190124500009 ], [ 19.652919769, 44.906230926000092 ], [ 19.659231187000159, 44.910755158000143 ], [ 19.661069871000052, 44.911762237000062 ], [ 19.663404465000099, 44.91246795800015 ], [ 19.666057587000068, 44.912891388000162 ], [ 19.669471742000042, 44.912815094000052 ], [ 19.671773910000127, 44.912342072000172 ], [ 19.676454544000137, 44.910789489000081 ], [ 19.678812027000049, 44.909801483000194 ], [ 19.682670593000125, 44.907653810000056 ], [ 19.689901352, 44.902984619000165 ], [ 19.693746567000119, 44.901031495000041 ], [ 19.696111680000115, 44.900245668000139 ], [ 19.69861221300016, 44.899700165000183 ], [ 19.70191764700013, 44.899314881000123 ], [ 19.712226868000187, 44.898784637000119 ], [ 19.715650558000107, 44.898368834999985 ], [ 19.718282699000042, 44.897769929 ], [ 19.720804215000157, 44.896888733000083 ], [ 19.724796295000033, 44.894844055000021 ], [ 19.732404708000104, 44.890037537000069 ], [ 19.722085952000043, 44.883918763000054 ], [ 19.715713501000096, 44.879783631000066 ], [ 19.710510254999974, 44.875926971000183 ], [ 19.706701279000129, 44.872379304000162 ], [ 19.697942734000094, 44.860828401000049 ], [ 19.693124770000111, 44.855442048000157 ], [ 19.687887192000176, 44.848781586000086 ], [ 19.683025360000045, 44.843421935000094 ], [ 19.676103592000061, 44.833858490000068 ], [ 19.673309327000027, 44.828880311000034 ], [ 19.669347763000189, 44.814086915000132 ], [ 19.668670654000039, 44.793697357000099 ], [ 19.668077469000082, 44.790931703000012 ], [ 19.667001724000158, 44.78784942599998 ], [ 19.66610908399997, 44.782184601000154 ], [ 19.666074753000089, 44.758396148000031 ], [ 19.666667938000046, 44.752605439000035 ], [ 19.667594909000115, 44.749916076000034 ], [ 19.669242859, 44.747520446000067 ], [ 19.670545577000155, 44.746242524000195 ], [ 19.68404960700019, 44.736732482999969 ], [ 19.689689637000185, 44.733299255000134 ], [ 19.69262886000007, 44.731948854000052 ], [ 19.697448730000076, 44.73062515200013 ], [ 19.701360703000034, 44.73013687200006 ], [ 19.709461213000054, 44.729820252000138 ], [ 19.725839616000144, 44.729827882000052 ], [ 19.73379516600005, 44.73021698000008 ], [ 19.737550735000184, 44.730785370000035 ], [ 19.739641190000043, 44.73131561200006 ], [ 19.748588562000123, 44.734180451000043 ], [ 19.755603790000066, 44.736171722000051 ], [ 19.758684158000051, 44.736614228000064 ], [ 19.761865616000023, 44.736759187000075 ], [ 19.765060424000012, 44.736648559000173 ], [ 19.768188477000137, 44.736251831000175 ], [ 19.777818679000063, 44.733638763000158 ], [ 19.782968520000111, 44.73129653899997 ], [ 19.785690308000085, 44.729644775999986 ], [ 19.793825149000156, 44.723815918000184 ], [ 19.796316146000152, 44.721775055000194 ], [ 19.802867890000073, 44.715492247999975 ], [ 19.805572510000047, 44.713298798000039 ], [ 19.823646546000134, 44.699882507000098 ], [ 19.828708649000021, 44.695369720000031 ], [ 19.832630157000153, 44.691131591000101 ], [ 19.821727752000186, 44.680297851000091 ], [ 19.817140579000181, 44.676723481000067 ], [ 19.806558608000103, 44.669517518000077 ], [ 19.802152634000038, 44.664672852000194 ], [ 19.798517227000104, 44.661548615000072 ], [ 19.79461288400006, 44.658882140000117 ], [ 19.792955398000061, 44.658164979000048 ], [ 19.791213989000141, 44.657768250000174 ], [ 19.789190292000114, 44.657798767000088 ], [ 19.787183763000087, 44.658275604000039 ], [ 19.784938813000167, 44.65932846100003 ], [ 19.782911299999967, 44.660747528000115 ], [ 19.781173706000118, 44.662406923 ], [ 19.778089524000166, 44.666259766000053 ], [ 19.776189805000115, 44.66788864200015 ], [ 19.774450301000059, 44.668754578000062 ], [ 19.769683838000105, 44.670177460000161 ], [ 19.765642166000191, 44.67107391400009 ], [ 19.762702943000136, 44.67126464800009 ], [ 19.760528564000083, 44.67110443100006 ], [ 19.758472442000084, 44.670654297000112 ], [ 19.755706788000055, 44.66942596399997 ], [ 19.752420426000128, 44.667388916 ], [ 19.750036240000043, 44.665580749000071 ], [ 19.748775483000088, 44.664306642000099 ], [ 19.747129441000141, 44.661899567000148 ], [ 19.744497300000035, 44.655368805000137 ], [ 19.742481231000113, 44.652599336000037 ], [ 19.741109849000168, 44.651203155000076 ], [ 19.739501953000172, 44.650009155000077 ], [ 19.737560272000167, 44.649101257000098 ], [ 19.735353469000131, 44.648475647000168 ], [ 19.732303619000163, 44.648040772000172 ], [ 19.729099274000191, 44.647899628000062 ], [ 19.722635268000033, 44.648319245000039 ], [ 19.719554901000151, 44.648948670000152 ], [ 19.711547851000034, 44.652080536000142 ], [ 19.704492568000092, 44.654361726000047 ], [ 19.700824738, 44.654991150000058 ], [ 19.696989058999975, 44.65530777000015 ], [ 19.689182281000114, 44.655368805000137 ], [ 19.685352326000043, 44.65509414700017 ], [ 19.681707383000173, 44.654464723000103 ], [ 19.678964614000165, 44.653598785000042 ], [ 19.669092179000188, 44.649646760000167 ], [ 19.665565491000052, 44.647998810000104 ], [ 19.66410255500017, 44.647045136000031 ], [ 19.662815095000042, 44.645389558000034 ], [ 19.662376404000042, 44.643478393000066 ], [ 19.66284179600018, 44.641563416000167 ], [ 19.663721085000191, 44.640258790000019 ], [ 19.666425704000062, 44.637805940000135 ], [ 19.673507691000111, 44.633148194000057 ], [ 19.675762177000138, 44.631137848000151 ], [ 19.678012847, 44.628253937000181 ], [ 19.680614471000183, 44.623718262000182 ], [ 19.682964324000181, 44.615821838000159 ], [ 19.684358597000141, 44.612098693 ], [ 19.68531608700016, 44.610031128000116 ], [ 19.686983108000163, 44.607418060999976 ], [ 19.687862396000071, 44.60555267400008 ], [ 19.687868119000086, 44.604728700000123 ], [ 19.687179566000054, 44.603309631000059 ], [ 19.685737609000057, 44.602058409999984 ], [ 19.683969499000114, 44.601161958000091 ], [ 19.674545287000171, 44.598003387000119 ], [ 19.671867371000133, 44.596569062000185 ], [ 19.669544219999977, 44.59487533600003 ], [ 19.663448334000122, 44.589302062000058 ], [ 19.66147232000003, 44.587337495000099 ], [ 19.65986061100017, 44.585258485000054 ], [ 19.658840179000151, 44.583148956000059 ], [ 19.656198502000109, 44.575714111000138 ], [ 19.655687331000024, 44.573467255000025 ], [ 19.655309678000151, 44.568824768000013 ], [ 19.65517425500019, 44.559085846000187 ], [ 19.654945374000022, 44.556980133000138 ], [ 19.654357911000147, 44.555038452000133 ], [ 19.653188706000151, 44.553401947000168 ], [ 19.651800156000036, 44.552455903000066 ], [ 19.644731522000086, 44.548828125999989 ], [ 19.642473222000149, 44.547027589000152 ], [ 19.640491486000087, 44.544876098000032 ], [ 19.638809205000086, 44.542201995000028 ], [ 19.63749885600015, 44.536338806000117 ], [ 19.636817932000099, 44.534683228000119 ], [ 19.633792877000189, 44.529903411000134 ], [ 19.633213043000183, 44.527839662000133 ], [ 19.633213043000183, 44.522750854000094 ], [ 19.632844925000086, 44.521057129000042 ], [ 19.632036210000024, 44.519351959000176 ], [ 19.630783081000175, 44.517620086000136 ], [ 19.628505707000045, 44.515178681000179 ], [ 19.619722366000133, 44.507583618000183 ], [ 19.617118835999975, 44.508304597000063 ], [ 19.615106582000124, 44.508605958000032 ], [ 19.613229751000176, 44.508518219000109 ], [ 19.612045288000161, 44.508098602000132 ], [ 19.610057830000187, 44.506504060000168 ], [ 19.606227876, 44.50151443600015 ], [ 19.605510712000182, 44.498466493000137 ], [ 19.604885101000036, 44.492164613000057 ], [ 19.603761673000179, 44.48995590200019 ], [ 19.601688385000045, 44.488243104000048 ], [ 19.59754562400019, 44.486118317000034 ], [ 19.596343995000154, 44.485206604000155 ], [ 19.592317581000088, 44.47897720300017 ], [ 19.592025758000148, 44.477729797000165 ], [ 19.594903945000169, 44.474720001000151 ], [ 19.595108032000098, 44.474407196000129 ], [ 19.595216752000056, 44.474094391000108 ], [ 19.595169068000189, 44.473754883000083 ], [ 19.59501647999997, 44.473411559000112 ], [ 19.594570159999989, 44.472724915000128 ], [ 19.594015120999984, 44.472064971000066 ], [ 19.593667985000081, 44.471775055000023 ], [ 19.592750549000186, 44.471321106000062 ], [ 19.590429306000033, 44.470527649000019 ], [ 19.589288711999984, 44.470527649000019 ], [ 19.588800429, 44.470596314000147 ], [ 19.588582992000056, 44.470680236000135 ], [ 19.585300445000144, 44.472957611000027 ], [ 19.57174301200007, 44.473155975000054 ], [ 19.568433762000041, 44.473037719000047 ], [ 19.567035674000181, 44.472816468000133 ], [ 19.56597709700003, 44.472358705000033 ], [ 19.565378189000057, 44.47158050600018 ], [ 19.564439773000061, 44.465999604000103 ], [ 19.56374931300013, 44.464900970000144 ], [ 19.562660217000087, 44.464057923000098 ], [ 19.56130981400014, 44.463623048000102 ], [ 19.559694290000039, 44.463394165000068 ], [ 19.552272797000171, 44.462913512 ], [ 19.549810410000077, 44.462322235000045 ], [ 19.546260833000133, 44.462955474000125 ], [ 19.544076919000076, 44.463283538999974 ], [ 19.54301834100005, 44.463397980000138 ], [ 19.539964676000125, 44.463562012000011 ], [ 19.539102555000113, 44.463684083000089 ], [ 19.538446427000167, 44.463947296000129 ], [ 19.538089753000122, 44.464424133000023 ], [ 19.537925720000146, 44.465038299000071 ], [ 19.537755967000066, 44.466430664000086 ], [ 19.537597657000106, 44.467136383000081 ], [ 19.537319184000069, 44.467769622 ], [ 19.536939620999988, 44.468379976000051 ], [ 19.536470411999971, 44.468952180000144 ], [ 19.535892487000069, 44.46946334900008 ], [ 19.535171509000065, 44.469879151000043 ], [ 19.534347535000109, 44.470222472000103 ], [ 19.533445358000165, 44.470508576000157 ], [ 19.532478332000096, 44.470714570000155 ], [ 19.531368255000189, 44.470832826000162 ], [ 19.53020858800005, 44.470870972000114 ], [ 19.527616499999965, 44.470844269000111 ], [ 19.527574540000046, 44.473777771000186 ], [ 19.527969361000146, 44.476165771000069 ], [ 19.528848648000178, 44.478565216000106 ], [ 19.530420303000085, 44.480922699000189 ], [ 19.532384873000069, 44.483074189000035 ], [ 19.538772583000139, 44.488910675000113 ], [ 19.540945054000019, 44.49237442000009 ], [ 19.543378831000041, 44.497520446000124 ], [ 19.544065475000025, 44.499740600000109 ], [ 19.545633316000192, 44.507911683000032 ], [ 19.545770645000061, 44.509342193000066 ], [ 19.54534149300008, 44.511322021000126 ], [ 19.544183731000032, 44.51308822600015 ], [ 19.540491103000022, 44.516391753 ], [ 19.535915374000069, 44.519439698000042 ], [ 19.529281615000173, 44.52307891900017 ], [ 19.526744841999971, 44.524734497000168 ], [ 19.524553299000104, 44.52656936700015 ], [ 19.52052879300004, 44.531166078000069 ], [ 19.517063140000062, 44.535991669000111 ], [ 19.514175415000125, 44.541000366000162 ], [ 19.513389588000052, 44.543197632000101 ], [ 19.511930465000034, 44.549331664000078 ], [ 19.510232925000082, 44.559440613000106 ], [ 19.509195329000022, 44.561748506000015 ], [ 19.508178711000085, 44.563102722000167 ], [ 19.503616333000082, 44.567653655000015 ], [ 19.497207642000149, 44.574607849000074 ], [ 19.49491501000017, 44.576091766 ], [ 19.491674423000177, 44.577774047000048 ], [ 19.489816666000024, 44.57929992600009 ], [ 19.489038467000057, 44.580635071000131 ], [ 19.487806319000072, 44.584133148000092 ], [ 19.486797332000151, 44.586143494000169 ], [ 19.485357284000031, 44.587940216000163 ], [ 19.481445313000108, 44.591236115000129 ], [ 19.478849412000159, 44.592891693000126 ], [ 19.476011276000179, 44.594337463000045 ], [ 19.463777543, 44.598560333000194 ], [ 19.455005645000028, 44.60343551700015 ], [ 19.452995300000055, 44.604034425000179 ], [ 19.450885772000163, 44.604282379000097 ], [ 19.448959351000155, 44.60420608600009 ], [ 19.437150955000163, 44.60274887200012 ], [ 19.434328078000078, 44.602901459 ], [ 19.431732177000129, 44.60351562600016 ], [ 19.426546096000095, 44.605319978000011 ], [ 19.419502258000136, 44.607421876000046 ], [ 19.410102843, 44.609157563000053 ], [ 19.407718659000125, 44.609790802000134 ], [ 19.405481339000062, 44.610614776000091 ], [ 19.402803421000044, 44.612037660000055 ], [ 19.40051650900017, 44.613758088000111 ], [ 19.395456314000057, 44.619163514000036 ], [ 19.394187927000189, 44.621086121000076 ], [ 19.393234253000173, 44.623687744000108 ], [ 19.392578124000124, 44.629257202000133 ], [ 19.39224624600007, 44.646343232000049 ], [ 19.391784667000138, 44.649021148000088 ], [ 19.390851974000157, 44.651500702000078 ], [ 19.387933732000079, 44.655471803000125 ], [ 19.383617402000027, 44.660083771000188 ], [ 19.380805970000097, 44.664039612000181 ], [ 19.378211976000046, 44.666591644000107 ], [ 19.375734330000057, 44.668323517000147 ], [ 19.372795105000137, 44.669620512999984 ], [ 19.368097305000106, 44.670642854000107 ], [ 19.364990234000118, 44.670791625999982 ], [ 19.361925125000084, 44.670597076999968 ], [ 19.354970932000185, 44.669731141000113 ], [ 19.352861404000066, 44.669761658000027 ], [ 19.350967407000098, 44.670108796000193 ], [ 19.348775864000061, 44.671302795000088 ], [ 19.344497681000178, 44.675243377000186 ], [ 19.342466354000067, 44.676792145000093 ], [ 19.336477280000167, 44.680618286000026 ], [ 19.334236145000091, 44.682342529000152 ], [ 19.332452774000046, 44.684223175000113 ], [ 19.329563141000165, 44.688957214000084 ], [ 19.327516555999978, 44.690643311000031 ], [ 19.3179969790001, 44.695716859000072 ], [ 19.312374116000171, 44.700275422000061 ], [ 19.309768677000136, 44.701820374000135 ], [ 19.30769157400016, 44.702514649000136 ], [ 19.305387496000094, 44.702968598000098 ], [ 19.296848296, 44.703636170000095 ] ] ] ] } },
{ "type": "Feature", "properties": { "fid": 69, "GID_2": "SRB.8.8_1", "GID_0": "SRB", "COUNTRY": "Serbia", "GID_1": "SRB.8_1", "NAME_1": "Mačvanski", "NL_NAME_1": "Мачвански", "NAME_2": "Vladimirci", "VARNAME_2": "NA", "NL_NAME_2": "Владимирци", "TYPE_2": "Opštine", "ENGTYPE_2": "Town|Municipal", "CC_2": "NA", "HASC_2": "NA" }, "geometry": { "type": "MultiPolygon", "coordinates": [ [ [ [ 19.966598509999983, 44.628150940000126 ], [ 19.967294693000156, 44.60981369100017 ], [ 19.968593598000041, 44.605365753000171 ], [ 19.968587876000129, 44.60398864800004 ], [ 19.968103408000161, 44.602638245000094 ], [ 19.961950302000162, 44.595825195000032 ], [ 19.961194992, 44.593730927000138 ], [ 19.961248397000077, 44.592792511000084 ], [ 19.961751938000077, 44.591495515000076 ], [ 19.963352203000056, 44.589363098000149 ], [ 19.968309403000092, 44.584629058000132 ], [ 19.969270705000042, 44.583179475000179 ], [ 19.970184326000037, 44.580917359000068 ], [ 19.970987321000109, 44.575832366000043 ], [ 19.971078873000067, 44.564769745000149 ], [ 19.965988159000062, 44.564792634000185 ], [ 19.964845658000115, 44.564807892000033 ], [ 19.964359283000078, 44.564743041999975 ], [ 19.964145660000099, 44.564659120000158 ], [ 19.960922241000105, 44.562416077000137 ], [ 19.95111465400015, 44.558006286000193 ], [ 19.948091508000118, 44.556869507000044 ], [ 19.935445785000184, 44.553771972000163 ], [ 19.928512573000091, 44.550792695000098 ], [ 19.926897049, 44.550556184000186 ], [ 19.924297333000027, 44.550987244000112 ], [ 19.92174148600003, 44.552177430000029 ], [ 19.914676666999981, 44.556110381999986 ], [ 19.910234451000179, 44.55795669600019 ], [ 19.906143189000034, 44.559185028 ], [ 19.903127671000107, 44.559547425000062 ], [ 19.90007209800018, 44.559455871000125 ], [ 19.897705079000161, 44.559059143000184 ], [ 19.895429610000065, 44.5583992010001 ], [ 19.892560958000047, 44.557140350000111 ], [ 19.88984680100009, 44.555606843000191 ], [ 19.88124466000005, 44.54998397900016 ], [ 19.87675094500014, 44.547542573000158 ], [ 19.874717712, 44.546859741000105 ], [ 19.867649078000113, 44.54514312800012 ], [ 19.865751267, 44.544425964000084 ], [ 19.863506317000088, 44.543045044000053 ], [ 19.859018326000125, 44.539459229000101 ], [ 19.856821061000119, 44.53743362400013 ], [ 19.854896546000134, 44.535156250000171 ], [ 19.852561951000155, 44.530952453000054 ], [ 19.84992408800008, 44.524009705000083 ], [ 19.846502305000058, 44.524208069000167 ], [ 19.841857910000101, 44.524948121000079 ], [ 19.839555740000037, 44.525573731000179 ], [ 19.835220336000134, 44.527160645000038 ], [ 19.833326340000099, 44.528156282000054 ], [ 19.831260681000174, 44.529899598000043 ], [ 19.827899933000083, 44.533817292000037 ], [ 19.825748443000066, 44.535694123000155 ], [ 19.823194503000138, 44.537307739000084 ], [ 19.82107543900014, 44.538311005000139 ], [ 19.816825867000091, 44.539878846000079 ], [ 19.814741134000144, 44.540420532000155 ], [ 19.811670302999971, 44.540832521000027 ], [ 19.808542251000176, 44.54090499900019 ], [ 19.801395416000105, 44.54021453900009 ], [ 19.79862403900006, 44.540203094000105 ], [ 19.796699524000076, 44.540500641000108 ], [ 19.795034408000106, 44.54111862200017 ], [ 19.793292999000187, 44.542549134000069 ], [ 19.789661407000096, 44.548416139000096 ], [ 19.787790299000164, 44.550296784000182 ], [ 19.785423278000167, 44.551834106000058 ], [ 19.783405303000109, 44.552688599000135 ], [ 19.78127288800016, 44.553283692000093 ], [ 19.777936935000071, 44.55355835000006 ], [ 19.774871826000037, 44.552947999000082 ], [ 19.772397995000063, 44.551929474000133 ], [ 19.767694472000187, 44.549175262000119 ], [ 19.760887146000073, 44.544723511000143 ], [ 19.75815391500015, 44.543247224000083 ], [ 19.750179291000052, 44.540439605000074 ], [ 19.746261597000057, 44.537746429000151 ], [ 19.739231111000151, 44.530826569000112 ], [ 19.737567903000183, 44.529712677000134 ], [ 19.735641480000027, 44.528903962000129 ], [ 19.733520508000083, 44.528415679000148 ], [ 19.730707169000084, 44.528270722000116 ], [ 19.728622436000137, 44.528491975000065 ], [ 19.726661682000099, 44.52901840200019 ], [ 19.724079133000032, 44.530357360000096 ], [ 19.718425751000154, 44.534580231000177 ], [ 19.716070175000141, 44.535423280000032 ], [ 19.713447570000085, 44.535621644000116 ], [ 19.711006165000185, 44.535213470000087 ], [ 19.703386306000027, 44.532802582000102 ], [ 19.701513291000026, 44.532115937000015 ], [ 19.699905395000087, 44.531246186000089 ], [ 19.698303223000039, 44.529598237000073 ], [ 19.697303771000122, 44.527561189000096 ], [ 19.696718216000079, 44.524902344000111 ], [ 19.696510314000079, 44.522079467000083 ], [ 19.696653366000191, 44.513317109000184 ], [ 19.69724845900015, 44.504577637000068 ], [ 19.697654725000177, 44.501743317000034 ], [ 19.699159623000185, 44.495986939000147 ], [ 19.699235917000067, 44.493881226000099 ], [ 19.698614120000059, 44.491878510000106 ], [ 19.697082519999981, 44.489982606000126 ], [ 19.694850921000182, 44.48836135900018 ], [ 19.692850112000087, 44.48734665000012 ], [ 19.688665389000164, 44.485740662000126 ], [ 19.686559678000094, 44.485160827000186 ], [ 19.683401107000179, 44.484676362000187 ], [ 19.680116653000027, 44.48451232900004 ], [ 19.676805496000043, 44.484619142000042 ], [ 19.6735706340001, 44.485015870000041 ], [ 19.671138763000044, 44.485584259000063 ], [ 19.668880462000175, 44.486377717000153 ], [ 19.666574479000019, 44.487545014000034 ], [ 19.662302018000105, 44.49050521800018 ], [ 19.660915376000162, 44.492263795000099 ], [ 19.660734177000165, 44.493118287000129 ], [ 19.660938262000059, 44.494365693000134 ], [ 19.662645340000097, 44.497203827000135 ], [ 19.666244506000169, 44.500858308000034 ], [ 19.666961669000102, 44.50220489600008 ], [ 19.667089463000025, 44.503536225 ], [ 19.666114807000042, 44.505199433000143 ], [ 19.664791107000099, 44.506069184000069 ], [ 19.661373137999988, 44.507492066000054 ], [ 19.656650544000058, 44.508651733000136 ], [ 19.654579162000061, 44.508876801000156 ], [ 19.651605606999965, 44.508796692000146 ], [ 19.641965866000078, 44.506919862000132 ], [ 19.631128310000065, 44.505634309000072 ], [ 19.627277375, 44.505413056000179 ], [ 19.624826432000191, 44.505569458000139 ], [ 19.622644425000033, 44.506008149000081 ], [ 19.620122909000145, 44.507129669000165 ], [ 19.619722366000133, 44.507583618000183 ], [ 19.628505707000045, 44.515178681000179 ], [ 19.630783081000175, 44.517620086000136 ], [ 19.632036210000024, 44.519351959000176 ], [ 19.632844925000086, 44.521057129000042 ], [ 19.633213043000183, 44.522750854000094 ], [ 19.633213043000183, 44.527839662000133 ], [ 19.633792877000189, 44.529903411000134 ], [ 19.636817932000099, 44.534683228000119 ], [ 19.63749885600015, 44.536338806000117 ], [ 19.638809205000086, 44.542201995000028 ], [ 19.640491486000087, 44.544876098000032 ], [ 19.642473222000149, 44.547027589000152 ], [ 19.644731522000086, 44.548828125999989 ], [ 19.651800156000036, 44.552455903000066 ], [ 19.653188706000151, 44.553401947000168 ], [ 19.654357911000147, 44.555038452000133 ], [ 19.654945374000022, 44.556980133000138 ], [ 19.65517425500019, 44.559085846000187 ], [ 19.655309678000151, 44.568824768000013 ], [ 19.655687331000024, 44.573467255000025 ], [ 19.656198502000109, 44.575714111000138 ], [ 19.658840179000151, 44.583148956000059 ], [ 19.65986061100017, 44.585258485000054 ], [ 19.66147232000003, 44.587337495000099 ], [ 19.663448334000122, 44.589302062000058 ], [ 19.669544219999977, 44.59487533600003 ], [ 19.671867371000133, 44.596569062000185 ], [ 19.674545287000171, 44.598003387000119 ], [ 19.683969499000114, 44.601161958000091 ], [ 19.685737609000057, 44.602058409999984 ], [ 19.687179566000054, 44.603309631000059 ], [ 19.687868119000086, 44.604728700000123 ], [ 19.687862396000071, 44.60555267400008 ], [ 19.686983108000163, 44.607418060999976 ], [ 19.68531608700016, 44.610031128000116 ], [ 19.684358597000141, 44.612098693 ], [ 19.682964324000181, 44.615821838000159 ], [ 19.680614471000183, 44.623718262000182 ], [ 19.678012847, 44.628253937000181 ], [ 19.675762177000138, 44.631137848000151 ], [ 19.673507691000111, 44.633148194000057 ], [ 19.666425704000062, 44.637805940000135 ], [ 19.663721085000191, 44.640258790000019 ], [ 19.66284179600018, 44.641563416000167 ], [ 19.662376404000042, 44.643478393000066 ], [ 19.662815095000042, 44.645389558000034 ], [ 19.66410255500017, 44.647045136000031 ], [ 19.665565491000052, 44.647998810000104 ], [ 19.669092179000188, 44.649646760000167 ], [ 19.678964614000165, 44.653598785000042 ], [ 19.681707383000173, 44.654464723000103 ], [ 19.685352326000043, 44.65509414700017 ], [ 19.689182281000114, 44.655368805000137 ], [ 19.696989058999975, 44.65530777000015 ], [ 19.700824738, 44.654991150000058 ], [ 19.704492568000092, 44.654361726000047 ], [ 19.711547851000034, 44.652080536000142 ], [ 19.719554901000151, 44.648948670000152 ], [ 19.722635268000033, 44.648319245000039 ], [ 19.729099274000191, 44.647899628000062 ], [ 19.732303619000163, 44.648040772000172 ], [ 19.735353469000131, 44.648475647000168 ], [ 19.737560272000167, 44.649101257000098 ], [ 19.739501953000172, 44.650009155000077 ], [ 19.741109849000168, 44.651203155000076 ], [ 19.742481231000113, 44.652599336000037 ], [ 19.744497300000035, 44.655368805000137 ], [ 19.747129441000141, 44.661899567000148 ], [ 19.748775483000088, 44.664306642000099 ], [ 19.750036240000043, 44.665580749000071 ], [ 19.752420426000128, 44.667388916 ], [ 19.755706788000055, 44.66942596399997 ], [ 19.758472442000084, 44.670654297000112 ], [ 19.760528564000083, 44.67110443100006 ], [ 19.762702943000136, 44.67126464800009 ], [ 19.765642166000191, 44.67107391400009 ], [ 19.769683838000105, 44.670177460000161 ], [ 19.774450301000059, 44.668754578000062 ], [ 19.776189805000115, 44.66788864200015 ], [ 19.778089524000166, 44.666259766000053 ], [ 19.781173706000118, 44.662406923 ], [ 19.782911299999967, 44.660747528000115 ], [ 19.784938813000167, 44.65932846100003 ], [ 19.787183763000087, 44.658275604000039 ], [ 19.789190292000114, 44.657798767000088 ], [ 19.791213989000141, 44.657768250000174 ], [ 19.792955398000061, 44.658164979000048 ], [ 19.79461288400006, 44.658882140000117 ], [ 19.798517227000104, 44.661548615000072 ], [ 19.802152634000038, 44.664672852000194 ], [ 19.806558608000103, 44.669517518000077 ], [ 19.817140579000181, 44.676723481000067 ], [ 19.821727752000186, 44.680297851000091 ], [ 19.832630157000153, 44.691131591000101 ], [ 19.844940186000031, 44.686954498000091 ], [ 19.850515365000092, 44.685356141000113 ], [ 19.854530334, 44.68387222400014 ], [ 19.87673187200005, 44.681236268000191 ], [ 19.880794524000123, 44.680713653 ], [ 19.884157181999967, 44.680587770000159 ], [ 19.898811341, 44.680778504000159 ], [ 19.91803550700007, 44.680576324000128 ], [ 19.925273896000078, 44.680019378000054 ], [ 19.932891846000132, 44.678878785000052 ], [ 19.936683656000184, 44.678520203000062 ], [ 19.952322006000031, 44.677799224000182 ], [ 19.955993653000178, 44.67721176200007 ], [ 19.958070755000051, 44.676628114000096 ], [ 19.96268653900006, 44.674819947000174 ], [ 19.965253830000108, 44.673229216999971 ], [ 19.967439652000166, 44.671398164000095 ], [ 19.968574525000179, 44.669929504999971 ], [ 19.969331741000133, 44.668369292000136 ], [ 19.969741822, 44.666374206000057 ], [ 19.969652176000068, 44.665023803000167 ], [ 19.969100952000133, 44.66372680700016 ], [ 19.964845658000115, 44.658706665000068 ], [ 19.962797165000154, 44.656742097000063 ], [ 19.959571837999988, 44.654640199000085 ], [ 19.956968307000182, 44.653450013000167 ], [ 19.945775987000104, 44.648670197000115 ], [ 19.943031311000027, 44.647747041000116 ], [ 19.93450736900013, 44.645622254000102 ], [ 19.929273606000095, 44.644847870000149 ], [ 19.922828674000129, 44.644935609000186 ], [ 19.912059784000121, 44.646602630000189 ], [ 19.905460358000141, 44.646774293000078 ], [ 19.902208328000143, 44.646499635000112 ], [ 19.899734497, 44.646038056 ], [ 19.897396087000175, 44.645362854000098 ], [ 19.894443512, 44.644016266000051 ], [ 19.89201545800006, 44.642230987000062 ], [ 19.889585496000052, 44.639595031000113 ], [ 19.886894225000049, 44.633907318000126 ], [ 19.886425018000068, 44.632419587000072 ], [ 19.886308670000176, 44.630279541999982 ], [ 19.88689613300005, 44.628173829000104 ], [ 19.888326645000063, 44.626071930000194 ], [ 19.896392823000099, 44.618301391000045 ], [ 19.898719787000061, 44.61655426100009 ], [ 19.901430129000175, 44.615116119000106 ], [ 19.903699875000029, 44.614315034000185 ], [ 19.906127929000036, 44.613735199000075 ], [ 19.909780503000093, 44.613258362000124 ], [ 19.917396545000145, 44.612934112000119 ], [ 19.925119399000039, 44.612911224000186 ], [ 19.932767867000109, 44.613178253000171 ], [ 19.936471938000068, 44.6136131290001 ], [ 19.941368103000116, 44.614921570000092 ], [ 19.944349290000105, 44.616283417000034 ], [ 19.956045151000183, 44.623310088000153 ], [ 19.962547303000065, 44.626480102000073 ], [ 19.966598509999983, 44.628150940000126 ] ] ] ] } },
{ "type": "Feature", "properties": { "fid": 152, "GID_2": "SRB.25.1_1", "GID_0": "SRB", "COUNTRY": "Serbia", "GID_1": "SRB.25_1", "NAME_1": "Zlatiborski", "NL_NAME_1": "Златиборски", "NAME_2": "Arilje", "VARNAME_2": "NA", "NL_NAME_2": "Ариље)", "TYPE_2": "Opštine", "ENGTYPE_2": "Town|Municipal", "CC_2": "NA", "HASC_2": "NA" }, "geometry": { "type": "MultiPolygon", "coordinates": [ [ [ [ 20.172960282000133, 43.652271271000188 ], [ 20.171031952000078, 43.650012970000148 ], [ 20.169689179000102, 43.647994996000136 ], [ 20.1685314180001, 43.645790100000113 ], [ 20.166660310000054, 43.640270234000127 ], [ 20.165569306000179, 43.637985229000151 ], [ 20.16443824800001, 43.636547088999976 ], [ 20.16305732800015, 43.63525009100016 ], [ 20.160669327000051, 43.633590698000091 ], [ 20.157997131000059, 43.632377624000071 ], [ 20.155855179000127, 43.63190078700012 ], [ 20.153673171000094, 43.631851197000117 ], [ 20.150802612000177, 43.632476806000113 ], [ 20.145175933000075, 43.634536743000126 ], [ 20.135324479000133, 43.63922500700005 ], [ 20.132368088000078, 43.640380859000118 ], [ 20.129383088000168, 43.641132354000035 ], [ 20.124109268000097, 43.642112732000157 ], [ 20.110393523000084, 43.643806457000039 ], [ 20.107482909000112, 43.643676758000083 ], [ 20.100467682999977, 43.641815186000031 ], [ 20.097501754000177, 43.641712189000145 ], [ 20.092468261000022, 43.642608643000074 ], [ 20.089223861000164, 43.644847871000081 ], [ 20.089008331000059, 43.644931794000172 ], [ 20.088525771000093, 43.64500045799997 ], [ 20.087392808000061, 43.644996643000127 ], [ 20.084325791000083, 43.645057678000114 ], [ 20.083103179000148, 43.644966126000156 ], [ 20.082675934000065, 43.644802094000113 ], [ 20.082445144000133, 43.644508362000124 ], [ 20.082340241000111, 43.644126892000031 ], [ 20.082292556000141, 43.64326477100019 ], [ 20.082338333000109, 43.642368317000091 ], [ 20.08254051300014, 43.641498566000166 ], [ 20.082767486000023, 43.641101838000168 ], [ 20.083402633000048, 43.640338897000049 ], [ 20.085781097000051, 43.637893677000022 ], [ 20.085670472, 43.625053406000177 ], [ 20.08478164600001, 43.619018555000082 ], [ 20.084917069000142, 43.616905214000099 ], [ 20.085983277000082, 43.612697602000139 ], [ 20.08567619300004, 43.610771179000153 ], [ 20.084413528000141, 43.608848571000067 ], [ 20.082479477000049, 43.607067108000194 ], [ 20.080112457000155, 43.605442047000111 ], [ 20.077415466, 43.604053497000166 ], [ 20.075214387000074, 43.603229523000039 ], [ 20.069980622000173, 43.60192489700006 ], [ 20.065921784000068, 43.60131454600014 ], [ 20.06304931699998, 43.60142517100013 ], [ 20.061054229000149, 43.601814269000158 ], [ 20.05626487700016, 43.603221893000125 ], [ 20.051128388000166, 43.605136872000173 ], [ 20.04852676400003, 43.605827332000104 ], [ 20.045665740000061, 43.606037140000069 ], [ 20.043401719000087, 43.6058006290001 ], [ 20.041196823000064, 43.605247498000097 ], [ 20.038402557000154, 43.604080200000169 ], [ 20.03280067500009, 43.600692749000075 ], [ 20.018407823000132, 43.59052276500006 ], [ 20.012765884000032, 43.587043762000064 ], [ 20.007713317000025, 43.584831238000163 ], [ 20.000381470000093, 43.582443237 ], [ 19.998397828000122, 43.581497191999972 ], [ 19.996646881000117, 43.580345153000167 ], [ 19.980869294, 43.567401887000187 ], [ 19.977010728000153, 43.560779571000069 ], [ 19.975309371000151, 43.559265138000114 ], [ 19.973659516000168, 43.55848693900009 ], [ 19.966112137000152, 43.556613921 ], [ 19.956750869000132, 43.55377578800011 ], [ 19.953636170000038, 43.553432465000071 ], [ 19.949645996000129, 43.554180145000089 ], [ 19.945804596000073, 43.555831909000176 ], [ 19.939077377999979, 43.560512544000119 ], [ 19.925165176000178, 43.568504333000078 ], [ 19.908851624000022, 43.575828552000132 ], [ 19.908037186000172, 43.578109741000105 ], [ 19.906766891000132, 43.579521180000086 ], [ 19.903577804000122, 43.580909730000087 ], [ 19.901424408000139, 43.581184387000121 ], [ 19.882757186000163, 43.574367523000092 ], [ 19.882722855000054, 43.580699920000086 ], [ 19.883056640000063, 43.586574555000084 ], [ 19.884954452000045, 43.595809938000116 ], [ 19.88655090400016, 43.601081848000035 ], [ 19.886728286999983, 43.603195191 ], [ 19.886302948000093, 43.605232238999974 ], [ 19.88548278900015, 43.606712341000048 ], [ 19.884218215000146, 43.608001709000177 ], [ 19.882507324000073, 43.609050751000098 ], [ 19.870819092000033, 43.613372803000118 ], [ 19.861259460999975, 43.617694856000071 ], [ 19.859561920000147, 43.618640900000173 ], [ 19.857667923000179, 43.620380402000023 ], [ 19.856666566, 43.622375488000102 ], [ 19.85661697400019, 43.623744964000082 ], [ 19.857110977000104, 43.625053406000177 ], [ 19.858097076000092, 43.626148224000133 ], [ 19.85951232900004, 43.627075195000032 ], [ 19.86148834200003, 43.62788391100014 ], [ 19.863756181000156, 43.628482819000112 ], [ 19.873102189, 43.629970551000156 ], [ 19.875312805000135, 43.630596161000028 ], [ 19.877214432000187, 43.631450653 ], [ 19.878862381000033, 43.632736206000061 ], [ 19.879882812000176, 43.634273530000087 ], [ 19.880136491000087, 43.63520431600017 ], [ 19.879980086000046, 43.638607026000159 ], [ 19.878944397000055, 43.643310546000123 ], [ 19.879074096000068, 43.644622803000118 ], [ 19.879711151000095, 43.645782472000064 ], [ 19.881643294000185, 43.647098541000105 ], [ 19.889020920000064, 43.649623872000063 ], [ 19.891147613999976, 43.651233673000149 ], [ 19.892595292000067, 43.653289796000195 ], [ 19.893264771000133, 43.655372619000104 ], [ 19.893442154000127, 43.657566071000076 ], [ 19.893175125000141, 43.659770965000064 ], [ 19.892377854000188, 43.661880494000059 ], [ 19.890661239000167, 43.663986205000128 ], [ 19.888132096000049, 43.665721894000114 ], [ 19.883039474000043, 43.668121339000152 ], [ 19.879791260000047, 43.669956207000098 ], [ 19.876953124000067, 43.672248840000179 ], [ 19.874347687000068, 43.674758912000186 ], [ 19.871284484000171, 43.678184510000108 ], [ 19.880563736, 43.681629182000052 ], [ 19.888889313000107, 43.685321807000093 ], [ 19.89193534900005, 43.686428069000158 ], [ 19.894058228000119, 43.686824798000032 ], [ 19.902191162000179, 43.687133790000189 ], [ 19.904146194000077, 43.687591554000051 ], [ 19.90836334100004, 43.689781189000144 ], [ 19.913166046000129, 43.693408966000163 ], [ 19.918134689000112, 43.696731567000029 ], [ 19.920131683000136, 43.698505402000137 ], [ 19.921213151000131, 43.700366975000065 ], [ 19.921503067000117, 43.702350617999969 ], [ 19.921232224000164, 43.703731537000124 ], [ 19.919891357000154, 43.707138062000126 ], [ 19.917760849000103, 43.710426331000178 ], [ 19.912708282000096, 43.714969634000113 ], [ 19.910911560000159, 43.717079163000164 ], [ 19.910194397000055, 43.718383789000086 ], [ 19.90983772300018, 43.720317840000121 ], [ 19.910642623000172, 43.723716735999972 ], [ 19.914779664000093, 43.73159408600003 ], [ 19.915538787000116, 43.733833313000105 ], [ 19.917108536000057, 43.742042542000149 ], [ 19.91806793100011, 43.744457246000138 ], [ 19.919925690000071, 43.746620177000125 ], [ 19.922224045000064, 43.748535157000106 ], [ 19.925514222000061, 43.750782012000116 ], [ 19.930784225000139, 43.744579316000113 ], [ 19.935886383000025, 43.739089967000041 ], [ 19.945669174000045, 43.729373931999987 ], [ 19.951206206000109, 43.724620819000108 ], [ 19.954917908000084, 43.722362518000011 ], [ 19.968801498, 43.716911315000118 ], [ 19.970464706000143, 43.716392518000077 ], [ 19.972122192000143, 43.716140747000111 ], [ 19.973289489000024, 43.71619033900015 ], [ 19.974889756000152, 43.716579437000178 ], [ 19.981510161000188, 43.719875336000143 ], [ 19.984151840000038, 43.720787049000137 ], [ 19.991037368000036, 43.72267151 ], [ 20.000251770000034, 43.724235536000094 ], [ 20.010440827000139, 43.726490021000018 ], [ 20.01469993600017, 43.728069305000133 ], [ 20.017219544000113, 43.729663850000179 ], [ 20.021883011000057, 43.733173370000145 ], [ 20.027751923000153, 43.736553193000077 ], [ 20.029550552000046, 43.738201142000094 ], [ 20.033008575000053, 43.742824554000038 ], [ 20.035102845000154, 43.74697494600008 ], [ 20.038255691000074, 43.751800537000122 ], [ 20.042055131000041, 43.755683899000076 ], [ 20.043720246000078, 43.756797791000054 ], [ 20.045675278000147, 43.757625580000024 ], [ 20.047868728000083, 43.758174896000185 ], [ 20.050863266000079, 43.758495331000177 ], [ 20.053981782000164, 43.758476258000087 ], [ 20.064626694000026, 43.757011414000033 ], [ 20.067834854000125, 43.756824493000124 ], [ 20.070991517000095, 43.756828308000138 ], [ 20.073989867000023, 43.757080078000058 ], [ 20.07604408300017, 43.75748062100007 ], [ 20.077833175000023, 43.758148193000011 ], [ 20.079864502000135, 43.759716034000178 ], [ 20.084407806000172, 43.76677703900009 ], [ 20.085361480000017, 43.767997742000091 ], [ 20.086492538000186, 43.768947601000093 ], [ 20.08846283000014, 43.769626618000018 ], [ 20.09069061200006, 43.769714357000112 ], [ 20.092824935000181, 43.769237519000058 ], [ 20.097753526000076, 43.766464234000011 ], [ 20.100458145000118, 43.765911103000178 ], [ 20.103450775000113, 43.766292572000054 ], [ 20.107343673000116, 43.767845154000099 ], [ 20.115736008000056, 43.772129060000168 ], [ 20.119163514000149, 43.773643494000055 ], [ 20.121892929000126, 43.766967773000033 ], [ 20.12261772100004, 43.764476776000095 ], [ 20.122741699000187, 43.762123109000129 ], [ 20.12175369300013, 43.756668091000165 ], [ 20.121448516000044, 43.753002166000158 ], [ 20.121776581000063, 43.751003265 ], [ 20.123809813999969, 43.746486664000145 ], [ 20.123590469000078, 43.741809844000102 ], [ 20.124078750000024, 43.740036011000143 ], [ 20.12526702800011, 43.738468169999976 ], [ 20.12699890100015, 43.737049104000164 ], [ 20.129121781000151, 43.735813141000165 ], [ 20.135864257000037, 43.732810975000064 ], [ 20.143333434000169, 43.728618621000123 ], [ 20.149410249000141, 43.726089478 ], [ 20.162775040000099, 43.72192001500008 ], [ 20.16470527600012, 43.720565796000074 ], [ 20.165418624000154, 43.719310760000155 ], [ 20.165756225000109, 43.71786880500008 ], [ 20.166225434000125, 43.710964204000163 ], [ 20.166709900000058, 43.709552765000183 ], [ 20.168996812000103, 43.705669403000059 ], [ 20.169340133000162, 43.704277038000043 ], [ 20.168960570000081, 43.701461791000099 ], [ 20.168117523000092, 43.699501037 ], [ 20.164348602000075, 43.694004059000122 ], [ 20.161460876000035, 43.687705994000112 ], [ 20.160478592000118, 43.686141968000186 ], [ 20.159261703000084, 43.684696198000154 ], [ 20.155151368000077, 43.680999757000109 ], [ 20.154205321000063, 43.679798126000037 ], [ 20.153493880000099, 43.677803040000185 ], [ 20.153573989000051, 43.676898957000049 ], [ 20.154571533000137, 43.675033569999982 ], [ 20.156370163000133, 43.673236846000179 ], [ 20.15867233299997, 43.671524048000038 ], [ 20.169378280000046, 43.665611266000042 ], [ 20.172931671000129, 43.662975312000071 ], [ 20.174123764000115, 43.661380768000129 ], [ 20.174833298000181, 43.659618378000118 ], [ 20.175050735000127, 43.657852173000094 ], [ 20.174856186000113, 43.656093597999984 ], [ 20.173856735000129, 43.653491973000143 ], [ 20.172960282000133, 43.652271271000188 ] ] ] ] } },
{ "type": "Feature", "properties": { "fid": 153, "GID_2": "SRB.25.2_1", "GID_0": "SRB", "COUNTRY": "Serbia", "GID_1": "SRB.25_1", "NAME_1": "Zlatiborski", "NL_NAME_1": "Златиборски", "NAME_2": "Bajina Bašta", "VARNAME_2": "NA", "NL_NAME_2": "Бајина Башта", "TYPE_2": "Opštine", "ENGTYPE_2": "Town|Municipal", "CC_2": "NA", "HASC_2": "NA" }, "geometry": { "type": "MultiPolygon", "coordinates": [ [ [ [ 19.388250351000067, 43.810249329000044 ], [ 19.382677078000029, 43.814022065000074 ], [ 19.373781204000068, 43.829189301000042 ], [ 19.364854813000022, 43.842212677000077 ], [ 19.354236603000061, 43.858150482999974 ], [ 19.349990844000047, 43.864009858000145 ], [ 19.34195709200003, 43.875091552000072 ], [ 19.325365067000064, 43.883724212000061 ], [ 19.320487976000038, 43.886470795000037 ], [ 19.307586669000102, 43.893741609000131 ], [ 19.28993034400014, 43.908275605000085 ], [ 19.278862, 43.921890260000112 ], [ 19.276813507000099, 43.93298721300016 ], [ 19.268161774000077, 43.945953370000154 ], [ 19.257301330000132, 43.956192017000092 ], [ 19.25355720500005, 43.96710205100004 ], [ 19.249441147000027, 43.978073120000147 ], [ 19.24876976000013, 43.979862214000036 ], [ 19.238197327000137, 43.991004944000053 ], [ 19.230537414000082, 44.003067017000035 ], [ 19.233016968000072, 44.005680084000119 ], [ 19.240442276000181, 44.013515473000155 ], [ 19.249702454000044, 44.012111662999985 ], [ 19.262382508000087, 44.010192871000072 ], [ 19.281679153000027, 44.0037345880001 ], [ 19.305862426000147, 44.000244142000156 ], [ 19.320859909000148, 43.991657257000099 ], [ 19.339183807000154, 43.986312867000038 ], [ 19.352073669000163, 43.978332520000095 ], [ 19.380016326000145, 43.972259521000069 ], [ 19.406694413000082, 43.970443725000109 ], [ 19.438425065000047, 43.967983245000084 ], [ 19.461103439999988, 43.964950561000194 ], [ 19.486593247000087, 43.964523316000111 ], [ 19.510284425000066, 43.964645386000086 ], [ 19.517400741000188, 43.969360352000081 ], [ 19.529260634000138, 43.981597901000043 ], [ 19.545419694000088, 43.987815857000044 ], [ 19.555957795000097, 43.995983125000123 ], [ 19.563539505000165, 44.005153657 ], [ 19.579948425000168, 44.011089325000171 ], [ 19.59498214700011, 44.015834808000136 ], [ 19.612438202000135, 44.023971559000017 ], [ 19.612791061000109, 44.026004791000048 ], [ 19.613925934000122, 44.032546997999987 ], [ 19.613214493000157, 44.036026000999982 ], [ 19.611898422000081, 44.042465210000159 ], [ 19.614709853000079, 44.055110933000094 ], [ 19.611658095000166, 44.056076050000115 ], [ 19.60277175900012, 44.058895110000094 ], [ 19.599010468000074, 44.065528871000026 ], [ 19.592699052000114, 44.071220398000094 ], [ 19.590101243000163, 44.073562622000111 ], [ 19.578945160000046, 44.072666168000183 ], [ 19.576488495000092, 44.070053101000099 ], [ 19.574905396000077, 44.068370819000165 ], [ 19.574495316000082, 44.061035156000059 ], [ 19.575832367000146, 44.056018829999971 ], [ 19.569335937000119, 44.054298402000086 ], [ 19.569217682000044, 44.054363250000165 ], [ 19.561502457000188, 44.058547974000192 ], [ 19.551500321000049, 44.067249299000082 ], [ 19.537740707000012, 44.076599122000175 ], [ 19.526702882000052, 44.082134247000113 ], [ 19.510019303000149, 44.089611054000159 ], [ 19.509372712000015, 44.090168 ], [ 19.512573241999974, 44.090568542000142 ], [ 19.522916794000139, 44.092388152000069 ], [ 19.527040482000132, 44.093509675 ], [ 19.529554368000106, 44.094955445000096 ], [ 19.53220176700006, 44.097290039000029 ], [ 19.540529252000113, 44.108695984000065 ], [ 19.542903901000045, 44.111297608000029 ], [ 19.546026230000166, 44.113800048000144 ], [ 19.547981262000121, 44.114711761000137 ], [ 19.550170899000022, 44.115390778000119 ], [ 19.559251785000129, 44.117111206000175 ], [ 19.561311721000038, 44.117675782000163 ], [ 19.571247100999983, 44.120983124000077 ], [ 19.573810577000188, 44.121585846000016 ], [ 19.576625824000132, 44.121696473000043 ], [ 19.578626632000123, 44.121459962000074 ], [ 19.586631775000171, 44.119895936000034 ], [ 19.590776444000028, 44.11883163400006 ], [ 19.595813751000151, 44.118045807000158 ], [ 19.59873771700012, 44.118110657000159 ], [ 19.602933884000151, 44.119094849000078 ], [ 19.604991913000163, 44.119937898000103 ], [ 19.607410431000062, 44.121444700999973 ], [ 19.609329224000135, 44.123310089000142 ], [ 19.612707137000086, 44.129234314000144 ], [ 19.617589951000184, 44.135421754000163 ], [ 19.618587495000099, 44.137840272000062 ], [ 19.618799210000134, 44.140388489000145 ], [ 19.61815261900017, 44.143665315000192 ], [ 19.626945496000189, 44.144817352000189 ], [ 19.63081932100016, 44.145011903000068 ], [ 19.633592606000036, 44.144893647 ], [ 19.636026382000125, 44.14450836200001 ], [ 19.638118743000177, 44.143882752000138 ], [ 19.64814186000018, 44.140457154000046 ], [ 19.656282424000153, 44.138862610000103 ], [ 19.65813255300003, 44.138160707000168 ], [ 19.659275054000148, 44.137420655000085 ], [ 19.664133072000084, 44.131725311000082 ], [ 19.671081542000024, 44.126754760000154 ], [ 19.672966003000056, 44.125862121000068 ], [ 19.675531388000138, 44.12511062599998 ], [ 19.687530518000131, 44.122741699000187 ], [ 19.689477920000172, 44.122566224000138 ], [ 19.693239213000084, 44.113132477000022 ], [ 19.695238114000176, 44.107002259000126 ], [ 19.696458816000074, 44.10411453200004 ], [ 19.697559356, 44.102474212000061 ], [ 19.698982240000134, 44.101028442000143 ], [ 19.700744630000145, 44.099803925000174 ], [ 19.704555511000081, 44.097805023000149 ], [ 19.710966111000062, 44.094928741000047 ], [ 19.712545395000177, 44.093849183000032 ], [ 19.713649750000116, 44.092571258000078 ], [ 19.714248658000145, 44.091148377000081 ], [ 19.714242935000129, 44.089256288000115 ], [ 19.713012695000089, 44.08658981300016 ], [ 19.71169853300006, 44.084720613000059 ], [ 19.705102921000048, 44.078666687000066 ], [ 19.703763961000107, 44.076816560000054 ], [ 19.702882767, 44.073341370000094 ], [ 19.702152253000179, 44.071510316000115 ], [ 19.70123863300006, 44.070266723000145 ], [ 19.699357987000042, 44.068508148000035 ], [ 19.697046279000119, 44.066883087000178 ], [ 19.688991547000171, 44.062068939000085 ], [ 19.686920166999982, 44.060115815000131 ], [ 19.679424286000028, 44.050514222000174 ], [ 19.673784255999976, 44.045299531000069 ], [ 19.67000579900008, 44.039901733000079 ], [ 19.669433593000178, 44.038585663000049 ], [ 19.669250489000149, 44.037136078000117 ], [ 19.669527054000184, 44.035671234000063 ], [ 19.670814515000018, 44.033424377000017 ], [ 19.677560806000031, 44.02561187800012 ], [ 19.679105758000105, 44.024318695000147 ], [ 19.680910110000184, 44.023242950000053 ], [ 19.68473243699998, 44.021701812000117 ], [ 19.686628341000187, 44.021244049000131 ], [ 19.689386368000044, 44.021045684000171 ], [ 19.692081451000035, 44.021366119000106 ], [ 19.697502136000082, 44.023143768000011 ], [ 19.700204849000158, 44.023723602000018 ], [ 19.701511383000081, 44.023773194000057 ], [ 19.704320907000181, 44.023403167000083 ], [ 19.714172364000035, 44.020961762000127 ], [ 19.723173141000188, 44.019443512000123 ], [ 19.725194931000146, 44.018924712000171 ], [ 19.726968766000084, 44.018196106000119 ], [ 19.728895187000091, 44.0167541510001 ], [ 19.732940674000019, 44.011867524000138 ], [ 19.738519668000151, 44.006271362000064 ], [ 19.740369797000028, 44.002822875000106 ], [ 19.74274253800013, 43.996376038 ], [ 19.745866776000184, 43.991809844000045 ], [ 19.746978759000115, 43.989562989000035 ], [ 19.74712562600007, 43.987602234000065 ], [ 19.745698929000071, 43.983352661000083 ], [ 19.744747162000124, 43.977989197000056 ], [ 19.745094300000062, 43.972457885000154 ], [ 19.745990753000058, 43.969860078000067 ], [ 19.746875763999981, 43.968456270000104 ], [ 19.749353408, 43.965805053000167 ], [ 19.750963211000055, 43.964683533000141 ], [ 19.752853394000056, 43.963878633000149 ], [ 19.754930496000156, 43.963394165000182 ], [ 19.761613845000056, 43.962657928000112 ], [ 19.764120102000049, 43.96179199200003 ], [ 19.767040254000051, 43.959514618000071 ], [ 19.769460677000041, 43.95684433100007 ], [ 19.770111083000018, 43.946537018000129 ], [ 19.769411087000037, 43.938686372000177 ], [ 19.769922256000143, 43.936916352000082 ], [ 19.773925781000173, 43.932285310000111 ], [ 19.774387360000105, 43.931102752000129 ], [ 19.774391174000073, 43.930244447000064 ], [ 19.773351670000011, 43.928104401000098 ], [ 19.767305374000159, 43.921356200000162 ], [ 19.764991760000044, 43.917243958000086 ], [ 19.762758256000154, 43.914165498000102 ], [ 19.75854492100018, 43.910400392000156 ], [ 19.754470825000055, 43.905876160000105 ], [ 19.752302171, 43.904399873000045 ], [ 19.750453949000018, 43.903762818000189 ], [ 19.748361588000023, 43.90335464400016 ], [ 19.739027024000052, 43.902484894000168 ], [ 19.735979080999982, 43.902008056000113 ], [ 19.733734131000062, 43.901401520000036 ], [ 19.731706618000089, 43.900554658000146 ], [ 19.729934693000132, 43.899448396000082 ], [ 19.719074249000187, 43.89089965800008 ], [ 19.715007783000146, 43.889110564000021 ], [ 19.708084106000058, 43.887149810000153 ], [ 19.695648193000068, 43.885356903000059 ], [ 19.686536789000058, 43.88311004600007 ], [ 19.681430817000034, 43.882366181000066 ], [ 19.678331375000084, 43.882350922000114 ], [ 19.675252915000101, 43.882614135000154 ], [ 19.667030335000106, 43.883731842000145 ], [ 19.658956527000157, 43.883800508000149 ], [ 19.647066117000065, 43.88233947700013 ], [ 19.631921767000108, 43.881855012000131 ], [ 19.624612808000109, 43.881179810000049 ], [ 19.617437363000136, 43.879554749000135 ], [ 19.612564088000056, 43.878074647000062 ], [ 19.606554031000087, 43.87535476700009 ], [ 19.601226807000046, 43.872314452000126 ], [ 19.59680175699998, 43.870903016000057 ], [ 19.592924118000042, 43.870323181000174 ], [ 19.576732636000088, 43.868923188000053 ], [ 19.573738098000149, 43.868991852000022 ], [ 19.571390151000116, 43.869361879 ], [ 19.569097519000138, 43.869972230000144 ], [ 19.561183930000027, 43.873100281000063 ], [ 19.558830262000185, 43.873802185000045 ], [ 19.556388855000023, 43.874320984000065 ], [ 19.553203583000084, 43.874698639000144 ], [ 19.546752929000149, 43.874755859000118 ], [ 19.539281846000108, 43.873794556000064 ], [ 19.532970428000112, 43.873397828000066 ], [ 19.529817580000042, 43.873458863000053 ], [ 19.522794724000164, 43.874011994000114 ], [ 19.520780564000177, 43.873905182000158 ], [ 19.518901824000125, 43.873481752000089 ], [ 19.51644515900017, 43.872249604000103 ], [ 19.5097618100001, 43.866600037000126 ], [ 19.507003784000119, 43.865200044000176 ], [ 19.50242423900005, 43.863948823000158 ], [ 19.499303818000044, 43.863597871000024 ], [ 19.496139527000139, 43.863533021000194 ], [ 19.493043900000089, 43.863739012999986 ], [ 19.490842819000136, 43.864105225000117 ], [ 19.488815307000039, 43.864711761000194 ], [ 19.486202239000022, 43.866115569000158 ], [ 19.484718322000106, 43.867198945000098 ], [ 19.477792740000098, 43.873748779000096 ], [ 19.475456238000049, 43.875526428000171 ], [ 19.472213746000023, 43.877609253000116 ], [ 19.469444274000182, 43.878967286000091 ], [ 19.467365264000136, 43.87959289600019 ], [ 19.451351166000109, 43.882137300000011 ], [ 19.447353363000161, 43.882572175000064 ], [ 19.443265914999984, 43.882713317000025 ], [ 19.4391956340001, 43.882587433000083 ], [ 19.435272217000147, 43.882102966000048 ], [ 19.431118011000137, 43.881061554000041 ], [ 19.426132202000133, 43.879405975000111 ], [ 19.424203874000114, 43.878417968000122 ], [ 19.422531128000116, 43.877204896000137 ], [ 19.418523788000186, 43.873268127000074 ], [ 19.413995743000044, 43.867698671000085 ], [ 19.412824631000149, 43.865791321000188 ], [ 19.412019730000111, 43.863082887000076 ], [ 19.411867141000187, 43.860263825000061 ], [ 19.412258149000024, 43.857440947999976 ], [ 19.413276672000165, 43.854740144000175 ], [ 19.417402268000103, 43.849205017000031 ], [ 19.419092179000017, 43.845966340000018 ], [ 19.419361114000026, 43.844680787000186 ], [ 19.419105529999968, 43.843284607000101 ], [ 19.418281556000011, 43.841983796000022 ], [ 19.416971207000074, 43.840827942000146 ], [ 19.410947800000031, 43.83667755200014 ], [ 19.409809112000119, 43.835491181000123 ], [ 19.409242630000165, 43.834213257000044 ], [ 19.409145356000124, 43.832836152000084 ], [ 19.409406663000141, 43.831504822000056 ], [ 19.410678863000101, 43.827785493000079 ], [ 19.410900116000164, 43.825790405000191 ], [ 19.410671235000166, 43.82432937599998 ], [ 19.410030365000068, 43.822963715000071 ], [ 19.408258439000178, 43.821189881 ], [ 19.406793595000124, 43.820178986000144 ], [ 19.394596099000069, 43.814388275 ], [ 19.391151428000057, 43.812294007000105 ], [ 19.388250351000067, 43.810249329000044 ] ] ] ] } },
{ "type": "Feature", "properties": { "fid": 154, "GID_2": "SRB.25.3_1", "GID_0": "SRB", "COUNTRY": "Serbia", "GID_1": "SRB.25_1", "NAME_1": "Zlatiborski", "NL_NAME_1": "Златиборски", "NAME_2": "Čajetina", "VARNAME_2": "NA", "NL_NAME_2": "Чајетина", "TYPE_2": "Opštine", "ENGTYPE_2": "Town|Municipal", "CC_2": "NA", "HASC_2": "NA" }, "geometry": { "type": "MultiPolygon", "coordinates": [ [ [ [ 19.486320495000029, 43.614711761000081 ], [ 19.488758086000018, 43.618965150000179 ], [ 19.490446090000091, 43.627262116000111 ], [ 19.481752396, 43.638820648000092 ], [ 19.491006852000112, 43.64219284100011 ], [ 19.501049042000034, 43.648052216000053 ], [ 19.51570892400008, 43.671226502000138 ], [ 19.507226944000138, 43.696594238000102 ], [ 19.510490417000085, 43.719890595000038 ], [ 19.502571106, 43.723682405000091 ], [ 19.503168106000032, 43.723934174000021 ], [ 19.509756088000131, 43.726173401000153 ], [ 19.511396407000063, 43.727016449000075 ], [ 19.513038634000111, 43.728607178000175 ], [ 19.514076233000083, 43.730571748000159 ], [ 19.514677048000181, 43.733070375000068 ], [ 19.51489067100016, 43.738456727000028 ], [ 19.514450073000148, 43.743869781000114 ], [ 19.513378143000068, 43.749347687000181 ], [ 19.513517379000064, 43.751346589000036 ], [ 19.515605927000024, 43.756732941000166 ], [ 19.515575408000075, 43.758697511000037 ], [ 19.514453888000162, 43.761482239000031 ], [ 19.510374069000022, 43.768348693000064 ], [ 19.509082794000051, 43.771129608000024 ], [ 19.508886337000035, 43.773025512000061 ], [ 19.509454726000058, 43.774761201000047 ], [ 19.510801314000105, 43.776031494999984 ], [ 19.512289047000024, 43.776508332000105 ], [ 19.514076233000083, 43.776634216000048 ], [ 19.52725029000004, 43.775012970000034 ], [ 19.532367707000105, 43.77376556400003 ], [ 19.541492462, 43.770450591999975 ], [ 19.544435500000191, 43.770122528000059 ], [ 19.546131135000053, 43.770408630000077 ], [ 19.555683135000095, 43.773841858000083 ], [ 19.564537047000101, 43.775737762000119 ], [ 19.566650391000167, 43.776424409000185 ], [ 19.568479537000144, 43.777313233000029 ], [ 19.570089340000038, 43.778610229000037 ], [ 19.571140289000027, 43.780136108000079 ], [ 19.572204589000023, 43.786647798000104 ], [ 19.573253631000114, 43.788612365000176 ], [ 19.576122285000167, 43.792522431000066 ], [ 19.578159333000087, 43.797874451000041 ], [ 19.578939436999974, 43.799201966000169 ], [ 19.580211639000083, 43.800331116000166 ], [ 19.583518982000101, 43.802104950000057 ], [ 19.588140488000022, 43.803489685000102 ], [ 19.595071793000045, 43.804725647000055 ], [ 19.601642608000077, 43.804786683000145 ], [ 19.603488922000054, 43.804981232000159 ], [ 19.605123519000017, 43.80548477300016 ], [ 19.60687255900018, 43.806732179000164 ], [ 19.608957290999967, 43.809627532000036 ], [ 19.609468460000073, 43.810924530000023 ], [ 19.609643936000055, 43.81282424900013 ], [ 19.609186172000022, 43.816749573000152 ], [ 19.609645843000123, 43.81792450100005 ], [ 19.611391067999989, 43.8191299450001 ], [ 19.615165710000042, 43.819942475 ], [ 19.618894577000106, 43.820205688000044 ], [ 19.631195068000068, 43.820266723000032 ], [ 19.643640519000144, 43.819934845000091 ], [ 19.647659302000079, 43.819614410000156 ], [ 19.651512145000083, 43.819019317000027 ], [ 19.662965775000089, 43.8160209670001 ], [ 19.666753769000138, 43.81544494700006 ], [ 19.674587249000069, 43.815113067000141 ], [ 19.678371429000038, 43.815299988000049 ], [ 19.681808472000114, 43.815834046000191 ], [ 19.68372726500013, 43.816471100000115 ], [ 19.685228348000066, 43.817363740000076 ], [ 19.68618011500007, 43.818523407000043 ], [ 19.686576843000182, 43.819850921000068 ], [ 19.686010362000104, 43.823753357000044 ], [ 19.686191558000189, 43.825668336000149 ], [ 19.68771743700006, 43.828330994000169 ], [ 19.689058305000174, 43.82949447600015 ], [ 19.69081306400011, 43.830371856999989 ], [ 19.692882539000038, 43.830959319000101 ], [ 19.695789338000111, 43.831298828000058 ], [ 19.698841095000091, 43.83125686600016 ], [ 19.701879501000178, 43.830833436000091 ], [ 19.710069657000133, 43.828292847000114 ], [ 19.717842101000031, 43.826221467000153 ], [ 19.719530105000047, 43.82540130600006 ], [ 19.721239090000154, 43.823822022000115 ], [ 19.722354890000076, 43.821861268000077 ], [ 19.722978592000175, 43.819759369000167 ], [ 19.723417282000071, 43.815406800000176 ], [ 19.723352432000013, 43.813922883000032 ], [ 19.722749711000176, 43.811882020000041 ], [ 19.721246720000067, 43.809722900999986 ], [ 19.715278626000099, 43.803703307000035 ], [ 19.714132309000036, 43.801689148000094 ], [ 19.713987350000025, 43.800785065000184 ], [ 19.715368270000056, 43.795047759000113 ], [ 19.71596527100013, 43.788711547000048 ], [ 19.716367722000143, 43.787361146000137 ], [ 19.717153549000045, 43.786201477000191 ], [ 19.718454362000102, 43.785282136000035 ], [ 19.720098496000105, 43.784675598000149 ], [ 19.721717835000049, 43.784416197999974 ], [ 19.722915649000015, 43.784450532000164 ], [ 19.725084305000053, 43.784954071000186 ], [ 19.727170943000033, 43.785903931000064 ], [ 19.733982087000129, 43.790241241000103 ], [ 19.737007141000163, 43.791564941000047 ], [ 19.747468949000165, 43.794948579000049 ], [ 19.751218795000057, 43.795574189000149 ], [ 19.75513649100003, 43.795875550000119 ], [ 19.763002395, 43.795902252000189 ], [ 19.766714096000101, 43.795623779000152 ], [ 19.770742417000065, 43.794773101000089 ], [ 19.772935868000104, 43.793537141000172 ], [ 19.775903702000164, 43.7892036450001 ], [ 19.777687072999981, 43.787391663000051 ], [ 19.779958724000096, 43.785747528 ], [ 19.788881302000107, 43.781044008000038 ], [ 19.796304703000146, 43.777896881000174 ], [ 19.798271180000086, 43.776866912000116 ], [ 19.803575516000024, 43.772682191000172 ], [ 19.807073592000052, 43.769207001000041 ], [ 19.810430527000108, 43.764366151000104 ], [ 19.813358307000044, 43.758007051000106 ], [ 19.816997527000069, 43.752586364000194 ], [ 19.817604066000058, 43.750732422000112 ], [ 19.81765556300013, 43.749477386000194 ], [ 19.817413328999976, 43.748630524000077 ], [ 19.816045760000065, 43.746875764000038 ], [ 19.814073563000079, 43.745159149000187 ], [ 19.809219360000156, 43.741214752000076 ], [ 19.802829743000189, 43.73676300000011 ], [ 19.799144746000024, 43.733444215000077 ], [ 19.797798157000102, 43.731555939000145 ], [ 19.796585083000082, 43.728889466000055 ], [ 19.796550751000098, 43.727485658000091 ], [ 19.79703140200013, 43.726139070000045 ], [ 19.798685074000048, 43.724338531 ], [ 19.800111771000047, 43.723285676000046 ], [ 19.803525924000155, 43.721435547000169 ], [ 19.805469512000059, 43.720714569 ], [ 19.808458327000153, 43.720005035000099 ], [ 19.81787681600008, 43.718414308000035 ], [ 19.826126098000145, 43.715850830000193 ], [ 19.835178374000066, 43.713840484000116 ], [ 19.839017869000031, 43.712394714000084 ], [ 19.842702865000092, 43.710391999000194 ], [ 19.844242096000187, 43.70898437600016 ], [ 19.845256806000123, 43.707416535 ], [ 19.845926285000189, 43.703903198000035 ], [ 19.84658432100008, 43.702053071000137 ], [ 19.847478866000131, 43.700809478 ], [ 19.849384308000026, 43.699089050000111 ], [ 19.851810456000067, 43.697589875000176 ], [ 19.853891373000181, 43.696651458000076 ], [ 19.860931396000126, 43.694080353000061 ], [ 19.864734649000127, 43.692367555000089 ], [ 19.866424561000144, 43.691322326000034 ], [ 19.868190766000168, 43.689453126000103 ], [ 19.869411468000123, 43.687187195000092 ], [ 19.87019920299997, 43.684772492000036 ], [ 19.87111663800016, 43.680633545000148 ], [ 19.871284484000171, 43.678184510000108 ], [ 19.874347687000068, 43.674758912000186 ], [ 19.876953124000067, 43.672248840000179 ], [ 19.879791260000047, 43.669956207000098 ], [ 19.883039474000043, 43.668121339000152 ], [ 19.888132096000049, 43.665721894000114 ], [ 19.890661239000167, 43.663986205000128 ], [ 19.892377854000188, 43.661880494000059 ], [ 19.893175125000141, 43.659770965000064 ], [ 19.893442154000127, 43.657566071000076 ], [ 19.893264771000133, 43.655372619000104 ], [ 19.892595292000067, 43.653289796000195 ], [ 19.891147613999976, 43.651233673000149 ], [ 19.889020920000064, 43.649623872000063 ], [ 19.881643294000185, 43.647098541000105 ], [ 19.879711151000095, 43.645782472000064 ], [ 19.879074096000068, 43.644622803000118 ], [ 19.878944397000055, 43.643310546000123 ], [ 19.879980086000046, 43.638607026000159 ], [ 19.880136491000087, 43.63520431600017 ], [ 19.879882812000176, 43.634273530000087 ], [ 19.878862381000033, 43.632736206000061 ], [ 19.877214432000187, 43.631450653 ], [ 19.875312805000135, 43.630596161000028 ], [ 19.873102189, 43.629970551000156 ], [ 19.863756181000156, 43.628482819000112 ], [ 19.86148834200003, 43.62788391100014 ], [ 19.85951232900004, 43.627075195000032 ], [ 19.858097076000092, 43.626148224000133 ], [ 19.857110977000104, 43.625053406000177 ], [ 19.85661697400019, 43.623744964000082 ], [ 19.856666566, 43.622375488000102 ], [ 19.857667923000179, 43.620380402000023 ], [ 19.859561920000147, 43.618640900000173 ], [ 19.861259460999975, 43.617694856000071 ], [ 19.870819092000033, 43.613372803000118 ], [ 19.882507324000073, 43.609050751000098 ], [ 19.884218215000146, 43.608001709000177 ], [ 19.88548278900015, 43.606712341000048 ], [ 19.886302948000093, 43.605232238999974 ], [ 19.886728286999983, 43.603195191 ], [ 19.88655090400016, 43.601081848000035 ], [ 19.884954452000045, 43.595809938000116 ], [ 19.883056640000063, 43.586574555000084 ], [ 19.882722855000054, 43.580699920000086 ], [ 19.882757186000163, 43.574367523000092 ], [ 19.875659943000073, 43.57570266800019 ], [ 19.862768172000017, 43.576988221000022 ], [ 19.856201172000056, 43.577972412 ], [ 19.854112624000095, 43.578647614000147 ], [ 19.851444244000106, 43.580104827000184 ], [ 19.847957611000027, 43.582485199000132 ], [ 19.842126847000031, 43.58535385100015 ], [ 19.837472917000071, 43.586845398000037 ], [ 19.833578109000086, 43.587459564000028 ], [ 19.831373216000145, 43.587341309000124 ], [ 19.829177856000058, 43.586894990000019 ], [ 19.821460724000133, 43.584075928 ], [ 19.819156646000067, 43.583457947000113 ], [ 19.816774369000086, 43.583057403000055 ], [ 19.813709258000017, 43.582904816000109 ], [ 19.81068420400004, 43.583148957000162 ], [ 19.808391571000129, 43.583633422000162 ], [ 19.806245804000127, 43.584354401000041 ], [ 19.80074119600016, 43.586963653000112 ], [ 19.798646927000163, 43.587619782000161 ], [ 19.796445847000086, 43.587989807000099 ], [ 19.793613434000122, 43.587985993000132 ], [ 19.791646957000069, 43.587673187 ], [ 19.786935806000088, 43.586425781 ], [ 19.781337739000094, 43.584201814000153 ], [ 19.779602050000108, 43.583297729000037 ], [ 19.777439118000189, 43.581623078000121 ], [ 19.774881364000123, 43.579181671000185 ], [ 19.772567748000029, 43.577636719000054 ], [ 19.769998550000082, 43.576423645000034 ], [ 19.767381668000098, 43.575691223000035 ], [ 19.765447617000177, 43.575695038000049 ], [ 19.76352119400002, 43.576126098000032 ], [ 19.761390687000073, 43.577117920000035 ], [ 19.759544373000097, 43.578502655000136 ], [ 19.75810432500009, 43.580184936000137 ], [ 19.757070542000122, 43.582557679000104 ], [ 19.75655555700007, 43.585147858000084 ], [ 19.755897522000055, 43.59322738700007 ], [ 19.755443573000036, 43.595813751000151 ], [ 19.754550934000179, 43.598228454000036 ], [ 19.748195648000149, 43.608154296000066 ], [ 19.746288299000184, 43.610160828 ], [ 19.743787765000036, 43.611827851000044 ], [ 19.739753723000035, 43.613815309000131 ], [ 19.736864090000154, 43.61508941600016 ], [ 19.734149933000026, 43.615970612000069 ], [ 19.730829239000059, 43.616737366000052 ], [ 19.728904724000074, 43.616962434000015 ], [ 19.726905823000152, 43.616912842000033 ], [ 19.725025177000134, 43.616516113000159 ], [ 19.722570420000181, 43.61528778100012 ], [ 19.721176147000165, 43.614253997000048 ], [ 19.719911574999969, 43.613075257000048 ], [ 19.71454238900003, 43.606655121000131 ], [ 19.711950302000048, 43.604099274000134 ], [ 19.709621429000151, 43.602252960000158 ], [ 19.703224181000053, 43.598571777000132 ], [ 19.701030731000117, 43.596897125999988 ], [ 19.699960708000106, 43.595577240000068 ], [ 19.696962357000075, 43.59066772400007 ], [ 19.695669174000102, 43.589244843000017 ], [ 19.693338395000069, 43.587467194000112 ], [ 19.688022613999976, 43.584110260000045 ], [ 19.685588837000182, 43.582199097000057 ], [ 19.679456710000181, 43.576293946000078 ], [ 19.677684784000121, 43.575065613000106 ], [ 19.675216674000012, 43.574031830000138 ], [ 19.672481538000056, 43.573486329000048 ], [ 19.668998717000079, 43.573516846000132 ], [ 19.667167664000033, 43.573928833000025 ], [ 19.663265228000057, 43.577117920000035 ], [ 19.661582947000056, 43.578216553000061 ], [ 19.658924103000118, 43.579097747000162 ], [ 19.655990600000166, 43.579349519 ], [ 19.653106690000129, 43.578994752000085 ], [ 19.650651932000017, 43.578102113 ], [ 19.648519515000089, 43.576824188000046 ], [ 19.646764755000049, 43.575290681000126 ], [ 19.645765304000179, 43.574020387000132 ], [ 19.643476486000168, 43.568790437000132 ], [ 19.641809463000186, 43.566905976000101 ], [ 19.639589309000144, 43.565223694000167 ], [ 19.63096618700007, 43.56076812800012 ], [ 19.628677368000126, 43.559982299000183 ], [ 19.626825333000113, 43.55971527100013 ], [ 19.625154495000061, 43.559909821000076 ], [ 19.623308181000084, 43.561061860000109 ], [ 19.620260238000014, 43.565460206000012 ], [ 19.618652343000122, 43.567165375000172 ], [ 19.616687774000013, 43.568756103000169 ], [ 19.614454269000078, 43.570209503000171 ], [ 19.607448578000117, 43.573959351000099 ], [ 19.598823547000109, 43.579730987000119 ], [ 19.589298248000091, 43.584220887000185 ], [ 19.587207794000165, 43.585979462000125 ], [ 19.585681915000123, 43.588092804000041 ], [ 19.583890914000165, 43.592254639000032 ], [ 19.582826614, 43.594261170000038 ], [ 19.58177948000008, 43.595554351000033 ], [ 19.580514908000055, 43.596729279000044 ], [ 19.578149795000058, 43.598289489000194 ], [ 19.576261521000106, 43.599052429999972 ], [ 19.560468674, 43.603942871000072 ], [ 19.553390503000116, 43.605869294000058 ], [ 19.549745559000144, 43.606403351999973 ], [ 19.545953751000127, 43.606678010000167 ], [ 19.534420013000101, 43.607208252000135 ], [ 19.52256965600003, 43.608837128000118 ], [ 19.510833741000056, 43.609634400000175 ], [ 19.507064819000107, 43.610191345000146 ], [ 19.495550155000046, 43.613265991000162 ], [ 19.492586136000057, 43.613861084000121 ], [ 19.486320495000029, 43.614711761000081 ] ] ] ] } },
{ "type": "Feature", "properties": { "fid": 155, "GID_2": "SRB.25.4_1", "GID_0": "SRB", "COUNTRY": "Serbia", "GID_1": "SRB.25_1", "NAME_1": "Zlatiborski", "NL_NAME_1": "Златиборски", "NAME_2": "Kosjerić", "VARNAME_2": "NA", "NL_NAME_2": "Косјерић", "TYPE_2": "Opštine", "ENGTYPE_2": "Town|Municipal", "CC_2": "NA", "HASC_2": "NA" }, "geometry": { "type": "MultiPolygon", "coordinates": [ [ [ [ 19.689477920000172, 44.122566224000138 ], [ 19.695550919000027, 44.121566772000051 ], [ 19.70011329700003, 44.120506287000126 ], [ 19.704387665000183, 44.119033813000158 ], [ 19.706289292000065, 44.118083953999985 ], [ 19.709041596000077, 44.11616516100014 ], [ 19.71559333800019, 44.110733032000041 ], [ 19.718257903000108, 44.109077454000158 ], [ 19.721212387000151, 44.107875825000121 ], [ 19.725654602000077, 44.107040406000181 ], [ 19.734285354000122, 44.107456208000144 ], [ 19.737966537000148, 44.106506349000142 ], [ 19.73973083400017, 44.105628968000133 ], [ 19.741260528000112, 44.104488374000084 ], [ 19.746425628000054, 44.099613191 ], [ 19.752523421000035, 44.095546722999984 ], [ 19.755477905000077, 44.093189240000072 ], [ 19.758243561000086, 44.089778900000169 ], [ 19.760145188000138, 44.085475921000011 ], [ 19.762086869000143, 44.082672119000051 ], [ 19.763441085000068, 44.081291199000191 ], [ 19.770814896000104, 44.075687409000125 ], [ 19.773956298000144, 44.072101594000173 ], [ 19.775573731000122, 44.069416046000015 ], [ 19.776149751000162, 44.067512512000121 ], [ 19.776100158000077, 44.065322876000096 ], [ 19.774286271000165, 44.061553955000136 ], [ 19.7740631100001, 44.060207367000089 ], [ 19.774259567000115, 44.058837890000177 ], [ 19.775852204000159, 44.056259156000181 ], [ 19.77725029000004, 44.055099487000064 ], [ 19.779064178000169, 44.054183960000046 ], [ 19.781202317000066, 44.053508758000135 ], [ 19.785007476000033, 44.052852632000054 ], [ 19.793228149000129, 44.052318572000047 ], [ 19.799432754000065, 44.052246094000111 ], [ 19.802362442000174, 44.052577972000051 ], [ 19.804281234000143, 44.053089143000136 ], [ 19.806245804000127, 44.053874970000038 ], [ 19.807924270000115, 44.054904938 ], [ 19.809213638000017, 44.056209564000142 ], [ 19.810123443000066, 44.057727813000099 ], [ 19.81089782700019, 44.060234070000035 ], [ 19.811214446, 44.062915800999974 ], [ 19.811098098000173, 44.068447113000047 ], [ 19.810031891000165, 44.073833465000064 ], [ 19.806377410000039, 44.083503723000092 ], [ 19.799304963000054, 44.095500946000016 ], [ 19.797006608000061, 44.098171233000073 ], [ 19.79388236900013, 44.100833893000129 ], [ 19.791131973000063, 44.102317810000045 ], [ 19.787029266000161, 44.104003906000116 ], [ 19.782020568000178, 44.106529237000075 ], [ 19.776470183000015, 44.110046387000125 ], [ 19.774986266000099, 44.111202241 ], [ 19.773944854999968, 44.112400055000194 ], [ 19.773555756000064, 44.113624572000163 ], [ 19.773771287000045, 44.114871978000167 ], [ 19.774526597000147, 44.115993501000162 ], [ 19.775714875000062, 44.117034912000065 ], [ 19.778244019000056, 44.118469238999978 ], [ 19.782573699000011, 44.120136262000187 ], [ 19.786722184000155, 44.12128448600015 ], [ 19.789812088000019, 44.121662139000023 ], [ 19.792936324999971, 44.121662139000023 ], [ 19.795976640000106, 44.121288299000184 ], [ 19.798231125000029, 44.120689393000191 ], [ 19.800281524000127, 44.119819642000095 ], [ 19.802089691000106, 44.118690492000098 ], [ 19.80838966400006, 44.113632203000179 ], [ 19.81211090100004, 44.111331940000184 ], [ 19.819175720000089, 44.108592987000122 ], [ 19.826379777000056, 44.105319978000125 ], [ 19.828956605000144, 44.104942323000046 ], [ 19.831411363000029, 44.105503081999984 ], [ 19.832958220000023, 44.106384278000064 ], [ 19.838924407000093, 44.111373902000082 ], [ 19.841014863000055, 44.112758637000184 ], [ 19.844820023000125, 44.114009858000088 ], [ 19.850347520000128, 44.11515808200005 ], [ 19.852230071, 44.115722656000059 ], [ 19.853849412000159, 44.116500855000027 ], [ 19.855491639000093, 44.118041992000087 ], [ 19.856603623000069, 44.119968415000073 ], [ 19.858810424000126, 44.126171113000055 ], [ 19.859758376000059, 44.127593994000108 ], [ 19.861045837000063, 44.128768922000177 ], [ 19.86271476700017, 44.129611969000052 ], [ 19.864671706000138, 44.130115510000053 ], [ 19.867399216000024, 44.130283355000131 ], [ 19.887311935000128, 44.128768922000177 ], [ 19.893768310000098, 44.127689361000137 ], [ 19.896169662000034, 44.126968385000168 ], [ 19.901420593000068, 44.124694824000073 ], [ 19.908212662000096, 44.121246337000116 ], [ 19.909467698000014, 44.120269776000043 ], [ 19.910388946000069, 44.118686677000028 ], [ 19.910551071000043, 44.116916657000161 ], [ 19.910036087000094, 44.115142823000099 ], [ 19.908664703000113, 44.113376618000075 ], [ 19.906070709000062, 44.11143493700007 ], [ 19.904497147000086, 44.10984802300004 ], [ 19.903985976000172, 44.108612060000041 ], [ 19.903951645000063, 44.107288360000098 ], [ 19.904949189000035, 44.104732513000101 ], [ 19.906099320000067, 44.102916718000074 ], [ 19.907800675000033, 44.100971222000055 ], [ 19.911710738000181, 44.097423553000056 ], [ 19.916368484000088, 44.093975066999974 ], [ 19.918123246000164, 44.092918397000119 ], [ 19.920055389000083, 44.092098236000027 ], [ 19.927906037000184, 44.090087892000156 ], [ 19.934547423000083, 44.087028504000159 ], [ 19.941852570000094, 44.084373474000188 ], [ 19.944339752000189, 44.083194734000188 ], [ 19.9490242010001, 44.080150604000039 ], [ 19.95078659100011, 44.079319000000169 ], [ 19.953929901000095, 44.07837677100008 ], [ 19.966619491000074, 44.07732772900016 ], [ 19.973800660000109, 44.07638549700016 ], [ 19.977769851000176, 44.075618744000053 ], [ 19.977546693000022, 44.074409485000103 ], [ 19.975868225000056, 44.070907593000072 ], [ 19.972112656000093, 44.06576919500003 ], [ 19.970653535000054, 44.063266755000086 ], [ 19.970102309000083, 44.061138153000172 ], [ 19.969585418000065, 44.05611419700017 ], [ 19.967842103000123, 44.051738740000076 ], [ 19.967355728000143, 44.049556733000088 ], [ 19.967338562000123, 44.04505920400004 ], [ 19.97078704900008, 44.031040192000034 ], [ 19.972248077000188, 44.028926849000072 ], [ 19.976871491000111, 44.024879456000122 ], [ 19.978080750000061, 44.022857666000164 ], [ 19.978237153000123, 44.021053314000085 ], [ 19.977796555000054, 44.019630433000032 ], [ 19.976917266000044, 44.018276213999968 ], [ 19.973224640000069, 44.014678956000068 ], [ 19.972330094000142, 44.013488769999981 ], [ 19.97167015000008, 44.011516570000083 ], [ 19.971763612000132, 44.010623933000034 ], [ 19.97232437100007, 44.009387970000148 ], [ 19.973850250000112, 44.007598877000191 ], [ 19.980440139000109, 44.002330780000136 ], [ 19.981660843000043, 44.00090789799998 ], [ 19.982591629000183, 43.999393464000093 ], [ 19.984348297, 43.995136260000095 ], [ 19.989217758000109, 43.988056183000083 ], [ 19.991678238000134, 43.985633850000113 ], [ 19.993902207000019, 43.983963014000039 ], [ 19.997013093000021, 43.982086181000113 ], [ 19.998779298000045, 43.980510712000068 ], [ 19.999408722000112, 43.979259491000164 ], [ 19.999589921000108, 43.977901460000169 ], [ 19.997875213000157, 43.97100830200003 ], [ 19.996959685000036, 43.968963623000036 ], [ 19.995409012000096, 43.966880798000091 ], [ 19.993293763000167, 43.965133667000032 ], [ 19.986951829000134, 43.961997987000132 ], [ 19.984523773000149, 43.960411073000103 ], [ 19.98271942100007, 43.958496093000122 ], [ 19.981641770000181, 43.956596374000071 ], [ 19.980028152000045, 43.952011109000182 ], [ 19.980075836000083, 43.950233460999982 ], [ 19.980815886000073, 43.947639465000123 ], [ 19.980728150000061, 43.945930482000051 ], [ 19.980234146000043, 43.944717407000098 ], [ 19.978069305000076, 43.942031861000146 ], [ 19.973817826000129, 43.937961578000056 ], [ 19.971809387000121, 43.936428071000137 ], [ 19.9644412990001, 43.933212281000124 ], [ 19.957586288000016, 43.93089676000011 ], [ 19.950239181000086, 43.928977967000094 ], [ 19.946573257000182, 43.92846679600018 ], [ 19.942674637000039, 43.928207399000087 ], [ 19.921287537000069, 43.928054809000059 ], [ 19.913276672000052, 43.942138672000169 ], [ 19.912151336000022, 43.943641662 ], [ 19.909374236000133, 43.946453094000105 ], [ 19.907653808000077, 43.947650910000107 ], [ 19.905633926000064, 43.948528291000116 ], [ 19.903383255000108, 43.949100495000039 ], [ 19.900344848000145, 43.949424743000066 ], [ 19.89722824200004, 43.949386596000181 ], [ 19.894170761000112, 43.949012756000172 ], [ 19.885158539000145, 43.946929931000057 ], [ 19.883171081, 43.9466323850001 ], [ 19.880332947, 43.94665145800019 ], [ 19.876373292000039, 43.947448730000076 ], [ 19.86480522200003, 43.950710296000125 ], [ 19.862834930000076, 43.951045991000058 ], [ 19.860017776000177, 43.951076508000028 ], [ 19.856065750000027, 43.950363159000062 ], [ 19.846126557000048, 43.948020935000102 ], [ 19.83568573000008, 43.946132661000149 ], [ 19.831819534000147, 43.945659637000119 ], [ 19.819589614000051, 43.945304870000143 ], [ 19.80721282900015, 43.945522308000193 ], [ 19.803195953000113, 43.945850373000098 ], [ 19.799358368000128, 43.946544648000042 ], [ 19.785879134000027, 43.951568604000045 ], [ 19.774429320000024, 43.955062867000095 ], [ 19.769460677000041, 43.95684433100007 ], [ 19.767040254000051, 43.959514618000071 ], [ 19.764120102000049, 43.96179199200003 ], [ 19.761613845000056, 43.962657928000112 ], [ 19.754930496000156, 43.963394165000182 ], [ 19.752853394000056, 43.963878633000149 ], [ 19.750963211000055, 43.964683533000141 ], [ 19.749353408, 43.965805053000167 ], [ 19.746875763999981, 43.968456270000104 ], [ 19.745990753000058, 43.969860078000067 ], [ 19.745094300000062, 43.972457885000154 ], [ 19.744747162000124, 43.977989197000056 ], [ 19.745698929000071, 43.983352661000083 ], [ 19.74712562600007, 43.987602234000065 ], [ 19.746978759000115, 43.989562989000035 ], [ 19.745866776000184, 43.991809844000045 ], [ 19.74274253800013, 43.996376038 ], [ 19.740369797000028, 44.002822875000106 ], [ 19.738519668000151, 44.006271362000064 ], [ 19.732940674000019, 44.011867524000138 ], [ 19.728895187000091, 44.0167541510001 ], [ 19.726968766000084, 44.018196106000119 ], [ 19.725194931000146, 44.018924712000171 ], [ 19.723173141000188, 44.019443512000123 ], [ 19.714172364000035, 44.020961762000127 ], [ 19.704320907000181, 44.023403167000083 ], [ 19.701511383000081, 44.023773194000057 ], [ 19.700204849000158, 44.023723602000018 ], [ 19.697502136000082, 44.023143768000011 ], [ 19.692081451000035, 44.021366119000106 ], [ 19.689386368000044, 44.021045684000171 ], [ 19.686628341000187, 44.021244049000131 ], [ 19.68473243699998, 44.021701812000117 ], [ 19.680910110000184, 44.023242950000053 ], [ 19.679105758000105, 44.024318695000147 ], [ 19.677560806000031, 44.02561187800012 ], [ 19.670814515000018, 44.033424377000017 ], [ 19.669527054000184, 44.035671234000063 ], [ 19.669250489000149, 44.037136078000117 ], [ 19.669433593000178, 44.038585663000049 ], [ 19.67000579900008, 44.039901733000079 ], [ 19.673784255999976, 44.045299531000069 ], [ 19.679424286000028, 44.050514222000174 ], [ 19.686920166999982, 44.060115815000131 ], [ 19.688991547000171, 44.062068939000085 ], [ 19.697046279000119, 44.066883087000178 ], [ 19.699357987000042, 44.068508148000035 ], [ 19.70123863300006, 44.070266723000145 ], [ 19.702152253000179, 44.071510316000115 ], [ 19.702882767, 44.073341370000094 ], [ 19.703763961000107, 44.076816560000054 ], [ 19.705102921000048, 44.078666687000066 ], [ 19.71169853300006, 44.084720613000059 ], [ 19.713012695000089, 44.08658981300016 ], [ 19.714242935000129, 44.089256288000115 ], [ 19.714248658000145, 44.091148377000081 ], [ 19.713649750000116, 44.092571258000078 ], [ 19.712545395000177, 44.093849183000032 ], [ 19.710966111000062, 44.094928741000047 ], [ 19.704555511000081, 44.097805023000149 ], [ 19.700744630000145, 44.099803925000174 ], [ 19.698982240000134, 44.101028442000143 ], [ 19.697559356, 44.102474212000061 ], [ 19.696458816000074, 44.10411453200004 ], [ 19.695238114000176, 44.107002259000126 ], [ 19.693239213000084, 44.113132477000022 ], [ 19.689477920000172, 44.122566224000138 ] ] ] ] } },
{ "type": "Feature", "properties": { "fid": 157, "GID_2": "SRB.25.6_1", "GID_0": "SRB", "COUNTRY": "Serbia", "GID_1": "SRB.25_1", "NAME_1": "Zlatiborski", "NL_NAME_1": "Златиборски", "NAME_2": "Požega", "VARNAME_2": "NA", "NL_NAME_2": "Пожега", "TYPE_2": "Opštine", "ENGTYPE_2": "Town|Municipal", "CC_2": "NA", "HASC_2": "NA" }, "geometry": { "type": "MultiPolygon", "coordinates": [ [ [ [ 20.009521484000174, 44.104194641 ], [ 20.012369155000158, 44.101051331000178 ], [ 20.013917922000132, 44.099746704000154 ], [ 20.016824721000035, 44.098190309000074 ], [ 20.018945693000035, 44.097671510000055 ], [ 20.021184921000042, 44.09741211000005 ], [ 20.03255271800009, 44.097072602000026 ], [ 20.036750793000067, 44.096458435000102 ], [ 20.038732528000025, 44.095706940000184 ], [ 20.044393540000158, 44.092857362000132 ], [ 20.047294616000045, 44.091762543000073 ], [ 20.062000275000059, 44.085323334000122 ], [ 20.063692092000167, 44.081829072000176 ], [ 20.070129394000048, 44.071079254000153 ], [ 20.071062088000133, 44.067394256000057 ], [ 20.070682525000109, 44.065338135000047 ], [ 20.069128037000098, 44.062957763000099 ], [ 20.062353134000034, 44.056106567000029 ], [ 20.059465409000097, 44.051280976000044 ], [ 20.059011460000136, 44.049171447000163 ], [ 20.059074401000089, 44.047027589000095 ], [ 20.059642792000147, 44.044940949000079 ], [ 20.06240654000004, 44.039909363000163 ], [ 20.063041687000066, 44.037376404000099 ], [ 20.062526703000117, 44.035827637000125 ], [ 20.061372756000083, 44.034370423000155 ], [ 20.05728721700018, 44.030879975000175 ], [ 20.056266784000059, 44.029682159 ], [ 20.055345536000061, 44.027645111000083 ], [ 20.055282593000072, 44.026702882000166 ], [ 20.05555915900004, 44.025375367000038 ], [ 20.056507111000144, 44.023517610000056 ], [ 20.058265686000084, 44.021675111000093 ], [ 20.060598373000062, 44.019996643000127 ], [ 20.069244385000104, 44.015201568000123 ], [ 20.07162857100019, 44.01336288400006 ], [ 20.073455810000155, 44.011520385000097 ], [ 20.074600221000026, 44.009597778000114 ], [ 20.074737550000123, 44.007720947000166 ], [ 20.073911666000186, 44.005748750000123 ], [ 20.070985794000023, 44.001945496000076 ], [ 20.068948746000046, 44.000091552000129 ], [ 20.061717987000179, 43.994735719000118 ], [ 20.060419084000046, 43.993267060000164 ], [ 20.059406281, 43.991687776000049 ], [ 20.055992126000092, 43.983585359000131 ], [ 20.055667876000086, 43.9823951730001 ], [ 20.055776596000157, 43.98118591400015 ], [ 20.056415559000186, 43.980102540000189 ], [ 20.05835914700009, 43.978881836000085 ], [ 20.066408157000069, 43.976833345000159 ], [ 20.067832946000124, 43.976169586000026 ], [ 20.068986893000101, 43.974754335000114 ], [ 20.069004059000122, 43.973548889000028 ], [ 20.068454743000132, 43.972297670000103 ], [ 20.065425872999981, 43.968723297000054 ], [ 20.064638137000031, 43.967300416000171 ], [ 20.064271927000107, 43.965801240000133 ], [ 20.064573288000076, 43.963901519000046 ], [ 20.06589317300012, 43.96200943000008 ], [ 20.068002702000115, 43.960289002000025 ], [ 20.070829392000064, 43.958671571000082 ], [ 20.087240218000034, 43.95106506500008 ], [ 20.091690063999977, 43.950073243000077 ], [ 20.096235275000083, 43.949893952000082 ], [ 20.099487305000082, 43.943172455000195 ], [ 20.103023529999973, 43.937496186000089 ], [ 20.104167939000092, 43.934898377000025 ], [ 20.104089738000084, 43.93284606900005 ], [ 20.103147506000141, 43.931018830000085 ], [ 20.101669312000013, 43.929286957000045 ], [ 20.098377228000118, 43.926280976000157 ], [ 20.096694946000014, 43.925060272000053 ], [ 20.090343476000157, 43.922027589000038 ], [ 20.088266374000057, 43.920516968000186 ], [ 20.087444305000133, 43.919250489000092 ], [ 20.08704948400009, 43.917831420000027 ], [ 20.087074280000024, 43.91582489100017 ], [ 20.087739944000191, 43.913806916000112 ], [ 20.08917045600009, 43.911754608000081 ], [ 20.099451065000096, 43.901054382000098 ], [ 20.10121727000012, 43.899848938 ], [ 20.110502243000155, 43.894542694000108 ], [ 20.11631584100013, 43.890491486000087 ], [ 20.128255845000069, 43.885486602000071 ], [ 20.139329909000082, 43.882480621000127 ], [ 20.155614852000042, 43.877033233000077 ], [ 20.143728255000042, 43.874553680000133 ], [ 20.135969162000094, 43.873451233000139 ], [ 20.128190995000011, 43.873214722000057 ], [ 20.116779327000131, 43.873916627000085 ], [ 20.114517211000191, 43.873729706000177 ], [ 20.112342834000117, 43.87323379500009 ], [ 20.109560012000088, 43.872047425000176 ], [ 20.105943680000053, 43.869159699000136 ], [ 20.104816437000125, 43.867858886000079 ], [ 20.102230073000158, 43.863933564000035 ], [ 20.10037612900004, 43.86189651400008 ], [ 20.093185424000069, 43.856639863000055 ], [ 20.091901779000182, 43.85519027700019 ], [ 20.08992004400011, 43.85151291000011 ], [ 20.087902069, 43.846405030000085 ], [ 20.087564468000039, 43.844245912000133 ], [ 20.087720871000101, 43.842079163000051 ], [ 20.088417053000171, 43.840000153000119 ], [ 20.090400696000074, 43.837329865000186 ], [ 20.093454362000159, 43.834785461000138 ], [ 20.095386505000022, 43.833831787000122 ], [ 20.102132796000035, 43.83161544800015 ], [ 20.103773118000049, 43.830799102000071 ], [ 20.105392456000061, 43.829235076000032 ], [ 20.106361389000028, 43.827301025000111 ], [ 20.106752395000058, 43.825225831000182 ], [ 20.106712341000105, 43.823078155000132 ], [ 20.106290818000161, 43.820957183000132 ], [ 20.105287551000174, 43.81811142000015 ], [ 20.104883195000127, 43.814868928000067 ], [ 20.105129242000146, 43.813991547000057 ], [ 20.106435775000136, 43.812164306000113 ], [ 20.113458634000096, 43.804912566000155 ], [ 20.11541175800005, 43.803508758000191 ], [ 20.122009277000132, 43.800304413000163 ], [ 20.12593078600014, 43.797489166000048 ], [ 20.12861442500008, 43.794334413000058 ], [ 20.130130768000015, 43.791564941000047 ], [ 20.130455018000021, 43.789543151000089 ], [ 20.130218505000073, 43.788059234000173 ], [ 20.129520417000094, 43.786682129000155 ], [ 20.127588271999969, 43.784931183000083 ], [ 20.124242782000124, 43.782760621000079 ], [ 20.122005462000118, 43.780723573000103 ], [ 20.120792388000098, 43.779159547000177 ], [ 20.11964607200008, 43.776809691999972 ], [ 20.11910438600006, 43.774700165000183 ], [ 20.119163514000149, 43.773643494000055 ], [ 20.115736008000056, 43.772129060000168 ], [ 20.107343673000116, 43.767845154000099 ], [ 20.103450775000113, 43.766292572000054 ], [ 20.100458145000118, 43.765911103000178 ], [ 20.097753526000076, 43.766464234000011 ], [ 20.092824935000181, 43.769237519000058 ], [ 20.09069061200006, 43.769714357000112 ], [ 20.08846283000014, 43.769626618000018 ], [ 20.086492538000186, 43.768947601000093 ], [ 20.085361480000017, 43.767997742000091 ], [ 20.084407806000172, 43.76677703900009 ], [ 20.079864502000135, 43.759716034000178 ], [ 20.077833175000023, 43.758148193000011 ], [ 20.07604408300017, 43.75748062100007 ], [ 20.073989867000023, 43.757080078000058 ], [ 20.070991517000095, 43.756828308000138 ], [ 20.067834854000125, 43.756824493000124 ], [ 20.064626694000026, 43.757011414000033 ], [ 20.053981782000164, 43.758476258000087 ], [ 20.050863266000079, 43.758495331000177 ], [ 20.047868728000083, 43.758174896000185 ], [ 20.045675278000147, 43.757625580000024 ], [ 20.043720246000078, 43.756797791000054 ], [ 20.042055131000041, 43.755683899000076 ], [ 20.038255691000074, 43.751800537000122 ], [ 20.035102845000154, 43.74697494600008 ], [ 20.033008575000053, 43.742824554000038 ], [ 20.029550552000046, 43.738201142000094 ], [ 20.027751923000153, 43.736553193000077 ], [ 20.021883011000057, 43.733173370000145 ], [ 20.017219544000113, 43.729663850000179 ], [ 20.01469993600017, 43.728069305000133 ], [ 20.010440827000139, 43.726490021000018 ], [ 20.000251770000034, 43.724235536000094 ], [ 19.991037368000036, 43.72267151 ], [ 19.984151840000038, 43.720787049000137 ], [ 19.981510161000188, 43.719875336000143 ], [ 19.974889756000152, 43.716579437000178 ], [ 19.973289489000024, 43.71619033900015 ], [ 19.972122192000143, 43.716140747000111 ], [ 19.970464706000143, 43.716392518000077 ], [ 19.968801498, 43.716911315000118 ], [ 19.954917908000084, 43.722362518000011 ], [ 19.951206206000109, 43.724620819000108 ], [ 19.945669174000045, 43.729373931999987 ], [ 19.935886383000025, 43.739089967000041 ], [ 19.930784225000139, 43.744579316000113 ], [ 19.925514222000061, 43.750782012000116 ], [ 19.926660538000078, 43.751285553000116 ], [ 19.927375794000113, 43.752597810000054 ], [ 19.927200317000086, 43.754203797000173 ], [ 19.926214218000098, 43.757850646000179 ], [ 19.926290511000104, 43.758819581000182 ], [ 19.927272797, 43.760871888000054 ], [ 19.929193497000142, 43.76259613100018 ], [ 19.939092636, 43.767009735000158 ], [ 19.941329956000061, 43.768402100000174 ], [ 19.943241120000096, 43.769985199000132 ], [ 19.944696426000064, 43.771751405000089 ], [ 19.945728302000191, 43.77426529000013 ], [ 19.946109772000113, 43.776958466000053 ], [ 19.946056365000061, 43.779708863000167 ], [ 19.945596696000109, 43.782428742000036 ], [ 19.944591521000177, 43.785026550000055 ], [ 19.940366746000109, 43.790607453000064 ], [ 19.93765068099998, 43.795440675000123 ], [ 19.937284469000076, 43.797512055000084 ], [ 19.937505721999969, 43.799579621000078 ], [ 19.939607620000174, 43.805709839000144 ], [ 19.939641952000159, 43.807884216 ], [ 19.938615799000104, 43.809764861000076 ], [ 19.936948776000122, 43.811653137000178 ], [ 19.934791565000069, 43.813426972000173 ], [ 19.932138443000099, 43.814933776000146 ], [ 19.924371719000135, 43.818099976999974 ], [ 19.916202546000022, 43.822135926000044 ], [ 19.90520858800005, 43.831161499000132 ], [ 19.897781373000043, 43.835491181000123 ], [ 19.894315720000122, 43.837886811000089 ], [ 19.893108369000117, 43.839302063000105 ], [ 19.892324447000135, 43.84085464500015 ], [ 19.891952515000071, 43.842914582000162 ], [ 19.89225006099997, 43.844959260000053 ], [ 19.892986298000096, 43.846477509000124 ], [ 19.894170761000112, 43.847827912000071 ], [ 19.895795822000025, 43.848957062000068 ], [ 19.899593353000057, 43.850673676000156 ], [ 19.901607514000034, 43.851280212000063 ], [ 19.905225754000071, 43.851879120000035 ], [ 19.92081642200003, 43.852516174000186 ], [ 19.92455482500003, 43.852920533000145 ], [ 19.929691315000127, 43.854053497000109 ], [ 19.940313339000056, 43.858089447999987 ], [ 19.946100235000131, 43.861110687000121 ], [ 19.951135635000185, 43.865432740000074 ], [ 19.954095840999969, 43.86891555800014 ], [ 19.954925538000168, 43.870872497000107 ], [ 19.955177307000099, 43.872261047000109 ], [ 19.954713821000155, 43.874633789000143 ], [ 19.953544616000102, 43.877017975000058 ], [ 19.951511383000025, 43.880451203000064 ], [ 19.94904136700012, 43.883480073000044 ], [ 19.944381714000144, 43.887237549000076 ], [ 19.935352326000157, 43.895523072 ], [ 19.925031662000151, 43.902687073000095 ], [ 19.917604447000144, 43.907123566000109 ], [ 19.914659501000187, 43.909404755000082 ], [ 19.913059234, 43.9112854010001 ], [ 19.912656785000024, 43.91265487700008 ], [ 19.912849426000093, 43.914062500999989 ], [ 19.913562775, 43.915367127000138 ], [ 19.917726517000119, 43.919540405000077 ], [ 19.919538497000076, 43.921943665000185 ], [ 19.920726776000095, 43.924560548000045 ], [ 19.921329499000137, 43.926898957 ], [ 19.921287537000069, 43.928054809000059 ], [ 19.942674637000039, 43.928207399000087 ], [ 19.946573257000182, 43.92846679600018 ], [ 19.950239181000086, 43.928977967000094 ], [ 19.957586288000016, 43.93089676000011 ], [ 19.9644412990001, 43.933212281000124 ], [ 19.971809387000121, 43.936428071000137 ], [ 19.973817826000129, 43.937961578000056 ], [ 19.978069305000076, 43.942031861000146 ], [ 19.980234146000043, 43.944717407000098 ], [ 19.980728150000061, 43.945930482000051 ], [ 19.980815886000073, 43.947639465000123 ], [ 19.980075836000083, 43.950233460999982 ], [ 19.980028152000045, 43.952011109000182 ], [ 19.981641770000181, 43.956596374000071 ], [ 19.98271942100007, 43.958496093000122 ], [ 19.984523773000149, 43.960411073000103 ], [ 19.986951829000134, 43.961997987000132 ], [ 19.993293763000167, 43.965133667000032 ], [ 19.995409012000096, 43.966880798000091 ], [ 19.996959685000036, 43.968963623000036 ], [ 19.997875213000157, 43.97100830200003 ], [ 19.999589921000108, 43.977901460000169 ], [ 19.999408722000112, 43.979259491000164 ], [ 19.998779298000045, 43.980510712000068 ], [ 19.997013093000021, 43.982086181000113 ], [ 19.993902207000019, 43.983963014000039 ], [ 19.991678238000134, 43.985633850000113 ], [ 19.989217758000109, 43.988056183000083 ], [ 19.984348297, 43.995136260000095 ], [ 19.982591629000183, 43.999393464000093 ], [ 19.981660843000043, 44.00090789799998 ], [ 19.980440139000109, 44.002330780000136 ], [ 19.973850250000112, 44.007598877000191 ], [ 19.97232437100007, 44.009387970000148 ], [ 19.971763612000132, 44.010623933000034 ], [ 19.97167015000008, 44.011516570000083 ], [ 19.972330094000142, 44.013488769999981 ], [ 19.973224640000069, 44.014678956000068 ], [ 19.976917266000044, 44.018276213999968 ], [ 19.977796555000054, 44.019630433000032 ], [ 19.978237153000123, 44.021053314000085 ], [ 19.978080750000061, 44.022857666000164 ], [ 19.976871491000111, 44.024879456000122 ], [ 19.972248077000188, 44.028926849000072 ], [ 19.97078704900008, 44.031040192000034 ], [ 19.967338562000123, 44.04505920400004 ], [ 19.967355728000143, 44.049556733000088 ], [ 19.967842103000123, 44.051738740000076 ], [ 19.969585418000065, 44.05611419700017 ], [ 19.970102309000083, 44.061138153000172 ], [ 19.970653535000054, 44.063266755000086 ], [ 19.972112656000093, 44.06576919500003 ], [ 19.975868225000056, 44.070907593000072 ], [ 19.977546693000022, 44.074409485000103 ], [ 19.977769851000176, 44.075618744000053 ], [ 19.980339051000101, 44.083892822000053 ], [ 19.981113433000075, 44.085941315000184 ], [ 19.981834411000023, 44.087181091000048 ], [ 19.98306846700018, 44.088996888000111 ], [ 19.983951568000123, 44.090175629000044 ], [ 19.984445571000094, 44.090724944000101 ], [ 19.985025405999977, 44.091213227000082 ], [ 19.985717772999976, 44.091613771000027 ], [ 19.987306595000177, 44.092269897000108 ], [ 19.989818573000036, 44.093170166000107 ], [ 19.991416931000117, 44.093845368000189 ], [ 19.992174148000117, 44.094264985000166 ], [ 19.995021820000034, 44.096126557 ], [ 19.996509552000191, 44.097007751000092 ], [ 20.009521484000174, 44.104194641 ] ] ] ] } },
{ "type": "Feature", "properties": { "fid": 161, "GID_2": "SRB.25.10_1", "GID_0": "SRB", "COUNTRY": "Serbia", "GID_1": "SRB.25_1", "NAME_1": "Zlatiborski", "NL_NAME_1": "Златиборски", "NAME_2": "Užice", "VARNAME_2": "NA", "NL_NAME_2": "Ужице", "TYPE_2": "Opštine", "ENGTYPE_2": "Town|Municipal", "CC_2": "NA", "HASC_2": "NA" }, "geometry": { "type": "MultiPolygon", "coordinates": [ [ [ [ 19.502571106, 43.723682405000091 ], [ 19.491497040000183, 43.728981018000184 ], [ 19.478828431000125, 43.734317781000073 ], [ 19.472423553000056, 43.742851258000087 ], [ 19.470275878000052, 43.745819091999977 ], [ 19.461551666000162, 43.757892608000134 ], [ 19.450901032000161, 43.773624420000033 ], [ 19.44274520800019, 43.776725770000155 ], [ 19.431550980000168, 43.780612944999973 ], [ 19.420261384000071, 43.796443939000142 ], [ 19.406682968000098, 43.800022125000112 ], [ 19.396942139000032, 43.804359436000027 ], [ 19.388250351000067, 43.810249329000044 ], [ 19.391151428000057, 43.812294007000105 ], [ 19.394596099000069, 43.814388275 ], [ 19.406793595000124, 43.820178986000144 ], [ 19.408258439000178, 43.821189881 ], [ 19.410030365000068, 43.822963715000071 ], [ 19.410671235000166, 43.82432937599998 ], [ 19.410900116000164, 43.825790405000191 ], [ 19.410678863000101, 43.827785493000079 ], [ 19.409406663000141, 43.831504822000056 ], [ 19.409145356000124, 43.832836152000084 ], [ 19.409242630000165, 43.834213257000044 ], [ 19.409809112000119, 43.835491181000123 ], [ 19.410947800000031, 43.83667755200014 ], [ 19.416971207000074, 43.840827942000146 ], [ 19.418281556000011, 43.841983796000022 ], [ 19.419105529999968, 43.843284607000101 ], [ 19.419361114000026, 43.844680787000186 ], [ 19.419092179000017, 43.845966340000018 ], [ 19.417402268000103, 43.849205017000031 ], [ 19.413276672000165, 43.854740144000175 ], [ 19.412258149000024, 43.857440947999976 ], [ 19.411867141000187, 43.860263825000061 ], [ 19.412019730000111, 43.863082887000076 ], [ 19.412824631000149, 43.865791321000188 ], [ 19.413995743000044, 43.867698671000085 ], [ 19.418523788000186, 43.873268127000074 ], [ 19.422531128000116, 43.877204896000137 ], [ 19.424203874000114, 43.878417968000122 ], [ 19.426132202000133, 43.879405975000111 ], [ 19.431118011000137, 43.881061554000041 ], [ 19.435272217000147, 43.882102966000048 ], [ 19.4391956340001, 43.882587433000083 ], [ 19.443265914999984, 43.882713317000025 ], [ 19.447353363000161, 43.882572175000064 ], [ 19.451351166000109, 43.882137300000011 ], [ 19.467365264000136, 43.87959289600019 ], [ 19.469444274000182, 43.878967286000091 ], [ 19.472213746000023, 43.877609253000116 ], [ 19.475456238000049, 43.875526428000171 ], [ 19.477792740000098, 43.873748779000096 ], [ 19.484718322000106, 43.867198945000098 ], [ 19.486202239000022, 43.866115569000158 ], [ 19.488815307000039, 43.864711761000194 ], [ 19.490842819000136, 43.864105225000117 ], [ 19.493043900000089, 43.863739012999986 ], [ 19.496139527000139, 43.863533021000194 ], [ 19.499303818000044, 43.863597871000024 ], [ 19.50242423900005, 43.863948823000158 ], [ 19.507003784000119, 43.865200044000176 ], [ 19.5097618100001, 43.866600037000126 ], [ 19.51644515900017, 43.872249604000103 ], [ 19.518901824000125, 43.873481752000089 ], [ 19.520780564000177, 43.873905182000158 ], [ 19.522794724000164, 43.874011994000114 ], [ 19.529817580000042, 43.873458863000053 ], [ 19.532970428000112, 43.873397828000066 ], [ 19.539281846000108, 43.873794556000064 ], [ 19.546752929000149, 43.874755859000118 ], [ 19.553203583000084, 43.874698639000144 ], [ 19.556388855000023, 43.874320984000065 ], [ 19.558830262000185, 43.873802185000045 ], [ 19.561183930000027, 43.873100281000063 ], [ 19.569097519000138, 43.869972230000144 ], [ 19.571390151000116, 43.869361879 ], [ 19.573738098000149, 43.868991852000022 ], [ 19.576732636000088, 43.868923188000053 ], [ 19.592924118000042, 43.870323181000174 ], [ 19.59680175699998, 43.870903016000057 ], [ 19.601226807000046, 43.872314452000126 ], [ 19.606554031000087, 43.87535476700009 ], [ 19.612564088000056, 43.878074647000062 ], [ 19.617437363000136, 43.879554749000135 ], [ 19.624612808000109, 43.881179810000049 ], [ 19.631921767000108, 43.881855012000131 ], [ 19.647066117000065, 43.88233947700013 ], [ 19.658956527000157, 43.883800508000149 ], [ 19.667030335000106, 43.883731842000145 ], [ 19.675252915000101, 43.882614135000154 ], [ 19.678331375000084, 43.882350922000114 ], [ 19.681430817000034, 43.882366181000066 ], [ 19.686536789000058, 43.88311004600007 ], [ 19.695648193000068, 43.885356903000059 ], [ 19.708084106000058, 43.887149810000153 ], [ 19.715007783000146, 43.889110564000021 ], [ 19.719074249000187, 43.89089965800008 ], [ 19.729934693000132, 43.899448396000082 ], [ 19.731706618000089, 43.900554658000146 ], [ 19.733734131000062, 43.901401520000036 ], [ 19.735979080999982, 43.902008056000113 ], [ 19.739027024000052, 43.902484894000168 ], [ 19.748361588000023, 43.90335464400016 ], [ 19.750453949000018, 43.903762818000189 ], [ 19.752302171, 43.904399873000045 ], [ 19.754470825000055, 43.905876160000105 ], [ 19.75854492100018, 43.910400392000156 ], [ 19.762758256000154, 43.914165498000102 ], [ 19.764991760000044, 43.917243958000086 ], [ 19.767305374000159, 43.921356200000162 ], [ 19.773351670000011, 43.928104401000098 ], [ 19.774391174000073, 43.930244447000064 ], [ 19.774387360000105, 43.931102752000129 ], [ 19.773925781000173, 43.932285310000111 ], [ 19.769922256000143, 43.936916352000082 ], [ 19.769411087000037, 43.938686372000177 ], [ 19.770111083000018, 43.946537018000129 ], [ 19.769460677000041, 43.95684433100007 ], [ 19.774429320000024, 43.955062867000095 ], [ 19.785879134000027, 43.951568604000045 ], [ 19.799358368000128, 43.946544648000042 ], [ 19.803195953000113, 43.945850373000098 ], [ 19.80721282900015, 43.945522308000193 ], [ 19.819589614000051, 43.945304870000143 ], [ 19.831819534000147, 43.945659637000119 ], [ 19.83568573000008, 43.946132661000149 ], [ 19.846126557000048, 43.948020935000102 ], [ 19.856065750000027, 43.950363159000062 ], [ 19.860017776000177, 43.951076508000028 ], [ 19.862834930000076, 43.951045991000058 ], [ 19.86480522200003, 43.950710296000125 ], [ 19.876373292000039, 43.947448730000076 ], [ 19.880332947, 43.94665145800019 ], [ 19.883171081, 43.9466323850001 ], [ 19.885158539000145, 43.946929931000057 ], [ 19.894170761000112, 43.949012756000172 ], [ 19.89722824200004, 43.949386596000181 ], [ 19.900344848000145, 43.949424743000066 ], [ 19.903383255000108, 43.949100495000039 ], [ 19.905633926000064, 43.948528291000116 ], [ 19.907653808000077, 43.947650910000107 ], [ 19.909374236000133, 43.946453094000105 ], [ 19.912151336000022, 43.943641662 ], [ 19.913276672000052, 43.942138672000169 ], [ 19.921287537000069, 43.928054809000059 ], [ 19.921329499000137, 43.926898957 ], [ 19.920726776000095, 43.924560548000045 ], [ 19.919538497000076, 43.921943665000185 ], [ 19.917726517000119, 43.919540405000077 ], [ 19.913562775, 43.915367127000138 ], [ 19.912849426000093, 43.914062500999989 ], [ 19.912656785000024, 43.91265487700008 ], [ 19.913059234, 43.9112854010001 ], [ 19.914659501000187, 43.909404755000082 ], [ 19.917604447000144, 43.907123566000109 ], [ 19.925031662000151, 43.902687073000095 ], [ 19.935352326000157, 43.895523072 ], [ 19.944381714000144, 43.887237549000076 ], [ 19.94904136700012, 43.883480073000044 ], [ 19.951511383000025, 43.880451203000064 ], [ 19.953544616000102, 43.877017975000058 ], [ 19.954713821000155, 43.874633789000143 ], [ 19.955177307000099, 43.872261047000109 ], [ 19.954925538000168, 43.870872497000107 ], [ 19.954095840999969, 43.86891555800014 ], [ 19.951135635000185, 43.865432740000074 ], [ 19.946100235000131, 43.861110687000121 ], [ 19.940313339000056, 43.858089447999987 ], [ 19.929691315000127, 43.854053497000109 ], [ 19.92455482500003, 43.852920533000145 ], [ 19.92081642200003, 43.852516174000186 ], [ 19.905225754000071, 43.851879120000035 ], [ 19.901607514000034, 43.851280212000063 ], [ 19.899593353000057, 43.850673676000156 ], [ 19.895795822000025, 43.848957062000068 ], [ 19.894170761000112, 43.847827912000071 ], [ 19.892986298000096, 43.846477509000124 ], [ 19.89225006099997, 43.844959260000053 ], [ 19.891952515000071, 43.842914582000162 ], [ 19.892324447000135, 43.84085464500015 ], [ 19.893108369000117, 43.839302063000105 ], [ 19.894315720000122, 43.837886811000089 ], [ 19.897781373000043, 43.835491181000123 ], [ 19.90520858800005, 43.831161499000132 ], [ 19.916202546000022, 43.822135926000044 ], [ 19.924371719000135, 43.818099976999974 ], [ 19.932138443000099, 43.814933776000146 ], [ 19.934791565000069, 43.813426972000173 ], [ 19.936948776000122, 43.811653137000178 ], [ 19.938615799000104, 43.809764861000076 ], [ 19.939641952000159, 43.807884216 ], [ 19.939607620000174, 43.805709839000144 ], [ 19.937505721999969, 43.799579621000078 ], [ 19.937284469000076, 43.797512055000084 ], [ 19.93765068099998, 43.795440675000123 ], [ 19.940366746000109, 43.790607453000064 ], [ 19.944591521000177, 43.785026550000055 ], [ 19.945596696000109, 43.782428742000036 ], [ 19.946056365000061, 43.779708863000167 ], [ 19.946109772000113, 43.776958466000053 ], [ 19.945728302000191, 43.77426529000013 ], [ 19.944696426000064, 43.771751405000089 ], [ 19.943241120000096, 43.769985199000132 ], [ 19.941329956000061, 43.768402100000174 ], [ 19.939092636, 43.767009735000158 ], [ 19.929193497000142, 43.76259613100018 ], [ 19.927272797, 43.760871888000054 ], [ 19.926290511000104, 43.758819581000182 ], [ 19.926214218000098, 43.757850646000179 ], [ 19.927200317000086, 43.754203797000173 ], [ 19.927375794000113, 43.752597810000054 ], [ 19.926660538000078, 43.751285553000116 ], [ 19.925514222000061, 43.750782012000116 ], [ 19.922224045000064, 43.748535157000106 ], [ 19.919925690000071, 43.746620177000125 ], [ 19.91806793100011, 43.744457246000138 ], [ 19.917108536000057, 43.742042542000149 ], [ 19.915538787000116, 43.733833313000105 ], [ 19.914779664000093, 43.73159408600003 ], [ 19.910642623000172, 43.723716735999972 ], [ 19.90983772300018, 43.720317840000121 ], [ 19.910194397000055, 43.718383789000086 ], [ 19.910911560000159, 43.717079163000164 ], [ 19.912708282000096, 43.714969634000113 ], [ 19.917760849000103, 43.710426331000178 ], [ 19.919891357000154, 43.707138062000126 ], [ 19.921232224000164, 43.703731537000124 ], [ 19.921503067000117, 43.702350617999969 ], [ 19.921213151000131, 43.700366975000065 ], [ 19.920131683000136, 43.698505402000137 ], [ 19.918134689000112, 43.696731567000029 ], [ 19.913166046000129, 43.693408966000163 ], [ 19.90836334100004, 43.689781189000144 ], [ 19.904146194000077, 43.687591554000051 ], [ 19.902191162000179, 43.687133790000189 ], [ 19.894058228000119, 43.686824798000032 ], [ 19.89193534900005, 43.686428069000158 ], [ 19.888889313000107, 43.685321807000093 ], [ 19.880563736, 43.681629182000052 ], [ 19.871284484000171, 43.678184510000108 ], [ 19.87111663800016, 43.680633545000148 ], [ 19.87019920299997, 43.684772492000036 ], [ 19.869411468000123, 43.687187195000092 ], [ 19.868190766000168, 43.689453126000103 ], [ 19.866424561000144, 43.691322326000034 ], [ 19.864734649000127, 43.692367555000089 ], [ 19.860931396000126, 43.694080353000061 ], [ 19.853891373000181, 43.696651458000076 ], [ 19.851810456000067, 43.697589875000176 ], [ 19.849384308000026, 43.699089050000111 ], [ 19.847478866000131, 43.700809478 ], [ 19.84658432100008, 43.702053071000137 ], [ 19.845926285000189, 43.703903198000035 ], [ 19.845256806000123, 43.707416535 ], [ 19.844242096000187, 43.70898437600016 ], [ 19.842702865000092, 43.710391999000194 ], [ 19.839017869000031, 43.712394714000084 ], [ 19.835178374000066, 43.713840484000116 ], [ 19.826126098000145, 43.715850830000193 ], [ 19.81787681600008, 43.718414308000035 ], [ 19.808458327000153, 43.720005035000099 ], [ 19.805469512000059, 43.720714569 ], [ 19.803525924000155, 43.721435547000169 ], [ 19.800111771000047, 43.723285676000046 ], [ 19.798685074000048, 43.724338531 ], [ 19.79703140200013, 43.726139070000045 ], [ 19.796550751000098, 43.727485658000091 ], [ 19.796585083000082, 43.728889466000055 ], [ 19.797798157000102, 43.731555939000145 ], [ 19.799144746000024, 43.733444215000077 ], [ 19.802829743000189, 43.73676300000011 ], [ 19.809219360000156, 43.741214752000076 ], [ 19.814073563000079, 43.745159149000187 ], [ 19.816045760000065, 43.746875764000038 ], [ 19.817413328999976, 43.748630524000077 ], [ 19.81765556300013, 43.749477386000194 ], [ 19.817604066000058, 43.750732422000112 ], [ 19.816997527000069, 43.752586364000194 ], [ 19.813358307000044, 43.758007051000106 ], [ 19.810430527000108, 43.764366151000104 ], [ 19.807073592000052, 43.769207001000041 ], [ 19.803575516000024, 43.772682191000172 ], [ 19.798271180000086, 43.776866912000116 ], [ 19.796304703000146, 43.777896881000174 ], [ 19.788881302000107, 43.781044008000038 ], [ 19.779958724000096, 43.785747528 ], [ 19.777687072999981, 43.787391663000051 ], [ 19.775903702000164, 43.7892036450001 ], [ 19.772935868000104, 43.793537141000172 ], [ 19.770742417000065, 43.794773101000089 ], [ 19.766714096000101, 43.795623779000152 ], [ 19.763002395, 43.795902252000189 ], [ 19.75513649100003, 43.795875550000119 ], [ 19.751218795000057, 43.795574189000149 ], [ 19.747468949000165, 43.794948579000049 ], [ 19.737007141000163, 43.791564941000047 ], [ 19.733982087000129, 43.790241241000103 ], [ 19.727170943000033, 43.785903931000064 ], [ 19.725084305000053, 43.784954071000186 ], [ 19.722915649000015, 43.784450532000164 ], [ 19.721717835000049, 43.784416197999974 ], [ 19.720098496000105, 43.784675598000149 ], [ 19.718454362000102, 43.785282136000035 ], [ 19.717153549000045, 43.786201477000191 ], [ 19.716367722000143, 43.787361146000137 ], [ 19.71596527100013, 43.788711547000048 ], [ 19.715368270000056, 43.795047759000113 ], [ 19.713987350000025, 43.800785065000184 ], [ 19.714132309000036, 43.801689148000094 ], [ 19.715278626000099, 43.803703307000035 ], [ 19.721246720000067, 43.809722900999986 ], [ 19.722749711000176, 43.811882020000041 ], [ 19.723352432000013, 43.813922883000032 ], [ 19.723417282000071, 43.815406800000176 ], [ 19.722978592000175, 43.819759369000167 ], [ 19.722354890000076, 43.821861268000077 ], [ 19.721239090000154, 43.823822022000115 ], [ 19.719530105000047, 43.82540130600006 ], [ 19.717842101000031, 43.826221467000153 ], [ 19.710069657000133, 43.828292847000114 ], [ 19.701879501000178, 43.830833436000091 ], [ 19.698841095000091, 43.83125686600016 ], [ 19.695789338000111, 43.831298828000058 ], [ 19.692882539000038, 43.830959319000101 ], [ 19.69081306400011, 43.830371856999989 ], [ 19.689058305000174, 43.82949447600015 ], [ 19.68771743700006, 43.828330994000169 ], [ 19.686191558000189, 43.825668336000149 ], [ 19.686010362000104, 43.823753357000044 ], [ 19.686576843000182, 43.819850921000068 ], [ 19.68618011500007, 43.818523407000043 ], [ 19.685228348000066, 43.817363740000076 ], [ 19.68372726500013, 43.816471100000115 ], [ 19.681808472000114, 43.815834046000191 ], [ 19.678371429000038, 43.815299988000049 ], [ 19.674587249000069, 43.815113067000141 ], [ 19.666753769000138, 43.81544494700006 ], [ 19.662965775000089, 43.8160209670001 ], [ 19.651512145000083, 43.819019317000027 ], [ 19.647659302000079, 43.819614410000156 ], [ 19.643640519000144, 43.819934845000091 ], [ 19.631195068000068, 43.820266723000032 ], [ 19.618894577000106, 43.820205688000044 ], [ 19.615165710000042, 43.819942475 ], [ 19.611391067999989, 43.8191299450001 ], [ 19.609645843000123, 43.81792450100005 ], [ 19.609186172000022, 43.816749573000152 ], [ 19.609643936000055, 43.81282424900013 ], [ 19.609468460000073, 43.810924530000023 ], [ 19.608957290999967, 43.809627532000036 ], [ 19.60687255900018, 43.806732179000164 ], [ 19.605123519000017, 43.80548477300016 ], [ 19.603488922000054, 43.804981232000159 ], [ 19.601642608000077, 43.804786683000145 ], [ 19.595071793000045, 43.804725647000055 ], [ 19.588140488000022, 43.803489685000102 ], [ 19.583518982000101, 43.802104950000057 ], [ 19.580211639000083, 43.800331116000166 ], [ 19.578939436999974, 43.799201966000169 ], [ 19.578159333000087, 43.797874451000041 ], [ 19.576122285000167, 43.792522431000066 ], [ 19.573253631000114, 43.788612365000176 ], [ 19.572204589000023, 43.786647798000104 ], [ 19.571140289000027, 43.780136108000079 ], [ 19.570089340000038, 43.778610229000037 ], [ 19.568479537000144, 43.777313233000029 ], [ 19.566650391000167, 43.776424409000185 ], [ 19.564537047000101, 43.775737762000119 ], [ 19.555683135000095, 43.773841858000083 ], [ 19.546131135000053, 43.770408630000077 ], [ 19.544435500000191, 43.770122528000059 ], [ 19.541492462, 43.770450591999975 ], [ 19.532367707000105, 43.77376556400003 ], [ 19.52725029000004, 43.775012970000034 ], [ 19.514076233000083, 43.776634216000048 ], [ 19.512289047000024, 43.776508332000105 ], [ 19.510801314000105, 43.776031494999984 ], [ 19.509454726000058, 43.774761201000047 ], [ 19.508886337000035, 43.773025512000061 ], [ 19.509082794000051, 43.771129608000024 ], [ 19.510374069000022, 43.768348693000064 ], [ 19.514453888000162, 43.761482239000031 ], [ 19.515575408000075, 43.758697511000037 ], [ 19.515605927000024, 43.756732941000166 ], [ 19.513517379000064, 43.751346589000036 ], [ 19.513378143000068, 43.749347687000181 ], [ 19.514450073000148, 43.743869781000114 ], [ 19.51489067100016, 43.738456727000028 ], [ 19.514677048000181, 43.733070375000068 ], [ 19.514076233000083, 43.730571748000159 ], [ 19.513038634000111, 43.728607178000175 ], [ 19.511396407000063, 43.727016449000075 ], [ 19.509756088000131, 43.726173401000153 ], [ 19.503168106000032, 43.723934174000021 ], [ 19.502571106, 43.723682405000091 ] ] ] ] } }
]
}
