{
"type": "FeatureCollection",
"name": "PM-24",
"crs": { "type": "name", "properties": { "name": "urn:ogc:def:crs:OGC:1.3:CRS84" } },
"features": [
{ "type": "Feature", "properties": { "fid": 129, "GID_2": "SVN.9.1_1", "GID_0": "SVN", "COUNTRY": "Slovenia", "GID_1": "SVN.9_1", "NAME_1": "Pomurska", "NL_NAME_1": "NA", "NAME_2": "Beltinci", "VARNAME_2": "NA", "NL_NAME_2": "NA", "TYPE_2": "Opcine", "ENGTYPE_2": "Commune|Municipality", "CC_2": "NA", "HASC_2": "SI.PM.BE" }, "geometry": { "type": "MultiPolygon", "coordinates": [ [ [ [ 16.247200012000178, 46.575355530000138 ], [ 16.247180937999985, 46.57180023300009 ], [ 16.236936568999965, 46.568237306000071 ], [ 16.236898422000081, 46.561122894999983 ], [ 16.221582414000125, 46.564662934000069 ], [ 16.201227188000075, 46.582420348000085 ], [ 16.196115492999979, 46.582412720000036 ], [ 16.191003798999986, 46.582408905000136 ], [ 16.191022872000076, 46.585964204000049 ], [ 16.185949326000014, 46.593070985000168 ], [ 16.145107270000096, 46.603694915000119 ], [ 16.145126343000129, 46.607250214000032 ], [ 16.165634155000191, 46.617938995000031 ], [ 16.16565322800011, 46.621494294000115 ], [ 16.170764922999979, 46.621498109000186 ], [ 16.17078590400007, 46.62505340600012 ], [ 16.175897598000063, 46.625057221000134 ], [ 16.17595481800015, 46.6357269290001 ], [ 16.186178207000069, 46.635734559000014 ], [ 16.191289902000108, 46.635742187000119 ], [ 16.191328049, 46.642852783000137 ], [ 16.196441651000157, 46.64285659799998 ], [ 16.20155334500015, 46.642864228000121 ], [ 16.201572419000115, 46.646419525 ], [ 16.206682206000039, 46.646423340000069 ], [ 16.211795808000034, 46.646430970000154 ], [ 16.211816789000068, 46.649986267000088 ], [ 16.216928483000061, 46.649990082000102 ], [ 16.222097398000074, 46.660663605000138 ], [ 16.237432479000176, 46.660678863000157 ], [ 16.237415313000156, 46.657123566000053 ], [ 16.257844925000143, 46.653587341000161 ], [ 16.263013840000156, 46.664260865000074 ], [ 16.268127442000093, 46.664264679000041 ], [ 16.283424377000074, 46.657173156000113 ], [ 16.283405303000052, 46.653617859000178 ], [ 16.283384322000188, 46.65005874700006 ], [ 16.273162841000101, 46.650051117000089 ], [ 16.273124694000046, 46.642940522 ], [ 16.262899400000094, 46.642929078000122 ], [ 16.262880326000129, 46.639373780000142 ], [ 16.262861251000061, 46.635818483000037 ], [ 16.262840272000176, 46.632263184000124 ], [ 16.262823104000176, 46.628704072000176 ], [ 16.267934799000102, 46.62871170000011 ], [ 16.267917633000081, 46.625156403000176 ], [ 16.293476105000025, 46.625183105000076 ], [ 16.288270951000129, 46.607398986000078 ], [ 16.283157349000135, 46.607395172999986 ], [ 16.278045654999971, 46.607387543000073 ], [ 16.272932053000034, 46.607383728000059 ], [ 16.267820358000108, 46.607379913000159 ], [ 16.257596969000019, 46.60736847000004 ], [ 16.247333526000034, 46.600246429000038 ], [ 16.24729537900015, 46.593135833000019 ], [ 16.242183684000054, 46.593128205000141 ], [ 16.24721908500004, 46.578914642000143 ], [ 16.247200012000178, 46.575355530000138 ] ] ] ] } },
{ "type": "Feature", "properties": { "fid": 130, "GID_2": "SVN.9.2_1", "GID_0": "SVN", "COUNTRY": "Slovenia", "GID_1": "SVN.9_1", "NAME_1": "Pomurska", "NL_NAME_1": "NA", "NAME_2": "Cankova", "VARNAME_2": "NA", "NL_NAME_2": "NA", "TYPE_2": "Opcine", "ENGTYPE_2": "Commune|Municipality", "CC_2": "NA", "HASC_2": "SI.PM.CA" }, "geometry": { "type": "MultiPolygon", "coordinates": [ [ [ [ 16.007974624000155, 46.770656586000086 ], [ 16.007936478000033, 46.763545991000171 ], [ 16.048835754000095, 46.763587952000194 ], [ 16.053850174000047, 46.745815277000077 ], [ 16.053833008000026, 46.742259980000142 ], [ 16.053815842, 46.738704682000161 ], [ 16.053794861000142, 46.735149385000057 ], [ 16.048681258999977, 46.735145569999986 ], [ 16.048662186000115, 46.731590271000073 ], [ 16.038440704000095, 46.731578828000124 ], [ 16.038400649999971, 46.724468232000106 ], [ 16.043474198000013, 46.717361451000158 ], [ 16.048587800000178, 46.717369079000093 ], [ 16.048530580000033, 46.706699372 ], [ 16.037398620000033, 46.695667380000089 ], [ 16.037339, 46.695715601000074 ], [ 16.037252889000172, 46.695776734999981 ], [ 16.03717914900011, 46.695823147000112 ], [ 16.036998478000157, 46.695935947 ], [ 16.03672386900007, 46.696106172000157 ], [ 16.036468275000061, 46.696266100000059 ], [ 16.036443267000152, 46.69628177900006 ], [ 16.036209135000092, 46.696428537000088 ], [ 16.03598372600004, 46.696567669000103 ], [ 16.03591022400019, 46.696618129000171 ], [ 16.035864257000185, 46.696654626000054 ], [ 16.035804345000031, 46.696706831000029 ], [ 16.035755922000021, 46.696761944000059 ], [ 16.035705438000093, 46.69683531600009 ], [ 16.035678901000097, 46.696881669000106 ], [ 16.035642417000133, 46.696977119000053 ], [ 16.035626145000037, 46.69703528600013 ], [ 16.035615266000093, 46.697111278000193 ], [ 16.035612783000147, 46.697158505000118 ], [ 16.035614463000115, 46.69728113300016 ], [ 16.035611120000112, 46.697365873000024 ], [ 16.035593415000164, 46.697446797000168 ], [ 16.035561966000103, 46.697530204000032 ], [ 16.035515958000076, 46.697621580000146 ], [ 16.035474847000103, 46.697678602000053 ], [ 16.035398689000033, 46.697759824000059 ], [ 16.035329187000116, 46.697819470000184 ], [ 16.035214464000148, 46.697898972000189 ], [ 16.034915054000066, 46.698082083000145 ], [ 16.034623790000126, 46.698257838000018 ], [ 16.034327133000033, 46.698439065 ], [ 16.034037695000052, 46.698615093 ], [ 16.033892187999982, 46.698703239000054 ], [ 16.033721948000107, 46.698798788000033 ], [ 16.03370264400013, 46.698809623000102 ], [ 16.033509582000136, 46.698913929000071 ], [ 16.033199710000076, 46.699071547000131 ], [ 16.032886288999975, 46.69923185500005 ], [ 16.032489600000133, 46.699434047000125 ], [ 16.032240173000162, 46.699561503000155 ], [ 16.032024401000058, 46.699680231000059 ], [ 16.031926148000025, 46.699735661000034 ], [ 16.031827096000029, 46.699793608999983 ], [ 16.031578197000101, 46.699943196000049 ], [ 16.031288461000145, 46.700122455000042 ], [ 16.031161971000131, 46.700199492000081 ], [ 16.030930632000093, 46.700341775000084 ], [ 16.030869353000071, 46.700379462000058 ], [ 16.030583559000036, 46.700554411000098 ], [ 16.030279523000104, 46.700741096000172 ], [ 16.03024535600008, 46.70076385699997 ], [ 16.030198273000167, 46.700795221000078 ], [ 16.030132750000178, 46.700843090000092 ], [ 16.030072299000039, 46.700896369000134 ], [ 16.030004140000187, 46.700971221000088 ], [ 16.029939344000127, 46.701052829000105 ], [ 16.029895150000016, 46.701121626000031 ], [ 16.029859078000072, 46.701188105000085 ], [ 16.029824493000149, 46.701268984000137 ], [ 16.029805126000042, 46.701317964000111 ], [ 16.029792456000052, 46.70136201400004 ], [ 16.029779519000158, 46.701430354000138 ], [ 16.029775524000058, 46.701489811000044 ], [ 16.029786645, 46.701582326000107 ], [ 16.029815615000132, 46.70168667400003 ], [ 16.029844691000051, 46.701771950000193 ], [ 16.029880304000073, 46.701857782000161 ], [ 16.029914337000093, 46.701921839000079 ], [ 16.029954669000062, 46.701982223000073 ], [ 16.030013524000083, 46.702051024000184 ], [ 16.030109575000097, 46.702156448000039 ], [ 16.030205642000169, 46.702259265000066 ], [ 16.030324317000122, 46.702387962000159 ], [ 16.030504092000172, 46.702581955000142 ], [ 16.030610412000044, 46.702698743000042 ], [ 16.03067431, 46.702778352000166 ], [ 16.030726303000165, 46.702858291000098 ], [ 16.030763414000091, 46.70293369 ], [ 16.030784676999986, 46.702990066000098 ], [ 16.03079572300004, 46.703049473000078 ], [ 16.030800231000057, 46.703108502000077 ], [ 16.030797494000069, 46.703177050000079 ], [ 16.030790553000145, 46.703249275000132 ], [ 16.030781347000072, 46.703305210000053 ], [ 16.030747695000116, 46.703453295000145 ], [ 16.030691011000044, 46.703674462000038 ], [ 16.03062151600011, 46.703941120000081 ], [ 16.03052956200014, 46.704294984000057 ], [ 16.03051535200018, 46.704341191000026 ], [ 16.030498793000163, 46.704395035000061 ], [ 16.030459331000088, 46.704482558000109 ], [ 16.0304362010001, 46.70452613100008 ], [ 16.030420516000163, 46.70454960800015 ], [ 16.030409561000056, 46.704566006000107 ], [ 16.030367401000092, 46.704621673000133 ], [ 16.030327925000051, 46.704664932000071 ], [ 16.030284542000118, 46.704705122000064 ], [ 16.030255110000155, 46.704729875000055 ], [ 16.030199165000056, 46.704771381000114 ], [ 16.030127630999971, 46.704817794000121 ], [ 16.030032642000037, 46.704872063000096 ], [ 16.029927055000087, 46.704927202000135 ], [ 16.029826750000041, 46.704973269000106 ], [ 16.029709191, 46.705017760000146 ], [ 16.02957802300017, 46.705063564000056 ], [ 16.02930891900013, 46.70514939800006 ], [ 16.029060917000038, 46.705226739000125 ], [ 16.028957669000022, 46.705261011000118 ], [ 16.028855208000152, 46.705294927000068 ], [ 16.028785344000028, 46.705322990000184 ], [ 16.028716506000023, 46.705354655000065 ], [ 16.028662854000061, 46.705383571000141 ], [ 16.028591149000079, 46.705436641000063 ], [ 16.028553822000049, 46.705469559000164 ], [ 16.028505400000142, 46.705521881000038 ], [ 16.028471116000162, 46.705571810000151 ], [ 16.028435727000158, 46.705631994000157 ], [ 16.028404258000137, 46.705692907000127 ], [ 16.02837762200005, 46.705754913000135 ], [ 16.028353247999974, 46.70583329800013 ], [ 16.028341872000112, 46.705902632000175 ], [ 16.028347882999981, 46.705973002000121 ], [ 16.028363556000158, 46.70604645700007 ], [ 16.028400163000072, 46.706141468000055 ], [ 16.028513770000131, 46.706381442000179 ], [ 16.028598389000138, 46.706567088000099 ], [ 16.028667678999966, 46.706710949000183 ], [ 16.028752706000034, 46.706893987000058 ], [ 16.028891171, 46.707202670000129 ], [ 16.028903478000075, 46.70722953100011 ], [ 16.0289574520001, 46.707347332000154 ], [ 16.028967892000026, 46.70737462000011 ], [ 16.028994589000035, 46.707487959000161 ], [ 16.02900612500008, 46.707553035000046 ], [ 16.029048989000103, 46.70781504100006 ], [ 16.029090935, 46.708077584000193 ], [ 16.029136255000026, 46.708344816000078 ], [ 16.029178742000113, 46.708604392000098 ], [ 16.029224458000158, 46.708894745000066 ], [ 16.029246933000138, 46.709014729000046 ], [ 16.029275535000181, 46.709115118000057 ], [ 16.029317682000055, 46.709249010000121 ], [ 16.02935161500011, 46.709331779000138 ], [ 16.029428143000018, 46.709515694000174 ], [ 16.029452771000138, 46.709578376000195 ], [ 16.029477140000097, 46.709640967000155 ], [ 16.029524023000135, 46.709758588 ], [ 16.02958109400015, 46.709901785000056 ], [ 16.029685854000149, 46.710159187000045 ], [ 16.02978001800011, 46.710393710000176 ], [ 16.029863352000064, 46.710600403000115 ], [ 16.029904483, 46.710682562000102 ], [ 16.029954424000152, 46.710756647000096 ], [ 16.029982738000172, 46.710792169000172 ], [ 16.030040601000053, 46.710852869000064 ], [ 16.030104533000042, 46.710904409000079 ], [ 16.03017855600001, 46.710952377000126 ], [ 16.030347633000076, 46.711052957999982 ], [ 16.030516318000082, 46.711153627000044 ], [ 16.030618385000082, 46.711215344000095 ], [ 16.030715716000088, 46.711282177000044 ], [ 16.030792609000116, 46.71135480200013 ], [ 16.030847787000084, 46.711428271000045 ], [ 16.030868518000091, 46.711463413000104 ], [ 16.030891322000059, 46.711502068000016 ], [ 16.030918393000036, 46.711573123000164 ], [ 16.030931581000061, 46.711623899000074 ], [ 16.030938502000026, 46.711696251000035 ], [ 16.030932198000016, 46.711770906000083 ], [ 16.030918528000143, 46.711829797000064 ], [ 16.030899901000112, 46.711886337000124 ], [ 16.030875537000043, 46.711939533000077 ], [ 16.030865774000063, 46.711954657000092 ], [ 16.030835824000064, 46.71200105500003 ], [ 16.030792484000017, 46.712056 ], [ 16.030746309000051, 46.712103650000074 ], [ 16.030682747000071, 46.712149274000126 ], [ 16.030601519000129, 46.712196652000102 ], [ 16.030510101, 46.712241663000043 ], [ 16.03045699900008, 46.712264824000101 ], [ 16.030314888000134, 46.712323106000099 ], [ 16.030172014000016, 46.712377516000174 ], [ 16.029946441000106, 46.712461217000055 ], [ 16.029782087000171, 46.712520699000038 ], [ 16.029631271000142, 46.712568431000079 ], [ 16.029522958000143, 46.712593963000074 ], [ 16.029455687000166, 46.712601162 ], [ 16.029384126000025, 46.712603671000124 ], [ 16.029291787000091, 46.712602796000169 ], [ 16.029198565000058, 46.712596071000064 ], [ 16.029127851000055, 46.712587696000128 ], [ 16.029048942000031, 46.712571112000035 ], [ 16.028972526000075, 46.712553096000136 ], [ 16.028827837999984, 46.712510876000181 ], [ 16.028470456000093, 46.712402236000059 ], [ 16.028112683000074, 46.712293412000122 ], [ 16.027653183999973, 46.712155527 ], [ 16.027291885000011, 46.712046421000025 ], [ 16.026929534000146, 46.711938572000065 ], [ 16.026572412000064, 46.711831185000165 ], [ 16.026333201999989, 46.711759200000188 ], [ 16.0261056, 46.711692914000025 ], [ 16.025877312000148, 46.711632203000079 ], [ 16.025737149000179, 46.711600428000168 ], [ 16.025480837000089, 46.711545939000189 ], [ 16.025295040000117, 46.711511702000109 ], [ 16.025125418000073, 46.711485065000147 ], [ 16.024838574000171, 46.711440928000115 ], [ 16.024559955000086, 46.711399332000042 ], [ 16.02412478499997, 46.711332842000047 ], [ 16.023739537999973, 46.71127395200017 ], [ 16.023652688000084, 46.711260812000148 ], [ 16.023425901000053, 46.711226500000123 ], [ 16.023227655000028, 46.711196813000072 ], [ 16.023123100000134, 46.711182406000034 ], [ 16.023025337000149, 46.711170085 ], [ 16.02292480400007, 46.711161535000031 ], [ 16.022832753000046, 46.711156697000149 ], [ 16.022729671000036, 46.711159296000119 ], [ 16.022695518000148, 46.71116218200018 ], [ 16.022630612000057, 46.711167665000175 ], [ 16.022530479000068, 46.711180618000071 ], [ 16.022443791000171, 46.711198286000126 ], [ 16.022429780000152, 46.71120094600019 ], [ 16.022349231000135, 46.711220431000072 ], [ 16.022334819000037, 46.711224439000091 ], [ 16.022266156000114, 46.711246655000139 ], [ 16.022187900000063, 46.711276310000187 ], [ 16.022101872, 46.71131584200009 ], [ 16.022021186000131, 46.711358627000152 ], [ 16.021960802000081, 46.71139660800003 ], [ 16.021891185000072, 46.711447879000104 ], [ 16.021838612000124, 46.711492179000174 ], [ 16.021779042000162, 46.711547796000104 ], [ 16.021695369000042, 46.711632227000052 ], [ 16.021634021000125, 46.711701244000153 ], [ 16.021621702000118, 46.711716767000098 ], [ 16.021557078000058, 46.711798198 ], [ 16.021447185000113, 46.711938606000103 ], [ 16.021337803000165, 46.712081084000147 ], [ 16.021253960000024, 46.712194753000063 ], [ 16.021152833000087, 46.712334374000136 ], [ 16.021056171000112, 46.712471040000082 ], [ 16.020981334000055, 46.71258779100009 ], [ 16.02088916200006, 46.712739313000156 ], [ 16.020794487000103, 46.712893976000089 ], [ 16.020674850000091, 46.713090046000161 ], [ 16.020607663000135, 46.713195753000093 ], [ 16.020539866000092, 46.713293631000056 ], [ 16.020478839000134, 46.713374524000074 ], [ 16.020441538000171, 46.713423633000104 ], [ 16.020365379000168, 46.71351977900008 ], [ 16.020288974000152, 46.713613405000046 ], [ 16.020172072000037, 46.713743266 ], [ 16.020005831000049, 46.713922744000115 ], [ 16.019793001000039, 46.714151126 ], [ 16.019718835000106, 46.714230451999981 ], [ 16.019574515999977, 46.714384799000072 ], [ 16.019429602000059, 46.714539953000099 ], [ 16.019218882000075, 46.714764650000177 ], [ 16.019008946000099, 46.714989440000124 ], [ 16.018799532000173, 46.715213870000184 ], [ 16.018685155000014, 46.715335730000163 ], [ 16.018475349000084, 46.715559798000015 ], [ 16.018375964000143, 46.715667304000078 ], [ 16.018230791000121, 46.715821016000177 ], [ 16.018089163000127, 46.715972130000068 ], [ 16.017995307000149, 46.71607362300017 ], [ 16.017940165000027, 46.716130870000029 ], [ 16.017864117000158, 46.716206861000046 ], [ 16.017809037, 46.716253492000078 ], [ 16.017686741000034, 46.716341592000049 ], [ 16.017555210000069, 46.71642075900013 ], [ 16.017485391000093, 46.716460151000035 ], [ 16.017353834000119, 46.716521325000087 ], [ 16.01721303700009, 46.716574197000057 ], [ 16.017089183000166, 46.716615329000092 ], [ 16.016958171000169, 46.716650323000124 ], [ 16.016896214000099, 46.716664816000161 ], [ 16.016755173000035, 46.71669213600012 ], [ 16.016640571000153, 46.71671682900012 ], [ 16.016548878000094, 46.716738707000161 ], [ 16.016415235000181, 46.716775763000044 ], [ 16.016281306, 46.716817407000065 ], [ 16.016174470000067, 46.716856156000176 ], [ 16.016082033000146, 46.71689305600006 ], [ 16.015953825000167, 46.716962784000145 ], [ 16.015826509000135, 46.717036293000092 ], [ 16.01574409300008, 46.717081857000096 ], [ 16.015655672000094, 46.717125335000162 ], [ 16.015563470000131, 46.717166734000102 ], [ 16.015462660000139, 46.717203790000156 ], [ 16.015390319000119, 46.717226620000133 ], [ 16.015311312000051, 46.717248532000156 ], [ 16.015214513000103, 46.717270935000158 ], [ 16.015132143000073, 46.717286090000073 ], [ 16.015046548000157, 46.717294037999977 ], [ 16.014976156000046, 46.717296632000057 ], [ 16.014922060000174, 46.717291128000113 ], [ 16.014884253000162, 46.717287290000172 ], [ 16.014742248, 46.717300119000072 ], [ 16.014571268000111, 46.717324384000051 ], [ 16.014484426000024, 46.717343971000162 ], [ 16.014417623999975, 46.717359042000055 ], [ 16.014274760000092, 46.717406777000178 ], [ 16.014128393000135, 46.717471773000057 ], [ 16.0139984220001, 46.717551121000042 ], [ 16.013847296000051, 46.717668735000188 ], [ 16.013725589000046, 46.717744237000034 ], [ 16.013617101000079, 46.717796204000138 ], [ 16.013494939000111, 46.717837966000047 ], [ 16.013294419000033, 46.717879691000064 ], [ 16.013121420000061, 46.717891172 ], [ 16.012899785000059, 46.717875887000105 ], [ 16.012739624000062, 46.717839992000052 ], [ 16.012621874999979, 46.717798997000102 ], [ 16.012070438000137, 46.717545905000122 ], [ 16.01200973400006, 46.717517235000059 ], [ 16.011453960000097, 46.717254751000041 ], [ 16.010876088999964, 46.716983675000165 ], [ 16.010367873, 46.716746170000135 ], [ 16.009910260000083, 46.71653480700013 ], [ 16.009785093000119, 46.716488390000109 ], [ 16.009644163000189, 46.716452815000139 ], [ 16.009494270000118, 46.7164288190001 ], [ 16.0093369760001, 46.716417668000133 ], [ 16.009163785000055, 46.716418077000071 ], [ 16.009019958000124, 46.716429636000044 ], [ 16.008839192000096, 46.71644963500006 ], [ 16.008218162000048, 46.716529112000103 ], [ 16.00763825700011, 46.716621838000151 ], [ 16.007211993000055, 46.716701953000154 ], [ 16.006820383000161, 46.716783695000117 ], [ 16.006513742999971, 46.71685730300004 ], [ 16.006309620000081, 46.716906301000165 ], [ 16.005867278000039, 46.717027390000169 ], [ 16.005452395000077, 46.71714972500007 ], [ 16.005048177000049, 46.717281716000059 ], [ 16.004754655000113, 46.717408626000065 ], [ 16.004646488000105, 46.717492704000108 ], [ 16.004559624000024, 46.717579722000039 ], [ 16.004495989000191, 46.717676073000064 ], [ 16.004453244000103, 46.717778691000035 ], [ 16.00443708500012, 46.717897760000028 ], [ 16.004446588000121, 46.71803462600019 ], [ 16.004473190000169, 46.718242075000035 ], [ 16.004470594000111, 46.718389432000038 ], [ 16.0044119800001, 46.718563168 ], [ 16.004316855000127, 46.718685519000132 ], [ 16.004303738000033, 46.718702395000093 ], [ 16.004168191000076, 46.718813923000084 ], [ 16.004003783000144, 46.718895769000085 ], [ 16.003790416000186, 46.718962090000161 ], [ 16.003628147000143, 46.718993290000071 ], [ 16.00338219300005, 46.719040174000042 ], [ 16.003260653000098, 46.719085346000043 ], [ 16.003153967000173, 46.719140008000124 ], [ 16.003024678000031, 46.719232930000032 ], [ 16.002934673000141, 46.719319487000178 ], [ 16.002885445000175, 46.719390508000117 ], [ 16.002849044000072, 46.719460576000188 ], [ 16.002821146000088, 46.719530490000125 ], [ 16.00280251200013, 46.719647122000026 ], [ 16.002818558000058, 46.719782927000153 ], [ 16.002861526000061, 46.719879945000173 ], [ 16.002925990000051, 46.719991960000129 ], [ 16.003006490000132, 46.72011839400011 ], [ 16.00319174700013, 46.72040936000019 ], [ 16.003455708, 46.720821896000018 ], [ 16.003776674999983, 46.721326003000115 ], [ 16.004128910000134, 46.721873920000064 ], [ 16.004402846000062, 46.722305016000178 ], [ 16.004611330000046, 46.722635611000101 ], [ 16.004672872000185, 46.722734301000116 ], [ 16.004710948000138, 46.722819429000026 ], [ 16.004747995000059, 46.722944498000174 ], [ 16.004756908000047, 46.723049514000138 ], [ 16.004744716000062, 46.723185058000183 ], [ 16.004743721000068, 46.723196121000115 ], [ 16.004693284999973, 46.723336683000184 ], [ 16.004652144000033, 46.723411507000151 ], [ 16.004562072000056, 46.723529734000067 ], [ 16.004430767000144, 46.723651800000084 ], [ 16.004048714000021, 46.723960185000067 ], [ 16.003675335000139, 46.724261217000105 ], [ 16.00331003500014, 46.724545086000091 ], [ 16.003067024000188, 46.724706055000183 ], [ 16.002824439000108, 46.724839493 ], [ 16.0025263550001, 46.724977360000139 ], [ 16.002010696000184, 46.725180001000126 ], [ 16.001919123000164, 46.725221571000191 ], [ 16.001856948000068, 46.725248290000195 ], [ 16.001815206000174, 46.725270661000138 ], [ 16.001639866000062, 46.725360839000189 ], [ 16.001540607000095, 46.725418219000119 ], [ 16.001376184000094, 46.725520124000127 ], [ 16.001109037999981, 46.725710616000072 ], [ 16.000977385000056, 46.725823232000153 ], [ 16.0007980150001, 46.725993827000138 ], [ 16.00068143600015, 46.726122858000053 ], [ 16.000591369000063, 46.726238383000123 ], [ 16.000463287000116, 46.726429279000115 ], [ 16.000354550999987, 46.726623200000063 ], [ 16.000239324000177, 46.726914714000031 ], [ 16.000172146000125, 46.727158326000108 ], [ 16.00014102, 46.727262507000148 ], [ 16.000095996000027, 46.727392736000127 ], [ 16.00005520000019, 46.727495089000172 ], [ 15.999960403000102, 46.727676815000109 ], [ 15.999854818000131, 46.727846902000067 ], [ 15.999778523000145, 46.727956079000137 ], [ 15.999627366000141, 46.72813260099997 ], [ 15.999410946000182, 46.728347258999975 ], [ 15.999180958000181, 46.728534257000035 ], [ 15.999064074999978, 46.728626310000095 ], [ 15.999039778000054, 46.728641354000104 ], [ 15.998911183000132, 46.728744169000151 ], [ 15.998669668000161, 46.728932842000063 ], [ 15.998407480000139, 46.72914250600013 ], [ 15.998190729000044, 46.72932468200014 ], [ 15.998058235000087, 46.729444030000082 ], [ 15.997827059000144, 46.729652263000162 ], [ 15.997465718000171, 46.729983268000069 ], [ 15.99729530400009, 46.730140568000138 ], [ 15.99715048600001, 46.730263216000139 ], [ 15.997028315000136, 46.73034175700019 ], [ 15.996905331999983, 46.730403562000049 ], [ 15.99681377100012, 46.730441169000073 ], [ 15.996661433000156, 46.730489482000053 ], [ 15.996470821, 46.73052760600018 ], [ 15.99625952700012, 46.730545967000182 ], [ 15.995993644000066, 46.730547973000171 ], [ 15.995788675000085, 46.730559424000148 ], [ 15.995755857000177, 46.730564907000144 ], [ 15.995601899000064, 46.730590631000155 ], [ 15.995395947000077, 46.730654618000017 ], [ 15.995224998000026, 46.730728605000195 ], [ 15.995067783000081, 46.730824045000134 ], [ 15.994909346000043, 46.730947370000081 ], [ 15.994893699000102, 46.730959738000081 ], [ 15.994778866000104, 46.731056742000078 ], [ 15.994599218000133, 46.731223997000143 ], [ 15.994492894000075, 46.731341088000192 ], [ 15.9943487110001, 46.731527970000172 ], [ 15.994259708000129, 46.73167867 ], [ 15.994193632000133, 46.731803796000065 ], [ 15.994118826000033, 46.731985666000014 ], [ 15.994107101, 46.732019395000066 ], [ 15.99409369600005, 46.732057951000058 ], [ 15.994070991000058, 46.732123262000073 ], [ 15.994060116000128, 46.732150490000151 ], [ 15.994022337000104, 46.732245021999972 ], [ 15.993882869000117, 46.732618327000068 ], [ 15.993835822000051, 46.732796680000149 ], [ 15.993801950000091, 46.733002332000126 ], [ 15.993800541000041, 46.733034693000036 ], [ 15.993786510000064, 46.733356842000148 ], [ 15.993746082000087, 46.733689686000162 ], [ 15.993684632000168, 46.733931962000156 ], [ 15.993532842000036, 46.734265825000136 ], [ 15.993314414000054, 46.73460497800005 ], [ 15.993122743000129, 46.734933684000055 ], [ 15.993023403000052, 46.735145259000092 ], [ 15.992953701000147, 46.735325613000043 ], [ 15.992907271000036, 46.735467711000126 ], [ 15.992864406000137, 46.735625114000072 ], [ 15.992820802000097, 46.735858536000194 ], [ 15.992797395000025, 46.736043075999987 ], [ 15.992787183000075, 46.73618942100012 ], [ 15.992790213000148, 46.736414975000116 ], [ 15.992804891000105, 46.736598369000035 ], [ 15.992811140000185, 46.73664507899997 ], [ 15.992825138000057, 46.736749571000132 ], [ 15.992860388000167, 46.73699132500002 ], [ 15.992885873000034, 46.737183389000108 ], [ 15.992893947000027, 46.737314492000053 ], [ 15.992891181000118, 46.737442056000134 ], [ 15.992862110000146, 46.737569901000143 ], [ 15.992822573000126, 46.737676754000177 ], [ 15.992760580000095, 46.737816916000043 ], [ 15.992681336000089, 46.737932556000032 ], [ 15.992565591000186, 46.738067430000171 ], [ 15.992397273000108, 46.738217711000061 ], [ 15.992232073000139, 46.73833030600008 ], [ 15.992042996, 46.738431314000081 ], [ 15.991878206000081, 46.738499107000109 ], [ 15.991692218000139, 46.738566656000103 ], [ 15.991657867000072, 46.738577170000099 ], [ 15.99164711100002, 46.738581186000033 ], [ 15.991465071000107, 46.738645147999989 ], [ 15.991330171000129, 46.738704302000087 ], [ 15.991229975000181, 46.738759422000044 ], [ 15.991205163000075, 46.738776082000186 ], [ 15.991042570000047, 46.738885264000146 ], [ 15.99089895000003, 46.739019423000173 ], [ 15.990771793000079, 46.739178192000054 ], [ 15.990702394000152, 46.739329577000092 ], [ 15.990661209, 46.739468360999979 ], [ 15.990641945, 46.739658491000114 ], [ 15.990621889000124, 46.739808224000171 ], [ 15.99055364600008, 46.739983274000053 ], [ 15.990472649000026, 46.74010592400009 ], [ 15.990370708000057, 46.740208720000055 ], [ 15.990267742000071, 46.740287312000191 ], [ 15.990142517999971, 46.74036754500014 ], [ 15.990009467000107, 46.740443887000083 ], [ 15.989833253000086, 46.74053719200009 ], [ 15.989810271000124, 46.740549710000039 ], [ 15.989687881000123, 46.740616376000048 ], [ 15.989557247000164, 46.740703341000028 ], [ 15.989484251000135, 46.740760700000067 ], [ 15.989414329000056, 46.740828773000146 ], [ 15.989343303000055, 46.740905481000084 ], [ 15.98926738300014, 46.741011143000094 ], [ 15.989203558000099, 46.741132584000127 ], [ 15.989176622000173, 46.74120717500017 ], [ 15.98916329400015, 46.741251281000075 ], [ 15.989156436000087, 46.741273959000182 ], [ 15.98913874200008, 46.741360543000042 ], [ 15.989131697000118, 46.74150095900012 ], [ 15.989147470000091, 46.741654757000049 ], [ 15.989164051000103, 46.741784178000046 ], [ 15.989213041000085, 46.742085802000133 ], [ 15.989250237000135, 46.742286897000156 ], [ 15.989306248000048, 46.742513329000076 ], [ 15.989384390000168, 46.742799566000031 ], [ 15.989490816000057, 46.743124482000098 ], [ 15.989594596000131, 46.743392443000118 ], [ 15.989725920000183, 46.743712845000175 ], [ 15.989788571000076, 46.743883699000094 ], [ 15.989821655000185, 46.744011460000138 ], [ 15.989841571000056, 46.744131444000118 ], [ 15.989846973000112, 46.744249406000108 ], [ 15.989839818000178, 46.744386851000172 ], [ 15.989819467000189, 46.744520839000074 ], [ 15.989784176000171, 46.744657833000019 ], [ 15.989749715000073, 46.744746804000044 ], [ 15.989702717000114, 46.744851744000186 ], [ 15.989659261000043, 46.744934922000141 ], [ 15.989561096000045, 46.745080281000185 ], [ 15.9894410550001, 46.745228544000099 ], [ 15.989372262000018, 46.74530318900014 ], [ 15.989363165999976, 46.745313508000038 ], [ 15.989335853000114, 46.745348242000034 ], [ 15.989165497000045, 46.745538323000062 ], [ 15.989150259000041, 46.745555325000055 ], [ 15.98908283600008, 46.74563051400014 ], [ 15.989037690000032, 46.745680849000109 ], [ 15.988910860000033, 46.745826032000139 ], [ 15.988711672000079, 46.746050617000151 ], [ 15.988566873000082, 46.746242438000138 ], [ 15.988435103000029, 46.746423141999969 ], [ 15.988314880000132, 46.74663995700007 ], [ 15.988207705000036, 46.746883441000136 ], [ 15.988153444999966, 46.747038829000019 ], [ 15.988112676000071, 46.747212969000088 ], [ 15.988080648000107, 46.747391454000194 ], [ 15.988068746000181, 46.747533654000051 ], [ 15.988069772000074, 46.747803375000046 ], [ 15.988078954000116, 46.747923238000112 ], [ 15.988101238000013, 46.748061402000189 ], [ 15.988127796000072, 46.748186264000026 ], [ 15.988152088000163, 46.748317508000071 ], [ 15.988182691000077, 46.748485386000084 ], [ 15.988195427000107, 46.748602110000149 ], [ 15.988196046000041, 46.748615715000142 ], [ 15.988201972000184, 46.7487454460001 ], [ 15.988201182000125, 46.748889748000181 ], [ 15.988189423000108, 46.74903005900012 ], [ 15.988171556000168, 46.749163515000134 ], [ 15.988101455000105, 46.749442017000092 ], [ 15.988003794000122, 46.749711260000083 ], [ 15.987906250000037, 46.749962150000044 ], [ 15.987840248999987, 46.750125058000037 ], [ 15.987800393999976, 46.750223451000124 ], [ 15.987747562000095, 46.750359229000139 ], [ 15.987721762999968, 46.750422758000184 ], [ 15.987716939000109, 46.750440466000043 ], [ 15.987696766000113, 46.750483769000141 ], [ 15.987598232000153, 46.750725479000096 ], [ 15.987491297000076, 46.750909134999972 ], [ 15.987460258000112, 46.75095285600014 ], [ 15.98743133, 46.750993882000159 ], [ 15.987348609000037, 46.751095743000178 ], [ 15.987235278000128, 46.751215145000117 ], [ 15.987123650000115, 46.75131368000018 ], [ 15.986991309000132, 46.751417550000042 ], [ 15.986827927000093, 46.751523934000147 ], [ 15.986648633000186, 46.751621454000031 ], [ 15.986479656000142, 46.751702180000166 ], [ 15.986298965, 46.751793038000017 ], [ 15.986117714000045, 46.751909624000064 ], [ 15.986045964000141, 46.751973822000082 ], [ 15.985990232000177, 46.752030511000044 ], [ 15.98589816599997, 46.752160142000037 ], [ 15.985840227999972, 46.752295274 ], [ 15.985808783000152, 46.752422120000062 ], [ 15.985804870000095, 46.752542212000037 ], [ 15.98582444800013, 46.752652660000081 ], [ 15.985862613000165, 46.75276343400003 ], [ 15.985926445000132, 46.752872216000128 ], [ 15.986018875000127, 46.752991700999985 ], [ 15.986161543000037, 46.753115387000094 ], [ 15.986285830000099, 46.75320689900002 ], [ 15.986610858000176, 46.753450252 ], [ 15.987075282000035, 46.753797487000043 ], [ 15.987457506000055, 46.754083653000123 ], [ 15.987783997000179, 46.754326863000188 ], [ 15.98782919000007, 46.754360521000081 ], [ 15.988170580000087, 46.754624341000067 ], [ 15.98820693600004, 46.754652430000192 ], [ 15.988568353000062, 46.754960122000057 ], [ 15.988907714000163, 46.755278453000187 ], [ 15.989220118000048, 46.755595982000102 ], [ 15.989521699000022, 46.755928232000031 ], [ 15.989711058000182, 46.7561638090001 ], [ 15.989807167000038, 46.756283374000134 ], [ 15.990074325000137, 46.75665708300005 ], [ 15.990094861000046, 46.756688579000183 ], [ 15.990311961000089, 46.757021526000074 ], [ 15.990529221000088, 46.757399943000053 ], [ 15.990641008000011, 46.757628251000142 ], [ 15.990738233000172, 46.75784104100012 ], [ 15.990816048000113, 46.758121605999975 ], [ 15.990830724000091, 46.758387859000095 ], [ 15.990787315000148, 46.758648 ], [ 15.990686466000056, 46.75890347 ], [ 15.990562303000161, 46.759129811000037 ], [ 15.990461446999973, 46.759313668000061 ], [ 15.990246666000075, 46.759698618000073 ], [ 15.990049725000063, 46.760056540000051 ], [ 15.989791738000122, 46.760523587000023 ], [ 15.989682094999978, 46.76071951800003 ], [ 15.989589136, 46.760885630000075 ], [ 15.989396544000101, 46.761237806000054 ], [ 15.989300372000116, 46.761517850000132 ], [ 15.989270549000025, 46.761760398000149 ], [ 15.989283923000073, 46.76198346200016 ], [ 15.989350137000088, 46.762255537000158 ], [ 15.989457793999975, 46.762475287000086 ], [ 15.989617177000127, 46.76269312200003 ], [ 15.989669108999976, 46.762761823000119 ], [ 15.989931752000132, 46.76310925700011 ], [ 15.990066592000119, 46.763357787000075 ], [ 15.99016550500005, 46.763615295000079 ], [ 15.990168311000104, 46.763626909000152 ], [ 15.990220873000169, 46.763843973000178 ], [ 15.990249715000061, 46.764147244000128 ], [ 15.990238181000166, 46.764479092000045 ], [ 15.990223423000032, 46.764865180000186 ], [ 15.990199912000094, 46.765330501000051 ], [ 15.990175239000109, 46.765814262 ], [ 15.990159229000028, 46.766211681000129 ], [ 15.990144446000158, 46.76649844700006 ], [ 15.990136724000024, 46.766745469000057 ], [ 15.990124130000083, 46.766996615000039 ], [ 15.990131263000023, 46.767087762000074 ], [ 15.990139873000032, 46.767197824999982 ], [ 15.99017587600008, 46.767404493000072 ], [ 15.990210379000189, 46.767538106000188 ], [ 15.990283101000159, 46.767735618000188 ], [ 15.990345929000057, 46.767903591000163 ], [ 15.990388487000189, 46.768088418000048 ], [ 15.990387491000092, 46.768125841000028 ], [ 15.990384371, 46.768241977000059 ], [ 15.990355462000025, 46.76840265900006 ], [ 15.990310845000124, 46.768542152000123 ], [ 15.990231280000046, 46.768700342000045 ], [ 15.99009654800011, 46.768885897000075 ], [ 15.989964304000182, 46.769050767000181 ], [ 15.989880623999966, 46.769176377000122 ], [ 15.98982410900004, 46.769312775 ], [ 15.989784557000121, 46.769458401000179 ], [ 15.989770001000181, 46.769610173000103 ], [ 15.989767869000161, 46.769632344000115 ], [ 15.989780024000027, 46.76978010300013 ], [ 15.98982121500012, 46.769953410000028 ], [ 15.989890651, 46.770111868000129 ], [ 15.990008834000093, 46.770285316000127 ], [ 15.990166462, 46.77045357500009 ], [ 15.990341052000076, 46.770610727000133 ], [ 15.990515414000129, 46.770783533000042 ], [ 15.990665554000088, 46.77095617700013 ], [ 15.990779068000052, 46.771102441000153 ], [ 15.990881997000145, 46.77124543400015 ], [ 15.990974727000037, 46.771406929000079 ], [ 15.991062605000025, 46.771569580000175 ], [ 15.991150720000121, 46.77175706100013 ], [ 15.991220909000106, 46.771921638000151 ], [ 15.991270537000162, 46.772107834999986 ], [ 15.991309959000034, 46.77229265200009 ], [ 15.991338628, 46.772500647000186 ], [ 15.99134598500018, 46.772626981000144 ], [ 15.991351147000046, 46.772715612000127 ], [ 15.991345143000103, 46.772857380000119 ], [ 15.991324236000082, 46.773077912000076 ], [ 15.991298873000176, 46.773236894999968 ], [ 15.991256978000024, 46.773401406000175 ], [ 15.991208123000149, 46.773568685999976 ], [ 15.99112723200011, 46.773769967000021 ], [ 15.991099252000083, 46.773827524000126 ], [ 15.991023082000027, 46.773984222000081 ], [ 15.990838881000116, 46.774287484000126 ], [ 15.990540309000153, 46.774660757000049 ], [ 15.990339194000114, 46.774904770000035 ], [ 15.990140838, 46.775188286000059 ], [ 15.98998578200019, 46.775478409000186 ], [ 15.989875964000134, 46.775758862000032 ], [ 15.989800528000103, 46.776048503000084 ], [ 15.989783624000154, 46.776192334000029 ], [ 15.989762455000061, 46.776372534000188 ], [ 15.989765459000125, 46.776703166000175 ], [ 15.989797992000092, 46.776941401999977 ], [ 15.989843302000111, 46.777120749000176 ], [ 15.989846150000176, 46.77713200300002 ], [ 15.989905220000082, 46.777295287000072 ], [ 15.989930573000152, 46.777365357000178 ], [ 15.990031970000075, 46.777606677000051 ], [ 15.990135631000044, 46.777801044000057 ], [ 15.99023389000007, 46.777959317000125 ], [ 15.990347168000028, 46.778103601000169 ], [ 15.990604894000057, 46.778392262000125 ], [ 15.990859847000081, 46.778643309000017 ], [ 15.990988063000032, 46.778786737000189 ], [ 15.991072163000069, 46.778927605000092 ], [ 15.991120101000149, 46.77907106300006 ], [ 15.991128909000167, 46.779210535000061 ], [ 15.991113465000126, 46.77937431600003 ], [ 15.991077013000108, 46.779588144000115 ], [ 15.991029349000087, 46.77975254800009 ], [ 15.99096941, 46.779890826000155 ], [ 15.990897757000027, 46.780017372000145 ], [ 15.990884910000148, 46.780040095000118 ], [ 15.990879871000175, 46.780047398000136 ], [ 15.992694856000128, 46.781307220000087 ], [ 15.997806548000142, 46.781311036000034 ], [ 15.997769356000049, 46.774200440000072 ], [ 16.007974624000155, 46.770656586000086 ] ] ] ] } },
{ "type": "Feature", "properties": { "fid": 131, "GID_2": "SVN.9.3_1", "GID_0": "SVN", "COUNTRY": "Slovenia", "GID_1": "SVN.9_1", "NAME_1": "Pomurska", "NL_NAME_1": "NA", "NAME_2": "Črenšovci", "VARNAME_2": "NA", "NL_NAME_2": "NA", "TYPE_2": "Opcine", "ENGTYPE_2": "Commune|Municipality", "CC_2": "NA", "HASC_2": "SI.PM.CR" }, "geometry": { "type": "MultiPolygon", "coordinates": [ [ [ [ 16.327377319000163, 46.544956208000031 ], [ 16.32713890000008, 46.544876099000078 ], [ 16.315891266000051, 46.541034699000022 ], [ 16.297723769000129, 46.536495209000122 ], [ 16.284965514000135, 46.53603744500009 ], [ 16.28231811500018, 46.535633088000111 ], [ 16.267477035000013, 46.543380737000177 ], [ 16.262365342000123, 46.543373107999969 ], [ 16.25725364800013, 46.543369293000126 ], [ 16.257272721000049, 46.546924592000039 ], [ 16.257291794000082, 46.550479889000144 ], [ 16.236879348000116, 46.557567596000069 ], [ 16.236898422000081, 46.561122894999983 ], [ 16.236936568999965, 46.568237306000071 ], [ 16.247180937999985, 46.57180023300009 ], [ 16.247200012000178, 46.575355530000138 ], [ 16.252311706000171, 46.575363160000109 ], [ 16.257425308000109, 46.575366975000122 ], [ 16.257444382000131, 46.578922272000057 ], [ 16.257461548000094, 46.58247757100014 ], [ 16.262575150000089, 46.582485199000075 ], [ 16.272798539000178, 46.582496644 ], [ 16.272838593000074, 46.589607240000191 ], [ 16.27795028800017, 46.589611053000056 ], [ 16.283119202000137, 46.600284578000071 ], [ 16.293363570000054, 46.603851318000181 ], [ 16.303567886000053, 46.600303651000161 ], [ 16.303548812000088, 46.596748352000077 ], [ 16.308662414000082, 46.596755982000161 ], [ 16.313772201000177, 46.596759795000025 ], [ 16.318885803000114, 46.596767426000042 ], [ 16.318866730000082, 46.593208314000094 ], [ 16.318809510000108, 46.582542419000163 ], [ 16.318788529000074, 46.578987122000058 ], [ 16.32386589000015, 46.571884155000077 ], [ 16.318731309000157, 46.568321228000059 ], [ 16.318714143000136, 46.564765931000181 ], [ 16.31360244800004, 46.564762116000111 ], [ 16.308488846000103, 46.564754486000027 ], [ 16.308469773000184, 46.561199189000092 ], [ 16.308450699000048, 46.557643890000179 ], [ 16.313562394000144, 46.557651520000093 ], [ 16.313545228000123, 46.554092408000145 ], [ 16.318656920000137, 46.554100036000079 ], [ 16.327377319000163, 46.544956208000031 ] ] ] ] } },
{ "type": "Feature", "properties": { "fid": 132, "GID_2": "SVN.9.4_1", "GID_0": "SVN", "COUNTRY": "Slovenia", "GID_1": "SVN.9_1", "NAME_1": "Pomurska", "NL_NAME_1": "NA", "NAME_2": "Dobrovnik", "VARNAME_2": "Dobronak", "NL_NAME_2": "NA", "TYPE_2": "Opcine", "ENGTYPE_2": "Commune|Municipality", "CC_2": "NA", "HASC_2": "SI.PM.DO" }, "geometry": { "type": "MultiPolygon", "coordinates": [ [ [ [ 16.391847610000184, 46.663463593000188 ], [ 16.388576507000153, 46.662258149000081 ], [ 16.385675431000095, 46.65881347800007 ], [ 16.389764785000068, 46.657669066999972 ], [ 16.390533448000156, 46.655082703000062 ], [ 16.385301590000154, 46.652721405000079 ], [ 16.382829667000181, 46.648513795000099 ], [ 16.383682252000085, 46.644672393000064 ], [ 16.387611389000028, 46.641460420000101 ], [ 16.387567519000129, 46.639045716000169 ], [ 16.38755607600018, 46.638446808000026 ], [ 16.381816865000019, 46.638305664000029 ], [ 16.37027549700008, 46.646595001000151 ], [ 16.360029221000161, 46.643032074000132 ], [ 16.349788666000052, 46.639465331000167 ], [ 16.3497505200001, 46.632354736000082 ], [ 16.344600678000177, 46.625236512000129 ], [ 16.339485169000113, 46.625232697000115 ], [ 16.334375382000189, 46.625225066999974 ], [ 16.324167251000119, 46.628768920000027 ], [ 16.324207305000073, 46.635883331000059 ], [ 16.298723221000046, 46.650077821000025 ], [ 16.298742294000135, 46.65363311800013 ], [ 16.29878044100019, 46.660743713000045 ], [ 16.298799515000155, 46.664299012000129 ], [ 16.303911209000148, 46.664302825000163 ], [ 16.303968429000065, 46.674968720000095 ], [ 16.309083939, 46.674976350000179 ], [ 16.30913925200008, 46.685642243000075 ], [ 16.309158325000169, 46.689197541000112 ], [ 16.314270020000038, 46.689205170000093 ], [ 16.314287185000126, 46.692760468000131 ], [ 16.329645157000073, 46.696331024000131 ], [ 16.344963073000031, 46.692790985000045 ], [ 16.344924925999976, 46.685680389000026 ], [ 16.350036621000072, 46.68568420500003 ], [ 16.365297318000046, 46.671478271000183 ], [ 16.380672454000091, 46.678607941000166 ], [ 16.391847610000184, 46.663463593000188 ] ] ] ] } },
{ "type": "Feature", "properties": { "fid": 134, "GID_2": "SVN.9.6_1", "GID_0": "SVN", "COUNTRY": "Slovenia", "GID_1": "SVN.9_1", "NAME_1": "Pomurska", "NL_NAME_1": "NA", "NAME_2": "Gornji Petrovci", "VARNAME_2": "NA", "NL_NAME_2": "NA", "TYPE_2": "Opcine", "ENGTYPE_2": "Commune|Municipality", "CC_2": "NA", "HASC_2": "SI.PM.GP" }, "geometry": { "type": "MultiPolygon", "coordinates": [ [ [ [ 16.126354217000028, 46.85956192000009 ], [ 16.135114670000178, 46.858051299000067 ], [ 16.143301011000119, 46.857627869000055 ], [ 16.148897171000044, 46.85799407900015 ], [ 16.152679443000181, 46.856117249000079 ], [ 16.157175063000182, 46.858612060000041 ], [ 16.161983491000115, 46.862136841000051 ], [ 16.167665482000132, 46.86182403600003 ], [ 16.17133522, 46.860210418000122 ], [ 16.172044755, 46.859718322000049 ], [ 16.172454550999987, 46.859718322000049 ], [ 16.178590685000188, 46.859724596000035 ], [ 16.178965799000139, 46.859724980000067 ], [ 16.187379836000105, 46.859733582999979 ], [ 16.187360883000053, 46.856178284000066 ], [ 16.19247436500018, 46.856182099000137 ], [ 16.196180184000127, 46.852298289000146 ], [ 16.202613655000107, 46.845556653000074 ], [ 16.202641, 46.845528000000115 ], [ 16.210718, 46.845537000000149 ], [ 16.212581469000099, 46.845538733000012 ], [ 16.212867782999979, 46.845539048000148 ], [ 16.223031997000078, 46.834880828000053 ], [ 16.243480682000097, 46.834903717000088 ], [ 16.248536999, 46.824241778000157 ], [ 16.248530373, 46.822855759000163 ], [ 16.248520002000134, 46.820686341000055 ], [ 16.253232654000158, 46.820693377999987 ], [ 16.253602175000083, 46.820693930000061 ], [ 16.253629685000078, 46.820693971000139 ], [ 16.254981296000039, 46.817842836000068 ], [ 16.257450383000162, 46.812634459000151 ], [ 16.258684158, 46.810031891000108 ], [ 16.253475189000085, 46.792247773000156 ], [ 16.253458023000064, 46.788692474000072 ], [ 16.253457670000103, 46.78861938100016 ], [ 16.253455897000038, 46.788252367000155 ], [ 16.253440929000078, 46.785137128000088 ], [ 16.248327255000106, 46.785133362000124 ], [ 16.232952119000174, 46.778003693000073 ], [ 16.23289680400012, 46.767337799000018 ], [ 16.222669602000167, 46.767326355000137 ], [ 16.217464446000065, 46.749546052000085 ], [ 16.212352754000108, 46.749538422000171 ], [ 16.202125550000176, 46.749526978000119 ], [ 16.197052002000135, 46.756633759000067 ], [ 16.191936491999968, 46.756629944000053 ], [ 16.186826705000044, 46.756622314000083 ], [ 16.186845779000066, 46.760177613 ], [ 16.181734084000141, 46.760173798000153 ], [ 16.181753158000106, 46.763729096000134 ], [ 16.181772231000025, 46.767284393000068 ], [ 16.186941148000017, 46.777957916000105 ], [ 16.202297210000154, 46.781528473000037 ], [ 16.202335357000038, 46.788639069 ], [ 16.192169190000072, 46.79929351800007 ], [ 16.171718597000051, 46.799274445000151 ], [ 16.166664123000146, 46.809932709000066 ], [ 16.156440734000057, 46.809925079000152 ], [ 16.156459807000147, 46.813480378000065 ], [ 16.156478881000112, 46.81703567500017 ], [ 16.156517029999975, 46.824146270000085 ], [ 16.141216278, 46.831241608000028 ], [ 16.141237259000093, 46.834796907000168 ], [ 16.131010055000104, 46.834785461000081 ], [ 16.120790481000085, 46.834774018000132 ], [ 16.120807647000106, 46.83832931500001 ], [ 16.120826719999968, 46.841884614000094 ], [ 16.120847701000059, 46.845439911000028 ], [ 16.120864869000059, 46.848995210000112 ], [ 16.125976562000119, 46.849002838000047 ], [ 16.126354217000028, 46.85956192000009 ] ] ] ] } },
{ "type": "Feature", "properties": { "fid": 135, "GID_2": "SVN.9.7_1", "GID_0": "SVN", "COUNTRY": "Slovenia", "GID_1": "SVN.9_1", "NAME_1": "Pomurska", "NL_NAME_1": "NA", "NAME_2": "Grad", "VARNAME_2": "NA", "NL_NAME_2": "NA", "TYPE_2": "Opcine", "ENGTYPE_2": "Commune|Municipality", "CC_2": "NA", "HASC_2": "SI.PM.GD" }, "geometry": { "type": "MultiPolygon", "coordinates": [ [ [ [ 16.120790481000085, 46.834774018000132 ], [ 16.131010055000104, 46.834785461000081 ], [ 16.125862121000125, 46.82766723800006 ], [ 16.125766754000153, 46.809890747000168 ], [ 16.120521546000134, 46.784996033000027 ], [ 16.1102962490001, 46.784988403000114 ], [ 16.105184555000108, 46.784980775000179 ], [ 16.105089188000079, 46.767204285 ], [ 16.059116363000101, 46.774265290000073 ], [ 16.059076309000147, 46.767154695000158 ], [ 16.053968430000054, 46.767150879000042 ], [ 16.043758390999983, 46.770694733000141 ], [ 16.043836595000073, 46.784915924000074 ], [ 16.043855668000162, 46.788471221000179 ], [ 16.049104691000025, 46.813365937000071 ], [ 16.049121857000046, 46.816921234000176 ], [ 16.064456939000024, 46.816936493000128 ], [ 16.064477920000058, 46.820491791000109 ], [ 16.079851150000025, 46.827621461000092 ], [ 16.079887389000078, 46.834732056000178 ], [ 16.085002899000017, 46.834735871000078 ], [ 16.105451584000093, 46.834758758000078 ], [ 16.110563279000132, 46.834762573000148 ], [ 16.115674973000125, 46.834770203000062 ], [ 16.120790481000085, 46.834774018000132 ] ] ] ] } },
{ "type": "Feature", "properties": { "fid": 136, "GID_2": "SVN.9.8_1", "GID_0": "SVN", "COUNTRY": "Slovenia", "GID_1": "SVN.9_1", "NAME_1": "Pomurska", "NL_NAME_1": "NA", "NAME_2": "Hodoš", "VARNAME_2": "NA", "NL_NAME_2": "NA", "TYPE_2": "Opcine", "ENGTYPE_2": "Commune|Municipality", "CC_2": "NA", "HASC_2": "SI.PM.HO" }, "geometry": { "type": "MultiPolygon", "coordinates": [ [ [ [ 16.309303284000123, 46.858295441 ], [ 16.310054779000041, 46.857498168000063 ], [ 16.316661834000058, 46.857345581000118 ], [ 16.32153511000007, 46.852939607000053 ], [ 16.325574874000154, 46.849105835000103 ], [ 16.329931259000091, 46.847278594000045 ], [ 16.337278365000145, 46.849193574000026 ], [ 16.338977815000078, 46.844833375000121 ], [ 16.345426560000078, 46.842609406000065 ], [ 16.347805022999978, 46.836696626000048 ], [ 16.350259781000034, 46.83084106400014 ], [ 16.343261718000065, 46.82944488600009 ], [ 16.342294693000042, 46.82311630200013 ], [ 16.338991165000095, 46.816959381000061 ], [ 16.338460923000127, 46.810634612000172 ], [ 16.337478637000174, 46.805923462000067 ], [ 16.329313277000153, 46.803489685000045 ], [ 16.319652557000154, 46.801105500000062 ], [ 16.314435960000083, 46.79756164500003 ], [ 16.313704951000091, 46.79706596800014 ], [ 16.303658, 46.801136 ], [ 16.299055122000084, 46.803825137000103 ], [ 16.294451000000151, 46.806515000000161 ], [ 16.288670708000097, 46.808522384000185 ], [ 16.284246447000044, 46.810058845000185 ], [ 16.284286499000132, 46.817169191000175 ], [ 16.286764770000104, 46.818317784000101 ], [ 16.299662001000115, 46.824294999000188 ], [ 16.299722001000077, 46.836018047000096 ], [ 16.29975300100017, 46.842075 ], [ 16.289549001000182, 46.84561908 ], [ 16.28957, 46.849174999000184 ], [ 16.289585, 46.852264 ], [ 16.289586988000053, 46.852727201999983 ], [ 16.284597893000182, 46.86325510100005 ], [ 16.284533, 46.863392 ], [ 16.2797925590001, 46.866694392000113 ], [ 16.27944032, 46.866939777000084 ], [ 16.291539614000158, 46.874038773000052 ], [ 16.29387664900014, 46.873706818000187 ], [ 16.297855378000122, 46.870082855000078 ], [ 16.298595428000056, 46.869407654000099 ], [ 16.301816941000027, 46.863849641000058 ], [ 16.306930543000021, 46.860816956000178 ], [ 16.309303284000123, 46.858295441 ] ] ] ] } },
{ "type": "Feature", "properties": { "fid": 137, "GID_2": "SVN.9.9_1", "GID_0": "SVN", "COUNTRY": "Slovenia", "GID_1": "SVN.9_1", "NAME_1": "Pomurska", "NL_NAME_1": "NA", "NAME_2": "Kobilje", "VARNAME_2": "NA", "NL_NAME_2": "NA", "TYPE_2": "Opcine", "ENGTYPE_2": "Commune|Municipality", "CC_2": "NA", "HASC_2": "SI.PM.KO" }, "geometry": { "type": "MultiPolygon", "coordinates": [ [ [ [ 16.372610093000162, 46.71610260000017 ], [ 16.376073838000138, 46.712730407000151 ], [ 16.37620162900015, 46.712608338000109 ], [ 16.372812270999987, 46.70892715400015 ], [ 16.368417740000098, 46.704547883000089 ], [ 16.371839522000073, 46.700595856000064 ], [ 16.372348786000089, 46.700328828000124 ], [ 16.378042220999987, 46.697338105000028 ], [ 16.389789581000116, 46.696617127000081 ], [ 16.401786803000164, 46.696418763 ], [ 16.409881592000147, 46.695060731000069 ], [ 16.417718887000149, 46.694847106999987 ], [ 16.423303604000125, 46.693424225000058 ], [ 16.42141342300016, 46.6875 ], [ 16.41861534200018, 46.682323457000109 ], [ 16.417882920000125, 46.678245544000106 ], [ 16.418645858000048, 46.674743652000132 ], [ 16.420837403000064, 46.671646119000059 ], [ 16.41852188200005, 46.667385102000026 ], [ 16.417245865000098, 46.664855956000167 ], [ 16.41678237800005, 46.663936615000068 ], [ 16.416641234000053, 46.660381317000031 ], [ 16.413236617, 46.658302307000156 ], [ 16.407154082000091, 46.659202576000155 ], [ 16.403730392000114, 46.659450530000072 ], [ 16.400999069000022, 46.659648895000032 ], [ 16.398231506000059, 46.662517549000086 ], [ 16.394065856, 46.664283752000074 ], [ 16.392929078000122, 46.663864137000076 ], [ 16.391847610000184, 46.663463593000188 ], [ 16.380672454000091, 46.678607941000166 ], [ 16.365297318000046, 46.671478271000183 ], [ 16.350036621000072, 46.68568420500003 ], [ 16.344924925999976, 46.685680389000026 ], [ 16.344963073000031, 46.692790985000045 ], [ 16.345001220000086, 46.699901581000063 ], [ 16.345020293000175, 46.703456880000147 ], [ 16.350131988000044, 46.703464508000081 ], [ 16.355262756, 46.707023622 ], [ 16.372610093000162, 46.71610260000017 ] ] ] ] } },
{ "type": "Feature", "properties": { "fid": 139, "GID_2": "SVN.9.11_1", "GID_0": "SVN", "COUNTRY": "Slovenia", "GID_1": "SVN.9_1", "NAME_1": "Pomurska", "NL_NAME_1": "NA", "NAME_2": "Kuzma", "VARNAME_2": "NA", "NL_NAME_2": "NA", "TYPE_2": "Opcine", "ENGTYPE_2": "Commune|Municipality", "CC_2": "NA", "HASC_2": "SI.PM.KU" }, "geometry": { "type": "MultiPolygon", "coordinates": [ [ [ [ 16.123340608000149, 46.863544464000086 ], [ 16.126068116000056, 46.859611512000129 ], [ 16.126354217000028, 46.85956192000009 ], [ 16.125976562000119, 46.849002838000047 ], [ 16.120864869000059, 46.848995210000112 ], [ 16.120847701000059, 46.845439911000028 ], [ 16.120826719999968, 46.841884614000094 ], [ 16.120807647000106, 46.83832931500001 ], [ 16.120790481000085, 46.834774018000132 ], [ 16.115674973000125, 46.834770203000062 ], [ 16.110563279000132, 46.834762573000148 ], [ 16.105451584000093, 46.834758758000078 ], [ 16.085002899000017, 46.834735871000078 ], [ 16.079887389000078, 46.834732056000178 ], [ 16.079851150000025, 46.827621461000092 ], [ 16.064477920000058, 46.820491791000109 ], [ 16.064456939000024, 46.816936493000128 ], [ 16.049121857000046, 46.816921234000176 ], [ 16.049161912000045, 46.824031830000195 ], [ 16.049179078000066, 46.827587129000108 ], [ 16.049217224000017, 46.834697724000193 ], [ 16.050814144000185, 46.83824823600014 ], [ 16.05117982400003, 46.838065025 ], [ 16.051916242000061, 46.83798694900014 ], [ 16.05195294400005, 46.837988119000045 ], [ 16.052019394000069, 46.837941501000103 ], [ 16.052102896000065, 46.837918495000167 ], [ 16.052088678000132, 46.837804205000111 ], [ 16.052133734000108, 46.837636442000189 ], [ 16.052163362999977, 46.837636515999975 ], [ 16.05227605500005, 46.837596938000104 ], [ 16.052313974000128, 46.83761592400009 ], [ 16.052327505000051, 46.837635929000044 ], [ 16.052294492000101, 46.837731750000046 ], [ 16.052481931000045, 46.838166468000168 ], [ 16.052696139000034, 46.838269733000061 ], [ 16.052711445000057, 46.838276247000067 ], [ 16.052760892000151, 46.838297331000035 ], [ 16.052720412000156, 46.838367044000051 ], [ 16.052746021000075, 46.838409119000062 ], [ 16.052794594999966, 46.83844666400006 ], [ 16.053035068000099, 46.838592365000125 ], [ 16.053021686000022, 46.838669612000047 ], [ 16.053061587000059, 46.838761743000077 ], [ 16.053189359000157, 46.838873431000081 ], [ 16.053144571000189, 46.83898973600003 ], [ 16.053296021000108, 46.839060728000049 ], [ 16.053393981, 46.839106580000134 ], [ 16.053623543000185, 46.839157881000176 ], [ 16.053734360000021, 46.839227334000157 ], [ 16.053890658000171, 46.839526577000129 ], [ 16.053891830000111, 46.839553389000059 ], [ 16.053893720000076, 46.839593698000101 ], [ 16.054084970000076, 46.839752142000066 ], [ 16.054130138000119, 46.839789587000041 ], [ 16.054184700000178, 46.839886702000172 ], [ 16.054247724000049, 46.839924506000102 ], [ 16.054318146000185, 46.839966736000065 ], [ 16.054380837000167, 46.840018123000164 ], [ 16.054515413000104, 46.840128343 ], [ 16.054549929000075, 46.840172150000171 ], [ 16.054646851000143, 46.84022428600008 ], [ 16.054729180000095, 46.840268587000082 ], [ 16.054853360999971, 46.840335390000178 ], [ 16.054946881999967, 46.840385701000173 ], [ 16.054962167000099, 46.840393925000171 ], [ 16.055109648000155, 46.840473273000157 ], [ 16.055126908000148, 46.840532870000175 ], [ 16.055230623000114, 46.840607614000135 ], [ 16.055346887000155, 46.840689494000173 ], [ 16.055457125000032, 46.840668979000156 ], [ 16.055479828000045, 46.840664716000106 ], [ 16.055553506000081, 46.840665795000064 ], [ 16.055637471000011, 46.840705762000084 ], [ 16.055647174, 46.840807625000082 ], [ 16.055696243000114, 46.840852007000194 ], [ 16.055704565000042, 46.840890622000131 ], [ 16.055762127000037, 46.840864311000189 ], [ 16.056135828000151, 46.840652632000172 ], [ 16.056825733000096, 46.840277530000037 ], [ 16.056926390000172, 46.840222805 ], [ 16.057704954000087, 46.839803649000146 ], [ 16.057762536999974, 46.839772660000165 ], [ 16.057994999000016, 46.839647503000037 ], [ 16.05801890000015, 46.839634642000135 ], [ 16.058338497000022, 46.839462679000178 ], [ 16.058696843, 46.839250234000133 ], [ 16.058720990000154, 46.839245614000106 ], [ 16.05885602800015, 46.839219938000099 ], [ 16.059398312000042, 46.839032852000059 ], [ 16.059454558000084, 46.839006717000132 ], [ 16.059501475000161, 46.839036337000096 ], [ 16.059753456000124, 46.839243497000155 ], [ 16.059955142000149, 46.839312082000049 ], [ 16.060037827000144, 46.83934628600008 ], [ 16.060106667000127, 46.839396110999985 ], [ 16.060136305000128, 46.839420202000156 ], [ 16.060310402000027, 46.839629784000067 ], [ 16.060391020000111, 46.839681437000195 ], [ 16.060487998000156, 46.839743563000184 ], [ 16.060843228000067, 46.840146370000184 ], [ 16.060954242000037, 46.840282660000071 ], [ 16.061027809000166, 46.840487414000165 ], [ 16.061027641000123, 46.840598429000181 ], [ 16.061080988000015, 46.84073116400009 ], [ 16.061116690000119, 46.840852789999985 ], [ 16.061223375000168, 46.841120238000087 ], [ 16.061240289000125, 46.84119782700003 ], [ 16.061250960000052, 46.841304676000107 ], [ 16.061262005000174, 46.841415233000077 ], [ 16.061754911000094, 46.842027530000053 ], [ 16.062261549000084, 46.842675305000057 ], [ 16.062442923, 46.842901364000056 ], [ 16.062629786000116, 46.843079036000177 ], [ 16.062723743000163, 46.843141693000121 ], [ 16.06289823100019, 46.843251232000057 ], [ 16.062908429000174, 46.843257041000072 ], [ 16.063225216000149, 46.84343742100009 ], [ 16.063451567000129, 46.843559407000043 ], [ 16.063738754000042, 46.84373434400004 ], [ 16.063961076000112, 46.843875661000084 ], [ 16.064096684000162, 46.843974041000081 ], [ 16.0642089910001, 46.84406472 ], [ 16.06435329500016, 46.844207472000107 ], [ 16.064481249000096, 46.844368358999986 ], [ 16.064644373000078, 46.844602469 ], [ 16.064760541999988, 46.844794635000085 ], [ 16.064853618000086, 46.844948602000159 ], [ 16.064921432000176, 46.844943633000184 ], [ 16.065459463000025, 46.844960008000044 ], [ 16.065583975000038, 46.845023274000084 ], [ 16.065554016000135, 46.845168046000026 ], [ 16.065651300000184, 46.845301151000115 ], [ 16.065896824000049, 46.845499016000019 ], [ 16.066716514, 46.846071032000111 ], [ 16.066856828000084, 46.846200816000191 ], [ 16.066956295000068, 46.846344811000108 ], [ 16.0670310000001, 46.846404631000098 ], [ 16.067059286000131, 46.846597760000179 ], [ 16.06700697499997, 46.846835324000097 ], [ 16.0669926220001, 46.846900514000026 ], [ 16.066952811000135, 46.846969784000066 ], [ 16.06692890700009, 46.847057444000029 ], [ 16.066918788000066, 46.847167896000087 ], [ 16.066975619000061, 46.847395817000063 ], [ 16.067006030000186, 46.847397778000129 ], [ 16.067035535000059, 46.847503643999971 ], [ 16.067107469000121, 46.847646945 ], [ 16.067213833000039, 46.847935078000148 ], [ 16.067275843, 46.848282663000077 ], [ 16.067271548000122, 46.848355884000171 ], [ 16.067258616000117, 46.848505375000173 ], [ 16.067224614000111, 46.848698988000137 ], [ 16.067211162000092, 46.848794409000106 ], [ 16.067195479000134, 46.84883692600016 ], [ 16.067151912000156, 46.848891171000105 ], [ 16.067080294999982, 46.848980331000064 ], [ 16.067018661000077, 46.849272841000072 ], [ 16.067011021000155, 46.849298102000148 ], [ 16.066932142000098, 46.849559175000138 ], [ 16.066829648000123, 46.849867154000151 ], [ 16.066775310000082, 46.849983171000076 ], [ 16.066698042000098, 46.850228052000148 ], [ 16.066780692000179, 46.850247138000157 ], [ 16.066967211000076, 46.850290215000086 ], [ 16.067023271999972, 46.850303120000149 ], [ 16.067092740000078, 46.850309669000069 ], [ 16.067263760000174, 46.850331299000118 ], [ 16.06746109900007, 46.850334456000098 ], [ 16.06771731200007, 46.850338469000178 ], [ 16.067861798000081, 46.850342853000143 ], [ 16.06798042500003, 46.850352754000028 ], [ 16.068375675000084, 46.850402700000075 ], [ 16.068750940000143, 46.850436765000097 ], [ 16.068877995000094, 46.850465937000024 ], [ 16.068981111000085, 46.850509988000056 ], [ 16.069027292000101, 46.850532226000098 ], [ 16.069175236000035, 46.850607147000176 ], [ 16.069241158000182, 46.850641486000086 ], [ 16.069479236000177, 46.850734068000122 ], [ 16.069923736000192, 46.850903595000034 ], [ 16.07002538200004, 46.850953849000064 ], [ 16.070056875000091, 46.850976502000094 ], [ 16.070206499000051, 46.851083634000076 ], [ 16.070279712000115, 46.851129054000126 ], [ 16.070453526000108, 46.851197196000044 ], [ 16.070582800000182, 46.851229160000059 ], [ 16.070761966000077, 46.851329521000082 ], [ 16.070812273000058, 46.851366612000049 ], [ 16.071007164000093, 46.85152305600019 ], [ 16.071060821, 46.851706976000116 ], [ 16.071096390000037, 46.85178127800009 ], [ 16.071183083, 46.851886555000192 ], [ 16.071221802000082, 46.851933515000155 ], [ 16.071301178999988, 46.852033286000164 ], [ 16.07154076, 46.852358156000037 ], [ 16.071670083000186, 46.852488719000064 ], [ 16.071678696000049, 46.852497465000113 ], [ 16.071721302000071, 46.85255415000006 ], [ 16.071813094, 46.852798343000131 ], [ 16.071960686000125, 46.853056067000125 ], [ 16.072037205000186, 46.853150614000015 ], [ 16.072043853000025, 46.853158816000189 ], [ 16.072532628000033, 46.853425954000102 ], [ 16.07254612700018, 46.85342787400009 ], [ 16.072666691, 46.853445242000078 ], [ 16.073041549000152, 46.853432780000105 ], [ 16.073232510000025, 46.853401277000103 ], [ 16.073287633000064, 46.853392136000139 ], [ 16.073407813000074, 46.853380624000067 ], [ 16.074597531999984, 46.853349313000024 ], [ 16.074914289, 46.85331062400013 ], [ 16.075115214, 46.85327923 ], [ 16.075346558000149, 46.853221455000153 ], [ 16.075536638000074, 46.853154320000158 ], [ 16.07569366600012, 46.853115629000058 ], [ 16.075793384000178, 46.853104698000152 ], [ 16.075845195000113, 46.853102296000145 ], [ 16.075972599000181, 46.853115627000079 ], [ 16.076176077000127, 46.853181038000059 ], [ 16.076251738999986, 46.853209817000049 ], [ 16.076397039000142, 46.853265110999985 ], [ 16.076639474, 46.853356608000013 ], [ 16.076840060000109, 46.853451341000152 ], [ 16.077023559000111, 46.853526782000074 ], [ 16.077100817000087, 46.853550975000019 ], [ 16.077114827000173, 46.853555414000141 ], [ 16.077254789000051, 46.853575700000022 ], [ 16.077337825000143, 46.853570488000116 ], [ 16.077504761000114, 46.853544142000089 ], [ 16.077561751000019, 46.853528435000101 ], [ 16.077572064000094, 46.853538355000069 ], [ 16.077587597000047, 46.853553323000028 ], [ 16.07763065100005, 46.853545231999988 ], [ 16.077921647000153, 46.853490554000075 ], [ 16.078233209000189, 46.853330123000035 ], [ 16.078619393000167, 46.853279344000043 ], [ 16.078628806000097, 46.853257864000057 ], [ 16.078634241000145, 46.853245371000128 ], [ 16.078777858000024, 46.853268991000164 ], [ 16.078921678000029, 46.853277497000136 ], [ 16.079058865000093, 46.85327456300007 ], [ 16.079250808000097, 46.853228361000163 ], [ 16.079401790000134, 46.853192018000072 ], [ 16.079564981000033, 46.853152795000142 ], [ 16.079581006000012, 46.853147253000031 ], [ 16.07968071200014, 46.853110679 ], [ 16.079776278000054, 46.853062220000027 ], [ 16.079891093000015, 46.852992123000149 ], [ 16.07997185500011, 46.852968551000174 ], [ 16.080046920000029, 46.852956931000108 ], [ 16.080176159000189, 46.852998510000077 ], [ 16.080313140000044, 46.853066827000134 ], [ 16.08038026700018, 46.853098283000065 ], [ 16.080644432000099, 46.853339160000189 ], [ 16.080693867000036, 46.853396036999982 ], [ 16.080744009000057, 46.853470008000158 ], [ 16.080788355000038, 46.853577522000194 ], [ 16.080881875000102, 46.853713934000098 ], [ 16.08099262200011, 46.853812060000052 ], [ 16.081012494000163, 46.85382802700002 ], [ 16.081194868000182, 46.853974530000187 ], [ 16.081349776000025, 46.854108109000151 ], [ 16.081552666000107, 46.854245390000187 ], [ 16.081756318999965, 46.854388071000187 ], [ 16.081800885000121, 46.854420736000122 ], [ 16.081852656000081, 46.854455665000103 ], [ 16.081932642000083, 46.854514049000159 ], [ 16.081973318000109, 46.85459357600007 ], [ 16.081990278000092, 46.85461268500012 ], [ 16.082019818000049, 46.854689849000124 ], [ 16.08212219800015, 46.85514898100007 ], [ 16.082143478000148, 46.855197968000141 ], [ 16.082243345000165, 46.855352476000121 ], [ 16.082273449000127, 46.855393295000056 ], [ 16.082335338, 46.855452087000117 ], [ 16.082329255000161, 46.85551918699997 ], [ 16.082340494999983, 46.855555467000158 ], [ 16.082392128000095, 46.855648064000093 ], [ 16.082460855000022, 46.855730981000136 ], [ 16.082480438000118, 46.855722207000099 ], [ 16.082572876000143, 46.855810935000136 ], [ 16.082666910000114, 46.855894718000059 ], [ 16.082714744000157, 46.855958607000105 ], [ 16.082779237000068, 46.856049881000047 ], [ 16.082938309999975, 46.856192642000053 ], [ 16.082980929000087, 46.856221344000119 ], [ 16.083027480999988, 46.85625086400006 ], [ 16.083096204000071, 46.856278724000049 ], [ 16.083225458000129, 46.856319040000187 ], [ 16.083290534000184, 46.856341493000173 ], [ 16.083313334000138, 46.856345861000193 ], [ 16.08338513800004, 46.856359602000168 ], [ 16.083523068999966, 46.856367191000174 ], [ 16.083631976, 46.856355463000114 ], [ 16.084023502000093, 46.856344118000152 ], [ 16.084062196000104, 46.856342996000194 ], [ 16.084427582000103, 46.856340732000035 ], [ 16.084579207000161, 46.856393511000022 ], [ 16.084717999000077, 46.856441853000149 ], [ 16.084921793999968, 46.856517407000183 ], [ 16.084966492000149, 46.856533976000037 ], [ 16.085175179000089, 46.856754931000125 ], [ 16.085297914000023, 46.856844531000036 ], [ 16.085443233000035, 46.856985639000186 ], [ 16.08573965100004, 46.857209122000086 ], [ 16.085743911000066, 46.85722361500018 ], [ 16.086327262999987, 46.857567008000046 ], [ 16.08653039, 46.85771534700018 ], [ 16.086759427000061, 46.857847908000053 ], [ 16.086817421000035, 46.857871064000165 ], [ 16.086910658000022, 46.857959339000104 ], [ 16.086964068000043, 46.8580099240001 ], [ 16.087083924000183, 46.858128304000161 ], [ 16.087201933000074, 46.858306418000154 ], [ 16.087215551000156, 46.85833973300015 ], [ 16.087264449000088, 46.858459401000061 ], [ 16.08730472700006, 46.858542434000128 ], [ 16.087422220000121, 46.858661691000123 ], [ 16.087466998000082, 46.858707147000132 ], [ 16.087600888000111, 46.858854345000054 ], [ 16.08803347900016, 46.859218098000042 ], [ 16.088056312000163, 46.859244236999984 ], [ 16.088089270000069, 46.859264639000116 ], [ 16.088224456000034, 46.859329703000128 ], [ 16.088247097000021, 46.859340637000173 ], [ 16.088352909000093, 46.859375769000053 ], [ 16.088506830000142, 46.859445551000135 ], [ 16.088675775000183, 46.859557107000114 ], [ 16.088758940000048, 46.859612073000051 ], [ 16.08889480900018, 46.859729316000085 ], [ 16.088971785000126, 46.859818725000139 ], [ 16.089030478000097, 46.859919790000049 ], [ 16.08914448000013, 46.860115975000042 ], [ 16.089155561999974, 46.860188509000182 ], [ 16.089148722000118, 46.860279808000143 ], [ 16.089138952000042, 46.860409785000172 ], [ 16.089124932000118, 46.860551449000184 ], [ 16.089154339000174, 46.86066063800007 ], [ 16.089193483000031, 46.860763640000073 ], [ 16.089225628000122, 46.860847915000193 ], [ 16.089303310000105, 46.86098464600002 ], [ 16.089413144000162, 46.861146185000166 ], [ 16.089563455000075, 46.861377533000109 ], [ 16.089645554000015, 46.861523719000161 ], [ 16.089736267000148, 46.861679730000162 ], [ 16.089800188000027, 46.861785664000081 ], [ 16.090031016000125, 46.862108045000184 ], [ 16.090201499000102, 46.862346182000067 ], [ 16.090279672000065, 46.862462312000105 ], [ 16.090334654, 46.86254402600008 ], [ 16.09036860599997, 46.862606173000188 ], [ 16.090384848999975, 46.862698421000175 ], [ 16.090415510000128, 46.862844766000137 ], [ 16.090510038000161, 46.86329604600013 ], [ 16.090609783000161, 46.863457024000127 ], [ 16.090694351000025, 46.863551665000045 ], [ 16.090768145000084, 46.863650332000134 ], [ 16.090794618000075, 46.863672960000088 ], [ 16.09121814800011, 46.864034981000088 ], [ 16.091709206000075, 46.864274782000109 ], [ 16.092490106000184, 46.864611724000099 ], [ 16.092966989000104, 46.864914734000138 ], [ 16.092997073000106, 46.864933870000129 ], [ 16.093036977000054, 46.864927296000133 ], [ 16.093187339000053, 46.864888118000067 ], [ 16.093233670000075, 46.864881647000175 ], [ 16.093354751000049, 46.864878573000055 ], [ 16.093555649000166, 46.86488996900016 ], [ 16.093714237000142, 46.864918101000171 ], [ 16.093785440999966, 46.864922748000083 ], [ 16.093834758000071, 46.864923300000157 ], [ 16.093920346000061, 46.864908365000076 ], [ 16.093945709000081, 46.864927131000172 ], [ 16.093979832000173, 46.864952123000137 ], [ 16.094221954000147, 46.864925909000078 ], [ 16.094355285000063, 46.864911434000021 ], [ 16.094354826000142, 46.864890669000033 ], [ 16.09435430100018, 46.864866989000177 ], [ 16.094557233000103, 46.864893142000142 ], [ 16.094668917999968, 46.864909358000034 ], [ 16.094738915, 46.864919521000104 ], [ 16.095167112000183, 46.86496386500005 ], [ 16.095332779000103, 46.864963580000108 ], [ 16.095441332000121, 46.864946082000074 ], [ 16.09559169400012, 46.864906595000093 ], [ 16.095753348000187, 46.864864143000148 ], [ 16.095763855000087, 46.864861377000068 ], [ 16.095998866000059, 46.864811035000173 ], [ 16.096140786000092, 46.864782091000109 ], [ 16.096384612, 46.864696050000191 ], [ 16.09670277400005, 46.8645881220001 ], [ 16.096864297000025, 46.864545453000062 ], [ 16.097008312000128, 46.864486824000096 ], [ 16.09710101800016, 46.864433667000014 ], [ 16.097249769000086, 46.864342120000174 ], [ 16.097260697000138, 46.864332697 ], [ 16.097345324000116, 46.864237330000037 ], [ 16.097366273000148, 46.864215871000113 ], [ 16.097501237000131, 46.863947607000171 ], [ 16.097508891000075, 46.863915948000113 ], [ 16.097534367000037, 46.863810570000112 ], [ 16.097642239000095, 46.863588312000161 ], [ 16.097763273000112, 46.863325507000184 ], [ 16.097796438000103, 46.863240199000074 ], [ 16.097864791000177, 46.863086231000125 ], [ 16.097995616000105, 46.862860601000079 ], [ 16.098007126000141, 46.862840742000117 ], [ 16.098087600000042, 46.862674474000073 ], [ 16.098145966000118, 46.862464529000192 ], [ 16.098199133000151, 46.862333830000125 ], [ 16.098274588000095, 46.862205067000048 ], [ 16.098371809000014, 46.862047740000094 ], [ 16.098428204000186, 46.86195834200015 ], [ 16.098600673000135, 46.861659295000152 ], [ 16.098706716000152, 46.861463391000143 ], [ 16.098751241000173, 46.86138908200013 ], [ 16.098886486000083, 46.861173716000053 ], [ 16.099002582000082, 46.861048274000154 ], [ 16.099015496000106, 46.861034356000062 ], [ 16.099132343000065, 46.860917192000159 ], [ 16.099153661000059, 46.860901222000052 ], [ 16.099317850999967, 46.860815103000107 ], [ 16.099423085000183, 46.860774474000038 ], [ 16.099584280000101, 46.860713628000155 ], [ 16.099664211000061, 46.860700566000162 ], [ 16.099785267000129, 46.860701174000042 ], [ 16.099998133000156, 46.860701877000167 ], [ 16.100181024000051, 46.860718803000168 ], [ 16.100275366000062, 46.860740227000178 ], [ 16.100363842000093, 46.860783230000095 ], [ 16.100491936000026, 46.860854742000129 ], [ 16.100580175000175, 46.860891986000183 ], [ 16.100875370000153, 46.860992986000042 ], [ 16.101042441, 46.861059539000109 ], [ 16.101102180999987, 46.861105721 ], [ 16.101188207000177, 46.861200358000133 ], [ 16.101281005000033, 46.861367069000153 ], [ 16.101346515000159, 46.861474529000134 ], [ 16.101453489000107, 46.861669518000042 ], [ 16.101494163000098, 46.861757315000091 ], [ 16.101534079000032, 46.861808406000137 ], [ 16.101557625, 46.861823117000029 ], [ 16.1016334790001, 46.862209217000043 ], [ 16.101814473000161, 46.862659824000104 ], [ 16.101833329000101, 46.86270676100014 ], [ 16.101888651000081, 46.862805024000181 ], [ 16.101954208000052, 46.862868671000058 ], [ 16.102122847999965, 46.863032385999986 ], [ 16.102287317, 46.86315713800019 ], [ 16.10237472600005, 46.863205805000064 ], [ 16.102474890000167, 46.863246851000099 ], [ 16.102567359000091, 46.863277805000166 ], [ 16.102882132000104, 46.863374521000139 ], [ 16.102970906000166, 46.863410954000074 ], [ 16.103066555000169, 46.863464946000079 ], [ 16.103176679000057, 46.863539118000176 ], [ 16.103260058000103, 46.863610087000097 ], [ 16.103347418000055, 46.863670538000065 ], [ 16.103414645000043, 46.86371556500012 ], [ 16.103662936000035, 46.863870261000159 ], [ 16.103786483000079, 46.863934473000143 ], [ 16.103914786000075, 46.863990688000058 ], [ 16.104064682000057, 46.864058462000173 ], [ 16.104191345000174, 46.864130236000051 ], [ 16.104299603000072, 46.864211960000091 ], [ 16.104392474000178, 46.864272242000084 ], [ 16.104489461000128, 46.864321107000137 ], [ 16.104618972000083, 46.86437111500004 ], [ 16.105145551000078, 46.864507742000058 ], [ 16.105374302000087, 46.864539685000125 ], [ 16.105512213, 46.864557863000186 ], [ 16.105643133, 46.864585202000058 ], [ 16.105782786000134, 46.864656911000054 ], [ 16.10595400700015, 46.864738579000061 ], [ 16.106109076000109, 46.864824892000172 ], [ 16.106227254000146, 46.864888191000148 ], [ 16.106388500000151, 46.86494069000014 ], [ 16.106404350000048, 46.864945849000151 ], [ 16.106540542000118, 46.864998927999977 ], [ 16.106797949000168, 46.865078965000123 ], [ 16.106986631000154, 46.865158148000035 ], [ 16.107308470000078, 46.8652944480001 ], [ 16.107585975000177, 46.865431112000067 ], [ 16.107779270000094, 46.865536570000074 ], [ 16.107820223000033, 46.865561301000071 ], [ 16.107881278000036, 46.865609282000037 ], [ 16.107903504000092, 46.865626779000195 ], [ 16.107967494000036, 46.865725685000029 ], [ 16.108019668999987, 46.865858305000131 ], [ 16.108079564999969, 46.866058053000131 ], [ 16.108152388000065, 46.866240823000169 ], [ 16.108225927000035, 46.866440777000037 ], [ 16.108245676000138, 46.866517105000128 ], [ 16.108262355000022, 46.866543767 ], [ 16.108466984000188, 46.866794628999969 ], [ 16.108581381000135, 46.866917024000088 ], [ 16.108659734000128, 46.867000845000177 ], [ 16.108771275000038, 46.867116127000145 ], [ 16.108807628000079, 46.86714336700004 ], [ 16.108908519000181, 46.867202042000031 ], [ 16.109126569000125, 46.867286765000188 ], [ 16.109265876, 46.867318345000172 ], [ 16.109406682000099, 46.867335984000078 ], [ 16.10946917900003, 46.867381808000175 ], [ 16.10971230399997, 46.867560051000055 ], [ 16.109947588000125, 46.867855323000185 ], [ 16.110190540000133, 46.868167791000076 ], [ 16.110270802, 46.868235600000105 ], [ 16.110338470000102, 46.868303295000089 ], [ 16.110463837000111, 46.868375690000164 ], [ 16.110795826000128, 46.868602145000125 ], [ 16.110816624000051, 46.868616669000119 ], [ 16.110900373000163, 46.868729557000051 ], [ 16.110960931000022, 46.868804075000185 ], [ 16.111085010000068, 46.86893494300017 ], [ 16.111132043000111, 46.868981185000052 ], [ 16.111306818000116, 46.869129066000141 ], [ 16.111324866000189, 46.869142235000083 ], [ 16.111359916000083, 46.869168033000051 ], [ 16.111446616000137, 46.86920166800013 ], [ 16.111695811000061, 46.869276101000139 ], [ 16.11190257200002, 46.869366015000139 ], [ 16.11196923600005, 46.869391810000195 ], [ 16.112146963999976, 46.869460590000017 ], [ 16.112412512000105, 46.869546028000173 ], [ 16.112475264000182, 46.869566211000176 ], [ 16.11285914900003, 46.869585124000025 ], [ 16.113275507000026, 46.869650428000114 ], [ 16.113840435000043, 46.86956968200019 ], [ 16.115358354000136, 46.868118285999969 ], [ 16.122335433000046, 46.864994049000018 ], [ 16.123340608000149, 46.863544464000086 ] ] ] ] } },
{ "type": "Feature", "properties": { "fid": 140, "GID_2": "SVN.9.12_1", "GID_0": "SVN", "COUNTRY": "Slovenia", "GID_1": "SVN.9_1", "NAME_1": "Pomurska", "NL_NAME_1": "NA", "NAME_2": "Lendava", "VARNAME_2": "Lendva", "NL_NAME_2": "NA", "TYPE_2": "Opcine", "ENGTYPE_2": "Commune|Municipality", "CC_2": "NA", "HASC_2": "SI.PM.LE" }, "geometry": { "type": "MultiPolygon", "coordinates": [ [ [ [ 16.510454178000032, 46.502922058000081 ], [ 16.503053666000028, 46.510349274000134 ], [ 16.48617363000011, 46.518604278000169 ], [ 16.468103408000161, 46.523231507000105 ], [ 16.450347900999986, 46.530643464000093 ], [ 16.439176560000021, 46.531192780000083 ], [ 16.421016694000059, 46.532543182999973 ], [ 16.413808822000021, 46.538284302000136 ], [ 16.402744293000183, 46.545158387000185 ], [ 16.391788482000038, 46.548034669000117 ], [ 16.383100510000133, 46.544548036000037 ], [ 16.37233543300016, 46.539794923000159 ], [ 16.371654511000145, 46.539493562000132 ], [ 16.370161056000086, 46.540359497000111 ], [ 16.364337921000129, 46.543735505000029 ], [ 16.364112854999973, 46.543865204000042 ], [ 16.357709885000077, 46.547225952000076 ], [ 16.356723786000146, 46.547740936000082 ], [ 16.356985091000183, 46.553226470000084 ], [ 16.356578827000135, 46.567878724000082 ], [ 16.357799530000136, 46.570323944000052 ], [ 16.359668732000046, 46.575473785000099 ], [ 16.375043870000184, 46.58260345400015 ], [ 16.375064851000047, 46.586158753000063 ], [ 16.38017654500004, 46.586162568000134 ], [ 16.38530731100019, 46.589725495000152 ], [ 16.385326385000155, 46.59328079200003 ], [ 16.364934921000156, 46.603923798000096 ], [ 16.359821319000162, 46.603919983000083 ], [ 16.359840393000127, 46.607475280000131 ], [ 16.344581605000087, 46.621681213000045 ], [ 16.344600678000177, 46.625236512000129 ], [ 16.3497505200001, 46.632354736000082 ], [ 16.349788666000052, 46.639465331000167 ], [ 16.360029221000161, 46.643032074000132 ], [ 16.37027549700008, 46.646595001000151 ], [ 16.381816865000019, 46.638305664000029 ], [ 16.38755607600018, 46.638446808000026 ], [ 16.38755226100011, 46.638134004000051 ], [ 16.389396667000142, 46.635089874000073 ], [ 16.395809173000089, 46.633438111000089 ], [ 16.396579742000029, 46.633178712000017 ], [ 16.404237748000185, 46.630584718000193 ], [ 16.411745072000144, 46.626697540000066 ], [ 16.416503905000184, 46.621944428000063 ], [ 16.420942306000143, 46.617649079000046 ], [ 16.425529481000183, 46.613918304000151 ], [ 16.43185424700016, 46.614048005000143 ], [ 16.438512802000162, 46.612686157000098 ], [ 16.444185257000129, 46.610282899000026 ], [ 16.447774888000026, 46.605808259000185 ], [ 16.448740006000094, 46.604713440000069 ], [ 16.451873780000028, 46.601161957000102 ], [ 16.455553055000109, 46.597904206000123 ], [ 16.459625244000165, 46.596069335000095 ], [ 16.462144851000176, 46.591827394000063 ], [ 16.466308594000168, 46.587688444999969 ], [ 16.470708848000072, 46.585926055000186 ], [ 16.472724915000185, 46.585117340000124 ], [ 16.477731704000121, 46.582141877000083 ], [ 16.480724335, 46.579044342000032 ], [ 16.481409074000055, 46.574455262000129 ], [ 16.481843949000108, 46.571880342000043 ], [ 16.481864928000164, 46.571758271000135 ], [ 16.482265472000051, 46.569396972999982 ], [ 16.484355927000081, 46.565380097000173 ], [ 16.490022660000079, 46.56280517600004 ], [ 16.498416900999985, 46.562126160000162 ], [ 16.505546570000092, 46.564266205000195 ], [ 16.512619019, 46.562953949000189 ], [ 16.516201019000107, 46.557502746000068 ], [ 16.520374297999979, 46.552680970000097 ], [ 16.519474030000083, 46.546596527000133 ], [ 16.517663956000092, 46.542472839000027 ], [ 16.517581939000138, 46.542285920000097 ], [ 16.516349792000085, 46.539344787000175 ], [ 16.51718902600004, 46.536476135000157 ], [ 16.519929887000103, 46.536113739000029 ], [ 16.521089554000184, 46.535961150999981 ], [ 16.526243210000132, 46.535282135000159 ], [ 16.530395507000037, 46.532936097000174 ], [ 16.530412673000058, 46.5276527420001 ], [ 16.528182983000136, 46.523685456000123 ], [ 16.526365280999983, 46.521045685000104 ], [ 16.526960373, 46.516902922999975 ], [ 16.532106400000089, 46.515304566000168 ], [ 16.532123566000109, 46.511631011000077 ], [ 16.52765464800018, 46.508460998000032 ], [ 16.525167464999981, 46.505187989000035 ], [ 16.528697968000188, 46.502998352000134 ], [ 16.530992508000111, 46.501575470000034 ], [ 16.538135530000147, 46.498485565000067 ], [ 16.544027328000027, 46.49700164800015 ], [ 16.549839020000036, 46.494991304000052 ], [ 16.556150436000166, 46.492527008000081 ], [ 16.561971664000055, 46.490810395000096 ], [ 16.562171936000141, 46.490631104000045 ], [ 16.565961839000067, 46.487247468000078 ], [ 16.571277618000181, 46.483871460000159 ], [ 16.57799720800017, 46.481056212999988 ], [ 16.584312438999973, 46.479049682000152 ], [ 16.561485291000054, 46.479751587000067 ], [ 16.54675102300007, 46.486831666000114 ], [ 16.518770217000053, 46.490013122999983 ], [ 16.514387132000024, 46.498973846000069 ], [ 16.510454178000032, 46.502922058000081 ] ] ] ] } },
{ "type": "Feature", "properties": { "fid": 142, "GID_2": "SVN.9.14_1", "GID_0": "SVN", "COUNTRY": "Slovenia", "GID_1": "SVN.9_1", "NAME_1": "Pomurska", "NL_NAME_1": "NA", "NAME_2": "Moravske Toplice", "VARNAME_2": "NA", "NL_NAME_2": "NA", "TYPE_2": "Opcine", "ENGTYPE_2": "Commune|Municipality", "CC_2": "NA", "HASC_2": "SI.PM.MT" }, "geometry": { "type": "MultiPolygon", "coordinates": [ [ [ [ 16.310136788000023, 46.782673081000041 ], [ 16.310199737000175, 46.780956269000114 ], [ 16.314897537000036, 46.778217316000053 ], [ 16.318029403000139, 46.778305055000089 ], [ 16.325891494000075, 46.771820068000068 ], [ 16.324964523, 46.769802094000113 ], [ 16.321903230000146, 46.765197753000052 ], [ 16.320785522, 46.759788514000093 ], [ 16.318887711000116, 46.756401063000169 ], [ 16.324419022000086, 46.751586915000132 ], [ 16.331359862999989, 46.74994659400005 ], [ 16.333229065000126, 46.744667053000114 ], [ 16.337186813000187, 46.739845275000107 ], [ 16.339454650000164, 46.736587525 ], [ 16.344652176000181, 46.733097076000149 ], [ 16.346595764000028, 46.72890091000005 ], [ 16.348300934000065, 46.723396302000083 ], [ 16.351079942000126, 46.718811035000044 ], [ 16.353101729, 46.714447022000172 ], [ 16.359094620000178, 46.71607589600012 ], [ 16.364089966000108, 46.718093872999987 ], [ 16.367742538000186, 46.719944 ], [ 16.372255324000037, 46.716449739000041 ], [ 16.372610093000162, 46.71610260000017 ], [ 16.355262756, 46.707023622 ], [ 16.350131988000044, 46.703464508000081 ], [ 16.345020293000175, 46.703456880000147 ], [ 16.345001220000086, 46.699901581000063 ], [ 16.344963073000031, 46.692790985000045 ], [ 16.329645157000073, 46.696331024000131 ], [ 16.314287185000126, 46.692760468000131 ], [ 16.314270020000038, 46.689205170000093 ], [ 16.309158325000169, 46.689197541000112 ], [ 16.30913925200008, 46.685642243000075 ], [ 16.309083939, 46.674976350000179 ], [ 16.303968429000065, 46.674968720000095 ], [ 16.303911209000148, 46.664302825000163 ], [ 16.298799515000155, 46.664299012000129 ], [ 16.29878044100019, 46.660743713000045 ], [ 16.288537979000012, 46.657176971000126 ], [ 16.283424377000074, 46.657173156000113 ], [ 16.268127442000093, 46.664264679000041 ], [ 16.263013840000156, 46.664260865000074 ], [ 16.257844925000143, 46.653587341000161 ], [ 16.237415313000156, 46.657123566000053 ], [ 16.237432479000176, 46.660678863000157 ], [ 16.222097398000074, 46.660663605000138 ], [ 16.21187210100004, 46.660652161000087 ], [ 16.211891175000176, 46.664207458000192 ], [ 16.201667786000087, 46.664196015000186 ], [ 16.191480636000108, 46.67129516600005 ], [ 16.19149970899997, 46.674850464000087 ], [ 16.186388014999977, 46.674846649000187 ], [ 16.181276322000087, 46.674842834000117 ], [ 16.181295396000053, 46.67839813300003 ], [ 16.176296234000176, 46.699726105000082 ], [ 16.171182632000182, 46.699718475000168 ], [ 16.166074753000089, 46.699714662000133 ], [ 16.166091919000053, 46.703269959000068 ], [ 16.166130065, 46.710380554000153 ], [ 16.161018371000011, 46.710376739000083 ], [ 16.16111373800004, 46.7281532290001 ], [ 16.171356200000162, 46.731719972000064 ], [ 16.186674118000155, 46.72817993100017 ], [ 16.191822052000134, 46.735294342000032 ], [ 16.191900253000085, 46.749519348000035 ], [ 16.202125550000176, 46.749526978000119 ], [ 16.212352754000108, 46.749538422000171 ], [ 16.217464446000065, 46.749546052000085 ], [ 16.222669602000167, 46.767326355000137 ], [ 16.23289680400012, 46.767337799000018 ], [ 16.232952119000174, 46.778003693000073 ], [ 16.248327255000106, 46.785133362000124 ], [ 16.253440929000078, 46.785137128000088 ], [ 16.253494676000173, 46.785099631999969 ], [ 16.254016605000118, 46.784735512000054 ], [ 16.258527879000155, 46.781588875000011 ], [ 16.286827446000132, 46.781617363000066 ], [ 16.289205550000077, 46.781620025000109 ], [ 16.29122632900004, 46.784411695000188 ], [ 16.293635207000079, 46.787739515 ], [ 16.29435506100009, 46.788733977000049 ], [ 16.306176317000165, 46.784194081000123 ], [ 16.309383201000117, 46.782962454000085 ], [ 16.310136788000023, 46.782673081000041 ] ] ] ] } },
{ "type": "Feature", "properties": { "fid": 143, "GID_2": "SVN.9.15_1", "GID_0": "SVN", "COUNTRY": "Slovenia", "GID_1": "SVN.9_1", "NAME_1": "Pomurska", "NL_NAME_1": "NA", "NAME_2": "Murska Sobota", "VARNAME_2": "NA", "NL_NAME_2": "NA", "TYPE_2": "Opcine", "ENGTYPE_2": "Commune|Municipality", "CC_2": "NA", "HASC_2": "SI.PM.MS" }, "geometry": { "type": "MultiPolygon", "coordinates": [ [ [ [ 16.222097398000074, 46.660663605000138 ], [ 16.216928483000061, 46.649990082000102 ], [ 16.211816789000068, 46.649986267000088 ], [ 16.211795808000034, 46.646430970000154 ], [ 16.206682206000039, 46.646423340000069 ], [ 16.201572419000115, 46.646419525 ], [ 16.20155334500015, 46.642864228000121 ], [ 16.196441651000157, 46.64285659799998 ], [ 16.191328049, 46.642852783000137 ], [ 16.191289902000108, 46.635742187000119 ], [ 16.186178207000069, 46.635734559000014 ], [ 16.17595481800015, 46.6357269290001 ], [ 16.175897598000063, 46.625057221000134 ], [ 16.17078590400007, 46.62505340600012 ], [ 16.170764922999979, 46.621498109000186 ], [ 16.16565322800011, 46.621494294000115 ], [ 16.165634155000191, 46.617938995000031 ], [ 16.145126343000129, 46.607250214000032 ], [ 16.140014648999966, 46.607242584000062 ], [ 16.129791260000104, 46.607231141000113 ], [ 16.129810332999966, 46.610790253000062 ], [ 16.119586944000105, 46.61077880900018 ], [ 16.104228972000158, 46.607204437000064 ], [ 16.099155427000028, 46.614311218000182 ], [ 16.094100953000179, 46.624973297000111 ], [ 16.099269867000089, 46.635643005000077 ], [ 16.114645005, 46.642772674000184 ], [ 16.114683152000055, 46.649883269999975 ], [ 16.119796752000013, 46.649887085000046 ], [ 16.119831086000033, 46.656997680000131 ], [ 16.114719391000108, 46.656993865000061 ], [ 16.104496002000076, 46.656982422000112 ], [ 16.09944152800017, 46.667644502000144 ], [ 16.099460601000089, 46.671199798000146 ], [ 16.094348907000096, 46.671195983000132 ], [ 16.094367980000129, 46.674751282000045 ], [ 16.089292527000055, 46.681854248000093 ], [ 16.094423295000183, 46.685417175000111 ], [ 16.094444274000068, 46.688972474000195 ], [ 16.094463349000137, 46.692527770000027 ], [ 16.0944805150001, 46.69608306900011 ], [ 16.099594115000116, 46.696086884000181 ], [ 16.120042801000068, 46.696109773000046 ], [ 16.140489579000189, 46.69613265900017 ], [ 16.145605086000046, 46.696136474000184 ], [ 16.150756835000095, 46.703254700000116 ], [ 16.155868530000191, 46.703258515000186 ], [ 16.161018371000011, 46.710376739000083 ], [ 16.166130065, 46.710380554000153 ], [ 16.166091919000053, 46.703269959000068 ], [ 16.166074753000089, 46.699714662000133 ], [ 16.171182632000182, 46.699718475000168 ], [ 16.176296234000176, 46.699726105000082 ], [ 16.181295396000053, 46.67839813300003 ], [ 16.181276322000087, 46.674842834000117 ], [ 16.186388014999977, 46.674846649000187 ], [ 16.19149970899997, 46.674850464000087 ], [ 16.191480636000108, 46.67129516600005 ], [ 16.201667786000087, 46.664196015000186 ], [ 16.211891175000176, 46.664207458000192 ], [ 16.21187210100004, 46.660652161000087 ], [ 16.222097398000074, 46.660663605000138 ] ] ] ] } },
{ "type": "Feature", "properties": { "fid": 144, "GID_2": "SVN.9.16_1", "GID_0": "SVN", "COUNTRY": "Slovenia", "GID_1": "SVN.9_1", "NAME_1": "Pomurska", "NL_NAME_1": "NA", "NAME_2": "Odranci", "VARNAME_2": "NA", "NL_NAME_2": "NA", "TYPE_2": "Opcine", "ENGTYPE_2": "Commune|Municipality", "CC_2": "NA", "HASC_2": "SI.PM.OD" }, "geometry": { "type": "MultiPolygon", "coordinates": [ [ [ [ 16.247200012000178, 46.575355530000138 ], [ 16.24721908500004, 46.578914642000143 ], [ 16.242183684000054, 46.593128205000141 ], [ 16.24729537900015, 46.593135833000019 ], [ 16.247333526000034, 46.600246429000038 ], [ 16.257596969000019, 46.60736847000004 ], [ 16.267820358000108, 46.607379913000159 ], [ 16.272932053000034, 46.607383728000059 ], [ 16.278045654999971, 46.607387543000073 ], [ 16.283157349000135, 46.607395172999986 ], [ 16.288270951000129, 46.607398986000078 ], [ 16.293382646000055, 46.607406617000095 ], [ 16.293363570000054, 46.603851318000181 ], [ 16.283119202000137, 46.600284578000071 ], [ 16.27795028800017, 46.589611053000056 ], [ 16.272838593000074, 46.589607240000191 ], [ 16.272798539000178, 46.582496644 ], [ 16.262575150000089, 46.582485199000075 ], [ 16.257461548000094, 46.58247757100014 ], [ 16.257444382000131, 46.578922272000057 ], [ 16.257425308000109, 46.575366975000122 ], [ 16.252311706000171, 46.575363160000109 ], [ 16.247200012000178, 46.575355530000138 ] ] ] ] } },
{ "type": "Feature", "properties": { "fid": 145, "GID_2": "SVN.9.17_1", "GID_0": "SVN", "COUNTRY": "Slovenia", "GID_1": "SVN.9_1", "NAME_1": "Pomurska", "NL_NAME_1": "NA", "NAME_2": "Puconci", "VARNAME_2": "NA", "NL_NAME_2": "NA", "TYPE_2": "Opcine", "ENGTYPE_2": "Commune|Municipality", "CC_2": "NA", "HASC_2": "SI.PM.PU" }, "geometry": { "type": "MultiPolygon", "coordinates": [ [ [ [ 16.048530580000033, 46.706699372 ], [ 16.048587800000178, 46.717369079000093 ], [ 16.043474198000013, 46.717361451000158 ], [ 16.038400649999971, 46.724468232000106 ], [ 16.038440704000095, 46.731578828000124 ], [ 16.048662186000115, 46.731590271000073 ], [ 16.048681258999977, 46.735145569999986 ], [ 16.053794861000142, 46.735149385000057 ], [ 16.053815842, 46.738704682000161 ], [ 16.053833008000026, 46.742259980000142 ], [ 16.053850174000047, 46.745815277000077 ], [ 16.048835754000095, 46.763587952000194 ], [ 16.053947449000191, 46.763595581 ], [ 16.053968430000054, 46.767150879000042 ], [ 16.059076309000147, 46.767154695000158 ], [ 16.059116363000101, 46.774265290000073 ], [ 16.105089188000079, 46.767204285 ], [ 16.105184555000108, 46.784980775000179 ], [ 16.1102962490001, 46.784988403000114 ], [ 16.120521546000134, 46.784996033000027 ], [ 16.125766754000153, 46.809890747000168 ], [ 16.125862121000125, 46.82766723800006 ], [ 16.131010055000104, 46.834785461000081 ], [ 16.141237259000093, 46.834796907000168 ], [ 16.141216278, 46.831241608000028 ], [ 16.156517029999975, 46.824146270000085 ], [ 16.156478881000112, 46.81703567500017 ], [ 16.156459807000147, 46.813480378000065 ], [ 16.156440734000057, 46.809925079000152 ], [ 16.166664123000146, 46.809932709000066 ], [ 16.171718597000051, 46.799274445000151 ], [ 16.192169190000072, 46.79929351800007 ], [ 16.202335357000038, 46.788639069 ], [ 16.202297210000154, 46.781528473000037 ], [ 16.186941148000017, 46.777957916000105 ], [ 16.181772231000025, 46.767284393000068 ], [ 16.181753158000106, 46.763729096000134 ], [ 16.181734084000141, 46.760173798000153 ], [ 16.186845779000066, 46.760177613 ], [ 16.186826705000044, 46.756622314000083 ], [ 16.191936491999968, 46.756629944000053 ], [ 16.197052002000135, 46.756633759000067 ], [ 16.202125550000176, 46.749526978000119 ], [ 16.191900253000085, 46.749519348000035 ], [ 16.191822052000134, 46.735294342000032 ], [ 16.186674118000155, 46.72817993100017 ], [ 16.171356200000162, 46.731719972000064 ], [ 16.16111373800004, 46.7281532290001 ], [ 16.161018371000011, 46.710376739000083 ], [ 16.155868530000191, 46.703258515000186 ], [ 16.150756835000095, 46.703254700000116 ], [ 16.145605086000046, 46.696136474000184 ], [ 16.140489579000189, 46.69613265900017 ], [ 16.120042801000068, 46.696109773000046 ], [ 16.099594115000116, 46.696086884000181 ], [ 16.0944805150001, 46.69608306900011 ], [ 16.089372636000178, 46.696079254000097 ], [ 16.089389802000028, 46.69963455300018 ], [ 16.084274292000032, 46.699626923000096 ], [ 16.079202652000163, 46.706733704000044 ], [ 16.048530580000033, 46.706699372 ] ] ] ] } },
{ "type": "Feature", "properties": { "fid": 148, "GID_2": "SVN.9.20_1", "GID_0": "SVN", "COUNTRY": "Slovenia", "GID_1": "SVN.9_1", "NAME_1": "Pomurska", "NL_NAME_1": "NA", "NAME_2": "Rogašovci", "VARNAME_2": "NA", "NL_NAME_2": "NA", "TYPE_2": "Opcine", "ENGTYPE_2": "Commune|Municipality", "CC_2": "NA", "HASC_2": "SI.PM.RO" }, "geometry": { "type": "MultiPolygon", "coordinates": [ [ [ [ 16.030635696000047, 46.840533521000168 ], [ 16.030941360000099, 46.840290976000063 ], [ 16.031030325000074, 46.840212312000119 ], [ 16.031332952000184, 46.839944747000118 ], [ 16.031492797000169, 46.839776576000133 ], [ 16.031757167000023, 46.83957854099998 ], [ 16.031949438000026, 46.839354947000174 ], [ 16.032215671000074, 46.839151339000182 ], [ 16.03244444500001, 46.838940794000109 ], [ 16.032466343000067, 46.838916921000134 ], [ 16.032751263000023, 46.838605763000146 ], [ 16.032828505000168, 46.838413711999976 ], [ 16.03283032700017, 46.838345704000062 ], [ 16.032954146000179, 46.838076585000067 ], [ 16.033028308000098, 46.83791925200012 ], [ 16.0333392820001, 46.837683911000113 ], [ 16.033049983000012, 46.83751168100008 ], [ 16.033135838000135, 46.837423397 ], [ 16.033291015000088, 46.837263831000143 ], [ 16.033310557000107, 46.837238962000129 ], [ 16.033548875000122, 46.836936587000082 ], [ 16.033586820000153, 46.836855359000083 ], [ 16.033691220000037, 46.836706021000168 ], [ 16.033725608000054, 46.836651593000113 ], [ 16.033990107000022, 46.836497096000016 ], [ 16.034090986000081, 46.836414683000044 ], [ 16.034190999000089, 46.836370051000074 ], [ 16.034299560000136, 46.8362971950001 ], [ 16.034378410000102, 46.836191782000185 ], [ 16.034548450000102, 46.836096055000155 ], [ 16.034631950000119, 46.835979588000043 ], [ 16.034705955000106, 46.835920225000166 ], [ 16.034869565000122, 46.835849130000099 ], [ 16.034921021000116, 46.835813459000065 ], [ 16.034904116000064, 46.835793550000119 ], [ 16.034845165000036, 46.835724106000043 ], [ 16.034792726999967, 46.835662343000138 ], [ 16.034688761000098, 46.835592530000156 ], [ 16.034526373000176, 46.835514287000194 ], [ 16.034005529000069, 46.835395973000175 ], [ 16.033902787000045, 46.835389226000018 ], [ 16.033853219000036, 46.835368135000181 ], [ 16.033798280000042, 46.835369971000148 ], [ 16.033298877, 46.835215364000021 ], [ 16.033320076000109, 46.834751113000095 ], [ 16.033259157000089, 46.834390915000142 ], [ 16.03325132000009, 46.834291575000066 ], [ 16.033246057000099, 46.834224357000039 ], [ 16.033292708000147, 46.834015672000078 ], [ 16.033335728000111, 46.833823081000048 ], [ 16.033463787000187, 46.833637820000092 ], [ 16.03342954500016, 46.83345438300006 ], [ 16.03342202000016, 46.833346118000122 ], [ 16.033416193000107, 46.833262454000078 ], [ 16.033447002000116, 46.833049769000183 ], [ 16.033610449000037, 46.833124597000165 ], [ 16.033725265000101, 46.833186964000049 ], [ 16.033919676000153, 46.833292560000132 ], [ 16.034249287000137, 46.833425849000037 ], [ 16.034476606000055, 46.833542588000171 ], [ 16.034773599000175, 46.833690940000054 ], [ 16.034799771000053, 46.833704017000116 ], [ 16.035082859, 46.833858865000138 ], [ 16.035485504, 46.834013932000119 ], [ 16.035735623, 46.834150554000018 ], [ 16.035791993000089, 46.834181343000182 ], [ 16.035831457000143, 46.834197135000068 ], [ 16.035888619000048, 46.834219999000027 ], [ 16.035977801000172, 46.834255677000101 ], [ 16.036050279000108, 46.834284672000138 ], [ 16.036346867000134, 46.834403286000168 ], [ 16.036400890000095, 46.834424928000033 ], [ 16.036313815000085, 46.834477691000188 ], [ 16.036163047000059, 46.834717505000128 ], [ 16.036082786000065, 46.834794486000192 ], [ 16.036070341000027, 46.834816495000155 ], [ 16.036162434000062, 46.834994954000081 ], [ 16.036208141000031, 46.835264876000053 ], [ 16.036476746000119, 46.835338174000071 ], [ 16.036880747999987, 46.835246863000066 ], [ 16.037129234000133, 46.835190703000023 ], [ 16.037556132000077, 46.835207640000135 ], [ 16.03757079900015, 46.835208218000162 ], [ 16.03778467799998, 46.83528761600013 ], [ 16.03800986300007, 46.835371198000132 ], [ 16.038250730000186, 46.835518911000179 ], [ 16.038366297000096, 46.83558977600012 ], [ 16.038395694000087, 46.835607809000066 ], [ 16.03861826300016, 46.835733883000046 ], [ 16.039043145000107, 46.835974551000049 ], [ 16.039074901999982, 46.836000138000145 ], [ 16.039417644000139, 46.836276336000083 ], [ 16.039470089000076, 46.836318592 ], [ 16.039732328000014, 46.836359101000085 ], [ 16.039818910000122, 46.836372476 ], [ 16.040272948, 46.836243821000153 ], [ 16.040747517000113, 46.836392226000044 ], [ 16.040994337000086, 46.836469406000049 ], [ 16.040934339000103, 46.836533668000072 ], [ 16.04103448800015, 46.836656725000182 ], [ 16.040986777000171, 46.836809471000038 ], [ 16.040969647, 46.836864287000139 ], [ 16.041020880000076, 46.83696589800013 ], [ 16.041059532000077, 46.837018355999987 ], [ 16.041105841000103, 46.837109608000105 ], [ 16.041097337999986, 46.83727059600011 ], [ 16.041093568000065, 46.837342045000071 ], [ 16.041105565000066, 46.837411932000066 ], [ 16.041133791999982, 46.83757634300008 ], [ 16.041162703000168, 46.837744812000096 ], [ 16.041186397, 46.837800020000032 ], [ 16.041111592000107, 46.837862444000052 ], [ 16.041066062000084, 46.837942036000072 ], [ 16.041070161000164, 46.837959680999973 ], [ 16.041089256000021, 46.838040607000096 ], [ 16.041192986000112, 46.838132186000166 ], [ 16.041227368000079, 46.838150446000043 ], [ 16.041313069000182, 46.838181882000185 ], [ 16.04130435899998, 46.838361969000061 ], [ 16.041269623000119, 46.838409111000033 ], [ 16.041232509999986, 46.838459397000122 ], [ 16.041401767000082, 46.838531710000154 ], [ 16.041470242000116, 46.838548618000118 ], [ 16.041516970000089, 46.838582105000171 ], [ 16.041527313000131, 46.838589517000059 ], [ 16.041491032000067, 46.838655908000135 ], [ 16.041384006000101, 46.838760983000043 ], [ 16.041411909000033, 46.838789232000181 ], [ 16.041432119999968, 46.83880968700015 ], [ 16.041573751999977, 46.83882660200004 ], [ 16.041610044000151, 46.838830922000056 ], [ 16.041629811000121, 46.838836550000167 ], [ 16.041684914000143, 46.838877561000118 ], [ 16.041711553000084, 46.838897395000117 ], [ 16.041705418000049, 46.839013433000162 ], [ 16.041644563999967, 46.839114398000049 ], [ 16.04165378100015, 46.839131335000104 ], [ 16.041681705000144, 46.839182461000121 ], [ 16.04170116500012, 46.839218091000191 ], [ 16.042015271000025, 46.839295091000167 ], [ 16.041953555000077, 46.839361147000147 ], [ 16.041941944000087, 46.839374972000144 ], [ 16.041923787000087, 46.839396437000062 ], [ 16.041884150000101, 46.839443288000098 ], [ 16.041884222000078, 46.839454264000096 ], [ 16.042010594999965, 46.839505056000064 ], [ 16.042037075000053, 46.839530133000096 ], [ 16.041973706000022, 46.839732481000112 ], [ 16.041951064000102, 46.839773492000063 ], [ 16.04183402000001, 46.839985465000098 ], [ 16.041888672000084, 46.839989113000058 ], [ 16.042022089000056, 46.839998179000077 ], [ 16.042070326000044, 46.840145754000105 ], [ 16.042156022000029, 46.840203369 ], [ 16.042138748000184, 46.840241110000193 ], [ 16.042067338000152, 46.840359141000135 ], [ 16.042194237999979, 46.840385913000034 ], [ 16.042244525000172, 46.840396477000183 ], [ 16.042275223000047, 46.840393046000145 ], [ 16.04233417, 46.84035424200016 ], [ 16.042460638000023, 46.840387851000173 ], [ 16.042567091000024, 46.840437781000048 ], [ 16.042899673000022, 46.84063969500005 ], [ 16.043363172000056, 46.84087801700008 ], [ 16.043392327999982, 46.840893024000138 ], [ 16.043967413000075, 46.841056865000098 ], [ 16.044030417000101, 46.841116851000095 ], [ 16.04415265, 46.841109603 ], [ 16.044305049000116, 46.841100542000106 ], [ 16.044436662000066, 46.841153413000086 ], [ 16.044664250000096, 46.841156775 ], [ 16.044707589000041, 46.84115743000018 ], [ 16.044728620000058, 46.841157748 ], [ 16.04475187900016, 46.841132208000033 ], [ 16.044785595000064, 46.841095186000189 ], [ 16.044809964000081, 46.841099131000078 ], [ 16.044840351000175, 46.841104051000116 ], [ 16.044856982000056, 46.841072357000144 ], [ 16.044880753000143, 46.841027053000118 ], [ 16.044936186000029, 46.841027253000163 ], [ 16.044963087000042, 46.841027350000047 ], [ 16.045156220000081, 46.840927707000105 ], [ 16.045561022000015, 46.840718839000033 ], [ 16.045570395000027, 46.840673247000154 ], [ 16.045579194000084, 46.840630449000173 ], [ 16.045671217000177, 46.840250041000161 ], [ 16.045708836000188, 46.840094498000155 ], [ 16.045754890000069, 46.840016579000178 ], [ 16.04576744600007, 46.839995325000189 ], [ 16.045941689000188, 46.839700050000033 ], [ 16.045982848000108, 46.839652382000168 ], [ 16.046088893999979, 46.839508255000055 ], [ 16.046098006000022, 46.839495863000081 ], [ 16.046323957000027, 46.839485724000042 ], [ 16.046539227000039, 46.839462180000055 ], [ 16.047037982, 46.83940762400016 ], [ 16.047233966000078, 46.839583994000179 ], [ 16.047273002999987, 46.839565379000135 ], [ 16.047844498000131, 46.839292684000043 ], [ 16.048306184000126, 46.839255781000134 ], [ 16.04898770900013, 46.839422469000056 ], [ 16.049318714000094, 46.839354828000069 ], [ 16.049578222000036, 46.839146035000113 ], [ 16.049740922000183, 46.839021928000022 ], [ 16.050132017000124, 46.838695876000088 ], [ 16.05017415400016, 46.838660714000184 ], [ 16.050456334000046, 46.838427504000094 ], [ 16.050814144000185, 46.83824823600014 ], [ 16.049217224000017, 46.834697724000193 ], [ 16.049179078000066, 46.827587129000108 ], [ 16.049161912000045, 46.824031830000195 ], [ 16.049121857000046, 46.816921234000176 ], [ 16.049104691000025, 46.813365937000071 ], [ 16.043855668000162, 46.788471221000179 ], [ 16.043836595000073, 46.784915924000074 ], [ 16.043758390999983, 46.770694733000141 ], [ 16.053968430000054, 46.767150879000042 ], [ 16.053947449000191, 46.763595581 ], [ 16.048835754000095, 46.763587952000194 ], [ 16.007936478000033, 46.763545991000171 ], [ 16.007974624000155, 46.770656586000086 ], [ 15.997769356000049, 46.774200440000072 ], [ 15.997806548000142, 46.781311036000034 ], [ 15.992694856000128, 46.781307220000087 ], [ 15.990879871000175, 46.780047398000136 ], [ 15.990765159000091, 46.78021364 ], [ 15.990679422000028, 46.780351300000063 ], [ 15.990634530000023, 46.780470639000043 ], [ 15.990603936000127, 46.780586243000016 ], [ 15.990595722000023, 46.780704523000054 ], [ 15.990608592000171, 46.780843287000152 ], [ 15.990612025000189, 46.780880184000125 ], [ 15.990663210000093, 46.781028060000097 ], [ 15.990739655000084, 46.781178530000091 ], [ 15.990913849000151, 46.781424657000116 ], [ 15.991051784000092, 46.781622634000087 ], [ 15.991246618000048, 46.78190228800014 ], [ 15.991592149000098, 46.78239228200016 ], [ 15.991661176000036, 46.782494598000085 ], [ 15.991689454999971, 46.782537865000052 ], [ 15.991753360000018, 46.782621724000137 ], [ 15.99212626700006, 46.783153991000063 ], [ 15.992224450000094, 46.783306146000086 ], [ 15.992296302, 46.783417736000104 ], [ 15.992452446000129, 46.78368323900014 ], [ 15.992611325000041, 46.783972051000035 ], [ 15.992750057000023, 46.784257383000011 ], [ 15.99289371500015, 46.784592571000076 ], [ 15.993044691000023, 46.785014057000126 ], [ 15.993124354000145, 46.785237858000073 ], [ 15.993257813000071, 46.785612690000164 ], [ 15.993305183000075, 46.785744360000024 ], [ 15.993390784000155, 46.785982122000178 ], [ 15.993409063000172, 46.786033096000153 ], [ 15.993441916000108, 46.786128017000067 ], [ 15.993528052000158, 46.786376847000042 ], [ 15.99355558700006, 46.786455468000099 ], [ 15.993615676000104, 46.786626760000047 ], [ 15.993663281000067, 46.786762839 ], [ 15.993666756999971, 46.786772565000149 ], [ 15.993808837000017, 46.787173242000165 ], [ 15.993966255000089, 46.787613908000026 ], [ 15.994012458999975, 46.787743955000053 ], [ 15.994113366000079, 46.788027735000071 ], [ 15.994251590000147, 46.78843838500012 ], [ 15.994337193000035, 46.788760894000063 ], [ 15.994368672000064, 46.788879291000171 ], [ 15.994460432000039, 46.78936870300015 ], [ 15.994487621000076, 46.789565358000175 ], [ 15.994498522000185, 46.78964428900008 ], [ 15.994528296000112, 46.789846619000116 ], [ 15.99454387000003, 46.789952824000068 ], [ 15.994580779000103, 46.790208254000106 ], [ 15.994587674000059, 46.790257396000072 ], [ 15.994626167000149, 46.790531544000032 ], [ 15.994640404000165, 46.790629828000135 ], [ 15.994664836000084, 46.790798494000057 ], [ 15.99470790099997, 46.791095686000176 ], [ 15.994754736000061, 46.791439222000179 ], [ 15.994797163999976, 46.791733893000128 ], [ 15.994837515000029, 46.792025409000075 ], [ 15.994884492000097, 46.792325761000029 ], [ 15.994922916000121, 46.792611244000113 ], [ 15.99494656000013, 46.792772181000032 ], [ 15.994967516000088, 46.792914739000139 ], [ 15.99500794000005, 46.793194920000133 ], [ 15.995022344000176, 46.793300311000053 ], [ 15.99505315600004, 46.793525764000151 ], [ 15.995096821, 46.793832224000084 ], [ 15.995107303000168, 46.794040885000015 ], [ 15.995101365000039, 46.794236091000187 ], [ 15.995082920000186, 46.794420195000157 ], [ 15.995068847000027, 46.79449185600015 ], [ 15.995050449000075, 46.794584915000087 ], [ 15.995011267000052, 46.794733422000036 ], [ 15.994953449000036, 46.794908323000016 ], [ 15.994893266000133, 46.795063335000066 ], [ 15.994860250000045, 46.79512873200008 ], [ 15.994807974000025, 46.795232307000049 ], [ 15.994723616000158, 46.795377710000082 ], [ 15.99462402000006, 46.795529726000041 ], [ 15.994552669000086, 46.795648089000167 ], [ 15.994514171000105, 46.795729033999976 ], [ 15.994472965999989, 46.795844696000131 ], [ 15.994460121000088, 46.795950098000162 ], [ 15.994479624, 46.796098778000044 ], [ 15.994565115000057, 46.796378372000106 ], [ 15.994593280000174, 46.796545521000155 ], [ 15.99459690600014, 46.796698382000102 ], [ 15.994572543000174, 46.796864924000033 ], [ 15.994538580000096, 46.796995454000182 ], [ 15.994473773000152, 46.797156209000036 ], [ 15.994383745000164, 46.79730672400018 ], [ 15.994236579000074, 46.797502142000155 ], [ 15.994031470000039, 46.797766121000052 ], [ 15.993906133999985, 46.797927237000067 ], [ 15.993791312999974, 46.798103497000113 ], [ 15.993726969000022, 46.798231687000055 ], [ 15.993678084000123, 46.798359741000127 ], [ 15.993636430000038, 46.79850446100005 ], [ 15.993622518000166, 46.79863352000018 ], [ 15.993624958000169, 46.798765955000192 ], [ 15.993630809000024, 46.79887716900015 ], [ 15.993654866000156, 46.799030631000051 ], [ 15.993701719000057, 46.799184070000081 ], [ 15.993778184000064, 46.799357570000041 ], [ 15.99388229300007, 46.799551753000173 ], [ 15.993907162000085, 46.799624159000132 ], [ 15.993946105000191, 46.799737541000127 ], [ 15.99396699600004, 46.799915463000104 ], [ 15.993972836000182, 46.800111694000066 ], [ 15.993980134000083, 46.800388718000079 ], [ 15.993969356000093, 46.800582020999968 ], [ 15.993949558000054, 46.800751006000041 ], [ 15.993907923000052, 46.800955103000149 ], [ 15.993830871000057, 46.801207676000161 ], [ 15.99372506900005, 46.801490032000061 ], [ 15.993629770000041, 46.801727346000177 ], [ 15.993514021000124, 46.802028745000143 ], [ 15.993426869000018, 46.802324381000119 ], [ 15.99340101100006, 46.802456642000095 ], [ 15.993386939000118, 46.802569237000114 ], [ 15.993376806000072, 46.802784313000132 ], [ 15.993378203000077, 46.802874552000048 ], [ 15.993388957000093, 46.803205565000155 ], [ 15.993419621000157, 46.803433447000032 ], [ 15.99347345100017, 46.803644575000078 ], [ 15.993546167000147, 46.803852429000074 ], [ 15.993630824000149, 46.804036929000063 ], [ 15.993677720000107, 46.80412172500013 ], [ 15.99372617, 46.804209315000094 ], [ 15.993814658000076, 46.804347044000053 ], [ 15.993913375000147, 46.804483813000047 ], [ 15.994030528000167, 46.804626305000113 ], [ 15.994086220000156, 46.804685487000029 ], [ 15.994184368000106, 46.804789777000167 ], [ 15.994342121000102, 46.804935448000037 ], [ 15.99450751400019, 46.805074393999973 ], [ 15.994697409000025, 46.805213772000172 ], [ 15.994845232000046, 46.805313620000049 ], [ 15.995037506000187, 46.805428893999988 ], [ 15.995220069000084, 46.8055257850001 ], [ 15.995398499000089, 46.805613488000176 ], [ 15.995602592000012, 46.805703785000105 ], [ 15.99584016700004, 46.805824858999983 ], [ 15.995959120000066, 46.80591139600017 ], [ 15.99606788799997, 46.806013467000128 ], [ 15.996157144999984, 46.806134553000049 ], [ 15.99623837200005, 46.806303656000068 ], [ 15.99631102900014, 46.806481461000146 ], [ 15.996346538000125, 46.806565233000129 ], [ 15.996422659000132, 46.806754833000014 ], [ 15.996439420000172, 46.806798605000097 ], [ 15.996453380000105, 46.806829234000077 ], [ 15.996496107000155, 46.806932189000122 ], [ 15.996559925000099, 46.807056889000137 ], [ 15.99663111600006, 46.807154891000096 ], [ 15.996698928000171, 46.807227691000094 ], [ 15.996803197000133, 46.807316343000139 ], [ 15.99696202500013, 46.807417751000173 ], [ 15.997361406999971, 46.80760578100012 ], [ 15.997572283000011, 46.807702851000158 ], [ 15.997871221000082, 46.80784046500014 ], [ 15.998100826000154, 46.807960341000125 ], [ 15.998298655999974, 46.808091010000169 ], [ 15.998317746000168, 46.80810590100009 ], [ 15.998485776, 46.808237029999987 ], [ 15.998664104000056, 46.808406866000041 ], [ 15.998793398000089, 46.808560004000071 ], [ 15.998844532000021, 46.808635184000082 ], [ 15.998925453000084, 46.808754174000171 ], [ 15.999037619000092, 46.808986431000108 ], [ 15.999093589000154, 46.809173631000135 ], [ 15.999138034000168, 46.80938113000019 ], [ 15.999174821000111, 46.809576911000136 ], [ 15.999186076000058, 46.809695535000174 ], [ 15.999197207000179, 46.809812954 ], [ 15.99919145400014, 46.810149675000105 ], [ 15.999150673000031, 46.810492592000116 ], [ 15.999096713000029, 46.8107211250001 ], [ 15.998967991000029, 46.811087625000084 ], [ 15.998859624000033, 46.811320048000027 ], [ 15.998699357000191, 46.811595951000186 ], [ 15.998572831000047, 46.811776950000137 ], [ 15.998390721000078, 46.811982707000027 ], [ 15.99822008100017, 46.812134517000175 ], [ 15.997996703000126, 46.812296069000013 ], [ 15.997838776000151, 46.812426416000051 ], [ 15.997693655000091, 46.812604480000061 ], [ 15.997540647000051, 46.812786255000105 ], [ 15.997510547000047, 46.81282201700003 ], [ 15.997319075, 46.813014700000053 ], [ 15.997190861999968, 46.813128579000193 ], [ 15.99716714300007, 46.813149651000117 ], [ 15.996847715000115, 46.813393326000153 ], [ 15.996541892000096, 46.813619498000037 ], [ 15.996446568000067, 46.813712151000118 ], [ 15.996364983000149, 46.813829315000078 ], [ 15.99635406900012, 46.813849992000087 ], [ 15.996291647000135, 46.813968365000051 ], [ 15.996203006000144, 46.814103051000131 ], [ 15.996073851, 46.814219984000147 ], [ 15.995864223000069, 46.81435980100008 ], [ 15.995724298000141, 46.814459519000138 ], [ 15.995637332000058, 46.814535643000056 ], [ 15.995576467000092, 46.814628937000123 ], [ 15.995516949000148, 46.814758040000072 ], [ 15.995426619000114, 46.814868880000176 ], [ 15.995269002000157, 46.814968546000102 ], [ 15.995057923000161, 46.815067152999973 ], [ 15.994962643000122, 46.815131376000068 ], [ 15.994879960000105, 46.815234591000149 ], [ 15.994820163000043, 46.815345250000178 ], [ 15.994730154000138, 46.815446194000174 ], [ 15.994588596000142, 46.815533941000069 ], [ 15.994471637000174, 46.815586135000103 ], [ 15.994349085000124, 46.815652166000177 ], [ 15.994245477999982, 46.815727159000062 ], [ 15.994191143000023, 46.815823351 ], [ 15.994157193000092, 46.815929048000157 ], [ 15.994088692, 46.816089792000128 ], [ 15.993976254000131, 46.816193548 ], [ 15.993798711000068, 46.816293062000057 ], [ 15.993632890000129, 46.816383165000161 ], [ 15.993528910000066, 46.816454648000104 ], [ 15.993450250000137, 46.816521708000153 ], [ 15.993318487000124, 46.816676505000089 ], [ 15.993219688000067, 46.816819885000086 ], [ 15.993100772000162, 46.816953040000158 ], [ 15.992968123000082, 46.817060783000102 ], [ 15.992852161000087, 46.817128389000175 ], [ 15.992821198000115, 46.817146442000194 ], [ 15.992841908000059, 46.817166566000083 ], [ 15.992940114000191, 46.817279476000181 ], [ 15.993099391000101, 46.817462596000041 ], [ 15.992976242000168, 46.817614360000164 ], [ 15.99294063300016, 46.817658247000168 ], [ 15.992771928000138, 46.817851169000107 ], [ 15.992640604000087, 46.817997691000187 ], [ 15.992277684000101, 46.818417374000148 ], [ 15.992221756000049, 46.818430874000057 ], [ 15.992019636000066, 46.818479671000091 ], [ 15.991890373000103, 46.818548468000188 ], [ 15.991716030000134, 46.818786687000056 ], [ 15.99166153699997, 46.818861132000109 ], [ 15.991387750000172, 46.81901992000013 ], [ 15.991000548000102, 46.819244476000051 ], [ 15.990756902000044, 46.819246265000118 ], [ 15.990749711000035, 46.81930544100004 ], [ 15.990703085000121, 46.819362699000123 ], [ 15.990628217000108, 46.81940907600017 ], [ 15.990516928000034, 46.819433213000082 ], [ 15.990433771000028, 46.819443670000169 ], [ 15.990397110000117, 46.819417650000162 ], [ 15.990281353, 46.819422882000026 ], [ 15.990224406000038, 46.819454109000048 ], [ 15.989907133000145, 46.819513344000086 ], [ 15.989707006, 46.819534064000038 ], [ 15.989419352000027, 46.819593027000167 ], [ 15.989387199000134, 46.819620460000067 ], [ 15.989306457000168, 46.819704307000165 ], [ 15.98925183800003, 46.81976102800013 ], [ 15.989034464000156, 46.819958296000095 ], [ 15.989049229000045, 46.8199652670001 ], [ 15.989201230999981, 46.820051461000105 ], [ 15.989220398999976, 46.82039527400002 ], [ 15.989114770000015, 46.820415198000092 ], [ 15.988829203000137, 46.820515909000164 ], [ 15.988565272000073, 46.820717265000098 ], [ 15.988372780000134, 46.821285351000029 ], [ 15.988494065000111, 46.821441175000132 ], [ 15.988646236000022, 46.821603930000038 ], [ 15.988360748, 46.821854971000107 ], [ 15.988258114000018, 46.822098466000114 ], [ 15.988242171000024, 46.822136292000039 ], [ 15.988250745000073, 46.822332621000044 ], [ 15.988285055000063, 46.822470254000109 ], [ 15.98830007000015, 46.822530512000128 ], [ 15.988464492000048, 46.822970845000043 ], [ 15.988484528000129, 46.823117008000168 ], [ 15.988326373000064, 46.823503865000134 ], [ 15.988178681000136, 46.823865131000161 ], [ 15.98809410400014, 46.824260001000141 ], [ 15.988072536000118, 46.824557898000194 ], [ 15.988020570000117, 46.824772307000103 ], [ 15.987975046000088, 46.82484054300005 ], [ 15.988040627000089, 46.82503812300007 ], [ 15.988123632000111, 46.82521659300005 ], [ 15.987914113000102, 46.82530871400013 ], [ 15.987780923000059, 46.82539395800012 ], [ 15.98760302200003, 46.825808518000088 ], [ 15.987449268000091, 46.826197779999973 ], [ 15.987583157000074, 46.826249283999971 ], [ 15.987613956000018, 46.826351937000027 ], [ 15.987587815000097, 46.826473256000043 ], [ 15.987518329000011, 46.826594463000049 ], [ 15.987499068000091, 46.826628051000171 ], [ 15.987382205000131, 46.826762554000027 ], [ 15.987309892000098, 46.82687857000019 ], [ 15.987262397000165, 46.82698800300011 ], [ 15.986859248000087, 46.826920660000098 ], [ 15.986929694000082, 46.827115376000052 ], [ 15.987018362000128, 46.827187707000121 ], [ 15.987000436000073, 46.82722354800012 ], [ 15.986924800000054, 46.827285665000034 ], [ 15.986821909000128, 46.827346169000066 ], [ 15.986713198000132, 46.827373999000031 ], [ 15.986593591000087, 46.827384073000189 ], [ 15.986580316000129, 46.82738987100015 ], [ 15.98653076100004, 46.827411501000142 ], [ 15.986503755000115, 46.827493737 ], [ 15.986471555000094, 46.82754788800014 ], [ 15.986466356000108, 46.827602031000083 ], [ 15.986428537999984, 46.827653376000171 ], [ 15.986638405000065, 46.827692156000182 ], [ 15.986974783000164, 46.827789078000194 ], [ 15.987148691000186, 46.827773680000178 ], [ 15.987310001000026, 46.827903356000093 ], [ 15.987527827000122, 46.828111743000193 ], [ 15.987750940000183, 46.828292975000068 ], [ 15.988162386000113, 46.82854054 ], [ 15.988250012000094, 46.828612235000037 ], [ 15.988443374000099, 46.828609130000189 ], [ 15.988554998999973, 46.828699790000087 ], [ 15.988785818000167, 46.828845328 ], [ 15.98911240000001, 46.828979459000038 ], [ 15.989236561999974, 46.829036510000037 ], [ 15.989246890000118, 46.829040850000013 ], [ 15.989567962000081, 46.829175871000132 ], [ 15.990262384000118, 46.829512802000181 ], [ 15.990456154000185, 46.829631506000055 ], [ 15.990690360000031, 46.829823112000099 ], [ 15.990672381000024, 46.82985512099998 ], [ 15.990483476000122, 46.830191392000188 ], [ 15.990441898000086, 46.830265416000088 ], [ 15.990329731000088, 46.830465099000037 ], [ 15.990130303000115, 46.830822739000098 ], [ 15.990170059000036, 46.830858124000144 ], [ 15.990393220000101, 46.831035123000106 ], [ 15.990490783000098, 46.831101630000035 ], [ 15.990878756000143, 46.83136611700013 ], [ 15.991066622000062, 46.83152825500008 ], [ 15.991163758000084, 46.831652067000164 ], [ 15.991297050000128, 46.831779765000078 ], [ 15.991553739000153, 46.831962709000095 ], [ 15.991664937999985, 46.83206029300004 ], [ 15.99176917200009, 46.832202209000059 ], [ 15.991926334000141, 46.832349049000129 ], [ 15.992010641000093, 46.832470573000023 ], [ 15.992041554000082, 46.832536609000158 ], [ 15.99208881300018, 46.832670977000078 ], [ 15.992139235000081, 46.832740580000063 ], [ 15.992142733000037, 46.832767759000092 ], [ 15.992129500999965, 46.832807844000172 ], [ 15.992131940000093, 46.833002535000162 ], [ 15.992118199000117, 46.833060970000133 ], [ 15.99207882800016, 46.833171599000138 ], [ 15.992227091000075, 46.833275050000054 ], [ 15.992693739000117, 46.83342605100006 ], [ 15.992992289000142, 46.833521222 ], [ 15.993289165000022, 46.833569965000038 ], [ 15.993514957000059, 46.83362407400017 ], [ 15.993935224000097, 46.833647093000025 ], [ 15.994183177000082, 46.833742021000091 ], [ 15.994401280000091, 46.833914319000144 ], [ 15.994614040000101, 46.834144178000031 ], [ 15.994876193000039, 46.834441925000078 ], [ 15.995127236000144, 46.834683312000095 ], [ 15.995282103000079, 46.834832222000159 ], [ 15.995402268000134, 46.834944312000175 ], [ 15.99543726100012, 46.83502758700007 ], [ 15.995464528000127, 46.835092487000111 ], [ 15.99552509800003, 46.835133690000191 ], [ 15.99617532200017, 46.835218914000166 ], [ 15.996286525000016, 46.835192702000143 ], [ 15.996545901, 46.835244475000025 ], [ 15.996796395000104, 46.835434155000087 ], [ 15.996822817000179, 46.835454160000097 ], [ 15.997040888000186, 46.835619283000142 ], [ 15.997177814000167, 46.835722964000126 ], [ 15.997227981000151, 46.835736273000066 ], [ 15.997286838000093, 46.835751893000122 ], [ 15.997398074999978, 46.835677954000118 ], [ 15.997484379000014, 46.835620585000072 ], [ 15.9976126520001, 46.835535315000129 ], [ 15.997813764, 46.835365062000164 ], [ 15.998294892000047, 46.835237642000095 ], [ 15.99847096000002, 46.835173384000143 ], [ 15.998588289000054, 46.835046967000039 ], [ 15.998839735999979, 46.834855717000039 ], [ 15.999170569000114, 46.834525435000046 ], [ 15.999302676000127, 46.834404189000168 ], [ 15.999537495000084, 46.834142956000107 ], [ 15.999592555000049, 46.834081702000049 ], [ 15.999662563000129, 46.833996260000049 ], [ 15.999697871000023, 46.833967934000043 ], [ 15.999888030000022, 46.833765079000045 ], [ 16.000194098000122, 46.833430852000163 ], [ 16.000245141, 46.833380621 ], [ 16.00049583200007, 46.833118564000074 ], [ 16.00067484300007, 46.832979460000161 ], [ 16.000923635000049, 46.832824841000047 ], [ 16.001235039000051, 46.832631305000177 ], [ 16.001268875000164, 46.832607382000106 ], [ 16.00173430600006, 46.832277392000151 ], [ 16.002550687000166, 46.831877703000032 ], [ 16.003013219000081, 46.831740313000182 ], [ 16.003496903000155, 46.831637799000077 ], [ 16.003881396000054, 46.831635219000191 ], [ 16.004265496000016, 46.831632635000176 ], [ 16.004361201000052, 46.83158792800009 ], [ 16.004651352000167, 46.831600277000177 ], [ 16.00519089200003, 46.831602454000063 ], [ 16.00532302400012, 46.831603013 ], [ 16.005615959000124, 46.831674915000121 ], [ 16.005627477000189, 46.831677746000082 ], [ 16.005664390000163, 46.831686758000103 ], [ 16.005755456000031, 46.831671635000191 ], [ 16.00598486500013, 46.831605898000191 ], [ 16.006182407000097, 46.831541868000045 ], [ 16.006318460999978, 46.831479371000114 ], [ 16.00653177200013, 46.83143068000004 ], [ 16.006603830000074, 46.831415592000042 ], [ 16.006767897000032, 46.831381153000166 ], [ 16.006904310000039, 46.831345647000035 ], [ 16.006916664000187, 46.83134046400005 ], [ 16.007032968000033, 46.831292125000061 ], [ 16.007221529000105, 46.831238863000067 ], [ 16.007383741000012, 46.831207478000067 ], [ 16.007651650000071, 46.83119087700004 ], [ 16.008119055000122, 46.831155141000067 ], [ 16.008130984000104, 46.831153105999988 ], [ 16.008310507000147, 46.831122488000119 ], [ 16.008478297000181, 46.831078882000099 ], [ 16.008701743000188, 46.830994383000132 ], [ 16.008725036999977, 46.83098556900012 ], [ 16.008739505000108, 46.831021056000111 ], [ 16.008878789000107, 46.831052849000173 ], [ 16.009043234000103, 46.831085702000109 ], [ 16.008999124000184, 46.831155570000021 ], [ 16.008993340000075, 46.831164729000193 ], [ 16.00915113200017, 46.831454052000026 ], [ 16.009016594000059, 46.831526722000035 ], [ 16.009213142000135, 46.831801940000048 ], [ 16.009012608999967, 46.831949274000181 ], [ 16.00906204000006, 46.831947525000089 ], [ 16.00914523300014, 46.832005571000138 ], [ 16.009396242000037, 46.832112116000133 ], [ 16.009588222000104, 46.83207937300017 ], [ 16.009634085000073, 46.832060160000083 ], [ 16.00968218100013, 46.832062635000057 ], [ 16.009736758000145, 46.83209877500019 ], [ 16.009816365000063, 46.832180148000077 ], [ 16.009902235000027, 46.832222584000021 ], [ 16.009931715000164, 46.832268819000035 ], [ 16.009938355000031, 46.832276395000122 ], [ 16.010015172000067, 46.832363968000038 ], [ 16.0100980630001, 46.832422318000056 ], [ 16.01012866800005, 46.832477643000118 ], [ 16.010221554999987, 46.83255266599997 ], [ 16.010307670000088, 46.832707467000091 ], [ 16.010398310000141, 46.832763681000131 ], [ 16.010653271000024, 46.83300595500009 ], [ 16.010797062999984, 46.833117826000034 ], [ 16.010844406000103, 46.83313640200015 ], [ 16.010898551000082, 46.833157696000114 ], [ 16.010994672000095, 46.833240194000041 ], [ 16.011047057000098, 46.833402098000136 ], [ 16.011105936999968, 46.833486561000086 ], [ 16.01120156800016, 46.833585431000074 ], [ 16.01133429500004, 46.833750439000084 ], [ 16.01143464800009, 46.833892865000109 ], [ 16.011472818000072, 46.833954958000049 ], [ 16.011529037000173, 46.834046250000142 ], [ 16.011559314000124, 46.834069096000064 ], [ 16.011590504000026, 46.834092754000039 ], [ 16.011656863000098, 46.834220061 ], [ 16.011713973000042, 46.834271951000062 ], [ 16.011772386000132, 46.834325013000182 ], [ 16.011775093000097, 46.834398702000158 ], [ 16.011853455, 46.834623923000038 ], [ 16.011943454000118, 46.834700286000043 ], [ 16.011988062000057, 46.83473819600016 ], [ 16.012111428000139, 46.834847129000195 ], [ 16.012282506000076, 46.83493532500006 ], [ 16.012408594000021, 46.834961768000028 ], [ 16.012473863000025, 46.835008463000065 ], [ 16.012541210000165, 46.83501449900001 ], [ 16.012597253000081, 46.835047583000119 ], [ 16.012628600000141, 46.835067013000128 ], [ 16.012727792000135, 46.835052897000025 ], [ 16.01277453400013, 46.835084965000192 ], [ 16.012834734000137, 46.83505823400003 ], [ 16.012967606000075, 46.835090184000137 ], [ 16.013027513000168, 46.835157015000107 ], [ 16.013102922000087, 46.835174049000102 ], [ 16.01330377000005, 46.835260707000145 ], [ 16.013535717000138, 46.835364994000145 ], [ 16.013785850000147, 46.835563489000151 ], [ 16.013917065000044, 46.835667619000048 ], [ 16.014165296999977, 46.835864615000048 ], [ 16.014206269000169, 46.835897116000126 ], [ 16.014586930000121, 46.836237342000061 ], [ 16.015019204000055, 46.836429720000126 ], [ 16.015454084000112, 46.836492103000069 ], [ 16.015529002000108, 46.836459565000041 ], [ 16.016219023000076, 46.83660731000009 ], [ 16.016280561000031, 46.836620526000104 ], [ 16.016477428000087, 46.836628178000069 ], [ 16.016800750000186, 46.83642161500012 ], [ 16.017216554000129, 46.836406121000039 ], [ 16.017273385000124, 46.836417523000136 ], [ 16.017663756000161, 46.836536272999979 ], [ 16.018133730000159, 46.836695996000174 ], [ 16.018869129000166, 46.836707644000057 ], [ 16.019184424000059, 46.836662269000101 ], [ 16.019384623000178, 46.83668297000014 ], [ 16.019676514000082, 46.836897346000114 ], [ 16.019480397000109, 46.837053346000062 ], [ 16.019453397000177, 46.837074864000044 ], [ 16.019448289000138, 46.837094174000072 ], [ 16.01944535400014, 46.83710524900016 ], [ 16.019567440000117, 46.83712231800007 ], [ 16.019694522000179, 46.837182132000066 ], [ 16.019843417000118, 46.837210609000181 ], [ 16.020029087000012, 46.837227580999979 ], [ 16.020140418000096, 46.837223208000069 ], [ 16.020271273, 46.83715258400008 ], [ 16.020414279000136, 46.83720191499998 ], [ 16.020496766000122, 46.837265386000183 ], [ 16.02056785100001, 46.837283123000134 ], [ 16.020620984000061, 46.837299281000071 ], [ 16.020659344000023, 46.837330874000088 ], [ 16.020814561000179, 46.837512756000081 ], [ 16.020915452000111, 46.837590671000044 ], [ 16.020929391000095, 46.837628494000057 ], [ 16.020979110000042, 46.837668393000058 ], [ 16.021020346000057, 46.837701523000135 ], [ 16.02105953400013, 46.837726100000111 ], [ 16.021083359000045, 46.837732193000193 ], [ 16.021148321000112, 46.837720765000142 ], [ 16.021358991000113, 46.837767851000137 ], [ 16.021374454000068, 46.837791644000049 ], [ 16.021316368000043, 46.837883519000115 ], [ 16.021223691000102, 46.837926809000123 ], [ 16.021216859000106, 46.837952069999972 ], [ 16.021284055000137, 46.837985090000075 ], [ 16.021314073000156, 46.838008293000087 ], [ 16.021334017000186, 46.838073482000084 ], [ 16.021408027000064, 46.838106970000183 ], [ 16.021448655000086, 46.838132001000019 ], [ 16.021471778000148, 46.838146188000053 ], [ 16.021477195000102, 46.838229600000034 ], [ 16.021511946000089, 46.838250747000075 ], [ 16.021540701000049, 46.838356803000181 ], [ 16.021598585000049, 46.838390337000078 ], [ 16.021655974000112, 46.838464264000095 ], [ 16.021651273000145, 46.838551697000128 ], [ 16.021705480000094, 46.838609151000071 ], [ 16.021781211000075, 46.838640126000087 ], [ 16.021877608000125, 46.838656671000138 ], [ 16.021961555000075, 46.838649406000116 ], [ 16.021996578000028, 46.838646379000124 ], [ 16.022044812000104, 46.838557536000167 ], [ 16.022153606000074, 46.838538849000145 ], [ 16.022222870000121, 46.838508989000161 ], [ 16.022301513000116, 46.838512351000077 ], [ 16.02246668600003, 46.838606183000195 ], [ 16.022589696000068, 46.838622981000185 ], [ 16.022621848000085, 46.838640251000186 ], [ 16.022542830000077, 46.838724513000045 ], [ 16.022581, 46.838789751000093 ], [ 16.022640039000066, 46.838827876000153 ], [ 16.022650331000023, 46.838884582000048 ], [ 16.022729582000125, 46.838918983000156 ], [ 16.02286056500003, 46.838849167000035 ], [ 16.022948914000153, 46.838829074000103 ], [ 16.023005569000134, 46.838780377000035 ], [ 16.023029652000048, 46.838787549000131 ], [ 16.023045947000071, 46.838803517000031 ], [ 16.023111131000121, 46.838867658000083 ], [ 16.023282438000024, 46.838830158000178 ], [ 16.023401207000177, 46.838854860000083 ], [ 16.023613104, 46.838963210000145 ], [ 16.023738811000044, 46.838944569000148 ], [ 16.023791135000067, 46.838919340000075 ], [ 16.02379451000013, 46.838902345000179 ], [ 16.023757336000074, 46.838869228000192 ], [ 16.023758104000137, 46.838849527999969 ], [ 16.023820329000046, 46.838812452000127 ], [ 16.023848506000149, 46.838814507000052 ], [ 16.023954491000097, 46.838919242000088 ], [ 16.024104641000122, 46.838913349000052 ], [ 16.02422666700005, 46.838941748000138 ], [ 16.024347164000176, 46.838985526000045 ], [ 16.02443655400009, 46.839058189000127 ], [ 16.024498320000077, 46.839147150000088 ], [ 16.024488133000034, 46.839277301000152 ], [ 16.024509391000038, 46.839320002000193 ], [ 16.024528374000056, 46.839324642000065 ], [ 16.024656089000075, 46.839390210000147 ], [ 16.024642268000093, 46.839491383000052 ], [ 16.024664256000108, 46.839543801000161 ], [ 16.024759447000122, 46.839610991000029 ], [ 16.024784161000184, 46.83966809500015 ], [ 16.024673837000137, 46.839816598000084 ], [ 16.024682164000183, 46.839850537000132 ], [ 16.024658029000079, 46.839921275000108 ], [ 16.024720555999977, 46.839923153000086 ], [ 16.024753515000157, 46.839983067000105 ], [ 16.024871721000125, 46.840015144000176 ], [ 16.025037607, 46.839940290000186 ], [ 16.025103145000116, 46.839942985000164 ], [ 16.025151627000014, 46.840039648000072 ], [ 16.025233253000067, 46.840094745999977 ], [ 16.025229093000064, 46.840157440000041 ], [ 16.025151126000083, 46.840172974000097 ], [ 16.025154111000063, 46.840196643000183 ], [ 16.025158652000187, 46.840232550000053 ], [ 16.025239550000094, 46.840277570000183 ], [ 16.02525810800006, 46.840287876000161 ], [ 16.025283218000027, 46.840321860000131 ], [ 16.025321611999971, 46.840348413000129 ], [ 16.025499985000067, 46.840313987000116 ], [ 16.025543345000131, 46.840320311000085 ], [ 16.025642978000121, 46.84027613700016 ], [ 16.025741082000025, 46.840292954000063 ], [ 16.025872695000032, 46.840296276000174 ], [ 16.02599611, 46.840311631000077 ], [ 16.026176323000072, 46.840276399000174 ], [ 16.02620503900016, 46.840275937000172 ], [ 16.026280169000131, 46.840274879000049 ], [ 16.026413781000031, 46.840249507000124 ], [ 16.02650006500005, 46.840315953000072 ], [ 16.026623709000148, 46.840337515000101 ], [ 16.026682072000085, 46.840357104000191 ], [ 16.026875116999975, 46.840255331000037 ], [ 16.027031481000165, 46.840309909000098 ], [ 16.027097818000016, 46.84037962900004 ], [ 16.027170206000164, 46.840376854000056 ], [ 16.027219323000054, 46.840316259000133 ], [ 16.02741910400016, 46.840321201000165 ], [ 16.027461321000033, 46.840367286000173 ], [ 16.027484345000119, 46.84037616400019 ], [ 16.02767168500003, 46.840448004999985 ], [ 16.027794738000125, 46.840458231000127 ], [ 16.027829723000139, 46.840508164000084 ], [ 16.027930900000058, 46.840514911000014 ], [ 16.02798433300012, 46.840456037000138 ], [ 16.028046941000127, 46.840467 ], [ 16.028182307000179, 46.840627284000163 ], [ 16.028203353000094, 46.840652203000047 ], [ 16.028295425000124, 46.840715784000054 ], [ 16.028424207000114, 46.840756431000102 ], [ 16.028432751000082, 46.84077561600003 ], [ 16.028493854000089, 46.840913514000079 ], [ 16.02843089300012, 46.841080950000048 ], [ 16.028423058000101, 46.841237467000155 ], [ 16.028362785000184, 46.841439457000149 ], [ 16.028400451999971, 46.841478961000064 ], [ 16.028437235000126, 46.841466284000148 ], [ 16.029173299000092, 46.84125583600013 ], [ 16.029231337000112, 46.841217037000035 ], [ 16.02938900099997, 46.841111657 ], [ 16.030143656000178, 46.840764660000161 ], [ 16.03017336400012, 46.840751001 ], [ 16.03051530800019, 46.840655465000111 ], [ 16.030551253000056, 46.840619061000098 ], [ 16.030635696000047, 46.840533521000168 ] ] ] ] } },
{ "type": "Feature", "properties": { "fid": 149, "GID_2": "SVN.9.21_1", "GID_0": "SVN", "COUNTRY": "Slovenia", "GID_1": "SVN.9_1", "NAME_1": "Pomurska", "NL_NAME_1": "NA", "NAME_2": "Šalovci", "VARNAME_2": "NA", "NL_NAME_2": "NA", "TYPE_2": "Opcine", "ENGTYPE_2": "Commune|Municipality", "CC_2": "NA", "HASC_2": "SI.PM.SA" }, "geometry": { "type": "MultiPolygon", "coordinates": [ [ [ [ 16.312004000000115, 46.79591 ], [ 16.309885001000055, 46.789124 ], [ 16.310049, 46.784889001000067 ], [ 16.310070027999984, 46.784359472000062 ], [ 16.310082248000128, 46.78405078600008 ], [ 16.310136788000023, 46.782673081000041 ], [ 16.309383201000117, 46.782962454000085 ], [ 16.306176317000165, 46.784194081000123 ], [ 16.29435506100009, 46.788733977000049 ], [ 16.293635207000079, 46.787739515 ], [ 16.29122632900004, 46.784411695000188 ], [ 16.289205550000077, 46.781620025000109 ], [ 16.286827446000132, 46.781617363000066 ], [ 16.258527879000155, 46.781588875000011 ], [ 16.254016605000118, 46.784735512000054 ], [ 16.253494676000173, 46.785099631999969 ], [ 16.253440929000078, 46.785137128000088 ], [ 16.253455897000038, 46.788252367000155 ], [ 16.253457670000103, 46.78861938100016 ], [ 16.253458023000064, 46.788692474000072 ], [ 16.253475189000085, 46.792247773000156 ], [ 16.258684158, 46.810031891000108 ], [ 16.257450383000162, 46.812634459000151 ], [ 16.254981296000039, 46.817842836000068 ], [ 16.253629685000078, 46.820693971000139 ], [ 16.253602175000083, 46.820693930000061 ], [ 16.253232654000158, 46.820693377999987 ], [ 16.248520002000134, 46.820686341000055 ], [ 16.248530373, 46.822855759000163 ], [ 16.248536999, 46.824241778000157 ], [ 16.243480682000097, 46.834903717000088 ], [ 16.223031997000078, 46.834880828000053 ], [ 16.212867782999979, 46.845539048000148 ], [ 16.212581469000099, 46.845538733000012 ], [ 16.210718, 46.845537000000149 ], [ 16.202641, 46.845528000000115 ], [ 16.202613655000107, 46.845556653000074 ], [ 16.196180184000127, 46.852298289000146 ], [ 16.19247436500018, 46.856182099000137 ], [ 16.187360883000053, 46.856178284000066 ], [ 16.187379836000105, 46.859733582999979 ], [ 16.178965799000139, 46.859724980000067 ], [ 16.178590685000188, 46.859724596000035 ], [ 16.172454550999987, 46.859718322000049 ], [ 16.175086313000122, 46.860309695000069 ], [ 16.176119396999979, 46.860542001000113 ], [ 16.178462983000088, 46.861068726000042 ], [ 16.179712874000074, 46.862707748000162 ], [ 16.181930959000169, 46.865615946000048 ], [ 16.191427231000034, 46.867904663000161 ], [ 16.202713012000061, 46.869449616 ], [ 16.206929072000037, 46.869760608000149 ], [ 16.211562742000126, 46.870102404000193 ], [ 16.211814881000066, 46.870121002000133 ], [ 16.211842483000055, 46.870124985000189 ], [ 16.212352765, 46.870198610000159 ], [ 16.220407486000056, 46.871360780000032 ], [ 16.226978302000191, 46.875068664000082 ], [ 16.230514012000128, 46.876835888000073 ], [ 16.231722947000094, 46.877440139999976 ], [ 16.232311233000075, 46.87773411600017 ], [ 16.232322761000148, 46.877735544000075 ], [ 16.234411963000184, 46.877852200000177 ], [ 16.236592563000102, 46.877973823 ], [ 16.240999221000038, 46.87821960399998 ], [ 16.250377656000182, 46.876361847000055 ], [ 16.25243443200003, 46.875910942000132 ], [ 16.254349000000161, 46.875491000000181 ], [ 16.258591000000138, 46.874561000000142 ], [ 16.268367, 46.873925 ], [ 16.269437062000122, 46.873855702000071 ], [ 16.269556045000115, 46.873847962000127 ], [ 16.279245376000063, 46.874694824000017 ], [ 16.281325857000127, 46.8746858290001 ], [ 16.287186000000133, 46.874659999000073 ], [ 16.290022902000032, 46.874256603000106 ], [ 16.290428162000183, 46.874198913000157 ], [ 16.291539614000158, 46.874038773000052 ], [ 16.27944032, 46.866939777000084 ], [ 16.2797925590001, 46.866694392000113 ], [ 16.284533, 46.863392 ], [ 16.284597893000182, 46.86325510100005 ], [ 16.289586988000053, 46.852727201999983 ], [ 16.289585, 46.852264 ], [ 16.28957, 46.849174999000184 ], [ 16.289549001000182, 46.84561908 ], [ 16.29975300100017, 46.842075 ], [ 16.299722001000077, 46.836018047000096 ], [ 16.299662001000115, 46.824294999000188 ], [ 16.286764770000104, 46.818317784000101 ], [ 16.284286499000132, 46.817169191000175 ], [ 16.284246447000044, 46.810058845000185 ], [ 16.288670708000097, 46.808522384000185 ], [ 16.294451000000151, 46.806515000000161 ], [ 16.299055122000084, 46.803825137000103 ], [ 16.303658, 46.801136 ], [ 16.313704951000091, 46.79706596800014 ], [ 16.312004000000115, 46.79591 ] ] ], [ [ [ 16.172454550999987, 46.859718322000049 ], [ 16.172044755, 46.859718322000049 ], [ 16.17133522, 46.860210418000122 ], [ 16.172454550999987, 46.859718322000049 ] ] ] ] } },
{ "type": "Feature", "properties": { "fid": 151, "GID_2": "SVN.9.23_1", "GID_0": "SVN", "COUNTRY": "Slovenia", "GID_1": "SVN.9_1", "NAME_1": "Pomurska", "NL_NAME_1": "NA", "NAME_2": "Tišina", "VARNAME_2": "NA", "NL_NAME_2": "NA", "TYPE_2": "Opcine", "ENGTYPE_2": "Commune|Municipality", "CC_2": "NA", "HASC_2": "SI.PM.TI" }, "geometry": { "type": "MultiPolygon", "coordinates": [ [ [ [ 16.079202652000163, 46.706733704000044 ], [ 16.084274292000032, 46.699626923000096 ], [ 16.089389802000028, 46.69963455300018 ], [ 16.089372636000178, 46.696079254000097 ], [ 16.0944805150001, 46.69608306900011 ], [ 16.094463349000137, 46.692527770000027 ], [ 16.094444274000068, 46.688972474000195 ], [ 16.094423295000183, 46.685417175000111 ], [ 16.089292527000055, 46.681854248000093 ], [ 16.094367980000129, 46.674751282000045 ], [ 16.094348907000096, 46.671195983000132 ], [ 16.099460601000089, 46.671199798000146 ], [ 16.09944152800017, 46.667644502000144 ], [ 16.104496002000076, 46.656982422000112 ], [ 16.114719391000108, 46.656993865000061 ], [ 16.119831086000033, 46.656997680000131 ], [ 16.119796752000013, 46.649887085000046 ], [ 16.114683152000055, 46.649883269999975 ], [ 16.114645005, 46.642772674000184 ], [ 16.099269867000089, 46.635643005000077 ], [ 16.094100953000179, 46.624973297000111 ], [ 16.08387756400009, 46.624961854000162 ], [ 16.06861686600007, 46.639167785000041 ], [ 16.058391572000062, 46.639156342000092 ], [ 16.053316116000076, 46.646263122000107 ], [ 16.027811051000185, 46.65690231300016 ], [ 16.028740700000071, 46.66014109300005 ], [ 16.02894958000013, 46.660060256000065 ], [ 16.029087713000081, 46.660006805000137 ], [ 16.029855308000094, 46.659721129000161 ], [ 16.030615111000031, 46.659448831000191 ], [ 16.031159770000045, 46.65925640100005 ], [ 16.031393083000069, 46.659173968000061 ], [ 16.032172999000124, 46.658924295000133 ], [ 16.032954178000182, 46.65868091800013 ], [ 16.033777314000076, 46.658434138000132 ], [ 16.034523202000173, 46.658213958000033 ], [ 16.035062429000106, 46.658054324000148 ], [ 16.035609552000153, 46.657883912000102 ], [ 16.036173756000096, 46.657695548000163 ], [ 16.036751070000093, 46.657498308000186 ], [ 16.037329692000185, 46.657300620000171 ], [ 16.03774532500006, 46.657158736000156 ], [ 16.038173053999969, 46.656979096000043 ], [ 16.038564900999972, 46.656765535000034 ], [ 16.038974866000046, 46.656559215000186 ], [ 16.039144700000065, 46.656468066000173 ], [ 16.039300475000118, 46.656873228000165 ], [ 16.039339055000084, 46.656963628000142 ], [ 16.039805234000028, 46.658055973000046 ], [ 16.040121578000083, 46.658853713000155 ], [ 16.040284016000044, 46.659261591000131 ], [ 16.040420913000105, 46.659608675000072 ], [ 16.040552280000043, 46.65993973000019 ], [ 16.040685914000051, 46.660305969000035 ], [ 16.040818314000035, 46.660668784000109 ], [ 16.040848707000123, 46.660751452000056 ], [ 16.041079235000041, 46.661378572000046 ], [ 16.041133962, 46.66162558100018 ], [ 16.041137917000071, 46.661643405 ], [ 16.041174320000152, 46.661799231000145 ], [ 16.041170679000118, 46.661844656000085 ], [ 16.041173116000039, 46.661901520000185 ], [ 16.041180539000038, 46.662100457000179 ], [ 16.041190855000025, 46.662368674999982 ], [ 16.041199738000103, 46.662660371000129 ], [ 16.041204003000018, 46.662814676000039 ], [ 16.041209735000166, 46.662939204000054 ], [ 16.04121106100007, 46.663008393000155 ], [ 16.041210865000096, 46.663069210000117 ], [ 16.041208842000174, 46.663129303000062 ], [ 16.041203240000073, 46.663198923000152 ], [ 16.041200618, 46.663249208000138 ], [ 16.041188187000159, 46.663324929000055 ], [ 16.04117611700002, 46.663382027000182 ], [ 16.041158599000028, 46.663456295000117 ], [ 16.041129625999986, 46.663570479000157 ], [ 16.041103222000118, 46.663668656000027 ], [ 16.041075370000158, 46.663768898000114 ], [ 16.041051920000143, 46.663852328000075 ], [ 16.041025198000057, 46.66396102900012 ], [ 16.041012292000062, 46.664028022000082 ], [ 16.041002291000041, 46.664089354000168 ], [ 16.04098630500016, 46.66421841600004 ], [ 16.040941904000135, 46.664600752000013 ], [ 16.040924094000047, 46.66477713200004 ], [ 16.040921173000072, 46.664804925000112 ], [ 16.040903567000043, 46.664972668000075 ], [ 16.040888887000051, 46.665102003000186 ], [ 16.040867961000117, 46.665299158000096 ], [ 16.040861241000073, 46.665382000000193 ], [ 16.040854443000057, 46.665551841000138 ], [ 16.040856457000075, 46.665687336000076 ], [ 16.040863313000102, 46.665821674000142 ], [ 16.040880656000184, 46.665998234000028 ], [ 16.040888718000133, 46.666054214000042 ], [ 16.040906025000083, 46.666140806999977 ], [ 16.040927099000044, 46.666255659000115 ], [ 16.040962518000015, 46.666400596000074 ], [ 16.040998816000013, 46.666527902000155 ], [ 16.041051541000058, 46.666686829000071 ], [ 16.041123668000068, 46.666883231000156 ], [ 16.041245931000105, 46.667209943000159 ], [ 16.041386756000122, 46.667584656000031 ], [ 16.041475404000039, 46.667820145000064 ], [ 16.041568946000098, 46.668068873000038 ], [ 16.041685429000097, 46.668378027000188 ], [ 16.041725124000095, 46.668481500000155 ], [ 16.041757054000072, 46.668571099000189 ], [ 16.041777988000035, 46.668639886999983 ], [ 16.04179472900006, 46.668710553000153 ], [ 16.041810891000182, 46.668791385000134 ], [ 16.041824834000181, 46.668872211000064 ], [ 16.041831211000044, 46.668974249000144 ], [ 16.041835117, 46.669074393000074 ], [ 16.04183598200018, 46.669132244000139 ], [ 16.041830635, 46.669202944000119 ], [ 16.041815030000066, 46.669310145000054 ], [ 16.041791665000176, 46.669426053000052 ], [ 16.041763778000075, 46.669532503000141 ], [ 16.041718423000134, 46.66965465200002 ], [ 16.041665808000118, 46.669765897000104 ], [ 16.041614280000147, 46.669869498000025 ], [ 16.041550119000078, 46.669989081000097 ], [ 16.041473175000078, 46.670103592000032 ], [ 16.041399667000064, 46.670211455000185 ], [ 16.041321294000056, 46.670324434 ], [ 16.04115999000004, 46.670547319000093 ], [ 16.041073212000128, 46.670667743000081 ], [ 16.04096140300004, 46.670824630000027 ], [ 16.04076006300005, 46.671103373000108 ], [ 16.040609375000031, 46.671319899000082 ], [ 16.040448977000096, 46.671543235000058 ], [ 16.040341218000151, 46.671700042000168 ], [ 16.040251092000176, 46.671858873000076 ], [ 16.040224894000119, 46.671917824000047 ], [ 16.04019876100017, 46.67198919000009 ], [ 16.040147060999971, 46.672147580000058 ], [ 16.040120712000032, 46.672258801000112 ], [ 16.040106420000086, 46.672339825000051 ], [ 16.040093001000116, 46.672452609000175 ], [ 16.040089872000124, 46.672596098000042 ], [ 16.04009152499998, 46.672676983000088 ], [ 16.040104397, 46.672786146000135 ], [ 16.040127406000067, 46.672954443000151 ], [ 16.040160271, 46.673185293000017 ], [ 16.040171097000041, 46.67328608300005 ], [ 16.040187823000167, 46.673407852000082 ], [ 16.040215277000129, 46.673575800000094 ], [ 16.040251750000039, 46.673743681000076 ], [ 16.040266739000117, 46.673799949999989 ], [ 16.040291720000141, 46.673893669000051 ], [ 16.040340418000085, 46.674072918000036 ], [ 16.04038627500006, 46.674246311000104 ], [ 16.040411613, 46.67434642000012 ], [ 16.040434230000017, 46.674466583000026 ], [ 16.040473723, 46.674680626000054 ], [ 16.040499269000179, 46.674839393000127 ], [ 16.040512074000048, 46.67496106100009 ], [ 16.040543037000077, 46.675278453000033 ], [ 16.040547970000034, 46.675357097000131 ], [ 16.040551877000098, 46.675456790000112 ], [ 16.040553843000055, 46.675552430000039 ], [ 16.040555868000126, 46.675855353000145 ], [ 16.040554689000146, 46.675928404000103 ], [ 16.0405489420001, 46.676000093000084 ], [ 16.040551154000127, 46.676195507000045 ], [ 16.040568178000115, 46.676383400000077 ], [ 16.040590688000179, 46.67657184900014 ], [ 16.040611756000146, 46.676712701000042 ], [ 16.040637732000164, 46.676864450999972 ], [ 16.040687253000101, 46.677061875000163 ], [ 16.040745933000153, 46.677257434000069 ], [ 16.040808202000051, 46.677417734000187 ], [ 16.040864771000031, 46.677544552000029 ], [ 16.040942335000068, 46.677704621000032 ], [ 16.041064559000063, 46.67794586500014 ], [ 16.041155576000051, 46.678132508000033 ], [ 16.041240053000024, 46.678300782000065 ], [ 16.041280894000067, 46.678382126000088 ], [ 16.041364936000093, 46.678553548000025 ], [ 16.041465284000083, 46.678755600000045 ], [ 16.041613476000066, 46.679054578000091 ], [ 16.041756883000119, 46.679344456000081 ], [ 16.041766183, 46.679365083000107 ], [ 16.041793937000023, 46.679430199000194 ], [ 16.041825708000033, 46.679501893000065 ], [ 16.0418682990001, 46.679603575000158 ], [ 16.041929146000086, 46.679786452000087 ], [ 16.041982594000046, 46.679959774000054 ], [ 16.042028438000102, 46.680112744999974 ], [ 16.042080036000129, 46.680289751000089 ], [ 16.042106619000094, 46.680402817000186 ], [ 16.042115164, 46.680491186000154 ], [ 16.042110155000046, 46.680693419000079 ], [ 16.04207876300012, 46.68091609600009 ], [ 16.042074932000048, 46.680996427000082 ], [ 16.042085632000067, 46.681073017000017 ], [ 16.04210689700011, 46.68115377100014 ], [ 16.042134875000158, 46.681226176 ], [ 16.042217775000097, 46.681392374999973 ], [ 16.042296144999966, 46.681550556000047 ], [ 16.04235243300019, 46.681682231000195 ], [ 16.04238313500008, 46.681758690000038 ], [ 16.042408863000048, 46.681836308000072 ], [ 16.042425834000142, 46.681913632000033 ], [ 16.042435272000034, 46.681981761000088 ], [ 16.042447542000161, 46.682131586000139 ], [ 16.042452870999966, 46.682405099000107 ], [ 16.04246227800013, 46.68257651 ], [ 16.042492846000187, 46.682751213000188 ], [ 16.04250646700018, 46.682802348000052 ], [ 16.042539362000127, 46.682925867000051 ], [ 16.042599792000146, 46.68309030000006 ], [ 16.042671165000115, 46.683261597000126 ], [ 16.042750034000164, 46.683449019000193 ], [ 16.042838240000151, 46.683675059000052 ], [ 16.042902637000054, 46.6839045480001 ], [ 16.042933762000075, 46.684048754000116 ], [ 16.042965710000033, 46.684185764000119 ], [ 16.04300293700004, 46.684337902999971 ], [ 16.043049892999989, 46.684528841000144 ], [ 16.04311490300006, 46.684717127000113 ], [ 16.043243189000179, 46.685076239000182 ], [ 16.043371009999987, 46.685424824000108 ], [ 16.043463351000128, 46.685685513000124 ], [ 16.043531623999968, 46.685875514000145 ], [ 16.043560182000022, 46.685986786000115 ], [ 16.043569200000093, 46.686060672000167 ], [ 16.043571, 46.686139577 ], [ 16.043566145000057, 46.686216306000063 ], [ 16.043545295000115, 46.686325833000183 ], [ 16.043506180000179, 46.686452676999977 ], [ 16.043462215000034, 46.686533446 ], [ 16.043407064000178, 46.686627231000045 ], [ 16.043310592000182, 46.686747362000119 ], [ 16.043131427000162, 46.686929001000181 ], [ 16.042976468000063, 46.687082 ], [ 16.042806768000048, 46.687253497000029 ], [ 16.042764270000077, 46.687301341000079 ], [ 16.042704700000115, 46.687368394000032 ], [ 16.042620228999965, 46.687492964000171 ], [ 16.042551869000022, 46.687611726000057 ], [ 16.042469020000169, 46.687750694000044 ], [ 16.042402469000081, 46.687848858000166 ], [ 16.042349954000088, 46.687914220000039 ], [ 16.042278701000157, 46.687987092000014 ], [ 16.042205006000188, 46.688052491 ], [ 16.04212625700012, 46.688109509000128 ], [ 16.042007796, 46.688184420000027 ], [ 16.041831702000025, 46.688279426000065 ], [ 16.041731796000079, 46.688331802000164 ], [ 16.041624907000028, 46.688394236000136 ], [ 16.041532206000113, 46.688468312000055 ], [ 16.041456765000191, 46.688541802000088 ], [ 16.041382925999983, 46.68863347000007 ], [ 16.04130619600005, 46.688800613000126 ], [ 16.041272312999979, 46.68887708800014 ], [ 16.041257088000066, 46.688936697000031 ], [ 16.041244561000042, 46.68900494900015 ], [ 16.041229373000021, 46.689275801000178 ], [ 16.041214294000099, 46.689477827000189 ], [ 16.041201419000174, 46.689610584999969 ], [ 16.041187126000125, 46.689691337999989 ], [ 16.041166742000087, 46.689786111000103 ], [ 16.041129512000168, 46.689901174000113 ], [ 16.041059823000182, 46.690095863000181 ], [ 16.040989718000162, 46.690294511000104 ], [ 16.040926497000157, 46.690477342 ], [ 16.040879512000117, 46.690606954000089 ], [ 16.04080487300007, 46.690773560000025 ], [ 16.040741654000044, 46.690907359000164 ], [ 16.040683121000086, 46.691020837000167 ], [ 16.040658016000066, 46.691069535000111 ], [ 16.040583970000171, 46.691198448000193 ], [ 16.040511289000108, 46.691316838000034 ], [ 16.040357352000058, 46.691543340000123 ], [ 16.04017562100006, 46.691793072000166 ], [ 16.039988794000124, 46.692047018000039 ], [ 16.03980703000019, 46.692292521000184 ], [ 16.039700317000154, 46.692441232000135 ], [ 16.039555951000125, 46.692637349000108 ], [ 16.039492167000162, 46.692729850000035 ], [ 16.039432299000168, 46.692823352000175 ], [ 16.039377507000097, 46.692921095000145 ], [ 16.039328879000152, 46.693015345000163 ], [ 16.039237455000034, 46.693213486000104 ], [ 16.039141287000064, 46.693418174000158 ], [ 16.039040365000062, 46.693631324000023 ], [ 16.038994796000111, 46.693716046000134 ], [ 16.038962725000033, 46.693770843000152 ], [ 16.038918046000163, 46.693835864000107 ], [ 16.038855367000053, 46.693916852000029 ], [ 16.038756953000075, 46.694029146999981 ], [ 16.038621770000191, 46.694170317000157 ], [ 16.038474373000156, 46.694321530000138 ], [ 16.038364453000099, 46.694433436000168 ], [ 16.038297889000091, 46.694507216000034 ], [ 16.038217472000099, 46.694603633000099 ], [ 16.038089929000137, 46.694782158000066 ], [ 16.03800908300019, 46.694909162000101 ], [ 16.037904757000092, 46.695074071000136 ], [ 16.037816139000029, 46.695211492000055 ], [ 16.037784639000108, 46.695257023000181 ], [ 16.03774681699997, 46.695311176000132 ], [ 16.037702572000114, 46.695368100000053 ], [ 16.037668346000146, 46.695410026000104 ], [ 16.037623746000179, 46.695460112000035 ], [ 16.037575350999987, 46.695510728000102 ], [ 16.037546026000143, 46.695541241000058 ], [ 16.037491093000142, 46.695591751000165 ], [ 16.037423712000134, 46.695647085000132 ], [ 16.037398620000033, 46.695667380000089 ], [ 16.048530580000033, 46.706699372 ], [ 16.079202652000163, 46.706733704000044 ] ] ] ] } },
{ "type": "Feature", "properties": { "fid": 152, "GID_2": "SVN.9.24_1", "GID_0": "SVN", "COUNTRY": "Slovenia", "GID_1": "SVN.9_1", "NAME_1": "Pomurska", "NL_NAME_1": "NA", "NAME_2": "Turnišče", "VARNAME_2": "NA", "NL_NAME_2": "NA", "TYPE_2": "Opcine", "ENGTYPE_2": "Commune|Municipality", "CC_2": "NA", "HASC_2": "SI.PM.TU" }, "geometry": { "type": "MultiPolygon", "coordinates": [ [ [ [ 16.288270951000129, 46.607398986000078 ], [ 16.293476105000025, 46.625183105000076 ], [ 16.267917633000081, 46.625156403000176 ], [ 16.267934799000102, 46.62871170000011 ], [ 16.262823104000176, 46.628704072000176 ], [ 16.262840272000176, 46.632263184000124 ], [ 16.262861251000061, 46.635818483000037 ], [ 16.262880326000129, 46.639373780000142 ], [ 16.262899400000094, 46.642929078000122 ], [ 16.273124694000046, 46.642940522 ], [ 16.273162841000101, 46.650051117000089 ], [ 16.283384322000188, 46.65005874700006 ], [ 16.283405303000052, 46.653617859000178 ], [ 16.283424377000074, 46.657173156000113 ], [ 16.288537979000012, 46.657176971000126 ], [ 16.29878044100019, 46.660743713000045 ], [ 16.298742294000135, 46.65363311800013 ], [ 16.298723221000046, 46.650077821000025 ], [ 16.324207305000073, 46.635883331000059 ], [ 16.324167251000119, 46.628768920000027 ], [ 16.334375382000189, 46.625225066999974 ], [ 16.339485169000113, 46.625232697000115 ], [ 16.344600678000177, 46.625236512000129 ], [ 16.344581605000087, 46.621681213000045 ], [ 16.359840393000127, 46.607475280000131 ], [ 16.359821319000162, 46.603919983000083 ], [ 16.354709625000169, 46.603916168000183 ], [ 16.324075699000048, 46.610992432000046 ], [ 16.324054718000127, 46.607437133000133 ], [ 16.31894111600019, 46.607433320000041 ], [ 16.318885803000114, 46.596767426000042 ], [ 16.313772201000177, 46.596759795000025 ], [ 16.308662414000082, 46.596755982000161 ], [ 16.303548812000088, 46.596748352000077 ], [ 16.303567886000053, 46.600303651000161 ], [ 16.293363570000054, 46.603851318000181 ], [ 16.293382646000055, 46.607406617000095 ], [ 16.288270951000129, 46.607398986000078 ] ] ] ] } },
{ "type": "Feature", "properties": { "fid": 153, "GID_2": "SVN.9.25_1", "GID_0": "SVN", "COUNTRY": "Slovenia", "GID_1": "SVN.9_1", "NAME_1": "Pomurska", "NL_NAME_1": "NA", "NAME_2": "Velika Polana", "VARNAME_2": "NA", "NL_NAME_2": "NA", "TYPE_2": "Opcine", "ENGTYPE_2": "Commune|Municipality", "CC_2": "NA", "HASC_2": "SI.PM.VP" }, "geometry": { "type": "MultiPolygon", "coordinates": [ [ [ [ 16.349626541000077, 46.549324035000041 ], [ 16.342393875000084, 46.550518035999971 ], [ 16.337192536000032, 46.548503876000154 ], [ 16.337009430000023, 46.548431396000183 ], [ 16.332984924000073, 46.546871185000157 ], [ 16.327377319000163, 46.544956208000031 ], [ 16.318656920000137, 46.554100036000079 ], [ 16.313545228000123, 46.554092408000145 ], [ 16.313562394000144, 46.557651520000093 ], [ 16.308450699000048, 46.557643890000179 ], [ 16.308469773000184, 46.561199189000092 ], [ 16.308488846000103, 46.564754486000027 ], [ 16.31360244800004, 46.564762116000111 ], [ 16.318714143000136, 46.564765931000181 ], [ 16.318731309000157, 46.568321228000059 ], [ 16.32386589000015, 46.571884155000077 ], [ 16.318788529000074, 46.578987122000058 ], [ 16.318809510000108, 46.582542419000163 ], [ 16.318866730000082, 46.593208314000094 ], [ 16.318885803000114, 46.596767426000042 ], [ 16.31894111600019, 46.607433320000041 ], [ 16.324054718000127, 46.607437133000133 ], [ 16.324075699000048, 46.610992432000046 ], [ 16.354709625000169, 46.603916168000183 ], [ 16.359821319000162, 46.603919983000083 ], [ 16.364934921000156, 46.603923798000096 ], [ 16.385326385000155, 46.59328079200003 ], [ 16.38530731100019, 46.589725495000152 ], [ 16.38017654500004, 46.586162568000134 ], [ 16.375064851000047, 46.586158753000063 ], [ 16.375043870000184, 46.58260345400015 ], [ 16.359668732000046, 46.575473785000099 ], [ 16.357799530000136, 46.570323944000052 ], [ 16.356578827000135, 46.567878724000082 ], [ 16.356985091000183, 46.553226470000084 ], [ 16.356723786000146, 46.547740936000082 ], [ 16.355577468000149, 46.548343659000125 ], [ 16.349626541000077, 46.549324035000041 ] ] ] ] } }
]
}
