{
"type": "FeatureCollection",
"name": "PO-25",
"crs": { "type": "name", "properties": { "name": "urn:ogc:def:crs:OGC:1.3:CRS84" } },
"features": [
{ "type": "Feature", "properties": { "fid": 5, "GID_2": "SRB.2.1_1", "GID_0": "SRB", "COUNTRY": "Serbia", "GID_1": "SRB.2_1", "NAME_1": "Braničevski", "NL_NAME_1": "Браничевски", "NAME_2": "Golubac", "VARNAME_2": "Galambóc|Golumbácz|Güvercinlik", "NL_NAME_2": "Голубац", "TYPE_2": "Opštine", "ENGTYPE_2": "Town|Municipal", "CC_2": "NA", "HASC_2": "NA" }, "geometry": { "type": "MultiPolygon", "coordinates": [ [ [ [ 21.869466782000188, 44.650596619000169 ], [ 21.873279571000069, 44.649799347000112 ], [ 21.875001907000126, 44.649482727000191 ], [ 21.876775742000063, 44.64884948800011 ], [ 21.879419326000175, 44.64816284300008 ], [ 21.881450653000115, 44.64758300800014 ], [ 21.885354996000103, 44.646675111000093 ], [ 21.888648986000135, 44.646095276000153 ], [ 21.890014647999976, 44.645832061000135 ], [ 21.893095017000064, 44.645439148000037 ], [ 21.897209167000085, 44.6451339730001 ], [ 21.89957618800014, 44.645217895000087 ], [ 21.902683258000138, 44.645832061000135 ], [ 21.904016496000168, 44.646114349000015 ], [ 21.905115127000045, 44.646339416999979 ], [ 21.906251908, 44.646575928000118 ], [ 21.910163879000152, 44.647327424000139 ], [ 21.911436081000033, 44.647544861000085 ], [ 21.915983199000038, 44.647975922000114 ], [ 21.918973922000134, 44.647789003000014 ], [ 21.921812057000068, 44.647129059000122 ], [ 21.925500870000178, 44.645832061000135 ], [ 21.925748825000028, 44.645713806 ], [ 21.92895698500007, 44.644565582000041 ], [ 21.932189941000047, 44.643314361000193 ], [ 21.933805467000127, 44.642593384000122 ], [ 21.936115265000126, 44.641399383000191 ], [ 21.937503815000071, 44.640796662000128 ], [ 21.93964004500009, 44.63970947200005 ], [ 21.942207336000138, 44.638622283000075 ], [ 21.944730759000095, 44.637714386000027 ], [ 21.947727204000159, 44.636760711000079 ], [ 21.950475693000101, 44.635959626000158 ], [ 21.952314377000164, 44.635463715000071 ], [ 21.954780580000033, 44.635074615000178 ], [ 21.956335068000044, 44.635009766000053 ], [ 21.958698273000095, 44.635047913000108 ], [ 21.960920335000083, 44.634899139000026 ], [ 21.964120865000041, 44.63426589900007 ], [ 21.968751907000069, 44.633926391000045 ], [ 21.968894959000181, 44.633892059000061 ], [ 21.972902299000111, 44.633430480000129 ], [ 21.976768493000066, 44.633399964000091 ], [ 21.978036880000104, 44.633655548000092 ], [ 21.981399537000073, 44.63443756200013 ], [ 21.982593536000024, 44.634471894000114 ], [ 21.987407684000061, 44.634429932000046 ], [ 21.989154816000053, 44.63432312000009 ], [ 21.991159439000057, 44.634048462000123 ], [ 21.993194580000136, 44.633502960999976 ], [ 21.995204926000042, 44.63256836000005 ], [ 21.996854781000025, 44.631370544000049 ], [ 21.998682022000139, 44.630451203000064 ], [ 22.000001907000183, 44.629001617000029 ], [ 22.000219344000186, 44.628818512000066 ], [ 22.001148225000179, 44.627059937000183 ], [ 22.001937867000152, 44.625118256000178 ], [ 22.001979829000049, 44.625000000000171 ], [ 22.003019333000111, 44.621273040000176 ], [ 22.003513336000026, 44.618953704000091 ], [ 22.004001616000096, 44.616535186000192 ], [ 22.004283905000136, 44.615489959000115 ], [ 22.004375459000073, 44.614967347000061 ], [ 22.004480361000049, 44.614604950000171 ], [ 22.004962921000185, 44.612426758000083 ], [ 22.005538941000054, 44.609672547000173 ], [ 22.005567550000023, 44.609119416000169 ], [ 22.005918502999975, 44.608348847000116 ], [ 22.006977081000173, 44.607353211000145 ], [ 22.008731843000078, 44.606136321000179 ], [ 22.011753082000041, 44.604164124000135 ], [ 22.012783050000166, 44.603469849000192 ], [ 22.01462364200006, 44.602050782000106 ], [ 22.017696380000075, 44.599548340000126 ], [ 22.019487382000136, 44.598411561000148 ], [ 22.021593092999979, 44.597309112000175 ], [ 22.022605896000073, 44.596389772000123 ], [ 22.023424149000164, 44.595275879000042 ], [ 22.025074006000182, 44.594383240000184 ], [ 22.026399613000137, 44.592128754000157 ], [ 22.001344682000024, 44.569358825000108 ], [ 21.987892151000096, 44.559223175000056 ], [ 21.978397369000163, 44.551677704000042 ], [ 21.970136642000114, 44.54619217000004 ], [ 21.961446762000037, 44.538467408000031 ], [ 21.957862854000155, 44.534877777000133 ], [ 21.956117630000165, 44.532348633000083 ], [ 21.955669404000048, 44.530429841000171 ], [ 21.95555686900002, 44.525787353000055 ], [ 21.954786300000137, 44.52398681700015 ], [ 21.953350068000134, 44.522590638000167 ], [ 21.951829911000061, 44.521968842000035 ], [ 21.950014114000169, 44.521640777000187 ], [ 21.943698882999968, 44.521072388000164 ], [ 21.938335419000111, 44.519599916000175 ], [ 21.935609817, 44.518421173000092 ], [ 21.932769776000157, 44.516784669 ], [ 21.92982101500013, 44.514411926000093 ], [ 21.921611786000085, 44.515647888000046 ], [ 21.91804122800005, 44.516532897000161 ], [ 21.915889740000068, 44.517295838000109 ], [ 21.913997651000102, 44.518230439000092 ], [ 21.911615372000085, 44.520088196000074 ], [ 21.909158707000074, 44.522819519 ], [ 21.907083512000099, 44.524604798000041 ], [ 21.903774262000184, 44.526504517000092 ], [ 21.901531220000038, 44.528091431000121 ], [ 21.894906997000078, 44.535869598000033 ], [ 21.889545440000063, 44.539379120000149 ], [ 21.881895065000094, 44.547183991000111 ], [ 21.879852296000081, 44.548599243000183 ], [ 21.878009797000118, 44.549270631000127 ], [ 21.875911712000175, 44.549701691000053 ], [ 21.863155364000079, 44.550640106000174 ], [ 21.859994888000017, 44.55103302100008 ], [ 21.846397401000047, 44.553386689000149 ], [ 21.836360931000058, 44.556011200000171 ], [ 21.828622818000099, 44.559185028 ], [ 21.821670532000041, 44.561336517000143 ], [ 21.818582535000075, 44.561882020000041 ], [ 21.812231065000162, 44.562618257000167 ], [ 21.809190750000027, 44.563133241000116 ], [ 21.806978226000126, 44.563758850000113 ], [ 21.805028915000037, 44.564624786000138 ], [ 21.803239821000147, 44.565921784000182 ], [ 21.80192375200005, 44.567447663000053 ], [ 21.799968720000152, 44.571163177000187 ], [ 21.798910141000022, 44.572616578000066 ], [ 21.795143127000131, 44.576484681000125 ], [ 21.794095993000155, 44.577987672 ], [ 21.792047501000127, 44.583007812000062 ], [ 21.791223526000067, 44.584262848000037 ], [ 21.789138793000177, 44.585529328000177 ], [ 21.785116197000036, 44.58638381999998 ], [ 21.775554656000168, 44.58718109300014 ], [ 21.772380828000109, 44.587665558000026 ], [ 21.765058517000114, 44.589664459000119 ], [ 21.755468368000038, 44.592735291000167 ], [ 21.751598359000184, 44.593750001000103 ], [ 21.749286651000034, 44.594142914000031 ], [ 21.746059417000026, 44.594310762000021 ], [ 21.741455078000172, 44.593994142000156 ], [ 21.740249634000065, 44.59487533600003 ], [ 21.739740371000153, 44.595146179000153 ], [ 21.739097595000032, 44.595214844000054 ], [ 21.736392974000182, 44.595222473999968 ], [ 21.732999802000109, 44.590438843000072 ], [ 21.721813203000067, 44.58227920600018 ], [ 21.719020844000056, 44.580825805000131 ], [ 21.711774825000134, 44.578769684000065 ], [ 21.709365845000093, 44.577644348000035 ], [ 21.707193375000145, 44.576248168000177 ], [ 21.70529556200006, 44.574649810999972 ], [ 21.700294495000037, 44.569248200000061 ], [ 21.695747376000156, 44.562507629000038 ], [ 21.693700791000026, 44.560680389000026 ], [ 21.691356659000064, 44.559032441000113 ], [ 21.688993455000059, 44.557487489000152 ], [ 21.6864681240001, 44.556304931 ], [ 21.685216903000082, 44.555992126000149 ], [ 21.677484513000138, 44.555171967999968 ], [ 21.674539566000078, 44.554683685000157 ], [ 21.666700363000132, 44.552684784000064 ], [ 21.663858415000163, 44.552551270000038 ], [ 21.656719208000027, 44.553153991000102 ], [ 21.650480270000173, 44.552955627000188 ], [ 21.64747619700006, 44.55243301400003 ], [ 21.644807815000092, 44.551593780000019 ], [ 21.639621734000059, 44.549545289000093 ], [ 21.634742738000114, 44.547958375000064 ], [ 21.632659913000168, 44.547405244000061 ], [ 21.628927231000091, 44.54682159400005 ], [ 21.625034333000031, 44.54656982500012 ], [ 21.617185593000045, 44.546760559000063 ], [ 21.613433837000116, 44.547294616000158 ], [ 21.611118316000159, 44.547908783000082 ], [ 21.60898208600014, 44.548751832000107 ], [ 21.594953536000048, 44.55702972500012 ], [ 21.58721351600002, 44.561023712000122 ], [ 21.585372925000058, 44.561817169000108 ], [ 21.582010269000023, 44.562816621000195 ], [ 21.57902908300008, 44.563220978000174 ], [ 21.575965881000116, 44.563247681000178 ], [ 21.572938919000137, 44.562900543000069 ], [ 21.568853378000028, 44.561809539000194 ], [ 21.56603050300015, 44.56085205100004 ], [ 21.562259674000188, 44.559139251000033 ], [ 21.558429717000081, 44.556873322000058 ], [ 21.556837082000072, 44.555503846000079 ], [ 21.554164887000184, 44.552661895000028 ], [ 21.550285340000073, 44.547885894000046 ], [ 21.548841476000177, 44.546665192000091 ], [ 21.546371460000103, 44.545516968000129 ], [ 21.543666840000128, 44.545192718000123 ], [ 21.541980744000057, 44.545509338000045 ], [ 21.540367126000149, 44.546150208000142 ], [ 21.538103104000015, 44.547645570000043 ], [ 21.536529541000164, 44.549674988000106 ], [ 21.535793304000038, 44.55179977500012 ], [ 21.535558700000024, 44.554058076 ], [ 21.535753250000141, 44.556343078000054 ], [ 21.53641510000017, 44.558547974000078 ], [ 21.537347794000084, 44.56016159100011 ], [ 21.538654328000177, 44.561607362000075 ], [ 21.540336609000178, 44.562843322000049 ], [ 21.548679352000079, 44.567569734000131 ], [ 21.549739837000175, 44.569198608000079 ], [ 21.549631120000129, 44.570442201 ], [ 21.548862456000165, 44.571620941000049 ], [ 21.547521591000134, 44.572631836000085 ], [ 21.544078827000192, 44.574119568000071 ], [ 21.542232513000044, 44.574554444000171 ], [ 21.5394573210001, 44.574657441000113 ], [ 21.535451888000068, 44.573947907000161 ], [ 21.532546997000111, 44.573192597000059 ], [ 21.525552749000155, 44.57083511400009 ], [ 21.518520355000078, 44.568107604000033 ], [ 21.507455826000182, 44.563053132000164 ], [ 21.494573592000108, 44.557788848000143 ], [ 21.493370056, 44.56192016600005 ], [ 21.492771148000031, 44.565143584999987 ], [ 21.492700577000164, 44.568191528000057 ], [ 21.493022919000168, 44.570014953 ], [ 21.494855881000149, 44.574748993000185 ], [ 21.496318817000031, 44.580547332000094 ], [ 21.498180389000026, 44.58365249700006 ], [ 21.50177192700005, 44.587505341000167 ], [ 21.502603531000091, 44.588973999000189 ], [ 21.503004075000035, 44.590518952000025 ], [ 21.502824783999984, 44.592498779000152 ], [ 21.501857758000085, 44.594558716000108 ], [ 21.49913215600003, 44.598991394000052 ], [ 21.498113633, 44.601978301000031 ], [ 21.498067856000034, 44.603565216000163 ], [ 21.498773573999983, 44.607204438000167 ], [ 21.499515534000125, 44.609325408000132 ], [ 21.502548218000015, 44.615650177000077 ], [ 21.502958298000067, 44.617057800000111 ], [ 21.502950668000096, 44.61906433200005 ], [ 21.50082779000013, 44.623893738000106 ], [ 21.497020722000116, 44.630207062000068 ], [ 21.495651245000033, 44.633785249000084 ], [ 21.494533538000042, 44.642383575000053 ], [ 21.494693756000117, 44.644424438000101 ], [ 21.496194839000054, 44.64783096300016 ], [ 21.499837876000129, 44.651756286000136 ], [ 21.507951737000099, 44.658996583000089 ], [ 21.512418746000151, 44.661911012000076 ], [ 21.516332627000054, 44.664085389000149 ], [ 21.518688202000192, 44.665798187000121 ], [ 21.520309448000035, 44.66785812300003 ], [ 21.52116584800018, 44.670211791000099 ], [ 21.521480561000033, 44.672710418000122 ], [ 21.521017074000156, 44.679153443000075 ], [ 21.521213531000114, 44.681518556000071 ], [ 21.522939682000072, 44.684074403000068 ], [ 21.524982452000131, 44.685825348000094 ], [ 21.527444840000157, 44.687404632000039 ], [ 21.534107208000023, 44.690540314000145 ], [ 21.536634446000051, 44.691501618000075 ], [ 21.539211274000081, 44.692131043000188 ], [ 21.542018891000112, 44.69223022500006 ], [ 21.544208526000034, 44.691898347000119 ], [ 21.546297073000062, 44.691261292000092 ], [ 21.551750184000127, 44.688682557000163 ], [ 21.553852082000162, 44.687995912000076 ], [ 21.55607414200017, 44.687587738000104 ], [ 21.558958054000016, 44.687526703000117 ], [ 21.560987472000079, 44.687782287000118 ], [ 21.565982819000112, 44.688858032000041 ], [ 21.570537567000031, 44.690395355000135 ], [ 21.573354721000101, 44.691822051000031 ], [ 21.575977325000167, 44.69348525900017 ], [ 21.583120346000101, 44.698848725 ], [ 21.586429596000187, 44.700561522999976 ], [ 21.594104765999987, 44.703483582000104 ], [ 21.602819442000055, 44.706211090000181 ], [ 21.616561889000138, 44.716522216000158 ], [ 21.616910935000078, 44.714771271000131 ], [ 21.616888046000042, 44.713706971000192 ], [ 21.614841461000083, 44.708992005000141 ], [ 21.61458778400015, 44.708335877000195 ], [ 21.614002228000174, 44.707096100000058 ], [ 21.613191605000168, 44.704772950000176 ], [ 21.612573624000106, 44.701587676000088 ], [ 21.61244011000008, 44.700035096000022 ], [ 21.612459184000045, 44.696166992000087 ], [ 21.612892151000096, 44.690376281000169 ], [ 21.613162994000049, 44.686626435000051 ], [ 21.614019394000024, 44.683914185000162 ], [ 21.615512847000048, 44.68048477200017 ], [ 21.617082596000159, 44.677284240000063 ], [ 21.618190765000065, 44.674915314000145 ], [ 21.619527817000062, 44.672294616000045 ], [ 21.621252061000064, 44.669757842000081 ], [ 21.621641159000092, 44.669281005000187 ], [ 21.622211456000116, 44.668582917000151 ], [ 21.623910903000137, 44.667060853000123 ], [ 21.624269485000184, 44.666664125000182 ], [ 21.625001907000183, 44.666305543000192 ], [ 21.62572288500013, 44.665809632000105 ], [ 21.629653930000075, 44.663753511000039 ], [ 21.631641388000048, 44.662803649000125 ], [ 21.634214401000179, 44.661640167000144 ], [ 21.639402389000111, 44.659942627000021 ], [ 21.642705916000125, 44.65965652400007 ], [ 21.648939133000113, 44.660148622000122 ], [ 21.654096602999971, 44.660713196000131 ], [ 21.660341263000134, 44.661842346000128 ], [ 21.666923523000094, 44.663146973000153 ], [ 21.670757293000065, 44.664176941000107 ], [ 21.674554824000097, 44.664955140000075 ], [ 21.677270889000056, 44.665309906000118 ], [ 21.681497574000105, 44.665584564000142 ], [ 21.685995102000049, 44.665790559000186 ], [ 21.687503815000127, 44.665718078000168 ], [ 21.690599441000074, 44.665615083000091 ], [ 21.694234848000065, 44.665004730000078 ], [ 21.696569443000044, 44.664463044000058 ], [ 21.698064805000115, 44.6640586850001 ], [ 21.701246262000041, 44.662681580000083 ], [ 21.702377319999982, 44.662048341000173 ], [ 21.70492362900012, 44.66067886400009 ], [ 21.708175659000062, 44.658954621000191 ], [ 21.711408615000039, 44.657344818000126 ], [ 21.713888169000029, 44.656230926000148 ], [ 21.716543198000068, 44.655204773000094 ], [ 21.717706681000152, 44.654819490000079 ], [ 21.720359802000189, 44.654258728000059 ], [ 21.722541810000052, 44.654075622000164 ], [ 21.726024628000118, 44.653862 ], [ 21.730337143000156, 44.653850557000112 ], [ 21.731994628000052, 44.653987886000039 ], [ 21.735790253000118, 44.65440750099998 ], [ 21.737508774000162, 44.654632569000171 ], [ 21.738525391000167, 44.654739381000127 ], [ 21.741819381000028, 44.655078889000151 ], [ 21.743947983000112, 44.655433656000071 ], [ 21.74857902500014, 44.656238556000062 ], [ 21.750001907000069, 44.656391144000111 ], [ 21.755901336000136, 44.657798767000088 ], [ 21.758577346000038, 44.65844726500012 ], [ 21.761350631000084, 44.659133912000186 ], [ 21.764141082000151, 44.659790040000132 ], [ 21.769371032000151, 44.660934449000194 ], [ 21.772603988000128, 44.661476135999976 ], [ 21.776908875000061, 44.66194915900013 ], [ 21.781251908000115, 44.662460328000066 ], [ 21.781610490000162, 44.662475586000085 ], [ 21.78303527900016, 44.662643434000131 ], [ 21.788774491000027, 44.663852693000081 ], [ 21.789739609000151, 44.664047242000095 ], [ 21.792917252000052, 44.664394379000157 ], [ 21.794815064000034, 44.664211273000092 ], [ 21.798099518000186, 44.663364410000099 ], [ 21.799083709000172, 44.662849426000093 ], [ 21.801111221000099, 44.661460876000149 ], [ 21.802501679000045, 44.659931184000072 ], [ 21.804506303000153, 44.65753936700014 ], [ 21.807277680000027, 44.655052186000148 ], [ 21.809717176999982, 44.65325164900014 ], [ 21.811347961000081, 44.65226364200015 ], [ 21.812501908000115, 44.65181732200017 ], [ 21.813930512000184, 44.651359558000138 ], [ 21.816144943000154, 44.650966644000164 ], [ 21.817848206000122, 44.650760652000145 ], [ 21.819766998000091, 44.650688171000127 ], [ 21.82301521300019, 44.650665283000194 ], [ 21.826911926000093, 44.650936128000126 ], [ 21.831224442000064, 44.651668549000021 ], [ 21.835527419000186, 44.653049469000109 ], [ 21.838359832000151, 44.654087068000024 ], [ 21.839878083000087, 44.65442657400007 ], [ 21.841936112000099, 44.654666900000052 ], [ 21.843526839, 44.654666900000052 ], [ 21.843751907000183, 44.654685974000017 ], [ 21.846796035000125, 44.654151916000103 ], [ 21.849237442000117, 44.65351867600009 ], [ 21.852077485000166, 44.652759553000067 ], [ 21.856649399000048, 44.651840210000103 ], [ 21.860607147000167, 44.651214601000163 ], [ 21.865228653000088, 44.650852204000103 ], [ 21.869466782000188, 44.650596619000169 ] ] ] ] } },
{ "type": "Feature", "properties": { "fid": 6, "GID_2": "SRB.2.2_1", "GID_0": "SRB", "COUNTRY": "Serbia", "GID_1": "SRB.2_1", "NAME_1": "Braničevski", "NL_NAME_1": "Браничевски", "NAME_2": "Kučevo", "VARNAME_2": "NA", "NL_NAME_2": "Кучево", "TYPE_2": "Opštine", "ENGTYPE_2": "Town|Municipal", "CC_2": "NA", "HASC_2": "NA" }, "geometry": { "type": "MultiPolygon", "coordinates": [ [ [ [ 21.92982101500013, 44.514411926000093 ], [ 21.932197571000131, 44.511352539000143 ], [ 21.933803559000125, 44.508808135000152 ], [ 21.934959411000023, 44.506145478000178 ], [ 21.935367585000051, 44.502864837000061 ], [ 21.934944153000174, 44.499736785000096 ], [ 21.934820175000084, 44.494781495000041 ], [ 21.93434333700003, 44.493255616 ], [ 21.933444977000136, 44.491802216 ], [ 21.929725648000158, 44.487972259000117 ], [ 21.92864227300015, 44.486446380000075 ], [ 21.927106858000172, 44.482597352000084 ], [ 21.925310134000028, 44.475883485000168 ], [ 21.924446106000119, 44.474243163000153 ], [ 21.923309325000105, 44.472721099000182 ], [ 21.91931533800016, 44.468818664000139 ], [ 21.918220519000101, 44.467296600000111 ], [ 21.917434692000143, 44.465660096000079 ], [ 21.916891097000018, 44.463478089000091 ], [ 21.916751863000059, 44.46123123100017 ], [ 21.916973113000097, 44.458980560000043 ], [ 21.917598725000119, 44.456790925000121 ], [ 21.922071457000186, 44.448852539000029 ], [ 21.923826217000112, 44.444637298000032 ], [ 21.924716949000072, 44.441753388000166 ], [ 21.924619674000098, 44.439723968000123 ], [ 21.923757553000087, 44.437622070000145 ], [ 21.919561387000158, 44.430068970000093 ], [ 21.918176652000113, 44.428215026000032 ], [ 21.916315080000061, 44.426765443000079 ], [ 21.914537429000177, 44.426097870000149 ], [ 21.912477493000097, 44.425693513000169 ], [ 21.909442903000183, 44.425441741000157 ], [ 21.902957916000162, 44.42550659200009 ], [ 21.899690627999973, 44.425739288000159 ], [ 21.892246247000173, 44.42671585100004 ], [ 21.889247894000164, 44.426731109000059 ], [ 21.886930465000148, 44.426399231000119 ], [ 21.884725570000057, 44.425773622000179 ], [ 21.882030488, 44.424514770000087 ], [ 21.878232955000158, 44.421710969000173 ], [ 21.877017976000047, 44.42041778600003 ], [ 21.874269485000127, 44.416522981000071 ], [ 21.87184333800019, 44.414016724000135 ], [ 21.869619369000134, 44.412307739000028 ], [ 21.86632537800017, 44.41043090800008 ], [ 21.864208221000013, 44.408817292000151 ], [ 21.863170624000077, 44.407505036000089 ], [ 21.858257294000168, 44.399307252000028 ], [ 21.857118606000085, 44.397891997999977 ], [ 21.855730056000141, 44.396694184000182 ], [ 21.854043962000048, 44.395809173000032 ], [ 21.852165221000121, 44.395233155000028 ], [ 21.849174499000128, 44.395046234000063 ], [ 21.847414016000016, 44.395397185999968 ], [ 21.837917328000117, 44.398334504 ], [ 21.83490562500009, 44.398757936000038 ], [ 21.831838609000158, 44.398796082 ], [ 21.828868867000097, 44.398429871000189 ], [ 21.826906205000057, 44.397880555000029 ], [ 21.823139191000166, 44.396209717000147 ], [ 21.821493149, 44.395069123000098 ], [ 21.820247651000159, 44.393676758000083 ], [ 21.819372177000048, 44.392089844000054 ], [ 21.818656921000184, 44.389514923000092 ], [ 21.817691803000059, 44.378494264000153 ], [ 21.816911697000023, 44.375919343000135 ], [ 21.815177918000188, 44.373073578000174 ], [ 21.813657762000162, 44.37120056200007 ], [ 21.811582565000151, 44.369430541999975 ], [ 21.809083938000072, 44.367923736000193 ], [ 21.802154540000174, 44.365192413000102 ], [ 21.799663544000111, 44.363784790000068 ], [ 21.797325134000062, 44.361240388 ], [ 21.795591355000056, 44.358486176000042 ], [ 21.794773102000136, 44.355957031000116 ], [ 21.7942657480001, 44.35052108800005 ], [ 21.794706344000133, 44.345073700000171 ], [ 21.79549789400005, 44.342514038000104 ], [ 21.796421052000085, 44.340919495000094 ], [ 21.797704697000142, 44.339492799000141 ], [ 21.799358367000025, 44.338253021000071 ], [ 21.808523179000133, 44.332836152000141 ], [ 21.811346054000012, 44.330074310000043 ], [ 21.81302833500007, 44.327377319000107 ], [ 21.813365936000025, 44.325355529000149 ], [ 21.812931060000096, 44.323326111000142 ], [ 21.811668396000073, 44.321277618000181 ], [ 21.808345795000037, 44.317295074000185 ], [ 21.807235718000129, 44.315227509000067 ], [ 21.807102202000067, 44.313102722000053 ], [ 21.807846069000107, 44.310955049000086 ], [ 21.812902451000127, 44.303359986000032 ], [ 21.815656663000084, 44.298110962000067 ], [ 21.811246871000094, 44.297298432000161 ], [ 21.803613663000192, 44.295417786000144 ], [ 21.800292968000122, 44.29478836100003 ], [ 21.797193528000037, 44.294742584000062 ], [ 21.790794372999983, 44.295829773000037 ], [ 21.784404754000036, 44.296268463000104 ], [ 21.781177520000028, 44.296165466 ], [ 21.770599364000191, 44.294914245000143 ], [ 21.76747322000017, 44.294940949000022 ], [ 21.764417649, 44.295280457000047 ], [ 21.762121199999967, 44.295806884000172 ], [ 21.759981156000038, 44.296562195000092 ], [ 21.754533769000034, 44.29940033000014 ], [ 21.752443313000128, 44.300258638000116 ], [ 21.745336533000057, 44.302352906000181 ], [ 21.743413925000141, 44.303096771000185 ], [ 21.740911483000048, 44.304595948000156 ], [ 21.737602233000132, 44.307033540000077 ], [ 21.726675033, 44.313556671000015 ], [ 21.721958160000099, 44.317604065000069 ], [ 21.720275879000098, 44.318450928000061 ], [ 21.718381882000131, 44.319004059000065 ], [ 21.715562820000116, 44.319221496000068 ], [ 21.712781907000135, 44.318603515000177 ], [ 21.707452775000093, 44.316036225 ], [ 21.703008652, 44.314720153 ], [ 21.699951171000066, 44.314361573000042 ], [ 21.69685363800005, 44.314342498000144 ], [ 21.693841935000137, 44.314689637000185 ], [ 21.691616058000079, 44.315265656000122 ], [ 21.689605714000038, 44.316123963000166 ], [ 21.686237336000033, 44.318572998000036 ], [ 21.682479858000022, 44.321971893000182 ], [ 21.677354812000146, 44.327522278000117 ], [ 21.671997071000135, 44.332275391 ], [ 21.670248032000131, 44.333446503000118 ], [ 21.668224335000104, 44.334354401000098 ], [ 21.665964126000063, 44.335002899000074 ], [ 21.66286659300016, 44.335479736000025 ], [ 21.659591675000115, 44.335678100000109 ], [ 21.652809142000137, 44.335449219000054 ], [ 21.649412155000164, 44.334976197 ], [ 21.638334274000101, 44.332481385 ], [ 21.628332138000133, 44.330501557000161 ], [ 21.615720749000161, 44.336662293000074 ], [ 21.612655640000128, 44.338470459000121 ], [ 21.610155106000036, 44.34053039500003 ], [ 21.602155686000174, 44.34854126 ], [ 21.600770951000129, 44.350658417000147 ], [ 21.600151062000066, 44.352779389000091 ], [ 21.600114823000183, 44.354953766000165 ], [ 21.600599288000183, 44.357105256000182 ], [ 21.604223251000121, 44.364944459000185 ], [ 21.604444503000138, 44.366970062000178 ], [ 21.603958130000137, 44.36892318800011 ], [ 21.602491379000185, 44.370861054000045 ], [ 21.600170135000155, 44.37243652300009 ], [ 21.593587875000139, 44.375339508000081 ], [ 21.590711595000187, 44.377361297999983 ], [ 21.589237213000047, 44.379318237000177 ], [ 21.587846756000033, 44.383579255000143 ], [ 21.586948396000139, 44.385490416999971 ], [ 21.583936692000179, 44.389324189000149 ], [ 21.582765580000057, 44.391212465000024 ], [ 21.581577301999971, 44.395576477000191 ], [ 21.577714921000052, 44.401275634000172 ], [ 21.577184676000172, 44.403190613000106 ], [ 21.577259064000089, 44.405181885000161 ], [ 21.578546525000149, 44.410015106000117 ], [ 21.578722, 44.411441803000116 ], [ 21.578468323000038, 44.413459777000128 ], [ 21.573631287000069, 44.422611236000137 ], [ 21.572874069000079, 44.42525863700007 ], [ 21.572546006000039, 44.428016662000118 ], [ 21.572685242000034, 44.43356323200004 ], [ 21.573753357000044, 44.439167022000049 ], [ 21.573690415000158, 44.441219330000024 ], [ 21.571487426000033, 44.448722840000073 ], [ 21.571746825999981, 44.450553893000119 ], [ 21.573856355000032, 44.454231263000111 ], [ 21.574327469000082, 44.455997468000135 ], [ 21.573833466000167, 44.457462312000189 ], [ 21.572591781000028, 44.458805085000165 ], [ 21.571006774000068, 44.459823608000136 ], [ 21.567266464, 44.461444856000185 ], [ 21.565284728, 44.46203613299997 ], [ 21.561456681000095, 44.462635041000169 ], [ 21.557409287000041, 44.462821960000099 ], [ 21.553327560000128, 44.462722778000057 ], [ 21.545055390000073, 44.461750030000019 ], [ 21.542009353000026, 44.461616516000163 ], [ 21.538991929000133, 44.461841584000126 ], [ 21.527776718000041, 44.464515687000187 ], [ 21.518659591000016, 44.466339112000128 ], [ 21.512805939000089, 44.46844100900006 ], [ 21.51105117700007, 44.469371795000143 ], [ 21.509090422999975, 44.471050263000109 ], [ 21.507440568000163, 44.473064423000153 ], [ 21.50547409100011, 44.476158143000134 ], [ 21.502338409000174, 44.485706330000141 ], [ 21.500728608000145, 44.489631654 ], [ 21.500974655000164, 44.495296479000046 ], [ 21.500438690000124, 44.498031616000105 ], [ 21.497375489000035, 44.506294250000053 ], [ 21.494953155000189, 44.508934021000073 ], [ 21.492467881000096, 44.510520935000102 ], [ 21.490356444999975, 44.511070251000092 ], [ 21.480386735000025, 44.511760711000193 ], [ 21.47791480900014, 44.51219177400003 ], [ 21.47026443600015, 44.515110016000108 ], [ 21.465251923000096, 44.516685487000188 ], [ 21.467212678000067, 44.526054383000144 ], [ 21.468467712000177, 44.53006362900004 ], [ 21.469959259000063, 44.533199311000146 ], [ 21.471498489000055, 44.540580749000185 ], [ 21.472223282000073, 44.542308808000087 ], [ 21.473274232000165, 44.54370880099998 ], [ 21.47615623400003, 44.546264647999976 ], [ 21.481414796000081, 44.549663545000101 ], [ 21.485759734000055, 44.551414489000024 ], [ 21.493429184000149, 44.553165436000029 ], [ 21.494995117000087, 44.553939819999982 ], [ 21.495729446000041, 44.55513000600007 ], [ 21.495601653, 44.556255341000167 ], [ 21.494573592000108, 44.557788848000143 ], [ 21.507455826000182, 44.563053132000164 ], [ 21.518520355000078, 44.568107604000033 ], [ 21.525552749000155, 44.57083511400009 ], [ 21.532546997000111, 44.573192597000059 ], [ 21.535451888000068, 44.573947907000161 ], [ 21.5394573210001, 44.574657441000113 ], [ 21.542232513000044, 44.574554444000171 ], [ 21.544078827000192, 44.574119568000071 ], [ 21.547521591000134, 44.572631836000085 ], [ 21.548862456000165, 44.571620941000049 ], [ 21.549631120000129, 44.570442201 ], [ 21.549739837000175, 44.569198608000079 ], [ 21.548679352000079, 44.567569734000131 ], [ 21.540336609000178, 44.562843322000049 ], [ 21.538654328000177, 44.561607362000075 ], [ 21.537347794000084, 44.56016159100011 ], [ 21.53641510000017, 44.558547974000078 ], [ 21.535753250000141, 44.556343078000054 ], [ 21.535558700000024, 44.554058076 ], [ 21.535793304000038, 44.55179977500012 ], [ 21.536529541000164, 44.549674988000106 ], [ 21.538103104000015, 44.547645570000043 ], [ 21.540367126000149, 44.546150208000142 ], [ 21.541980744000057, 44.545509338000045 ], [ 21.543666840000128, 44.545192718000123 ], [ 21.546371460000103, 44.545516968000129 ], [ 21.548841476000177, 44.546665192000091 ], [ 21.550285340000073, 44.547885894000046 ], [ 21.554164887000184, 44.552661895000028 ], [ 21.556837082000072, 44.555503846000079 ], [ 21.558429717000081, 44.556873322000058 ], [ 21.562259674000188, 44.559139251000033 ], [ 21.56603050300015, 44.56085205100004 ], [ 21.568853378000028, 44.561809539000194 ], [ 21.572938919000137, 44.562900543000069 ], [ 21.575965881000116, 44.563247681000178 ], [ 21.57902908300008, 44.563220978000174 ], [ 21.582010269000023, 44.562816621000195 ], [ 21.585372925000058, 44.561817169000108 ], [ 21.58721351600002, 44.561023712000122 ], [ 21.594953536000048, 44.55702972500012 ], [ 21.60898208600014, 44.548751832000107 ], [ 21.611118316000159, 44.547908783000082 ], [ 21.613433837000116, 44.547294616000158 ], [ 21.617185593000045, 44.546760559000063 ], [ 21.625034333000031, 44.54656982500012 ], [ 21.628927231000091, 44.54682159400005 ], [ 21.632659913000168, 44.547405244000061 ], [ 21.634742738000114, 44.547958375000064 ], [ 21.639621734000059, 44.549545289000093 ], [ 21.644807815000092, 44.551593780000019 ], [ 21.64747619700006, 44.55243301400003 ], [ 21.650480270000173, 44.552955627000188 ], [ 21.656719208000027, 44.553153991000102 ], [ 21.663858415000163, 44.552551270000038 ], [ 21.666700363000132, 44.552684784000064 ], [ 21.674539566000078, 44.554683685000157 ], [ 21.677484513000138, 44.555171967999968 ], [ 21.685216903000082, 44.555992126000149 ], [ 21.6864681240001, 44.556304931 ], [ 21.688993455000059, 44.557487489000152 ], [ 21.691356659000064, 44.559032441000113 ], [ 21.693700791000026, 44.560680389000026 ], [ 21.695747376000156, 44.562507629000038 ], [ 21.700294495000037, 44.569248200000061 ], [ 21.70529556200006, 44.574649810999972 ], [ 21.707193375000145, 44.576248168000177 ], [ 21.709365845000093, 44.577644348000035 ], [ 21.711774825000134, 44.578769684000065 ], [ 21.719020844000056, 44.580825805000131 ], [ 21.721813203000067, 44.58227920600018 ], [ 21.732999802000109, 44.590438843000072 ], [ 21.736392974000182, 44.595222473999968 ], [ 21.739097595000032, 44.595214844000054 ], [ 21.739740371000153, 44.595146179000153 ], [ 21.740249634000065, 44.59487533600003 ], [ 21.741455078000172, 44.593994142000156 ], [ 21.746059417000026, 44.594310762000021 ], [ 21.749286651000034, 44.594142914000031 ], [ 21.751598359000184, 44.593750001000103 ], [ 21.755468368000038, 44.592735291000167 ], [ 21.765058517000114, 44.589664459000119 ], [ 21.772380828000109, 44.587665558000026 ], [ 21.775554656000168, 44.58718109300014 ], [ 21.785116197000036, 44.58638381999998 ], [ 21.789138793000177, 44.585529328000177 ], [ 21.791223526000067, 44.584262848000037 ], [ 21.792047501000127, 44.583007812000062 ], [ 21.794095993000155, 44.577987672 ], [ 21.795143127000131, 44.576484681000125 ], [ 21.798910141000022, 44.572616578000066 ], [ 21.799968720000152, 44.571163177000187 ], [ 21.80192375200005, 44.567447663000053 ], [ 21.803239821000147, 44.565921784000182 ], [ 21.805028915000037, 44.564624786000138 ], [ 21.806978226000126, 44.563758850000113 ], [ 21.809190750000027, 44.563133241000116 ], [ 21.812231065000162, 44.562618257000167 ], [ 21.818582535000075, 44.561882020000041 ], [ 21.821670532000041, 44.561336517000143 ], [ 21.828622818000099, 44.559185028 ], [ 21.836360931000058, 44.556011200000171 ], [ 21.846397401000047, 44.553386689000149 ], [ 21.859994888000017, 44.55103302100008 ], [ 21.863155364000079, 44.550640106000174 ], [ 21.875911712000175, 44.549701691000053 ], [ 21.878009797000118, 44.549270631000127 ], [ 21.879852296000081, 44.548599243000183 ], [ 21.881895065000094, 44.547183991000111 ], [ 21.889545440000063, 44.539379120000149 ], [ 21.894906997000078, 44.535869598000033 ], [ 21.901531220000038, 44.528091431000121 ], [ 21.903774262000184, 44.526504517000092 ], [ 21.907083512000099, 44.524604798000041 ], [ 21.909158707000074, 44.522819519 ], [ 21.911615372000085, 44.520088196000074 ], [ 21.913997651000102, 44.518230439000092 ], [ 21.915889740000068, 44.517295838000109 ], [ 21.91804122800005, 44.516532897000161 ], [ 21.921611786000085, 44.515647888000046 ], [ 21.92982101500013, 44.514411926000093 ] ] ] ] } },
{ "type": "Feature", "properties": { "fid": 7, "GID_2": "SRB.2.3_1", "GID_0": "SRB", "COUNTRY": "Serbia", "GID_1": "SRB.2_1", "NAME_1": "Braničevski", "NL_NAME_1": "Браничевски", "NAME_2": "Malo Crniće", "VARNAME_2": "NA", "NL_NAME_2": "Мало Црниће", "TYPE_2": "Opštine", "ENGTYPE_2": "Town|Municipal", "CC_2": "NA", "HASC_2": "NA" }, "geometry": { "type": "MultiPolygon", "coordinates": [ [ [ [ 21.465251923000096, 44.516685487000188 ], [ 21.47026443600015, 44.515110016000108 ], [ 21.47791480900014, 44.51219177400003 ], [ 21.480386735000025, 44.511760711000193 ], [ 21.490356444999975, 44.511070251000092 ], [ 21.492467881000096, 44.510520935000102 ], [ 21.494953155000189, 44.508934021000073 ], [ 21.497375489000035, 44.506294250000053 ], [ 21.500438690000124, 44.498031616000105 ], [ 21.500974655000164, 44.495296479000046 ], [ 21.500728608000145, 44.489631654 ], [ 21.495670319, 44.489395141000102 ], [ 21.482530593000149, 44.48805618300014 ], [ 21.470832825, 44.485904694 ], [ 21.466957093000133, 44.485439300000053 ], [ 21.455060958000047, 44.484821319000162 ], [ 21.451255798000147, 44.484386444000165 ], [ 21.440750123000157, 44.482624053000109 ], [ 21.435636521000049, 44.481506348000096 ], [ 21.430738449000103, 44.480026246000193 ], [ 21.424058913000067, 44.477573394000103 ], [ 21.418468476000157, 44.474803924000071 ], [ 21.416732787000171, 44.473636627000076 ], [ 21.415281297000149, 44.472278596000024 ], [ 21.412496566000073, 44.468864441000107 ], [ 21.408845902000166, 44.465457916000048 ], [ 21.404115676000117, 44.462291718000074 ], [ 21.401294709000013, 44.460937500000114 ], [ 21.396619797000142, 44.459560395000153 ], [ 21.38736152600012, 44.457828522000113 ], [ 21.379512786000191, 44.454841614000088 ], [ 21.372585296000011, 44.452789308000092 ], [ 21.36952209500015, 44.452358245000028 ], [ 21.366359712000076, 44.452232362000188 ], [ 21.36318397500014, 44.452350617000093 ], [ 21.360078812000154, 44.452739716000053 ], [ 21.349826812000117, 44.454895019000105 ], [ 21.346975326000063, 44.45565796000011 ], [ 21.340778351000097, 44.457893372000171 ], [ 21.338785172000087, 44.458347321000133 ], [ 21.335859298000116, 44.458614350000119 ], [ 21.332908630000077, 44.458431245000156 ], [ 21.325981140000124, 44.456703186000084 ], [ 21.317419051000172, 44.453449249000073 ], [ 21.313814162000085, 44.451515198000152 ], [ 21.312242508000054, 44.450355531000071 ], [ 21.311090469000021, 44.449005128000124 ], [ 21.310337067000034, 44.447525024000072 ], [ 21.309312821000049, 44.444084167000028 ], [ 21.307693480000069, 44.44052124000018 ], [ 21.304153442000086, 44.43543243400012 ], [ 21.302305222000143, 44.433326721000071 ], [ 21.300756455000112, 44.431961059000059 ], [ 21.288648605, 44.422126771000137 ], [ 21.282512665000183, 44.430454253999983 ], [ 21.280878066000014, 44.433158875000061 ], [ 21.277545930000031, 44.439792634000128 ], [ 21.27568817100007, 44.44198226900005 ], [ 21.268363952000072, 44.447349548000091 ], [ 21.263856888000191, 44.452823639000144 ], [ 21.261850357000128, 44.454280853000114 ], [ 21.255331039000055, 44.456111908000025 ], [ 21.252845765000131, 44.457080841000163 ], [ 21.248081207000041, 44.459533691000047 ], [ 21.244489671000053, 44.461872101000097 ], [ 21.241996764000135, 44.464862824000193 ], [ 21.2396011350001, 44.469123841000055 ], [ 21.238098144000162, 44.471088410000164 ], [ 21.232542039000066, 44.477024078000113 ], [ 21.228101731000038, 44.480495453000174 ], [ 21.224988937000035, 44.482147216000158 ], [ 21.223302841000134, 44.482452393000131 ], [ 21.217918396000073, 44.491088867000087 ], [ 21.213973999000132, 44.496086121000189 ], [ 21.211563111000146, 44.49822998000019 ], [ 21.205547334000187, 44.501934051000148 ], [ 21.203889846000038, 44.503711701000157 ], [ 21.202728272000172, 44.505756378000115 ], [ 21.201951980000104, 44.50785827600015 ], [ 21.201402664000113, 44.51152038500004 ], [ 21.201768874000038, 44.513641356999983 ], [ 21.202344894000078, 44.515075684000124 ], [ 21.20417594900016, 44.517894746000138 ], [ 21.20925521800001, 44.521873475000064 ], [ 21.211029053000175, 44.523445129000095 ], [ 21.212406158000135, 44.525100709000128 ], [ 21.213247299000045, 44.526912689000085 ], [ 21.213489532999972, 44.528160095000089 ], [ 21.213417053000057, 44.529010772000049 ], [ 21.212074280000024, 44.532505035999975 ], [ 21.212282182000024, 44.533760072000121 ], [ 21.213081359000171, 44.534973144000105 ], [ 21.215093613000022, 44.536468506000176 ], [ 21.218547821000186, 44.537967682000044 ], [ 21.226409912000122, 44.53954696600016 ], [ 21.228260040000066, 44.540077210000163 ], [ 21.230230331000087, 44.541286469000113 ], [ 21.230804443000181, 44.542381286000193 ], [ 21.230794907000131, 44.543609619000165 ], [ 21.230306626000129, 44.54481125000018 ], [ 21.225004196000157, 44.553653717000032 ], [ 21.223241805999976, 44.557102203000113 ], [ 21.222818375000031, 44.558490753000058 ], [ 21.222946167000146, 44.560413361000144 ], [ 21.224210738000068, 44.562355042000149 ], [ 21.226467132000039, 44.563949584000056 ], [ 21.232486726000047, 44.566642761000082 ], [ 21.239358903000095, 44.569084167000085 ], [ 21.244333266000183, 44.570587158000194 ], [ 21.248544693000042, 44.571651460000169 ], [ 21.251684188000183, 44.572109222 ], [ 21.261486053, 44.572837830000083 ], [ 21.264659881000057, 44.573265076000098 ], [ 21.274330139000142, 44.575649262000184 ], [ 21.276561737, 44.576450348000037 ], [ 21.279375076000179, 44.577892303000056 ], [ 21.281623841000169, 44.579719543000067 ], [ 21.28277397200003, 44.58101272600004 ], [ 21.283647538000025, 44.582397461000141 ], [ 21.284299851000071, 44.584518433000085 ], [ 21.28440475400015, 44.586734772000057 ], [ 21.283296585000016, 44.591949464000095 ], [ 21.283216476000064, 44.594032288999983 ], [ 21.283813476000091, 44.595973970000159 ], [ 21.285314559000028, 44.59770584100005 ], [ 21.287515640000152, 44.598995209000122 ], [ 21.289485932000105, 44.599578858000029 ], [ 21.291624070000069, 44.599815370000044 ], [ 21.29927635100006, 44.599227905000191 ], [ 21.31456947300012, 44.598487855000087 ], [ 21.321838378000166, 44.597652436000146 ], [ 21.327871323000068, 44.596393585000158 ], [ 21.330682755000169, 44.596328736000032 ], [ 21.336566926000046, 44.597282411000151 ], [ 21.339456559000155, 44.597541808000017 ], [ 21.346193314, 44.59746551500001 ], [ 21.348270417000037, 44.597751618000189 ], [ 21.35022544800006, 44.598361969000109 ], [ 21.352003097000136, 44.599258424000141 ], [ 21.361024857000189, 44.604785920000097 ], [ 21.363836289000119, 44.606159210000044 ], [ 21.378921508000076, 44.612422943000013 ], [ 21.387865067000121, 44.615760804000047 ], [ 21.389268875000141, 44.614837646000069 ], [ 21.392557144000136, 44.613639832000104 ], [ 21.39878273100004, 44.612209321000137 ], [ 21.400995255000112, 44.611488342000087 ], [ 21.402927398000031, 44.610492707 ], [ 21.404478073000178, 44.609203340000192 ], [ 21.405704498000148, 44.607707977000189 ], [ 21.409116745000119, 44.60208511400009 ], [ 21.415683746000184, 44.592868804000091 ], [ 21.416610719, 44.590297699000075 ], [ 21.417299271000161, 44.584873200000061 ], [ 21.417291641000077, 44.579467774000079 ], [ 21.416780472000141, 44.57548141500007 ], [ 21.416395187000148, 44.574504852000189 ], [ 21.415016174000186, 44.572547912000061 ], [ 21.410001754000064, 44.567649842000151 ], [ 21.409177780999983, 44.566364288000045 ], [ 21.408687592000035, 44.564434052000195 ], [ 21.408975601000122, 44.562473297000054 ], [ 21.410066605000168, 44.560455323000042 ], [ 21.415243150000094, 44.554237366000109 ], [ 21.417026521000139, 44.550842285000101 ], [ 21.417533875, 44.548725128000171 ], [ 21.417781829000091, 44.542968751000046 ], [ 21.418268204000128, 44.540958404000094 ], [ 21.419298172000083, 44.539169313000116 ], [ 21.421285628000192, 44.537551880000137 ], [ 21.427970886000026, 44.533668518000184 ], [ 21.434560775000023, 44.528717041 ], [ 21.438564300000053, 44.52655029400006 ], [ 21.445085526000128, 44.523715974000027 ], [ 21.465251923000096, 44.516685487000188 ] ] ] ] } },
{ "type": "Feature", "properties": { "fid": 8, "GID_2": "SRB.2.4_1", "GID_0": "SRB", "COUNTRY": "Serbia", "GID_1": "SRB.2_1", "NAME_1": "Braničevski", "NL_NAME_1": "Браничевски", "NAME_2": "Petrovac", "VARNAME_2": "Petrovac na Mlavi", "NL_NAME_2": "Петровац|Петровац на Млави", "TYPE_2": "Opštine", "ENGTYPE_2": "Town|Municipal", "CC_2": "NA", "HASC_2": "NA" }, "geometry": { "type": "MultiPolygon", "coordinates": [ [ [ [ 21.500728608000145, 44.489631654 ], [ 21.502338409000174, 44.485706330000141 ], [ 21.50547409100011, 44.476158143000134 ], [ 21.507440568000163, 44.473064423000153 ], [ 21.509090422999975, 44.471050263000109 ], [ 21.51105117700007, 44.469371795000143 ], [ 21.512805939000089, 44.46844100900006 ], [ 21.518659591000016, 44.466339112000128 ], [ 21.527776718000041, 44.464515687000187 ], [ 21.538991929000133, 44.461841584000126 ], [ 21.542009353000026, 44.461616516000163 ], [ 21.545055390000073, 44.461750030000019 ], [ 21.553327560000128, 44.462722778000057 ], [ 21.557409287000041, 44.462821960000099 ], [ 21.561456681000095, 44.462635041000169 ], [ 21.565284728, 44.46203613299997 ], [ 21.567266464, 44.461444856000185 ], [ 21.571006774000068, 44.459823608000136 ], [ 21.572591781000028, 44.458805085000165 ], [ 21.573833466000167, 44.457462312000189 ], [ 21.574327469000082, 44.455997468000135 ], [ 21.573856355000032, 44.454231263000111 ], [ 21.571746825999981, 44.450553893000119 ], [ 21.571487426000033, 44.448722840000073 ], [ 21.573690415000158, 44.441219330000024 ], [ 21.573753357000044, 44.439167022000049 ], [ 21.572685242000034, 44.43356323200004 ], [ 21.572546006000039, 44.428016662000118 ], [ 21.572874069000079, 44.42525863700007 ], [ 21.573631287000069, 44.422611236000137 ], [ 21.578468323000038, 44.413459777000128 ], [ 21.578722, 44.411441803000116 ], [ 21.578546525000149, 44.410015106000117 ], [ 21.577259064000089, 44.405181885000161 ], [ 21.577184676000172, 44.403190613000106 ], [ 21.577714921000052, 44.401275634000172 ], [ 21.581577301999971, 44.395576477000191 ], [ 21.582765580000057, 44.391212465000024 ], [ 21.583936692000179, 44.389324189000149 ], [ 21.586948396000139, 44.385490416999971 ], [ 21.587846756000033, 44.383579255000143 ], [ 21.589237213000047, 44.379318237000177 ], [ 21.590711595000187, 44.377361297999983 ], [ 21.593587875000139, 44.375339508000081 ], [ 21.600170135000155, 44.37243652300009 ], [ 21.602491379000185, 44.370861054000045 ], [ 21.603958130000137, 44.36892318800011 ], [ 21.604444503000138, 44.366970062000178 ], [ 21.604223251000121, 44.364944459000185 ], [ 21.600599288000183, 44.357105256000182 ], [ 21.600114823000183, 44.354953766000165 ], [ 21.600151062000066, 44.352779389000091 ], [ 21.600770951000129, 44.350658417000147 ], [ 21.602155686000174, 44.34854126 ], [ 21.610155106000036, 44.34053039500003 ], [ 21.612655640000128, 44.338470459000121 ], [ 21.615720749000161, 44.336662293000074 ], [ 21.628332138000133, 44.330501557000161 ], [ 21.624214172000109, 44.326011657000095 ], [ 21.616350174000104, 44.318767548000153 ], [ 21.614423751000174, 44.31656646700003 ], [ 21.611551284000086, 44.31238937400019 ], [ 21.610340119000114, 44.311035156000059 ], [ 21.606529236000029, 44.30796432600016 ], [ 21.603649139000026, 44.306526184000177 ], [ 21.601415634000091, 44.30569839500015 ], [ 21.589225770000098, 44.301868438000099 ], [ 21.577285766000159, 44.297554016000163 ], [ 21.574663162999968, 44.296813964000194 ], [ 21.571775437000156, 44.296409607000044 ], [ 21.565092087000153, 44.296333314000037 ], [ 21.56309318600006, 44.295989990000066 ], [ 21.561281203000135, 44.295303344999979 ], [ 21.559747696000159, 44.294269562000181 ], [ 21.558420182000134, 44.293003083000087 ], [ 21.556486131000042, 44.290374757000052 ], [ 21.55551529000013, 44.287712097 ], [ 21.554361344000029, 44.282089234000125 ], [ 21.553405762000182, 44.279430389000083 ], [ 21.551858902000106, 44.277130127000191 ], [ 21.54814147999997, 44.273326873000144 ], [ 21.546726226000146, 44.271057129000098 ], [ 21.546146394000118, 44.268993378000118 ], [ 21.54604339600013, 44.266845704000048 ], [ 21.547056199000167, 44.261756896000179 ], [ 21.547126770000034, 44.259700775000169 ], [ 21.546571731000029, 44.257743836000145 ], [ 21.54503250200014, 44.255844117000095 ], [ 21.542583465000121, 44.254383088000054 ], [ 21.540477753000118, 44.253578186000084 ], [ 21.532686233000106, 44.251556396000126 ], [ 21.527057647000163, 44.24963760300011 ], [ 21.517862321000166, 44.245349885000053 ], [ 21.512351990000127, 44.242275238000104 ], [ 21.510761261000027, 44.24105834900007 ], [ 21.509595871000101, 44.23965835600012 ], [ 21.508876800000166, 44.23812484900003 ], [ 21.50861549300015, 44.23608398500005 ], [ 21.509063721000075, 44.234050750000165 ], [ 21.510517120000031, 44.231735229000151 ], [ 21.511774063000189, 44.230480195000041 ], [ 21.516750336000086, 44.226879119000159 ], [ 21.524789811000119, 44.221710205000079 ], [ 21.530437470000095, 44.218669892000094 ], [ 21.537460327000076, 44.215827942000146 ], [ 21.539682389000063, 44.214309693000018 ], [ 21.540611266999974, 44.213020325000116 ], [ 21.541145325000116, 44.211570740000184 ], [ 21.541385651000098, 44.209503175000066 ], [ 21.541133881000064, 44.207401276000155 ], [ 21.540325164000024, 44.205402375000062 ], [ 21.538106917000107, 44.202945710000108 ], [ 21.535730361000105, 44.201396943000134 ], [ 21.52766609300005, 44.198699951000094 ], [ 21.524848938000105, 44.19728851300016 ], [ 21.514936447000025, 44.191417695000098 ], [ 21.511928558000079, 44.189987183000028 ], [ 21.506933212000149, 44.18832397500006 ], [ 21.497962950999977, 44.185840606000056 ], [ 21.491411209000034, 44.183341979000147 ], [ 21.487827301000152, 44.181690217000096 ], [ 21.481784821000076, 44.179904938000107 ], [ 21.475505829000156, 44.178939820000153 ], [ 21.470033645000171, 44.178550720000146 ], [ 21.467609406, 44.178646087000118 ], [ 21.465312958000084, 44.179008484000178 ], [ 21.463304520000179, 44.179615022000064 ], [ 21.456214905000024, 44.182895660999975 ], [ 21.453580856000144, 44.184547425000062 ], [ 21.44735145500016, 44.190036773000031 ], [ 21.444854737000128, 44.191593171000193 ], [ 21.442815780000103, 44.19256210400016 ], [ 21.438770295000154, 44.194011689000149 ], [ 21.436807633000114, 44.19446182300004 ], [ 21.433940888000166, 44.194664002000025 ], [ 21.413993836000145, 44.193290710000042 ], [ 21.410045624000134, 44.192729949000125 ], [ 21.407558442000038, 44.192115783000133 ], [ 21.405221938000182, 44.191268921000187 ], [ 21.402414321000094, 44.189758300000165 ], [ 21.400039673000094, 44.187911988000167 ], [ 21.398754120000035, 44.186553955000193 ], [ 21.396377563000158, 44.183025360000158 ], [ 21.394828796000184, 44.181407928999988 ], [ 21.393634797000061, 44.18083572400019 ], [ 21.381391526000186, 44.181022645000098 ], [ 21.377666473999966, 44.180919648000042 ], [ 21.369432449000044, 44.180046082000047 ], [ 21.366218568000136, 44.179988862000073 ], [ 21.363164902000051, 44.180366517000152 ], [ 21.361177444000077, 44.180919648000042 ], [ 21.357479096000191, 44.182540894000056 ], [ 21.355966567000166, 44.183586121000133 ], [ 21.354324340000062, 44.185935973000028 ], [ 21.353979111000058, 44.187690735000103 ], [ 21.354827881000119, 44.18937683200005 ], [ 21.359806060000153, 44.194152833000089 ], [ 21.361558914000057, 44.196487428000069 ], [ 21.364635468000074, 44.202854156000171 ], [ 21.368213654000158, 44.208499908000135 ], [ 21.368625641000051, 44.210544586000026 ], [ 21.368307113000185, 44.212543488 ], [ 21.367378235000047, 44.214195252000081 ], [ 21.365970611000137, 44.215621949000081 ], [ 21.363664628000038, 44.216915130000075 ], [ 21.361644746000024, 44.217384339000091 ], [ 21.353271484000174, 44.218215943000132 ], [ 21.350347519000138, 44.21882629400011 ], [ 21.346759796000185, 44.220363617000032 ], [ 21.34447669900004, 44.222000123000043 ], [ 21.341089248000117, 44.226711274000024 ], [ 21.335821151000061, 44.232711793000135 ], [ 21.334529878000069, 44.234783172000164 ], [ 21.333990097000083, 44.236846924000076 ], [ 21.334047318000103, 44.238945006999984 ], [ 21.334682465000185, 44.241874695000092 ], [ 21.33479881300002, 44.243995665999989 ], [ 21.334383011000114, 44.246109008000076 ], [ 21.332862855000087, 44.24898529 ], [ 21.33054733299997, 44.252140045000033 ], [ 21.328449250000062, 44.254192352000075 ], [ 21.325883865000151, 44.256000519000054 ], [ 21.314851761000057, 44.261932374000139 ], [ 21.292676926000183, 44.275680541000156 ], [ 21.291067124, 44.275859831999981 ], [ 21.285821915000099, 44.275836946000084 ], [ 21.28350830200003, 44.276092530000085 ], [ 21.281461716000024, 44.276660919000108 ], [ 21.279205323000099, 44.278152467000041 ], [ 21.277971268000044, 44.280139923000036 ], [ 21.277793884000118, 44.282104492000144 ], [ 21.280048370000145, 44.289581300000066 ], [ 21.279916764000063, 44.290927888000112 ], [ 21.279289246000189, 44.292167663999976 ], [ 21.277439118000075, 44.293701173000159 ], [ 21.271526336000022, 44.297019959000124 ], [ 21.266197206000186, 44.300807953000174 ], [ 21.265182496000079, 44.301929474000133 ], [ 21.26459312500009, 44.303092956000171 ], [ 21.264509202000113, 44.303932190000126 ], [ 21.265291213000069, 44.305763246000083 ], [ 21.271169662000034, 44.310752869000055 ], [ 21.272163390000173, 44.312110901000153 ], [ 21.273994446000131, 44.318054199000187 ], [ 21.275268556000071, 44.319770812 ], [ 21.276985169000056, 44.321418762000121 ], [ 21.28120613100009, 44.324531555000192 ], [ 21.292890549000163, 44.330955506000123 ], [ 21.29494094800009, 44.332752228000118 ], [ 21.295881272000088, 44.333957672000054 ], [ 21.296440125000061, 44.335205078000058 ], [ 21.296361924000053, 44.337009430000137 ], [ 21.295385361000172, 44.33866501000017 ], [ 21.293823243000077, 44.340251922000164 ], [ 21.288776399000085, 44.344314575000169 ], [ 21.287582398000154, 44.345771790000185 ], [ 21.286745071000098, 44.347358705000147 ], [ 21.286201478000123, 44.349483490000182 ], [ 21.28616332900009, 44.351661682000099 ], [ 21.286624908000192, 44.353809357000046 ], [ 21.289245606000122, 44.35876846400015 ], [ 21.291704178000145, 44.361801147000165 ], [ 21.296201707000023, 44.365566253000111 ], [ 21.298793793000129, 44.368473054000162 ], [ 21.300386427999968, 44.371208190000175 ], [ 21.300720216000059, 44.373229980000133 ], [ 21.30032539299998, 44.375259400000175 ], [ 21.299318313000185, 44.377113342000087 ], [ 21.296588897000106, 44.380779266 ], [ 21.294422151000049, 44.384243011000194 ], [ 21.29309272800009, 44.387889862000179 ], [ 21.292928696000047, 44.390110016000051 ], [ 21.293167114000028, 44.392318725999985 ], [ 21.293842316000109, 44.394439698000156 ], [ 21.297077178000109, 44.399768831000131 ], [ 21.297452928000098, 44.401149750000059 ], [ 21.297250748000067, 44.402423858000134 ], [ 21.295837402000188, 44.40394210900007 ], [ 21.290727615000094, 44.407089234000182 ], [ 21.288917541000046, 44.40868759100016 ], [ 21.287538528000084, 44.410518647000117 ], [ 21.286725998000179, 44.413269043000184 ], [ 21.286970139000061, 44.416141510000045 ], [ 21.288316727000108, 44.420146943000077 ], [ 21.288648605, 44.422126771000137 ], [ 21.300756455000112, 44.431961059000059 ], [ 21.302305222000143, 44.433326721000071 ], [ 21.304153442000086, 44.43543243400012 ], [ 21.307693480000069, 44.44052124000018 ], [ 21.309312821000049, 44.444084167000028 ], [ 21.310337067000034, 44.447525024000072 ], [ 21.311090469000021, 44.449005128000124 ], [ 21.312242508000054, 44.450355531000071 ], [ 21.313814162000085, 44.451515198000152 ], [ 21.317419051000172, 44.453449249000073 ], [ 21.325981140000124, 44.456703186000084 ], [ 21.332908630000077, 44.458431245000156 ], [ 21.335859298000116, 44.458614350000119 ], [ 21.338785172000087, 44.458347321000133 ], [ 21.340778351000097, 44.457893372000171 ], [ 21.346975326000063, 44.45565796000011 ], [ 21.349826812000117, 44.454895019000105 ], [ 21.360078812000154, 44.452739716000053 ], [ 21.36318397500014, 44.452350617000093 ], [ 21.366359712000076, 44.452232362000188 ], [ 21.36952209500015, 44.452358245000028 ], [ 21.372585296000011, 44.452789308000092 ], [ 21.379512786000191, 44.454841614000088 ], [ 21.38736152600012, 44.457828522000113 ], [ 21.396619797000142, 44.459560395000153 ], [ 21.401294709000013, 44.460937500000114 ], [ 21.404115676000117, 44.462291718000074 ], [ 21.408845902000166, 44.465457916000048 ], [ 21.412496566000073, 44.468864441000107 ], [ 21.415281297000149, 44.472278596000024 ], [ 21.416732787000171, 44.473636627000076 ], [ 21.418468476000157, 44.474803924000071 ], [ 21.424058913000067, 44.477573394000103 ], [ 21.430738449000103, 44.480026246000193 ], [ 21.435636521000049, 44.481506348000096 ], [ 21.440750123000157, 44.482624053000109 ], [ 21.451255798000147, 44.484386444000165 ], [ 21.455060958000047, 44.484821319000162 ], [ 21.466957093000133, 44.485439300000053 ], [ 21.470832825, 44.485904694 ], [ 21.482530593000149, 44.48805618300014 ], [ 21.495670319, 44.489395141000102 ], [ 21.500728608000145, 44.489631654 ] ] ] ] } },
{ "type": "Feature", "properties": { "fid": 9, "GID_2": "SRB.2.5_1", "GID_0": "SRB", "COUNTRY": "Serbia", "GID_1": "SRB.2_1", "NAME_1": "Braničevski", "NL_NAME_1": "Браничевски", "NAME_2": "Požarevac", "VARNAME_2": "Pojarevaţ|Pasarofça|Passarowitz", "NL_NAME_2": "Пожаревац", "TYPE_2": "Opštine", "ENGTYPE_2": "Town|Municipal", "CC_2": "NA", "HASC_2": "NA" }, "geometry": { "type": "MultiPolygon", "coordinates": [ [ [ [ 21.387865067000121, 44.615760804000047 ], [ 21.378921508000076, 44.612422943000013 ], [ 21.363836289000119, 44.606159210000044 ], [ 21.361024857000189, 44.604785920000097 ], [ 21.352003097000136, 44.599258424000141 ], [ 21.35022544800006, 44.598361969000109 ], [ 21.348270417000037, 44.597751618000189 ], [ 21.346193314, 44.59746551500001 ], [ 21.339456559000155, 44.597541808000017 ], [ 21.336566926000046, 44.597282411000151 ], [ 21.330682755000169, 44.596328736000032 ], [ 21.327871323000068, 44.596393585000158 ], [ 21.321838378000166, 44.597652436000146 ], [ 21.31456947300012, 44.598487855000087 ], [ 21.29927635100006, 44.599227905000191 ], [ 21.291624070000069, 44.599815370000044 ], [ 21.289485932000105, 44.599578858000029 ], [ 21.287515640000152, 44.598995209000122 ], [ 21.285314559000028, 44.59770584100005 ], [ 21.283813476000091, 44.595973970000159 ], [ 21.283216476000064, 44.594032288999983 ], [ 21.283296585000016, 44.591949464000095 ], [ 21.28440475400015, 44.586734772000057 ], [ 21.284299851000071, 44.584518433000085 ], [ 21.283647538000025, 44.582397461000141 ], [ 21.28277397200003, 44.58101272600004 ], [ 21.281623841000169, 44.579719543000067 ], [ 21.279375076000179, 44.577892303000056 ], [ 21.276561737, 44.576450348000037 ], [ 21.274330139000142, 44.575649262000184 ], [ 21.264659881000057, 44.573265076000098 ], [ 21.261486053, 44.572837830000083 ], [ 21.251684188000183, 44.572109222 ], [ 21.248544693000042, 44.571651460000169 ], [ 21.244333266000183, 44.570587158000194 ], [ 21.239358903000095, 44.569084167000085 ], [ 21.232486726000047, 44.566642761000082 ], [ 21.226467132000039, 44.563949584000056 ], [ 21.224210738000068, 44.562355042000149 ], [ 21.222946167000146, 44.560413361000144 ], [ 21.222818375000031, 44.558490753000058 ], [ 21.223241805999976, 44.557102203000113 ], [ 21.225004196000157, 44.553653717000032 ], [ 21.230306626000129, 44.54481125000018 ], [ 21.230794907000131, 44.543609619000165 ], [ 21.230804443000181, 44.542381286000193 ], [ 21.230230331000087, 44.541286469000113 ], [ 21.228260040000066, 44.540077210000163 ], [ 21.226409912000122, 44.53954696600016 ], [ 21.218547821000186, 44.537967682000044 ], [ 21.215093613000022, 44.536468506000176 ], [ 21.213081359000171, 44.534973144000105 ], [ 21.212282182000024, 44.533760072000121 ], [ 21.212074280000024, 44.532505035999975 ], [ 21.213417053000057, 44.529010772000049 ], [ 21.213489532999972, 44.528160095000089 ], [ 21.213247299000045, 44.526912689000085 ], [ 21.212406158000135, 44.525100709000128 ], [ 21.211029053000175, 44.523445129000095 ], [ 21.20925521800001, 44.521873475000064 ], [ 21.20417594900016, 44.517894746000138 ], [ 21.202344894000078, 44.515075684000124 ], [ 21.201768874000038, 44.513641356999983 ], [ 21.201402664000113, 44.51152038500004 ], [ 21.201951980000104, 44.50785827600015 ], [ 21.202728272000172, 44.505756378000115 ], [ 21.203889846000038, 44.503711701000157 ], [ 21.205547334000187, 44.501934051000148 ], [ 21.211563111000146, 44.49822998000019 ], [ 21.213973999000132, 44.496086121000189 ], [ 21.217918396000073, 44.491088867000087 ], [ 21.223302841000134, 44.482452393000131 ], [ 21.212955476000104, 44.481975555000076 ], [ 21.206405639000081, 44.482006074000026 ], [ 21.201694488000101, 44.482490540000128 ], [ 21.197269441000174, 44.483352662000073 ], [ 21.194139480999979, 44.483646394000061 ], [ 21.19105720500005, 44.483585358000141 ], [ 21.18817329400008, 44.483139038000161 ], [ 21.179723739000053, 44.480319978000125 ], [ 21.176799774000131, 44.479766847000121 ], [ 21.166999817000146, 44.478981018000013 ], [ 21.163698195000165, 44.478500367000152 ], [ 21.142745971000124, 44.473018646000185 ], [ 21.138523103000125, 44.477146149000191 ], [ 21.136474610000164, 44.479431153000064 ], [ 21.13408279500004, 44.481498718000182 ], [ 21.133619308000164, 44.482048034000115 ], [ 21.132682800000111, 44.483875275000059 ], [ 21.131860733000053, 44.485103607000099 ], [ 21.124563217000059, 44.494815827000082 ], [ 21.124288559000036, 44.495929719 ], [ 21.124696732000189, 44.496784210000101 ], [ 21.125644684000065, 44.498035431000176 ], [ 21.129678726000066, 44.502048493000018 ], [ 21.130702972000108, 44.503997802000129 ], [ 21.130680083000072, 44.505229950000114 ], [ 21.130039215000181, 44.506298065000124 ], [ 21.128267288000188, 44.507358552000028 ], [ 21.121261597000057, 44.509841919000053 ], [ 21.117443085000161, 44.511680603000116 ], [ 21.11569595300017, 44.512802125000178 ], [ 21.114149093000094, 44.514278412000067 ], [ 21.113185883000142, 44.515918731000113 ], [ 21.112924576000125, 44.517860412000118 ], [ 21.114065170000174, 44.521202088000052 ], [ 21.11499023500005, 44.522533416000044 ], [ 21.116853715000047, 44.524532317000137 ], [ 21.122735978000094, 44.52885437000009 ], [ 21.124296189000177, 44.530590057999973 ], [ 21.125417709000033, 44.532535552000013 ], [ 21.127153398000019, 44.536827088 ], [ 21.13160324100005, 44.542819977000192 ], [ 21.13254737800014, 44.545536041000048 ], [ 21.132595063000053, 44.548366547000114 ], [ 21.13169670100018, 44.551052095000102 ], [ 21.129520416000162, 44.553470611000193 ], [ 21.127115249000155, 44.554939270000091 ], [ 21.125160217000087, 44.555610656000056 ], [ 21.122997283000132, 44.556079865000072 ], [ 21.109144211000057, 44.558074951000094 ], [ 21.096845627000164, 44.55913543600019 ], [ 21.092819214000144, 44.559680939000089 ], [ 21.088064194000026, 44.561004639000032 ], [ 21.085189819000107, 44.562332153000114 ], [ 21.080289842000127, 44.56544494700006 ], [ 21.072380066000107, 44.572277069000108 ], [ 21.070232391000104, 44.573856354000156 ], [ 21.061395644000186, 44.579288483000084 ], [ 21.059461593000151, 44.581245422000109 ], [ 21.058620454000106, 44.582576752000136 ], [ 21.058206559000041, 44.583972930000186 ], [ 21.05863762000007, 44.586292266000044 ], [ 21.060148238000181, 44.588653564000026 ], [ 21.062477112000181, 44.590881348000153 ], [ 21.068782807000105, 44.595115662000012 ], [ 21.070865630000185, 44.595821380000132 ], [ 21.071462631000145, 44.596073152000031 ], [ 21.071985245, 44.596363068000016 ], [ 21.072408675000077, 44.596710205000079 ], [ 21.073062896000124, 44.5974845880001 ], [ 21.07348442000017, 44.598274230000072 ], [ 21.073503494000136, 44.598648072000117 ], [ 21.073326111000142, 44.598983766000174 ], [ 21.07263374300004, 44.599617005000084 ], [ 21.070842744000061, 44.600826264000034 ], [ 21.069757461000108, 44.60136413500004 ], [ 21.06707573000017, 44.602336883000021 ], [ 21.061996460000159, 44.602363587000127 ], [ 21.058219910000162, 44.602500916 ], [ 21.055215837000048, 44.603172302000132 ], [ 21.051179885000067, 44.604972839000027 ], [ 21.04846191300004, 44.60692596500013 ], [ 21.046131134, 44.609111786000085 ], [ 21.043729781000025, 44.612018586000033 ], [ 21.041864396000108, 44.61566925000011 ], [ 21.040353775000085, 44.621494293000069 ], [ 21.039407731000153, 44.623577118000185 ], [ 21.037292480000019, 44.626335145000041 ], [ 21.03217888000006, 44.631519318000073 ], [ 21.03023529100011, 44.634094239000092 ], [ 21.029508590000091, 44.635921479000103 ], [ 21.029407502000083, 44.638031006000119 ], [ 21.031349181000053, 44.642662048000091 ], [ 21.031114578000086, 44.644233704000101 ], [ 21.029348372000186, 44.646301270000151 ], [ 21.02519226000004, 44.648998260000155 ], [ 21.022556304000034, 44.651081085000101 ], [ 21.020912170000088, 44.65337753200015 ], [ 21.020702362000122, 44.654651642000033 ], [ 21.021005631000094, 44.655895233000194 ], [ 21.022325516000137, 44.657611847999988 ], [ 21.027519226000152, 44.661708832000045 ], [ 21.028865814000028, 44.663448334000122 ], [ 21.029636383000081, 44.665420532000041 ], [ 21.029796601000044, 44.667457582 ], [ 21.029354095000031, 44.66950607300015 ], [ 21.028230667000173, 44.671607971000128 ], [ 21.024269104000041, 44.676639557000101 ], [ 21.023000717000116, 44.678764344000115 ], [ 21.022699356000146, 44.680839539000146 ], [ 21.023534775000087, 44.683959960000095 ], [ 21.026399612000091, 44.691066743000079 ], [ 21.046741485000155, 44.691432953000174 ], [ 21.050819396000179, 44.691905975000054 ], [ 21.053407668999967, 44.692470551000042 ], [ 21.055826187999969, 44.69324874800003 ], [ 21.0587978370001, 44.694625855000027 ], [ 21.061559677, 44.696239471000126 ], [ 21.072572708000052, 44.703876496000078 ], [ 21.078058242000054, 44.707298279000156 ], [ 21.080942155, 44.708629609000184 ], [ 21.085702896000043, 44.709903718000191 ], [ 21.089336396000078, 44.710323333000133 ], [ 21.093086244000062, 44.710494996000079 ], [ 21.100711823000097, 44.710468292000144 ], [ 21.112020492999989, 44.709880830000031 ], [ 21.119796753, 44.708740234000174 ], [ 21.122726440000065, 44.708606720000148 ], [ 21.124843597000165, 44.708789826000043 ], [ 21.126804351000033, 44.709270477000075 ], [ 21.129337310000096, 44.710578918000067 ], [ 21.130781173000116, 44.711647035000055 ], [ 21.139221191000161, 44.720203401000163 ], [ 21.144079208, 44.723743439000145 ], [ 21.146055221000154, 44.725498199000185 ], [ 21.147430419999978, 44.727397918000065 ], [ 21.147962570000175, 44.729297637000172 ], [ 21.148038864000057, 44.732009887000061 ], [ 21.148563386000149, 44.733928682000055 ], [ 21.150531768000121, 44.736473084000124 ], [ 21.152658463000137, 44.738243104 ], [ 21.155151367000144, 44.739883423000094 ], [ 21.166076659000112, 44.745716094000159 ], [ 21.178020477000189, 44.751537324000083 ], [ 21.180587769000113, 44.752651214000025 ], [ 21.187479019000136, 44.754863740000133 ], [ 21.196672440000043, 44.756477356000062 ], [ 21.206836701000043, 44.758834839000144 ], [ 21.213687897000057, 44.761096955000085 ], [ 21.221574782000062, 44.764053346000026 ], [ 21.225288391000106, 44.764728547 ], [ 21.237365722000106, 44.765605926000035 ], [ 21.241413117000093, 44.766155244 ], [ 21.256132126000125, 44.769786835000048 ], [ 21.261394501000098, 44.770889283000145 ], [ 21.27495193600015, 44.771881103000112 ], [ 21.285190583000087, 44.772106171000075 ], [ 21.287988662000032, 44.772571565000078 ], [ 21.290191650000054, 44.773376465000013 ], [ 21.292392731000177, 44.774612428000069 ], [ 21.300943374000042, 44.780540466000105 ], [ 21.308237076000125, 44.778678894000109 ], [ 21.32025909400005, 44.776332856000124 ], [ 21.322538376000182, 44.775592803999984 ], [ 21.325492859000121, 44.7740631100001 ], [ 21.330223083000192, 44.770450593000078 ], [ 21.336259841000128, 44.763469696000072 ], [ 21.339143754000077, 44.761363983000194 ], [ 21.341312408000135, 44.759151459000066 ], [ 21.342031479000184, 44.757183074000181 ], [ 21.341459275000091, 44.755008697000108 ], [ 21.339862822999976, 44.752883912000073 ], [ 21.334432601000117, 44.748287202000085 ], [ 21.332817078000119, 44.746635437000123 ], [ 21.331712723000123, 44.744888305000131 ], [ 21.331352234000065, 44.742931366000164 ], [ 21.332008362000181, 44.740089418000025 ], [ 21.33365631200013, 44.735908509000183 ], [ 21.335838319000061, 44.732872010000051 ], [ 21.339670181000031, 44.729141234999986 ], [ 21.340360641000132, 44.727943421000191 ], [ 21.340572357999974, 44.726650238000047 ], [ 21.340213776000155, 44.725395202000129 ], [ 21.338674545000117, 44.72370147700002 ], [ 21.336423874000104, 44.722114563 ], [ 21.332202911000024, 44.719585419000168 ], [ 21.321662902000014, 44.714557649000028 ], [ 21.319105148000176, 44.712974548000034 ], [ 21.312686919000157, 44.707660676000046 ], [ 21.307636260000152, 44.704467774000193 ], [ 21.304794312000183, 44.70323562599998 ], [ 21.294189453000172, 44.700241088000041 ], [ 21.291126251000037, 44.69891738900003 ], [ 21.280014038000104, 44.69242095900006 ], [ 21.270645142000149, 44.68857193100007 ], [ 21.268535613000154, 44.687095642000031 ], [ 21.267484666000144, 44.685317994000059 ], [ 21.267419814999982, 44.684463501000153 ], [ 21.267730713000162, 44.683238984000127 ], [ 21.269424439000147, 44.679969788 ], [ 21.27001762499998, 44.677967072000058 ], [ 21.270198823000101, 44.675846100000058 ], [ 21.269298554000102, 44.668571472000167 ], [ 21.269714356000065, 44.666446687000132 ], [ 21.27035141000016, 44.664989471000183 ], [ 21.272510529000044, 44.661582947000056 ], [ 21.273693085000161, 44.660247804000164 ], [ 21.277442933000088, 44.657100677000074 ], [ 21.280250549000073, 44.65549850400015 ], [ 21.287178039000025, 44.652332306000176 ], [ 21.292512894000083, 44.650314331000061 ], [ 21.296365737000087, 44.649566651000043 ], [ 21.308307647000163, 44.648113251000041 ], [ 21.319623947000025, 44.645187378000173 ], [ 21.328821183000173, 44.643478393000066 ], [ 21.33379745600007, 44.642101289000152 ], [ 21.344942093000157, 44.637447358000145 ], [ 21.348094941000056, 44.63638687100007 ], [ 21.350021361000131, 44.635997772999986 ], [ 21.352838516000077, 44.63583374000018 ], [ 21.359817505000137, 44.636249542000144 ], [ 21.362741470000174, 44.636093140000185 ], [ 21.364818572000104, 44.635753631000057 ], [ 21.366703033000135, 44.635143280000079 ], [ 21.368894578000038, 44.633800507000103 ], [ 21.378868103, 44.624961853000116 ], [ 21.387865067000121, 44.615760804000047 ] ] ] ] } },
{ "type": "Feature", "properties": { "fid": 10, "GID_2": "SRB.2.6_1", "GID_0": "SRB", "COUNTRY": "Serbia", "GID_1": "SRB.2_1", "NAME_1": "Braničevski", "NL_NAME_1": "Браничевски", "NAME_2": "Veliko Gradište", "VARNAME_2": "NA", "NL_NAME_2": "Велико Градиште", "TYPE_2": "Opštine", "ENGTYPE_2": "Town|Municipal", "CC_2": "NA", "HASC_2": "NA" }, "geometry": { "type": "MultiPolygon", "coordinates": [ [ [ [ 21.587924957000041, 44.759529114000145 ], [ 21.589893341000163, 44.758415222000167 ], [ 21.593070983000189, 44.755905152000139 ], [ 21.595926284000086, 44.752490997000166 ], [ 21.597801209000068, 44.750118255000132 ], [ 21.598003387000063, 44.750003815000071 ], [ 21.600006103000055, 44.747367859000121 ], [ 21.602668762000178, 44.743961334000119 ], [ 21.605125428000065, 44.740550995000092 ], [ 21.606714249000163, 44.738437653 ], [ 21.608675004000133, 44.735477447000051 ], [ 21.610700607000126, 44.731937408000192 ], [ 21.612817763000123, 44.727222443000073 ], [ 21.613843919000146, 44.724262239000097 ], [ 21.614452362000122, 44.722465515000124 ], [ 21.615404129000069, 44.719837189000032 ], [ 21.616561889000138, 44.716522216000158 ], [ 21.602819442000055, 44.706211090000181 ], [ 21.594104765999987, 44.703483582000104 ], [ 21.586429596000187, 44.700561522999976 ], [ 21.583120346000101, 44.698848725 ], [ 21.575977325000167, 44.69348525900017 ], [ 21.573354721000101, 44.691822051000031 ], [ 21.570537567000031, 44.690395355000135 ], [ 21.565982819000112, 44.688858032000041 ], [ 21.560987472000079, 44.687782287000118 ], [ 21.558958054000016, 44.687526703000117 ], [ 21.55607414200017, 44.687587738000104 ], [ 21.553852082000162, 44.687995912000076 ], [ 21.551750184000127, 44.688682557000163 ], [ 21.546297073000062, 44.691261292000092 ], [ 21.544208526000034, 44.691898347000119 ], [ 21.542018891000112, 44.69223022500006 ], [ 21.539211274000081, 44.692131043000188 ], [ 21.536634446000051, 44.691501618000075 ], [ 21.534107208000023, 44.690540314000145 ], [ 21.527444840000157, 44.687404632000039 ], [ 21.524982452000131, 44.685825348000094 ], [ 21.522939682000072, 44.684074403000068 ], [ 21.521213531000114, 44.681518556000071 ], [ 21.521017074000156, 44.679153443000075 ], [ 21.521480561000033, 44.672710418000122 ], [ 21.52116584800018, 44.670211791000099 ], [ 21.520309448000035, 44.66785812300003 ], [ 21.518688202000192, 44.665798187000121 ], [ 21.516332627000054, 44.664085389000149 ], [ 21.512418746000151, 44.661911012000076 ], [ 21.507951737000099, 44.658996583000089 ], [ 21.499837876000129, 44.651756286000136 ], [ 21.496194839000054, 44.64783096300016 ], [ 21.494693756000117, 44.644424438000101 ], [ 21.494533538000042, 44.642383575000053 ], [ 21.495651245000033, 44.633785249000084 ], [ 21.497020722000116, 44.630207062000068 ], [ 21.50082779000013, 44.623893738000106 ], [ 21.502950668000096, 44.61906433200005 ], [ 21.502958298000067, 44.617057800000111 ], [ 21.502548218000015, 44.615650177000077 ], [ 21.499515534000125, 44.609325408000132 ], [ 21.498773573999983, 44.607204438000167 ], [ 21.498067856000034, 44.603565216000163 ], [ 21.498113633, 44.601978301000031 ], [ 21.49913215600003, 44.598991394000052 ], [ 21.501857758000085, 44.594558716000108 ], [ 21.502824783999984, 44.592498779000152 ], [ 21.503004075000035, 44.590518952000025 ], [ 21.502603531000091, 44.588973999000189 ], [ 21.50177192700005, 44.587505341000167 ], [ 21.498180389000026, 44.58365249700006 ], [ 21.496318817000031, 44.580547332000094 ], [ 21.494855881000149, 44.574748993000185 ], [ 21.493022919000168, 44.570014953 ], [ 21.492700577000164, 44.568191528000057 ], [ 21.492771148000031, 44.565143584999987 ], [ 21.493370056, 44.56192016600005 ], [ 21.494573592000108, 44.557788848000143 ], [ 21.495601653, 44.556255341000167 ], [ 21.495729446000041, 44.55513000600007 ], [ 21.494995117000087, 44.553939819999982 ], [ 21.493429184000149, 44.553165436000029 ], [ 21.485759734000055, 44.551414489000024 ], [ 21.481414796000081, 44.549663545000101 ], [ 21.47615623400003, 44.546264647999976 ], [ 21.473274232000165, 44.54370880099998 ], [ 21.472223282000073, 44.542308808000087 ], [ 21.471498489000055, 44.540580749000185 ], [ 21.469959259000063, 44.533199311000146 ], [ 21.468467712000177, 44.53006362900004 ], [ 21.467212678000067, 44.526054383000144 ], [ 21.465251923000096, 44.516685487000188 ], [ 21.445085526000128, 44.523715974000027 ], [ 21.438564300000053, 44.52655029400006 ], [ 21.434560775000023, 44.528717041 ], [ 21.427970886000026, 44.533668518000184 ], [ 21.421285628000192, 44.537551880000137 ], [ 21.419298172000083, 44.539169313000116 ], [ 21.418268204000128, 44.540958404000094 ], [ 21.417781829000091, 44.542968751000046 ], [ 21.417533875, 44.548725128000171 ], [ 21.417026521000139, 44.550842285000101 ], [ 21.415243150000094, 44.554237366000109 ], [ 21.410066605000168, 44.560455323000042 ], [ 21.408975601000122, 44.562473297000054 ], [ 21.408687592000035, 44.564434052000195 ], [ 21.409177780999983, 44.566364288000045 ], [ 21.410001754000064, 44.567649842000151 ], [ 21.415016174000186, 44.572547912000061 ], [ 21.416395187000148, 44.574504852000189 ], [ 21.416780472000141, 44.57548141500007 ], [ 21.417291641000077, 44.579467774000079 ], [ 21.417299271000161, 44.584873200000061 ], [ 21.416610719, 44.590297699000075 ], [ 21.415683746000184, 44.592868804000091 ], [ 21.409116745000119, 44.60208511400009 ], [ 21.405704498000148, 44.607707977000189 ], [ 21.404478073000178, 44.609203340000192 ], [ 21.402927398000031, 44.610492707 ], [ 21.400995255000112, 44.611488342000087 ], [ 21.39878273100004, 44.612209321000137 ], [ 21.392557144000136, 44.613639832000104 ], [ 21.389268875000141, 44.614837646000069 ], [ 21.387865067000121, 44.615760804000047 ], [ 21.378868103, 44.624961853000116 ], [ 21.368894578000038, 44.633800507000103 ], [ 21.366703033000135, 44.635143280000079 ], [ 21.364818572000104, 44.635753631000057 ], [ 21.362741470000174, 44.636093140000185 ], [ 21.359817505000137, 44.636249542000144 ], [ 21.352838516000077, 44.63583374000018 ], [ 21.350021361000131, 44.635997772999986 ], [ 21.348094941000056, 44.63638687100007 ], [ 21.344942093000157, 44.637447358000145 ], [ 21.33379745600007, 44.642101289000152 ], [ 21.328821183000173, 44.643478393000066 ], [ 21.319623947000025, 44.645187378000173 ], [ 21.308307647000163, 44.648113251000041 ], [ 21.296365737000087, 44.649566651000043 ], [ 21.292512894000083, 44.650314331000061 ], [ 21.287178039000025, 44.652332306000176 ], [ 21.280250549000073, 44.65549850400015 ], [ 21.277442933000088, 44.657100677000074 ], [ 21.273693085000161, 44.660247804000164 ], [ 21.272510529000044, 44.661582947000056 ], [ 21.27035141000016, 44.664989471000183 ], [ 21.269714356000065, 44.666446687000132 ], [ 21.269298554000102, 44.668571472000167 ], [ 21.270198823000101, 44.675846100000058 ], [ 21.27001762499998, 44.677967072000058 ], [ 21.269424439000147, 44.679969788 ], [ 21.267730713000162, 44.683238984000127 ], [ 21.267419814999982, 44.684463501000153 ], [ 21.267484666000144, 44.685317994000059 ], [ 21.268535613000154, 44.687095642000031 ], [ 21.270645142000149, 44.68857193100007 ], [ 21.280014038000104, 44.69242095900006 ], [ 21.291126251000037, 44.69891738900003 ], [ 21.294189453000172, 44.700241088000041 ], [ 21.304794312000183, 44.70323562599998 ], [ 21.307636260000152, 44.704467774000193 ], [ 21.312686919000157, 44.707660676000046 ], [ 21.319105148000176, 44.712974548000034 ], [ 21.321662902000014, 44.714557649000028 ], [ 21.332202911000024, 44.719585419000168 ], [ 21.336423874000104, 44.722114563 ], [ 21.338674545000117, 44.72370147700002 ], [ 21.340213776000155, 44.725395202000129 ], [ 21.340572357999974, 44.726650238000047 ], [ 21.340360641000132, 44.727943421000191 ], [ 21.339670181000031, 44.729141234999986 ], [ 21.335838319000061, 44.732872010000051 ], [ 21.33365631200013, 44.735908509000183 ], [ 21.332008362000181, 44.740089418000025 ], [ 21.331352234000065, 44.742931366000164 ], [ 21.331712723000123, 44.744888305000131 ], [ 21.332817078000119, 44.746635437000123 ], [ 21.334432601000117, 44.748287202000085 ], [ 21.339862822999976, 44.752883912000073 ], [ 21.341459275000091, 44.755008697000108 ], [ 21.342031479000184, 44.757183074000181 ], [ 21.341312408000135, 44.759151459000066 ], [ 21.339143754000077, 44.761363983000194 ], [ 21.336259841000128, 44.763469696000072 ], [ 21.330223083000192, 44.770450593000078 ], [ 21.325492859000121, 44.7740631100001 ], [ 21.322538376000182, 44.775592803999984 ], [ 21.32025909400005, 44.776332856000124 ], [ 21.308237076000125, 44.778678894000109 ], [ 21.300943374000042, 44.780540466000105 ], [ 21.306333542000175, 44.786621094000168 ], [ 21.310869217, 44.79045867800005 ], [ 21.315004348000116, 44.794517518000191 ], [ 21.31625175400012, 44.79528045700016 ], [ 21.317697524000039, 44.795707702000072 ], [ 21.326980591000108, 44.79670715400016 ], [ 21.340684890999967, 44.798938751000151 ], [ 21.371690748999981, 44.803989410000156 ], [ 21.372097016000112, 44.803371431000073 ], [ 21.386714936000089, 44.805431367000153 ], [ 21.387454988000059, 44.803600312000128 ], [ 21.388496399000132, 44.800567627000078 ], [ 21.389411927000083, 44.79804611100019 ], [ 21.389959335000071, 44.794971467000153 ], [ 21.390136719000168, 44.792236329000161 ], [ 21.390180588000135, 44.791667938000103 ], [ 21.390764236000109, 44.78997039800015 ], [ 21.390863418000151, 44.789657593000129 ], [ 21.391454697000142, 44.787513733000026 ], [ 21.392576218000102, 44.785011293000082 ], [ 21.393779754000036, 44.783264161000147 ], [ 21.395277024000109, 44.78177261400009 ], [ 21.396974564000061, 44.78042221100003 ], [ 21.400712967000061, 44.778320312000062 ], [ 21.402198791000046, 44.777786255000024 ], [ 21.404922486000089, 44.776924134000012 ], [ 21.407447815000012, 44.776287079000156 ], [ 21.412607194000145, 44.775207519 ], [ 21.416362762, 44.774444580000022 ], [ 21.420511246999979, 44.773883819000105 ], [ 21.42244720500014, 44.773777009000128 ], [ 21.426328659000092, 44.77371597400014 ], [ 21.430646897000031, 44.774375915000121 ], [ 21.433534622000082, 44.775184632000162 ], [ 21.435192107000034, 44.775508880000189 ], [ 21.436872483000172, 44.775753022000117 ], [ 21.437501908000115, 44.775688171000184 ], [ 21.439819335999971, 44.775642396000194 ], [ 21.443233489000136, 44.775394440000127 ], [ 21.444089889000111, 44.775379181000176 ], [ 21.447809219000192, 44.775566101000038 ], [ 21.448942184000032, 44.775703430000078 ], [ 21.452182771000025, 44.776210785000046 ], [ 21.45655250599998, 44.77698898400007 ], [ 21.458892823000099, 44.777244569000175 ], [ 21.461397170000112, 44.777286531000073 ], [ 21.465187073000095, 44.77704620500009 ], [ 21.468885420999982, 44.776630403000127 ], [ 21.472866058000136, 44.775985718000186 ], [ 21.476661683000032, 44.775260926000101 ], [ 21.481287001999988, 44.774635314000193 ], [ 21.483495713000082, 44.77434921300005 ], [ 21.485431671000185, 44.7740631100001 ], [ 21.489612579999971, 44.773746490000178 ], [ 21.49197006300011, 44.773536683000145 ], [ 21.494956970000032, 44.773178101000155 ], [ 21.498401642000147, 44.772640228000114 ], [ 21.500001907000126, 44.77230835000006 ], [ 21.501285552000184, 44.77208328200004 ], [ 21.505807876000119, 44.771499635000168 ], [ 21.511392593000039, 44.771686554000098 ], [ 21.514116288000082, 44.771953583000084 ], [ 21.519311904000119, 44.772262573000091 ], [ 21.526361465000093, 44.772960663000106 ], [ 21.532585144000166, 44.773307800000111 ], [ 21.53450965900015, 44.773284913000111 ], [ 21.536542892000114, 44.77316665799998 ], [ 21.538492202999976, 44.772998810000161 ], [ 21.54170227100019, 44.772491456000068 ], [ 21.554191589000084, 44.769958495000026 ], [ 21.555212021000159, 44.769748688000163 ], [ 21.556411743000126, 44.769527435000043 ], [ 21.557460784000114, 44.769317627000135 ], [ 21.559316636000062, 44.769008636000024 ], [ 21.56164550799997, 44.768493652000075 ], [ 21.562500000000171, 44.768161773000031 ], [ 21.565847397000141, 44.767337800000178 ], [ 21.570896149000077, 44.76523971600011 ], [ 21.574121475000084, 44.763870240000131 ], [ 21.576152802000024, 44.763164521000135 ], [ 21.58054351800007, 44.76182556200007 ], [ 21.585157394000078, 44.760627748000104 ], [ 21.587675095000122, 44.759670258000085 ], [ 21.587924957000041, 44.759529114000145 ] ] ] ] } },
{ "type": "Feature", "properties": { "fid": 11, "GID_2": "SRB.2.7_1", "GID_0": "SRB", "COUNTRY": "Serbia", "GID_1": "SRB.2_1", "NAME_1": "Braničevski", "NL_NAME_1": "Браничевски", "NAME_2": "Žabari", "VARNAME_2": "NA", "NL_NAME_2": "Жабари", "TYPE_2": "Opštine", "ENGTYPE_2": "Town|Municipal", "CC_2": "NA", "HASC_2": "NA" }, "geometry": { "type": "MultiPolygon", "coordinates": [ [ [ [ 21.223302841000134, 44.482452393000131 ], [ 21.224988937000035, 44.482147216000158 ], [ 21.228101731000038, 44.480495453000174 ], [ 21.232542039000066, 44.477024078000113 ], [ 21.238098144000162, 44.471088410000164 ], [ 21.2396011350001, 44.469123841000055 ], [ 21.241996764000135, 44.464862824000193 ], [ 21.244489671000053, 44.461872101000097 ], [ 21.248081207000041, 44.459533691000047 ], [ 21.252845765000131, 44.457080841000163 ], [ 21.255331039000055, 44.456111908000025 ], [ 21.261850357000128, 44.454280853000114 ], [ 21.263856888000191, 44.452823639000144 ], [ 21.268363952000072, 44.447349548000091 ], [ 21.27568817100007, 44.44198226900005 ], [ 21.277545930000031, 44.439792634000128 ], [ 21.280878066000014, 44.433158875000061 ], [ 21.282512665000183, 44.430454253999983 ], [ 21.288648605, 44.422126771000137 ], [ 21.288316727000108, 44.420146943000077 ], [ 21.286970139000061, 44.416141510000045 ], [ 21.286725998000179, 44.413269043000184 ], [ 21.287538528000084, 44.410518647000117 ], [ 21.288917541000046, 44.40868759100016 ], [ 21.290727615000094, 44.407089234000182 ], [ 21.295837402000188, 44.40394210900007 ], [ 21.297250748000067, 44.402423858000134 ], [ 21.297452928000098, 44.401149750000059 ], [ 21.297077178000109, 44.399768831000131 ], [ 21.293842316000109, 44.394439698000156 ], [ 21.293167114000028, 44.392318725999985 ], [ 21.292928696000047, 44.390110016000051 ], [ 21.29309272800009, 44.387889862000179 ], [ 21.294422151000049, 44.384243011000194 ], [ 21.296588897000106, 44.380779266 ], [ 21.299318313000185, 44.377113342000087 ], [ 21.30032539299998, 44.375259400000175 ], [ 21.300720216000059, 44.373229980000133 ], [ 21.300386427999968, 44.371208190000175 ], [ 21.298793793000129, 44.368473054000162 ], [ 21.296201707000023, 44.365566253000111 ], [ 21.291704178000145, 44.361801147000165 ], [ 21.289245606000122, 44.35876846400015 ], [ 21.286624908000192, 44.353809357000046 ], [ 21.28616332900009, 44.351661682000099 ], [ 21.286201478000123, 44.349483490000182 ], [ 21.286745071000098, 44.347358705000147 ], [ 21.287582398000154, 44.345771790000185 ], [ 21.288776399000085, 44.344314575000169 ], [ 21.293823243000077, 44.340251922000164 ], [ 21.295385361000172, 44.33866501000017 ], [ 21.296361924000053, 44.337009430000137 ], [ 21.296440125000061, 44.335205078000058 ], [ 21.295881272000088, 44.333957672000054 ], [ 21.29494094800009, 44.332752228000118 ], [ 21.292890549000163, 44.330955506000123 ], [ 21.28120613100009, 44.324531555000192 ], [ 21.276985169000056, 44.321418762000121 ], [ 21.275268556000071, 44.319770812 ], [ 21.273994446000131, 44.318054199000187 ], [ 21.272163390000173, 44.312110901000153 ], [ 21.271169662000034, 44.310752869000055 ], [ 21.265291213000069, 44.305763246000083 ], [ 21.264509202000113, 44.303932190000126 ], [ 21.26459312500009, 44.303092956000171 ], [ 21.265182496000079, 44.301929474000133 ], [ 21.266197206000186, 44.300807953000174 ], [ 21.271526336000022, 44.297019959000124 ], [ 21.277439118000075, 44.293701173000159 ], [ 21.279289246000189, 44.292167663999976 ], [ 21.279916764000063, 44.290927888000112 ], [ 21.280048370000145, 44.289581300000066 ], [ 21.277793884000118, 44.282104492000144 ], [ 21.277971268000044, 44.280139923000036 ], [ 21.279205323000099, 44.278152467000041 ], [ 21.281461716000024, 44.276660919000108 ], [ 21.28350830200003, 44.276092530000085 ], [ 21.285821915000099, 44.275836946000084 ], [ 21.291067124, 44.275859831999981 ], [ 21.292676926000183, 44.275680541000156 ], [ 21.28823471100003, 44.267047882000099 ], [ 21.284999847000108, 44.262222290000125 ], [ 21.283607484000072, 44.259704590000183 ], [ 21.280809403000148, 44.25170898500005 ], [ 21.278833390000159, 44.248813630000029 ], [ 21.276140214000065, 44.245822907000104 ], [ 21.26826095500013, 44.239501953000058 ], [ 21.266902924000135, 44.238735200000121 ], [ 21.265264512000101, 44.238365172999977 ], [ 21.263420105000023, 44.238376618000132 ], [ 21.260515212000087, 44.239021301000093 ], [ 21.252864838000164, 44.242122651000045 ], [ 21.250505448000183, 44.24284362800006 ], [ 21.244798660000129, 44.243843079000101 ], [ 21.234939576000102, 44.244667053000057 ], [ 21.231830598000101, 44.245151520000093 ], [ 21.229543686000056, 44.245758057000103 ], [ 21.227468491000025, 44.246597291000057 ], [ 21.225650788000166, 44.247673034000172 ], [ 21.221593856000084, 44.250671387000182 ], [ 21.217569352000169, 44.254795075000118 ], [ 21.216148376000149, 44.256912232000104 ], [ 21.215303421000158, 44.259044647000053 ], [ 21.213539123000032, 44.265377046000026 ], [ 21.212343217000182, 44.267070770000032 ], [ 21.210971833000031, 44.268070222000119 ], [ 21.199195861000192, 44.274196624000069 ], [ 21.1896171570001, 44.278507233000084 ], [ 21.186912536000023, 44.279434204000154 ], [ 21.183845519000045, 44.280059814000026 ], [ 21.174177169000131, 44.281009674000131 ], [ 21.171102524000048, 44.281463622000047 ], [ 21.168323517000033, 44.282253266000168 ], [ 21.166419983000083, 44.283222199000136 ], [ 21.162275314000112, 44.285968781000179 ], [ 21.159580230000017, 44.287303926000106 ], [ 21.156093597000108, 44.28817749100017 ], [ 21.15234756600006, 44.288570405000144 ], [ 21.147359847000132, 44.288581848000149 ], [ 21.137514113000123, 44.292312623000157 ], [ 21.126516343000162, 44.295871735000162 ], [ 21.124921798000116, 44.297187806000068 ], [ 21.124975205000055, 44.298789979 ], [ 21.126348495000173, 44.300395967000043 ], [ 21.129842759000098, 44.30228424 ], [ 21.133701325000118, 44.303653717000088 ], [ 21.145240783000133, 44.305679322000117 ], [ 21.153474808000055, 44.307498931999987 ], [ 21.163639068000123, 44.310150146000183 ], [ 21.171609878000083, 44.313034059000131 ], [ 21.176481247000027, 44.314529419000053 ], [ 21.178333283000143, 44.315299988000106 ], [ 21.18056488100018, 44.316829682000048 ], [ 21.181632996000189, 44.317962647000058 ], [ 21.182350159000123, 44.31919098000003 ], [ 21.182579040000121, 44.321052552000026 ], [ 21.182121276000089, 44.32253646900017 ], [ 21.181163788000106, 44.323963166000169 ], [ 21.179092407000041, 44.325798035 ], [ 21.174249650000036, 44.329338072999974 ], [ 21.166070939000178, 44.336360932000105 ], [ 21.156997681000121, 44.34246063300003 ], [ 21.154281616000048, 44.34383010900001 ], [ 21.149991988000011, 44.344833374000189 ], [ 21.137905121000131, 44.345756530000187 ], [ 21.131837845000121, 44.346801759000073 ], [ 21.126821517000053, 44.348224640000126 ], [ 21.119976044, 44.350673675000166 ], [ 21.114189148000094, 44.353443145000142 ], [ 21.112367630000051, 44.354602814000089 ], [ 21.110818862000144, 44.355937957000151 ], [ 21.108448028999987, 44.358753204000095 ], [ 21.107629776000067, 44.360172273000046 ], [ 21.106994628000109, 44.362293244000114 ], [ 21.106884003000118, 44.364482880000082 ], [ 21.107828140000152, 44.368152619000057 ], [ 21.10889434700016, 44.370223999000189 ], [ 21.110425949000046, 44.372325897 ], [ 21.113708495000026, 44.376335145000098 ], [ 21.120773316000111, 44.38399887200012 ], [ 21.128932953000117, 44.393844605000027 ], [ 21.131826402000172, 44.397861481000064 ], [ 21.13403892499997, 44.399833679000153 ], [ 21.136976243, 44.401359558000195 ], [ 21.141931533000047, 44.402759553000124 ], [ 21.144227981000142, 44.403087616000164 ], [ 21.14730453500016, 44.403133393000132 ], [ 21.150270461000048, 44.402748108000139 ], [ 21.153503418000128, 44.400478364000094 ], [ 21.153718948, 44.400394440000127 ], [ 21.15420341500004, 44.400325775 ], [ 21.155340194000075, 44.400329590000069 ], [ 21.157657622000102, 44.401119232000042 ], [ 21.158576965000066, 44.401569367000036 ], [ 21.158926009000027, 44.401863099000025 ], [ 21.159486770000115, 44.402519227000141 ], [ 21.159940719000133, 44.403205872 ], [ 21.160095214000023, 44.403545380000025 ], [ 21.160144806000062, 44.40388488800005 ], [ 21.160043716000189, 44.404197693000128 ], [ 21.159845352000104, 44.404506683000079 ], [ 21.157018662000041, 44.407505036000089 ], [ 21.15684318600006, 44.408325196000135 ], [ 21.15603446900019, 44.409435271 ], [ 21.153362274000187, 44.412357331000067 ], [ 21.14637756400009, 44.41815948500016 ], [ 21.143251419000023, 44.421161651000034 ], [ 21.141405106000093, 44.42322540300006 ], [ 21.140207290000092, 44.425540924000074 ], [ 21.139492036000092, 44.431381225000052 ], [ 21.138570785000127, 44.435138703000064 ], [ 21.138488769000105, 44.436504365000133 ], [ 21.138994217000175, 44.438388825000061 ], [ 21.140222550000146, 44.44003296000011 ], [ 21.142005921000134, 44.441524505000189 ], [ 21.144184113000051, 44.442836761000194 ], [ 21.147121429000094, 44.444118499000012 ], [ 21.154928207000182, 44.446678161000079 ], [ 21.15639686600008, 44.447452545000033 ], [ 21.157611847000169, 44.448894500000051 ], [ 21.15782737800015, 44.450611115000072 ], [ 21.156967162, 44.45248794600019 ], [ 21.151542663000157, 44.458671571000139 ], [ 21.148740769000142, 44.462482452000074 ], [ 21.142745971000124, 44.473018646000185 ], [ 21.163698195000165, 44.478500367000152 ], [ 21.166999817000146, 44.478981018000013 ], [ 21.176799774000131, 44.479766847000121 ], [ 21.179723739000053, 44.480319978000125 ], [ 21.18817329400008, 44.483139038000161 ], [ 21.19105720500005, 44.483585358000141 ], [ 21.194139480999979, 44.483646394000061 ], [ 21.197269441000174, 44.483352662000073 ], [ 21.201694488000101, 44.482490540000128 ], [ 21.206405639000081, 44.482006074000026 ], [ 21.212955476000104, 44.481975555000076 ], [ 21.223302841000134, 44.482452393000131 ] ] ] ] } },
{ "type": "Feature", "properties": { "fid": 12, "GID_2": "SRB.2.8_1", "GID_0": "SRB", "COUNTRY": "Serbia", "GID_1": "SRB.2_1", "NAME_1": "Braničevski", "NL_NAME_1": "Браничевски", "NAME_2": "Žagubica", "VARNAME_2": "Jagubiţa", "NL_NAME_2": "Жагубица", "TYPE_2": "Opštine", "ENGTYPE_2": "Town|Municipal", "CC_2": "NA", "HASC_2": "NA" }, "geometry": { "type": "MultiPolygon", "coordinates": [ [ [ [ 21.955434800000148, 44.177864075000059 ], [ 21.955881119000026, 44.168270111000083 ], [ 21.956743239000161, 44.163208008000026 ], [ 21.957738876000178, 44.159942628000067 ], [ 21.958007813000165, 44.157665253000175 ], [ 21.957784653000147, 44.155429841000114 ], [ 21.95698738100009, 44.153316497000048 ], [ 21.954801558000156, 44.150634766000167 ], [ 21.952554703000146, 44.148735047000059 ], [ 21.947420120000118, 44.145511627000189 ], [ 21.945390702000054, 44.143840791000116 ], [ 21.944557191000115, 44.142509461000088 ], [ 21.944313049000186, 44.141094207000094 ], [ 21.944801330000189, 44.139373779000039 ], [ 21.946704864000083, 44.135719300000062 ], [ 21.947513579000145, 44.133121491000168 ], [ 21.948806762000117, 44.124832153000114 ], [ 21.949644089, 44.122188569000059 ], [ 21.950559617000124, 44.120567322000113 ], [ 21.951810836000163, 44.119094849000078 ], [ 21.958896637000123, 44.113960266000049 ], [ 21.960372924000183, 44.112083435000102 ], [ 21.960767745000055, 44.110137939000083 ], [ 21.960308074000125, 44.108943940000131 ], [ 21.958799363000082, 44.107105255000135 ], [ 21.953580856000031, 44.101528168000129 ], [ 21.95067978000003, 44.098991394000166 ], [ 21.948944090999987, 44.097854614000084 ], [ 21.946920394000188, 44.096988678 ], [ 21.94466209300009, 44.096382142000095 ], [ 21.940929413000163, 44.095882416000165 ], [ 21.932962417000169, 44.095657348000032 ], [ 21.912698745000057, 44.095771790000072 ], [ 21.908794403000172, 44.09555816600016 ], [ 21.905063630000086, 44.095050812000068 ], [ 21.902976990000127, 44.094554900999981 ], [ 21.898067475000062, 44.093128203999981 ], [ 21.89129829500007, 44.090740205000031 ], [ 21.885185240999988, 44.088211059 ], [ 21.880487441000128, 44.085968019000063 ], [ 21.869758606000175, 44.080097199000136 ], [ 21.867294312000013, 44.078411102000189 ], [ 21.86046981800007, 44.072311401000036 ], [ 21.857332229000065, 44.070137024000189 ], [ 21.854629517000092, 44.068805695000094 ], [ 21.852581023000084, 44.068264007000039 ], [ 21.850372315000129, 44.067977906000067 ], [ 21.84729385300011, 44.067897797000114 ], [ 21.839799882000136, 44.068695069000171 ], [ 21.836595534000026, 44.068817140000021 ], [ 21.833356857000183, 44.068515778000176 ], [ 21.824321747000113, 44.066135407000104 ], [ 21.822254180000186, 44.065765382000109 ], [ 21.819238663000192, 44.065471649000074 ], [ 21.81775665400005, 44.065551757000151 ], [ 21.808965682000064, 44.069274902000075 ], [ 21.798479081000096, 44.074554444000114 ], [ 21.795473100000152, 44.075119018000123 ], [ 21.792400361000034, 44.074829102000081 ], [ 21.780918120000024, 44.071163178000177 ], [ 21.777978897000139, 44.07048034800016 ], [ 21.7751331340001, 44.070316315000184 ], [ 21.773120880000079, 44.070484161000195 ], [ 21.768295289000037, 44.071498871000131 ], [ 21.761724473000129, 44.073753357000157 ], [ 21.756334306000099, 44.076293945000032 ], [ 21.75030136100014, 44.081462860000102 ], [ 21.745117188000108, 44.086524963000159 ], [ 21.743061066000166, 44.087947846000191 ], [ 21.741254807000189, 44.088676453000176 ], [ 21.736318588000074, 44.089687348000041 ], [ 21.726186753000093, 44.090850830000022 ], [ 21.72330856300016, 44.090732575000118 ], [ 21.721099854000101, 44.090309142000137 ], [ 21.719011307000073, 44.089614867000193 ], [ 21.711574554000151, 44.085754394000048 ], [ 21.70555114800004, 44.083446503000175 ], [ 21.702657700000088, 44.082813263000162 ], [ 21.697732925000025, 44.082286834000058 ], [ 21.693634033000023, 44.082645416000048 ], [ 21.688137055000084, 44.084480286000144 ], [ 21.680210114000147, 44.086315155000193 ], [ 21.678241729000092, 44.087085724000076 ], [ 21.675899506000178, 44.088462831000072 ], [ 21.674015046000022, 44.090145112000073 ], [ 21.673089980000043, 44.091400146000183 ], [ 21.670732497000131, 44.098804475000065 ], [ 21.669563294000113, 44.100486756000066 ], [ 21.667985916000191, 44.101985932000161 ], [ 21.656665803000124, 44.108402253000179 ], [ 21.653699874000097, 44.109722137000119 ], [ 21.649124145000144, 44.111167907000038 ], [ 21.644058227000016, 44.112400055000194 ], [ 21.638887405000105, 44.113136292000092 ], [ 21.635778427000105, 44.113178254 ], [ 21.628444671000125, 44.112438202000078 ], [ 21.622287750000055, 44.112319946000071 ], [ 21.619253159000039, 44.112663270000041 ], [ 21.608079911000175, 44.115203859000189 ], [ 21.604053497000109, 44.115608215000066 ], [ 21.60003089900016, 44.115509033000194 ], [ 21.596252442000093, 44.114879609000184 ], [ 21.590770722, 44.113025666000169 ], [ 21.5880947120001, 44.112483979000046 ], [ 21.586811065000063, 44.112453460000097 ], [ 21.584081649000154, 44.112876892000145 ], [ 21.581298829000104, 44.113662719000047 ], [ 21.570941926000046, 44.117145539000092 ], [ 21.563083648000145, 44.118118286000026 ], [ 21.558326722, 44.119197846000134 ], [ 21.554636002000166, 44.120899201000157 ], [ 21.553108215000179, 44.122196198999973 ], [ 21.552110671000037, 44.123661042000151 ], [ 21.551092148000066, 44.127079010000159 ], [ 21.548065186000088, 44.133525850000126 ], [ 21.546545028000082, 44.139362336000033 ], [ 21.545757293000179, 44.140682220000031 ], [ 21.543886185000076, 44.142387390000067 ], [ 21.540746689000173, 44.144161225000175 ], [ 21.534408569000163, 44.146640777000187 ], [ 21.531944276000104, 44.148170471000071 ], [ 21.529237747000082, 44.150482177000015 ], [ 21.524780273000033, 44.155029297000056 ], [ 21.52116584800018, 44.157367707000049 ], [ 21.513641358000029, 44.161609651000049 ], [ 21.499856950000094, 44.170574188000046 ], [ 21.493005752000101, 44.17734527600004 ], [ 21.487827301000152, 44.181690217000096 ], [ 21.491411209000034, 44.183341979000147 ], [ 21.497962950999977, 44.185840606000056 ], [ 21.506933212000149, 44.18832397500006 ], [ 21.511928558000079, 44.189987183000028 ], [ 21.514936447000025, 44.191417695000098 ], [ 21.524848938000105, 44.19728851300016 ], [ 21.52766609300005, 44.198699951000094 ], [ 21.535730361000105, 44.201396943000134 ], [ 21.538106917000107, 44.202945710000108 ], [ 21.540325164000024, 44.205402375000062 ], [ 21.541133881000064, 44.207401276000155 ], [ 21.541385651000098, 44.209503175000066 ], [ 21.541145325000116, 44.211570740000184 ], [ 21.540611266999974, 44.213020325000116 ], [ 21.539682389000063, 44.214309693000018 ], [ 21.537460327000076, 44.215827942000146 ], [ 21.530437470000095, 44.218669892000094 ], [ 21.524789811000119, 44.221710205000079 ], [ 21.516750336000086, 44.226879119000159 ], [ 21.511774063000189, 44.230480195000041 ], [ 21.510517120000031, 44.231735229000151 ], [ 21.509063721000075, 44.234050750000165 ], [ 21.50861549300015, 44.23608398500005 ], [ 21.508876800000166, 44.23812484900003 ], [ 21.509595871000101, 44.23965835600012 ], [ 21.510761261000027, 44.24105834900007 ], [ 21.512351990000127, 44.242275238000104 ], [ 21.517862321000166, 44.245349885000053 ], [ 21.527057647000163, 44.24963760300011 ], [ 21.532686233000106, 44.251556396000126 ], [ 21.540477753000118, 44.253578186000084 ], [ 21.542583465000121, 44.254383088000054 ], [ 21.54503250200014, 44.255844117000095 ], [ 21.546571731000029, 44.257743836000145 ], [ 21.547126770000034, 44.259700775000169 ], [ 21.547056199000167, 44.261756896000179 ], [ 21.54604339600013, 44.266845704000048 ], [ 21.546146394000118, 44.268993378000118 ], [ 21.546726226000146, 44.271057129000098 ], [ 21.54814147999997, 44.273326873000144 ], [ 21.551858902000106, 44.277130127000191 ], [ 21.553405762000182, 44.279430389000083 ], [ 21.554361344000029, 44.282089234000125 ], [ 21.55551529000013, 44.287712097 ], [ 21.556486131000042, 44.290374757000052 ], [ 21.558420182000134, 44.293003083000087 ], [ 21.559747696000159, 44.294269562000181 ], [ 21.561281203000135, 44.295303344999979 ], [ 21.56309318600006, 44.295989990000066 ], [ 21.565092087000153, 44.296333314000037 ], [ 21.571775437000156, 44.296409607000044 ], [ 21.574663162999968, 44.296813964000194 ], [ 21.577285766000159, 44.297554016000163 ], [ 21.589225770000098, 44.301868438000099 ], [ 21.601415634000091, 44.30569839500015 ], [ 21.603649139000026, 44.306526184000177 ], [ 21.606529236000029, 44.30796432600016 ], [ 21.610340119000114, 44.311035156000059 ], [ 21.611551284000086, 44.31238937400019 ], [ 21.614423751000174, 44.31656646700003 ], [ 21.616350174000104, 44.318767548000153 ], [ 21.624214172000109, 44.326011657000095 ], [ 21.628332138000133, 44.330501557000161 ], [ 21.638334274000101, 44.332481385 ], [ 21.649412155000164, 44.334976197 ], [ 21.652809142000137, 44.335449219000054 ], [ 21.659591675000115, 44.335678100000109 ], [ 21.66286659300016, 44.335479736000025 ], [ 21.665964126000063, 44.335002899000074 ], [ 21.668224335000104, 44.334354401000098 ], [ 21.670248032000131, 44.333446503000118 ], [ 21.671997071000135, 44.332275391 ], [ 21.677354812000146, 44.327522278000117 ], [ 21.682479858000022, 44.321971893000182 ], [ 21.686237336000033, 44.318572998000036 ], [ 21.689605714000038, 44.316123963000166 ], [ 21.691616058000079, 44.315265656000122 ], [ 21.693841935000137, 44.314689637000185 ], [ 21.69685363800005, 44.314342498000144 ], [ 21.699951171000066, 44.314361573000042 ], [ 21.703008652, 44.314720153 ], [ 21.707452775000093, 44.316036225 ], [ 21.712781907000135, 44.318603515000177 ], [ 21.715562820000116, 44.319221496000068 ], [ 21.718381882000131, 44.319004059000065 ], [ 21.720275879000098, 44.318450928000061 ], [ 21.721958160000099, 44.317604065000069 ], [ 21.726675033, 44.313556671000015 ], [ 21.737602233000132, 44.307033540000077 ], [ 21.740911483000048, 44.304595948000156 ], [ 21.743413925000141, 44.303096771000185 ], [ 21.745336533000057, 44.302352906000181 ], [ 21.752443313000128, 44.300258638000116 ], [ 21.754533769000034, 44.29940033000014 ], [ 21.759981156000038, 44.296562195000092 ], [ 21.762121199999967, 44.295806884000172 ], [ 21.764417649, 44.295280457000047 ], [ 21.76747322000017, 44.294940949000022 ], [ 21.770599364000191, 44.294914245000143 ], [ 21.781177520000028, 44.296165466 ], [ 21.784404754000036, 44.296268463000104 ], [ 21.790794372999983, 44.295829773000037 ], [ 21.797193528000037, 44.294742584000062 ], [ 21.800292968000122, 44.29478836100003 ], [ 21.803613663000192, 44.295417786000144 ], [ 21.811246871000094, 44.297298432000161 ], [ 21.815656663000084, 44.298110962000067 ], [ 21.827268600000139, 44.299804687000119 ], [ 21.841674805000082, 44.302928925000174 ], [ 21.844879150000111, 44.303283692000093 ], [ 21.848060609000129, 44.303321839000148 ], [ 21.851112367000042, 44.303054809000116 ], [ 21.854005813000185, 44.302421569000103 ], [ 21.856475831000125, 44.301422120000097 ], [ 21.861694335000038, 44.298088074000134 ], [ 21.865688325000121, 44.296951295000099 ], [ 21.871665954999969, 44.295799256000066 ], [ 21.876195907000181, 44.29434204100005 ], [ 21.879716873000177, 44.292381286000079 ], [ 21.889249802000109, 44.284931182000037 ], [ 21.891588211000055, 44.281883239000194 ], [ 21.89396858300006, 44.276943208000091 ], [ 21.894353866000188, 44.274837494000167 ], [ 21.893867493000187, 44.269866944000114 ], [ 21.894002914000112, 44.267845154000156 ], [ 21.896636963, 44.260231017000137 ], [ 21.8966712940001, 44.25822830300018 ], [ 21.895399094000027, 44.253402710000159 ], [ 21.895126341999969, 44.250450134000062 ], [ 21.895420075000061, 44.248950959000126 ], [ 21.89701652500014, 44.245441437000181 ], [ 21.897726059000092, 44.242828369000165 ], [ 21.897943496000039, 44.240047454000035 ], [ 21.897766112999989, 44.237216949000185 ], [ 21.897163392000152, 44.23442840600012 ], [ 21.895576478000123, 44.229171754000049 ], [ 21.895530701000155, 44.224815370000044 ], [ 21.896070481000038, 44.222831727000141 ], [ 21.897197724000137, 44.221141815000124 ], [ 21.898536682000099, 44.220134735999977 ], [ 21.905328750000024, 44.216228485000158 ], [ 21.909227370000167, 44.212661743000126 ], [ 21.911939620000055, 44.210578918000181 ], [ 21.914279937000174, 44.209503175000066 ], [ 21.915981291999969, 44.209278107000102 ], [ 21.917690277000077, 44.209491730000082 ], [ 21.920080184000028, 44.210552216999986 ], [ 21.92241096500004, 44.212116242000036 ], [ 21.926261900999975, 44.215087892000042 ], [ 21.933176039999978, 44.221797944000116 ], [ 21.935407639000175, 44.223628997 ], [ 21.937967300000139, 44.225204468000072 ], [ 21.940055847000167, 44.226165771000126 ], [ 21.944162369000139, 44.227542878000122 ], [ 21.946109771000181, 44.227909088000047 ], [ 21.948858262000101, 44.227886199000181 ], [ 21.952463151000018, 44.22686767600004 ], [ 21.954259873000183, 44.226001740000129 ], [ 21.955743790000156, 44.224952699000085 ], [ 21.956985473000088, 44.223114013000043 ], [ 21.957170487000155, 44.221748352000077 ], [ 21.956842422000079, 44.220371247000116 ], [ 21.956083298000181, 44.219120026000041 ], [ 21.952381135000167, 44.215366365000079 ], [ 21.951417922000132, 44.213932038000166 ], [ 21.950859071000025, 44.212394715000073 ], [ 21.950822829, 44.21038818400001 ], [ 21.951236724000069, 44.208972930000186 ], [ 21.952899932000037, 44.205513001000156 ], [ 21.956724166000072, 44.199031830000081 ], [ 21.958089828000084, 44.195198060000166 ], [ 21.958320618000187, 44.192790985000045 ], [ 21.958194732000095, 44.190322875999982 ], [ 21.957695007000041, 44.187839508000025 ], [ 21.956039429000157, 44.182655335 ], [ 21.955434800000148, 44.177864075000059 ] ] ] ] } },
{ "type": "Feature", "properties": { "fid": 92, "GID_2": "SRB.13.1_1", "GID_0": "SRB", "COUNTRY": "Serbia", "GID_1": "SRB.13_1", "NAME_1": "Podunavski", "NL_NAME_1": "Подунавски", "NAME_2": "Smederevo", "VARNAME_2": "Semendria|Szendrő|Vég-Szendrő|Se", "NL_NAME_2": "Смедерево", "TYPE_2": "Opštine", "ENGTYPE_2": "Town|Municipal", "CC_2": "NA", "HASC_2": "NA" }, "geometry": { "type": "MultiPolygon", "coordinates": [ [ [ [ 21.026399612000091, 44.691066743000079 ], [ 21.023534775000087, 44.683959960000095 ], [ 21.022699356000146, 44.680839539000146 ], [ 21.023000717000116, 44.678764344000115 ], [ 21.024269104000041, 44.676639557000101 ], [ 21.028230667000173, 44.671607971000128 ], [ 21.029354095000031, 44.66950607300015 ], [ 21.029796601000044, 44.667457582 ], [ 21.029636383000081, 44.665420532000041 ], [ 21.028865814000028, 44.663448334000122 ], [ 21.027519226000152, 44.661708832000045 ], [ 21.022325516000137, 44.657611847999988 ], [ 21.021005631000094, 44.655895233000194 ], [ 21.020702362000122, 44.654651642000033 ], [ 21.020912170000088, 44.65337753200015 ], [ 21.022556304000034, 44.651081085000101 ], [ 21.02519226000004, 44.648998260000155 ], [ 21.029348372000186, 44.646301270000151 ], [ 21.031114578000086, 44.644233704000101 ], [ 21.031349181000053, 44.642662048000091 ], [ 21.029407502000083, 44.638031006000119 ], [ 21.029508590000091, 44.635921479000103 ], [ 21.03023529100011, 44.634094239000092 ], [ 21.03217888000006, 44.631519318000073 ], [ 21.037292480000019, 44.626335145000041 ], [ 21.039407731000153, 44.623577118000185 ], [ 21.040353775000085, 44.621494293000069 ], [ 21.041864396000108, 44.61566925000011 ], [ 21.043729781000025, 44.612018586000033 ], [ 21.046131134, 44.609111786000085 ], [ 21.04846191300004, 44.60692596500013 ], [ 21.051179885000067, 44.604972839000027 ], [ 21.055215837000048, 44.603172302000132 ], [ 21.058219910000162, 44.602500916 ], [ 21.061996460000159, 44.602363587000127 ], [ 21.06707573000017, 44.602336883000021 ], [ 21.069757461000108, 44.60136413500004 ], [ 21.070842744000061, 44.600826264000034 ], [ 21.07263374300004, 44.599617005000084 ], [ 21.073326111000142, 44.598983766000174 ], [ 21.073503494000136, 44.598648072000117 ], [ 21.07348442000017, 44.598274230000072 ], [ 21.073062896000124, 44.5974845880001 ], [ 21.072408675000077, 44.596710205000079 ], [ 21.071985245, 44.596363068000016 ], [ 21.071462631000145, 44.596073152000031 ], [ 21.070865630000185, 44.595821380000132 ], [ 21.068782807000105, 44.595115662000012 ], [ 21.062477112000181, 44.590881348000153 ], [ 21.060148238000181, 44.588653564000026 ], [ 21.05863762000007, 44.586292266000044 ], [ 21.058206559000041, 44.583972930000186 ], [ 21.058620454000106, 44.582576752000136 ], [ 21.059461593000151, 44.581245422000109 ], [ 21.061395644000186, 44.579288483000084 ], [ 21.070232391000104, 44.573856354000156 ], [ 21.072380066000107, 44.572277069000108 ], [ 21.080289842000127, 44.56544494700006 ], [ 21.085189819000107, 44.562332153000114 ], [ 21.088064194000026, 44.561004639000032 ], [ 21.092819214000144, 44.559680939000089 ], [ 21.096845627000164, 44.55913543600019 ], [ 21.109144211000057, 44.558074951000094 ], [ 21.122997283000132, 44.556079865000072 ], [ 21.125160217000087, 44.555610656000056 ], [ 21.127115249000155, 44.554939270000091 ], [ 21.129520416000162, 44.553470611000193 ], [ 21.13169670100018, 44.551052095000102 ], [ 21.132595063000053, 44.548366547000114 ], [ 21.13254737800014, 44.545536041000048 ], [ 21.13160324100005, 44.542819977000192 ], [ 21.127153398000019, 44.536827088 ], [ 21.125417709000033, 44.532535552000013 ], [ 21.124296189000177, 44.530590057999973 ], [ 21.122735978000094, 44.52885437000009 ], [ 21.116853715000047, 44.524532317000137 ], [ 21.11499023500005, 44.522533416000044 ], [ 21.114065170000174, 44.521202088000052 ], [ 21.112924576000125, 44.517860412000118 ], [ 21.113185883000142, 44.515918731000113 ], [ 21.114149093000094, 44.514278412000067 ], [ 21.11569595300017, 44.512802125000178 ], [ 21.117443085000161, 44.511680603000116 ], [ 21.121261597000057, 44.509841919000053 ], [ 21.128267288000188, 44.507358552000028 ], [ 21.130039215000181, 44.506298065000124 ], [ 21.130680083000072, 44.505229950000114 ], [ 21.130702972000108, 44.503997802000129 ], [ 21.129678726000066, 44.502048493000018 ], [ 21.125644684000065, 44.498035431000176 ], [ 21.124696732000189, 44.496784210000101 ], [ 21.124288559000036, 44.495929719 ], [ 21.124563217000059, 44.494815827000082 ], [ 21.115928649000068, 44.483478546000185 ], [ 21.107463837000125, 44.47469329900008 ], [ 21.101909637000119, 44.468109131000119 ], [ 21.094923020000124, 44.461296081000057 ], [ 21.093307494000044, 44.460002899000187 ], [ 21.089473725000175, 44.457832337000184 ], [ 21.08573341400006, 44.45614624000018 ], [ 21.080976486000111, 44.454521179000096 ], [ 21.07897949300019, 44.453956605000087 ], [ 21.074037551000174, 44.45317840600012 ], [ 21.071117402000084, 44.453235626000037 ], [ 21.069076539000037, 44.45354080300018 ], [ 21.066211700000053, 44.454219818000126 ], [ 21.058330535000152, 44.457157135000045 ], [ 21.049922944000059, 44.459491729000149 ], [ 21.039491653000027, 44.463676453000176 ], [ 21.034515382000109, 44.464881897000112 ], [ 21.031160355000054, 44.465194702000133 ], [ 21.027717591000169, 44.465171813000097 ], [ 21.024269104000041, 44.464805603000173 ], [ 21.020935058000191, 44.464008331000116 ], [ 21.017677308000145, 44.462619781000171 ], [ 21.014799118000042, 44.460914611000078 ], [ 21.011615754000047, 44.458568574000083 ], [ 21.007703781000146, 44.459491729000149 ], [ 21.006973266000159, 44.45972442600015 ], [ 21.006673812000088, 44.459884643000123 ], [ 21.006446839000034, 44.460098268000138 ], [ 21.006124496000098, 44.460617065000179 ], [ 21.004842758999985, 44.463397980000138 ], [ 21.004829406000056, 44.468196869999986 ], [ 21.00819778400006, 44.472976684000059 ], [ 21.010688783000035, 44.474704742000085 ], [ 21.011068343000147, 44.475044251000156 ], [ 21.011358262000044, 44.4754028320001 ], [ 21.011512756000059, 44.475772857000038 ], [ 21.011619569000118, 44.476562499000011 ], [ 21.011573792000149, 44.478153229000043 ], [ 21.011476517000176, 44.478515626000046 ], [ 21.011278153000092, 44.478824615000121 ], [ 21.010902405000081, 44.479068757000107 ], [ 21.009836198000073, 44.47941970800008 ], [ 21.006486893000158, 44.480182649000085 ], [ 21.001422881, 44.477809905000015 ], [ 20.998056411, 44.473026276000098 ], [ 20.994686128000126, 44.468246460000046 ], [ 20.985361099000158, 44.461364747000061 ], [ 20.978319168000041, 44.455146791000175 ], [ 20.969694137000033, 44.449398041000052 ], [ 20.966337204000013, 44.446090699000138 ], [ 20.963510512000084, 44.441852570000037 ], [ 20.962217331000147, 44.441043855000032 ], [ 20.960649490000151, 44.440547944000116 ], [ 20.958250046000046, 44.440456390000179 ], [ 20.955848693000064, 44.441177369000059 ], [ 20.938734054000179, 44.448032380000143 ], [ 20.934911727000042, 44.450275422000061 ], [ 20.927457810000135, 44.455684661000078 ], [ 20.920558929000151, 44.459480285999973 ], [ 20.919361114000083, 44.460449219000168 ], [ 20.918550491000019, 44.462028503000056 ], [ 20.918577194000022, 44.463813782000102 ], [ 20.919769287000179, 44.466445922999981 ], [ 20.922552108000104, 44.470100404000107 ], [ 20.928911208000102, 44.475868224000067 ], [ 20.931579591000173, 44.477252961000147 ], [ 20.938495635000095, 44.479789733000075 ], [ 20.940250397000113, 44.480670929000155 ], [ 20.941589355000076, 44.481678009000177 ], [ 20.942457198000056, 44.483165741000164 ], [ 20.942455293000137, 44.484710694000171 ], [ 20.941579819000026, 44.486072540000066 ], [ 20.939779282000131, 44.487079620000088 ], [ 20.934726716000057, 44.48874664300007 ], [ 20.931745529000068, 44.489971160000039 ], [ 20.925207137000143, 44.493526459000122 ], [ 20.91391182000018, 44.499160766000102 ], [ 20.908876419000023, 44.50099945200003 ], [ 20.90239715600012, 44.502105714000038 ], [ 20.89014816200006, 44.503112793000184 ], [ 20.884780883000133, 44.503860474000135 ], [ 20.872348785000042, 44.506267549000086 ], [ 20.869289399000024, 44.506595612000126 ], [ 20.852495193000095, 44.506309510000051 ], [ 20.844808578000141, 44.505962372000113 ], [ 20.841112137000096, 44.50552368100017 ], [ 20.835962295000115, 44.504432678000057 ], [ 20.824903487000142, 44.501049042000034 ], [ 20.809873580000101, 44.497016908000035 ], [ 20.804101945000127, 44.494972229000041 ], [ 20.787673950000055, 44.488113403000057 ], [ 20.779064179000045, 44.492004395000151 ], [ 20.771343232000106, 44.494411468000067 ], [ 20.766069413000082, 44.495418548000089 ], [ 20.764139175000082, 44.496009828000183 ], [ 20.762105942000176, 44.497489930000086 ], [ 20.759117127000025, 44.502220154000099 ], [ 20.758604050000145, 44.504276276000041 ], [ 20.758512496000037, 44.511680603000116 ], [ 20.757923126000094, 44.513488770000095 ], [ 20.756532667999977, 44.515670777000025 ], [ 20.750202179000155, 44.522563935000164 ], [ 20.737104415000033, 44.53303527800017 ], [ 20.741159438000068, 44.535686492000139 ], [ 20.751056672000061, 44.54054260200013 ], [ 20.752920151000126, 44.541698456 ], [ 20.759386062000033, 44.547019958000135 ], [ 20.761957168000094, 44.548736572000053 ], [ 20.764743805000023, 44.54989624100017 ], [ 20.77560424700016, 44.552940368000066 ], [ 20.78362846300007, 44.556175232000044 ], [ 20.786027908000108, 44.556861877000074 ], [ 20.788528443000132, 44.55738067600015 ], [ 20.798223495000116, 44.558685303000175 ], [ 20.800565719000076, 44.559257507000098 ], [ 20.802667617999987, 44.560039521000135 ], [ 20.804931641, 44.561450959000183 ], [ 20.806350708000082, 44.563190461000033 ], [ 20.806653977000053, 44.565052033000086 ], [ 20.805709837999984, 44.567817688000048 ], [ 20.80170250000009, 44.574817658000086 ], [ 20.800369262000061, 44.576812744000165 ], [ 20.799160003000111, 44.578105927000138 ], [ 20.797758103000149, 44.579284668000071 ], [ 20.79521560600017, 44.580860139000094 ], [ 20.788339614000051, 44.583209992000093 ], [ 20.785625459000073, 44.584476471000187 ], [ 20.78329658500013, 44.585975646000179 ], [ 20.781532287000175, 44.587593079000158 ], [ 20.780689240000129, 44.58924102900005 ], [ 20.780757904000154, 44.59000778300009 ], [ 20.781921388000114, 44.591606140000067 ], [ 20.783697129000075, 44.593170166000164 ], [ 20.785190581000165, 44.5948791510001 ], [ 20.785690307000152, 44.597042085000169 ], [ 20.785268785000085, 44.600059509000062 ], [ 20.783777237000095, 44.603588104000096 ], [ 20.781431198000064, 44.606658936000144 ], [ 20.774219512000059, 44.612152100000117 ], [ 20.772460937000119, 44.614196778000178 ], [ 20.771465301000148, 44.616355897000176 ], [ 20.770975113000077, 44.618667603000176 ], [ 20.77084159900005, 44.621055603 ], [ 20.771411896000075, 44.625171661000081 ], [ 20.772855758, 44.627685548000159 ], [ 20.774974823000093, 44.630046844000105 ], [ 20.778192521000051, 44.632896423000091 ], [ 20.79201698300011, 44.631237030000193 ], [ 20.800897597000187, 44.630458833000034 ], [ 20.809490205000088, 44.63025665400005 ], [ 20.813606263000111, 44.630378724000025 ], [ 20.838050843000076, 44.633064270000034 ], [ 20.845375061000027, 44.634498597000118 ], [ 20.857507705000046, 44.637569429 ], [ 20.862676620000059, 44.638591767000037 ], [ 20.866378783000073, 44.638999939000087 ], [ 20.881698608000136, 44.639789581000059 ], [ 20.885324478000086, 44.640342712000063 ], [ 20.888841628000137, 44.641326905000028 ], [ 20.893957138000076, 44.643505097000173 ], [ 20.902788162000149, 44.647739411000032 ], [ 20.905590057999973, 44.649215699000138 ], [ 20.908067704000189, 44.650894166000171 ], [ 20.910781861000146, 44.65372085600012 ], [ 20.913970948000099, 44.65789794900013 ], [ 20.917346954000038, 44.661708832000045 ], [ 20.923856736000062, 44.667499542000087 ], [ 20.928230286000087, 44.670200348000094 ], [ 20.933254242000089, 44.672599793000131 ], [ 20.937992096000073, 44.674354553 ], [ 20.941986084000121, 44.675655366000115 ], [ 20.952342986000133, 44.678298950000169 ], [ 20.954637527000045, 44.679264068000066 ], [ 20.961494444999971, 44.685077668000076 ], [ 20.964130401000148, 44.686653137000121 ], [ 20.970306396000183, 44.689426422000167 ], [ 20.977043151000089, 44.69194793700018 ], [ 20.986055374000102, 44.694820404000041 ], [ 20.991312027000106, 44.695915223000156 ], [ 20.995130539000058, 44.69632339500015 ], [ 21.003253937000181, 44.69643783500004 ], [ 21.011697770000069, 44.695743560000039 ], [ 21.015848160000132, 44.694915771000069 ], [ 21.019359589000146, 44.693824768000127 ], [ 21.026399612000091, 44.691066743000079 ] ] ] ] } },
{ "type": "Feature", "properties": { "fid": 93, "GID_2": "SRB.13.2_1", "GID_0": "SRB", "COUNTRY": "Serbia", "GID_1": "SRB.13_1", "NAME_1": "Podunavski", "NL_NAME_1": "Подунавски", "NAME_2": "Smederevska Palanka", "VARNAME_2": "NA", "NL_NAME_2": "Смедеревска Паланка", "TYPE_2": "Opštine", "ENGTYPE_2": "Town|Municipal", "CC_2": "NA", "HASC_2": "NA" }, "geometry": { "type": "MultiPolygon", "coordinates": [ [ [ [ 20.772035599000105, 44.29775619500009 ], [ 20.772043228000086, 44.304985047000116 ], [ 20.771734238000136, 44.308231354000043 ], [ 20.770624161, 44.312511444000165 ], [ 20.769218445000035, 44.315196990000118 ], [ 20.766784669000117, 44.318935395000096 ], [ 20.765842437000174, 44.321640015000071 ], [ 20.765537263000112, 44.324451447000172 ], [ 20.765783309000028, 44.32724380500008 ], [ 20.766700745000094, 44.329868318000081 ], [ 20.767608642000027, 44.331222534000062 ], [ 20.770591737000188, 44.333950044000119 ], [ 20.779016494000132, 44.339790345000097 ], [ 20.785034179000036, 44.343189240000186 ], [ 20.786947251000015, 44.344760896000025 ], [ 20.787637711000116, 44.346015930000135 ], [ 20.787843705000114, 44.347373963000166 ], [ 20.787403107000102, 44.349178315000074 ], [ 20.785892487000183, 44.350967407000098 ], [ 20.783435821000126, 44.35229492100018 ], [ 20.781316757000127, 44.352928161000136 ], [ 20.779012679000061, 44.353302003000181 ], [ 20.775970459000064, 44.353370666999979 ], [ 20.772941590000187, 44.353019715000073 ], [ 20.764873503999979, 44.350856781000175 ], [ 20.762008667000032, 44.350585938000052 ], [ 20.759906769, 44.350708007000151 ], [ 20.757938384000113, 44.351139069000112 ], [ 20.755350113000134, 44.352378845000032 ], [ 20.752462387000094, 44.354564667000034 ], [ 20.742240906000177, 44.364173890000075 ], [ 20.736869812000066, 44.370235444000173 ], [ 20.733724594000023, 44.37431717000004 ], [ 20.732339859000149, 44.376445770000089 ], [ 20.731510163000053, 44.378528595000034 ], [ 20.730989456000032, 44.382076264000034 ], [ 20.731466294000086, 44.384071350000113 ], [ 20.73302459700011, 44.386272431000066 ], [ 20.735288620000119, 44.388343811000027 ], [ 20.740224839000064, 44.391849516999969 ], [ 20.748975754000185, 44.396957397000051 ], [ 20.751230240000041, 44.398666382000101 ], [ 20.752925872000162, 44.400623321000126 ], [ 20.754009247, 44.403137206 ], [ 20.75512504500017, 44.411399841000048 ], [ 20.755739211000162, 44.414001465000183 ], [ 20.756744385, 44.415977478000173 ], [ 20.758350373000042, 44.417545319000112 ], [ 20.759969712000157, 44.418342591 ], [ 20.769527435000043, 44.420757294000055 ], [ 20.77588271999997, 44.422794342000032 ], [ 20.77959442100007, 44.423400878000109 ], [ 20.78353118900003, 44.423572541 ], [ 20.787523270000179, 44.42339325 ], [ 20.791410445, 44.422813416000167 ], [ 20.793512344000135, 44.422271728000112 ], [ 20.811817169000051, 44.416042328 ], [ 20.814683913000124, 44.415435792000096 ], [ 20.81727027900007, 44.415481567000086 ], [ 20.819061279000096, 44.415901184000063 ], [ 20.821754455000189, 44.417068481000115 ], [ 20.824180603000173, 44.418727874000183 ], [ 20.836473464000051, 44.428855896000073 ], [ 20.838087082000186, 44.431144714000141 ], [ 20.838815689000171, 44.433242797000048 ], [ 20.839071274000048, 44.435443878 ], [ 20.838930129, 44.437675477000028 ], [ 20.838367463000168, 44.439865112000064 ], [ 20.837566375000165, 44.441513062000183 ], [ 20.836452483000187, 44.443054199000073 ], [ 20.831039429000157, 44.448501587000123 ], [ 20.826856613000075, 44.455036163000102 ], [ 20.824663163000139, 44.459228517000042 ], [ 20.821081161000052, 44.463939668000194 ], [ 20.819002151000177, 44.465801240000019 ], [ 20.816528320000032, 44.467464448000158 ], [ 20.804443359000118, 44.474010467000085 ], [ 20.787673950000055, 44.488113403000057 ], [ 20.804101945000127, 44.494972229000041 ], [ 20.809873580000101, 44.497016908000035 ], [ 20.824903487000142, 44.501049042000034 ], [ 20.835962295000115, 44.504432678000057 ], [ 20.841112137000096, 44.50552368100017 ], [ 20.844808578000141, 44.505962372000113 ], [ 20.852495193000095, 44.506309510000051 ], [ 20.869289399000024, 44.506595612000126 ], [ 20.872348785000042, 44.506267549000086 ], [ 20.884780883000133, 44.503860474000135 ], [ 20.89014816200006, 44.503112793000184 ], [ 20.90239715600012, 44.502105714000038 ], [ 20.908876419000023, 44.50099945200003 ], [ 20.91391182000018, 44.499160766000102 ], [ 20.925207137000143, 44.493526459000122 ], [ 20.931745529000068, 44.489971160000039 ], [ 20.934726716000057, 44.48874664300007 ], [ 20.939779282000131, 44.487079620000088 ], [ 20.941579819000026, 44.486072540000066 ], [ 20.942455293000137, 44.484710694000171 ], [ 20.942457198000056, 44.483165741000164 ], [ 20.941589355000076, 44.481678009000177 ], [ 20.940250397000113, 44.480670929000155 ], [ 20.938495635000095, 44.479789733000075 ], [ 20.931579591000173, 44.477252961000147 ], [ 20.928911208000102, 44.475868224000067 ], [ 20.922552108000104, 44.470100404000107 ], [ 20.919769287000179, 44.466445922999981 ], [ 20.918577194000022, 44.463813782000102 ], [ 20.918550491000019, 44.462028503000056 ], [ 20.919361114000083, 44.460449219000168 ], [ 20.920558929000151, 44.459480285999973 ], [ 20.927457810000135, 44.455684661000078 ], [ 20.934911727000042, 44.450275422000061 ], [ 20.938734054000179, 44.448032380000143 ], [ 20.955848693000064, 44.441177369000059 ], [ 20.958250046000046, 44.440456390000179 ], [ 20.960649490000151, 44.440547944000116 ], [ 20.962217331000147, 44.441043855000032 ], [ 20.963510512000084, 44.441852570000037 ], [ 20.966337204000013, 44.446090699000138 ], [ 20.969694137000033, 44.449398041000052 ], [ 20.978319168000041, 44.455146791000175 ], [ 20.985361099000158, 44.461364747000061 ], [ 20.994686128000126, 44.468246460000046 ], [ 20.998056411, 44.473026276000098 ], [ 21.001422881, 44.477809905000015 ], [ 21.006486893000158, 44.480182649000085 ], [ 21.009836198000073, 44.47941970800008 ], [ 21.010902405000081, 44.479068757000107 ], [ 21.011278153000092, 44.478824615000121 ], [ 21.011476517000176, 44.478515626000046 ], [ 21.011573792000149, 44.478153229000043 ], [ 21.011619569000118, 44.476562499000011 ], [ 21.011512756000059, 44.475772857000038 ], [ 21.011358262000044, 44.4754028320001 ], [ 21.011068343000147, 44.475044251000156 ], [ 21.010688783000035, 44.474704742000085 ], [ 21.00819778400006, 44.472976684000059 ], [ 21.004829406000056, 44.468196869999986 ], [ 21.004842758999985, 44.463397980000138 ], [ 21.006124496000098, 44.460617065000179 ], [ 21.006446839000034, 44.460098268000138 ], [ 21.006673812000088, 44.459884643000123 ], [ 21.006973266000159, 44.45972442600015 ], [ 21.007703781000146, 44.459491729000149 ], [ 21.011615754000047, 44.458568574000083 ], [ 21.011615754000047, 44.457656861000032 ], [ 21.01222038200018, 44.455764770000087 ], [ 21.016389847000085, 44.448623658000031 ], [ 21.023786544000075, 44.437927246000129 ], [ 21.027139664, 44.434909820000087 ], [ 21.028221130000134, 44.433647156000063 ], [ 21.028766632000156, 44.432319641000049 ], [ 21.028850556000179, 44.430900574000191 ], [ 21.027811050000139, 44.427543640000067 ], [ 21.027015686000084, 44.426151277000031 ], [ 21.023765562999984, 44.421360015000118 ], [ 21.02117156900016, 44.418003082999974 ], [ 21.016338348000033, 44.412593842000149 ], [ 21.0101604460001, 44.404094696000186 ], [ 21.008304596000187, 44.402626037000118 ], [ 21.006561279000096, 44.401901246000079 ], [ 20.99971771100013, 44.400493622000113 ], [ 20.995372772999986, 44.39926147500006 ], [ 20.992523194000057, 44.397956848000035 ], [ 20.986495972000171, 44.393966674000126 ], [ 20.983869552999977, 44.392738342000087 ], [ 20.977947235999977, 44.391159057000039 ], [ 20.971670152000058, 44.390480040999989 ], [ 20.969709397000088, 44.389808654000149 ], [ 20.968429565000065, 44.38850784300007 ], [ 20.967626572000142, 44.386772157000166 ], [ 20.966976167000041, 44.384399413000153 ], [ 20.96685028100012, 44.382278443000132 ], [ 20.967458725000029, 44.375633240000184 ], [ 20.968351364000057, 44.370491029000107 ], [ 20.969404221000048, 44.368087769000169 ], [ 20.971839905000138, 44.365341187000126 ], [ 20.973974228000088, 44.363712311000029 ], [ 20.976417542000092, 44.362277984000059 ], [ 20.97914505000017, 44.361118317000148 ], [ 20.982736588000137, 44.360279083000137 ], [ 20.986148835000108, 44.360130311000091 ], [ 20.988674164000088, 44.360389710000163 ], [ 20.991006851000066, 44.360942841000167 ], [ 20.994981767000183, 44.362796783000078 ], [ 21.000038146000122, 44.366363525000168 ], [ 21.002677917000142, 44.364517212000067 ], [ 21.003086089000135, 44.364139556000111 ], [ 21.003162385000053, 44.363956452000025 ], [ 21.003087997000137, 44.363769531000116 ], [ 21.002679825000087, 44.363399506000121 ], [ 21.000051499000051, 44.36157608100018 ], [ 21.000232696000069, 44.360931396000012 ], [ 21.001424789000168, 44.359943390000183 ], [ 21.004281998000067, 44.358531951000032 ], [ 21.016792297000165, 44.354675293000128 ], [ 21.018918991000078, 44.353607178000118 ], [ 21.020702362000122, 44.35230636700004 ], [ 21.023498535000101, 44.349491120000096 ], [ 21.025756836000028, 44.345939636000026 ], [ 21.028053284000123, 44.340732574000128 ], [ 21.028461456000173, 44.338527679000038 ], [ 21.028369904000044, 44.336315155000136 ], [ 21.027730941000186, 44.334194183000136 ], [ 21.026889802000142, 44.332794190000072 ], [ 21.024446487000034, 44.330101014000149 ], [ 21.022821426000121, 44.328903198000148 ], [ 21.020870210000169, 44.327964783000027 ], [ 21.01867294200008, 44.327255250000064 ], [ 21.008287430000166, 44.325160980000135 ], [ 21.000640869000165, 44.324619294000115 ], [ 20.98893356300016, 44.324455262000185 ], [ 20.985298156000169, 44.324153900000113 ], [ 20.983156205000114, 44.323764802000085 ], [ 20.981256486000063, 44.323131562000071 ], [ 20.979110718000186, 44.321777344000111 ], [ 20.97522163300016, 44.318260194000118 ], [ 20.971338272000082, 44.314208984000118 ], [ 20.969881058000169, 44.312183381000068 ], [ 20.969299316000161, 44.310214997000116 ], [ 20.969377517000169, 44.30815124500009 ], [ 20.970790863000047, 44.302974700000107 ], [ 20.972011566000049, 44.296081542000195 ], [ 20.973663330000079, 44.290790559000186 ], [ 20.97404289300016, 44.288589478000063 ], [ 20.974010467000141, 44.286373139000091 ], [ 20.973543167, 44.284202576000155 ], [ 20.970710754000038, 44.277740478000169 ], [ 20.970296860000076, 44.276287079000099 ], [ 20.970357895000063, 44.274192810999978 ], [ 20.971130372000118, 44.272212983000145 ], [ 20.97332191400011, 44.268054961000189 ], [ 20.974037170000145, 44.265632630000027 ], [ 20.974332809000146, 44.263172150000059 ], [ 20.973907472000064, 44.258995057 ], [ 20.954551697, 44.252151489000084 ], [ 20.949867248000146, 44.250675202000082 ], [ 20.941919328000097, 44.249347687000068 ], [ 20.933946609000088, 44.246917726000049 ], [ 20.930253983000114, 44.24630737200016 ], [ 20.918628692000027, 44.245323181000174 ], [ 20.914945602000103, 44.244678498000042 ], [ 20.90693664600019, 44.242279053000175 ], [ 20.903999328000168, 44.241889953000111 ], [ 20.90104293800016, 44.241886140000076 ], [ 20.898883819000162, 44.242134094000164 ], [ 20.896852493000097, 44.24262619000001 ], [ 20.891397476000066, 44.245185852000077 ], [ 20.888414383000054, 44.246315003000177 ], [ 20.886161805000029, 44.2468872070001 ], [ 20.883848189000048, 44.24724197400019 ], [ 20.880916595000144, 44.24735641400008 ], [ 20.876899719000164, 44.247180938000156 ], [ 20.874080659000128, 44.247367859000065 ], [ 20.871940613000163, 44.247844697000062 ], [ 20.869960786000036, 44.248619080000083 ], [ 20.868194581000182, 44.249683380000079 ], [ 20.863327027000139, 44.253223419000108 ], [ 20.858034133999979, 44.256458283000086 ], [ 20.853610992000142, 44.258350372000052 ], [ 20.84947586100003, 44.259658813000044 ], [ 20.846353530000044, 44.26012802200006 ], [ 20.843105315000173, 44.260227204000103 ], [ 20.839815141000088, 44.259990693000134 ], [ 20.82847976700009, 44.258403779000105 ], [ 20.816307067000082, 44.257629394999981 ], [ 20.815994262000061, 44.263816833000192 ], [ 20.815549851000185, 44.266620636000084 ], [ 20.813676833999978, 44.272754669000051 ], [ 20.813875198000062, 44.274730681999984 ], [ 20.814807892000147, 44.276443482000161 ], [ 20.816278458000113, 44.278038024000125 ], [ 20.820909500000141, 44.281581880000033 ], [ 20.823129654000184, 44.283950806000121 ], [ 20.823707581000122, 44.285339356000065 ], [ 20.823677062000172, 44.286705018000077 ], [ 20.823053360000074, 44.28784561100008 ], [ 20.821966172000032, 44.28888321 ], [ 20.819557189000079, 44.290279388000101 ], [ 20.816402436000089, 44.291538239000033 ], [ 20.809303284000123, 44.293632507000154 ], [ 20.806119919000082, 44.294246674000078 ], [ 20.791278839000142, 44.29657364000002 ], [ 20.772035599000105, 44.29775619500009 ] ] ] ] } },
{ "type": "Feature", "properties": { "fid": 94, "GID_2": "SRB.13.3_1", "GID_0": "SRB", "COUNTRY": "Serbia", "GID_1": "SRB.13_1", "NAME_1": "Podunavski", "NL_NAME_1": "Подунавски", "NAME_2": "Velika Plana", "VARNAME_2": "NA", "NL_NAME_2": "Велика Плана", "TYPE_2": "Opštine", "ENGTYPE_2": "Town|Municipal", "CC_2": "NA", "HASC_2": "NA" }, "geometry": { "type": "MultiPolygon", "coordinates": [ [ [ [ 21.124563217000059, 44.494815827000082 ], [ 21.131860733000053, 44.485103607000099 ], [ 21.132682800000111, 44.483875275000059 ], [ 21.133619308000164, 44.482048034000115 ], [ 21.13408279500004, 44.481498718000182 ], [ 21.136474610000164, 44.479431153000064 ], [ 21.138523103000125, 44.477146149000191 ], [ 21.142745971000124, 44.473018646000185 ], [ 21.148740769000142, 44.462482452000074 ], [ 21.151542663000157, 44.458671571000139 ], [ 21.156967162, 44.45248794600019 ], [ 21.15782737800015, 44.450611115000072 ], [ 21.157611847000169, 44.448894500000051 ], [ 21.15639686600008, 44.447452545000033 ], [ 21.154928207000182, 44.446678161000079 ], [ 21.147121429000094, 44.444118499000012 ], [ 21.144184113000051, 44.442836761000194 ], [ 21.142005921000134, 44.441524505000189 ], [ 21.140222550000146, 44.44003296000011 ], [ 21.138994217000175, 44.438388825000061 ], [ 21.138488769000105, 44.436504365000133 ], [ 21.138570785000127, 44.435138703000064 ], [ 21.139492036000092, 44.431381225000052 ], [ 21.140207290000092, 44.425540924000074 ], [ 21.141405106000093, 44.42322540300006 ], [ 21.143251419000023, 44.421161651000034 ], [ 21.14637756400009, 44.41815948500016 ], [ 21.153362274000187, 44.412357331000067 ], [ 21.15603446900019, 44.409435271 ], [ 21.15684318600006, 44.408325196000135 ], [ 21.157018662000041, 44.407505036000089 ], [ 21.159845352000104, 44.404506683000079 ], [ 21.160043716000189, 44.404197693000128 ], [ 21.160144806000062, 44.40388488800005 ], [ 21.160095214000023, 44.403545380000025 ], [ 21.159940719000133, 44.403205872 ], [ 21.159486770000115, 44.402519227000141 ], [ 21.158926009000027, 44.401863099000025 ], [ 21.158576965000066, 44.401569367000036 ], [ 21.157657622000102, 44.401119232000042 ], [ 21.155340194000075, 44.400329590000069 ], [ 21.15420341500004, 44.400325775 ], [ 21.153718948, 44.400394440000127 ], [ 21.153503418000128, 44.400478364000094 ], [ 21.150270461000048, 44.402748108000139 ], [ 21.14730453500016, 44.403133393000132 ], [ 21.144227981000142, 44.403087616000164 ], [ 21.141931533000047, 44.402759553000124 ], [ 21.136976243, 44.401359558000195 ], [ 21.13403892499997, 44.399833679000153 ], [ 21.131826402000172, 44.397861481000064 ], [ 21.128932953000117, 44.393844605000027 ], [ 21.120773316000111, 44.38399887200012 ], [ 21.113708495000026, 44.376335145000098 ], [ 21.110425949000046, 44.372325897 ], [ 21.10889434700016, 44.370223999000189 ], [ 21.107828140000152, 44.368152619000057 ], [ 21.106884003000118, 44.364482880000082 ], [ 21.106994628000109, 44.362293244000114 ], [ 21.107629776000067, 44.360172273000046 ], [ 21.108448028999987, 44.358753204000095 ], [ 21.110818862000144, 44.355937957000151 ], [ 21.112367630000051, 44.354602814000089 ], [ 21.114189148000094, 44.353443145000142 ], [ 21.119976044, 44.350673675000166 ], [ 21.126821517000053, 44.348224640000126 ], [ 21.131837845000121, 44.346801759000073 ], [ 21.137905121000131, 44.345756530000187 ], [ 21.149991988000011, 44.344833374000189 ], [ 21.154281616000048, 44.34383010900001 ], [ 21.156997681000121, 44.34246063300003 ], [ 21.166070939000178, 44.336360932000105 ], [ 21.174249650000036, 44.329338072999974 ], [ 21.179092407000041, 44.325798035 ], [ 21.181163788000106, 44.323963166000169 ], [ 21.182121276000089, 44.32253646900017 ], [ 21.182579040000121, 44.321052552000026 ], [ 21.182350159000123, 44.31919098000003 ], [ 21.181632996000189, 44.317962647000058 ], [ 21.18056488100018, 44.316829682000048 ], [ 21.178333283000143, 44.315299988000106 ], [ 21.176481247000027, 44.314529419000053 ], [ 21.171609878000083, 44.313034059000131 ], [ 21.163639068000123, 44.310150146000183 ], [ 21.153474808000055, 44.307498931999987 ], [ 21.145240783000133, 44.305679322000117 ], [ 21.133701325000118, 44.303653717000088 ], [ 21.129842759000098, 44.30228424 ], [ 21.126348495000173, 44.300395967000043 ], [ 21.124975205000055, 44.298789979 ], [ 21.124921798000116, 44.297187806000068 ], [ 21.126516343000162, 44.295871735000162 ], [ 21.137514113000123, 44.292312623000157 ], [ 21.147359847000132, 44.288581848000149 ], [ 21.143552781000039, 44.28567886400009 ], [ 21.140228271000126, 44.283554077000076 ], [ 21.13656425400012, 44.281612397000174 ], [ 21.133283615000039, 44.280292512000131 ], [ 21.12499046400012, 44.278259277000188 ], [ 21.123220444000083, 44.277633668000021 ], [ 21.121465684000157, 44.276325226000154 ], [ 21.121044159, 44.275115966999977 ], [ 21.121168137000154, 44.273769379000157 ], [ 21.121900558999982, 44.272003174000133 ], [ 21.12480163500004, 44.268226624000079 ], [ 21.125793457000043, 44.266277312999989 ], [ 21.125965119000057, 44.265323638000041 ], [ 21.125343323000095, 44.261959076000039 ], [ 21.121431350000023, 44.254146577000142 ], [ 21.12082862900013, 44.251960755000084 ], [ 21.120738982000091, 44.247474672000124 ], [ 21.121261597000057, 44.245292664000033 ], [ 21.123752594000052, 44.240360261000035 ], [ 21.125114440000118, 44.238430023000035 ], [ 21.126865387000123, 44.236782074000189 ], [ 21.135122299000102, 44.232524871000123 ], [ 21.136510849000047, 44.23159408500004 ], [ 21.137788773000125, 44.229999543000076 ], [ 21.138355255000079, 44.228160859000184 ], [ 21.1384372710001, 44.223438263000048 ], [ 21.138990402000161, 44.221393585000158 ], [ 21.139694213000041, 44.219989777000194 ], [ 21.141981125000029, 44.216697692000025 ], [ 21.148456574000022, 44.210582733000024 ], [ 21.149484634000146, 44.208732606000183 ], [ 21.14958572400019, 44.207832337000013 ], [ 21.149021147999974, 44.205905914000084 ], [ 21.146484376000046, 44.202003479000041 ], [ 21.142416, 44.197494507000158 ], [ 21.140655518000074, 44.195140839000089 ], [ 21.138563155000043, 44.189479829000163 ], [ 21.137470246000134, 44.187644958000135 ], [ 21.135393144000034, 44.186141968000129 ], [ 21.133855819000132, 44.185859680000192 ], [ 21.132837296000105, 44.186111451000158 ], [ 21.127611158999969, 44.190055847 ], [ 21.126020432000075, 44.191013336000083 ], [ 21.122568130000104, 44.19256591900006 ], [ 21.117263794000166, 44.19395828200004 ], [ 21.11380004900019, 44.194412233000037 ], [ 21.103595734000066, 44.195205688000044 ], [ 21.100423813000077, 44.195701599000131 ], [ 21.098087311000029, 44.196331025000177 ], [ 21.095958709000115, 44.197185516000104 ], [ 21.0908050540001, 44.200298309000175 ], [ 21.088605881000149, 44.201263429000107 ], [ 21.086273192000135, 44.201782226000091 ], [ 21.084945680000089, 44.201812745000041 ], [ 21.082124710000073, 44.201320649000195 ], [ 21.074283600000058, 44.199214935000043 ], [ 21.072172164000108, 44.198814392000031 ], [ 21.069044112000142, 44.198692321000181 ], [ 21.061306, 44.199523925000051 ], [ 21.051513671000123, 44.199954987000183 ], [ 21.041315078000139, 44.205116272000112 ], [ 21.020233155000142, 44.214801788000159 ], [ 21.01537704500015, 44.216075898000099 ], [ 21.005691529000046, 44.217247010000165 ], [ 21.002595901000063, 44.217826843000068 ], [ 20.996286393000105, 44.220039369000176 ], [ 20.992359161000081, 44.222019196000133 ], [ 20.98574447600015, 44.226715089000095 ], [ 20.979482651000126, 44.23005294800015 ], [ 20.977436065000063, 44.231880189000037 ], [ 20.976003647000027, 44.234088897000049 ], [ 20.97525215200011, 44.2363014230001 ], [ 20.973972320000087, 44.246746063000103 ], [ 20.973907472000064, 44.258995057 ], [ 20.974332809000146, 44.263172150000059 ], [ 20.974037170000145, 44.265632630000027 ], [ 20.97332191400011, 44.268054961000189 ], [ 20.971130372000118, 44.272212983000145 ], [ 20.970357895000063, 44.274192810999978 ], [ 20.970296860000076, 44.276287079000099 ], [ 20.970710754000038, 44.277740478000169 ], [ 20.973543167, 44.284202576000155 ], [ 20.974010467000141, 44.286373139000091 ], [ 20.97404289300016, 44.288589478000063 ], [ 20.973663330000079, 44.290790559000186 ], [ 20.972011566000049, 44.296081542000195 ], [ 20.970790863000047, 44.302974700000107 ], [ 20.969377517000169, 44.30815124500009 ], [ 20.969299316000161, 44.310214997000116 ], [ 20.969881058000169, 44.312183381000068 ], [ 20.971338272000082, 44.314208984000118 ], [ 20.97522163300016, 44.318260194000118 ], [ 20.979110718000186, 44.321777344000111 ], [ 20.981256486000063, 44.323131562000071 ], [ 20.983156205000114, 44.323764802000085 ], [ 20.985298156000169, 44.324153900000113 ], [ 20.98893356300016, 44.324455262000185 ], [ 21.000640869000165, 44.324619294000115 ], [ 21.008287430000166, 44.325160980000135 ], [ 21.01867294200008, 44.327255250000064 ], [ 21.020870210000169, 44.327964783000027 ], [ 21.022821426000121, 44.328903198000148 ], [ 21.024446487000034, 44.330101014000149 ], [ 21.026889802000142, 44.332794190000072 ], [ 21.027730941000186, 44.334194183000136 ], [ 21.028369904000044, 44.336315155000136 ], [ 21.028461456000173, 44.338527679000038 ], [ 21.028053284000123, 44.340732574000128 ], [ 21.025756836000028, 44.345939636000026 ], [ 21.023498535000101, 44.349491120000096 ], [ 21.020702362000122, 44.35230636700004 ], [ 21.018918991000078, 44.353607178000118 ], [ 21.016792297000165, 44.354675293000128 ], [ 21.004281998000067, 44.358531951000032 ], [ 21.001424789000168, 44.359943390000183 ], [ 21.000232696000069, 44.360931396000012 ], [ 21.000051499000051, 44.36157608100018 ], [ 21.002679825000087, 44.363399506000121 ], [ 21.003087997000137, 44.363769531000116 ], [ 21.003162385000053, 44.363956452000025 ], [ 21.003086089000135, 44.364139556000111 ], [ 21.002677917000142, 44.364517212000067 ], [ 21.000038146000122, 44.366363525000168 ], [ 20.994981767000183, 44.362796783000078 ], [ 20.991006851000066, 44.360942841000167 ], [ 20.988674164000088, 44.360389710000163 ], [ 20.986148835000108, 44.360130311000091 ], [ 20.982736588000137, 44.360279083000137 ], [ 20.97914505000017, 44.361118317000148 ], [ 20.976417542000092, 44.362277984000059 ], [ 20.973974228000088, 44.363712311000029 ], [ 20.971839905000138, 44.365341187000126 ], [ 20.969404221000048, 44.368087769000169 ], [ 20.968351364000057, 44.370491029000107 ], [ 20.967458725000029, 44.375633240000184 ], [ 20.96685028100012, 44.382278443000132 ], [ 20.966976167000041, 44.384399413000153 ], [ 20.967626572000142, 44.386772157000166 ], [ 20.968429565000065, 44.38850784300007 ], [ 20.969709397000088, 44.389808654000149 ], [ 20.971670152000058, 44.390480040999989 ], [ 20.977947235999977, 44.391159057000039 ], [ 20.983869552999977, 44.392738342000087 ], [ 20.986495972000171, 44.393966674000126 ], [ 20.992523194000057, 44.397956848000035 ], [ 20.995372772999986, 44.39926147500006 ], [ 20.99971771100013, 44.400493622000113 ], [ 21.006561279000096, 44.401901246000079 ], [ 21.008304596000187, 44.402626037000118 ], [ 21.0101604460001, 44.404094696000186 ], [ 21.016338348000033, 44.412593842000149 ], [ 21.02117156900016, 44.418003082999974 ], [ 21.023765562999984, 44.421360015000118 ], [ 21.027015686000084, 44.426151277000031 ], [ 21.027811050000139, 44.427543640000067 ], [ 21.028850556000179, 44.430900574000191 ], [ 21.028766632000156, 44.432319641000049 ], [ 21.028221130000134, 44.433647156000063 ], [ 21.027139664, 44.434909820000087 ], [ 21.023786544000075, 44.437927246000129 ], [ 21.016389847000085, 44.448623658000031 ], [ 21.01222038200018, 44.455764770000087 ], [ 21.011615754000047, 44.457656861000032 ], [ 21.011615754000047, 44.458568574000083 ], [ 21.014799118000042, 44.460914611000078 ], [ 21.017677308000145, 44.462619781000171 ], [ 21.020935058000191, 44.464008331000116 ], [ 21.024269104000041, 44.464805603000173 ], [ 21.027717591000169, 44.465171813000097 ], [ 21.031160355000054, 44.465194702000133 ], [ 21.034515382000109, 44.464881897000112 ], [ 21.039491653000027, 44.463676453000176 ], [ 21.049922944000059, 44.459491729000149 ], [ 21.058330535000152, 44.457157135000045 ], [ 21.066211700000053, 44.454219818000126 ], [ 21.069076539000037, 44.45354080300018 ], [ 21.071117402000084, 44.453235626000037 ], [ 21.074037551000174, 44.45317840600012 ], [ 21.07897949300019, 44.453956605000087 ], [ 21.080976486000111, 44.454521179000096 ], [ 21.08573341400006, 44.45614624000018 ], [ 21.089473725000175, 44.457832337000184 ], [ 21.093307494000044, 44.460002899000187 ], [ 21.094923020000124, 44.461296081000057 ], [ 21.101909637000119, 44.468109131000119 ], [ 21.107463837000125, 44.47469329900008 ], [ 21.115928649000068, 44.483478546000185 ], [ 21.124563217000059, 44.494815827000082 ] ] ] ] } }
]
}
