{
"type": "FeatureCollection",
"name": "PR-26",
"crs": { "type": "name", "properties": { "name": "urn:ogc:def:crs:OGC:1.3:CRS84" } },
"features": [
{ "type": "Feature", "properties": { "fid": 2, "GID_2": "BGR.1.1_1", "GID_0": "BGR", "COUNTRY": "Bulgaria", "GID_1": "BGR.1_1", "NAME_1": "Blagoevgrad", "NL_NAME_1": "Благоевград", "NAME_2": "Bansko", "VARNAME_2": "NA", "NL_NAME_2": "Банско", "TYPE_2": "Obshtina", "ENGTYPE_2": "Municipality", "CC_2": "NA", "HASC_2": "BG.BL.BA" }, "geometry": { "type": "MultiPolygon", "coordinates": [ [ [ [ 23.593597411000189, 41.859558106000065 ], [ 23.595190048000063, 41.857944488000157 ], [ 23.59757232700008, 41.855487822999976 ], [ 23.598514557000044, 41.853771210000161 ], [ 23.599325180000051, 41.852165222000167 ], [ 23.599191666000024, 41.8495826730001 ], [ 23.598501206000094, 41.847972870000035 ], [ 23.59819793700018, 41.845970154000042 ], [ 23.597566605000168, 41.842910766000045 ], [ 23.598260880000112, 41.841201783000145 ], [ 23.599586487000124, 41.840080261000082 ], [ 23.601634980000028, 41.838947297000118 ], [ 23.604080200000055, 41.837734223000098 ], [ 23.606790542000113, 41.836524964000148 ], [ 23.609767914000088, 41.83464431800013 ], [ 23.612466813000026, 41.833522796000068 ], [ 23.61454773000014, 41.832122803000175 ], [ 23.618030548000036, 41.830341339000029 ], [ 23.619724273000088, 41.829124450000108 ], [ 23.621686935000128, 41.827064513000153 ], [ 23.62314987100001, 41.825656892000097 ], [ 23.624830247000148, 41.824722291000114 ], [ 23.627239227000189, 41.824470519000101 ], [ 23.63155555700007, 41.824043274000189 ], [ 23.633600235000131, 41.823410034000176 ], [ 23.63593483000011, 41.822105408000084 ], [ 23.638376237000045, 41.820903777000012 ], [ 23.641786574000093, 41.821052551999969 ], [ 23.643926620000059, 41.821071625000059 ], [ 23.645814895000058, 41.821277619000057 ], [ 23.648193359000174, 41.821781158000078 ], [ 23.652206420000141, 41.822494507000044 ], [ 23.655082702000072, 41.823192597000059 ], [ 23.657316207000065, 41.824264527000082 ], [ 23.65928840700019, 41.825229645000036 ], [ 23.662502290000077, 41.827148437000176 ], [ 23.665197373000069, 41.828987121000068 ], [ 23.667892455000128, 41.830898285000103 ], [ 23.672714233000079, 41.833415986000148 ], [ 23.675699233000159, 41.834285737000073 ], [ 23.678829193000126, 41.835075379000045 ], [ 23.681327820000035, 41.835952760000055 ], [ 23.683506012000123, 41.837863922000111 ], [ 23.683919906000085, 41.840034486000093 ], [ 23.684608460000049, 41.841640474000087 ], [ 23.68529892000015, 41.843353272000058 ], [ 23.686498642000117, 41.844688416000054 ], [ 23.688194274000068, 41.846206665000182 ], [ 23.692413329000033, 41.848304749000192 ], [ 23.697929382000154, 41.849311828000111 ], [ 23.705753327000139, 41.849567413000045 ], [ 23.712604523000152, 41.849258423000094 ], [ 23.719703675000119, 41.848564148000094 ], [ 23.72530937300013, 41.847499848000155 ], [ 23.729913711000052, 41.846401214000025 ], [ 23.734527587000059, 41.845123292000153 ], [ 23.739662170000088, 41.843299866000109 ], [ 23.74578857500012, 41.841842651000036 ], [ 23.749883652000108, 41.840755462000061 ], [ 23.753215790000127, 41.839843750000114 ], [ 23.758060455000134, 41.838954925000053 ], [ 23.76190185500019, 41.838043213000105 ], [ 23.765201569000169, 41.838073731000122 ], [ 23.768236160000185, 41.838104248000093 ], [ 23.771799086999977, 41.837772370000152 ], [ 23.777130126000088, 41.837638856000126 ], [ 23.783475876000068, 41.837688446000129 ], [ 23.789304734000098, 41.838111878000177 ], [ 23.793354034000117, 41.838344574000075 ], [ 23.795520783000029, 41.836700440000072 ], [ 23.800323486000138, 41.833003999000027 ], [ 23.803924562000191, 41.83073043800016 ], [ 23.810707092000087, 41.826499939000144 ], [ 23.814296723000155, 41.8242149350001 ], [ 23.817071915000099, 41.82281875700005 ], [ 23.823049545000117, 41.819499969000049 ], [ 23.821624756000119, 41.816478730000085 ], [ 23.820533753000177, 41.811775207000039 ], [ 23.81865883, 41.80705261300011 ], [ 23.817501068000183, 41.804035187000181 ], [ 23.816610336000167, 41.800647735000041 ], [ 23.815433501000086, 41.798187255000187 ], [ 23.814243318000081, 41.796112059999984 ], [ 23.81304550200008, 41.794025422000175 ], [ 23.810844421000127, 41.791744233000031 ], [ 23.808124541000154, 41.790203096000141 ], [ 23.806352616000027, 41.789619446000131 ], [ 23.803092956000114, 41.788829803999988 ], [ 23.799821854000186, 41.788032532000102 ], [ 23.795549392, 41.787052156000186 ], [ 23.791845321000039, 41.784557344000177 ], [ 23.789659501000187, 41.782085418000122 ], [ 23.787439347000031, 41.780548096000075 ], [ 23.784704208999983, 41.779201508000028 ], [ 23.781951905000028, 41.778606415000127 ], [ 23.777420045000042, 41.777610779000156 ], [ 23.774166107000099, 41.776992797000162 ], [ 23.771406173000173, 41.776226044000055 ], [ 23.766717911000057, 41.774982453000121 ], [ 23.763971329000185, 41.774181365000061 ], [ 23.760755539000172, 41.772445678999986 ], [ 23.75679779100011, 41.770320892000143 ], [ 23.753875731999983, 41.767639161000034 ], [ 23.751230240000154, 41.764389039000037 ], [ 23.748098373000118, 41.76056671200007 ], [ 23.744966507000129, 41.756744385000104 ], [ 23.742048265000108, 41.753868103000173 ], [ 23.7379188540001, 41.749656678000122 ], [ 23.734998702000041, 41.746955872000115 ], [ 23.730617524000138, 41.74254226700009 ], [ 23.7291412350001, 41.741580963000104 ], [ 23.725427628000034, 41.739444733000084 ], [ 23.723188401000129, 41.738460541000052 ], [ 23.718950272000029, 41.736869812000123 ], [ 23.713207246000024, 41.735080720000099 ], [ 23.709434509000062, 41.734645843000067 ], [ 23.703929901000095, 41.733047485000156 ], [ 23.69635391300011, 41.732746124000187 ], [ 23.696100233999971, 41.732746124000187 ], [ 23.695856095000124, 41.732738496000081 ], [ 23.691059113000051, 41.732280732000049 ], [ 23.687522887000057, 41.732223511000029 ], [ 23.684028626000043, 41.731029511000145 ], [ 23.681791306000036, 41.729846955000028 ], [ 23.680343628000116, 41.728126527000143 ], [ 23.67990875300012, 41.726226808000092 ], [ 23.679971696000109, 41.724327087000177 ], [ 23.680778504000045, 41.723018645000082 ], [ 23.682359695000059, 41.721141815000067 ], [ 23.684213637000141, 41.71888732900004 ], [ 23.686571120000053, 41.716648102000136 ], [ 23.687694550000117, 41.713432311000076 ], [ 23.68831062400011, 41.710414887000184 ], [ 23.687063218000105, 41.709625245000041 ], [ 23.6848087300001, 41.709403992000091 ], [ 23.682289124000192, 41.708992005000027 ], [ 23.679246902000159, 41.709125519000054 ], [ 23.676696777000132, 41.709465028000182 ], [ 23.674425126000187, 41.709434509000062 ], [ 23.671171189000177, 41.709392547000107 ], [ 23.667354584000122, 41.709888458000194 ], [ 23.663534163000122, 41.710403442000029 ], [ 23.658435822000058, 41.710899353000116 ], [ 23.649015428000098, 41.712398530000087 ], [ 23.643947601000093, 41.712875367000152 ], [ 23.637403489000064, 41.712860107000154 ], [ 23.630355836000035, 41.713333129000034 ], [ 23.625881196000137, 41.713134767000156 ], [ 23.622400283000161, 41.71316909900014 ], [ 23.618467331000033, 41.712741851000146 ], [ 23.615528106000113, 41.712249756000176 ], [ 23.612060546000066, 41.71208572300003 ], [ 23.601268768000125, 41.709587098000156 ], [ 23.596294403000059, 41.708477021000022 ], [ 23.591524124000159, 41.70735931400003 ], [ 23.585643768000125, 41.706764221000071 ], [ 23.582307815000092, 41.70611953800011 ], [ 23.576387405000162, 41.705299377000188 ], [ 23.568077088000109, 41.703643800000066 ], [ 23.559982301000105, 41.701728820000085 ], [ 23.553966522000167, 41.700759887000117 ], [ 23.545074462, 41.699760438000112 ], [ 23.538291932000163, 41.699172973000088 ], [ 23.529708862000177, 41.696861267000145 ], [ 23.521720886000082, 41.694774627000129 ], [ 23.517114640000159, 41.693920136000088 ], [ 23.512041092000118, 41.692710877000081 ], [ 23.508523942000068, 41.691844940000124 ], [ 23.506456375000141, 41.692710877000081 ], [ 23.502376556000172, 41.693374634000065 ], [ 23.498487472000079, 41.694957733000194 ], [ 23.493385315000069, 41.695999146000133 ], [ 23.491260528000055, 41.697410583000135 ], [ 23.488319398000044, 41.699863435000054 ], [ 23.487199783000051, 41.701263428000118 ], [ 23.482326507000096, 41.702674867000098 ], [ 23.478937148000057, 41.704254151000043 ], [ 23.471776963000138, 41.706020356000067 ], [ 23.46917533800007, 41.707252502000074 ], [ 23.466453553000179, 41.710060120000037 ], [ 23.465042114000028, 41.712364196000067 ], [ 23.463582993000159, 41.715881348000096 ], [ 23.461660386000176, 41.719238281000116 ], [ 23.460042953000027, 41.721881867000036 ], [ 23.458425522000027, 41.725120544 ], [ 23.455530166000131, 41.730064393000077 ], [ 23.450050354000041, 41.734851837000065 ], [ 23.445373535000044, 41.736949921000075 ], [ 23.441745758000025, 41.738128663000111 ], [ 23.438894272000141, 41.738983154000039 ], [ 23.435501098000032, 41.738819123000042 ], [ 23.432653427000048, 41.738468169000157 ], [ 23.43011283800007, 41.736797333000084 ], [ 23.428325654, 41.736129762000189 ], [ 23.426063538000051, 41.735076905000028 ], [ 23.422807693000095, 41.73382186900011 ], [ 23.418777466000108, 41.73008346600011 ], [ 23.415723801000127, 41.727771760000167 ], [ 23.407329560000051, 41.720565795000027 ], [ 23.400642394000101, 41.714763641000104 ], [ 23.39543914799998, 41.711067200000059 ], [ 23.3916492460001, 41.707878113000049 ], [ 23.389278412000067, 41.707176208000135 ], [ 23.386854171000152, 41.706821441000045 ], [ 23.384283065000034, 41.707710266000106 ], [ 23.382446289000086, 41.708602905000134 ], [ 23.381067277000056, 41.709663392000039 ], [ 23.379840852000086, 41.711624146000133 ], [ 23.379373550000139, 41.713394164000192 ], [ 23.379394531, 41.715168 ], [ 23.379093170000033, 41.717643738000106 ], [ 23.378870011000117, 41.719417572000111 ], [ 23.37853241, 41.724369049000074 ], [ 23.377052307000042, 41.726482392000094 ], [ 23.375280381000152, 41.72895431600017 ], [ 23.373498917000177, 41.731601715000068 ], [ 23.372085571000127, 41.733078004000106 ], [ 23.369905472000141, 41.734741212000074 ], [ 23.367525100000023, 41.736137390000124 ], [ 23.364475250000055, 41.736946106000062 ], [ 23.361471176, 41.7372894290001 ], [ 23.356920243000161, 41.738040924000018 ], [ 23.354440689000171, 41.738048554000159 ], [ 23.357730866000168, 41.739685059000124 ], [ 23.360614776000034, 41.740272521 ], [ 23.364219665000178, 41.741306305000137 ], [ 23.368789672000162, 41.742660523000097 ], [ 23.374122619000104, 41.744045257999971 ], [ 23.377685546000123, 41.746089936000089 ], [ 23.381275177000191, 41.748237610000103 ], [ 23.384614943000145, 41.751258851000102 ], [ 23.388036728000031, 41.754776001000153 ], [ 23.390548706000175, 41.757995607000055 ], [ 23.391307832000109, 41.760738373000152 ], [ 23.392616273000101, 41.763690949000193 ], [ 23.392921448000038, 41.767337799000131 ], [ 23.393226624000079, 41.769592285000158 ], [ 23.391777039000146, 41.77582931500018 ], [ 23.389810562000036, 41.781837464000034 ], [ 23.389335631999984, 41.78493499700005 ], [ 23.387275695000028, 41.787326814000153 ], [ 23.395032884000159, 41.79161071700014 ], [ 23.399108887000125, 41.79530334500015 ], [ 23.402116776000071, 41.797805787000073 ], [ 23.405336379000062, 41.800888062000126 ], [ 23.407537460000015, 41.803562164000027 ], [ 23.407482147000167, 41.805194856000128 ], [ 23.408674241000028, 41.80804061900011 ], [ 23.408594132000076, 41.810558320000155 ], [ 23.40877533000014, 41.812492370000143 ], [ 23.409221649000017, 41.814235687000064 ], [ 23.411434173000146, 41.81697845500014 ], [ 23.411878586000057, 41.818923950000112 ], [ 23.41334152200011, 41.820877076000045 ], [ 23.414552689000061, 41.822631836000085 ], [ 23.417503357000101, 41.82614898800017 ], [ 23.421213151000131, 41.828899384000181 ], [ 23.42398262, 41.83046341000005 ], [ 23.425958633, 41.83222580000006 ], [ 23.432428359000085, 41.836532592000083 ], [ 23.440448762000131, 41.840442658000086 ], [ 23.448213578000093, 41.843982696000069 ], [ 23.452974319000134, 41.846134187000189 ], [ 23.458234788000084, 41.848098754000148 ], [ 23.464536666000129, 41.849475861000144 ], [ 23.472068786000023, 41.852409363 ], [ 23.477865217999977, 41.853206636000152 ], [ 23.480407715000126, 41.853206636000152 ], [ 23.484466552000129, 41.853214264000087 ], [ 23.487754821000181, 41.853225709000071 ], [ 23.491836548000094, 41.852661133000083 ], [ 23.496717454000191, 41.851123811000036 ], [ 23.499275208000086, 41.850364685000102 ], [ 23.502859116000138, 41.849411011000086 ], [ 23.507476806000113, 41.847881316000098 ], [ 23.511074066000049, 41.846546174000082 ], [ 23.515449524000019, 41.844635009000172 ], [ 23.519821166999975, 41.843112945000144 ], [ 23.525394440000071, 41.842742920000035 ], [ 23.527936934000138, 41.842563628999983 ], [ 23.532516479000037, 41.842010499000082 ], [ 23.536586762000127, 41.841457368000022 ], [ 23.540870665999989, 41.841861724000125 ], [ 23.543886184000144, 41.842437744000165 ], [ 23.54815101600019, 41.843410491999975 ], [ 23.55116653500005, 41.843822479000096 ], [ 23.553915024000162, 41.844589234000182 ], [ 23.559167863000027, 41.846336364000138 ], [ 23.568916322000064, 41.848686219000172 ], [ 23.574899673000175, 41.850608826000155 ], [ 23.579631806000066, 41.852352143000076 ], [ 23.585092545000123, 41.85466384900019 ], [ 23.589319228000136, 41.856403351000097 ], [ 23.593597411000189, 41.859558106000065 ] ] ] ] } },
{ "type": "Feature", "properties": { "fid": 3, "GID_2": "BGR.1.2_1", "GID_0": "BGR", "COUNTRY": "Bulgaria", "GID_1": "BGR.1_1", "NAME_1": "Blagoevgrad", "NL_NAME_1": "Благоевград", "NAME_2": "Belitsa", "VARNAME_2": "NA", "NL_NAME_2": "Белица", "TYPE_2": "Obshtina", "ENGTYPE_2": "Municipality", "CC_2": "NA", "HASC_2": "BG.BL.BE" }, "geometry": { "type": "MultiPolygon", "coordinates": [ [ [ [ 23.793354034000117, 41.838344574000075 ], [ 23.789304734000098, 41.838111878000177 ], [ 23.783475876000068, 41.837688446000129 ], [ 23.777130126000088, 41.837638856000126 ], [ 23.771799086999977, 41.837772370000152 ], [ 23.768236160000185, 41.838104248000093 ], [ 23.765201569000169, 41.838073731000122 ], [ 23.76190185500019, 41.838043213000105 ], [ 23.758060455000134, 41.838954925000053 ], [ 23.753215790000127, 41.839843750000114 ], [ 23.749883652000108, 41.840755462000061 ], [ 23.74578857500012, 41.841842651000036 ], [ 23.739662170000088, 41.843299866000109 ], [ 23.734527587000059, 41.845123292000153 ], [ 23.729913711000052, 41.846401214000025 ], [ 23.72530937300013, 41.847499848000155 ], [ 23.719703675000119, 41.848564148000094 ], [ 23.712604523000152, 41.849258423000094 ], [ 23.705753327000139, 41.849567413000045 ], [ 23.697929382000154, 41.849311828000111 ], [ 23.692413329000033, 41.848304749000192 ], [ 23.688194274000068, 41.846206665000182 ], [ 23.686498642000117, 41.844688416000054 ], [ 23.68529892000015, 41.843353272000058 ], [ 23.684608460000049, 41.841640474000087 ], [ 23.683919906000085, 41.840034486000093 ], [ 23.683506012000123, 41.837863922000111 ], [ 23.681327820000035, 41.835952760000055 ], [ 23.678829193000126, 41.835075379000045 ], [ 23.675699233000159, 41.834285737000073 ], [ 23.672714233000079, 41.833415986000148 ], [ 23.667892455000128, 41.830898285000103 ], [ 23.665197373000069, 41.828987121000068 ], [ 23.662502290000077, 41.827148437000176 ], [ 23.65928840700019, 41.825229645000036 ], [ 23.657316207000065, 41.824264527000082 ], [ 23.655082702000072, 41.823192597000059 ], [ 23.652206420000141, 41.822494507000044 ], [ 23.648193359000174, 41.821781158000078 ], [ 23.645814895000058, 41.821277619000057 ], [ 23.643926620000059, 41.821071625000059 ], [ 23.641786574000093, 41.821052551999969 ], [ 23.638376237000045, 41.820903777000012 ], [ 23.63593483000011, 41.822105408000084 ], [ 23.633600235000131, 41.823410034000176 ], [ 23.63155555700007, 41.824043274000189 ], [ 23.627239227000189, 41.824470519000101 ], [ 23.624830247000148, 41.824722291000114 ], [ 23.62314987100001, 41.825656892000097 ], [ 23.621686935000128, 41.827064513000153 ], [ 23.619724273000088, 41.829124450000108 ], [ 23.618030548000036, 41.830341339000029 ], [ 23.61454773000014, 41.832122803000175 ], [ 23.612466813000026, 41.833522796000068 ], [ 23.609767914000088, 41.83464431800013 ], [ 23.606790542000113, 41.836524964000148 ], [ 23.604080200000055, 41.837734223000098 ], [ 23.601634980000028, 41.838947297000118 ], [ 23.599586487000124, 41.840080261000082 ], [ 23.598260880000112, 41.841201783000145 ], [ 23.597566605000168, 41.842910766000045 ], [ 23.59819793700018, 41.845970154000042 ], [ 23.598501206000094, 41.847972870000035 ], [ 23.599191666000024, 41.8495826730001 ], [ 23.599325180000051, 41.852165222000167 ], [ 23.598514557000044, 41.853771210000161 ], [ 23.59757232700008, 41.855487822999976 ], [ 23.595190048000063, 41.857944488000157 ], [ 23.593597411000189, 41.859558106000065 ], [ 23.591768264999985, 41.861171722000165 ], [ 23.58921814100006, 41.864971162000131 ], [ 23.585275651000131, 41.86867523300009 ], [ 23.583692552000173, 41.870677949000083 ], [ 23.581453324000165, 41.872871400000065 ], [ 23.579217910000125, 41.875247956000067 ], [ 23.576869965000128, 41.877170563999982 ], [ 23.571416854000176, 41.880786896000075 ], [ 23.566480638000144, 41.884235382000099 ], [ 23.562620162000144, 41.886146547000067 ], [ 23.558492661000116, 41.888450622 ], [ 23.552852631000121, 41.89095688000009 ], [ 23.549730301000068, 41.893459320000034 ], [ 23.546045303000142, 41.896911621000129 ], [ 23.542369843000131, 41.900382996000189 ], [ 23.539480210000079, 41.903076172000112 ], [ 23.537309646000097, 41.906925201000149 ], [ 23.535171508000076, 41.910011292000149 ], [ 23.531681060000096, 41.91541290300006 ], [ 23.529489517000059, 41.919658662000074 ], [ 23.528114320000043, 41.922554016000163 ], [ 23.52647590600003, 41.925640107000163 ], [ 23.523288726000089, 41.929702758000133 ], [ 23.519237519, 41.936290741000164 ], [ 23.518604279000044, 41.939765930000192 ], [ 23.517961502000048, 41.943229676000101 ], [ 23.517297745000121, 41.947284699000136 ], [ 23.51666641300011, 41.950370789000033 ], [ 23.515726089000111, 41.955001831000061 ], [ 23.513313294000056, 41.958496094000054 ], [ 23.510196684999983, 41.960849762000123 ], [ 23.509101867000027, 41.96316909799998 ], [ 23.507919311000023, 41.967433931000187 ], [ 23.506526946000065, 41.970924377000131 ], [ 23.506063462000043, 41.976131439000028 ], [ 23.505876541000134, 41.98076629600007 ], [ 23.505933761000051, 41.985965729000156 ], [ 23.505792619000147, 41.989444732000152 ], [ 23.505695342000138, 41.992145539000035 ], [ 23.506593704000068, 41.995208740000123 ], [ 23.506717681999987, 41.998287202000085 ], [ 23.506088258000148, 42.001953125999989 ], [ 23.505449295000119, 42.005630493000069 ], [ 23.503349304000039, 42.007976533000033 ], [ 23.501495360000092, 42.010345459000121 ], [ 23.500112533000163, 42.013637543000186 ], [ 23.50004959, 42.015579224000192 ], [ 23.499963761000117, 42.017696381000121 ], [ 23.501974104999988, 42.018039704000159 ], [ 23.504495621000103, 42.017986297000107 ], [ 23.507526398000152, 42.017913819000171 ], [ 23.510812758999975, 42.018032074000075 ], [ 23.513057709000122, 42.018756866 ], [ 23.513734818000103, 42.020660400000111 ], [ 23.514144898000097, 42.023532867000029 ], [ 23.515085220000117, 42.025440216 ], [ 23.51593017600004, 42.03003692700014 ], [ 23.512975693000101, 42.034919738000099 ], [ 23.508756638000136, 42.040214539000033 ], [ 23.50377655, 42.045341492000148 ], [ 23.498857499000053, 42.048942565000118 ], [ 23.496017456000175, 42.050743102000126 ], [ 23.492828369, 42.055263519000164 ], [ 23.490962982000156, 42.058204652000029 ], [ 23.48779487600018, 42.061954498000148 ], [ 23.483551025000168, 42.064384461000031 ], [ 23.481607438000026, 42.065883637000127 ], [ 23.47903442300003, 42.067405701000098 ], [ 23.476976394000189, 42.068710327000019 ], [ 23.474391938000053, 42.070533752000188 ], [ 23.472324371000127, 42.071918487000119 ], [ 23.470766068000046, 42.073509216000161 ], [ 23.467611312000145, 42.077190399000187 ], [ 23.469732284000145, 42.078815460000101 ], [ 23.474782944000026, 42.083400727000139 ], [ 23.480800628000054, 42.088184357000159 ], [ 23.483634948000088, 42.090847016000112 ], [ 23.492256165000128, 42.095039368000073 ], [ 23.494157791000077, 42.096469880000143 ], [ 23.492500306000125, 42.094570161000092 ], [ 23.498117447000141, 42.094707490000133 ], [ 23.501453400000173, 42.094669343000078 ], [ 23.50617408700009, 42.094520569000053 ], [ 23.50909233100009, 42.094421387000182 ], [ 23.512847900000054, 42.09418869000001 ], [ 23.516674041000044, 42.093944549000184 ], [ 23.520612716000016, 42.09289932300004 ], [ 23.525526046000152, 42.091911316000051 ], [ 23.53291511499998, 42.089588165000123 ], [ 23.536373139000148, 42.088367463000054 ], [ 23.540790559000072, 42.087368011000137 ], [ 23.544879912999988, 42.086631774000068 ], [ 23.550254822, 42.086597442000027 ], [ 23.553165436000143, 42.087005616000056 ], [ 23.556074143000046, 42.087665557000037 ], [ 23.560419084000102, 42.089134216000161 ], [ 23.563297271000124, 42.090774535999969 ], [ 23.566900253000142, 42.091167451000103 ], [ 23.57076072600006, 42.089340211000035 ], [ 23.573843003000093, 42.087337494000167 ], [ 23.577711106000152, 42.085517884000069 ], [ 23.580551147000051, 42.083324432000154 ], [ 23.585182189000079, 42.080909728000165 ], [ 23.588529586000163, 42.078716278000059 ], [ 23.59195137100005, 42.074611663000155 ], [ 23.59559631400009, 42.07128143400007 ], [ 23.597732545000042, 42.067596437000077 ], [ 23.598588942999982, 42.064517975000058 ], [ 23.598995209000066, 42.059375764000151 ], [ 23.599142076000192, 42.054969788000108 ], [ 23.598318100000085, 42.049278259000175 ], [ 23.597234726000124, 42.043395996000129 ], [ 23.595693589000064, 42.036571503000062 ], [ 23.594438553000145, 42.028594972000064 ], [ 23.593090057000097, 42.023864745000139 ], [ 23.592952728000057, 42.02062988299997 ], [ 23.594856262000178, 42.016407013000162 ], [ 23.597995757000149, 42.013313293000181 ], [ 23.604299545000174, 42.006351472000119 ], [ 23.607488632000127, 42.002101898000092 ], [ 23.609130859000061, 41.998279571000069 ], [ 23.610021591000191, 41.994850158000133 ], [ 23.610126496000078, 41.991817474000186 ], [ 23.610214232000089, 41.989154816000166 ], [ 23.610054017000039, 41.987075806000064 ], [ 23.610139846000152, 41.984794617000091 ], [ 23.610193253000034, 41.983081817000084 ], [ 23.609888077000164, 41.977775572999974 ], [ 23.609962463000102, 41.975685120000151 ], [ 23.608566285000052, 41.972675324000136 ], [ 23.607910157000106, 41.969841004000102 ], [ 23.606483460000106, 41.967380523000031 ], [ 23.605340959000159, 41.964355469 ], [ 23.60441970800008, 41.962097168000128 ], [ 23.602506638000079, 41.959259033000023 ], [ 23.601587295000115, 41.956993104000048 ], [ 23.600669860000153, 41.954345703000115 ], [ 23.599231720000148, 41.952659606000168 ], [ 23.599573136000174, 41.950176240000189 ], [ 23.600635528000112, 41.948833467000043 ], [ 23.60245704600004, 41.947288513999979 ], [ 23.606058120000114, 41.945556641000167 ], [ 23.608083725000085, 41.945346833000031 ], [ 23.611375809000151, 41.945133209000119 ], [ 23.615653992000034, 41.945472717000143 ], [ 23.618396758000131, 41.946395875000121 ], [ 23.621126176000189, 41.947330476000104 ], [ 23.623603820000028, 41.948631287000183 ], [ 23.625308990000065, 41.950332642000149 ], [ 23.627275467000118, 41.951820374000135 ], [ 23.629201889, 41.954261781000127 ], [ 23.630142211000191, 41.95595550600018 ], [ 23.630842209000036, 41.95746994100017 ], [ 23.631486892000169, 41.960487365000063 ], [ 23.633445741000173, 41.962356568000075 ], [ 23.635393142000055, 41.964229583000076 ], [ 23.638082503000078, 41.966670990000182 ], [ 23.63981056199998, 41.967781067000146 ], [ 23.644863128000054, 41.967933654000035 ], [ 23.647142410000185, 41.967914581000173 ], [ 23.649686814000063, 41.967517852000128 ], [ 23.652271270000028, 41.966178894000166 ], [ 23.654071807000037, 41.965415954000093 ], [ 23.657918930000108, 41.964061738000112 ], [ 23.660186769000063, 41.964241029000164 ], [ 23.662452698000095, 41.964611054000102 ], [ 23.664443971000082, 41.965541840000014 ], [ 23.666162491000136, 41.967220306000172 ], [ 23.667106628, 41.969108582000104 ], [ 23.66781425400012, 41.970802306000053 ], [ 23.669530869000141, 41.972293854000043 ], [ 23.672794342000088, 41.973228455000026 ], [ 23.675836562000086, 41.973205566000161 ], [ 23.678390502000184, 41.972812653000062 ], [ 23.680944442000111, 41.972625732000154 ], [ 23.68374061500009, 41.972427368000069 ], [ 23.687799453000025, 41.972614289000148 ], [ 23.69044494700006, 41.973358154000152 ], [ 23.693483351999987, 41.974292755000135 ], [ 23.695833207000192, 41.97589874300013 ], [ 23.69718551699998, 41.977497100000164 ], [ 23.699157715000126, 41.979457855000078 ], [ 23.700775146000069, 41.980487823000033 ], [ 23.702014923999968, 41.981624603000171 ], [ 23.704538345000174, 41.982284547000063 ], [ 23.707490921000044, 41.982017517000145 ], [ 23.710308075000057, 41.981460571000071 ], [ 23.712118150000151, 41.98098754900019 ], [ 23.713586806000023, 41.978832245000035 ], [ 23.714553834000071, 41.97658920300006 ], [ 23.714504242000032, 41.973964692000095 ], [ 23.713834763000023, 41.971237184000188 ], [ 23.713916779000044, 41.968612671000187 ], [ 23.71477317900019, 41.965896606000058 ], [ 23.715091703999974, 41.964313507000099 ], [ 23.718490601000099, 41.961994171000015 ], [ 23.721351623000032, 41.960334778000117 ], [ 23.72472953800019, 41.95848464900007 ], [ 23.727964402000168, 41.957195281000168 ], [ 23.731689452000182, 41.956668854000043 ], [ 23.732969284000035, 41.95658493000019 ], [ 23.734386443000119, 41.956310272000053 ], [ 23.737203598000065, 41.956340791000173 ], [ 23.739105224000184, 41.956348419000108 ], [ 23.744731903000059, 41.956962585000099 ], [ 23.749309540000013, 41.957752227000071 ], [ 23.754100800000174, 41.95856475800008 ], [ 23.75643157899998, 41.955867767000086 ], [ 23.758043289000113, 41.950145721000069 ], [ 23.759813310000141, 41.946422576000145 ], [ 23.76112937900001, 41.941841126000099 ], [ 23.76243209800009, 41.937828064000087 ], [ 23.763706207000098, 41.934688569000116 ], [ 23.763780593000035, 41.93210220300017 ], [ 23.764333724000039, 41.927223206000178 ], [ 23.764438629000097, 41.923778535000167 ], [ 23.764919281000061, 41.920906068000079 ], [ 23.764604569000142, 41.918609620000154 ], [ 23.764680863000081, 41.916305542000089 ], [ 23.765190124000185, 41.91258239800004 ], [ 23.765726089000054, 41.90828323400018 ], [ 23.767761230000133, 41.905727387000184 ], [ 23.770259856999985, 41.900856019000173 ], [ 23.773883819, 41.898002625000117 ], [ 23.778886796000165, 41.888572693000071 ], [ 23.780912399000158, 41.886295319000112 ], [ 23.782585144000109, 41.883445740000184 ], [ 23.785491943000181, 41.877716064000026 ], [ 23.785617829000103, 41.873989105000135 ], [ 23.786487580000028, 41.871406556000011 ], [ 23.786979675000168, 41.868530274000079 ], [ 23.787910461000081, 41.864234925000062 ], [ 23.788480758000105, 41.859069825000063 ], [ 23.788202285000068, 41.855892182000161 ], [ 23.788719177000189, 41.852447510000047 ], [ 23.789621354000133, 41.849006654000107 ], [ 23.790864945000123, 41.847015381000119 ], [ 23.791723252000168, 41.844711305000089 ], [ 23.793354034000117, 41.838344574000075 ] ] ] ] } },
{ "type": "Feature", "properties": { "fid": 4, "GID_2": "BGR.1.3_1", "GID_0": "BGR", "COUNTRY": "Bulgaria", "GID_1": "BGR.1_1", "NAME_1": "Blagoevgrad", "NL_NAME_1": "Благоевград", "NAME_2": "Blagoevgrad", "VARNAME_2": "Gorna Dzhumaya", "NL_NAME_2": "Благоевград", "TYPE_2": "City", "ENGTYPE_2": "City", "CC_2": "NA", "HASC_2": "BG.BL.BL" }, "geometry": { "type": "MultiPolygon", "coordinates": [ [ [ [ 23.446687699000051, 42.060504914000148 ], [ 23.446020126000178, 42.057598114000143 ], [ 23.444112779000022, 42.054168700000048 ], [ 23.440744401000188, 42.048595429000159 ], [ 23.438072205000083, 42.045372010000165 ], [ 23.434129716000086, 42.041763306 ], [ 23.429914474000043, 42.038745880000135 ], [ 23.425483703000168, 42.034740447000104 ], [ 23.420532225999978, 42.031917572 ], [ 23.417310715000156, 42.029827116999968 ], [ 23.413347245000125, 42.026977539000086 ], [ 23.410432816000139, 42.023910522000108 ], [ 23.408977508000191, 42.02198028700019 ], [ 23.407260894000046, 42.020244597999977 ], [ 23.40458106900013, 42.017356873000097 ], [ 23.401855469, 42.015441895000095 ], [ 23.398591996000107, 42.014312745000097 ], [ 23.393331527000157, 42.012039185999981 ], [ 23.390481948000172, 42.011520387000132 ], [ 23.390300750000108, 42.011489868000012 ], [ 23.385837555000023, 42.008216857000036 ], [ 23.383619309000153, 42.006282806000115 ], [ 23.381660462000184, 42.004146576000153 ], [ 23.379953385000078, 42.002017974000069 ], [ 23.37899971000013, 42.000064850000115 ], [ 23.377103806000093, 41.996356964000086 ], [ 23.375675202000025, 41.993423461000077 ], [ 23.369075775000113, 41.985427857000047 ], [ 23.366350175000036, 41.982883455000035 ], [ 23.36486625800012, 41.981525421000129 ], [ 23.361114502000191, 41.979190827000025 ], [ 23.353147506000028, 41.979038239000033 ], [ 23.352954865000129, 41.979034424000133 ], [ 23.345489502000191, 41.97867965800009 ], [ 23.345296861000179, 41.978668212000059 ], [ 23.340366363000044, 41.97868347300016 ], [ 23.340173721000099, 41.97868347300016 ], [ 23.332672119000051, 41.979084014000193 ], [ 23.332469940000124, 41.979091644999983 ], [ 23.324937820000059, 41.980258942000034 ], [ 23.324743270000113, 41.980297089000089 ], [ 23.316194535000079, 41.981067657000096 ], [ 23.315988540000149, 41.981086731000062 ], [ 23.310462951000147, 41.982994080000026 ], [ 23.310268402000077, 41.983062743000119 ], [ 23.304420471000014, 41.988983155000085 ], [ 23.3017654410001, 41.991737365000063 ], [ 23.2984657290001, 41.997665405000077 ], [ 23.295236587999966, 42.001602172000105 ], [ 23.290973663000159, 42.005935670000042 ], [ 23.288276672, 42.009487152000077 ], [ 23.280792235999968, 42.014099122000118 ], [ 23.280639649000079, 42.014198302000125 ], [ 23.277652741, 42.01586914100011 ], [ 23.277486801000123, 42.015956879000044 ], [ 23.273704529000042, 42.018024444000162 ], [ 23.273542404000182, 42.018112183000028 ], [ 23.269535065000184, 42.019794464000086 ], [ 23.26935005200005, 42.019874573000038 ], [ 23.263570786000059, 42.020786286000032 ], [ 23.26338005000008, 42.020816803000173 ], [ 23.258375168000043, 42.021732330000191 ], [ 23.258180619000029, 42.021770477000018 ], [ 23.252950668000153, 42.021732330000191 ], [ 23.252756119000082, 42.02172851500012 ], [ 23.249944688000085, 42.020717620000084 ], [ 23.248701095000172, 42.019325257000048 ], [ 23.246006013000112, 42.015167237000071 ], [ 23.245090485, 42.011600495000039 ], [ 23.243221283000082, 42.006034852000028 ], [ 23.239990234000174, 42.002262115000065 ], [ 23.237283707000131, 41.998275756000055 ], [ 23.232547760000045, 41.992889404000039 ], [ 23.229488372000048, 41.991458894000175 ], [ 23.225919724, 41.989826203000177 ], [ 23.221313476000091, 41.988189698000042 ], [ 23.214962006000178, 41.984157562 ], [ 23.210353852000139, 41.982299805000082 ], [ 23.206062316000157, 41.97887039200009 ], [ 23.203510284000174, 41.977436067000156 ], [ 23.200696945, 41.9762001040001 ], [ 23.199974061000091, 41.974811554000155 ], [ 23.197731018000184, 41.97199630700004 ], [ 23.19701767000015, 41.969802857000047 ], [ 23.194828033000078, 41.965614318000178 ], [ 23.190841675000115, 41.960788727000136 ], [ 23.186580658000082, 41.956359864000035 ], [ 23.182754517000149, 41.954101563000165 ], [ 23.178672790000178, 41.952064513000039 ], [ 23.175336837000145, 41.950614930000086 ], [ 23.170597077000025, 41.950141908000035 ], [ 23.170404433000044, 41.950119019000169 ], [ 23.168342591000169, 41.949497223000037 ], [ 23.163869857000122, 41.948825836000026 ], [ 23.163677215000121, 41.948806763000107 ], [ 23.160234451000065, 41.948360444000059 ], [ 23.160049438000101, 41.948337556000126 ], [ 23.15816307200015, 41.947937012000182 ], [ 23.15798759400019, 41.947898865000127 ], [ 23.155170441000109, 41.94663238600009 ], [ 23.152904510000099, 41.944606781000061 ], [ 23.151128770000071, 41.943359375000057 ], [ 23.149854660000187, 41.942138673000159 ], [ 23.146553040000185, 41.940444946000071 ], [ 23.142713548000131, 41.938743591000048 ], [ 23.138414384000043, 41.936592103000066 ], [ 23.135257721000073, 41.936103820000085 ], [ 23.135072708000109, 41.936073304000047 ], [ 23.131427763999966, 41.93573379500009 ], [ 23.131231307000178, 41.935722352000141 ], [ 23.12733841000005, 41.935543061000089 ], [ 23.127143861000036, 41.935531616000162 ], [ 23.122251511000059, 41.935283662000074 ], [ 23.122055055000146, 41.935272216000158 ], [ 23.116924287000188, 41.934822083000142 ], [ 23.116731643000037, 41.934810639000091 ], [ 23.110609054000179, 41.93502807700014 ], [ 23.110406876000127, 41.93502426200007 ], [ 23.101543426000035, 41.935062409000125 ], [ 23.101348877000191, 41.935058594000111 ], [ 23.098783492000109, 41.93579101600011 ], [ 23.098588943000095, 41.935840608000149 ], [ 23.096025467000118, 41.936035157000163 ], [ 23.095829010999978, 41.936046600000111 ], [ 23.093774795000058, 41.936790467000094 ], [ 23.093591691000142, 41.936851503000184 ], [ 23.091526032000047, 41.937587737000172 ], [ 23.091344833000051, 41.937652588000105 ], [ 23.08879852400014, 41.93854141200012 ], [ 23.088603973000147, 41.938610078000124 ], [ 23.08704185400012, 41.939529418000177 ], [ 23.086139679000155, 41.941097259000117 ], [ 23.085426331000122, 41.943881990000079 ], [ 23.084947586, 41.945354461000136 ], [ 23.085479735999968, 41.947097778000057 ], [ 23.086246490000178, 41.949039459000176 ], [ 23.087047577000135, 41.952312470000038 ], [ 23.085351945000184, 41.954437257000052 ], [ 23.084054947000141, 41.955173494000121 ], [ 23.083879470999989, 41.955257415000062 ], [ 23.081878662000122, 41.955795288000047 ], [ 23.081672668000124, 41.955852508000191 ], [ 23.078668594000078, 41.956310272000053 ], [ 23.078464507000149, 41.956348419000108 ], [ 23.076440810000122, 41.956359864000035 ], [ 23.076246261000108, 41.956359864000035 ], [ 23.074457169000027, 41.956222535000165 ], [ 23.074264526000036, 41.956211090000181 ], [ 23.07053375300012, 41.954986573000042 ], [ 23.0647850040001, 41.952301026000157 ], [ 23.059013366000045, 41.948501586000191 ], [ 23.054777145000116, 41.946685791000164 ], [ 23.050006866000047, 41.944087982000042 ], [ 23.045995713000082, 41.942291260000047 ], [ 23.039937972000018, 41.941703797000059 ], [ 23.03975296100009, 41.941688537 ], [ 23.036500931000148, 41.942520141000102 ], [ 23.036306382000134, 41.94257736100019 ], [ 23.032798767000088, 41.94308471700009 ], [ 23.032594680000159, 41.943122864000145 ], [ 23.027046203000168, 41.943138122000164 ], [ 23.025060655000175, 41.942157746000191 ], [ 23.023992537000083, 41.940460205000193 ], [ 23.022924422000074, 41.938941956000065 ], [ 23.022539139000116, 41.935817719000113 ], [ 23.022676467999986, 41.932895659999986 ], [ 23.023111343000039, 41.93106842200018 ], [ 23.024562836000143, 41.929687500000114 ], [ 23.025989533000143, 41.927207946000124 ], [ 23.026670455000158, 41.924846650000177 ], [ 23.025611878000063, 41.922077178000166 ], [ 23.022607803000085, 41.921199799000135 ], [ 23.019844055000021, 41.92156982400013 ], [ 23.019639968000092, 41.92159652800018 ], [ 23.017641067, 41.921146392000082 ], [ 23.015621185000043, 41.919994355000028 ], [ 23.014837266000086, 41.918373107000036 ], [ 23.015274049000084, 41.916469575000065 ], [ 23.015989304000016, 41.915283202000069 ], [ 23.018173216999969, 41.91292953400017 ], [ 23.019369126000072, 41.91106414900014 ], [ 23.020328521000181, 41.909530640000185 ], [ 23.020261765000157, 41.907634736000148 ], [ 23.019456862000084, 41.904697419 ], [ 23.018640519000087, 41.901950837000129 ], [ 23.01731300400013, 41.898696900000118 ], [ 23.015504837000037, 41.896930695000094 ], [ 23.014219284000148, 41.895374299000082 ], [ 23.013160705000018, 41.893142700000112 ], [ 23.012088775000166, 41.890911103000121 ], [ 23.011037827000052, 41.888679505000027 ], [ 23.009431840000161, 41.885063171000127 ], [ 23.007312775000059, 41.880901336000136 ], [ 23.004419327000107, 41.876342775000182 ], [ 23.001771926000174, 41.871738434000122 ], [ 22.99836158800008, 41.867919923000102 ], [ 22.991802216000053, 41.863891602000137 ], [ 22.98650169300015, 41.861988067000141 ], [ 22.981008530000111, 41.861095428000056 ], [ 22.976917266000157, 41.859916688000055 ], [ 22.973712921000185, 41.859146119000172 ], [ 22.969568252000158, 41.857215881000172 ], [ 22.964906693000046, 41.855579377000083 ], [ 22.959627151000177, 41.853313446000129 ], [ 22.950994492000063, 41.850002288000042 ], [ 22.946155548000092, 41.845279694000112 ], [ 22.945232392000094, 41.841266631000167 ], [ 22.942892074000099, 41.83654403700001 ], [ 22.938173293000034, 41.834640503000116 ], [ 22.932636260999971, 41.834854126000096 ], [ 22.919242859000065, 41.834743500000172 ], [ 22.912206649000041, 41.834495544000106 ], [ 22.911840439000116, 41.834838868000077 ], [ 22.910755158000086, 41.834793091000108 ], [ 22.910078049000106, 41.834995270000036 ], [ 22.909315109000033, 41.835075379000045 ], [ 22.90877914400005, 41.835449219000054 ], [ 22.908502578000082, 41.83596038800016 ], [ 22.908214569000108, 41.836563111000032 ], [ 22.907478332000039, 41.83676147500006 ], [ 22.906904221000048, 41.837036133000083 ], [ 22.906808853000143, 41.837142945000039 ], [ 22.905963897000049, 41.838783265000018 ], [ 22.905902863000165, 41.838977814000032 ], [ 22.905687331000081, 41.839496613000108 ], [ 22.905527116000087, 41.839866638000046 ], [ 22.905361176000042, 41.840389252000136 ], [ 22.905349730000125, 41.84049606300016 ], [ 22.905311584000174, 41.840869903 ], [ 22.905347825000092, 41.841606140000124 ], [ 22.905332565000037, 41.84243011600006 ], [ 22.905031205000171, 41.843128204000095 ], [ 22.904531479000184, 41.843650818000185 ], [ 22.903902055000174, 41.843818666 ], [ 22.903835297000171, 41.843894959000011 ], [ 22.903461457000105, 41.844306946000074 ], [ 22.903192519000072, 41.844772338000041 ], [ 22.902931214000034, 41.845226289000038 ], [ 22.902618407000034, 41.845439912000074 ], [ 22.902238847000035, 41.845829010000102 ], [ 22.901859284000182, 41.846271516000115 ], [ 22.901592254000093, 41.846683503000179 ], [ 22.901323319000142, 41.847137451000094 ], [ 22.901220322000086, 41.84766006600006 ], [ 22.901288987000157, 41.848182678000171 ], [ 22.901529311000161, 41.848747254000159 ], [ 22.901762009000038, 41.849132537000116 ], [ 22.901832580000075, 41.849250793000124 ], [ 22.902032852000161, 41.849639893000187 ], [ 22.901817322000056, 41.850063324000132 ], [ 22.90133476200009, 41.850494386000094 ], [ 22.901208877999977, 41.850532533000148 ], [ 22.900623321000126, 41.850715637 ], [ 22.899856568000189, 41.850891114000092 ], [ 22.899429321000127, 41.851196289000029 ], [ 22.899042130000112, 41.851825714000142 ], [ 22.899002075000112, 41.852348328 ], [ 22.89877510000008, 41.853054046000125 ], [ 22.89858818100015, 41.853782655000145 ], [ 22.898334504000047, 41.854331971000079 ], [ 22.897830963000047, 41.854858398000033 ], [ 22.897045136000088, 41.855186463000109 ], [ 22.896537780000074, 41.85571670600018 ], [ 22.895971298000063, 41.856239318000064 ], [ 22.895229339000082, 41.856712342000151 ], [ 22.894424438000158, 41.857185365000134 ], [ 22.893856049000135, 41.85780715900006 ], [ 22.893337250000116, 41.858482361000142 ], [ 22.893060684000147, 41.859081269000114 ], [ 22.892784119000055, 41.85967636099997 ], [ 22.892515182000125, 41.86017990199997 ], [ 22.892404556000031, 41.860359191000157 ], [ 22.892183303000081, 41.860721588000047 ], [ 22.89174080000015, 41.861072540000123 ], [ 22.89100074800001, 41.861312866000105 ], [ 22.890865326000039, 41.861347199000193 ], [ 22.889539719000027, 41.862197877000085 ], [ 22.889223099000105, 41.862590790000183 ], [ 22.88896370000009, 41.863094328999978 ], [ 22.888706208000087, 41.863323212000182 ], [ 22.888645172000167, 41.863464356000122 ], [ 22.888509751000072, 41.863540650000061 ], [ 22.888418197000135, 41.863731384000062 ], [ 22.88806533800016, 41.863803865000079 ], [ 22.88775062600007, 41.863895417000037 ], [ 22.887126924000142, 41.863971710000044 ], [ 22.886560440000153, 41.864040376000048 ], [ 22.885929108000141, 41.864128113000106 ], [ 22.885154724000017, 41.864524841000048 ], [ 22.88458061200015, 41.864616395000155 ], [ 22.883930206000173, 41.864612580000141 ], [ 22.882993698000121, 41.86446380600006 ], [ 22.882293702000084, 41.864227295000148 ], [ 22.881664276000095, 41.863861085 ], [ 22.881238938000024, 41.863304139000149 ], [ 22.880668641, 41.862674713999979 ], [ 22.880315780000046, 41.86236190700015 ], [ 22.879693985000188, 41.862476350000122 ], [ 22.87929153400006, 41.862525940000126 ], [ 22.878757477000192, 41.862770081000178 ], [ 22.877965927000048, 41.862823486000082 ], [ 22.877298356000153, 41.86286544800015 ], [ 22.876689910000096, 41.862915038000153 ], [ 22.87613487100009, 41.863002777000077 ], [ 22.875686645000087, 41.863082886000029 ], [ 22.875265121000041, 41.863494873000093 ], [ 22.875076294000166, 41.863956452000025 ], [ 22.874931335000156, 41.864448548000041 ], [ 22.874696731000085, 41.864818573000036 ], [ 22.874328614000092, 41.865398407000043 ], [ 22.874315261000163, 41.865493774000186 ], [ 22.874223709000034, 41.866134644000113 ], [ 22.8741989130001, 41.866493226000102 ], [ 22.874208451000186, 41.867176056000119 ], [ 22.874210358000084, 41.867809295000029 ], [ 22.874383927000167, 41.868541717000028 ], [ 22.874294280000072, 41.869129182000052 ], [ 22.873889923000149, 41.869754791000048 ], [ 22.873600005000128, 41.870063783000035 ], [ 22.873414993999972, 41.870468140000185 ], [ 22.873325347000105, 41.871055602000126 ], [ 22.873311995999984, 41.871410371000081 ], [ 22.873252869000169, 41.871944429000052 ], [ 22.873073578000174, 41.872436524000193 ], [ 22.872783662000188, 41.87287902800017 ], [ 22.87232971300017, 41.873245240000131 ], [ 22.872035979000032, 41.873874664000141 ], [ 22.87185668900014, 41.874408722000112 ], [ 22.871948242000144, 41.87511444200004 ], [ 22.871879577000072, 41.875782014000038 ], [ 22.872034074000112, 41.876262666 ], [ 22.872459412000183, 41.876979827000127 ], [ 22.873109817000056, 41.877593994000051 ], [ 22.873821258000021, 41.877994537000063 ], [ 22.874193192000064, 41.878498078000064 ], [ 22.874074935000181, 41.878902435000043 ], [ 22.873565673000144, 41.879375457000094 ], [ 22.873050689000138, 41.879825593000191 ], [ 22.872264862000065, 41.880096436000144 ], [ 22.871696472999986, 41.880538941000054 ], [ 22.871021271000075, 41.880897523000101 ], [ 22.870565415000044, 41.881340027000078 ], [ 22.870109559000127, 41.881748200000061 ], [ 22.870098113000097, 41.882198334000179 ], [ 22.870302200000026, 41.882904052000129 ], [ 22.870283127000107, 41.883563996000191 ], [ 22.870101929000043, 41.884105683000143 ], [ 22.86986351000013, 41.884635926000044 ], [ 22.869571686000143, 41.885208130000137 ], [ 22.869884491000164, 41.885883332000049 ], [ 22.87003517100004, 41.886463166000055 ], [ 22.870466233000172, 41.887126922999983 ], [ 22.870841981000183, 41.887943268000129 ], [ 22.871112823000033, 41.888484954000035 ], [ 22.871330261000082, 41.889030457000104 ], [ 22.871660232000124, 41.889587403000178 ], [ 22.871877669000071, 41.890274048000094 ], [ 22.871637345000067, 41.890853882000101 ], [ 22.871284484000114, 41.891471864000039 ], [ 22.87076187200006, 41.891899109000178 ], [ 22.870183945000065, 41.892375946000072 ], [ 22.86972236600019, 41.892681123000045 ], [ 22.869091034000178, 41.893104553000057 ], [ 22.868749618000152, 41.893730164000033 ], [ 22.868396759000177, 41.894359589000146 ], [ 22.868270875000064, 41.894889832000047 ], [ 22.868091584000069, 41.895381927000187 ], [ 22.867799758000103, 41.895835876000035 ], [ 22.867397309000069, 41.89617538400006 ], [ 22.866941453000038, 41.896484376000046 ], [ 22.866542817000095, 41.896789551000154 ], [ 22.866365433000169, 41.897243499000012 ], [ 22.866292953000027, 41.897861481000177 ], [ 22.866167069000085, 41.898395538000045 ], [ 22.866489410000042, 41.899070740000127 ], [ 22.866760254000042, 41.89948272700002 ], [ 22.867031097000165, 41.899982453000177 ], [ 22.867023467000081, 41.900299072000166 ], [ 22.866956711000057, 41.900833130000137 ], [ 22.866712570000175, 41.901679992000027 ], [ 22.866298675000166, 41.90247344900007 ], [ 22.866062164000027, 41.902961732000051 ], [ 22.865495682000073, 41.903041841000174 ], [ 22.86493873600017, 41.903213501000153 ], [ 22.864694595000117, 41.903652192000152 ], [ 22.864452361000133, 41.904323578000117 ], [ 22.864265442000033, 41.905132294000055 ], [ 22.863971711000147, 41.906066894999981 ], [ 22.863119126000072, 41.90655136100014 ], [ 22.862226486999987, 41.906772613000157 ], [ 22.861169815000153, 41.906913757000098 ], [ 22.860002518000101, 41.906959534000066 ], [ 22.859056473000066, 41.907104492000144 ], [ 22.858064652000166, 41.907238007000103 ], [ 22.857229233000055, 41.907421111000133 ], [ 22.856662751000101, 41.907787323000093 ], [ 22.856149673000118, 41.908332824000183 ], [ 22.855630875000145, 41.909034729000098 ], [ 22.855281829000035, 41.909576417000153 ], [ 22.85476875300003, 41.910148621000019 ], [ 22.85442924400013, 41.91072845400015 ], [ 22.85386085500005, 41.911224365000066 ], [ 22.853351593000014, 41.911579133000089 ], [ 22.852848053000116, 41.912071229000162 ], [ 22.85265350300017, 41.912773132000041 ], [ 22.852575302000048, 41.913627625000117 ], [ 22.852495193000038, 41.914474487 ], [ 22.852415085000189, 41.915367126000092 ], [ 22.85228919900004, 41.915897369000163 ], [ 22.852106095000181, 41.91647720300017 ], [ 22.851808549000111, 41.917236329000104 ], [ 22.851514815000144, 41.917819975999976 ], [ 22.851329804000159, 41.918487550000179 ], [ 22.850976945000184, 41.919246672999975 ], [ 22.850629805999972, 41.919677735000164 ], [ 22.850349426000037, 41.919868469000107 ], [ 22.850076675000139, 41.920005798000034 ], [ 22.849739074000183, 41.920227051000097 ], [ 22.849172593000105, 41.920681000000116 ], [ 22.849056245000099, 41.920848846000126 ], [ 22.848487853000108, 41.921340943000075 ], [ 22.847808839000095, 41.921798707000107 ], [ 22.847190857000101, 41.922157287000118 ], [ 22.847009659000037, 41.922687531000122 ], [ 22.84743499700005, 41.923351288000049 ], [ 22.847921372000087, 41.923793793000186 ], [ 22.848346709000168, 41.92440796000011 ], [ 22.848829269000134, 41.924983979000046 ], [ 22.849206924000043, 41.92539596600011 ], [ 22.849800110000103, 41.925910950000116 ], [ 22.850294113000189, 41.92643737700007 ], [ 22.850479126000153, 41.927066804000162 ], [ 22.850629805999972, 41.927684783000075 ], [ 22.850833893000072, 41.928310395000153 ], [ 22.850919724000164, 41.929195404000097 ], [ 22.850742339000135, 41.929645538000045 ], [ 22.850015640000152, 41.929870606000179 ], [ 22.8493518840001, 41.930099487000177 ], [ 22.848455429000126, 41.930458068000121 ], [ 22.848003388000109, 41.930763245000037 ], [ 22.847665787000153, 41.930992126000092 ], [ 22.84743499700005, 41.931308746000127 ], [ 22.847482681000088, 41.931571960000099 ], [ 22.847745896000106, 41.93210220300017 ], [ 22.848064423000096, 41.932590485000048 ], [ 22.84849357600018, 41.933120728000176 ], [ 22.849201202000074, 41.933555603000173 ], [ 22.84918594300018, 41.934097291000057 ], [ 22.848846435000155, 41.934322356999985 ], [ 22.848396301000037, 41.934532166000054 ], [ 22.848180771000102, 41.9347229010001 ], [ 22.847993850000023, 41.935123444000112 ], [ 22.847810746000164, 41.935653687000013 ], [ 22.847845078000148, 41.936412812000071 ], [ 22.847717285000158, 41.937080384000012 ], [ 22.847696304000124, 41.937789917000032 ], [ 22.847671510000168, 41.938644409000062 ], [ 22.847539901000061, 41.939476013000103 ], [ 22.847137450000048, 41.940010071000074 ], [ 22.846738816000084, 41.940376283000148 ], [ 22.846548080000105, 41.941173553000056 ], [ 22.846805572000108, 41.941928862999987 ], [ 22.847061157000041, 41.942684174000078 ], [ 22.847148895000032, 41.943527223000103 ], [ 22.847295762000158, 41.944194794000168 ], [ 22.847560882000096, 41.944633485000168 ], [ 22.848041535000164, 41.945297241000162 ], [ 22.848188399000037, 41.94596481300016 ], [ 22.848546981000027, 41.947074890000067 ], [ 22.848638535000191, 41.947780610000052 ], [ 22.84866332900009, 41.948852540000075 ], [ 22.848802566000131, 41.949871063000103 ], [ 22.848943710000128, 41.950714112000128 ], [ 22.848926544000108, 41.951343537000071 ], [ 22.849014282999974, 41.952136994000057 ], [ 22.848934174000192, 41.952720642000031 ], [ 22.849090575999981, 41.953159332000098 ], [ 22.849071503000118, 41.95377731300016 ], [ 22.848951340000042, 41.9544487 ], [ 22.848657609000156, 41.955078125000171 ], [ 22.848363877000168, 41.955696106 ], [ 22.848520280000059, 41.95628738400012 ], [ 22.848819734000131, 41.956893922000177 ], [ 22.849245071000098, 41.957611083000131 ], [ 22.849681854000096, 41.958362581000131 ], [ 22.849878311000055, 41.959037780000131 ], [ 22.849805832000186, 41.95975494400011 ], [ 22.850122452000107, 41.960559846000137 ], [ 22.850112915000125, 41.960914613000057 ], [ 22.850265504000049, 41.961639404000096 ], [ 22.850025178000067, 41.962127685000098 ], [ 22.849456786000076, 41.962425231000168 ], [ 22.848829269000134, 41.962730408000141 ], [ 22.848218918000157, 41.962951661000034 ], [ 22.847658157000069, 41.963077544000043 ], [ 22.84709739800013, 41.963256835000038 ], [ 22.846643447000133, 41.963665009000067 ], [ 22.84641647400008, 41.964145662000135 ], [ 22.846406936000164, 41.964508056000113 ], [ 22.846321107000108, 41.965316772000051 ], [ 22.846244813000169, 41.965976715000068 ], [ 22.846229553000171, 41.966552735000107 ], [ 22.846441270000184, 41.966953278000119 ], [ 22.846590042000059, 41.967571260000057 ], [ 22.846797944, 41.968154907000155 ], [ 22.847003936000192, 41.968723297000111 ], [ 22.846710205000136, 41.969226837000178 ], [ 22.846481324000138, 41.969440460000044 ], [ 22.84619522100013, 41.969757080000079 ], [ 22.84618568500008, 41.970157623000091 ], [ 22.846338272000025, 41.970600129000161 ], [ 22.846717835000049, 41.971092225000177 ], [ 22.846813202000021, 41.971675872000048 ], [ 22.846853257000078, 41.972248077000074 ], [ 22.847003936000192, 41.973007202000076 ], [ 22.847105026, 41.973770143000081 ], [ 22.84724998500019, 41.974353790000123 ], [ 22.847072602000026, 41.975109101000157 ], [ 22.847215653000035, 41.975696563000099 ], [ 22.846979140000087, 41.976135254000098 ], [ 22.8466873160001, 41.976573944000165 ], [ 22.846284867000122, 41.976970673000039 ], [ 22.845933914000113, 41.977458953000109 ], [ 22.846040726000069, 41.978050233000147 ], [ 22.846406936000164, 41.978706359000114 ], [ 22.846792221000157, 41.97917175300006 ], [ 22.84706306400011, 41.979663849000076 ], [ 22.847087860000045, 41.979755401000034 ], [ 22.847221374000071, 41.980251312000121 ], [ 22.84731483600018, 41.981155396000133 ], [ 22.847297668000181, 41.981781006 ], [ 22.847225189000085, 41.98252868600008 ], [ 22.846820830000127, 41.982791901000098 ], [ 22.84602165299998, 41.982856751000156 ], [ 22.845399856000142, 41.982894897999984 ], [ 22.844442368000159, 41.983009338000045 ], [ 22.843713760000071, 41.983238221000079 ], [ 22.842878343000166, 41.983722687000181 ], [ 22.842149734000031, 41.984001160000048 ], [ 22.841548920000037, 41.984397888 ], [ 22.840658189000123, 41.985092163000161 ], [ 22.839717865000125, 41.985687256000119 ], [ 22.838708877000158, 41.986175537000122 ], [ 22.837427140000045, 41.986713409 ], [ 22.836818694000158, 41.986907959000121 ], [ 22.836559297000122, 41.986991882000041 ], [ 22.835826875000066, 41.987094880000029 ], [ 22.834487915000125, 41.98742675800014 ], [ 22.833616256000028, 41.987804413000049 ], [ 22.832818984000141, 41.98791885300011 ], [ 22.832399368999972, 41.988449098 ], [ 22.832126617000142, 41.988933563000046 ], [ 22.831996918000186, 41.989307403000055 ], [ 22.831985473000032, 41.989730836000035 ], [ 22.832092285000158, 41.990161896000131 ], [ 22.832412720000093, 41.990581513000166 ], [ 22.833187104000046, 41.99127578800011 ], [ 22.833961487000124, 41.992065430000082 ], [ 22.834735871000021, 41.992759705000083 ], [ 22.835510254999974, 41.993499757 ], [ 22.836282731000153, 41.994232179000051 ], [ 22.837003708, 41.994972229000155 ], [ 22.837711333000016, 41.995716096000194 ], [ 22.837968826000122, 41.99614715600012 ], [ 22.838409424000133, 41.996891021000124 ], [ 22.8386440270001, 41.997741699000187 ], [ 22.838886261000084, 41.998645783000029 ], [ 22.839250565000043, 41.999870301000101 ], [ 22.839433669000073, 42.000568391000115 ], [ 22.839479446000041, 42.001304625999978 ], [ 22.83939361500012, 42.00200271600005 ], [ 22.839242935000129, 42.002857208000194 ], [ 22.838878631000171, 42.003868103000116 ], [ 22.83850288300016, 42.00547409100011 ], [ 22.837936400999979, 42.006500244 ], [ 22.837451934000171, 42.007102967000037 ], [ 22.849710465000044, 42.009010314000022 ], [ 22.867370606000122, 42.011840821000192 ], [ 22.874504090000073, 42.012973785000156 ], [ 22.879074097000057, 42.01370239400012 ], [ 22.882593154000176, 42.014476775000162 ], [ 22.887559891000024, 42.016246796000132 ], [ 22.890508652000165, 42.017341614000145 ], [ 22.892480850000084, 42.019142150999983 ], [ 22.89525413500013, 42.02198028700019 ], [ 22.896875381000029, 42.024291993000134 ], [ 22.898469925000143, 42.02684784000013 ], [ 22.899427413000126, 42.029254913000045 ], [ 22.900049209000088, 42.031646729999977 ], [ 22.900167465000095, 42.03391265900018 ], [ 22.900285721000103, 42.036186218000068 ], [ 22.900373459000093, 42.039569856000071 ], [ 22.900007247000133, 42.040973664000035 ], [ 22.90033340500014, 42.051906587000019 ], [ 22.900634767000042, 42.054370880000079 ], [ 22.901021957000069, 42.057006836000085 ], [ 22.900819778000141, 42.059799194000163 ], [ 22.90080261200012, 42.062129975 ], [ 22.900808334999965, 42.062461854000048 ], [ 22.904026031000114, 42.068637848000151 ], [ 22.907983781000041, 42.075111389000142 ], [ 22.91164016700003, 42.081649780000134 ], [ 22.91325759800003, 42.084941865000133 ], [ 22.914541244000191, 42.087959289000025 ], [ 22.916503906000059, 42.090011597000171 ], [ 22.918140412000071, 42.092033387000129 ], [ 22.922100068000134, 42.094120025000109 ], [ 22.924718858000119, 42.096164703 ], [ 22.928688049000186, 42.097499848000098 ], [ 22.9323349, 42.097820283000033 ], [ 22.935319900000081, 42.097892762000072 ], [ 22.938335418000179, 42.096462250000059 ], [ 22.941036225000119, 42.093532562000121 ], [ 22.944753647000027, 42.089851379999971 ], [ 22.945146560000126, 42.086620331000063 ], [ 22.946187974000111, 42.084144592000143 ], [ 22.946586610000054, 42.080654144000164 ], [ 22.948654175000172, 42.077194214000087 ], [ 22.950073243000134, 42.072967529000039 ], [ 22.951803207000125, 42.070243835999975 ], [ 22.953182221000191, 42.06778717100002 ], [ 22.955226898000149, 42.06582641600005 ], [ 22.95828437800003, 42.063659668000014 ], [ 22.958438873000091, 42.063571931000126 ], [ 22.962003708000054, 42.061740875000169 ], [ 22.967695237000157, 42.061126709000177 ], [ 22.972064972000169, 42.060485841000059 ], [ 22.976753234000114, 42.059856414000137 ], [ 22.980426788000102, 42.059951783000088 ], [ 22.98578262400008, 42.059844971000132 ], [ 22.990104674000065, 42.060455322000109 ], [ 22.991783143000134, 42.060504914000148 ], [ 22.99577903800008, 42.061122894000107 ], [ 23.000772477000169, 42.061759949000134 ], [ 23.004438401000073, 42.061622620000037 ], [ 23.012096405000079, 42.061889649000022 ], [ 23.01342010400009, 42.061874389000025 ], [ 23.016735077000192, 42.061492921000081 ], [ 23.021221160000039, 42.060447692000025 ], [ 23.023862839, 42.059219360000156 ], [ 23.025688172000173, 42.057834625000055 ], [ 23.026493072000108, 42.056285859000184 ], [ 23.028108597000141, 42.051864625000121 ], [ 23.029714585000136, 42.047206879000044 ], [ 23.031000138000024, 42.043643952000025 ], [ 23.033611298000039, 42.041370393000136 ], [ 23.038816452000162, 42.040321351000159 ], [ 23.042886735000025, 42.040424346000066 ], [ 23.049724578000109, 42.041316986000027 ], [ 23.052806855000142, 42.04186630300012 ], [ 23.057674408000082, 42.042648315000179 ], [ 23.061408996000182, 42.043365479000158 ], [ 23.064821242999983, 42.044906616000048 ], [ 23.072925568000073, 42.046882629000038 ], [ 23.074710846000187, 42.047367096000073 ], [ 23.079721451000069, 42.048439027000029 ], [ 23.091444015000093, 42.050331115000063 ], [ 23.100105286000087, 42.052200318000075 ], [ 23.104255676000093, 42.053009033000137 ], [ 23.107448578000117, 42.053749085000106 ], [ 23.112255096000126, 42.055339813000046 ], [ 23.11643981900005, 42.057106018000127 ], [ 23.121604919, 42.06015396100014 ], [ 23.128402710000159, 42.064739228000178 ], [ 23.133607864000055, 42.068965911000021 ], [ 23.137821198000154, 42.072147370000096 ], [ 23.141134262000037, 42.076198578000117 ], [ 23.149541855000109, 42.082355499000187 ], [ 23.153417586999979, 42.085514069000055 ], [ 23.157926559000032, 42.088706971000079 ], [ 23.163053513000079, 42.091949463000105 ], [ 23.165624619000141, 42.093807220000087 ], [ 23.169916153000145, 42.095993042000089 ], [ 23.172147750000136, 42.097023011000147 ], [ 23.174350738000157, 42.098030091000169 ], [ 23.177152633999981, 42.098514558000034 ], [ 23.18075943100007, 42.099544526000159 ], [ 23.184648513000184, 42.100139619000117 ], [ 23.188827514000025, 42.100635528000169 ], [ 23.19224739100008, 42.100738525000111 ], [ 23.19790840200011, 42.100223541000105 ], [ 23.203165053000134, 42.100715637000178 ], [ 23.206556320000175, 42.100910188000171 ], [ 23.20932579000015, 42.100921631000119 ], [ 23.209529876000147, 42.100914001000035 ], [ 23.212400436000166, 42.100742340000124 ], [ 23.215160370000092, 42.100284576000092 ], [ 23.218233109000039, 42.100074769000059 ], [ 23.222400665000066, 42.099742891000119 ], [ 23.234487533000049, 42.099342347000061 ], [ 23.238864899000021, 42.099655152000082 ], [ 23.242635728000039, 42.099681855000085 ], [ 23.247970580000185, 42.099296570000092 ], [ 23.252399445000094, 42.098827363000055 ], [ 23.256849289, 42.09880828900009 ], [ 23.26197052100008, 42.098300933000189 ], [ 23.265840530000105, 42.097694397000112 ], [ 23.269098283000119, 42.096576690000063 ], [ 23.272060394000164, 42.094894409000062 ], [ 23.275726318000068, 42.093467712000063 ], [ 23.278720856, 42.092731476999973 ], [ 23.281398774000081, 42.092235566000056 ], [ 23.282732008999972, 42.091739656000073 ], [ 23.287364959000172, 42.09198761000016 ], [ 23.290685654000015, 42.091995240000074 ], [ 23.29598045299997, 42.091747284000178 ], [ 23.300632478000068, 42.091236115000072 ], [ 23.304288864000057, 42.090728761000037 ], [ 23.309614181000086, 42.089702606000117 ], [ 23.313951492, 42.088191987000073 ], [ 23.318960189000109, 42.086643219 ], [ 23.321649550000132, 42.085105897000176 ], [ 23.325336456000173, 42.083091736000085 ], [ 23.329381943000158, 42.080554962000122 ], [ 23.333404541000107, 42.078510286000096 ], [ 23.336742400000162, 42.076965333000032 ], [ 23.340747833000023, 42.075420381000129 ], [ 23.345369339000115, 42.074615478000055 ], [ 23.350305558000059, 42.074314117000085 ], [ 23.354887008000048, 42.074508668000078 ], [ 23.357849121000072, 42.074211122000179 ], [ 23.361179352000022, 42.073169708000137 ], [ 23.364540100000113, 42.071117402000141 ], [ 23.368860245000064, 42.069049835000044 ], [ 23.371885299000098, 42.066986083000188 ], [ 23.377231597000105, 42.063896179000153 ], [ 23.3802261350001, 42.062339783000141 ], [ 23.382568360000164, 42.060539246000133 ], [ 23.383253097000079, 42.059787751000044 ], [ 23.387235641000075, 42.058204652000029 ], [ 23.390552521000075, 42.056648254000038 ], [ 23.3935394290001, 42.055591584000013 ], [ 23.396846771000185, 42.054527282000095 ], [ 23.402425765000146, 42.053924561000031 ], [ 23.405364990000066, 42.054126741000061 ], [ 23.407981873000153, 42.054317475000062 ], [ 23.408308029000125, 42.054069518000063 ], [ 23.416784286000052, 42.054649353000116 ], [ 23.419712068000024, 42.0548515320001 ], [ 23.423641205000138, 42.054763793000177 ], [ 23.428493499000126, 42.055908204000104 ], [ 23.433029174000183, 42.056808471000068 ], [ 23.437555314, 42.058200837000186 ], [ 23.442720413000075, 42.059585572000117 ], [ 23.446687699000051, 42.060504914000148 ] ] ] ] } },
{ "type": "Feature", "properties": { "fid": 5, "GID_2": "BGR.1.4_1", "GID_0": "BGR", "COUNTRY": "Bulgaria", "GID_1": "BGR.1_1", "NAME_1": "Blagoevgrad", "NL_NAME_1": "Благоевград", "NAME_2": "Garmen", "VARNAME_2": "NA", "NL_NAME_2": "Гърмен", "TYPE_2": "Obshtina", "ENGTYPE_2": "Municipality", "CC_2": "NA", "HASC_2": "BG.BL.GA" }, "geometry": { "type": "MultiPolygon", "coordinates": [ [ [ [ 23.725427628000034, 41.739444733000084 ], [ 23.7291412350001, 41.741580963000104 ], [ 23.730617524000138, 41.74254226700009 ], [ 23.734998702000041, 41.746955872000115 ], [ 23.7379188540001, 41.749656678000122 ], [ 23.742048265000108, 41.753868103000173 ], [ 23.744966507000129, 41.756744385000104 ], [ 23.748098373000118, 41.76056671200007 ], [ 23.751230240000154, 41.764389039000037 ], [ 23.753875731999983, 41.767639161000034 ], [ 23.75679779100011, 41.770320892000143 ], [ 23.760755539000172, 41.772445678999986 ], [ 23.763971329000185, 41.774181365000061 ], [ 23.766717911000057, 41.774982453000121 ], [ 23.771406173000173, 41.776226044000055 ], [ 23.774166107000099, 41.776992797000162 ], [ 23.777420045000042, 41.777610779000156 ], [ 23.781951905000028, 41.778606415000127 ], [ 23.784704208999983, 41.779201508000028 ], [ 23.787439347000031, 41.780548096000075 ], [ 23.789659501000187, 41.782085418000122 ], [ 23.791845321000039, 41.784557344000177 ], [ 23.795549392, 41.787052156000186 ], [ 23.799821854000186, 41.788032532000102 ], [ 23.803092956000114, 41.788829803999988 ], [ 23.806352616000027, 41.789619446000131 ], [ 23.808124541000154, 41.790203096000141 ], [ 23.810844421000127, 41.791744233000031 ], [ 23.81304550200008, 41.794025422000175 ], [ 23.814243318000081, 41.796112059999984 ], [ 23.815433501000086, 41.798187255000187 ], [ 23.816610336000167, 41.800647735000041 ], [ 23.817501068000183, 41.804035187000181 ], [ 23.81865883, 41.80705261300011 ], [ 23.820533753000177, 41.811775207000039 ], [ 23.821624756000119, 41.816478730000085 ], [ 23.823049545000117, 41.819499969000049 ], [ 23.826593399000103, 41.818885803000057 ], [ 23.832559586000173, 41.81579589800009 ], [ 23.836511611000049, 41.814403535000054 ], [ 23.83929443400018, 41.813278197000045 ], [ 23.844070435, 41.810752869000169 ], [ 23.846876144000078, 41.809055329000046 ], [ 23.850067139000032, 41.80707931500018 ], [ 23.853246688000127, 41.805683136000027 ], [ 23.856435775000136, 41.804286956000112 ], [ 23.862722397000141, 41.802917482000169 ], [ 23.866815566000184, 41.801815033000139 ], [ 23.870895385000154, 41.801013947000115 ], [ 23.875728606999985, 41.800220490000129 ], [ 23.879808425000078, 41.799709321000194 ], [ 23.885404587000153, 41.798912049000137 ], [ 23.889627458000064, 41.796676637000076 ], [ 23.896167754000146, 41.793601990000127 ], [ 23.900371551000092, 41.791934967000145 ], [ 23.904241562000095, 41.789989471000126 ], [ 23.908107758000028, 41.787742616000116 ], [ 23.908910751000121, 41.787181854000096 ], [ 23.910890579000181, 41.785480500000176 ], [ 23.913297654000132, 41.78321075600013 ], [ 23.915298461000191, 41.78093719400016 ], [ 23.923896789000025, 41.775600434000182 ], [ 23.92739868200016, 41.773933410999973 ], [ 23.931690216000106, 41.771697999000139 ], [ 23.936407090000159, 41.768604279000158 ], [ 23.940355300000135, 41.765785217000143 ], [ 23.944282531000113, 41.763557435000166 ], [ 23.949779510999974, 41.760478973000033 ], [ 23.955307008000034, 41.757110595000029 ], [ 23.962009430000023, 41.753200532000051 ], [ 23.969482422000169, 41.749874116000171 ], [ 23.972978591000128, 41.749359132 ], [ 23.976121903000148, 41.748554229000149 ], [ 23.980064393000021, 41.746894837000127 ], [ 23.98366165200008, 41.744365693000134 ], [ 23.986902236000105, 41.740386963999981 ], [ 23.988611221000042, 41.736095428000169 ], [ 23.991666794000025, 41.724403382 ], [ 23.98661232000012, 41.723461151000095 ], [ 23.983354569000142, 41.723213197 ], [ 23.980356217, 41.723148346000073 ], [ 23.976871491000168, 41.722892762000072 ], [ 23.972145080000189, 41.722629547000054 ], [ 23.966455460000134, 41.722339631000068 ], [ 23.961122513000078, 41.720375061000027 ], [ 23.957050324000193, 41.718048095000086 ], [ 23.954454423000072, 41.716117859000065 ], [ 23.950635909000141, 41.714176178000059 ], [ 23.946352006000154, 41.71203994800004 ], [ 23.944496154000092, 41.710300447000122 ], [ 23.941696168000078, 41.708000184000127 ], [ 23.938873291000164, 41.706077576000041 ], [ 23.935544967000112, 41.704715730000146 ], [ 23.929782867000142, 41.703285218000076 ], [ 23.924310683000158, 41.701114654000094 ], [ 23.920572280000044, 41.698230744000057 ], [ 23.918199539000057, 41.697063446000072 ], [ 23.916830063000077, 41.695343018000187 ], [ 23.916418076000184, 41.693073272000163 ], [ 23.916801453000062, 41.689884185000153 ], [ 23.917728424000074, 41.68593979000002 ], [ 23.917879104000122, 41.682365418000074 ], [ 23.918243409000127, 41.679725647000055 ], [ 23.918937684000127, 41.675399781000067 ], [ 23.919359206000024, 41.671070099000133 ], [ 23.920738220000089, 41.667133331000173 ], [ 23.921892167000067, 41.662242890000073 ], [ 23.922523499000079, 41.657913209000071 ], [ 23.922628402000157, 41.654697419000058 ], [ 23.922214507000092, 41.651863098000149 ], [ 23.921535493000022, 41.649200439000026 ], [ 23.921340942000029, 41.647109986000146 ], [ 23.919973372000186, 41.644214630000192 ], [ 23.919778823000172, 41.64175415 ], [ 23.918090821000135, 41.638324737000062 ], [ 23.915887833000113, 41.634685516000104 ], [ 23.912670135000155, 41.631042480000133 ], [ 23.909418105000043, 41.627193450000163 ], [ 23.906404496000164, 41.624114991000113 ], [ 23.902622222000048, 41.62026596000004 ], [ 23.899295806000168, 41.617832184000122 ], [ 23.895620346000157, 41.61258697500017 ], [ 23.894529342000112, 41.609912873000042 ], [ 23.893772125000055, 41.60712051400003 ], [ 23.894998550000025, 41.604496002000133 ], [ 23.898151397000049, 41.602184296000189 ], [ 23.90146255500008, 41.600765229000103 ], [ 23.90641021700003, 41.599800110999979 ], [ 23.912290572000131, 41.599418641000057 ], [ 23.916957856000124, 41.599071502000186 ], [ 23.921644211000171, 41.598793029000149 ], [ 23.924697876000153, 41.597534180000025 ], [ 23.92638778800017, 41.595008850000113 ], [ 23.92652511700004, 41.593631745000152 ], [ 23.925245284000141, 41.592021942000088 ], [ 23.923265457000184, 41.590290070000151 ], [ 23.921342849000098, 41.588317871000129 ], [ 23.920652389000168, 41.586200714000029 ], [ 23.921144485000184, 41.584312438000097 ], [ 23.919973372000186, 41.582195282000043 ], [ 23.917753220000179, 41.580558777000135 ], [ 23.915237428000012, 41.579311371000131 ], [ 23.913442611000107, 41.577941895000151 ], [ 23.913755416000186, 41.575149536000083 ], [ 23.914737702000082, 41.572956086000147 ], [ 23.918203354000127, 41.570373535000101 ], [ 23.919111252000107, 41.568912506000061 ], [ 23.91882324300019, 41.568267823000099 ], [ 23.918710708000162, 41.568016052000132 ], [ 23.917192459000034, 41.566082001000098 ], [ 23.914579392000121, 41.562648773000092 ], [ 23.912235260000159, 41.56126022300009 ], [ 23.91000938500008, 41.558776856000065 ], [ 23.906957627, 41.556762695000145 ], [ 23.903192521000051, 41.554523467000138 ], [ 23.898590088, 41.552936555000088 ], [ 23.893884660000083, 41.552406311000084 ], [ 23.889841080000167, 41.552585602000079 ], [ 23.888328552000075, 41.552589417000149 ], [ 23.881071092000184, 41.552135468000188 ], [ 23.87561225900015, 41.551071168000192 ], [ 23.868984223000098, 41.548755647 ], [ 23.863227843000061, 41.545433044000163 ], [ 23.856889724000098, 41.542469025000173 ], [ 23.852655410000068, 41.54153060900012 ], [ 23.847021104000191, 41.541717530000085 ], [ 23.843431473000066, 41.544483184000114 ], [ 23.841449738000165, 41.546543121000127 ], [ 23.839202880000073, 41.548805237000067 ], [ 23.828910828000062, 41.55669403100012 ], [ 23.830553055000166, 41.560653687000183 ], [ 23.825206757000103, 41.563961029000097 ], [ 23.820478440000102, 41.565925599000138 ], [ 23.817321777000132, 41.567161560000159 ], [ 23.812385558000187, 41.568088533000036 ], [ 23.809743882000134, 41.56935119700006 ], [ 23.805309296000189, 41.570697785000107 ], [ 23.800592423000126, 41.572425843000076 ], [ 23.796117783000057, 41.57437515200013 ], [ 23.793720246000191, 41.576034545000027 ], [ 23.792125701000145, 41.576950073000148 ], [ 23.78920936500009, 41.578971863000106 ], [ 23.786535262000086, 41.581222534000062 ], [ 23.783878327000082, 41.583461761000137 ], [ 23.780443191000074, 41.585865021000018 ], [ 23.77625465300008, 41.588020324000126 ], [ 23.771068572000047, 41.589305877000186 ], [ 23.767686844000025, 41.590084076000153 ], [ 23.765352249000046, 41.590740204000099 ], [ 23.763277054000184, 41.591815949000193 ], [ 23.761169433000134, 41.593082429000162 ], [ 23.759046554000122, 41.595359803000122 ], [ 23.757963181000093, 41.598499298000092 ], [ 23.757671357000106, 41.601280213000052 ], [ 23.755577086000073, 41.604923249000024 ], [ 23.755321502000072, 41.610195161000149 ], [ 23.754577637000068, 41.614013672000169 ], [ 23.753837585000156, 41.617565156000012 ], [ 23.752344132000133, 41.620128631000114 ], [ 23.750820161000036, 41.62174987800006 ], [ 23.749874114000193, 41.625343323000095 ], [ 23.748203278000176, 41.630222322000122 ], [ 23.747400283000047, 41.632942199000183 ], [ 23.746688842000083, 41.636226653000165 ], [ 23.748975754000128, 41.639854431000117 ], [ 23.751466751000066, 41.643043518000127 ], [ 23.752294540000094, 41.646781923000106 ], [ 23.751663208000082, 41.649822235000102 ], [ 23.751279830000158, 41.654323579000049 ], [ 23.749990464000064, 41.657993316000045 ], [ 23.748624801000119, 41.662326814000096 ], [ 23.746080399000107, 41.666736603 ], [ 23.745689393000077, 41.670860291000167 ], [ 23.745655059000057, 41.674968719000105 ], [ 23.743959427000107, 41.680023193000125 ], [ 23.744432449000158, 41.686473848000162 ], [ 23.744174956999984, 41.693290710000042 ], [ 23.741886140000076, 41.699890137000125 ], [ 23.738876343000186, 41.705722810000168 ], [ 23.73613357500011, 41.711162567000031 ], [ 23.731815338000104, 41.718109130000073 ], [ 23.729362488, 41.722629547000054 ], [ 23.726640701000122, 41.727516174000186 ], [ 23.725725175000093, 41.731670379999969 ], [ 23.725086212000065, 41.735260009000058 ], [ 23.72573471000004, 41.738113403000114 ], [ 23.725427628000034, 41.739444733000084 ] ] ] ] } },
{ "type": "Feature", "properties": { "fid": 6, "GID_2": "BGR.1.5_1", "GID_0": "BGR", "COUNTRY": "Bulgaria", "GID_1": "BGR.1_1", "NAME_1": "Blagoevgrad", "NL_NAME_1": "Благоевград", "NAME_2": "Gotse Delchev", "VARNAME_2": "Goce Delčev|Goce Delchev", "NL_NAME_2": "Гоце Делчев", "TYPE_2": "Obshtina", "ENGTYPE_2": "Municipality", "CC_2": "NA", "HASC_2": "BG.BL.GD" }, "geometry": { "type": "MultiPolygon", "coordinates": [ [ [ [ 23.508523942000068, 41.691844940000124 ], [ 23.512041092000118, 41.692710877000081 ], [ 23.517114640000159, 41.693920136000088 ], [ 23.521720886000082, 41.694774627000129 ], [ 23.529708862000177, 41.696861267000145 ], [ 23.538291932000163, 41.699172973000088 ], [ 23.545074462, 41.699760438000112 ], [ 23.553966522000167, 41.700759887000117 ], [ 23.559982301000105, 41.701728820000085 ], [ 23.568077088000109, 41.703643800000066 ], [ 23.576387405000162, 41.705299377000188 ], [ 23.582307815000092, 41.70611953800011 ], [ 23.585643768000125, 41.706764221000071 ], [ 23.591524124000159, 41.70735931400003 ], [ 23.596294403000059, 41.708477021000022 ], [ 23.601268768000125, 41.709587098000156 ], [ 23.612060546000066, 41.71208572300003 ], [ 23.615528106000113, 41.712249756000176 ], [ 23.618467331000033, 41.712741851000146 ], [ 23.622400283000161, 41.71316909900014 ], [ 23.625881196000137, 41.713134767000156 ], [ 23.630355836000035, 41.713333129000034 ], [ 23.637403489000064, 41.712860107000154 ], [ 23.643947601000093, 41.712875367000152 ], [ 23.649015428000098, 41.712398530000087 ], [ 23.658435822000058, 41.710899353000116 ], [ 23.663534163000122, 41.710403442000029 ], [ 23.667354584000122, 41.709888458000194 ], [ 23.671171189000177, 41.709392547000107 ], [ 23.674425126000187, 41.709434509000062 ], [ 23.676696777000132, 41.709465028000182 ], [ 23.679246902000159, 41.709125519000054 ], [ 23.682289124000192, 41.708992005000027 ], [ 23.6848087300001, 41.709403992000091 ], [ 23.687063218000105, 41.709625245000041 ], [ 23.68831062400011, 41.710414887000184 ], [ 23.687694550000117, 41.713432311000076 ], [ 23.686571120000053, 41.716648102000136 ], [ 23.684213637000141, 41.71888732900004 ], [ 23.682359695000059, 41.721141815000067 ], [ 23.680778504000045, 41.723018645000082 ], [ 23.679971696000109, 41.724327087000177 ], [ 23.67990875300012, 41.726226808000092 ], [ 23.680343628000116, 41.728126527000143 ], [ 23.681791306000036, 41.729846955000028 ], [ 23.684028626000043, 41.731029511000145 ], [ 23.687522887000057, 41.732223511000029 ], [ 23.691059113000051, 41.732280732000049 ], [ 23.695856095000124, 41.732738496000081 ], [ 23.696100233999971, 41.732746124000187 ], [ 23.69635391300011, 41.732746124000187 ], [ 23.703929901000095, 41.733047485000156 ], [ 23.709434509000062, 41.734645843000067 ], [ 23.713207246000024, 41.735080720000099 ], [ 23.718950272000029, 41.736869812000123 ], [ 23.723188401000129, 41.738460541000052 ], [ 23.725427628000034, 41.739444733000084 ], [ 23.72573471000004, 41.738113403000114 ], [ 23.725086212000065, 41.735260009000058 ], [ 23.725725175000093, 41.731670379999969 ], [ 23.726640701000122, 41.727516174000186 ], [ 23.729362488, 41.722629547000054 ], [ 23.731815338000104, 41.718109130000073 ], [ 23.73613357500011, 41.711162567000031 ], [ 23.738876343000186, 41.705722810000168 ], [ 23.741886140000076, 41.699890137000125 ], [ 23.744174956999984, 41.693290710000042 ], [ 23.744432449000158, 41.686473848000162 ], [ 23.743959427000107, 41.680023193000125 ], [ 23.745655059000057, 41.674968719000105 ], [ 23.745689393000077, 41.670860291000167 ], [ 23.746080399000107, 41.666736603 ], [ 23.748624801000119, 41.662326814000096 ], [ 23.749990464000064, 41.657993316000045 ], [ 23.751279830000158, 41.654323579000049 ], [ 23.751663208000082, 41.649822235000102 ], [ 23.752294540000094, 41.646781923000106 ], [ 23.751466751000066, 41.643043518000127 ], [ 23.748975754000128, 41.639854431000117 ], [ 23.746688842000083, 41.636226653000165 ], [ 23.747400283000047, 41.632942199000183 ], [ 23.748203278000176, 41.630222322000122 ], [ 23.749874114000193, 41.625343323000095 ], [ 23.750820161000036, 41.62174987800006 ], [ 23.752344132000133, 41.620128631000114 ], [ 23.753837585000156, 41.617565156000012 ], [ 23.754577637000068, 41.614013672000169 ], [ 23.755321502000072, 41.610195161000149 ], [ 23.755577086000073, 41.604923249000024 ], [ 23.757671357000106, 41.601280213000052 ], [ 23.757963181000093, 41.598499298000092 ], [ 23.759046554000122, 41.595359803000122 ], [ 23.761169433000134, 41.593082429000162 ], [ 23.763277054000184, 41.591815949000193 ], [ 23.765352249000046, 41.590740204000099 ], [ 23.767686844000025, 41.590084076000153 ], [ 23.771068572000047, 41.589305877000186 ], [ 23.77625465300008, 41.588020324000126 ], [ 23.780443191000074, 41.585865021000018 ], [ 23.783878327000082, 41.583461761000137 ], [ 23.786535262000086, 41.581222534000062 ], [ 23.78920936500009, 41.578971863000106 ], [ 23.792125701000145, 41.576950073000148 ], [ 23.793720246000191, 41.576034545000027 ], [ 23.796117783000057, 41.57437515200013 ], [ 23.800592423000126, 41.572425843000076 ], [ 23.805309296000189, 41.570697785000107 ], [ 23.809743882000134, 41.56935119700006 ], [ 23.812385558000187, 41.568088533000036 ], [ 23.817321777000132, 41.567161560000159 ], [ 23.820478440000102, 41.565925599000138 ], [ 23.825206757000103, 41.563961029000097 ], [ 23.830553055000166, 41.560653687000183 ], [ 23.828910828000062, 41.55669403100012 ], [ 23.821432114000174, 41.552196503000175 ], [ 23.817140579000068, 41.551441193000187 ], [ 23.812952042000177, 41.552455903000123 ], [ 23.808792115000131, 41.553245545000095 ], [ 23.804073334000066, 41.554416657000161 ], [ 23.800685883000028, 41.555072785000107 ], [ 23.79761123600008, 41.554977418000135 ], [ 23.796300887000086, 41.552379609000184 ], [ 23.7967453, 41.55022430300005 ], [ 23.797643662000098, 41.548988343000076 ], [ 23.798625946000186, 41.546871186000146 ], [ 23.799076080000134, 41.544956207000098 ], [ 23.797422408999978, 41.543743134000181 ], [ 23.794866561999982, 41.543766022999989 ], [ 23.791141510000159, 41.545207978 ], [ 23.785169601000121, 41.546321869999986 ], [ 23.778823853000176, 41.54607772900016 ], [ 23.775022507000074, 41.545799256000123 ], [ 23.771024705000059, 41.545013429 ], [ 23.767017365000129, 41.544231415000127 ], [ 23.762460709000038, 41.543788909000114 ], [ 23.757848740000099, 41.54388046300005 ], [ 23.751977920000172, 41.543804170000044 ], [ 23.748294830000077, 41.544914247000179 ], [ 23.742317200000059, 41.546070099000019 ], [ 23.739543915000183, 41.545578003000173 ], [ 23.735544205000167, 41.544399263000173 ], [ 23.732063294, 41.543197632000158 ], [ 23.72982215900015, 41.540664673000094 ], [ 23.728122712000129, 41.537788391000106 ], [ 23.726623535000158, 41.535243989000094 ], [ 23.725158691000104, 41.532337190000192 ], [ 23.723901749, 41.529773712000178 ], [ 23.722139359000039, 41.527202607000163 ], [ 23.72076988300006, 41.525543214000095 ], [ 23.71789932300004, 41.523521424000137 ], [ 23.713121414000057, 41.522407531999988 ], [ 23.709289550000051, 41.521846771000071 ], [ 23.704044342000032, 41.522594451000089 ], [ 23.699792862000152, 41.523723602000189 ], [ 23.695177077999972, 41.52613067700014 ], [ 23.690534591000187, 41.529106141000113 ], [ 23.684255599000096, 41.529674530000136 ], [ 23.679574967000065, 41.529666900000052 ], [ 23.674148560000049, 41.528541565000126 ], [ 23.669771195000123, 41.527034759000173 ], [ 23.666946411000026, 41.525703429000146 ], [ 23.662246703000164, 41.523616791000165 ], [ 23.659147263000023, 41.521343232000049 ], [ 23.652883529000121, 41.516212464000091 ], [ 23.648828507000189, 41.511295319000112 ], [ 23.646606445000145, 41.507938384000113 ], [ 23.642570496000076, 41.501155854000046 ], [ 23.639940262000096, 41.505634309000129 ], [ 23.63645362900013, 41.511619569000118 ], [ 23.634124755000187, 41.519203187000187 ], [ 23.631088258000034, 41.526226044000111 ], [ 23.628387451000151, 41.531478882000044 ], [ 23.627592087000039, 41.535488128000168 ], [ 23.625732422000112, 41.539291381000169 ], [ 23.624401092000085, 41.542381286000079 ], [ 23.62175369300013, 41.546340944000178 ], [ 23.619384767000099, 41.549774170000035 ], [ 23.618330002000107, 41.552478791000055 ], [ 23.616729737000128, 41.5549964920001 ], [ 23.616441727000108, 41.557540894000113 ], [ 23.612592696000036, 41.566177368000069 ], [ 23.612457275000111, 41.569236756000066 ], [ 23.61126136900009, 41.572280884000065 ], [ 23.609964371000103, 41.576206208000144 ], [ 23.608816147000141, 41.578304291000109 ], [ 23.608707429, 41.580787658000133 ], [ 23.607603072000188, 41.583072662000177 ], [ 23.606508256000041, 41.585556031000067 ], [ 23.605680465000034, 41.587856294000062 ], [ 23.603834153000037, 41.590332032000049 ], [ 23.602235793000091, 41.593162538000115 ], [ 23.60039329500006, 41.596363068000073 ], [ 23.596773147000022, 41.599540711000031 ], [ 23.590576172000056, 41.604984284000011 ], [ 23.586208344000113, 41.608707429000162 ], [ 23.578575135000165, 41.61553573599997 ], [ 23.574478150000175, 41.61905670100009 ], [ 23.567306519000169, 41.625583649000134 ], [ 23.563968658000135, 41.629482269999983 ], [ 23.560152054000184, 41.632457734000184 ], [ 23.556568146000131, 41.636146545000145 ], [ 23.552385330000106, 41.639141081999981 ], [ 23.547586440000032, 41.641918182000097 ], [ 23.540662766000025, 41.645942688 ], [ 23.536819458000025, 41.648925781000173 ], [ 23.531904220000115, 41.652603150000061 ], [ 23.527818679, 41.655578613000159 ], [ 23.523609161000081, 41.661201476000087 ], [ 23.520721436000144, 41.66428375300012 ], [ 23.515813828000148, 41.669818878000058 ], [ 23.514381409000066, 41.673194886000147 ], [ 23.51268577500008, 41.675003053000069 ], [ 23.51245498600008, 41.676929473000143 ], [ 23.51141929500011, 41.681690216000163 ], [ 23.510784148000027, 41.685722350000162 ], [ 23.509996414000057, 41.689010618999987 ], [ 23.508523942000068, 41.691844940000124 ] ] ] ] } },
{ "type": "Feature", "properties": { "fid": 7, "GID_2": "BGR.1.6_1", "GID_0": "BGR", "COUNTRY": "Bulgaria", "GID_1": "BGR.1_1", "NAME_1": "Blagoevgrad", "NL_NAME_1": "Благоевград", "NAME_2": "Hadzhidimovo", "VARNAME_2": "NA", "NL_NAME_2": "Хаджидимово", "TYPE_2": "Obshtina", "ENGTYPE_2": "Municipality", "CC_2": "NA", "HASC_2": "BG.BL.HA" }, "geometry": { "type": "MultiPolygon", "coordinates": [ [ [ [ 23.828910828000062, 41.55669403100012 ], [ 23.839202880000073, 41.548805237000067 ], [ 23.841449738000165, 41.546543121000127 ], [ 23.843431473000066, 41.544483184000114 ], [ 23.847021104000191, 41.541717530000085 ], [ 23.852655410000068, 41.54153060900012 ], [ 23.856889724000098, 41.542469025000173 ], [ 23.863227843000061, 41.545433044000163 ], [ 23.868984223000098, 41.548755647 ], [ 23.87561225900015, 41.551071168000192 ], [ 23.881071092000184, 41.552135468000188 ], [ 23.888328552000075, 41.552589417000149 ], [ 23.889841080000167, 41.552585602000079 ], [ 23.893884660000083, 41.552406311000084 ], [ 23.898590088, 41.552936555000088 ], [ 23.903192521000051, 41.554523467000138 ], [ 23.906957627, 41.556762695000145 ], [ 23.91000938500008, 41.558776856000065 ], [ 23.912235260000159, 41.56126022300009 ], [ 23.914579392000121, 41.562648773000092 ], [ 23.917192459000034, 41.566082001000098 ], [ 23.918710708000162, 41.568016052000132 ], [ 23.91882324300019, 41.568267823000099 ], [ 23.919111252000107, 41.568912506000061 ], [ 23.945724487, 41.556732178000175 ], [ 23.954908372000091, 41.541110993000075 ], [ 23.958278657000108, 41.524780273000147 ], [ 23.95151710500005, 41.509460450000063 ], [ 23.955156326000179, 41.496692657000153 ], [ 23.971214294000106, 41.48630523800017 ], [ 24.018045425000082, 41.470413208000139 ], [ 24.016302109000037, 41.467590331000054 ], [ 24.016147614000147, 41.465465546000019 ], [ 24.016019821000157, 41.46372223000003 ], [ 24.014673232000177, 41.462829590000069 ], [ 24.013961792000146, 41.463798523000037 ], [ 24.013818740000033, 41.46384811300004 ], [ 24.012222290000068, 41.464389801000095 ], [ 24.009208679000039, 41.462535859000184 ], [ 24.008975983000141, 41.462234498000043 ], [ 24.00695037800017, 41.45964050300006 ], [ 24.005424499000128, 41.45832061700014 ], [ 24.003812790999973, 41.45689392200012 ], [ 24.00131034900005, 41.453842164000037 ], [ 23.998231887000088, 41.453060150000169 ], [ 23.99767112800015, 41.452526093000131 ], [ 23.99621009700013, 41.451133728000116 ], [ 23.994510650000109, 41.451431274000015 ], [ 23.993431092000151, 41.45162201 ], [ 23.990131377000068, 41.452201843000125 ], [ 23.988674164000031, 41.451431274000015 ], [ 23.987413407000076, 41.449405671000022 ], [ 23.987211228000092, 41.447937012000125 ], [ 23.987030029000152, 41.446613313000114 ], [ 23.986043931000097, 41.446037293000074 ], [ 23.983543396000016, 41.445747375000053 ], [ 23.980794907000075, 41.443645477000018 ], [ 23.977699280000024, 41.443168639000191 ], [ 23.977611541000158, 41.443157196000072 ], [ 23.976993561000143, 41.442817688000048 ], [ 23.974941253000168, 41.441696168000135 ], [ 23.973928451000063, 41.438770295000097 ], [ 23.972856523000189, 41.437953950000121 ], [ 23.970052718999966, 41.436679840000011 ], [ 23.967494964000025, 41.435920715000179 ], [ 23.967271804, 41.436023712000122 ], [ 23.967020034000143, 41.436149598000043 ], [ 23.966772080000055, 41.436275481000052 ], [ 23.966510773000039, 41.436374664000027 ], [ 23.966220857, 41.43642807100008 ], [ 23.965919495000151, 41.436454772000047 ], [ 23.965322495000123, 41.436454772000047 ], [ 23.965024948000121, 41.436470032999978 ], [ 23.964727402000165, 41.436508179000157 ], [ 23.964427948000093, 41.436534881000057 ], [ 23.964132309000036, 41.436569215000191 ], [ 23.963865279000174, 41.436668397000062 ], [ 23.963609695000173, 41.436786652000194 ], [ 23.963386536000087, 41.436939240000186 ], [ 23.963214874000073, 41.437118531000181 ], [ 23.963069917000098, 41.437328338000043 ], [ 23.96293068, 41.437526702000127 ], [ 23.962800979, 41.437721254000053 ], [ 23.962675095000122, 41.437931061000086 ], [ 23.962556840000161, 41.438137056000187 ], [ 23.962436677000085, 41.438343048000149 ], [ 23.962297440000043, 41.438541412000063 ], [ 23.962148666000132, 41.438739777000194 ], [ 23.961984634000089, 41.438930511000194 ], [ 23.961771011000053, 41.439083100000119 ], [ 23.961517334000121, 41.439201356000126 ], [ 23.961282730000107, 41.439342500000066 ], [ 23.961053847000073, 41.439487457000098 ], [ 23.960836410000127, 41.439640046000193 ], [ 23.960643768000182, 41.439811707000104 ], [ 23.960475922000114, 41.440002441000047 ], [ 23.960315705000085, 41.440189362000183 ], [ 23.960172652999972, 41.440399170000092 ], [ 23.960020066000084, 41.440586091000057 ], [ 23.959827422000103, 41.440757751000035 ], [ 23.959562302000052, 41.440856933000077 ], [ 23.959280014000115, 41.440948487000185 ], [ 23.958995818000062, 41.441017151000153 ], [ 23.958700180000108, 41.441055298000038 ], [ 23.95840454100005, 41.441082001000041 ], [ 23.958118439000032, 41.441143037000131 ], [ 23.957834244000026, 41.441215515000067 ], [ 23.957551956000145, 41.44129562400019 ], [ 23.957262039000057, 41.441368103000059 ], [ 23.95697784400005, 41.441440583000031 ], [ 23.956743240000037, 41.441566467000143 ], [ 23.956577300000163, 41.441757203000122 ], [ 23.956432343000131, 41.441963195000085 ], [ 23.956279754000036, 41.442153931000064 ], [ 23.956130982000161, 41.442352296000081 ], [ 23.955984114999978, 41.442550660000109 ], [ 23.955846786000109, 41.442745209000179 ], [ 23.955728530000101, 41.442955017000088 ], [ 23.955665587000112, 41.443180085000051 ], [ 23.955509185000153, 41.443359376000103 ], [ 23.955265046000079, 41.443504335000057 ], [ 23.954982758000028, 41.443550110000047 ], [ 23.954681396000126, 41.44357681300005 ], [ 23.95439720100012, 41.443645477000018 ], [ 23.954107284000031, 41.443710327000076 ], [ 23.953824996000151, 41.443782806000115 ], [ 23.953554153000027, 41.443870544999982 ], [ 23.953289031000111, 41.443981170000029 ], [ 23.953033447000109, 41.444095612000069 ], [ 23.952766419000056, 41.444213868000077 ], [ 23.952508927000054, 41.444332124000084 ], [ 23.952276231000155, 41.444473268000024 ], [ 23.952085495000176, 41.444637298000146 ], [ 23.95192146200003, 41.444824219000054 ], [ 23.951770782000153, 41.445014953 ], [ 23.951631546000044, 41.445213318000185 ], [ 23.951496124000187, 41.445419312000183 ], [ 23.951364518000105, 41.445629120000092 ], [ 23.951227189000065, 41.445827484000176 ], [ 23.951084137000123, 41.44602203300019 ], [ 23.950925828000095, 41.446220397000104 ], [ 23.950723648000064, 41.446392060000164 ], [ 23.950447083000142, 41.446445465000068 ], [ 23.950138093000191, 41.446430207000049 ], [ 23.949840547000065, 41.446392060000164 ], [ 23.949567794000131, 41.446300506000057 ], [ 23.949325562000183, 41.446174622000115 ], [ 23.949090957000067, 41.446033478000174 ], [ 23.948865891000082, 41.445877076000045 ], [ 23.94863891600005, 41.445735932000048 ], [ 23.948396682000066, 41.445598603000178 ], [ 23.948114396000165, 41.445526122000103 ], [ 23.947809219000021, 41.445480347000171 ], [ 23.947525024000072, 41.445518494 ], [ 23.94735145500016, 41.44569778500005 ], [ 23.947210311000049, 41.445903778000115 ], [ 23.947080612000036, 41.446113587000127 ], [ 23.946945191000111, 41.446311951000041 ], [ 23.946769715000187, 41.446491242000036 ], [ 23.946538925000084, 41.446632385999976 ], [ 23.946266174000186, 41.446723938000105 ], [ 23.945974350000029, 41.446788789000038 ], [ 23.945682525000109, 41.446842194000112 ], [ 23.94538879300012, 41.446884156000067 ], [ 23.945095062000064, 41.446922303000065 ], [ 23.944799423000063, 41.446956634000173 ], [ 23.944501877000107, 41.446994781000058 ], [ 23.944204330000105, 41.447029115000021 ], [ 23.943904876000033, 41.447063447000062 ], [ 23.943603515000063, 41.447101593000184 ], [ 23.943304063000141, 41.447135925000168 ], [ 23.943010329000174, 41.447135925000168 ], [ 23.942726136000033, 41.44710922400003 ], [ 23.942459106000115, 41.447010041000055 ], [ 23.942201614000112, 41.446884156000067 ], [ 23.94194793700018, 41.446758270000089 ], [ 23.941713333000166, 41.446613313000114 ], [ 23.941410064000024, 41.446521759000177 ], [ 23.941179276000128, 41.446594239000149 ], [ 23.941120147999982, 41.446811676999971 ], [ 23.94110489000019, 41.447055816000045 ], [ 23.941125871000054, 41.447280884000179 ], [ 23.941152572000192, 41.447505950000163 ], [ 23.941125871000054, 41.447731018000127 ], [ 23.941045762000044, 41.447948456000177 ], [ 23.940971374000128, 41.448162078000109 ], [ 23.940906525000173, 41.448379516000159 ], [ 23.940834045000031, 41.448604584000122 ], [ 23.94075584400008, 41.448822022000172 ], [ 23.940673827000126, 41.449035644000048 ], [ 23.940587998000012, 41.449253082000098 ], [ 23.940504073999989, 41.449466705000134 ], [ 23.940422058000138, 41.449684144000059 ], [ 23.940345764000085, 41.449901582000109 ], [ 23.940271378000148, 41.450115205000145 ], [ 23.940200805000075, 41.450332642000092 ], [ 23.940132142000152, 41.450557708000076 ], [ 23.940067291000048, 41.450775146000126 ], [ 23.940006256000061, 41.451000214000089 ], [ 23.939947128000142, 41.451217651000036 ], [ 23.939886093000155, 41.45144271900017 ], [ 23.939830780000079, 41.451656342000035 ], [ 23.93978118800004, 41.451881410000169 ], [ 23.939746856000056, 41.452106476000154 ], [ 23.939727783000023, 41.452331543000184 ], [ 23.939722060000122, 41.452556609000169 ], [ 23.939722060000122, 41.452781677000132 ], [ 23.939727783000023, 41.453006745000096 ], [ 23.939739228000121, 41.45323181100008 ], [ 23.939746856000056, 41.453456879000044 ], [ 23.939754487000073, 41.453681947000177 ], [ 23.939754487000073, 41.453907013000162 ], [ 23.939752579000071, 41.454135895000093 ], [ 23.939752579000071, 41.454586029000041 ], [ 23.939750671000127, 41.454811097000174 ], [ 23.939750671000127, 41.455036163000159 ], [ 23.939748764000058, 41.455486299000086 ], [ 23.939748764000058, 41.45571136500007 ], [ 23.939746856000056, 41.455936432000101 ], [ 23.939741134000144, 41.456836700000167 ], [ 23.939739228000121, 41.457061768000131 ], [ 23.939735413000108, 41.457736969000166 ], [ 23.939735413000108, 41.457962037000129 ], [ 23.939739228000121, 41.458187103000114 ], [ 23.939746856000056, 41.458412171000077 ], [ 23.939737321000052, 41.458637239000041 ], [ 23.939689636000139, 41.458862305000025 ], [ 23.939567566000164, 41.459060669000053 ], [ 23.939350128000115, 41.459213256000169 ], [ 23.939085008000177, 41.45933914200009 ], [ 23.9377269740001, 41.459808349000127 ], [ 23.936891555000159, 41.459854126000096 ], [ 23.936056136000047, 41.459907531000169 ], [ 23.935222627000087, 41.459976197000174 ], [ 23.934392928000079, 41.460056305000194 ], [ 23.933567047000054, 41.460174561000031 ], [ 23.932743073000097, 41.460292817000038 ], [ 23.931949616000111, 41.460487366000052 ], [ 23.93128776500015, 41.460876464000137 ], [ 23.930698395000036, 41.461315155000079 ], [ 23.930223464999983, 41.461837769000169 ], [ 23.930011750000176, 41.462444305000076 ], [ 23.929862976000095, 41.463062286000138 ], [ 23.92980194, 41.463413238000044 ], [ 23.930366517000095, 41.464019776000157 ], [ 23.929681777000098, 41.464424133000136 ], [ 23.929666519000079, 41.46494674700017 ], [ 23.929794312000126, 41.465568544 ], [ 23.930013657000075, 41.466178895000155 ], [ 23.930299759000093, 41.466766357000097 ], [ 23.930763245000094, 41.4672966 ], [ 23.931058884000095, 41.467845918000194 ], [ 23.930509568000161, 41.468315125000174 ], [ 23.929859161000081, 41.468711854000048 ], [ 23.929267882999966, 41.469161987000064 ], [ 23.928575515000091, 41.469512938999969 ], [ 23.927864075000173, 41.469844819000116 ], [ 23.927240373000075, 41.470268249000128 ], [ 23.926622391000137, 41.470691681000176 ], [ 23.925926209000068, 41.471042633000081 ], [ 23.925170898000033, 41.471321106000119 ], [ 23.924388886000145, 41.471546174000082 ], [ 23.923591614000088, 41.471744538000166 ], [ 23.922811508, 41.471969604000151 ], [ 23.922040939000112, 41.472221375000061 ], [ 23.921293259000095, 41.472499848000098 ], [ 23.92058753900011, 41.472839355000076 ], [ 23.919908524000164, 41.47320938200005 ], [ 23.919229507000011, 41.473579406999988 ], [ 23.918521882, 41.473918915000013 ], [ 23.917802811000115, 41.474243165000019 ], [ 23.91708374000001, 41.474567413000045 ], [ 23.916374206000114, 41.474899291000156 ], [ 23.915668488000165, 41.475242615000127 ], [ 23.915016175000119, 41.475635528000055 ], [ 23.914506911000103, 41.476131439000142 ], [ 23.91415214500006, 41.476707458000078 ], [ 23.91412544300016, 41.477329255000143 ], [ 23.914028168000186, 41.477962494 ], [ 23.913566589000084, 41.478473664000035 ], [ 23.912755966000077, 41.478462220000154 ], [ 23.912029267000094, 41.478157044000113 ], [ 23.911346435000041, 41.477787019000175 ], [ 23.910711288000186, 41.477371217000041 ], [ 23.910089492000054, 41.476959228000169 ], [ 23.909469605000027, 41.476524352000069 ], [ 23.908840180000084, 41.476108550000106 ], [ 23.908143998000014, 41.47576904400006 ], [ 23.907411576000186, 41.475452423999968 ], [ 23.907226562000176, 41.474990845000093 ], [ 23.907470704000104, 41.47438812200005 ], [ 23.907602310000129, 41.473766328000124 ], [ 23.907646180000029, 41.473136901000146 ], [ 23.907569886000147, 41.472515107000049 ], [ 23.907339095000111, 41.471912384000177 ], [ 23.906906128000116, 41.471370698000158 ], [ 23.90636444200004, 41.470893861000036 ], [ 23.906326293000177, 41.470287323000093 ], [ 23.906482697000172, 41.469669343000135 ], [ 23.906694411999979, 41.469055177000143 ], [ 23.907222747000105, 41.468578340000192 ], [ 23.907945633000054, 41.468254090000187 ], [ 23.9083442700001, 41.467723847000116 ], [ 23.908365251000134, 41.467094423000049 ], [ 23.908243180000056, 41.466472626000041 ], [ 23.90797805800014, 41.465877533000082 ], [ 23.907913207000036, 41.465724946000194 ], [ 23.90762329100005, 41.46547699000007 ], [ 23.907436370000084, 41.464992524000138 ], [ 23.907468796000103, 41.464019776000157 ], [ 23.907287598000039, 41.463424683000028 ], [ 23.907020568000178, 41.462821960000156 ], [ 23.906776429000104, 41.462219239000092 ], [ 23.906616211000028, 41.461597443000187 ], [ 23.906513214000086, 41.460975646000179 ], [ 23.906435013000134, 41.460346222000112 ], [ 23.906347274000041, 41.459724427000083 ], [ 23.906230926000035, 41.459091188 ], [ 23.906154632000096, 41.458728791000169 ], [ 23.905920029000129, 41.458362579000038 ], [ 23.904443742000126, 41.455139160000044 ], [ 23.903957367000089, 41.454048157000102 ], [ 23.903736114000026, 41.453552246000186 ], [ 23.902008056, 41.451526641000044 ], [ 23.901285172000087, 41.451194763000103 ], [ 23.896406173000059, 41.450717926000152 ], [ 23.893997192000143, 41.449451446000182 ], [ 23.892238617000032, 41.448528290000183 ], [ 23.890993119000029, 41.447021485000107 ], [ 23.886411667000175, 41.44526291 ], [ 23.884857177000185, 41.445182801000044 ], [ 23.883905410000011, 41.446563721000075 ], [ 23.882362365000176, 41.44762420800015 ], [ 23.877380371000072, 41.448497772000167 ], [ 23.875158310000131, 41.447525026000108 ], [ 23.871192932000156, 41.446399688000099 ], [ 23.867204667000124, 41.444042205000187 ], [ 23.86491394, 41.443164826000157 ], [ 23.864101409000057, 41.44305801400003 ], [ 23.862947465000104, 41.444328308000138 ], [ 23.86279869100008, 41.444324493000067 ], [ 23.862194062000071, 41.444316865000189 ], [ 23.859809876000156, 41.443641664000154 ], [ 23.859064103000151, 41.443664550000108 ], [ 23.854146958000172, 41.443847656000173 ], [ 23.853454590000126, 41.443874360000052 ], [ 23.852769851, 41.443553925000117 ], [ 23.852373122000131, 41.442855835000046 ], [ 23.851564407000126, 41.441429138000046 ], [ 23.851074219000054, 41.441162110000164 ], [ 23.85104942300012, 41.441146852000145 ], [ 23.849679946000094, 41.440402985000162 ], [ 23.848871231000032, 41.439964294 ], [ 23.84816551199998, 41.439575196000135 ], [ 23.846885682000163, 41.437568664000025 ], [ 23.845453263000024, 41.435321809000186 ], [ 23.844272613000044, 41.435253143000011 ], [ 23.839250564999986, 41.436283112000069 ], [ 23.834255218000123, 41.435356141 ], [ 23.831495286000063, 41.434406281000122 ], [ 23.8306407930001, 41.434261322000111 ], [ 23.829740524000158, 41.434104919000049 ], [ 23.826530456000114, 41.432365418000131 ], [ 23.822973252000111, 41.432853698000031 ], [ 23.818063737000102, 41.431602477000126 ], [ 23.812839507000035, 41.432334899000182 ], [ 23.807910919000051, 41.431694031000063 ], [ 23.806987763000052, 41.432067871000072 ], [ 23.805805207000105, 41.433486938000158 ], [ 23.80431938300012, 41.433765411000024 ], [ 23.804174423000177, 41.433792115000131 ], [ 23.803964614000165, 41.43373107900004 ], [ 23.801359177000109, 41.432979584000122 ], [ 23.799795151000012, 41.432231904000048 ], [ 23.799690246000125, 41.432239532000153 ], [ 23.797538757000041, 41.4324111950001 ], [ 23.796907425000029, 41.432304383000144 ], [ 23.796377183, 41.43221664400005 ], [ 23.793558121, 41.430500031000065 ], [ 23.782955169000047, 41.42013931300005 ], [ 23.782482147000167, 41.416889190000177 ], [ 23.781366347000073, 41.41472244400012 ], [ 23.780151368000134, 41.413730622000116 ], [ 23.777221680000025, 41.413146972000163 ], [ 23.774271012000156, 41.411552430000029 ], [ 23.771938323000143, 41.408752441000104 ], [ 23.768636703000027, 41.406101227000079 ], [ 23.768215179000094, 41.405479431000174 ], [ 23.766496658000108, 41.40297699100006 ], [ 23.766038894000076, 41.402511597000114 ], [ 23.765428543000098, 41.40189361500012 ], [ 23.76366043000013, 41.400371551000148 ], [ 23.761112213000047, 41.399555206000173 ], [ 23.760540009000124, 41.398300172000063 ], [ 23.759614945000123, 41.396270752000191 ], [ 23.758756638000079, 41.395355224000127 ], [ 23.757938385000159, 41.39504623400012 ], [ 23.75539970300008, 41.395427704000099 ], [ 23.751787186000058, 41.396682739000084 ], [ 23.751653672000032, 41.399330140000018 ], [ 23.750350952000019, 41.400367736000078 ], [ 23.749784470000066, 41.400588989000028 ], [ 23.747367859000065, 41.40153503300013 ], [ 23.744853974000137, 41.401958466000053 ], [ 23.743482589999985, 41.401660919000051 ], [ 23.742845535000129, 41.402069091000101 ], [ 23.742204667000067, 41.402473450000059 ], [ 23.74158096300016, 41.402893067000036 ], [ 23.740879060000054, 41.403224945000147 ], [ 23.740045548000182, 41.403316499000084 ], [ 23.739212037000073, 41.403251649000026 ], [ 23.738401414000066, 41.403095246000191 ], [ 23.737588883000058, 41.402938844000175 ], [ 23.736761092000052, 41.402839662000133 ], [ 23.735927583000091, 41.402782439000134 ], [ 23.735101699000154, 41.402870178 ], [ 23.734298707000164, 41.403049469 ], [ 23.73366165200008, 41.403259277000132 ], [ 23.732982635000155, 41.40366745100016 ], [ 23.732769012000119, 41.403648377000025 ], [ 23.732116699000073, 41.404098511000143 ], [ 23.731897354000125, 41.404251098000032 ], [ 23.731674194000163, 41.404403687000183 ], [ 23.731456756000114, 41.404556275000175 ], [ 23.731237411000166, 41.40470886200012 ], [ 23.731019973000116, 41.404861451000045 ], [ 23.730804443000068, 41.405021667000142 ], [ 23.730583190000118, 41.405174256000066 ], [ 23.730361939000034, 41.405319213000041 ], [ 23.730136872000116, 41.405471803000069 ], [ 23.729907989000139, 41.405624390000185 ], [ 23.729661942000121, 41.405750276000106 ], [ 23.729389191000166, 41.405838013000164 ], [ 23.729095458000131, 41.405910493000135 ], [ 23.728801727000075, 41.405937195000035 ], [ 23.728517533000172, 41.405891420000046 ], [ 23.72823333700012, 41.405818939000028 ], [ 23.727949142000114, 41.40572738700007 ], [ 23.727661133000026, 41.405662537000069 ], [ 23.727369309000039, 41.4056167600001 ], [ 23.727073669999982, 41.405582428000059 ], [ 23.726778029000116, 41.405536651000091 ], [ 23.726486206000061, 41.405498504000036 ], [ 23.726196289000143, 41.40544509900019 ], [ 23.725906371000121, 41.405380249000132 ], [ 23.725618362000034, 41.405326843000182 ], [ 23.725332259000083, 41.405254365000189 ], [ 23.725046158000112, 41.405189514000085 ], [ 23.724758147000159, 41.405136109000182 ], [ 23.724468231000174, 41.405071259000124 ], [ 23.724178315000131, 41.405025481999985 ], [ 23.723886489000165, 41.404972077000139 ], [ 23.723745347000033, 41.404949188000103 ], [ 23.722492218000184, 41.405841828000064 ], [ 23.721435547000056, 41.406124116000115 ], [ 23.716428757000017, 41.405231476000154 ], [ 23.714920044000166, 41.405048370000145 ], [ 23.708093644000087, 41.404212951000034 ], [ 23.699766158999978, 41.403717041 ], [ 23.69322776700011, 41.402862548000087 ], [ 23.689121247000116, 41.402965545000029 ], [ 23.687599183000145, 41.402824401000032 ], [ 23.687469482000154, 41.402877808000142 ], [ 23.687206268000068, 41.402992249000079 ], [ 23.686943055000029, 41.403102874000069 ], [ 23.686676025000168, 41.403198241000098 ], [ 23.686407089999989, 41.403297424000186 ], [ 23.685869217000175, 41.4034957880001 ], [ 23.685596467000153, 41.403594970000142 ], [ 23.685323714000049, 41.403682709000179 ], [ 23.685047149000184, 41.403762818000132 ], [ 23.684768676000147, 41.403850557000055 ], [ 23.684488297000144, 41.403923035000162 ], [ 23.684206009000036, 41.404003144000171 ], [ 23.683923721000156, 41.404075622000107 ], [ 23.68363952600015, 41.404136658000027 ], [ 23.683353424000131, 41.404209136000134 ], [ 23.683065414000112, 41.404270172000054 ], [ 23.682779312000036, 41.404342651999968 ], [ 23.682495117000087, 41.404403687000183 ], [ 23.682209016000115, 41.404476166000052 ], [ 23.681922912000061, 41.404548645000091 ], [ 23.681640624000181, 41.404617310000162 ], [ 23.681360246000054, 41.404689789000031 ], [ 23.681079865000015, 41.404769897000108 ], [ 23.68079948500008, 41.404850006000061 ], [ 23.680521012000042, 41.404930115000184 ], [ 23.680242539, 41.405010224000137 ], [ 23.679964065999968, 41.405101776000095 ], [ 23.6796875, 41.405181884000172 ], [ 23.67940902700019, 41.405261993000124 ], [ 23.679132462000098, 41.405349732 ], [ 23.67885589600013, 41.405429841000171 ], [ 23.678579331000094, 41.405517578000058 ], [ 23.678300858000057, 41.405601501000149 ], [ 23.678024292000089, 41.405689240000015 ], [ 23.677743912000153, 41.405769349000025 ], [ 23.677465439000116, 41.405849458000148 ], [ 23.677183150000133, 41.405921936000084 ], [ 23.676897049000161, 41.405990602000088 ], [ 23.676610946000039, 41.40605545000011 ], [ 23.676326752000136, 41.406124116000115 ], [ 23.67604637200003, 41.406204224000192 ], [ 23.675769806000062, 41.40629577600015 ], [ 23.675498962, 41.406383515000186 ], [ 23.675231934000124, 41.406490326000039 ], [ 23.674968719000105, 41.406600953000066 ], [ 23.674711227000159, 41.406715393000127 ], [ 23.674463273000072, 41.406841279000048 ], [ 23.674226762000103, 41.406974793000074 ], [ 23.673995971000124, 41.407119752000085 ], [ 23.673772813000141, 41.407272339000031 ], [ 23.673551560000192, 41.407424927000193 ], [ 23.673334122000142, 41.407577514000138 ], [ 23.673114777000023, 41.407730103000063 ], [ 23.672895432000075, 41.407882691000054 ], [ 23.672672271000181, 41.40803527800017 ], [ 23.672412872000109, 41.408161164000092 ], [ 23.67216682500009, 41.408058166000103 ], [ 23.671958923000147, 41.407897949000073 ], [ 23.671745300000111, 41.407733916000097 ], [ 23.671504974000129, 41.407596588000104 ], [ 23.671260833000133, 41.407470704000161 ], [ 23.671031952000078, 41.407325745000151 ], [ 23.670824050000135, 41.407165527000075 ], [ 23.670621873000186, 41.407001495000145 ], [ 23.670417786000087, 41.406829834000064 ], [ 23.670207978000121, 41.406677247000175 ], [ 23.670038223, 41.406558991000168 ], [ 23.668867111000111, 41.406894684000122 ], [ 23.66778755200005, 41.407546997000168 ], [ 23.666011810000043, 41.408618928000124 ], [ 23.658340455000086, 41.404289245000086 ], [ 23.657794952000131, 41.403980255000135 ], [ 23.655990600000052, 41.402114868000069 ], [ 23.65405845700019, 41.400150299000131 ], [ 23.652025224000056, 41.398761749000187 ], [ 23.649154662000058, 41.398231506000059 ], [ 23.65311622500019, 41.402194977000192 ], [ 23.656597138000166, 41.406692505000194 ], [ 23.656528473000094, 41.40982055700016 ], [ 23.655437469000049, 41.412517548000153 ], [ 23.65385055500019, 41.415035248000095 ], [ 23.652908325000055, 41.418205262000185 ], [ 23.652542113000095, 41.420703889000038 ], [ 23.651952743000038, 41.422687532000111 ], [ 23.653127670000174, 41.425758361000135 ], [ 23.655281067000089, 41.429622650000169 ], [ 23.65610313500008, 41.433322908000093 ], [ 23.657058715000062, 41.4381256100001 ], [ 23.657287598000096, 41.444641113000159 ], [ 23.658029555000098, 41.449878693000073 ], [ 23.657644272000141, 41.455978394000056 ], [ 23.657741547000114, 41.464118957999972 ], [ 23.657205582000074, 41.47153091500013 ], [ 23.654870987000095, 41.478477479000105 ], [ 23.651237487000174, 41.48671341000005 ], [ 23.647111893000044, 41.494792938000103 ], [ 23.642570496000076, 41.501155854000046 ], [ 23.646606445000145, 41.507938384000113 ], [ 23.648828507000189, 41.511295319000112 ], [ 23.652883529000121, 41.516212464000091 ], [ 23.659147263000023, 41.521343232000049 ], [ 23.662246703000164, 41.523616791000165 ], [ 23.666946411000026, 41.525703429000146 ], [ 23.669771195000123, 41.527034759000173 ], [ 23.674148560000049, 41.528541565000126 ], [ 23.679574967000065, 41.529666900000052 ], [ 23.684255599000096, 41.529674530000136 ], [ 23.690534591000187, 41.529106141000113 ], [ 23.695177077999972, 41.52613067700014 ], [ 23.699792862000152, 41.523723602000189 ], [ 23.704044342000032, 41.522594451000089 ], [ 23.709289550000051, 41.521846771000071 ], [ 23.713121414000057, 41.522407531999988 ], [ 23.71789932300004, 41.523521424000137 ], [ 23.72076988300006, 41.525543214000095 ], [ 23.722139359000039, 41.527202607000163 ], [ 23.723901749, 41.529773712000178 ], [ 23.725158691000104, 41.532337190000192 ], [ 23.726623535000158, 41.535243989000094 ], [ 23.728122712000129, 41.537788391000106 ], [ 23.72982215900015, 41.540664673000094 ], [ 23.732063294, 41.543197632000158 ], [ 23.735544205000167, 41.544399263000173 ], [ 23.739543915000183, 41.545578003000173 ], [ 23.742317200000059, 41.546070099000019 ], [ 23.748294830000077, 41.544914247000179 ], [ 23.751977920000172, 41.543804170000044 ], [ 23.757848740000099, 41.54388046300005 ], [ 23.762460709000038, 41.543788909000114 ], [ 23.767017365000129, 41.544231415000127 ], [ 23.771024705000059, 41.545013429 ], [ 23.775022507000074, 41.545799256000123 ], [ 23.778823853000176, 41.54607772900016 ], [ 23.785169601000121, 41.546321869999986 ], [ 23.791141510000159, 41.545207978 ], [ 23.794866561999982, 41.543766022999989 ], [ 23.797422408999978, 41.543743134000181 ], [ 23.799076080000134, 41.544956207000098 ], [ 23.798625946000186, 41.546871186000146 ], [ 23.797643662000098, 41.548988343000076 ], [ 23.7967453, 41.55022430300005 ], [ 23.796300887000086, 41.552379609000184 ], [ 23.79761123600008, 41.554977418000135 ], [ 23.800685883000028, 41.555072785000107 ], [ 23.804073334000066, 41.554416657000161 ], [ 23.808792115000131, 41.553245545000095 ], [ 23.812952042000177, 41.552455903000123 ], [ 23.817140579000068, 41.551441193000187 ], [ 23.821432114000174, 41.552196503000175 ], [ 23.828910828000062, 41.55669403100012 ] ] ] ] } },
{ "type": "Feature", "properties": { "fid": 8, "GID_2": "BGR.1.7_1", "GID_0": "BGR", "COUNTRY": "Bulgaria", "GID_1": "BGR.1_1", "NAME_1": "Blagoevgrad", "NL_NAME_1": "Благоевград", "NAME_2": "Kresna", "VARNAME_2": "NA", "NL_NAME_2": "Кресна", "TYPE_2": "Obshtina", "ENGTYPE_2": "Municipality", "CC_2": "NA", "HASC_2": "BG.BL.KR" }, "geometry": { "type": "MultiPolygon", "coordinates": [ [ [ [ 23.387275695000028, 41.787326814000153 ], [ 23.389335631999984, 41.78493499700005 ], [ 23.389810562000036, 41.781837464000034 ], [ 23.391777039000146, 41.77582931500018 ], [ 23.393226624000079, 41.769592285000158 ], [ 23.392921448000038, 41.767337799000131 ], [ 23.392616273000101, 41.763690949000193 ], [ 23.391307832000109, 41.760738373000152 ], [ 23.390548706000175, 41.757995607000055 ], [ 23.388036728000031, 41.754776001000153 ], [ 23.384614943000145, 41.751258851000102 ], [ 23.381275177000191, 41.748237610000103 ], [ 23.377685546000123, 41.746089936000089 ], [ 23.374122619000104, 41.744045257999971 ], [ 23.368789672000162, 41.742660523000097 ], [ 23.364219665000178, 41.741306305000137 ], [ 23.360614776000034, 41.740272521 ], [ 23.357730866000168, 41.739685059000124 ], [ 23.354440689000171, 41.738048554000159 ], [ 23.349298478000037, 41.737552644000118 ], [ 23.34600448599997, 41.738105775000179 ], [ 23.342523576000133, 41.738124848000041 ], [ 23.337736129, 41.738681794000115 ], [ 23.333272935000025, 41.738712311000086 ], [ 23.330913544000168, 41.739788056000179 ], [ 23.324022293999974, 41.741249085 ], [ 23.320739745000083, 41.741802216000053 ], [ 23.317665101000046, 41.742534637000176 ], [ 23.31435966600003, 41.743083953000109 ], [ 23.311866759999987, 41.743106842000145 ], [ 23.30861473200008, 41.743122101999973 ], [ 23.304916381000055, 41.742618560999972 ], [ 23.301275253000028, 41.741569519000052 ], [ 23.296987534000095, 41.739440917000138 ], [ 23.292921066000076, 41.737487793000184 ], [ 23.288122177000105, 41.735164642000086 ], [ 23.28405380300012, 41.732986450000169 ], [ 23.279998779000152, 41.730251312000178 ], [ 23.274560929000188, 41.726024628000062 ], [ 23.269693375000145, 41.723228455000026 ], [ 23.265079499000137, 41.720226287000173 ], [ 23.258817673000181, 41.714778899000123 ], [ 23.254545211000163, 41.711551666000162 ], [ 23.249853134000148, 41.708137513 ], [ 23.243515014000138, 41.702129364000029 ], [ 23.240549087000147, 41.698925019000171 ], [ 23.234828949000075, 41.694026947000111 ], [ 23.224584579000123, 41.684539795000092 ], [ 23.219873429000074, 41.679306030000077 ], [ 23.21487235900014, 41.675682067000139 ], [ 23.207878114000096, 41.671848297 ], [ 23.201784133999979, 41.66900634700005 ], [ 23.197731018000184, 41.667018891000112 ], [ 23.193054199000017, 41.666549682000095 ], [ 23.189075470000091, 41.667366028000117 ], [ 23.184810638000158, 41.668186188000163 ], [ 23.179599762000123, 41.670619965000185 ], [ 23.174375534000092, 41.673042298000155 ], [ 23.166807174000041, 41.676998139000148 ], [ 23.162855149000166, 41.678661347000116 ], [ 23.160503387000063, 41.67998886100014 ], [ 23.158224105000158, 41.679164888000116 ], [ 23.152761459000089, 41.680614471000069 ], [ 23.145315170000117, 41.683025361000034 ], [ 23.139850616000047, 41.68494796900012 ], [ 23.126918793000016, 41.685161591000053 ], [ 23.113962173000061, 41.684020996000072 ], [ 23.100973129000181, 41.678752899000187 ], [ 23.08998107900004, 41.678958893000186 ], [ 23.076976775000162, 41.681053161000079 ], [ 23.057455063000191, 41.682823182000106 ], [ 23.037521361000188, 41.684955597000055 ], [ 23.022802354000135, 41.686214448000044 ], [ 23.012611389000085, 41.685974122000061 ], [ 23.00436210700019, 41.687168123000163 ], [ 22.991752624000185, 41.693260193000071 ], [ 22.992084502000125, 41.693977357000108 ], [ 22.992465973000151, 41.694774627000129 ], [ 22.992738723000173, 41.695323945000155 ], [ 22.993349076000129, 41.696109772000057 ], [ 22.994001389000175, 41.696807862000071 ], [ 22.99450874300004, 41.697364808000145 ], [ 22.994831085999976, 41.697769165000125 ], [ 22.995332717000053, 41.697944641000049 ], [ 22.996177674000023, 41.697914124000135 ], [ 22.997245789000033, 41.697811127000023 ], [ 22.99822998000019, 41.697700501000099 ], [ 22.998966217000088, 41.697830200000112 ], [ 22.999305725000113, 41.698062896000181 ], [ 22.999631881000141, 41.698516847000178 ], [ 23.000080109000066, 41.699195862000124 ], [ 23.000349044000018, 41.699920655000142 ], [ 23.000659942000027, 41.700939178000112 ], [ 23.00103759700005, 41.702049255000077 ], [ 23.00125885000017, 41.702327728000114 ], [ 23.001884461000145, 41.702541351000093 ], [ 23.002733231000036, 41.702716827000017 ], [ 23.003709794000088, 41.703155517000084 ], [ 23.004487991000076, 41.703758240000127 ], [ 23.005319595000174, 41.704212189000145 ], [ 23.005632400000025, 41.704383850000056 ], [ 23.006017685000188, 41.704948426000044 ], [ 23.006134033000023, 41.705104828000174 ], [ 23.006057739000141, 41.705894470000146 ], [ 23.005624770999987, 41.706573487000128 ], [ 23.005025864000118, 41.70721817000009 ], [ 23.004486083000131, 41.707897187000015 ], [ 23.004116058000136, 41.708671570000092 ], [ 23.00403976500013, 41.709285737000187 ], [ 23.003885270000069, 41.709766389000151 ], [ 23.00379180800013, 41.710063935000051 ], [ 23.003889083000104, 41.710807801000158 ], [ 23.003820419000135, 41.711200714000086 ], [ 23.003501892000145, 41.711837769000113 ], [ 23.003288269000109, 41.71222686700014 ], [ 23.003166199000134, 41.712726593000127 ], [ 23.00316238400012, 41.713287354000045 ], [ 23.003200531000175, 41.713893890000179 ], [ 23.003179550000084, 41.714607239000088 ], [ 23.003295898000147, 41.715042114000141 ], [ 23.003890990000173, 41.715610504999972 ], [ 23.004274368000097, 41.716171264000138 ], [ 23.004825592000032, 41.716861724000069 ], [ 23.005365372000142, 41.717338562000066 ], [ 23.005615234, 41.717849731000172 ], [ 23.005739212000151, 41.71820068400018 ], [ 23.005495071000098, 41.718402864000041 ], [ 23.005142212000123, 41.718727112000181 ], [ 23.004770279000184, 41.719203949000132 ], [ 23.004098892000172, 41.719917297000165 ], [ 23.003635406000171, 41.720661165000081 ], [ 23.003316879000181, 41.721351624000079 ], [ 23.003234862000056, 41.722179413000106 ], [ 23.003126144000134, 41.722625731999983 ], [ 23.003110886000115, 41.722774506000064 ], [ 23.003038406000144, 41.7232818600001 ], [ 23.003288269000109, 41.7239761350001 ], [ 23.003383637000013, 41.724788666000109 ], [ 23.003284454000095, 41.725028992000091 ], [ 23.002887726000097, 41.725303650000058 ], [ 23.002334595000093, 41.725570680000146 ], [ 23.001783371000158, 41.726005555000143 ], [ 23.001295089000052, 41.72647476200018 ], [ 23.000911713000164, 41.726867676000154 ], [ 23.000534058000085, 41.727378845000089 ], [ 23.00032424800014, 41.727863312000125 ], [ 23.000225066000098, 41.728515625000171 ], [ 23.000019074000079, 41.729118348000043 ], [ 22.999763488999974, 41.729930879000051 ], [ 22.999565125000117, 41.730739594000056 ], [ 22.999305725000113, 41.731464385999971 ], [ 22.998975755000174, 41.731899261000194 ], [ 22.998254776000124, 41.732242585000165 ], [ 22.997591018000094, 41.732707977000132 ], [ 22.99716186500001, 41.733146667000028 ], [ 22.996831893999968, 41.733501434000118 ], [ 22.996620177000125, 41.733985902000086 ], [ 22.996513367000034, 41.734600068000077 ], [ 22.996423721000042, 41.735454560000107 ], [ 22.996198655000114, 41.736236572000166 ], [ 22.996059418000186, 41.736972809000065 ], [ 22.995794296000099, 41.737781525000173 ], [ 22.995590209, 41.738563538000108 ], [ 22.995264053000028, 41.739246368000124 ], [ 22.995054246000166, 41.739894866000157 ], [ 22.995008469000027, 41.740470886000026 ], [ 22.99490356400014, 41.740917206000177 ], [ 22.994524002000162, 41.741485596000132 ], [ 22.994022370000039, 41.742298126000037 ], [ 22.993234634000089, 41.742473602000189 ], [ 22.992332459000124, 41.742351531000111 ], [ 22.991405488000055, 41.742389678000166 ], [ 22.990840911000191, 41.742557525999985 ], [ 22.990444183000022, 41.743019105000087 ], [ 22.990171432000125, 41.743301391000159 ], [ 22.989719391000108, 41.743442535000156 ], [ 22.989273071000127, 41.743545532000041 ], [ 22.988882065000098, 41.743740081000055 ], [ 22.988492966000138, 41.744010926000158 ], [ 22.988206863000187, 41.744529723000028 ], [ 22.98808670000011, 41.745010376000096 ], [ 22.988134384000148, 41.745494843000131 ], [ 22.988296509000122, 41.745998382000153 ], [ 22.988349915000128, 41.746524812000189 ], [ 22.988574982000159, 41.747024535000037 ], [ 22.988803863000044, 41.747261048000155 ], [ 22.988975524000125, 41.747711182000103 ], [ 22.988805771000159, 41.747955322000053 ], [ 22.988576890000161, 41.748252868000122 ], [ 22.988693238, 41.748691558000189 ], [ 22.988752366000085, 41.749130249000189 ], [ 22.988990784000123, 41.749755860000164 ], [ 22.988946915000156, 41.750232698000161 ], [ 22.988885880000169, 41.750873566000109 ], [ 22.988479613000038, 41.751304626000035 ], [ 22.987611770000058, 41.751655579000044 ], [ 22.986917495000057, 41.752017974000125 ], [ 22.986228943000128, 41.752429963000168 ], [ 22.985826492000115, 41.752883912000186 ], [ 22.98573112400004, 41.75340270900017 ], [ 22.985548019000078, 41.753963470000144 ], [ 22.985029221000161, 41.754211427000143 ], [ 22.984628678000149, 41.754489900000181 ], [ 22.984224319000191, 41.754955292000147 ], [ 22.983812332000127, 41.755592347000174 ], [ 22.983741761000033, 41.756317137999986 ], [ 22.983642579, 41.757160187000068 ], [ 22.983354568000095, 41.758075715000132 ], [ 22.983121872000027, 41.758766175000062 ], [ 22.98254203800019, 41.759399415000019 ], [ 22.982196809000129, 41.75990295400004 ], [ 22.981962205000059, 41.760429382999973 ], [ 22.981796265000185, 41.76094436700015 ], [ 22.981769561000135, 41.761157990000129 ], [ 22.99468231100002, 41.761833191000164 ], [ 23.006231308, 41.76304626600006 ], [ 23.011949540000103, 41.763729094999974 ], [ 23.016872406000118, 41.763957978000178 ], [ 23.020477295000035, 41.76482391400009 ], [ 23.024385453000093, 41.766479492000087 ], [ 23.027191162000179, 41.767364503000067 ], [ 23.03006744400011, 41.770221710000101 ], [ 23.036062240000149, 41.773330688000158 ], [ 23.039260865000074, 41.775470733000191 ], [ 23.042953491000048, 41.78108978400013 ], [ 23.046585083000139, 41.784866333000082 ], [ 23.051507949000154, 41.790336610000168 ], [ 23.055799485000136, 41.794486999000128 ], [ 23.060026167999979, 41.79790878200015 ], [ 23.06371879600016, 41.799640656000122 ], [ 23.070564270000091, 41.802513122999983 ], [ 23.074764251000033, 41.804584503000171 ], [ 23.083225250000169, 41.805595397000104 ], [ 23.088264466000169, 41.80526351900005 ], [ 23.093301773000178, 41.804935456000123 ], [ 23.099441528000057, 41.80313873200015 ], [ 23.104049683000028, 41.800224304999972 ], [ 23.107551575000059, 41.798404693000066 ], [ 23.111871720000181, 41.795856476000154 ], [ 23.116252898000141, 41.791843415000017 ], [ 23.119239807999975, 41.790012360000162 ], [ 23.123523711000132, 41.78856658899997 ], [ 23.127994538000166, 41.788768769 ], [ 23.13110733100001, 41.789512634000175 ], [ 23.133174896000128, 41.790439607000053 ], [ 23.138538360000155, 41.79318237300015 ], [ 23.141853333000086, 41.794826508000028 ], [ 23.145097732000067, 41.797527314000035 ], [ 23.148399352000183, 41.79896545400004 ], [ 23.159551620000116, 41.803215028000068 ], [ 23.162839889000168, 41.804428100000109 ], [ 23.168165208000119, 41.805805207000105 ], [ 23.172403336000173, 41.807716369000104 ], [ 23.175968171000136, 41.808212280000191 ], [ 23.178794861000085, 41.808170318000123 ], [ 23.183179854000059, 41.807769775999986 ], [ 23.190355300000135, 41.807498932000158 ], [ 23.195060731000126, 41.80583572400019 ], [ 23.199956893000092, 41.805240631000061 ], [ 23.204030991000025, 41.805191041000057 ], [ 23.208358764000081, 41.805137634000175 ], [ 23.212154389000148, 41.805316924000067 ], [ 23.216394425000146, 41.806217194000169 ], [ 23.219390869000108, 41.806694031000063 ], [ 23.225879670000097, 41.808029176000161 ], [ 23.230054856000038, 41.809841156000175 ], [ 23.233312606000084, 41.810394287000179 ], [ 23.240829468000129, 41.81191635100015 ], [ 23.244600297000147, 41.812732697000058 ], [ 23.248365401000058, 41.813781738000046 ], [ 23.253675460000068, 41.81472396800001 ], [ 23.259038926000073, 41.815208435000045 ], [ 23.263168335000103, 41.814926147000165 ], [ 23.267818450000163, 41.814861299000142 ], [ 23.272769927000127, 41.813838959000066 ], [ 23.277183532000038, 41.813385010000104 ], [ 23.283449173000179, 41.81278228900004 ], [ 23.288944245000096, 41.812732697000058 ], [ 23.293149947000074, 41.813381195000034 ], [ 23.298156739000092, 41.814201355000023 ], [ 23.303962707000153, 41.814975738999976 ], [ 23.308980942000176, 41.815677642000082 ], [ 23.316114426000127, 41.817676544000108 ], [ 23.322153091000132, 41.818035125000165 ], [ 23.327894210000068, 41.818679810000162 ], [ 23.331024170000035, 41.819377900000177 ], [ 23.334661485000026, 41.818397522000055 ], [ 23.339096070000039, 41.815727234000065 ], [ 23.343797683000105, 41.813064575000112 ], [ 23.345619200999977, 41.811836242000027 ], [ 23.347700119000024, 41.810272217000033 ], [ 23.349000932000138, 41.808238984000127 ], [ 23.350299835000044, 41.806198119999976 ], [ 23.351322173000085, 41.804153442000086 ], [ 23.354169846000048, 41.80138015700004 ], [ 23.355188369000018, 41.800159455000141 ], [ 23.357780456000171, 41.798400880000031 ], [ 23.360919953000177, 41.797294616000158 ], [ 23.363260270000069, 41.796566009000173 ], [ 23.36586761500007, 41.795837402000188 ], [ 23.369594574000189, 41.795192720000159 ], [ 23.37324714600004, 41.793739319000053 ], [ 23.37741470300017, 41.792957305000186 ], [ 23.382610322000062, 41.790794373000097 ], [ 23.387275695000028, 41.787326814000153 ] ] ] ] } },
{ "type": "Feature", "properties": { "fid": 9, "GID_2": "BGR.1.8_1", "GID_0": "BGR", "COUNTRY": "Bulgaria", "GID_1": "BGR.1_1", "NAME_1": "Blagoevgrad", "NL_NAME_1": "Благоевград", "NAME_2": "Petrich", "VARNAME_2": "NA", "NL_NAME_2": "Петрич", "TYPE_2": "Obshtina", "ENGTYPE_2": "Municipality", "CC_2": "NA", "HASC_2": "BG.BL.PE" }, "geometry": { "type": "MultiPolygon", "coordinates": [ [ [ [ 22.943965912000124, 41.534835815000065 ], [ 22.948734283000022, 41.537029267000037 ], [ 22.951679229000149, 41.538379668000118 ], [ 22.956205368000099, 41.53985977200017 ], [ 22.959512711000116, 41.540256501000044 ], [ 22.963043214000095, 41.540569306000123 ], [ 22.965555191000192, 41.540607453000121 ], [ 22.968542099000103, 41.540142060999983 ], [ 22.970672606000051, 41.539913178000177 ], [ 22.972606659000121, 41.539482117000091 ], [ 22.974296571000139, 41.539394378000054 ], [ 22.975862502000098, 41.538322447999974 ], [ 22.98033523600003, 41.537765502000127 ], [ 22.985000610000043, 41.537445069000171 ], [ 22.988378526000076, 41.537662507 ], [ 22.992361068000093, 41.53817749100017 ], [ 22.995740891000025, 41.538604736000082 ], [ 22.999353408000104, 41.538631440000188 ], [ 23.00256919800006, 41.538024902000075 ], [ 23.005865098000072, 41.535938264000094 ], [ 23.007963181000036, 41.534774780000077 ], [ 23.012802123000029, 41.533687591000103 ], [ 23.01714134100007, 41.533374786000081 ], [ 23.020097732000181, 41.533393860000047 ], [ 23.022798539000064, 41.533706664000192 ], [ 23.028417587000092, 41.535194397000112 ], [ 23.033565521000071, 41.537483216 ], [ 23.037378312000158, 41.539657593000072 ], [ 23.039354325000147, 41.541751861000137 ], [ 23.042039871000156, 41.543861390000188 ], [ 23.044738769000162, 41.545639038000161 ], [ 23.046066284000119, 41.547035217000143 ], [ 23.047637940000129, 41.54827880900018 ], [ 23.050611497000034, 41.549091340000189 ], [ 23.054288864000114, 41.549270631000184 ], [ 23.057510375000106, 41.549613952000072 ], [ 23.060293198000068, 41.549423218000129 ], [ 23.06332779000013, 41.548591614000031 ], [ 23.066129683999975, 41.547412872000052 ], [ 23.067840577000084, 41.54502487200017 ], [ 23.06973266600005, 41.543804170000044 ], [ 23.0730590820001, 41.540843964000089 ], [ 23.074035645000151, 41.539405824000085 ], [ 23.075693130000104, 41.53817749100017 ], [ 23.078065871000035, 41.536331177000193 ], [ 23.07951545700007, 41.534275056000126 ], [ 23.082813263000105, 41.532310486000142 ], [ 23.084686279000152, 41.531093597000051 ], [ 23.086799623000047, 41.530380249000189 ], [ 23.089822769000079, 41.530204773000094 ], [ 23.093513490000191, 41.530548096000132 ], [ 23.097877502000131, 41.531913758000144 ], [ 23.102251052000156, 41.533111572000166 ], [ 23.104753494000079, 41.53487777700019 ], [ 23.107261657000038, 41.536300659000119 ], [ 23.109767914000031, 41.538063049000129 ], [ 23.112281799000073, 41.539661408000143 ], [ 23.115022660000136, 41.541263581000067 ], [ 23.117166518000033, 41.541690826000149 ], [ 23.121490478000055, 41.543357849000188 ], [ 23.126295089000109, 41.544380189000037 ], [ 23.128835678000087, 41.544960022000112 ], [ 23.131870270000036, 41.545734405000132 ], [ 23.1353912350001, 41.54604721000004 ], [ 23.136409760000106, 41.546249390000071 ], [ 23.139661790000048, 41.546363830000075 ], [ 23.146669388000078, 41.54676818900009 ], [ 23.152622222, 41.546630860000164 ], [ 23.159746171000165, 41.546012878 ], [ 23.165052415000048, 41.544208526000091 ], [ 23.170787811000139, 41.541461945000151 ], [ 23.176742553000111, 41.539173126000037 ], [ 23.184099197000023, 41.538623810000047 ], [ 23.188747405000015, 41.537551880000194 ], [ 23.191759108999975, 41.536415100999989 ], [ 23.197084426000174, 41.536361694000107 ], [ 23.205907822000142, 41.532085418000179 ], [ 23.201398850000089, 41.533676148000154 ], [ 23.204740523999988, 41.531387330000143 ], [ 23.208997726000177, 41.529266358000143 ], [ 23.211608886000022, 41.527721406000012 ], [ 23.219015121000098, 41.522735595000086 ], [ 23.222606659000064, 41.520252229000107 ], [ 23.225236892000169, 41.518379211000195 ], [ 23.229278564000083, 41.51573944200004 ], [ 23.234956741000133, 41.512054444000114 ], [ 23.239387513000111, 41.508605958000089 ], [ 23.242202760000112, 41.505855561000146 ], [ 23.246635437000123, 41.502216339000142 ], [ 23.250488281000059, 41.499515534000068 ], [ 23.255954741999972, 41.496105195000041 ], [ 23.257947923000131, 41.49369812000009 ], [ 23.263179778000051, 41.489711762000127 ], [ 23.265949250000062, 41.487522125000055 ], [ 23.26897239699997, 41.485164642000143 ], [ 23.272487641000055, 41.483402252000133 ], [ 23.274431228000026, 41.48156356800007 ], [ 23.280658722000112, 41.478183747000116 ], [ 23.286779404000129, 41.476142884000126 ], [ 23.293775559000153, 41.472778321000135 ], [ 23.299383164000062, 41.470325469000045 ], [ 23.304124832000184, 41.469352723000043 ], [ 23.308818817000144, 41.469154359000186 ], [ 23.314056397000058, 41.468585968000127 ], [ 23.31922721899997, 41.468784331999984 ], [ 23.324106216000189, 41.469528199000194 ], [ 23.329738617000032, 41.470680236000192 ], [ 23.333805085000051, 41.471786500000064 ], [ 23.341619491000188, 41.47474288899997 ], [ 23.345634461000031, 41.476596833000087 ], [ 23.351623535000158, 41.479278564000026 ], [ 23.354961396000192, 41.479560852000134 ], [ 23.358579636000059, 41.479473115000019 ], [ 23.361248016000047, 41.477993011000137 ], [ 23.363683700000138, 41.476333618000069 ], [ 23.365842818999965, 41.474845886000082 ], [ 23.367511749000073, 41.473159790000182 ], [ 23.370082855000135, 41.469585419000111 ], [ 23.370998383000028, 41.467491149000011 ], [ 23.371656418000043, 41.461971283000025 ], [ 23.371002198000099, 41.456413270000155 ], [ 23.370498657000098, 41.452610016000051 ], [ 23.370483399000079, 41.448986054000045 ], [ 23.370622635000075, 41.446910859000013 ], [ 23.371086122000122, 41.443878175000123 ], [ 23.372852325000167, 41.440692901000148 ], [ 23.375246049000168, 41.439807892000033 ], [ 23.378702164, 41.438575744000048 ], [ 23.38162040800006, 41.437705993000122 ], [ 23.38477516100005, 41.437023164000038 ], [ 23.387712478000026, 41.435779573000048 ], [ 23.388868332000072, 41.433902740000121 ], [ 23.389337540000156, 41.430686952000144 ], [ 23.389259338000102, 41.427825928 ], [ 23.38940811100008, 41.425350189000085 ], [ 23.389415741000164, 41.421176911000089 ], [ 23.390188217000116, 41.417049408000082 ], [ 23.391244889000177, 41.412731170000029 ], [ 23.392303466000101, 41.409381866000047 ], [ 23.392917632000092, 41.406597138 ], [ 23.394021989000066, 41.400951386000088 ], [ 23.394044875000191, 41.400791168000126 ], [ 23.393705369000145, 41.400810242000091 ], [ 23.393178940000041, 41.40082550000011 ], [ 23.391275404999988, 41.400901794000049 ], [ 23.390127182000128, 41.400230406999981 ], [ 23.38885498000019, 41.398666381000112 ], [ 23.3883094790001, 41.39799881 ], [ 23.387359619000051, 41.394832612000073 ], [ 23.385524751000105, 41.39194107100019 ], [ 23.384208679000096, 41.391586304000043 ], [ 23.381694794000168, 41.39244079700012 ], [ 23.377714157000071, 41.390892029000042 ], [ 23.377147674000184, 41.390289306 ], [ 23.37414169300007, 41.388931275000175 ], [ 23.373056412000096, 41.386280061000036 ], [ 23.370744706000096, 41.385887145000027 ], [ 23.369623183000158, 41.385173799000142 ], [ 23.369386672000189, 41.383464814000035 ], [ 23.368873596000185, 41.382957458000192 ], [ 23.363933564000035, 41.381469728000184 ], [ 23.358394622000048, 41.380699157000095 ], [ 23.356519699000046, 41.379657746000191 ], [ 23.355815886000187, 41.379585267000152 ], [ 23.353294372999983, 41.379348756000184 ], [ 23.351837157000034, 41.378627777000133 ], [ 23.34766960200011, 41.374847413000168 ], [ 23.346549987000117, 41.372955322000053 ], [ 23.346128465000049, 41.37230300900012 ], [ 23.342681886000037, 41.370319366000047 ], [ 23.340633392000029, 41.368434907 ], [ 23.336973191000141, 41.366699219000111 ], [ 23.336355208999976, 41.366409302000193 ], [ 23.336294173999988, 41.366546631000119 ], [ 23.336194992000173, 41.366752626000164 ], [ 23.336091995000061, 41.366958618000183 ], [ 23.335977554000124, 41.367176056000062 ], [ 23.335855484000149, 41.36737442000009 ], [ 23.335727692000034, 41.367580415000191 ], [ 23.335596084000144, 41.367786406999983 ], [ 23.335460662000116, 41.367984771000067 ], [ 23.335323334000122, 41.368179322000117 ], [ 23.335184097000081, 41.368385315000182 ], [ 23.335046767999984, 41.368583679000096 ], [ 23.334909439000114, 41.368782044000056 ], [ 23.334775925000088, 41.368988038000055 ], [ 23.334648132000041, 41.369186402000139 ], [ 23.334524154000121, 41.369392395000034 ], [ 23.334402085000022, 41.369598389000032 ], [ 23.334280014000171, 41.369804382000098 ], [ 23.334035873000118, 41.37021637100014 ], [ 23.333915710000042, 41.370422363000159 ], [ 23.333795547000136, 41.370632172000171 ], [ 23.333677291000129, 41.370838165000066 ], [ 23.333562851000067, 41.371044159000064 ], [ 23.333452226000077, 41.3712577820001 ], [ 23.333341598000118, 41.37146759 ], [ 23.33323669300006, 41.371673584 ], [ 23.333135606000155, 41.371887207000043 ], [ 23.333038328999976, 41.37210464400016 ], [ 23.332948685000019, 41.372310639000091 ], [ 23.332872391000137, 41.372524261000137 ], [ 23.332807541000079, 41.372749329000101 ], [ 23.33275413500013, 41.372974395000085 ], [ 23.332706451000092, 41.373191833000135 ], [ 23.332658768000101, 41.373416901000098 ], [ 23.332611084000064, 41.373641969000062 ], [ 23.332559586000116, 41.37386703400017 ], [ 23.332498551000128, 41.374080659000128 ], [ 23.332426070000054, 41.374305725000113 ], [ 23.332340241000168, 41.374511719000111 ], [ 23.332246780000162, 41.374729157000161 ], [ 23.332147597000187, 41.37494659500004 ], [ 23.332046510000112, 41.375152587 ], [ 23.331941605000054, 41.375366212000188 ], [ 23.331832885000097, 41.375572204000036 ], [ 23.331720352000104, 41.375778199000081 ], [ 23.331605912000043, 41.375995636000027 ], [ 23.331491471000106, 41.37620162900015 ], [ 23.331373216000145, 41.376407623000148 ], [ 23.331256866000103, 41.376613618000192 ], [ 23.331138610000096, 41.376823425000055 ], [ 23.331020355000192, 41.377029420000156 ], [ 23.330902099000184, 41.377235412000118 ], [ 23.3306636800001, 41.377647399000011 ], [ 23.330543516999967, 41.377853394000113 ], [ 23.330421449000028, 41.378059388000111 ], [ 23.33029937800012, 41.378265381000176 ], [ 23.330051422000054, 41.378681182000037 ], [ 23.32992744500018, 41.378875732000154 ], [ 23.329801560000135, 41.379085541000165 ], [ 23.329677581000112, 41.37929153400006 ], [ 23.329551698000103, 41.379497528000059 ], [ 23.329427720000126, 41.37970352300016 ], [ 23.329303741000103, 41.379901887000074 ], [ 23.329177856000058, 41.380107879000036 ], [ 23.329053879000185, 41.380313874000137 ], [ 23.328929901000038, 41.3805198660001 ], [ 23.328807831000063, 41.38072586100003 ], [ 23.328681945000142, 41.380931855000028 ], [ 23.328548431000115, 41.381130219000056 ], [ 23.32841301000019, 41.381336212000178 ], [ 23.328277588000162, 41.38154220600012 ], [ 23.328144074000136, 41.381748199000072 ], [ 23.328014374000077, 41.381946563000099 ], [ 23.327890395000054, 41.38215255800003 ], [ 23.32777977, 41.382358552000028 ], [ 23.32767868000019, 41.382575990000078 ], [ 23.327592849000098, 41.38278198200004 ], [ 23.327560425000058, 41.38299942000009 ], [ 23.327608109000096, 41.383224488000053 ], [ 23.327676773000121, 41.383449556000016 ], [ 23.327716827000074, 41.383682252000085 ], [ 23.327682495000033, 41.383899689000089 ], [ 23.327613830000132, 41.384113312000068 ], [ 23.327529908000145, 41.384330750000117 ], [ 23.327432631000192, 41.384548187000064 ], [ 23.327329636000059, 41.384754182000165 ], [ 23.327220916000158, 41.384967804000098 ], [ 23.327112199000112, 41.385173799000142 ], [ 23.327005386000053, 41.385391237000192 ], [ 23.326906204000068, 41.385604859000125 ], [ 23.326808929000094, 41.385822297000175 ], [ 23.326709747000052, 41.386028289000137 ], [ 23.326612473000182, 41.386245727000187 ], [ 23.326511383000138, 41.386459352000031 ], [ 23.326412201000096, 41.386665344 ], [ 23.326311111000109, 41.386882782000043 ], [ 23.326211929000067, 41.387088776000041 ], [ 23.326110839000023, 41.387302399000077 ], [ 23.326011657000038, 41.387519837000127 ], [ 23.325914383000111, 41.387725831000125 ], [ 23.325817107999967, 41.387943269000175 ], [ 23.325721741000166, 41.388156891000051 ], [ 23.325628281000093, 41.388374329000101 ], [ 23.325536727000156, 41.388580323000099 ], [ 23.325448990999973, 41.388793946000078 ], [ 23.325361252000107, 41.389011384000128 ], [ 23.325279235000153, 41.389225006000061 ], [ 23.325202942000146, 41.389450074000194 ], [ 23.325132371000109, 41.389667512000074 ], [ 23.32506942800012, 41.389884950000123 ], [ 23.325008393000132, 41.390106200000162 ], [ 23.324951172000112, 41.390331268000125 ], [ 23.324893951999968, 41.390548706000175 ], [ 23.324836732000051, 41.390773774000138 ], [ 23.324777604000133, 41.390987396000071 ], [ 23.324714660999973, 41.391212464000034 ], [ 23.324647903000141, 41.391429902000084 ], [ 23.324575425000035, 41.391654968000012 ], [ 23.324495316000025, 41.391868591000048 ], [ 23.32440948500016, 41.392086029999973 ], [ 23.324314118000132, 41.392292023000095 ], [ 23.324211120000143, 41.392509460000042 ], [ 23.324104310000052, 41.392715455000143 ], [ 23.323993683000026, 41.392921447000106 ], [ 23.323877335000191, 41.393135072000121 ], [ 23.323759079000126, 41.393344879000153 ], [ 23.323640823000119, 41.393550874000027 ], [ 23.323520660000042, 41.393756866000047 ], [ 23.323400497000137, 41.393962861000148 ], [ 23.32328033400006, 41.39416885300011 ], [ 23.323160171000154, 41.394374848000041 ], [ 23.323036193, 41.394580841999982 ], [ 23.322912217000066, 41.394779206000067 ], [ 23.32278823900009, 41.394985199000132 ], [ 23.322660445, 41.39519119300013 ], [ 23.322534562000158, 41.395397186000025 ], [ 23.322406768000064, 41.39559555000011 ], [ 23.322280885000055, 41.39580154500004 ], [ 23.322153091000132, 41.396007539000038 ], [ 23.322025298000142, 41.396217347000118 ], [ 23.321899414000029, 41.396411896000188 ], [ 23.321773528999984, 41.39661789000013 ], [ 23.321649550000132, 41.396827698000095 ], [ 23.321527482000135, 41.397033692000093 ], [ 23.321414947000164, 41.397239685000159 ], [ 23.321313857000177, 41.397464753000122 ], [ 23.3212108620001, 41.397678375000055 ], [ 23.321094512000059, 41.397876739000139 ], [ 23.320949555000027, 41.398063660000048 ], [ 23.320726395000065, 41.398223878000181 ], [ 23.320432663000076, 41.398303987000133 ], [ 23.320146560000126, 41.398303987000133 ], [ 23.31985664400014, 41.398258210000165 ], [ 23.319564820000153, 41.398193359000061 ], [ 23.319271089000097, 41.398117066000054 ], [ 23.318977355000129, 41.398071289000086 ], [ 23.318679809000173, 41.398052215000064 ], [ 23.318378449000136, 41.398040772000115 ], [ 23.318078995, 41.398021699000026 ], [ 23.317785264000122, 41.397983551999971 ], [ 23.317499161000171, 41.397918701000037 ], [ 23.317214965000119, 41.397853851000036 ], [ 23.316934587, 41.397781372000168 ], [ 23.316095352000104, 41.397533416000044 ], [ 23.315813064000054, 41.397457122000162 ], [ 23.315530776000116, 41.397384644000169 ], [ 23.315244674999974, 41.397319793000065 ], [ 23.31495475700018, 41.397262573000091 ], [ 23.314664840000091, 41.397209168000074 ], [ 23.31437301700015, 41.397159576000035 ], [ 23.314081193000163, 41.397113801000046 ], [ 23.313787460000128, 41.397075654 ], [ 23.31349372800014, 41.397029877000023 ], [ 23.313199997000083, 41.396991730000025 ], [ 23.312904358000083, 41.396945953000056 ], [ 23.312608719000025, 41.396907806000172 ], [ 23.312314988000139, 41.39686966000005 ], [ 23.312023162000173, 41.396823883000081 ], [ 23.311729431000117, 41.396774293000021 ], [ 23.31143760700013, 41.396728516000053 ], [ 23.311326981000036, 41.396701812000174 ], [ 23.310152054000071, 41.397911071000124 ], [ 23.308805466000024, 41.399303436000139 ], [ 23.30790328900008, 41.399520874000189 ], [ 23.30558204700003, 41.399211884000181 ], [ 23.305110930000069, 41.399124145000144 ], [ 23.303668975000051, 41.39884948700012 ], [ 23.303382874000079, 41.398796082000104 ], [ 23.303092956000057, 41.398742675 ], [ 23.30280113200007, 41.398685455000077 ], [ 23.302511216000084, 41.39862823500016 ], [ 23.298130036000146, 41.397792816000049 ], [ 23.297311782000122, 41.398086549000084 ], [ 23.296283722000112, 41.399269104000155 ], [ 23.296169281000175, 41.399402618000181 ], [ 23.292913436000163, 41.400432587000012 ], [ 23.2901916510001, 41.399909974000025 ], [ 23.287893296000107, 41.399860382000043 ], [ 23.285341264000124, 41.400543214000038 ], [ 23.284847260000106, 41.400676728000064 ], [ 23.283012390000181, 41.399780274000136 ], [ 23.279018402000133, 41.400348663000045 ], [ 23.277475358000174, 41.399417877000076 ], [ 23.275751114000172, 41.399658203000115 ], [ 23.273757934000059, 41.398555756000064 ], [ 23.27038574300002, 41.399269104000155 ], [ 23.268386842000098, 41.39752960300018 ], [ 23.267963410000107, 41.396697999000139 ], [ 23.266319275, 41.397041320000028 ], [ 23.265909196000109, 41.396751403999986 ], [ 23.264947891000077, 41.39474868800005 ], [ 23.264450073000091, 41.394557954000049 ], [ 23.262451171000066, 41.394737245000044 ], [ 23.261198045000128, 41.393119812000066 ], [ 23.260843276000173, 41.392856599000083 ], [ 23.258638382000186, 41.391147614000147 ], [ 23.253511430000174, 41.389446259000181 ], [ 23.253227234000121, 41.387298584000177 ], [ 23.253110886000059, 41.386428833000082 ], [ 23.247858047000022, 41.384082795000097 ], [ 23.247236251000118, 41.38223648100012 ], [ 23.243558883000105, 41.382133484000065 ], [ 23.239366532000076, 41.381092073000104 ], [ 23.233758927000167, 41.380550385000049 ], [ 23.232688903999986, 41.377487184000188 ], [ 23.231981278000092, 41.377059936000194 ], [ 23.231622696000102, 41.376857757000039 ], [ 23.229658127000164, 41.376533509000069 ], [ 23.222742081000092, 41.376392365000129 ], [ 23.223152160000154, 41.371822358000088 ], [ 23.218683243000157, 41.36897659300007 ], [ 23.217454910000072, 41.367969513000048 ], [ 23.216747284000121, 41.364673616000118 ], [ 23.216707230000168, 41.361255646000131 ], [ 23.216402053000081, 41.358123779000039 ], [ 23.216875076, 41.357364656000016 ], [ 23.216407776000096, 41.353977204000046 ], [ 23.21803283700018, 41.351425170000141 ], [ 23.217193603000169, 41.348995209000066 ], [ 23.216106415000127, 41.347347259000117 ], [ 23.213863372000048, 41.345447540000066 ], [ 23.211542130000055, 41.341709137000123 ], [ 23.210868836000088, 41.338787078000166 ], [ 23.211727142000086, 41.337951661000091 ], [ 23.211524963000102, 41.337059022 ], [ 23.208116530000098, 41.335617067000157 ], [ 23.204732894000074, 41.333038331000125 ], [ 23.201141358000086, 41.330303193000134 ], [ 23.193525314000055, 41.328235626000037 ], [ 23.191814424000029, 41.326160431000062 ], [ 23.186576843000012, 41.32447815 ], [ 23.185573579000163, 41.323139190000063 ], [ 23.184831619000022, 41.322776795000038 ], [ 23.182804107000152, 41.323097230000144 ], [ 23.180116653000027, 41.322978974000137 ], [ 23.177808762000097, 41.322498322000172 ], [ 23.175239562000172, 41.322937013000114 ], [ 23.174909592000063, 41.322990418000188 ], [ 23.174659730000144, 41.322906494 ], [ 23.171079635000126, 41.321701050000115 ], [ 23.166500092000035, 41.319149018000132 ], [ 23.164299012000185, 41.320301057000165 ], [ 23.159914016000073, 41.321636199000181 ], [ 23.159019470000146, 41.321704865000129 ], [ 23.155227662000129, 41.321056367000153 ], [ 23.148973464000107, 41.322601319000057 ], [ 23.146877288000042, 41.322662355000148 ], [ 23.139987945000144, 41.32125473100001 ], [ 23.137804031000087, 41.321083068000121 ], [ 23.134931563000066, 41.320854188 ], [ 23.132032395000181, 41.320297241000048 ], [ 23.129102707000072, 41.320770264000032 ], [ 23.125810623000177, 41.320869446000017 ], [ 23.122138976000087, 41.320350647 ], [ 23.117740630000128, 41.321094514000038 ], [ 23.115516663000051, 41.32048416300006 ], [ 23.113838195000085, 41.320945740000127 ], [ 23.106012343000032, 41.320899965000194 ], [ 23.102458954000099, 41.320850372000052 ], [ 23.098733902000106, 41.319149018000132 ], [ 23.097620010000128, 41.318641664000097 ], [ 23.093130112000097, 41.317432405000147 ], [ 23.091033936000031, 41.317302704000156 ], [ 23.088111877000074, 41.317813873000091 ], [ 23.084510803, 41.317745209000066 ], [ 23.072608948000152, 41.319942475000175 ], [ 23.068433762000041, 41.320075989000031 ], [ 23.06783294700017, 41.320095062000121 ], [ 23.059839249000106, 41.320960998000146 ], [ 23.056112290000158, 41.322216034000064 ], [ 23.055318833000172, 41.322483064000153 ], [ 23.053678513000136, 41.323036195000157 ], [ 23.049785614000029, 41.324337006000064 ], [ 23.04971695, 41.324359894000168 ], [ 23.049610138000048, 41.324371338000049 ], [ 23.047975541000085, 41.324562074000028 ], [ 23.047935487000132, 41.324565887000063 ], [ 23.047672272000113, 41.324668884000175 ], [ 23.047422410000081, 41.324794770000096 ], [ 23.047174454000128, 41.324928284000123 ], [ 23.046928407000109, 41.325050354000098 ], [ 23.046674728000028, 41.325176240000076 ], [ 23.046421051000095, 41.32529068000008 ], [ 23.046163559000092, 41.325405121000074 ], [ 23.045906067000089, 41.325531007000166 ], [ 23.045652390000157, 41.325645447000056 ], [ 23.045402528000068, 41.325767518000134 ], [ 23.045160294000141, 41.325893401000144 ], [ 23.044923783000172, 41.326034546000187 ], [ 23.044698715000038, 41.326175690000127 ], [ 23.04447555500002, 41.326328277000073 ], [ 23.044254304000106, 41.326488494000102 ], [ 23.044033051000042, 41.326629638000043 ], [ 23.04380607600018, 41.32678222800007 ], [ 23.043581010000025, 41.326934815000186 ], [ 23.043355942000062, 41.327075959000126 ], [ 23.043127059000028, 41.327228546000015 ], [ 23.042892456000061, 41.327362060000098 ], [ 23.042646409000042, 41.327491761000033 ], [ 23.042398452000043, 41.327617644999975 ], [ 23.042142868000042, 41.327732087000072 ], [ 23.041885376000039, 41.32784652800018 ], [ 23.041624069000022, 41.32796096800007 ], [ 23.041358948000038, 41.328060150000113 ], [ 23.041088104000153, 41.328155517000084 ], [ 23.040809631000116, 41.328235626000037 ], [ 23.040529252000113, 41.328311920000147 ], [ 23.040248871000074, 41.328392028000053 ], [ 23.039974213000107, 41.32847976700009 ], [ 23.03970527600012, 41.328575134000062 ], [ 23.039440156000069, 41.328693390000069 ], [ 23.039180756000064, 41.328796387000182 ], [ 23.038923264000118, 41.328922273000103 ], [ 23.038665772000115, 41.329036713000164 ], [ 23.038404465000099, 41.329143524000017 ], [ 23.038139343000182, 41.32924652100013 ], [ 23.037868500000059, 41.329326630000082 ], [ 23.037578584000016, 41.329380035000156 ], [ 23.037277222000171, 41.329402923000089 ], [ 23.036975860999974, 41.32941818200004 ], [ 23.036678314000142, 41.32941818200004 ], [ 23.036376953000172, 41.329402923000089 ], [ 23.036079406000169, 41.329410553000173 ], [ 23.035787582000182, 41.329444884999987 ], [ 23.035499574000141, 41.329505921000077 ], [ 23.035221101000104, 41.329593659000068 ], [ 23.034946441000102, 41.329681396000126 ], [ 23.034683228000119, 41.329788209000185 ], [ 23.034420013000101, 41.329902649000076 ], [ 23.034154891000185, 41.330009461000031 ], [ 23.033878326000149, 41.330085755000084 ], [ 23.033592224000074, 41.330146790000072 ], [ 23.033304214000054, 41.330207826000162 ], [ 23.033012390000067, 41.33026886100015 ], [ 23.032718659000182, 41.330310821000069 ], [ 23.032424927000022, 41.330364228000121 ], [ 23.032129288000192, 41.330394745000092 ], [ 23.031833649000134, 41.330421448000095 ], [ 23.03153801100018, 41.330444337000131 ], [ 23.031242370000143, 41.330444337000131 ], [ 23.030942918000051, 41.330432892000147 ], [ 23.03064346400015, 41.330410003000111 ], [ 23.030344010000078, 41.33037948600014 ], [ 23.030044556000178, 41.330368043000192 ], [ 23.029747009000175, 41.330368043000192 ], [ 23.029439925000133, 41.330371856000056 ], [ 23.029138565999972, 41.330417633000025 ], [ 23.028881074000026, 41.330513 ], [ 23.028657913000131, 41.330654144000164 ], [ 23.028450011000132, 41.330814362000069 ], [ 23.028247834000183, 41.33098602300015 ], [ 23.02803993200007, 41.331153870000094 ], [ 23.027820587000122, 41.331306457000039 ], [ 23.027589798000122, 41.331455232000167 ], [ 23.027345657000069, 41.331607819000112 ], [ 23.027090072000135, 41.331714631000068 ], [ 23.026817322000113, 41.331783295000037 ], [ 23.026519776000043, 41.331790925000121 ], [ 23.026212691000126, 41.331760406 ], [ 23.02591514500017, 41.331714631000068 ], [ 23.025634766000167, 41.331638336000026 ], [ 23.025526047000142, 41.331600188999971 ], [ 23.02484130900018, 41.331859588000043 ], [ 23.022752762000096, 41.331981659000121 ], [ 23.019378661000076, 41.33290481500012 ], [ 23.01608467200009, 41.332965850000107 ], [ 23.013746262000097, 41.334327699000085 ], [ 23.012561799000025, 41.334178925 ], [ 23.010921477000011, 41.333477021000192 ], [ 23.006366729000092, 41.330696106000062 ], [ 23.002750397000057, 41.330848694000053 ], [ 23.000011444000165, 41.330482484000129 ], [ 22.99452590900006, 41.331295014000034 ], [ 22.990444183000022, 41.331058503000122 ], [ 22.989746095000157, 41.331016541 ], [ 22.981027604000076, 41.331970216000173 ], [ 22.97847557200015, 41.333068848000096 ], [ 22.976064682000128, 41.334106446000135 ], [ 22.969360352000024, 41.335491181000066 ], [ 22.966798782000183, 41.33601379300012 ], [ 22.965652466000165, 41.33583068900009 ], [ 22.963144303000036, 41.334571838000102 ], [ 22.960868835000042, 41.334064484000066 ], [ 22.959375382000019, 41.333324432000097 ], [ 22.953081132000079, 41.334106446000135 ], [ 22.950811386000055, 41.334388734000072 ], [ 22.943618774000186, 41.334663392000039 ], [ 22.940326691, 41.33568573000008 ], [ 22.939865113, 41.335617067000157 ], [ 22.939744949000044, 41.335643768000182 ], [ 22.939460754000038, 41.335712434000186 ], [ 22.939178468000136, 41.335781097000051 ], [ 22.938898087000098, 41.335868836000145 ], [ 22.938619614000061, 41.335948945000098 ], [ 22.938343049000025, 41.336036682000156 ], [ 22.938062667999986, 41.336116790000062 ], [ 22.93778419500012, 41.336200714000086 ], [ 22.937501907000069, 41.336273193000125 ], [ 22.937215806000097, 41.336334228000112 ], [ 22.936923980000131, 41.336383820000094 ], [ 22.936628341000073, 41.33640670900013 ], [ 22.936326982000082, 41.336421967000149 ], [ 22.936243058000059, 41.336425782000049 ], [ 22.935628891000135, 41.336906433000081 ], [ 22.933700561000137, 41.343158723000158 ], [ 22.933055878000175, 41.345245361000138 ], [ 22.933139800000163, 41.348075866000102 ], [ 22.932041168000069, 41.349056244000053 ], [ 22.932647705000079, 41.349597932000108 ], [ 22.933046341000022, 41.350013734000072 ], [ 22.933174134000183, 41.350376129000097 ], [ 22.933221816000014, 41.350509645000159 ], [ 22.933609009000179, 41.350681305000137 ], [ 22.933984757000189, 41.350704194000173 ], [ 22.934480668000106, 41.350486756000123 ], [ 22.935001372000045, 41.350452424000082 ], [ 22.935649872000056, 41.35046386800019 ], [ 22.936525346000167, 41.350475311000139 ], [ 22.938365937000128, 41.350570680000146 ], [ 22.939512253000146, 41.350551604000145 ], [ 22.940713882000182, 41.350536346000126 ], [ 22.941793443000051, 41.350585938000165 ], [ 22.943254471000159, 41.350677490000066 ], [ 22.944181442000172, 41.350898743000187 ], [ 22.945249557000182, 41.351016999000194 ], [ 22.945917129000179, 41.351226806000057 ], [ 22.946613311000078, 41.351505279000094 ], [ 22.946767806000139, 41.35229873600008 ], [ 22.946823121000023, 41.352859497000054 ], [ 22.946857453000177, 41.353530884000065 ], [ 22.946704865000186, 41.35423278900015 ], [ 22.946477890000153, 41.354755401000091 ], [ 22.946407319000059, 41.355617524000081 ], [ 22.946304322000174, 41.356433870000103 ], [ 22.946157455000161, 41.357109069000103 ], [ 22.945926667000094, 41.357849121000072 ], [ 22.945747376000099, 41.358673095000029 ], [ 22.945676803000026, 41.359344484000076 ], [ 22.945465088000162, 41.359977723000156 ], [ 22.945344923999983, 41.360782624000024 ], [ 22.945508957000186, 41.361434937000126 ], [ 22.945125579000035, 41.362091065000016 ], [ 22.944671630000073, 41.36267852800006 ], [ 22.944107056000064, 41.363254547000054 ], [ 22.943286895000142, 41.364097596000079 ], [ 22.942937851000067, 41.364780426000095 ], [ 22.942741395000155, 41.365543366000111 ], [ 22.942985534000172, 41.366367340000124 ], [ 22.942464829000187, 41.367362977000141 ], [ 22.942190171, 41.368637084000113 ], [ 22.941762924000102, 41.370086669999978 ], [ 22.941404342000112, 41.370872499000086 ], [ 22.94080352900005, 41.371845245000088 ], [ 22.939947129000075, 41.37299346900005 ], [ 22.939365387000066, 41.374027252000076 ], [ 22.939189911000085, 41.375240326000096 ], [ 22.939031601000124, 41.37651443600015 ], [ 22.938987732000157, 41.377292632000092 ], [ 22.939252854000074, 41.378307342000028 ], [ 22.939258575999986, 41.379390716000103 ], [ 22.939510346000077, 41.380702972000165 ], [ 22.939363479000065, 41.381675719999976 ], [ 22.939605713000049, 41.382507324000073 ], [ 22.939805985000078, 41.383087159000183 ], [ 22.940118790000156, 41.383739472000059 ], [ 22.940671920000057, 41.384490967000147 ], [ 22.940931320000061, 41.385082245000035 ], [ 22.941396714000177, 41.38597106900005 ], [ 22.941200255000183, 41.386741638000103 ], [ 22.940685271000177, 41.387317657000096 ], [ 22.940273284000114, 41.387996674000021 ], [ 22.939426422000054, 41.388854981000065 ], [ 22.938508987000091, 41.389904023000042 ], [ 22.937664032000043, 41.391052247000175 ], [ 22.936569213000155, 41.39206314200004 ], [ 22.935886384000071, 41.393302918000131 ], [ 22.934890747, 41.394126891000042 ], [ 22.934274673, 41.394958495000083 ], [ 22.933950425000035, 41.395687104000046 ], [ 22.9332313540001, 41.396404268000083 ], [ 22.93310737600018, 41.397087097000167 ], [ 22.9334220880001, 41.398010253000166 ], [ 22.933240890000036, 41.398696900000061 ], [ 22.932201386000145, 41.39931869500009 ], [ 22.930742263000127, 41.399745942000152 ], [ 22.928998946000036, 41.400218964000032 ], [ 22.927692412000113, 41.400669098000151 ], [ 22.926757813000165, 41.401111603000061 ], [ 22.926017761000026, 41.401935577000074 ], [ 22.925840378000032, 41.402839662000133 ], [ 22.925483704000158, 41.404380799000023 ], [ 22.925298690000147, 41.405479431000174 ], [ 22.925163269000052, 41.406555176000097 ], [ 22.925115586000061, 41.407119752000085 ], [ 22.925098418000061, 41.407501220000029 ], [ 22.925077437000027, 41.407920838000109 ], [ 22.925024032000124, 41.408687591000046 ], [ 22.925180435000186, 41.40891265900018 ], [ 22.925331116000166, 41.409381866000047 ], [ 22.925514220000025, 41.40993499700005 ], [ 22.925676345, 41.410602570000151 ], [ 22.92658805800005, 41.41186523500005 ], [ 22.927793502000156, 41.413463592000085 ], [ 22.928409576000149, 41.414459229000101 ], [ 22.92938613900003, 41.415699005000192 ], [ 22.930355072000168, 41.416923523999969 ], [ 22.931407929000159, 41.417831422000177 ], [ 22.932197571000131, 41.418537140000126 ], [ 22.932682038000166, 41.418914794999978 ], [ 22.933462143000099, 41.419471741000052 ], [ 22.934127809000131, 41.420211793000192 ], [ 22.934783935000041, 41.42058563300003 ], [ 22.935712815000159, 41.42077636700003 ], [ 22.936521531000096, 41.420715332000043 ], [ 22.937828064000144, 41.420581818000187 ], [ 22.939086914000029, 41.420562745000097 ], [ 22.940248490000045, 41.42058563300003 ], [ 22.940998078000064, 41.421802521000188 ], [ 22.941488266000135, 41.422786714000154 ], [ 22.942319870000176, 41.423698425 ], [ 22.943141936000131, 41.424915314000089 ], [ 22.944238663000021, 41.426074981 ], [ 22.944877625000174, 41.427188873000148 ], [ 22.945447921999971, 41.428264618000071 ], [ 22.94609260500016, 41.429168701000037 ], [ 22.946645738000143, 41.429981231000113 ], [ 22.947164535000184, 41.430828096000084 ], [ 22.947298051000018, 41.430900574000077 ], [ 22.948217392000174, 41.431381227000145 ], [ 22.949380874000155, 41.431892396000023 ], [ 22.950153350000107, 41.432552337 ], [ 22.950536728000031, 41.433261872 ], [ 22.951370239000028, 41.434268952000025 ], [ 22.952024460000018, 41.435092925999982 ], [ 22.952270509000073, 41.43598938000008 ], [ 22.952503205000141, 41.437084199000026 ], [ 22.952550886999973, 41.437999725000111 ], [ 22.952093125000147, 41.438747407000108 ], [ 22.951293946000192, 41.439411163000159 ], [ 22.950786590000121, 41.440345764000142 ], [ 22.950052262000099, 41.441318512000123 ], [ 22.949426651000124, 41.442298888999971 ], [ 22.94863891600005, 41.443447112000058 ], [ 22.947895049000067, 41.444160461000195 ], [ 22.946989059000032, 41.444564820000153 ], [ 22.945432663000076, 41.44553375300012 ], [ 22.943759918000126, 41.446540832000039 ], [ 22.942419052000048, 41.447422028000119 ], [ 22.94095420900004, 41.44850540200008 ], [ 22.939657211000053, 41.449420930000144 ], [ 22.938802720000126, 41.450241088000155 ], [ 22.938261032000071, 41.450962067000034 ], [ 22.937847138000109, 41.451732636000088 ], [ 22.937562942000056, 41.452793122000116 ], [ 22.936761857000135, 41.453979493000134 ], [ 22.936412811000025, 41.454883576000043 ], [ 22.936170577000041, 41.455314636000026 ], [ 22.936182022000025, 41.45579147300009 ], [ 22.936515808000081, 41.45616912800017 ], [ 22.937244415000066, 41.457458496000129 ], [ 22.937885285000164, 41.458221435000098 ], [ 22.938030244000174, 41.458393097000055 ], [ 22.938110351000148, 41.458877563000044 ], [ 22.938409805000049, 41.460479736000138 ], [ 22.93855476400006, 41.461376190000067 ], [ 22.93883705200011, 41.462371826000037 ], [ 22.939306259000148, 41.463100433000193 ], [ 22.939567566000164, 41.463737488000049 ], [ 22.939851762000046, 41.464454652000086 ], [ 22.939476014000036, 41.464698791000103 ], [ 22.938528060000124, 41.465034486000093 ], [ 22.937524795000172, 41.465595245000031 ], [ 22.936054228999978, 41.465919495000037 ], [ 22.935951232000093, 41.465942384000073 ], [ 22.934591293000096, 41.466243743 ], [ 22.933509827000137, 41.466720581000061 ], [ 22.933324814000059, 41.467361450000055 ], [ 22.933412553000096, 41.468238831000065 ], [ 22.933624268000131, 41.469108582 ], [ 22.933713912000087, 41.469947814000193 ], [ 22.933536529000037, 41.470932008000091 ], [ 22.933433533000084, 41.471710204000146 ], [ 22.93396949900017, 41.472560884000188 ], [ 22.934062958000027, 41.473571777000075 ], [ 22.933763504000069, 41.474643707000155 ], [ 22.933326721000128, 41.475528718000078 ], [ 22.932975770000098, 41.47667694200004 ], [ 22.932609558000024, 41.477516174000016 ], [ 22.932308196000122, 41.478290557999969 ], [ 22.932004929000186, 41.47892761200012 ], [ 22.932342530000142, 41.479652404000035 ], [ 22.932455063000077, 41.47985458300019 ], [ 22.932701112000132, 41.480266570000083 ], [ 22.932270049000067, 41.482227325 ], [ 22.93202591000005, 41.48231124900002 ], [ 22.931154252000056, 41.482643127000131 ], [ 22.930423737000069, 41.483085632000098 ], [ 22.929817199000183, 41.483577728000114 ], [ 22.929828645000043, 41.484024049000027 ], [ 22.930282593000129, 41.484657288000108 ], [ 22.930974961, 41.485355378000122 ], [ 22.931617736000192, 41.485973358000081 ], [ 22.93181800800005, 41.486557007000158 ], [ 22.932081223000068, 41.487190247000115 ], [ 22.932670593000182, 41.487941742000032 ], [ 22.933315278000123, 41.488601685000049 ], [ 22.934057235000125, 41.48927307200006 ], [ 22.934186936000117, 41.48989868200016 ], [ 22.934978486000091, 41.490188600000181 ], [ 22.936809539000137, 41.491104126000039 ], [ 22.937242507000065, 41.491302490000123 ], [ 22.938217163000104, 41.491760254000155 ], [ 22.938446046000081, 41.491870881000182 ], [ 22.939895629000034, 41.492801667000094 ], [ 22.94094657800008, 41.493553162000183 ], [ 22.942768096000123, 41.494499207000047 ], [ 22.943111420000093, 41.495147705000022 ], [ 22.943143844000133, 41.496318817000144 ], [ 22.943117142000062, 41.49790954700012 ], [ 22.94340896600005, 41.499210358000028 ], [ 22.943502426000123, 41.499359132000052 ], [ 22.944074630000046, 41.500232696000069 ], [ 22.943901062000066, 41.500915528000064 ], [ 22.943925858000171, 41.50191879200014 ], [ 22.944017410000129, 41.503421783000022 ], [ 22.944501877000164, 41.504779816000053 ], [ 22.945034027000133, 41.505565643000125 ], [ 22.945249557000182, 41.506278992000091 ], [ 22.944915772, 41.506786348000162 ], [ 22.94486618000019, 41.507347107000101 ], [ 22.945055008000168, 41.508144379000157 ], [ 22.944431304000091, 41.508792877000189 ], [ 22.94355392500006, 41.509540559000072 ], [ 22.942800522000141, 41.510173799000029 ], [ 22.942293167000173, 41.51091384900019 ], [ 22.941734315000133, 41.511390686000084 ], [ 22.941284179000036, 41.51174163800016 ], [ 22.940505982, 41.511833192000097 ], [ 22.939805985000078, 41.512039184000116 ], [ 22.939233780000109, 41.51251602100001 ], [ 22.938413620000063, 41.513439179000045 ], [ 22.937320709000176, 41.51416778600003 ], [ 22.936744689000136, 41.514759064000089 ], [ 22.936378478999984, 41.515132904000097 ], [ 22.935752870000044, 41.516128540000068 ], [ 22.935005187000058, 41.517818452000085 ], [ 22.934022904000074, 41.519599915000128 ], [ 22.933515548000173, 41.520690919000174 ], [ 22.933099746000039, 41.521400452000194 ], [ 22.932977677000167, 41.521610260000102 ], [ 22.932617188000108, 41.522594451000089 ], [ 22.932754517000035, 41.52330398700019 ], [ 22.932086945000037, 41.524005890000069 ], [ 22.931982041000026, 41.524158477000185 ], [ 22.931606293000016, 41.52470016500007 ], [ 22.931869508000034, 41.525466918000177 ], [ 22.932130813000072, 41.526424408000025 ], [ 22.93235015800002, 41.527599335000161 ], [ 22.933368683000026, 41.528327942000146 ], [ 22.933502197000053, 41.528995514000087 ], [ 22.933446884000034, 41.532669068000132 ], [ 22.934343339000179, 41.533004761000086 ], [ 22.935550690000184, 41.5331993100001 ], [ 22.937082290000092, 41.533599854000045 ], [ 22.93833732600018, 41.534004211000195 ], [ 22.938739776999967, 41.534030914000027 ], [ 22.939769745000092, 41.534095765000131 ], [ 22.941364288000159, 41.533996583000089 ], [ 22.942398071000184, 41.533870697000168 ], [ 22.942945480000049, 41.534027099000127 ], [ 22.943674088000137, 41.534378053000069 ], [ 22.943965912000124, 41.534835815000065 ] ] ] ] } },
{ "type": "Feature", "properties": { "fid": 10, "GID_2": "BGR.1.9_1", "GID_0": "BGR", "COUNTRY": "Bulgaria", "GID_1": "BGR.1_1", "NAME_1": "Blagoevgrad", "NL_NAME_1": "Благоевград", "NAME_2": "Razlog", "VARNAME_2": "NA", "NL_NAME_2": "Разлог", "TYPE_2": "Obshtina", "ENGTYPE_2": "Municipality", "CC_2": "NA", "HASC_2": "BG.BL.RA" }, "geometry": { "type": "MultiPolygon", "coordinates": [ [ [ [ 23.593597411000189, 41.859558106000065 ], [ 23.589319228000136, 41.856403351000097 ], [ 23.585092545000123, 41.85466384900019 ], [ 23.579631806000066, 41.852352143000076 ], [ 23.574899673000175, 41.850608826000155 ], [ 23.568916322000064, 41.848686219000172 ], [ 23.559167863000027, 41.846336364000138 ], [ 23.553915024000162, 41.844589234000182 ], [ 23.55116653500005, 41.843822479000096 ], [ 23.54815101600019, 41.843410491999975 ], [ 23.543886184000144, 41.842437744000165 ], [ 23.540870665999989, 41.841861724000125 ], [ 23.536586762000127, 41.841457368000022 ], [ 23.532516479000037, 41.842010499000082 ], [ 23.527936934000138, 41.842563628999983 ], [ 23.525394440000071, 41.842742920000035 ], [ 23.519821166999975, 41.843112945000144 ], [ 23.515449524000019, 41.844635009000172 ], [ 23.511074066000049, 41.846546174000082 ], [ 23.507476806000113, 41.847881316000098 ], [ 23.502859116000138, 41.849411011000086 ], [ 23.499275208000086, 41.850364685000102 ], [ 23.496717454000191, 41.851123811000036 ], [ 23.491836548000094, 41.852661133000083 ], [ 23.487754821000181, 41.853225709000071 ], [ 23.484466552000129, 41.853214264000087 ], [ 23.480407715000126, 41.853206636000152 ], [ 23.477865217999977, 41.853206636000152 ], [ 23.472068786000023, 41.852409363 ], [ 23.464536666000129, 41.849475861000144 ], [ 23.458234788000084, 41.848098754000148 ], [ 23.452974319000134, 41.846134187000189 ], [ 23.448213578000093, 41.843982696000069 ], [ 23.440448762000131, 41.840442658000086 ], [ 23.432428359000085, 41.836532592000083 ], [ 23.425958633, 41.83222580000006 ], [ 23.42398262, 41.83046341000005 ], [ 23.421213151000131, 41.828899384000181 ], [ 23.417503357000101, 41.82614898800017 ], [ 23.414552689000061, 41.822631836000085 ], [ 23.41334152200011, 41.820877076000045 ], [ 23.411878586000057, 41.818923950000112 ], [ 23.411434173000146, 41.81697845500014 ], [ 23.409221649000017, 41.814235687000064 ], [ 23.40877533000014, 41.812492370000143 ], [ 23.408594132000076, 41.810558320000155 ], [ 23.408674241000028, 41.80804061900011 ], [ 23.407482147000167, 41.805194856000128 ], [ 23.407537460000015, 41.803562164000027 ], [ 23.405336379000062, 41.800888062000126 ], [ 23.402116776000071, 41.797805787000073 ], [ 23.399108887000125, 41.79530334500015 ], [ 23.395032884000159, 41.79161071700014 ], [ 23.387275695000028, 41.787326814000153 ], [ 23.382610322000062, 41.790794373000097 ], [ 23.37741470300017, 41.792957305000186 ], [ 23.37324714600004, 41.793739319000053 ], [ 23.369594574000189, 41.795192720000159 ], [ 23.36586761500007, 41.795837402000188 ], [ 23.363260270000069, 41.796566009000173 ], [ 23.360919953000177, 41.797294616000158 ], [ 23.357780456000171, 41.798400880000031 ], [ 23.355188369000018, 41.800159455000141 ], [ 23.354169846000048, 41.80138015700004 ], [ 23.351322173000085, 41.804153442000086 ], [ 23.350299835000044, 41.806198119999976 ], [ 23.349000932000138, 41.808238984000127 ], [ 23.347700119000024, 41.810272217000033 ], [ 23.345619200999977, 41.811836242000027 ], [ 23.343797683000105, 41.813064575000112 ], [ 23.339096070000039, 41.815727234000065 ], [ 23.334661485000026, 41.818397522000055 ], [ 23.331024170000035, 41.819377900000177 ], [ 23.319025040000042, 41.824531555000192 ], [ 23.314325332000067, 41.827392579000104 ], [ 23.305988311000078, 41.830570220000027 ], [ 23.302066803000173, 41.833255768000186 ], [ 23.296031952000078, 41.837730408000027 ], [ 23.294181823000031, 41.840194703000122 ], [ 23.291025162000039, 41.842376708000074 ], [ 23.290212632000134, 41.844150544000115 ], [ 23.288331986000173, 41.846866608000141 ], [ 23.287738800999989, 41.849266053000179 ], [ 23.287401200000033, 41.85131836000005 ], [ 23.287626266000188, 41.853466035000054 ], [ 23.288564682000072, 41.856212617000097 ], [ 23.289733887000068, 41.85975647000015 ], [ 23.292432786000177, 41.863723756000127 ], [ 23.295616150000114, 41.868667603000176 ], [ 23.298334122000142, 41.872032165000178 ], [ 23.303049087999966, 41.876998901000093 ], [ 23.307031631000086, 41.881160736000083 ], [ 23.310192108000024, 41.886707306000176 ], [ 23.313621521000186, 41.891838074000191 ], [ 23.315853119000053, 41.894229887999984 ], [ 23.317489623000085, 41.898967743000071 ], [ 23.318105697000078, 41.903499603000057 ], [ 23.318244933000074, 41.907054901000038 ], [ 23.318862915000068, 41.911785125999984 ], [ 23.318738937000091, 41.915340425000068 ], [ 23.319656372000054, 41.918693542000142 ], [ 23.320549011000139, 41.922653198000035 ], [ 23.322233200000085, 41.925807953 ], [ 23.324722289000078, 41.928188324000075 ], [ 23.328752518000044, 41.930183410000097 ], [ 23.331033707000074, 41.931362153000066 ], [ 23.336334228000112, 41.933734894000168 ], [ 23.339620590000095, 41.935127259000183 ], [ 23.341867447000084, 41.936897278000174 ], [ 23.344846725000025, 41.939662934000182 ], [ 23.348598480000021, 41.942020417000151 ], [ 23.351331711000171, 41.944778442000143 ], [ 23.351951600000177, 41.948909760000049 ], [ 23.351831437000101, 41.952457429000049 ], [ 23.351497651000045, 41.954620361000082 ], [ 23.351144790000035, 41.957378387000063 ], [ 23.351078034000011, 41.95955276400008 ], [ 23.350681305000137, 41.963291169000058 ], [ 23.35157775800019, 41.967037202000142 ], [ 23.352994919000082, 41.970565795000141 ], [ 23.355663299000071, 41.974494934000063 ], [ 23.359153748000153, 41.977043151000146 ], [ 23.361114502000191, 41.979190827000025 ], [ 23.36486625800012, 41.981525421000129 ], [ 23.366350175000036, 41.982883455000035 ], [ 23.369075775000113, 41.985427857000047 ], [ 23.375675202000025, 41.993423461000077 ], [ 23.377103806000093, 41.996356964000086 ], [ 23.37899971000013, 42.000064850000115 ], [ 23.379953385000078, 42.002017974000069 ], [ 23.381660462000184, 42.004146576000153 ], [ 23.383619309000153, 42.006282806000115 ], [ 23.385837555000023, 42.008216857000036 ], [ 23.390300750000108, 42.011489868000012 ], [ 23.390481948000172, 42.011520387000132 ], [ 23.393331527000157, 42.012039185999981 ], [ 23.398591996000107, 42.014312745000097 ], [ 23.401855469, 42.015441895000095 ], [ 23.40458106900013, 42.017356873000097 ], [ 23.407260894000046, 42.020244597999977 ], [ 23.408977508000191, 42.02198028700019 ], [ 23.410432816000139, 42.023910522000108 ], [ 23.413347245000125, 42.026977539000086 ], [ 23.417310715000156, 42.029827116999968 ], [ 23.420532225999978, 42.031917572 ], [ 23.425483703000168, 42.034740447000104 ], [ 23.429914474000043, 42.038745880000135 ], [ 23.434129716000086, 42.041763306 ], [ 23.438072205000083, 42.045372010000165 ], [ 23.440744401000188, 42.048595429000159 ], [ 23.444112779000022, 42.054168700000048 ], [ 23.446020126000178, 42.057598114000143 ], [ 23.446687699000051, 42.060504914000148 ], [ 23.448526383000171, 42.061195374000079 ], [ 23.452957153000114, 42.065067291000048 ], [ 23.45800590500005, 42.069931031000124 ], [ 23.462457656000083, 42.072540284000127 ], [ 23.46496772800009, 42.075710297000114 ], [ 23.467611312000145, 42.077190399000187 ], [ 23.470766068000046, 42.073509216000161 ], [ 23.472324371000127, 42.071918487000119 ], [ 23.474391938000053, 42.070533752000188 ], [ 23.476976394000189, 42.068710327000019 ], [ 23.47903442300003, 42.067405701000098 ], [ 23.481607438000026, 42.065883637000127 ], [ 23.483551025000168, 42.064384461000031 ], [ 23.48779487600018, 42.061954498000148 ], [ 23.490962982000156, 42.058204652000029 ], [ 23.492828369, 42.055263519000164 ], [ 23.496017456000175, 42.050743102000126 ], [ 23.498857499000053, 42.048942565000118 ], [ 23.50377655, 42.045341492000148 ], [ 23.508756638000136, 42.040214539000033 ], [ 23.512975693000101, 42.034919738000099 ], [ 23.51593017600004, 42.03003692700014 ], [ 23.515085220000117, 42.025440216 ], [ 23.514144898000097, 42.023532867000029 ], [ 23.513734818000103, 42.020660400000111 ], [ 23.513057709000122, 42.018756866 ], [ 23.510812758999975, 42.018032074000075 ], [ 23.507526398000152, 42.017913819000171 ], [ 23.504495621000103, 42.017986297000107 ], [ 23.501974104999988, 42.018039704000159 ], [ 23.499963761000117, 42.017696381000121 ], [ 23.50004959, 42.015579224000192 ], [ 23.500112533000163, 42.013637543000186 ], [ 23.501495360000092, 42.010345459000121 ], [ 23.503349304000039, 42.007976533000033 ], [ 23.505449295000119, 42.005630493000069 ], [ 23.506088258000148, 42.001953125999989 ], [ 23.506717681999987, 41.998287202000085 ], [ 23.506593704000068, 41.995208740000123 ], [ 23.505695342000138, 41.992145539000035 ], [ 23.505792619000147, 41.989444732000152 ], [ 23.505933761000051, 41.985965729000156 ], [ 23.505876541000134, 41.98076629600007 ], [ 23.506063462000043, 41.976131439000028 ], [ 23.506526946000065, 41.970924377000131 ], [ 23.507919311000023, 41.967433931000187 ], [ 23.509101867000027, 41.96316909799998 ], [ 23.510196684999983, 41.960849762000123 ], [ 23.513313294000056, 41.958496094000054 ], [ 23.515726089000111, 41.955001831000061 ], [ 23.51666641300011, 41.950370789000033 ], [ 23.517297745000121, 41.947284699000136 ], [ 23.517961502000048, 41.943229676000101 ], [ 23.518604279000044, 41.939765930000192 ], [ 23.519237519, 41.936290741000164 ], [ 23.523288726000089, 41.929702758000133 ], [ 23.52647590600003, 41.925640107000163 ], [ 23.528114320000043, 41.922554016000163 ], [ 23.529489517000059, 41.919658662000074 ], [ 23.531681060000096, 41.91541290300006 ], [ 23.535171508000076, 41.910011292000149 ], [ 23.537309646000097, 41.906925201000149 ], [ 23.539480210000079, 41.903076172000112 ], [ 23.542369843000131, 41.900382996000189 ], [ 23.546045303000142, 41.896911621000129 ], [ 23.549730301000068, 41.893459320000034 ], [ 23.552852631000121, 41.89095688000009 ], [ 23.558492661000116, 41.888450622 ], [ 23.562620162000144, 41.886146547000067 ], [ 23.566480638000144, 41.884235382000099 ], [ 23.571416854000176, 41.880786896000075 ], [ 23.576869965000128, 41.877170563999982 ], [ 23.579217910000125, 41.875247956000067 ], [ 23.581453324000165, 41.872871400000065 ], [ 23.583692552000173, 41.870677949000083 ], [ 23.585275651000131, 41.86867523300009 ], [ 23.58921814100006, 41.864971162000131 ], [ 23.591768264999985, 41.861171722000165 ], [ 23.593597411000189, 41.859558106000065 ] ] ] ] } },
{ "type": "Feature", "properties": { "fid": 11, "GID_2": "BGR.1.10_1", "GID_0": "BGR", "COUNTRY": "Bulgaria", "GID_1": "BGR.1_1", "NAME_1": "Blagoevgrad", "NL_NAME_1": "Благоевград", "NAME_2": "Sandanski", "VARNAME_2": "Sveti Vrach", "NL_NAME_2": "Сандански", "TYPE_2": "Obshtina", "ENGTYPE_2": "Municipality", "CC_2": "NA", "HASC_2": "BG.BL.SN" }, "geometry": { "type": "MultiPolygon", "coordinates": [ [ [ [ 23.354440689000171, 41.738048554000159 ], [ 23.356920243000161, 41.738040924000018 ], [ 23.361471176, 41.7372894290001 ], [ 23.364475250000055, 41.736946106000062 ], [ 23.367525100000023, 41.736137390000124 ], [ 23.369905472000141, 41.734741212000074 ], [ 23.372085571000127, 41.733078004000106 ], [ 23.373498917000177, 41.731601715000068 ], [ 23.375280381000152, 41.72895431600017 ], [ 23.377052307000042, 41.726482392000094 ], [ 23.37853241, 41.724369049000074 ], [ 23.378870011000117, 41.719417572000111 ], [ 23.379093170000033, 41.717643738000106 ], [ 23.379394531, 41.715168 ], [ 23.379373550000139, 41.713394164000192 ], [ 23.379840852000086, 41.711624146000133 ], [ 23.381067277000056, 41.709663392000039 ], [ 23.382446289000086, 41.708602905000134 ], [ 23.384283065000034, 41.707710266000106 ], [ 23.386854171000152, 41.706821441000045 ], [ 23.389278412000067, 41.707176208000135 ], [ 23.3916492460001, 41.707878113000049 ], [ 23.39543914799998, 41.711067200000059 ], [ 23.400642394000101, 41.714763641000104 ], [ 23.407329560000051, 41.720565795000027 ], [ 23.415723801000127, 41.727771760000167 ], [ 23.418777466000108, 41.73008346600011 ], [ 23.422807693000095, 41.73382186900011 ], [ 23.426063538000051, 41.735076905000028 ], [ 23.428325654, 41.736129762000189 ], [ 23.43011283800007, 41.736797333000084 ], [ 23.432653427000048, 41.738468169000157 ], [ 23.435501098000032, 41.738819123000042 ], [ 23.438894272000141, 41.738983154000039 ], [ 23.441745758000025, 41.738128663000111 ], [ 23.445373535000044, 41.736949921000075 ], [ 23.450050354000041, 41.734851837000065 ], [ 23.455530166000131, 41.730064393000077 ], [ 23.458425522000027, 41.725120544 ], [ 23.460042953000027, 41.721881867000036 ], [ 23.461660386000176, 41.719238281000116 ], [ 23.463582993000159, 41.715881348000096 ], [ 23.465042114000028, 41.712364196000067 ], [ 23.466453553000179, 41.710060120000037 ], [ 23.46917533800007, 41.707252502000074 ], [ 23.471776963000138, 41.706020356000067 ], [ 23.478937148000057, 41.704254151000043 ], [ 23.482326507000096, 41.702674867000098 ], [ 23.487199783000051, 41.701263428000118 ], [ 23.488319398000044, 41.699863435000054 ], [ 23.491260528000055, 41.697410583000135 ], [ 23.493385315000069, 41.695999146000133 ], [ 23.498487472000079, 41.694957733000194 ], [ 23.502376556000172, 41.693374634000065 ], [ 23.506456375000141, 41.692710877000081 ], [ 23.508523942000068, 41.691844940000124 ], [ 23.509996414000057, 41.689010618999987 ], [ 23.510784148000027, 41.685722350000162 ], [ 23.51141929500011, 41.681690216000163 ], [ 23.51245498600008, 41.676929473000143 ], [ 23.51268577500008, 41.675003053000069 ], [ 23.514381409000066, 41.673194886000147 ], [ 23.515813828000148, 41.669818878000058 ], [ 23.520721436000144, 41.66428375300012 ], [ 23.523609161000081, 41.661201476000087 ], [ 23.527818679, 41.655578613000159 ], [ 23.531904220000115, 41.652603150000061 ], [ 23.536819458000025, 41.648925781000173 ], [ 23.540662766000025, 41.645942688 ], [ 23.547586440000032, 41.641918182000097 ], [ 23.552385330000106, 41.639141081999981 ], [ 23.556568146000131, 41.636146545000145 ], [ 23.560152054000184, 41.632457734000184 ], [ 23.563968658000135, 41.629482269999983 ], [ 23.567306519000169, 41.625583649000134 ], [ 23.574478150000175, 41.61905670100009 ], [ 23.578575135000165, 41.61553573599997 ], [ 23.586208344000113, 41.608707429000162 ], [ 23.590576172000056, 41.604984284000011 ], [ 23.596773147000022, 41.599540711000031 ], [ 23.60039329500006, 41.596363068000073 ], [ 23.602235793000091, 41.593162538000115 ], [ 23.603834153000037, 41.590332032000049 ], [ 23.605680465000034, 41.587856294000062 ], [ 23.606508256000041, 41.585556031000067 ], [ 23.607603072000188, 41.583072662000177 ], [ 23.608707429, 41.580787658000133 ], [ 23.608816147000141, 41.578304291000109 ], [ 23.609964371000103, 41.576206208000144 ], [ 23.61126136900009, 41.572280884000065 ], [ 23.612457275000111, 41.569236756000066 ], [ 23.612592696000036, 41.566177368000069 ], [ 23.616441727000108, 41.557540894000113 ], [ 23.616729737000128, 41.5549964920001 ], [ 23.618330002000107, 41.552478791000055 ], [ 23.619384767000099, 41.549774170000035 ], [ 23.62175369300013, 41.546340944000178 ], [ 23.624401092000085, 41.542381286000079 ], [ 23.625732422000112, 41.539291381000169 ], [ 23.627592087000039, 41.535488128000168 ], [ 23.628387451000151, 41.531478882000044 ], [ 23.631088258000034, 41.526226044000111 ], [ 23.634124755000187, 41.519203187000187 ], [ 23.63645362900013, 41.511619569000118 ], [ 23.639940262000096, 41.505634309000129 ], [ 23.642570496000076, 41.501155854000046 ], [ 23.647111893000044, 41.494792938000103 ], [ 23.651237487000174, 41.48671341000005 ], [ 23.654870987000095, 41.478477479000105 ], [ 23.657205582000074, 41.47153091500013 ], [ 23.657741547000114, 41.464118957999972 ], [ 23.657644272000141, 41.455978394000056 ], [ 23.658029555000098, 41.449878693000073 ], [ 23.657287598000096, 41.444641113000159 ], [ 23.657058715000062, 41.4381256100001 ], [ 23.65610313500008, 41.433322908000093 ], [ 23.655281067000089, 41.429622650000169 ], [ 23.653127670000174, 41.425758361000135 ], [ 23.651952743000038, 41.422687532000111 ], [ 23.652542113000095, 41.420703889000038 ], [ 23.652908325000055, 41.418205262000185 ], [ 23.65385055500019, 41.415035248000095 ], [ 23.655437469000049, 41.412517548000153 ], [ 23.656528473000094, 41.40982055700016 ], [ 23.656597138000166, 41.406692505000194 ], [ 23.65311622500019, 41.402194977000192 ], [ 23.649154662000058, 41.398231506000059 ], [ 23.647550582, 41.397941590000073 ], [ 23.646453858000086, 41.397743225999989 ], [ 23.641920090000099, 41.396453858000086 ], [ 23.637496948000035, 41.393615722000106 ], [ 23.635778427000048, 41.386466980000137 ], [ 23.635681153000178, 41.384395600000175 ], [ 23.634607315000153, 41.383064270000148 ], [ 23.634279252000113, 41.382171631000062 ], [ 23.633916855000052, 41.381191255000147 ], [ 23.633117675000165, 41.380508423000151 ], [ 23.626985550000029, 41.376953126000046 ], [ 23.625190734000057, 41.376293183000087 ], [ 23.624055863000024, 41.375873566000053 ], [ 23.622879028000114, 41.375816346000136 ], [ 23.618223190000151, 41.377407075000065 ], [ 23.615560532000131, 41.377689361000137 ], [ 23.614694595000117, 41.377590179000094 ], [ 23.611837388000083, 41.376350403000174 ], [ 23.611112594000133, 41.376026153000169 ], [ 23.609283446000177, 41.376838684000177 ], [ 23.607301713000027, 41.377033233000191 ], [ 23.606058120000114, 41.376663208000025 ], [ 23.605857848000028, 41.376811982000106 ], [ 23.605636597000114, 41.376972200000012 ], [ 23.605409622000082, 41.377132415000062 ], [ 23.605175018000011, 41.377285004000157 ], [ 23.604934692000029, 41.377422333000084 ], [ 23.604690551000033, 41.377517700000055 ], [ 23.604421616000025, 41.377563477000194 ], [ 23.604120254000179, 41.377490997000052 ], [ 23.603826523000123, 41.377407075000065 ], [ 23.603549957000155, 41.377315521000128 ], [ 23.603284835000068, 41.377216339000086 ], [ 23.603042603000063, 41.377079010000159 ], [ 23.602817536000032, 41.376937866000048 ], [ 23.602567674000113, 41.376819610000041 ], [ 23.602294921, 41.376716613000099 ], [ 23.602014541000131, 41.376636506000125 ], [ 23.601730347000057, 41.376564025999983 ], [ 23.601442336000105, 41.376506805000133 ], [ 23.601146697000047, 41.376480102000187 ], [ 23.600845338000113, 41.376480102000187 ], [ 23.600536346000126, 41.376449585000046 ], [ 23.600502014000085, 41.376464844000168 ], [ 23.596813202000078, 41.377929687000119 ], [ 23.593732835000026, 41.380142213000056 ], [ 23.592195510000067, 41.379577637000068 ], [ 23.592094421000184, 41.37964630200014 ], [ 23.591869355000028, 41.379787444000101 ], [ 23.591644287000065, 41.379940034000072 ], [ 23.591419219000102, 41.380084991000103 ], [ 23.591192246000048, 41.380237580000028 ], [ 23.590965270000083, 41.380378724000138 ], [ 23.590505601000132, 41.380668640000181 ], [ 23.590276718000155, 41.380809784000121 ], [ 23.5900478370001, 41.380962372000113 ], [ 23.589822769000136, 41.381107331000123 ], [ 23.589599609000174, 41.381259918000069 ], [ 23.589380264000056, 41.381412506000061 ], [ 23.589162826000177, 41.381561280000142 ], [ 23.58894920299997, 41.381725312000185 ], [ 23.588737488000163, 41.3818779 ], [ 23.588525773000129, 41.382038117000036 ], [ 23.58831596400006, 41.382198335000169 ], [ 23.58810424800015, 41.382362365000063 ], [ 23.587892531000136, 41.382514954000158 ], [ 23.587680816000102, 41.38267517200012 ], [ 23.587471009000069, 41.382835389000093 ], [ 23.587261199000125, 41.382995605000076 ], [ 23.587051392000092, 41.383159637000119 ], [ 23.586839677000057, 41.383319855000082 ], [ 23.586624146000077, 41.383472442000141 ], [ 23.586402894000059, 41.383625031000065 ], [ 23.586179733000165, 41.383769988000097 ], [ 23.585952758000133, 41.383918763000054 ], [ 23.585723877000135, 41.384063722000064 ], [ 23.585491181000066, 41.384208679000039 ], [ 23.585258483000132, 41.384349823000036 ], [ 23.58502197200005, 41.384483337000063 ], [ 23.584785461000081, 41.384628296000074 ], [ 23.584548950000169, 41.3847618100001 ], [ 23.584308623000084, 41.384895326000105 ], [ 23.584066392000182, 41.385028840000132 ], [ 23.583824158000027, 41.385154722999971 ], [ 23.58357810900003, 41.38528060900012 ], [ 23.583330155000112, 41.385414123000146 ], [ 23.583080291000044, 41.385540009000067 ], [ 23.582830429000182, 41.385658264000028 ], [ 23.582580567000093, 41.385780335000049 ], [ 23.582328796000127, 41.385906221000027 ], [ 23.582075119000024, 41.386024476000102 ], [ 23.58181953400009, 41.386138917000096 ], [ 23.581045150000136, 41.386486053 ], [ 23.580789566000135, 41.386596681000128 ], [ 23.580535889000032, 41.386718749000067 ], [ 23.580289839999978, 41.386856079999973 ], [ 23.580043793000186, 41.386997222000105 ], [ 23.579795837000063, 41.387123108000083 ], [ 23.57953834500006, 41.387229920000038 ], [ 23.579265594000162, 41.387275695000142 ], [ 23.578966140000091, 41.387245179000104 ], [ 23.578660966000029, 41.387199402000135 ], [ 23.578361512000129, 41.387172700000065 ], [ 23.578058242999987, 41.387153627000032 ], [ 23.577756881000141, 41.38713455300001 ], [ 23.577463150000085, 41.387130738000167 ], [ 23.577198028000169, 41.387210847000119 ], [ 23.576936723000131, 41.387336731000062 ], [ 23.576658250000094, 41.387416839000139 ], [ 23.576377869000055, 41.387496948000091 ], [ 23.576091766000104, 41.387557983000079 ], [ 23.575801850000119, 41.387611389000028 ], [ 23.575504303000059, 41.387645722000116 ], [ 23.575202942000089, 41.387664796000138 ], [ 23.574905395000087, 41.387653350000051 ], [ 23.574810028000115, 41.387641907000102 ], [ 23.572519303000036, 41.388927460000161 ], [ 23.57096862800006, 41.389797211000086 ], [ 23.56890869200015, 41.389709474000028 ], [ 23.566476822000027, 41.390220643000134 ], [ 23.559360504000097, 41.389236450000112 ], [ 23.553688049000129, 41.388771058000145 ], [ 23.551603318000048, 41.38844680800014 ], [ 23.549402237000095, 41.387588502000028 ], [ 23.544395448000159, 41.386947632000101 ], [ 23.544025421000185, 41.386901855000133 ], [ 23.543302537000045, 41.386642456000061 ], [ 23.542110443000183, 41.386219025000116 ], [ 23.540052414000172, 41.386428833000082 ], [ 23.53927612300015, 41.387294769000164 ], [ 23.537889480999979, 41.387962342000037 ], [ 23.536237716000187, 41.389400482000042 ], [ 23.53546142700003, 41.390762329000154 ], [ 23.533357621, 41.392723083000021 ], [ 23.530908584000144, 41.393760681000117 ], [ 23.528463364000174, 41.394283296000083 ], [ 23.52687072700013, 41.396526336000022 ], [ 23.526382446000127, 41.398006440000131 ], [ 23.527763366000158, 41.400371551000148 ], [ 23.527740478000055, 41.400447845000031 ], [ 23.527412415000185, 41.401466370000037 ], [ 23.527166366000131, 41.402229309000177 ], [ 23.524530410000182, 41.402931214000091 ], [ 23.51911163300008, 41.405117036000092 ], [ 23.517616273000158, 41.405277253000122 ], [ 23.509414674000027, 41.40437316900011 ], [ 23.503982544, 41.401950835000093 ], [ 23.49913787700018, 41.400863647000165 ], [ 23.494827270000144, 41.40066528300008 ], [ 23.493816375000051, 41.400878907 ], [ 23.491378784000062, 41.401393891000168 ], [ 23.490648269000133, 41.401889802000085 ], [ 23.482217789000174, 41.400184632000048 ], [ 23.479642869000088, 41.399326325000175 ], [ 23.478120805000117, 41.399311066000053 ], [ 23.477790832000039, 41.399185181 ], [ 23.475603104000072, 41.398334503000171 ], [ 23.474420547000022, 41.398212433000026 ], [ 23.471139908000055, 41.398654938000107 ], [ 23.46915817200005, 41.399566651000157 ], [ 23.462833404000037, 41.401050568000073 ], [ 23.460491181000179, 41.401287079000042 ], [ 23.460229874000106, 41.401313783000091 ], [ 23.460117341000114, 41.401325226000097 ], [ 23.457120896000106, 41.401626587000067 ], [ 23.453693390000183, 41.403369904000158 ], [ 23.451669693000156, 41.403427124000075 ], [ 23.448144913000192, 41.402698518000193 ], [ 23.445749283000055, 41.403133393000019 ], [ 23.438930511000024, 41.40437316900011 ], [ 23.43313407900007, 41.405048370000145 ], [ 23.432176590000154, 41.405349732 ], [ 23.429704666000077, 41.406127931000185 ], [ 23.428787231000115, 41.406082154000046 ], [ 23.42630386400009, 41.405254365000189 ], [ 23.424404144999983, 41.404411316000164 ], [ 23.42088508500018, 41.402851105000138 ], [ 23.420028687000183, 41.402217865000125 ], [ 23.417682648000152, 41.401802063 ], [ 23.412019730000168, 41.398822784000174 ], [ 23.411912918000041, 41.398788452000133 ], [ 23.409248352000191, 41.397964478000176 ], [ 23.407819748000122, 41.398258210000165 ], [ 23.40663910000012, 41.398864746000072 ], [ 23.404697419000172, 41.399868012000127 ], [ 23.402509689000169, 41.400981903000172 ], [ 23.39913368100008, 41.401145935000102 ], [ 23.397121429000038, 41.40066528300008 ], [ 23.394138337000129, 41.400783538000042 ], [ 23.394044875000191, 41.400791168000126 ], [ 23.394021989000066, 41.400951386000088 ], [ 23.392917632000092, 41.406597138 ], [ 23.392303466000101, 41.409381866000047 ], [ 23.391244889000177, 41.412731170000029 ], [ 23.390188217000116, 41.417049408000082 ], [ 23.389415741000164, 41.421176911000089 ], [ 23.38940811100008, 41.425350189000085 ], [ 23.389259338000102, 41.427825928 ], [ 23.389337540000156, 41.430686952000144 ], [ 23.388868332000072, 41.433902740000121 ], [ 23.387712478000026, 41.435779573000048 ], [ 23.38477516100005, 41.437023164000038 ], [ 23.38162040800006, 41.437705993000122 ], [ 23.378702164, 41.438575744000048 ], [ 23.375246049000168, 41.439807892000033 ], [ 23.372852325000167, 41.440692901000148 ], [ 23.371086122000122, 41.443878175000123 ], [ 23.370622635000075, 41.446910859000013 ], [ 23.370483399000079, 41.448986054000045 ], [ 23.370498657000098, 41.452610016000051 ], [ 23.371002198000099, 41.456413270000155 ], [ 23.371656418000043, 41.461971283000025 ], [ 23.370998383000028, 41.467491149000011 ], [ 23.370082855000135, 41.469585419000111 ], [ 23.367511749000073, 41.473159790000182 ], [ 23.365842818999965, 41.474845886000082 ], [ 23.363683700000138, 41.476333618000069 ], [ 23.361248016000047, 41.477993011000137 ], [ 23.358579636000059, 41.479473115000019 ], [ 23.354961396000192, 41.479560852000134 ], [ 23.351623535000158, 41.479278564000026 ], [ 23.345634461000031, 41.476596833000087 ], [ 23.341619491000188, 41.47474288899997 ], [ 23.333805085000051, 41.471786500000064 ], [ 23.329738617000032, 41.470680236000192 ], [ 23.324106216000189, 41.469528199000194 ], [ 23.31922721899997, 41.468784331999984 ], [ 23.314056397000058, 41.468585968000127 ], [ 23.308818817000144, 41.469154359000186 ], [ 23.304124832000184, 41.469352723000043 ], [ 23.299383164000062, 41.470325469000045 ], [ 23.293775559000153, 41.472778321000135 ], [ 23.286779404000129, 41.476142884000126 ], [ 23.280658722000112, 41.478183747000116 ], [ 23.274431228000026, 41.48156356800007 ], [ 23.272487641000055, 41.483402252000133 ], [ 23.26897239699997, 41.485164642000143 ], [ 23.265949250000062, 41.487522125000055 ], [ 23.263179778000051, 41.489711762000127 ], [ 23.257947923000131, 41.49369812000009 ], [ 23.255954741999972, 41.496105195000041 ], [ 23.250488281000059, 41.499515534000068 ], [ 23.246635437000123, 41.502216339000142 ], [ 23.242202760000112, 41.505855561000146 ], [ 23.239387513000111, 41.508605958000089 ], [ 23.234956741000133, 41.512054444000114 ], [ 23.229278564000083, 41.51573944200004 ], [ 23.225236892000169, 41.518379211000195 ], [ 23.222606659000064, 41.520252229000107 ], [ 23.219015121000098, 41.522735595000086 ], [ 23.211608886000022, 41.527721406000012 ], [ 23.208997726000177, 41.529266358000143 ], [ 23.204740523999988, 41.531387330000143 ], [ 23.201398850000089, 41.533676148000154 ], [ 23.205907822000142, 41.532085418000179 ], [ 23.197084426000174, 41.536361694000107 ], [ 23.191759108999975, 41.536415100999989 ], [ 23.188747405000015, 41.537551880000194 ], [ 23.184099197000023, 41.538623810000047 ], [ 23.176742553000111, 41.539173126000037 ], [ 23.170787811000139, 41.541461945000151 ], [ 23.165052415000048, 41.544208526000091 ], [ 23.159746171000165, 41.546012878 ], [ 23.152622222, 41.546630860000164 ], [ 23.146669388000078, 41.54676818900009 ], [ 23.139661790000048, 41.546363830000075 ], [ 23.136409760000106, 41.546249390000071 ], [ 23.137750625000081, 41.547550201000092 ], [ 23.140422821000016, 41.549160003000111 ], [ 23.14323043700017, 41.550464630000135 ], [ 23.14831733800014, 41.551830291000044 ], [ 23.154399873000102, 41.554580690000137 ], [ 23.15897941500009, 41.556671143000187 ], [ 23.161909103000028, 41.556961059 ], [ 23.167045593000125, 41.55796814100006 ], [ 23.16865539600019, 41.558235169000113 ], [ 23.168928146000042, 41.560874940000133 ], [ 23.173936844000025, 41.56127929600018 ], [ 23.174358368000071, 41.562000275000059 ], [ 23.178363801000103, 41.563503265000065 ], [ 23.18249130200013, 41.565067291000162 ], [ 23.18593216000005, 41.566989899000077 ], [ 23.190593719000049, 41.570842744000117 ], [ 23.192676544000165, 41.573463440000012 ], [ 23.195383070999981, 41.577495576000047 ], [ 23.196559906000118, 41.580261231000179 ], [ 23.197391510000159, 41.582050324000136 ], [ 23.19813347000013, 41.583103181000126 ], [ 23.199371338000049, 41.584644318000187 ], [ 23.200147629000071, 41.587642669000047 ], [ 23.202198028000169, 41.591682434000063 ], [ 23.203525543000126, 41.594211579000159 ], [ 23.207241059000069, 41.599048614000083 ], [ 23.210483551000095, 41.603454590000126 ], [ 23.214738846000046, 41.606864930000029 ], [ 23.2190818790001, 41.60978698700012 ], [ 23.223056793000183, 41.61226654100011 ], [ 23.22432708700012, 41.615608215 ], [ 23.226600646000065, 41.620002748000104 ], [ 23.227903365000088, 41.625621796000132 ], [ 23.231050492000179, 41.631561280000085 ], [ 23.233802796000134, 41.635822297000118 ], [ 23.237825395000186, 41.641468049000082 ], [ 23.240514756000039, 41.647705079000104 ], [ 23.241235732000177, 41.649772645000098 ], [ 23.243104935000019, 41.653331757000046 ], [ 23.248029708000104, 41.658969879000097 ], [ 23.25182914800007, 41.662700654000105 ], [ 23.255723952999972, 41.664981843000135 ], [ 23.260118484000088, 41.667816163000168 ], [ 23.264303208000115, 41.670463562000123 ], [ 23.268970489000026, 41.672561646000133 ], [ 23.272924422000017, 41.674781800000176 ], [ 23.276966094000159, 41.677574158000084 ], [ 23.281368255000132, 41.680946351000159 ], [ 23.28474426300005, 41.683761596000124 ], [ 23.288427353000145, 41.686580658000139 ], [ 23.290977478, 41.688285828000176 ], [ 23.292682648000039, 41.689414978000173 ], [ 23.296575545, 41.690952300000163 ], [ 23.298812865000059, 41.691909790000182 ], [ 23.305112838000014, 41.693298340000126 ], [ 23.311513900000136, 41.695766448000086 ], [ 23.315214156000025, 41.697311401000093 ], [ 23.319822312000099, 41.699382783000033 ], [ 23.323133470000187, 41.701824189000092 ], [ 23.325971603000085, 41.703678131000174 ], [ 23.332788467000114, 41.710296631000119 ], [ 23.335611343999972, 41.714107513000158 ], [ 23.337879181000119, 41.718246459000113 ], [ 23.339414596999973, 41.722179413000106 ], [ 23.34102630600006, 41.72538375900001 ], [ 23.345180511000137, 41.73016357500012 ], [ 23.348552703000053, 41.733146667000028 ], [ 23.350578308000081, 41.734897614000033 ], [ 23.354440689000171, 41.738048554000159 ] ] ] ] } },
{ "type": "Feature", "properties": { "fid": 12, "GID_2": "BGR.1.11_1", "GID_0": "BGR", "COUNTRY": "Bulgaria", "GID_1": "BGR.1_1", "NAME_1": "Blagoevgrad", "NL_NAME_1": "Благоевград", "NAME_2": "Satovcha", "VARNAME_2": "Satovitsa| Svatovitsa", "NL_NAME_2": "Сатовча", "TYPE_2": "Obshtina", "ENGTYPE_2": "Municipality", "CC_2": "NA", "HASC_2": "BG.BL.SV" }, "geometry": { "type": "MultiPolygon", "coordinates": [ [ [ [ 23.919111252000107, 41.568912506000061 ], [ 23.918203354000127, 41.570373535000101 ], [ 23.914737702000082, 41.572956086000147 ], [ 23.913755416000186, 41.575149536000083 ], [ 23.913442611000107, 41.577941895000151 ], [ 23.915237428000012, 41.579311371000131 ], [ 23.917753220000179, 41.580558777000135 ], [ 23.919973372000186, 41.582195282000043 ], [ 23.921144485000184, 41.584312438000097 ], [ 23.920652389000168, 41.586200714000029 ], [ 23.921342849000098, 41.588317871000129 ], [ 23.923265457000184, 41.590290070000151 ], [ 23.925245284000141, 41.592021942000088 ], [ 23.92652511700004, 41.593631745000152 ], [ 23.92638778800017, 41.595008850000113 ], [ 23.924697876000153, 41.597534180000025 ], [ 23.921644211000171, 41.598793029000149 ], [ 23.916957856000124, 41.599071502000186 ], [ 23.912290572000131, 41.599418641000057 ], [ 23.90641021700003, 41.599800110999979 ], [ 23.90146255500008, 41.600765229000103 ], [ 23.898151397000049, 41.602184296000189 ], [ 23.894998550000025, 41.604496002000133 ], [ 23.893772125000055, 41.60712051400003 ], [ 23.894529342000112, 41.609912873000042 ], [ 23.895620346000157, 41.61258697500017 ], [ 23.899295806000168, 41.617832184000122 ], [ 23.902622222000048, 41.62026596000004 ], [ 23.906404496000164, 41.624114991000113 ], [ 23.909418105000043, 41.627193450000163 ], [ 23.912670135000155, 41.631042480000133 ], [ 23.915887833000113, 41.634685516000104 ], [ 23.918090821000135, 41.638324737000062 ], [ 23.919778823000172, 41.64175415 ], [ 23.919973372000186, 41.644214630000192 ], [ 23.921340942000029, 41.647109986000146 ], [ 23.921535493000022, 41.649200439000026 ], [ 23.922214507000092, 41.651863098000149 ], [ 23.922628402000157, 41.654697419000058 ], [ 23.922523499000079, 41.657913209000071 ], [ 23.921892167000067, 41.662242890000073 ], [ 23.920738220000089, 41.667133331000173 ], [ 23.919359206000024, 41.671070099000133 ], [ 23.918937684000127, 41.675399781000067 ], [ 23.918243409000127, 41.679725647000055 ], [ 23.917879104000122, 41.682365418000074 ], [ 23.917728424000074, 41.68593979000002 ], [ 23.916801453000062, 41.689884185000153 ], [ 23.916418076000184, 41.693073272000163 ], [ 23.916830063000077, 41.695343018000187 ], [ 23.918199539000057, 41.697063446000072 ], [ 23.920572280000044, 41.698230744000057 ], [ 23.924310683000158, 41.701114654000094 ], [ 23.929782867000142, 41.703285218000076 ], [ 23.935544967000112, 41.704715730000146 ], [ 23.938873291000164, 41.706077576000041 ], [ 23.941696168000078, 41.708000184000127 ], [ 23.944496154000092, 41.710300447000122 ], [ 23.946352006000154, 41.71203994800004 ], [ 23.950635909000141, 41.714176178000059 ], [ 23.954454423000072, 41.716117859000065 ], [ 23.957050324000193, 41.718048095000086 ], [ 23.961122513000078, 41.720375061000027 ], [ 23.966455460000134, 41.722339631000068 ], [ 23.972145080000189, 41.722629547000054 ], [ 23.976871491000168, 41.722892762000072 ], [ 23.980356217, 41.723148346000073 ], [ 23.983354569000142, 41.723213197 ], [ 23.98661232000012, 41.723461151000095 ], [ 23.991666794000025, 41.724403382 ], [ 23.994745254000179, 41.72276306100008 ], [ 23.996728897000082, 41.721481323000091 ], [ 24.002670288000047, 41.717632293000122 ], [ 24.007150650000028, 41.713977813999975 ], [ 24.013856889000067, 41.709396362000177 ], [ 24.017080307000128, 41.707386018000079 ], [ 24.022808076000047, 41.703002930000025 ], [ 24.027013778000025, 41.700984955000081 ], [ 24.032001495000145, 41.697322846000077 ], [ 24.036100387000033, 41.695003510000163 ], [ 24.038835525000025, 41.693172454000035 ], [ 24.041559220000067, 41.690982819000112 ], [ 24.045049668, 41.688434602000029 ], [ 24.048042298000155, 41.68606185900012 ], [ 24.051538467000171, 41.682968141000117 ], [ 24.054277420000062, 41.68059921300005 ], [ 24.057754516000159, 41.678047180000192 ], [ 24.060792923000122, 41.675277711000092 ], [ 24.062543868000091, 41.673717500000066 ], [ 24.064483642000027, 41.672157287000175 ], [ 24.067945481000038, 41.67017364600008 ], [ 24.069679260000044, 41.669204711000134 ], [ 24.071599960000128, 41.668205262000129 ], [ 24.073137284000154, 41.667217255000025 ], [ 24.075616836000165, 41.666511535000041 ], [ 24.078290939000169, 41.665260316000172 ], [ 24.080379486000027, 41.664981843000135 ], [ 24.082656860000156, 41.664699555000027 ], [ 24.086059570000145, 41.663719177000132 ], [ 24.089687347000051, 41.662025452000023 ], [ 24.092533111000137, 41.661193848000153 ], [ 24.094251634000102, 41.660346986000093 ], [ 24.096452712000143, 41.659290314000032 ], [ 24.100669862000018, 41.656482697000172 ], [ 24.10294914200017, 41.655628204999971 ], [ 24.10601425200008, 41.653667450000057 ], [ 24.107553482000071, 41.652530670000147 ], [ 24.109136581000087, 41.649711610000111 ], [ 24.109615326000153, 41.646331787000122 ], [ 24.109683990000178, 41.644065858000147 ], [ 24.109766006000029, 41.641254426000046 ], [ 24.109779359000129, 41.640682220000144 ], [ 24.109483720000128, 41.638149261000081 ], [ 24.108808517999989, 41.635894775000054 ], [ 24.108104706000063, 41.633636474000184 ], [ 24.106288910000103, 41.63137817400019 ], [ 24.103332519000162, 41.629390718000082 ], [ 24.101123811000036, 41.627418518000127 ], [ 24.098892211000134, 41.626014710000163 ], [ 24.095178605000172, 41.623771667000085 ], [ 24.092138290000037, 41.621334076000153 ], [ 24.089937209000084, 41.619377136000026 ], [ 24.086280823000095, 41.616016389000038 ], [ 24.08262634200014, 41.613498688 ], [ 24.079771043000051, 41.610412598000096 ], [ 24.079282760000069, 41.60536193900009 ], [ 24.079784393000068, 41.602554321000127 ], [ 24.08063316300013, 41.600311280000085 ], [ 24.081855773000086, 41.598342896000133 ], [ 24.083492279000097, 41.595256806000066 ], [ 24.085947036999983, 41.590770721000013 ], [ 24.087238312000181, 41.587123872000177 ], [ 24.087352753000118, 41.584598541000048 ], [ 24.086063385000045, 41.580673218000072 ], [ 24.083608628000036, 41.57729721200019 ], [ 24.080438614000116, 41.573360443000126 ], [ 24.078678131000061, 41.571121215000119 ], [ 24.075918197000135, 41.566062928 ], [ 24.07389640800011, 41.560737611000036 ], [ 24.072851181000033, 41.558761596000068 ], [ 24.071809769000026, 41.55708313000008 ], [ 24.070396423000147, 41.554569244000106 ], [ 24.069379806000143, 41.552413941 ], [ 24.068059921000099, 41.549579621000191 ], [ 24.067483902000106, 41.547336578000113 ], [ 24.067298888000096, 41.544868469999983 ], [ 24.06719398600012, 41.541721345000099 ], [ 24.067569733000028, 41.538822174000131 ], [ 24.067855835000046, 41.536083221000069 ], [ 24.068889618000071, 41.532154084000126 ], [ 24.069536208000102, 41.530754089000027 ], [ 24.070510864000084, 41.529167176000101 ], [ 24.07213783300017, 41.53047943100006 ], [ 24.072120667000149, 41.530361175000053 ], [ 24.071815490000063, 41.528133393000076 ], [ 24.071603775000028, 41.526592256000015 ], [ 24.070598603000178, 41.524787904000164 ], [ 24.066650390000063, 41.522502899000187 ], [ 24.064809799000102, 41.522022247 ], [ 24.062084199000026, 41.521316529000046 ], [ 24.060600282000053, 41.520931243000177 ], [ 24.058074951000094, 41.518165589000148 ], [ 24.05679512100005, 41.516765595000095 ], [ 24.056051254000067, 41.515327453000111 ], [ 24.056192398, 41.51361847000004 ], [ 24.057016372000191, 41.511795045000042 ], [ 24.057313918000091, 41.509887696000078 ], [ 24.056961059000116, 41.508640290000073 ], [ 24.055982590000099, 41.50709915200008 ], [ 24.055978775000028, 41.506267548000039 ], [ 24.058341981000183, 41.50431823700012 ], [ 24.058488846000159, 41.502948761000141 ], [ 24.059934616000021, 41.500007630000084 ], [ 24.060974122000061, 41.498199463000105 ], [ 24.062578202000111, 41.49663925200008 ], [ 24.061580657999968, 41.494518280000079 ], [ 24.060375214000089, 41.492904662000171 ], [ 24.059261322000111, 41.488132476000033 ], [ 24.059391023000103, 41.486099243000126 ], [ 24.056621551000092, 41.484283448000042 ], [ 24.05651283300017, 41.482181550000064 ], [ 24.057394027000043, 41.481449128 ], [ 24.060453415000097, 41.480541230000028 ], [ 24.06383323600005, 41.478897096000082 ], [ 24.063920975000087, 41.477203369000165 ], [ 24.065191269000024, 41.475177764000193 ], [ 24.06467819300002, 41.47281646800019 ], [ 24.065744400000085, 41.471645356000124 ], [ 24.065843583000174, 41.470359803000065 ], [ 24.065946580000116, 41.470077515000185 ], [ 24.066902160000097, 41.467517853000118 ], [ 24.067077638000058, 41.467094423000049 ], [ 24.066741942000192, 41.465145111000083 ], [ 24.065397262000147, 41.462181092000037 ], [ 24.06455040000003, 41.461994171000129 ], [ 24.062950134000175, 41.462356568000189 ], [ 24.061216354000067, 41.462299348000101 ], [ 24.059303284, 41.461578369 ], [ 24.05613517800009, 41.460948945000155 ], [ 24.053354263000131, 41.459228517000099 ], [ 24.049049378000177, 41.458263397000167 ], [ 24.04495429900004, 41.454891206000127 ], [ 24.043926238000154, 41.453651428000057 ], [ 24.042724609000118, 41.452201843000125 ], [ 24.03984642000006, 41.450122833000023 ], [ 24.038351059000092, 41.449863433000075 ], [ 24.036773681000113, 41.449859620000041 ], [ 24.034042358000193, 41.449848175000056 ], [ 24.030899048000151, 41.449176788000045 ], [ 24.030454637000048, 41.450355531000127 ], [ 24.030052185000159, 41.451412201000153 ], [ 24.029308318000176, 41.452304840000181 ], [ 24.030021667000142, 41.453693390000183 ], [ 24.028957366999975, 41.454296113 ], [ 24.028896331000112, 41.454292298000155 ], [ 24.023382188000085, 41.45403289799998 ], [ 24.022748948000128, 41.45360946600016 ], [ 24.022384644000169, 41.453365327000085 ], [ 24.021785736000027, 41.452968598000041 ], [ 24.020368577000056, 41.452613832000168 ], [ 24.01863288800007, 41.45268249500009 ], [ 24.016895294, 41.453365327000085 ], [ 24.016252519000034, 41.454029083000137 ], [ 24.01618385300003, 41.454200744000048 ], [ 24.015617371000076, 41.455631256000117 ], [ 24.014219284000092, 41.457115173000034 ], [ 24.014379501000121, 41.457698822000111 ], [ 24.01510048, 41.460319520000041 ], [ 24.015140534000125, 41.462196351000159 ], [ 24.014673232000177, 41.462829590000069 ], [ 24.016019821000157, 41.46372223000003 ], [ 24.016147614000147, 41.465465546000019 ], [ 24.016302109000037, 41.467590331000054 ], [ 24.018045425000082, 41.470413208000139 ], [ 23.971214294000106, 41.48630523800017 ], [ 23.955156326000179, 41.496692657000153 ], [ 23.95151710500005, 41.509460450000063 ], [ 23.958278657000108, 41.524780273000147 ], [ 23.954908372000091, 41.541110993000075 ], [ 23.945724487, 41.556732178000175 ], [ 23.919111252000107, 41.568912506000061 ] ] ] ] } },
{ "type": "Feature", "properties": { "fid": 13, "GID_2": "BGR.1.12_1", "GID_0": "BGR", "COUNTRY": "Bulgaria", "GID_1": "BGR.1_1", "NAME_1": "Blagoevgrad", "NL_NAME_1": "Благоевград", "NAME_2": "Simitli", "VARNAME_2": "NA", "NL_NAME_2": "Симитли", "TYPE_2": "Obshtina", "ENGTYPE_2": "Municipality", "CC_2": "NA", "HASC_2": "BG.BL.SM" }, "geometry": { "type": "MultiPolygon", "coordinates": [ [ [ [ 22.912206649000041, 41.834495544000106 ], [ 22.919242859000065, 41.834743500000172 ], [ 22.932636260999971, 41.834854126000096 ], [ 22.938173293000034, 41.834640503000116 ], [ 22.942892074000099, 41.83654403700001 ], [ 22.945232392000094, 41.841266631000167 ], [ 22.946155548000092, 41.845279694000112 ], [ 22.950994492000063, 41.850002288000042 ], [ 22.959627151000177, 41.853313446000129 ], [ 22.964906693000046, 41.855579377000083 ], [ 22.969568252000158, 41.857215881000172 ], [ 22.973712921000185, 41.859146119000172 ], [ 22.976917266000157, 41.859916688000055 ], [ 22.981008530000111, 41.861095428000056 ], [ 22.98650169300015, 41.861988067000141 ], [ 22.991802216000053, 41.863891602000137 ], [ 22.99836158800008, 41.867919923000102 ], [ 23.001771926000174, 41.871738434000122 ], [ 23.004419327000107, 41.876342775000182 ], [ 23.007312775000059, 41.880901336000136 ], [ 23.009431840000161, 41.885063171000127 ], [ 23.011037827000052, 41.888679505000027 ], [ 23.012088775000166, 41.890911103000121 ], [ 23.013160705000018, 41.893142700000112 ], [ 23.014219284000148, 41.895374299000082 ], [ 23.015504837000037, 41.896930695000094 ], [ 23.01731300400013, 41.898696900000118 ], [ 23.018640519000087, 41.901950837000129 ], [ 23.019456862000084, 41.904697419 ], [ 23.020261765000157, 41.907634736000148 ], [ 23.020328521000181, 41.909530640000185 ], [ 23.019369126000072, 41.91106414900014 ], [ 23.018173216999969, 41.91292953400017 ], [ 23.015989304000016, 41.915283202000069 ], [ 23.015274049000084, 41.916469575000065 ], [ 23.014837266000086, 41.918373107000036 ], [ 23.015621185000043, 41.919994355000028 ], [ 23.017641067, 41.921146392000082 ], [ 23.019639968000092, 41.92159652800018 ], [ 23.019844055000021, 41.92156982400013 ], [ 23.022607803000085, 41.921199799000135 ], [ 23.025611878000063, 41.922077178000166 ], [ 23.026670455000158, 41.924846650000177 ], [ 23.025989533000143, 41.927207946000124 ], [ 23.024562836000143, 41.929687500000114 ], [ 23.023111343000039, 41.93106842200018 ], [ 23.022676467999986, 41.932895659999986 ], [ 23.022539139000116, 41.935817719000113 ], [ 23.022924422000074, 41.938941956000065 ], [ 23.023992537000083, 41.940460205000193 ], [ 23.025060655000175, 41.942157746000191 ], [ 23.027046203000168, 41.943138122000164 ], [ 23.032594680000159, 41.943122864000145 ], [ 23.032798767000088, 41.94308471700009 ], [ 23.036306382000134, 41.94257736100019 ], [ 23.036500931000148, 41.942520141000102 ], [ 23.03975296100009, 41.941688537 ], [ 23.039937972000018, 41.941703797000059 ], [ 23.045995713000082, 41.942291260000047 ], [ 23.050006866000047, 41.944087982000042 ], [ 23.054777145000116, 41.946685791000164 ], [ 23.059013366000045, 41.948501586000191 ], [ 23.0647850040001, 41.952301026000157 ], [ 23.07053375300012, 41.954986573000042 ], [ 23.074264526000036, 41.956211090000181 ], [ 23.074457169000027, 41.956222535000165 ], [ 23.076246261000108, 41.956359864000035 ], [ 23.076440810000122, 41.956359864000035 ], [ 23.078464507000149, 41.956348419000108 ], [ 23.078668594000078, 41.956310272000053 ], [ 23.081672668000124, 41.955852508000191 ], [ 23.081878662000122, 41.955795288000047 ], [ 23.083879470999989, 41.955257415000062 ], [ 23.084054947000141, 41.955173494000121 ], [ 23.085351945000184, 41.954437257000052 ], [ 23.087047577000135, 41.952312470000038 ], [ 23.086246490000178, 41.949039459000176 ], [ 23.085479735999968, 41.947097778000057 ], [ 23.084947586, 41.945354461000136 ], [ 23.085426331000122, 41.943881990000079 ], [ 23.086139679000155, 41.941097259000117 ], [ 23.08704185400012, 41.939529418000177 ], [ 23.088603973000147, 41.938610078000124 ], [ 23.08879852400014, 41.93854141200012 ], [ 23.091344833000051, 41.937652588000105 ], [ 23.091526032000047, 41.937587737000172 ], [ 23.093591691000142, 41.936851503000184 ], [ 23.093774795000058, 41.936790467000094 ], [ 23.095829010999978, 41.936046600000111 ], [ 23.096025467000118, 41.936035157000163 ], [ 23.098588943000095, 41.935840608000149 ], [ 23.098783492000109, 41.93579101600011 ], [ 23.101348877000191, 41.935058594000111 ], [ 23.101543426000035, 41.935062409000125 ], [ 23.110406876000127, 41.93502426200007 ], [ 23.110609054000179, 41.93502807700014 ], [ 23.116731643000037, 41.934810639000091 ], [ 23.116924287000188, 41.934822083000142 ], [ 23.122055055000146, 41.935272216000158 ], [ 23.122251511000059, 41.935283662000074 ], [ 23.127143861000036, 41.935531616000162 ], [ 23.12733841000005, 41.935543061000089 ], [ 23.131231307000178, 41.935722352000141 ], [ 23.131427763999966, 41.93573379500009 ], [ 23.135072708000109, 41.936073304000047 ], [ 23.135257721000073, 41.936103820000085 ], [ 23.138414384000043, 41.936592103000066 ], [ 23.142713548000131, 41.938743591000048 ], [ 23.146553040000185, 41.940444946000071 ], [ 23.149854660000187, 41.942138673000159 ], [ 23.151128770000071, 41.943359375000057 ], [ 23.152904510000099, 41.944606781000061 ], [ 23.155170441000109, 41.94663238600009 ], [ 23.15798759400019, 41.947898865000127 ], [ 23.15816307200015, 41.947937012000182 ], [ 23.160049438000101, 41.948337556000126 ], [ 23.160234451000065, 41.948360444000059 ], [ 23.163677215000121, 41.948806763000107 ], [ 23.163869857000122, 41.948825836000026 ], [ 23.168342591000169, 41.949497223000037 ], [ 23.170404433000044, 41.950119019000169 ], [ 23.170597077000025, 41.950141908000035 ], [ 23.175336837000145, 41.950614930000086 ], [ 23.178672790000178, 41.952064513000039 ], [ 23.182754517000149, 41.954101563000165 ], [ 23.186580658000082, 41.956359864000035 ], [ 23.190841675000115, 41.960788727000136 ], [ 23.194828033000078, 41.965614318000178 ], [ 23.19701767000015, 41.969802857000047 ], [ 23.197731018000184, 41.97199630700004 ], [ 23.199974061000091, 41.974811554000155 ], [ 23.200696945, 41.9762001040001 ], [ 23.203510284000174, 41.977436067000156 ], [ 23.206062316000157, 41.97887039200009 ], [ 23.210353852000139, 41.982299805000082 ], [ 23.214962006000178, 41.984157562 ], [ 23.221313476000091, 41.988189698000042 ], [ 23.225919724, 41.989826203000177 ], [ 23.229488372000048, 41.991458894000175 ], [ 23.232547760000045, 41.992889404000039 ], [ 23.237283707000131, 41.998275756000055 ], [ 23.239990234000174, 42.002262115000065 ], [ 23.243221283000082, 42.006034852000028 ], [ 23.245090485, 42.011600495000039 ], [ 23.246006013000112, 42.015167237000071 ], [ 23.248701095000172, 42.019325257000048 ], [ 23.249944688000085, 42.020717620000084 ], [ 23.252756119000082, 42.02172851500012 ], [ 23.252950668000153, 42.021732330000191 ], [ 23.258180619000029, 42.021770477000018 ], [ 23.258375168000043, 42.021732330000191 ], [ 23.26338005000008, 42.020816803000173 ], [ 23.263570786000059, 42.020786286000032 ], [ 23.26935005200005, 42.019874573000038 ], [ 23.269535065000184, 42.019794464000086 ], [ 23.273542404000182, 42.018112183000028 ], [ 23.273704529000042, 42.018024444000162 ], [ 23.277486801000123, 42.015956879000044 ], [ 23.277652741, 42.01586914100011 ], [ 23.280639649000079, 42.014198302000125 ], [ 23.280792235999968, 42.014099122000118 ], [ 23.288276672, 42.009487152000077 ], [ 23.290973663000159, 42.005935670000042 ], [ 23.295236587999966, 42.001602172000105 ], [ 23.2984657290001, 41.997665405000077 ], [ 23.3017654410001, 41.991737365000063 ], [ 23.304420471000014, 41.988983155000085 ], [ 23.310268402000077, 41.983062743000119 ], [ 23.310462951000147, 41.982994080000026 ], [ 23.315988540000149, 41.981086731000062 ], [ 23.316194535000079, 41.981067657000096 ], [ 23.324743270000113, 41.980297089000089 ], [ 23.324937820000059, 41.980258942000034 ], [ 23.332469940000124, 41.979091644999983 ], [ 23.332672119000051, 41.979084014000193 ], [ 23.340173721000099, 41.97868347300016 ], [ 23.340366363000044, 41.97868347300016 ], [ 23.345296861000179, 41.978668212000059 ], [ 23.345489502000191, 41.97867965800009 ], [ 23.352954865000129, 41.979034424000133 ], [ 23.353147506000028, 41.979038239000033 ], [ 23.361114502000191, 41.979190827000025 ], [ 23.359153748000153, 41.977043151000146 ], [ 23.355663299000071, 41.974494934000063 ], [ 23.352994919000082, 41.970565795000141 ], [ 23.35157775800019, 41.967037202000142 ], [ 23.350681305000137, 41.963291169000058 ], [ 23.351078034000011, 41.95955276400008 ], [ 23.351144790000035, 41.957378387000063 ], [ 23.351497651000045, 41.954620361000082 ], [ 23.351831437000101, 41.952457429000049 ], [ 23.351951600000177, 41.948909760000049 ], [ 23.351331711000171, 41.944778442000143 ], [ 23.348598480000021, 41.942020417000151 ], [ 23.344846725000025, 41.939662934000182 ], [ 23.341867447000084, 41.936897278000174 ], [ 23.339620590000095, 41.935127259000183 ], [ 23.336334228000112, 41.933734894000168 ], [ 23.331033707000074, 41.931362153000066 ], [ 23.328752518000044, 41.930183410000097 ], [ 23.324722289000078, 41.928188324000075 ], [ 23.322233200000085, 41.925807953 ], [ 23.320549011000139, 41.922653198000035 ], [ 23.319656372000054, 41.918693542000142 ], [ 23.318738937000091, 41.915340425000068 ], [ 23.318862915000068, 41.911785125999984 ], [ 23.318244933000074, 41.907054901000038 ], [ 23.318105697000078, 41.903499603000057 ], [ 23.317489623000085, 41.898967743000071 ], [ 23.315853119000053, 41.894229887999984 ], [ 23.313621521000186, 41.891838074000191 ], [ 23.310192108000024, 41.886707306000176 ], [ 23.307031631000086, 41.881160736000083 ], [ 23.303049087999966, 41.876998901000093 ], [ 23.298334122000142, 41.872032165000178 ], [ 23.295616150000114, 41.868667603000176 ], [ 23.292432786000177, 41.863723756000127 ], [ 23.289733887000068, 41.85975647000015 ], [ 23.288564682000072, 41.856212617000097 ], [ 23.287626266000188, 41.853466035000054 ], [ 23.287401200000033, 41.85131836000005 ], [ 23.287738800999989, 41.849266053000179 ], [ 23.288331986000173, 41.846866608000141 ], [ 23.290212632000134, 41.844150544000115 ], [ 23.291025162000039, 41.842376708000074 ], [ 23.294181823000031, 41.840194703000122 ], [ 23.296031952000078, 41.837730408000027 ], [ 23.302066803000173, 41.833255768000186 ], [ 23.305988311000078, 41.830570220000027 ], [ 23.314325332000067, 41.827392579000104 ], [ 23.319025040000042, 41.824531555000192 ], [ 23.331024170000035, 41.819377900000177 ], [ 23.327894210000068, 41.818679810000162 ], [ 23.322153091000132, 41.818035125000165 ], [ 23.316114426000127, 41.817676544000108 ], [ 23.308980942000176, 41.815677642000082 ], [ 23.303962707000153, 41.814975738999976 ], [ 23.298156739000092, 41.814201355000023 ], [ 23.293149947000074, 41.813381195000034 ], [ 23.288944245000096, 41.812732697000058 ], [ 23.283449173000179, 41.81278228900004 ], [ 23.277183532000038, 41.813385010000104 ], [ 23.272769927000127, 41.813838959000066 ], [ 23.267818450000163, 41.814861299000142 ], [ 23.263168335000103, 41.814926147000165 ], [ 23.259038926000073, 41.815208435000045 ], [ 23.253675460000068, 41.81472396800001 ], [ 23.248365401000058, 41.813781738000046 ], [ 23.244600297000147, 41.812732697000058 ], [ 23.240829468000129, 41.81191635100015 ], [ 23.233312606000084, 41.810394287000179 ], [ 23.230054856000038, 41.809841156000175 ], [ 23.225879670000097, 41.808029176000161 ], [ 23.219390869000108, 41.806694031000063 ], [ 23.216394425000146, 41.806217194000169 ], [ 23.212154389000148, 41.805316924000067 ], [ 23.208358764000081, 41.805137634000175 ], [ 23.204030991000025, 41.805191041000057 ], [ 23.199956893000092, 41.805240631000061 ], [ 23.195060731000126, 41.80583572400019 ], [ 23.190355300000135, 41.807498932000158 ], [ 23.183179854000059, 41.807769775999986 ], [ 23.178794861000085, 41.808170318000123 ], [ 23.175968171000136, 41.808212280000191 ], [ 23.172403336000173, 41.807716369000104 ], [ 23.168165208000119, 41.805805207000105 ], [ 23.162839889000168, 41.804428100000109 ], [ 23.159551620000116, 41.803215028000068 ], [ 23.148399352000183, 41.79896545400004 ], [ 23.145097732000067, 41.797527314000035 ], [ 23.141853333000086, 41.794826508000028 ], [ 23.138538360000155, 41.79318237300015 ], [ 23.133174896000128, 41.790439607000053 ], [ 23.13110733100001, 41.789512634000175 ], [ 23.127994538000166, 41.788768769 ], [ 23.123523711000132, 41.78856658899997 ], [ 23.119239807999975, 41.790012360000162 ], [ 23.116252898000141, 41.791843415000017 ], [ 23.111871720000181, 41.795856476000154 ], [ 23.107551575000059, 41.798404693000066 ], [ 23.104049683000028, 41.800224304999972 ], [ 23.099441528000057, 41.80313873200015 ], [ 23.093301773000178, 41.804935456000123 ], [ 23.088264466000169, 41.80526351900005 ], [ 23.083225250000169, 41.805595397000104 ], [ 23.074764251000033, 41.804584503000171 ], [ 23.070564270000091, 41.802513122999983 ], [ 23.06371879600016, 41.799640656000122 ], [ 23.060026167999979, 41.79790878200015 ], [ 23.055799485000136, 41.794486999000128 ], [ 23.051507949000154, 41.790336610000168 ], [ 23.046585083000139, 41.784866333000082 ], [ 23.042953491000048, 41.78108978400013 ], [ 23.039260865000074, 41.775470733000191 ], [ 23.036062240000149, 41.773330688000158 ], [ 23.03006744400011, 41.770221710000101 ], [ 23.027191162000179, 41.767364503000067 ], [ 23.024385453000093, 41.766479492000087 ], [ 23.020477295000035, 41.76482391400009 ], [ 23.016872406000118, 41.763957978000178 ], [ 23.011949540000103, 41.763729094999974 ], [ 23.006231308, 41.76304626600006 ], [ 22.99468231100002, 41.761833191000164 ], [ 22.981769561000135, 41.761157990000129 ], [ 22.981729507000182, 41.761466980000137 ], [ 22.981517792000147, 41.761943817000088 ], [ 22.980638503000137, 41.761940002000188 ], [ 22.97982788000013, 41.761810303000061 ], [ 22.979101181000146, 41.761592865000182 ], [ 22.97808647100004, 41.76147461000005 ], [ 22.977403641000024, 41.76132965100004 ], [ 22.976762772000029, 41.761196137000184 ], [ 22.97583580100013, 41.761466980000137 ], [ 22.975172042, 41.761806488000161 ], [ 22.974147797000114, 41.76199722400014 ], [ 22.973434448000148, 41.761756898000158 ], [ 22.972856520999983, 41.761409759000117 ], [ 22.97250557000018, 41.761043549000192 ], [ 22.972173691000023, 41.760604859000125 ], [ 22.971754073999989, 41.760005951000153 ], [ 22.971384049000051, 41.759281159000011 ], [ 22.971092224000131, 41.75863647400007 ], [ 22.970695495000086, 41.758380890000069 ], [ 22.970249176000038, 41.757938384000056 ], [ 22.969661714000097, 41.757591248000097 ], [ 22.968929292000041, 41.757396699000083 ], [ 22.968612670000141, 41.757484435000038 ], [ 22.968227387000127, 41.757701873000087 ], [ 22.967884063000156, 41.757949830000086 ], [ 22.96750068700004, 41.758346558000085 ], [ 22.967098236000083, 41.758846284000185 ], [ 22.96674347000004, 41.759330749000071 ], [ 22.966487885000106, 41.759944916000165 ], [ 22.966215135000084, 41.760452272 ], [ 22.965999602000124, 41.760871887000178 ], [ 22.965837479000129, 41.761249542000087 ], [ 22.965692520000118, 41.761363984000127 ], [ 22.965368270000113, 41.761226653000051 ], [ 22.964876175000143, 41.760932922000165 ], [ 22.964389802000142, 41.760486603000118 ], [ 22.96390533400006, 41.759834290000072 ], [ 22.963754654000184, 41.75910568400019 ], [ 22.963403701000175, 41.758411408000086 ], [ 22.963123322000172, 41.757812500999989 ], [ 22.96280670200008, 41.757415772000115 ], [ 22.962572097000134, 41.757118226000046 ], [ 22.961954117000175, 41.756717682000101 ], [ 22.961364745000083, 41.756519318000016 ], [ 22.960819244000106, 41.756671905000132 ], [ 22.960302353000088, 41.756465912000067 ], [ 22.959606170000143, 41.756252290000134 ], [ 22.959140778000176, 41.756309510000108 ], [ 22.958551406000083, 41.756412507000164 ], [ 22.957956315000104, 41.756427766000115 ], [ 22.957380296000167, 41.756393432000095 ], [ 22.956895828000029, 41.756072999000139 ], [ 22.95670890700012, 41.755401612000128 ], [ 22.956602096999973, 41.754318237000064 ], [ 22.956523896000192, 41.753665924000188 ], [ 22.955884933000164, 41.753139497000063 ], [ 22.955446243000097, 41.753261567000038 ], [ 22.954921723000041, 41.753543853000167 ], [ 22.954206467000176, 41.753868103000173 ], [ 22.953535081000041, 41.754203797000059 ], [ 22.952907561000188, 41.754470825999988 ], [ 22.952325821000045, 41.754707337000127 ], [ 22.951883316000078, 41.754829406 ], [ 22.951162339, 41.755012512000064 ], [ 22.950550078999981, 41.755313874000137 ], [ 22.950231553000094, 41.755626678000056 ], [ 22.950052262000099, 41.755973817000097 ], [ 22.949594498000067, 41.756610870000145 ], [ 22.94917106600019, 41.757030487000122 ], [ 22.948911667000175, 41.757575989000145 ], [ 22.948556900000028, 41.758182526000155 ], [ 22.948911667000175, 41.758735656999988 ], [ 22.949825287000067, 41.759101868000187 ], [ 22.95045852700008, 41.75957489100017 ], [ 22.950653076000094, 41.760501862000069 ], [ 22.950555801000121, 41.76163482700008 ], [ 22.95025634700005, 41.762554168 ], [ 22.94990921100009, 41.763511658000027 ], [ 22.949436188000107, 41.764640808000195 ], [ 22.949079514000118, 41.765331268000125 ], [ 22.948720932000072, 41.766254426000103 ], [ 22.948347092000063, 41.766979218000074 ], [ 22.94796562200014, 41.767753601000095 ], [ 22.947641372000135, 41.768554687000119 ], [ 22.947345733000077, 41.76956176900012 ], [ 22.947046279000176, 41.770389557000044 ], [ 22.946733474000155, 41.771350860000098 ], [ 22.946460724000133, 41.772304535000046 ], [ 22.946224213, 41.773094177000189 ], [ 22.946023941000135, 41.773815155000136 ], [ 22.945798873000172, 41.774375917000043 ], [ 22.945518493000066, 41.774784088000104 ], [ 22.9453086850001, 41.774543762000121 ], [ 22.945022582000149, 41.774200439000083 ], [ 22.944671630000073, 41.773830414000088 ], [ 22.944110871000134, 41.773841859000072 ], [ 22.943700790000037, 41.773925781000059 ], [ 22.943273545000125, 41.774063110000156 ], [ 22.942766189000054, 41.77442932200006 ], [ 22.942073821000179, 41.774772645000155 ], [ 22.941484451000065, 41.775287629000161 ], [ 22.940855026000122, 41.775856019000116 ], [ 22.940376282000102, 41.776412965000191 ], [ 22.939649582000015, 41.776962280000077 ], [ 22.939006805000076, 41.777545930000031 ], [ 22.938587188000042, 41.778011322000168 ], [ 22.938024521000159, 41.778495790000079 ], [ 22.937585831000092, 41.779197693000185 ], [ 22.937084197000161, 41.77999115 ], [ 22.936706542000081, 41.780529023000042 ], [ 22.936307906000138, 41.781116485000155 ], [ 22.935895919000075, 41.781761170000095 ], [ 22.935468674000163, 41.782466888000044 ], [ 22.935153962000015, 41.783123017000094 ], [ 22.93498039300016, 41.783599854000158 ], [ 22.934869766000133, 41.784217835000049 ], [ 22.93467521700012, 41.784931184000186 ], [ 22.934421540000187, 41.785682679000104 ], [ 22.934236526000177, 41.786346435000155 ], [ 22.933788300000174, 41.786796569000103 ], [ 22.933216096000081, 41.787193298000147 ], [ 22.932502747000115, 41.787384034000127 ], [ 22.931863785000189, 41.787784577000139 ], [ 22.93111801200007, 41.788166046000129 ], [ 22.930515289000027, 41.788543701000037 ], [ 22.929950713000039, 41.788764954000158 ], [ 22.929090500000143, 41.789272308000193 ], [ 22.928632736000111, 41.789646150000067 ], [ 22.928262711000173, 41.790119172000118 ], [ 22.928039551000154, 41.790676118000192 ], [ 22.927705765000098, 41.791305543000135 ], [ 22.927560806000088, 41.791774750000116 ], [ 22.927314759000069, 41.792472840000187 ], [ 22.926811218000068, 41.793361664000145 ], [ 22.926437378, 41.794105529000149 ], [ 22.926097869999978, 41.795013429000164 ], [ 22.92571067900019, 41.795646668000018 ], [ 22.925354004999974, 41.796993256000064 ], [ 22.925071717000094, 41.797821045000092 ], [ 22.92450142000007, 41.798572541000112 ], [ 22.923713683000187, 41.79918289200009 ], [ 22.922981262000064, 41.799465180000141 ], [ 22.922159195000177, 41.799858093000068 ], [ 22.921524048000094, 41.800346374000071 ], [ 22.921073914000146, 41.800701141 ], [ 22.92067146300019, 41.801433564000149 ], [ 22.920372009000062, 41.802173614000083 ], [ 22.920097351000095, 41.803062439000144 ], [ 22.920030593000092, 41.803970336000077 ], [ 22.919870376000063, 41.804527282000151 ], [ 22.919815062999987, 41.805103302000191 ], [ 22.919706345000066, 41.805976868000187 ], [ 22.919540405000191, 41.806587219000107 ], [ 22.919401169000025, 41.807357788000047 ], [ 22.919376373000148, 41.808082581000065 ], [ 22.919357299000126, 41.808765411000024 ], [ 22.919435500000134, 41.809513093000078 ], [ 22.919492721000154, 41.810371399000076 ], [ 22.919679642000062, 41.811080932000039 ], [ 22.919902802000081, 41.812183381000068 ], [ 22.919996262000154, 41.81282806400003 ], [ 22.920080185000074, 41.813533784000128 ], [ 22.920104981000179, 41.814281464000032 ], [ 22.920013427000072, 41.814826965000123 ], [ 22.919845582000107, 41.815532685000051 ], [ 22.919624329000044, 41.816257477000192 ], [ 22.919239044000051, 41.817375184000184 ], [ 22.918960571000184, 41.817844391000051 ], [ 22.918594361000089, 41.818550109000171 ], [ 22.918199539999989, 41.81909942700014 ], [ 22.917716980000023, 41.819561004000036 ], [ 22.917375564000054, 41.820110322000176 ], [ 22.916997909000145, 41.820549010999969 ], [ 22.91658401400008, 41.820877076000045 ], [ 22.916305541000042, 41.821346283000025 ], [ 22.916215897000086, 41.821945191000054 ], [ 22.916191100999981, 41.82245254500009 ], [ 22.916254044000141, 41.82308578400017 ], [ 22.916093826000065, 41.823509217000151 ], [ 22.915933609000035, 41.823841095000034 ], [ 22.915464402000168, 41.824260712000068 ], [ 22.91503143400007, 41.824741364000033 ], [ 22.914516450000065, 41.825416566000115 ], [ 22.914117813000075, 41.826007844000173 ], [ 22.913799286000085, 41.826404572000172 ], [ 22.913684846000024, 41.826843263000114 ], [ 22.913532256, 41.827175141000055 ], [ 22.913143158000139, 41.827713013000164 ], [ 22.912975310000093, 41.828144074000193 ], [ 22.912540435000096, 41.828628539000022 ], [ 22.912071228000116, 41.828952789000027 ], [ 22.911724091000053, 41.829154969000058 ], [ 22.911483765000071, 41.829357148000042 ], [ 22.911352157000181, 41.829940796000187 ], [ 22.911287308000055, 41.830440521000071 ], [ 22.911237716000073, 41.83123016400009 ], [ 22.911310197000091, 41.831928254000104 ], [ 22.91151237400004, 41.832477569 ], [ 22.911699295000119, 41.833190918000128 ], [ 22.912050247000025, 41.833930970000097 ], [ 22.912206649000041, 41.834495544000106 ] ] ] ] } },
{ "type": "Feature", "properties": { "fid": 14, "GID_2": "BGR.1.13_1", "GID_0": "BGR", "COUNTRY": "Bulgaria", "GID_1": "BGR.1_1", "NAME_1": "Blagoevgrad", "NL_NAME_1": "Благоевград", "NAME_2": "Strumyani", "VARNAME_2": "NA", "NL_NAME_2": "NA", "TYPE_2": "Obshtina", "ENGTYPE_2": "Municipality", "CC_2": "NA", "HASC_2": "BG.BL.SY" }, "geometry": { "type": "MultiPolygon", "coordinates": [ [ [ [ 22.991752624000185, 41.693260193000071 ], [ 23.00436210700019, 41.687168123000163 ], [ 23.012611389000085, 41.685974122000061 ], [ 23.022802354000135, 41.686214448000044 ], [ 23.037521361000188, 41.684955597000055 ], [ 23.057455063000191, 41.682823182000106 ], [ 23.076976775000162, 41.681053161000079 ], [ 23.08998107900004, 41.678958893000186 ], [ 23.100973129000181, 41.678752899000187 ], [ 23.113962173000061, 41.684020996000072 ], [ 23.126918793000016, 41.685161591000053 ], [ 23.139850616000047, 41.68494796900012 ], [ 23.145315170000117, 41.683025361000034 ], [ 23.152761459000089, 41.680614471000069 ], [ 23.158224105000158, 41.679164888000116 ], [ 23.160503387000063, 41.67998886100014 ], [ 23.162855149000166, 41.678661347000116 ], [ 23.166807174000041, 41.676998139000148 ], [ 23.174375534000092, 41.673042298000155 ], [ 23.179599762000123, 41.670619965000185 ], [ 23.184810638000158, 41.668186188000163 ], [ 23.189075470000091, 41.667366028000117 ], [ 23.193054199000017, 41.666549682000095 ], [ 23.197731018000184, 41.667018891000112 ], [ 23.201784133999979, 41.66900634700005 ], [ 23.207878114000096, 41.671848297 ], [ 23.21487235900014, 41.675682067000139 ], [ 23.219873429000074, 41.679306030000077 ], [ 23.224584579000123, 41.684539795000092 ], [ 23.234828949000075, 41.694026947000111 ], [ 23.240549087000147, 41.698925019000171 ], [ 23.243515014000138, 41.702129364000029 ], [ 23.249853134000148, 41.708137513 ], [ 23.254545211000163, 41.711551666000162 ], [ 23.258817673000181, 41.714778899000123 ], [ 23.265079499000137, 41.720226287000173 ], [ 23.269693375000145, 41.723228455000026 ], [ 23.274560929000188, 41.726024628000062 ], [ 23.279998779000152, 41.730251312000178 ], [ 23.28405380300012, 41.732986450000169 ], [ 23.288122177000105, 41.735164642000086 ], [ 23.292921066000076, 41.737487793000184 ], [ 23.296987534000095, 41.739440917000138 ], [ 23.301275253000028, 41.741569519000052 ], [ 23.304916381000055, 41.742618560999972 ], [ 23.30861473200008, 41.743122101999973 ], [ 23.311866759999987, 41.743106842000145 ], [ 23.31435966600003, 41.743083953000109 ], [ 23.317665101000046, 41.742534637000176 ], [ 23.320739745000083, 41.741802216000053 ], [ 23.324022293999974, 41.741249085 ], [ 23.330913544000168, 41.739788056000179 ], [ 23.333272935000025, 41.738712311000086 ], [ 23.337736129, 41.738681794000115 ], [ 23.342523576000133, 41.738124848000041 ], [ 23.34600448599997, 41.738105775000179 ], [ 23.349298478000037, 41.737552644000118 ], [ 23.354440689000171, 41.738048554000159 ], [ 23.350578308000081, 41.734897614000033 ], [ 23.348552703000053, 41.733146667000028 ], [ 23.345180511000137, 41.73016357500012 ], [ 23.34102630600006, 41.72538375900001 ], [ 23.339414596999973, 41.722179413000106 ], [ 23.337879181000119, 41.718246459000113 ], [ 23.335611343999972, 41.714107513000158 ], [ 23.332788467000114, 41.710296631000119 ], [ 23.325971603000085, 41.703678131000174 ], [ 23.323133470000187, 41.701824189000092 ], [ 23.319822312000099, 41.699382783000033 ], [ 23.315214156000025, 41.697311401000093 ], [ 23.311513900000136, 41.695766448000086 ], [ 23.305112838000014, 41.693298340000126 ], [ 23.298812865000059, 41.691909790000182 ], [ 23.296575545, 41.690952300000163 ], [ 23.292682648000039, 41.689414978000173 ], [ 23.290977478, 41.688285828000176 ], [ 23.288427353000145, 41.686580658000139 ], [ 23.28474426300005, 41.683761596000124 ], [ 23.281368255000132, 41.680946351000159 ], [ 23.276966094000159, 41.677574158000084 ], [ 23.272924422000017, 41.674781800000176 ], [ 23.268970489000026, 41.672561646000133 ], [ 23.264303208000115, 41.670463562000123 ], [ 23.260118484000088, 41.667816163000168 ], [ 23.255723952999972, 41.664981843000135 ], [ 23.25182914800007, 41.662700654000105 ], [ 23.248029708000104, 41.658969879000097 ], [ 23.243104935000019, 41.653331757000046 ], [ 23.241235732000177, 41.649772645000098 ], [ 23.240514756000039, 41.647705079000104 ], [ 23.237825395000186, 41.641468049000082 ], [ 23.233802796000134, 41.635822297000118 ], [ 23.231050492000179, 41.631561280000085 ], [ 23.227903365000088, 41.625621796000132 ], [ 23.226600646000065, 41.620002748000104 ], [ 23.22432708700012, 41.615608215 ], [ 23.223056793000183, 41.61226654100011 ], [ 23.2190818790001, 41.60978698700012 ], [ 23.214738846000046, 41.606864930000029 ], [ 23.210483551000095, 41.603454590000126 ], [ 23.207241059000069, 41.599048614000083 ], [ 23.203525543000126, 41.594211579000159 ], [ 23.202198028000169, 41.591682434000063 ], [ 23.200147629000071, 41.587642669000047 ], [ 23.199371338000049, 41.584644318000187 ], [ 23.19813347000013, 41.583103181000126 ], [ 23.197391510000159, 41.582050324000136 ], [ 23.196559906000118, 41.580261231000179 ], [ 23.195383070999981, 41.577495576000047 ], [ 23.192676544000165, 41.573463440000012 ], [ 23.190593719000049, 41.570842744000117 ], [ 23.18593216000005, 41.566989899000077 ], [ 23.18249130200013, 41.565067291000162 ], [ 23.178363801000103, 41.563503265000065 ], [ 23.174358368000071, 41.562000275000059 ], [ 23.173936844000025, 41.56127929600018 ], [ 23.168928146000042, 41.560874940000133 ], [ 23.16865539600019, 41.558235169000113 ], [ 23.167045593000125, 41.55796814100006 ], [ 23.161909103000028, 41.556961059 ], [ 23.15897941500009, 41.556671143000187 ], [ 23.154399873000102, 41.554580690000137 ], [ 23.14831733800014, 41.551830291000044 ], [ 23.14323043700017, 41.550464630000135 ], [ 23.140422821000016, 41.549160003000111 ], [ 23.137750625000081, 41.547550201000092 ], [ 23.136409760000106, 41.546249390000071 ], [ 23.1353912350001, 41.54604721000004 ], [ 23.131870270000036, 41.545734405000132 ], [ 23.128835678000087, 41.544960022000112 ], [ 23.126295089000109, 41.544380189000037 ], [ 23.121490478000055, 41.543357849000188 ], [ 23.117166518000033, 41.541690826000149 ], [ 23.115022660000136, 41.541263581000067 ], [ 23.112281799000073, 41.539661408000143 ], [ 23.109767914000031, 41.538063049000129 ], [ 23.107261657000038, 41.536300659000119 ], [ 23.104753494000079, 41.53487777700019 ], [ 23.102251052000156, 41.533111572000166 ], [ 23.097877502000131, 41.531913758000144 ], [ 23.093513490000191, 41.530548096000132 ], [ 23.089822769000079, 41.530204773000094 ], [ 23.086799623000047, 41.530380249000189 ], [ 23.084686279000152, 41.531093597000051 ], [ 23.082813263000105, 41.532310486000142 ], [ 23.07951545700007, 41.534275056000126 ], [ 23.078065871000035, 41.536331177000193 ], [ 23.075693130000104, 41.53817749100017 ], [ 23.074035645000151, 41.539405824000085 ], [ 23.0730590820001, 41.540843964000089 ], [ 23.06973266600005, 41.543804170000044 ], [ 23.067840577000084, 41.54502487200017 ], [ 23.066129683999975, 41.547412872000052 ], [ 23.06332779000013, 41.548591614000031 ], [ 23.060293198000068, 41.549423218000129 ], [ 23.057510375000106, 41.549613952000072 ], [ 23.054288864000114, 41.549270631000184 ], [ 23.050611497000034, 41.549091340000189 ], [ 23.047637940000129, 41.54827880900018 ], [ 23.046066284000119, 41.547035217000143 ], [ 23.044738769000162, 41.545639038000161 ], [ 23.042039871000156, 41.543861390000188 ], [ 23.039354325000147, 41.541751861000137 ], [ 23.037378312000158, 41.539657593000072 ], [ 23.033565521000071, 41.537483216 ], [ 23.028417587000092, 41.535194397000112 ], [ 23.022798539000064, 41.533706664000192 ], [ 23.020097732000181, 41.533393860000047 ], [ 23.01714134100007, 41.533374786000081 ], [ 23.012802123000029, 41.533687591000103 ], [ 23.007963181000036, 41.534774780000077 ], [ 23.005865098000072, 41.535938264000094 ], [ 23.00256919800006, 41.538024902000075 ], [ 22.999353408000104, 41.538631440000188 ], [ 22.995740891000025, 41.538604736000082 ], [ 22.992361068000093, 41.53817749100017 ], [ 22.988378526000076, 41.537662507 ], [ 22.985000610000043, 41.537445069000171 ], [ 22.98033523600003, 41.537765502000127 ], [ 22.975862502000098, 41.538322447999974 ], [ 22.974296571000139, 41.539394378000054 ], [ 22.972606659000121, 41.539482117000091 ], [ 22.970672606000051, 41.539913178000177 ], [ 22.968542099000103, 41.540142060999983 ], [ 22.965555191000192, 41.540607453000121 ], [ 22.963043214000095, 41.540569306000123 ], [ 22.959512711000116, 41.540256501000044 ], [ 22.956205368000099, 41.53985977200017 ], [ 22.951679229000149, 41.538379668000118 ], [ 22.948734283000022, 41.537029267000037 ], [ 22.943965912000124, 41.534835815000065 ], [ 22.943965912000124, 41.535221100000058 ], [ 22.94408226000013, 41.536193848000096 ], [ 22.944084168000131, 41.537319184000125 ], [ 22.943971635000139, 41.537746429000038 ], [ 22.943729400999985, 41.538738250000108 ], [ 22.943321227000183, 41.539485932000161 ], [ 22.943496705000086, 41.539989471000183 ], [ 22.943674088000137, 41.541088105000142 ], [ 22.943614961000151, 41.542297364000092 ], [ 22.943555833, 41.543472290000125 ], [ 22.943149567000148, 41.5445365920001 ], [ 22.942979813000136, 41.545570373000089 ], [ 22.943325042000026, 41.545803071000137 ], [ 22.943386078000117, 41.54585647600004 ], [ 22.943668366, 41.546092987000179 ], [ 22.944019317000027, 41.546543121000127 ], [ 22.9441299450001, 41.547023773000092 ], [ 22.944417953000141, 41.547649383000135 ], [ 22.944816590000187, 41.548152924000135 ], [ 22.945224761000077, 41.548915864000037 ], [ 22.945623398000123, 41.549671173000092 ], [ 22.946313857000121, 41.550407409000115 ], [ 22.946834564000142, 41.551036834000058 ], [ 22.947126388000129, 41.551490785 ], [ 22.946943284000099, 41.551914215000068 ], [ 22.946538925000141, 41.552547455000081 ], [ 22.946659088000047, 41.553028107000046 ], [ 22.946706771000152, 41.553684235000162 ], [ 22.946645738000143, 41.554466247 ], [ 22.946643830000028, 41.555027008000138 ], [ 22.946241379000185, 41.555057525000109 ], [ 22.945430756000178, 41.554927826000096 ], [ 22.944503785000109, 41.555053712000017 ], [ 22.943817138000043, 41.555500031000122 ], [ 22.943014145000177, 41.55606460700011 ], [ 22.942148209000095, 41.556930542000089 ], [ 22.941337586000088, 41.55801010100015 ], [ 22.940988540000149, 41.558994294000115 ], [ 22.940525056000183, 41.559696197 ], [ 22.940408706000142, 41.560253143000068 ], [ 22.94023704500006, 41.560859681000181 ], [ 22.940008164000062, 41.561588288000166 ], [ 22.939952849000179, 41.56232071 ], [ 22.940004349000162, 41.562896729000158 ], [ 22.940187455000057, 41.563510896000082 ], [ 22.940359116000138, 41.564346312999987 ], [ 22.940181731999985, 41.564990998000155 ], [ 22.939662932999966, 41.565792083000076 ], [ 22.939142226000172, 41.566444398000158 ], [ 22.938964843000122, 41.567047119 ], [ 22.939550399999973, 41.567787171000134 ], [ 22.939893721999965, 41.56846618600008 ], [ 22.940071105000186, 41.569080352000128 ], [ 22.939208984000174, 41.569850923 ], [ 22.937877655000079, 41.571029663 ], [ 22.93794250500008, 41.571510316000058 ], [ 22.936826705000158, 41.57217788700018 ], [ 22.935274125000092, 41.572929382000098 ], [ 22.935287476000042, 41.573757171000068 ], [ 22.935295106000183, 41.574543000000176 ], [ 22.934593201000098, 41.575832368000135 ], [ 22.933208466000167, 41.57635498000019 ], [ 22.931615829000123, 41.576438904000042 ], [ 22.930080413999974, 41.576236725000058 ], [ 22.928514481000036, 41.576156616000105 ], [ 22.927719116000048, 41.576148988 ], [ 22.927074433000087, 41.576141358000086 ], [ 22.926425933000075, 41.57671737700008 ], [ 22.925970077000159, 41.577747345000034 ], [ 22.925392152000029, 41.578941346000136 ], [ 22.924932480000052, 41.580192565000175 ], [ 22.924852372000146, 41.581218720000095 ], [ 22.924840926000115, 41.581359864000035 ], [ 22.924793244000057, 41.58266449100006 ], [ 22.924581529000022, 41.584018707000041 ], [ 22.924125672000059, 41.585430145000089 ], [ 22.923795700000142, 41.586421967000092 ], [ 22.923995972000171, 41.587951661000034 ], [ 22.924003602000084, 41.588909149000187 ], [ 22.923667908000027, 41.589591980000137 ], [ 22.924030303000052, 41.590480805000027 ], [ 22.92451858600009, 41.591506958000139 ], [ 22.925247193000018, 41.592937470000152 ], [ 22.926097869999978, 41.594062805000135 ], [ 22.925630570000067, 41.594966890000023 ], [ 22.925178527000071, 41.596065521000071 ], [ 22.924837113000024, 41.596969604000037 ], [ 22.925210953000089, 41.597991944000057 ], [ 22.925624848000098, 41.598964692000038 ], [ 22.925531388000024, 41.600006104000101 ], [ 22.925308228, 41.600826264000091 ], [ 22.925664902000051, 41.601314545000093 ], [ 22.926507949000097, 41.602172852000137 ], [ 22.927534103000085, 41.603408813000158 ], [ 22.927791595000087, 41.604427338000164 ], [ 22.927505493000183, 41.605438233000029 ], [ 22.927270890000045, 41.606224060000102 ], [ 22.927701950000028, 41.607254028000057 ], [ 22.928079605000107, 41.608100891000049 ], [ 22.928644179000116, 41.609233856000117 ], [ 22.928657532000045, 41.609981536000134 ], [ 22.927831648999984, 41.611141205000081 ], [ 22.927310944000169, 41.612155915000187 ], [ 22.926664352000159, 41.613170623000144 ], [ 22.926912308000055, 41.613876343000072 ], [ 22.927526474000047, 41.615009309000015 ], [ 22.927904129000126, 41.615955353000174 ], [ 22.927854537000144, 41.616786957000045 ], [ 22.927444458000025, 41.617534637000063 ], [ 22.927221298000063, 41.61839676000011 ], [ 22.926277160999973, 41.61955642700002 ], [ 22.925228119000053, 41.620334626000044 ], [ 22.924299241000142, 41.621028900999988 ], [ 22.923177718000147, 41.621765138000114 ], [ 22.922594071000105, 41.622612000000174 ], [ 22.922676087000127, 41.623310090000189 ], [ 22.923034669000117, 41.624019624000084 ], [ 22.923702240000182, 41.624885559000063 ], [ 22.924592972000028, 41.625659943000187 ], [ 22.925432206000153, 41.626789093000184 ], [ 22.925554275000025, 41.627441407000163 ], [ 22.925451279000072, 41.628273011000033 ], [ 22.925460815000122, 41.628955842000153 ], [ 22.925518035000096, 41.629917145000036 ], [ 22.925621033000084, 41.630905151000036 ], [ 22.925966264000124, 41.631980897000062 ], [ 22.925985336999986, 41.63273239200015 ], [ 22.926448822000054, 41.63328170800014 ], [ 22.927089691000106, 41.633468629000049 ], [ 22.927818298000034, 41.633472442000084 ], [ 22.928447722999977, 41.633510591000174 ], [ 22.928968429000122, 41.634014129999969 ], [ 22.929506302000107, 41.63434982300015 ], [ 22.930282593000129, 41.634750367000038 ], [ 22.931217195000158, 41.634990693000077 ], [ 22.93221282900015, 41.6353683480001 ], [ 22.932561875000033, 41.635932922000109 ], [ 22.932817460000138, 41.636699678000127 ], [ 22.932981490000031, 41.637580872000058 ], [ 22.933189392000031, 41.638374329000044 ], [ 22.933763504000069, 41.639129639000032 ], [ 22.934242249000192, 41.639095307000048 ], [ 22.934490203000109, 41.638576508000028 ], [ 22.934612274000131, 41.638050079000038 ], [ 22.935115815000188, 41.638175965000187 ], [ 22.935834884000087, 41.638446807000037 ], [ 22.93621635400018, 41.638591767000094 ], [ 22.936887741000021, 41.638851166000165 ], [ 22.938268661000109, 41.639381409000066 ], [ 22.93977737400013, 41.639785767000149 ], [ 22.941082, 41.640014648000147 ], [ 22.942300797000087, 41.640052795000031 ], [ 22.943010330000106, 41.639984132000109 ], [ 22.943813325000178, 41.639312745000097 ], [ 22.944591522, 41.639198303 ], [ 22.945922851000148, 41.639331819000063 ], [ 22.946807860999968, 41.639648438000052 ], [ 22.947641372000135, 41.63973999000018 ], [ 22.948131562000185, 41.63938903899998 ], [ 22.948568343000147, 41.639167786000087 ], [ 22.949182509000025, 41.639209748000155 ], [ 22.949569702000133, 41.639568329999975 ], [ 22.950132371000052, 41.639949798000146 ], [ 22.951356888000078, 41.640453339000146 ], [ 22.952249528000038, 41.640731812000183 ], [ 22.95319175700007, 41.64101028500005 ], [ 22.953748703000144, 41.640964508000081 ], [ 22.954233169000076, 41.64064788800016 ], [ 22.954504013000133, 41.640056610000102 ], [ 22.955219269000168, 41.639587403000064 ], [ 22.955335617000173, 41.639514923000092 ], [ 22.955896379000023, 41.639636993000067 ], [ 22.956623078000064, 41.63993835500014 ], [ 22.957525252999972, 41.640293121000184 ], [ 22.957742690000146, 41.640781402000187 ], [ 22.957813263, 41.64130783100012 ], [ 22.957925795999984, 41.64221954400017 ], [ 22.957927704000156, 41.642730713000105 ], [ 22.957929611000054, 41.642997743000137 ], [ 22.958160400000054, 41.644172668000124 ], [ 22.95811271700012, 41.645114900000067 ], [ 22.957399369000029, 41.645584107000104 ], [ 22.9566917410001, 41.646255493000069 ], [ 22.956541061000109, 41.64634704499997 ], [ 22.955816270000071, 41.646839143000193 ], [ 22.955341340000018, 41.647693633000188 ], [ 22.95529937800012, 41.648509979000096 ], [ 22.955484390000152, 41.64950561500001 ], [ 22.956275939000022, 41.650447845000031 ], [ 22.957700729000123, 41.650688171000184 ], [ 22.959138871000107, 41.650920869000061 ], [ 22.959524154000064, 41.651332856000124 ], [ 22.960029602000191, 41.651878357000044 ], [ 22.960643769000114, 41.652736664000088 ], [ 22.960981369000137, 41.653015137000125 ], [ 22.96137619000001, 41.653770448000046 ], [ 22.961170196000012, 41.654438019000111 ], [ 22.961191177000103, 41.655372620000094 ], [ 22.96148300100009, 41.656120300000111 ], [ 22.962406159000068, 41.65641021700003 ], [ 22.96374130200013, 41.656845092000026 ], [ 22.963645935000159, 41.65777969300018 ], [ 22.963510513000131, 41.658950806000178 ], [ 22.964229584000066, 41.659397126000158 ], [ 22.964511872000116, 41.659843445000092 ], [ 22.96512794400013, 41.660747527000069 ], [ 22.965522765000173, 41.661586762000184 ], [ 22.966011047999984, 41.662368775000118 ], [ 22.966207504000067, 41.662658692000036 ], [ 22.966661453000086, 41.663627625000174 ], [ 22.966953277000073, 41.664428712000131 ], [ 22.966962815000159, 41.66480255200014 ], [ 22.966968535000092, 41.665016175000119 ], [ 22.967306136000047, 41.665767670000037 ], [ 22.967596054000069, 41.666389466000169 ], [ 22.967987060000098, 41.666786195000043 ], [ 22.968095780000169, 41.666896820000034 ], [ 22.968866349000109, 41.667430878000175 ], [ 22.969638825000061, 41.667827607000049 ], [ 22.970136643000046, 41.6683006290001 ], [ 22.970527649000076, 41.668972015000065 ], [ 22.971092224000131, 41.669822693000128 ], [ 22.972249985000076, 41.670135497000047 ], [ 22.972579956000118, 41.670631408000133 ], [ 22.972978592000061, 41.671253205000141 ], [ 22.973247527000012, 41.67157363900003 ], [ 22.974193574000083, 41.672080993000066 ], [ 22.974639892000027, 41.672760010000047 ], [ 22.974920273000066, 41.673076630000139 ], [ 22.975755692000178, 41.673526764000087 ], [ 22.976303100000166, 41.674133302000143 ], [ 22.976751328000148, 41.674930572000051 ], [ 22.977365495000072, 41.675460816000054 ], [ 22.978143691000128, 41.675857545000099 ], [ 22.978860855000164, 41.675914765000016 ], [ 22.979864120000116, 41.676040649000129 ], [ 22.980705261000139, 41.676139831000171 ], [ 22.980985642000178, 41.676597595000032 ], [ 22.981430053000111, 41.677303315000188 ], [ 22.981708526000148, 41.678112031000126 ], [ 22.981603623000069, 41.678569795000158 ], [ 22.981370925000192, 41.678989410000156 ], [ 22.981536865000066, 41.679645538000102 ], [ 22.981700898000042, 41.679851532000043 ], [ 22.982048034000172, 41.680278778000059 ], [ 22.982490540000185, 41.680698395000036 ], [ 22.983375549000129, 41.681373596000071 ], [ 22.983713150000085, 41.682094575000121 ], [ 22.984272003000058, 41.68273162800017 ], [ 22.984994888000074, 41.683330536000142 ], [ 22.985380173000067, 41.683979036000153 ], [ 22.985715866000021, 41.684780121000074 ], [ 22.986040116000027, 41.685668945000089 ], [ 22.986482620000061, 41.686218261000079 ], [ 22.986656190000019, 41.686481476000097 ], [ 22.987268449000169, 41.687175751000098 ], [ 22.987594604000037, 41.687675477000028 ], [ 22.988327026000093, 41.688507080000193 ], [ 22.989046096999971, 41.689083100000062 ], [ 22.989650726000036, 41.689785003000111 ], [ 22.990043639000078, 41.690410615000189 ], [ 22.990764618000185, 41.691013336000083 ], [ 22.991205216000026, 41.691665649000129 ], [ 22.991479874, 41.692413331000182 ], [ 22.991752624000185, 41.693260193000071 ] ] ] ] } },
{ "type": "Feature", "properties": { "fid": 15, "GID_2": "BGR.1.14_1", "GID_0": "BGR", "COUNTRY": "Bulgaria", "GID_1": "BGR.1_1", "NAME_1": "Blagoevgrad", "NL_NAME_1": "Благоевград", "NAME_2": "Yakoruda", "VARNAME_2": "NA", "NL_NAME_2": "Якоруда", "TYPE_2": "Obshtina", "ENGTYPE_2": "Municipality", "CC_2": "NA", "HASC_2": "BG.BL.YA" }, "geometry": { "type": "MultiPolygon", "coordinates": [ [ [ [ 23.754100800000174, 41.95856475800008 ], [ 23.749309540000013, 41.957752227000071 ], [ 23.744731903000059, 41.956962585000099 ], [ 23.739105224000184, 41.956348419000108 ], [ 23.737203598000065, 41.956340791000173 ], [ 23.734386443000119, 41.956310272000053 ], [ 23.732969284000035, 41.95658493000019 ], [ 23.731689452000182, 41.956668854000043 ], [ 23.727964402000168, 41.957195281000168 ], [ 23.72472953800019, 41.95848464900007 ], [ 23.721351623000032, 41.960334778000117 ], [ 23.718490601000099, 41.961994171000015 ], [ 23.715091703999974, 41.964313507000099 ], [ 23.71477317900019, 41.965896606000058 ], [ 23.713916779000044, 41.968612671000187 ], [ 23.713834763000023, 41.971237184000188 ], [ 23.714504242000032, 41.973964692000095 ], [ 23.714553834000071, 41.97658920300006 ], [ 23.713586806000023, 41.978832245000035 ], [ 23.712118150000151, 41.98098754900019 ], [ 23.710308075000057, 41.981460571000071 ], [ 23.707490921000044, 41.982017517000145 ], [ 23.704538345000174, 41.982284547000063 ], [ 23.702014923999968, 41.981624603000171 ], [ 23.700775146000069, 41.980487823000033 ], [ 23.699157715000126, 41.979457855000078 ], [ 23.69718551699998, 41.977497100000164 ], [ 23.695833207000192, 41.97589874300013 ], [ 23.693483351999987, 41.974292755000135 ], [ 23.69044494700006, 41.973358154000152 ], [ 23.687799453000025, 41.972614289000148 ], [ 23.68374061500009, 41.972427368000069 ], [ 23.680944442000111, 41.972625732000154 ], [ 23.678390502000184, 41.972812653000062 ], [ 23.675836562000086, 41.973205566000161 ], [ 23.672794342000088, 41.973228455000026 ], [ 23.669530869000141, 41.972293854000043 ], [ 23.66781425400012, 41.970802306000053 ], [ 23.667106628, 41.969108582000104 ], [ 23.666162491000136, 41.967220306000172 ], [ 23.664443971000082, 41.965541840000014 ], [ 23.662452698000095, 41.964611054000102 ], [ 23.660186769000063, 41.964241029000164 ], [ 23.657918930000108, 41.964061738000112 ], [ 23.654071807000037, 41.965415954000093 ], [ 23.652271270000028, 41.966178894000166 ], [ 23.649686814000063, 41.967517852000128 ], [ 23.647142410000185, 41.967914581000173 ], [ 23.644863128000054, 41.967933654000035 ], [ 23.63981056199998, 41.967781067000146 ], [ 23.638082503000078, 41.966670990000182 ], [ 23.635393142000055, 41.964229583000076 ], [ 23.633445741000173, 41.962356568000075 ], [ 23.631486892000169, 41.960487365000063 ], [ 23.630842209000036, 41.95746994100017 ], [ 23.630142211000191, 41.95595550600018 ], [ 23.629201889, 41.954261781000127 ], [ 23.627275467000118, 41.951820374000135 ], [ 23.625308990000065, 41.950332642000149 ], [ 23.623603820000028, 41.948631287000183 ], [ 23.621126176000189, 41.947330476000104 ], [ 23.618396758000131, 41.946395875000121 ], [ 23.615653992000034, 41.945472717000143 ], [ 23.611375809000151, 41.945133209000119 ], [ 23.608083725000085, 41.945346833000031 ], [ 23.606058120000114, 41.945556641000167 ], [ 23.60245704600004, 41.947288513999979 ], [ 23.600635528000112, 41.948833467000043 ], [ 23.599573136000174, 41.950176240000189 ], [ 23.599231720000148, 41.952659606000168 ], [ 23.600669860000153, 41.954345703000115 ], [ 23.601587295000115, 41.956993104000048 ], [ 23.602506638000079, 41.959259033000023 ], [ 23.60441970800008, 41.962097168000128 ], [ 23.605340959000159, 41.964355469 ], [ 23.606483460000106, 41.967380523000031 ], [ 23.607910157000106, 41.969841004000102 ], [ 23.608566285000052, 41.972675324000136 ], [ 23.609962463000102, 41.975685120000151 ], [ 23.609888077000164, 41.977775572999974 ], [ 23.610193253000034, 41.983081817000084 ], [ 23.610139846000152, 41.984794617000091 ], [ 23.610054017000039, 41.987075806000064 ], [ 23.610214232000089, 41.989154816000166 ], [ 23.610126496000078, 41.991817474000186 ], [ 23.610021591000191, 41.994850158000133 ], [ 23.609130859000061, 41.998279571000069 ], [ 23.607488632000127, 42.002101898000092 ], [ 23.604299545000174, 42.006351472000119 ], [ 23.597995757000149, 42.013313293000181 ], [ 23.594856262000178, 42.016407013000162 ], [ 23.592952728000057, 42.02062988299997 ], [ 23.593090057000097, 42.023864745000139 ], [ 23.594438553000145, 42.028594972000064 ], [ 23.595693589000064, 42.036571503000062 ], [ 23.597234726000124, 42.043395996000129 ], [ 23.598318100000085, 42.049278259000175 ], [ 23.599142076000192, 42.054969788000108 ], [ 23.598995209000066, 42.059375764000151 ], [ 23.598588942999982, 42.064517975000058 ], [ 23.597732545000042, 42.067596437000077 ], [ 23.59559631400009, 42.07128143400007 ], [ 23.59195137100005, 42.074611663000155 ], [ 23.588529586000163, 42.078716278000059 ], [ 23.585182189000079, 42.080909728000165 ], [ 23.580551147000051, 42.083324432000154 ], [ 23.577711106000152, 42.085517884000069 ], [ 23.573843003000093, 42.087337494000167 ], [ 23.57076072600006, 42.089340211000035 ], [ 23.566900253000142, 42.091167451000103 ], [ 23.568407058000048, 42.094329835000053 ], [ 23.571746827000027, 42.096946717000037 ], [ 23.57520675700016, 42.101661683000088 ], [ 23.579786301000183, 42.106826783000088 ], [ 23.581775665000123, 42.111717224000131 ], [ 23.583148956000116, 42.115131379000104 ], [ 23.584209441000041, 42.118331909000062 ], [ 23.585248947000082, 42.122364044000165 ], [ 23.586166383000148, 42.125305176000154 ], [ 23.586891174000129, 42.128875733000086 ], [ 23.587963104000039, 42.132068633000131 ], [ 23.588878632000103, 42.134525298000085 ], [ 23.589471818000163, 42.136985778999986 ], [ 23.590562821000105, 42.13967514 ], [ 23.593109131000119, 42.142826080000134 ], [ 23.593885422000142, 42.144794464000142 ], [ 23.594812393000154, 42.145694734000188 ], [ 23.597461700000053, 42.148414612000181 ], [ 23.599845885999969, 42.15058517500006 ], [ 23.602117538000186, 42.152942658000029 ], [ 23.60477829000007, 42.154804231000128 ], [ 23.606889724000155, 42.156311035999977 ], [ 23.610015869999984, 42.15690994199997 ], [ 23.613061905000052, 42.156841279000105 ], [ 23.616441727000108, 42.156642914000088 ], [ 23.619546890000095, 42.15644073500016 ], [ 23.623455048000153, 42.155796052000028 ], [ 23.62616539000004, 42.155002594999985 ], [ 23.627437592000149, 42.154598236000027 ], [ 23.62775421200007, 42.154602051000097 ], [ 23.634401321000155, 42.152679444000057 ], [ 23.637863160000165, 42.152000427000132 ], [ 23.641235351000034, 42.151889802000085 ], [ 23.644699096000181, 42.152393341000106 ], [ 23.647367478000149, 42.153430938999975 ], [ 23.650526046000039, 42.155086517000029 ], [ 23.653156280000019, 42.156826020000153 ], [ 23.655490876000101, 42.158435821000012 ], [ 23.657173157000159, 42.159278870000037 ], [ 23.657724381000094, 42.159839630000079 ], [ 23.660202027000082, 42.161991120000096 ], [ 23.662914277000141, 42.163471222 ], [ 23.665876388000186, 42.163852692000148 ], [ 23.670043946000078, 42.163516999000137 ], [ 23.672906875000081, 42.162471772000117 ], [ 23.676214218000041, 42.16156006000017 ], [ 23.679706574000022, 42.160137176000035 ], [ 23.682546616000138, 42.159103395000045 ], [ 23.683668137000154, 42.158466340000132 ], [ 23.68705749500009, 42.15629959100005 ], [ 23.690141678000089, 42.154033662000018 ], [ 23.693265914000165, 42.151397706000068 ], [ 23.696390153000095, 42.149528504000159 ], [ 23.700187683000081, 42.146945953000056 ], [ 23.702619552000101, 42.145183563000103 ], [ 23.704877852999971, 42.143745423000098 ], [ 23.707494736000058, 42.142536164000148 ], [ 23.711830139000028, 42.140697480000085 ], [ 23.715986251, 42.139236451000045 ], [ 23.719570159000057, 42.138153076000037 ], [ 23.722738265000032, 42.137199401000089 ], [ 23.72581481900005, 42.136707306000119 ], [ 23.729177474000153, 42.13682556100008 ], [ 23.732395172000111, 42.137516021000181 ], [ 23.734569549000184, 42.139865875999988 ], [ 23.735317230000135, 42.142036438 ], [ 23.733743668000159, 42.145202636000135 ], [ 23.732370376, 42.147411347 ], [ 23.729167938999979, 42.150764466000055 ], [ 23.726804733000051, 42.153438569000116 ], [ 23.724842071000182, 42.155654908000088 ], [ 23.72108841000005, 42.159198762000187 ], [ 23.720987320000177, 42.159530640000128 ], [ 23.720918655000105, 42.161777497000116 ], [ 23.721439362000126, 42.163795472 ], [ 23.721853256000088, 42.166824342000155 ], [ 23.723119735000125, 42.168930053000054 ], [ 23.724813462000043, 42.170684815000129 ], [ 23.725294112000029, 42.171188354000094 ], [ 23.728740691000155, 42.17275238000019 ], [ 23.732532501000037, 42.173427581 ], [ 23.735679626000092, 42.173439026000153 ], [ 23.738655091000169, 42.173313141000165 ], [ 23.741804123000122, 42.173381806000066 ], [ 23.741956711000171, 42.173564910000096 ], [ 23.745513917000153, 42.173706054000036 ], [ 23.749975204000066, 42.174213410000107 ], [ 23.755506515000036, 42.174716949000128 ], [ 23.758472442000027, 42.174995422000165 ], [ 23.763341903000139, 42.175624847000108 ], [ 23.764909744000079, 42.17588424600018 ], [ 23.763378144, 42.173858644000063 ], [ 23.761276246000023, 42.171119690000126 ], [ 23.758850097000106, 42.168247223000037 ], [ 23.756429671000035, 42.164760590000128 ], [ 23.755018235000136, 42.161151886000141 ], [ 23.754903792000164, 42.158424378000063 ], [ 23.755121230000043, 42.15544509900019 ], [ 23.755716323000172, 42.150493622000056 ], [ 23.756761552000057, 42.147773744000062 ], [ 23.759641647000024, 42.144828796000127 ], [ 23.761327743000095, 42.142864227000189 ], [ 23.76183891200003, 42.142372131000172 ], [ 23.766376495000031, 42.139080049000086 ], [ 23.770904542000153, 42.13666534400005 ], [ 23.774936676000152, 42.134502412000131 ], [ 23.777631760000077, 42.132427215000121 ], [ 23.780347824000046, 42.129756927000187 ], [ 23.782228470000064, 42.127216337999982 ], [ 23.784301757000094, 42.123188019000054 ], [ 23.785051345000113, 42.119750976000148 ], [ 23.784618377000186, 42.116428375000112 ], [ 23.783670425000082, 42.114566803000116 ], [ 23.78318023700001, 42.114223480000192 ], [ 23.781322480000085, 42.111717224000131 ], [ 23.779905319000136, 42.109283448000042 ], [ 23.77888107300015, 42.106609345000038 ], [ 23.778289795000035, 42.104209900000171 ], [ 23.778947831000153, 42.101444245000039 ], [ 23.780551910999975, 42.09774017400008 ], [ 23.781841277000069, 42.095390319000046 ], [ 23.783081055000025, 42.092708588000164 ], [ 23.784383774000048, 42.09058761700004 ], [ 23.785531997000135, 42.088459015000183 ], [ 23.787015915000154, 42.085918428000184 ], [ 23.789262772000143, 42.082672119000051 ], [ 23.790723801000183, 42.078445435000106 ], [ 23.792585373000179, 42.076038359999984 ], [ 23.792327881000176, 42.073337556000183 ], [ 23.792100905000041, 42.070861817000036 ], [ 23.791984557000035, 42.067321777000075 ], [ 23.791580201000158, 42.061271668000131 ], [ 23.791463853000096, 42.058132171000182 ], [ 23.790910722000092, 42.0548515320001 ], [ 23.790439605000074, 42.051338195000085 ], [ 23.789915085000018, 42.045791625000163 ], [ 23.789199828999983, 42.043251038 ], [ 23.789123535999977, 42.040203096000084 ], [ 23.789987564000057, 42.037078857000097 ], [ 23.792245865000154, 42.034202576999974 ], [ 23.794698715000038, 42.032798767000031 ], [ 23.798240661000023, 42.031261444000108 ], [ 23.80139732300006, 42.030582428000059 ], [ 23.804849625000088, 42.030155182000044 ], [ 23.80850601200018, 42.029121399000019 ], [ 23.811679840000068, 42.028072357000099 ], [ 23.814102174000141, 42.026908875000117 ], [ 23.817064285000185, 42.024765015000185 ], [ 23.817918778000092, 42.021999360000052 ], [ 23.817173005000086, 42.019802095000045 ], [ 23.816600801, 42.019287110000164 ], [ 23.814725876000068, 42.01756668000013 ], [ 23.812515259000179, 42.01595306400003 ], [ 23.809986114000083, 42.014396667000085 ], [ 23.803152085000136, 42.009784698000146 ], [ 23.800300597000103, 42.008396148000031 ], [ 23.795736313000134, 42.005500794000113 ], [ 23.793218613000192, 42.003517152000086 ], [ 23.789819718000047, 42.000823975000117 ], [ 23.787240982000185, 41.998649598000043 ], [ 23.784877777000133, 41.996261597000114 ], [ 23.781679154000074, 41.992568971000082 ], [ 23.779451370000174, 41.990093232000163 ], [ 23.777557374000139, 41.988372802000072 ], [ 23.774583817000178, 41.985954284000172 ], [ 23.772903443000075, 41.984344483000143 ], [ 23.77151107800006, 41.983417512000074 ], [ 23.76834487900004, 41.980606078000164 ], [ 23.766735077000021, 41.978538514000149 ], [ 23.763643264000109, 41.975708008000083 ], [ 23.760406495000097, 41.973358154000152 ], [ 23.757904053000175, 41.970073700000171 ], [ 23.7566528320001, 41.966789246000019 ], [ 23.756235122000191, 41.964603423000085 ], [ 23.755830765000042, 41.960735322000062 ], [ 23.754100800000174, 41.95856475800008 ] ] ] ] } }
]
}
