{
"type": "FeatureCollection",
"name": "RS-29",
"crs": { "type": "name", "properties": { "name": "urn:ogc:def:crs:OGC:1.3:CRS84" } },
"features": [
{ "type": "Feature", "properties": { "fid": 1, "GID_1": "MNE.1_1", "GID_0": "MNE", "COUNTRY": "Montenegro", "NAME_1": "Andrijevica", "VARNAME_1": "NA", "NL_NAME_1": "NA", "TYPE_1": "Opština", "ENGTYPE_1": "Municipality", "CC_1": "NA", "HASC_1": "ME.AN", "ISO_1": "ME-01" }, "geometry": { "type": "MultiPolygon", "coordinates": [ [ [ [ 19.772214889000054, 42.593212127000072 ], [ 19.770240784, 42.596523285000103 ], [ 19.769422531000089, 42.597896576000153 ], [ 19.768377304000012, 42.59892273000014 ], [ 19.76541908400003, 42.601826058000029 ], [ 19.761445046000063, 42.605918885000165 ], [ 19.753654478999977, 42.619590760000108 ], [ 19.749827386000163, 42.623889923000092 ], [ 19.748254776000067, 42.629253388000052 ], [ 19.750747681000178, 42.633083344000056 ], [ 19.752943993000031, 42.637453080000114 ], [ 19.752924920000112, 42.641798019000191 ], [ 19.748064042000067, 42.643096924000076 ], [ 19.742457390000027, 42.643423081000151 ], [ 19.737548827000012, 42.647811890000128 ], [ 19.735466004000102, 42.651908875000061 ], [ 19.729419708000023, 42.658443451000039 ], [ 19.723683357000141, 42.66043090800008 ], [ 19.716136933000143, 42.66026687599998 ], [ 19.706918717000178, 42.658889772000123 ], [ 19.70157051100017, 42.655841827000074 ], [ 19.700882912000054, 42.650337220000154 ], [ 19.695910455000103, 42.646381378000058 ], [ 19.687191010000106, 42.641803741000103 ], [ 19.682224274000021, 42.635692597 ], [ 19.679239274000167, 42.632532755000057 ], [ 19.67391777, 42.631294251000099 ], [ 19.665870667000092, 42.629837036000026 ], [ 19.659786225000062, 42.626365663000115 ], [ 19.65616130899997, 42.623905183000147 ], [ 19.654942405000043, 42.62264948700016 ], [ 19.64661788900014, 42.614074707000157 ], [ 19.641956329999971, 42.622283936000031 ], [ 19.638452531000098, 42.629295350000177 ], [ 19.633195877000162, 42.642143250000061 ], [ 19.62939834600013, 42.649448395000093 ], [ 19.62326431200006, 42.657623290000117 ], [ 19.621288299000071, 42.661842346000128 ], [ 19.621515275000036, 42.6619148260001 ], [ 19.634975433000136, 42.666225433000136 ], [ 19.63727760300003, 42.667282105000027 ], [ 19.640487671000074, 42.669181824000077 ], [ 19.643611908000025, 42.671966552000072 ], [ 19.646177293000108, 42.675128938000114 ], [ 19.648773194, 42.67921829200003 ], [ 19.65236282300009, 42.688026428000171 ], [ 19.653272627999968, 42.689624787000184 ], [ 19.65987777700019, 42.698650360000102 ], [ 19.661663056000179, 42.702861785000096 ], [ 19.662059784000178, 42.706031799000016 ], [ 19.661205292000147, 42.709739685000045 ], [ 19.656763076000118, 42.717243194000162 ], [ 19.655872345000034, 42.719692231000181 ], [ 19.65340232900013, 42.735553742000093 ], [ 19.654121400000065, 42.739963531 ], [ 19.656093597000051, 42.744102478000116 ], [ 19.660726547000081, 42.752258302000087 ], [ 19.661851882000178, 42.755012511000132 ], [ 19.662227630000189, 42.757934571000135 ], [ 19.661687852000114, 42.760787964000087 ], [ 19.660190582000041, 42.763320923000151 ], [ 19.657602311, 42.765926360000151 ], [ 19.653928756000084, 42.768886566000106 ], [ 19.646154404000072, 42.773929595000027 ], [ 19.643587112000091, 42.775970458000018 ], [ 19.639202118000185, 42.780086518000076 ], [ 19.634935379000012, 42.784725189000085 ], [ 19.632877350000172, 42.787677765000126 ], [ 19.630849837000028, 42.791435243000194 ], [ 19.630186080999977, 42.793800354000041 ], [ 19.629924774000131, 42.796195984000178 ], [ 19.630296706000024, 42.799381256000117 ], [ 19.63189125100007, 42.802646638000112 ], [ 19.634035111000173, 42.805248260000099 ], [ 19.638992309000173, 42.810146332000159 ], [ 19.642646790000072, 42.812877655000079 ], [ 19.64624214100013, 42.814815521000014 ], [ 19.651876450000088, 42.816989898000088 ], [ 19.658960342000057, 42.819374085000106 ], [ 19.666479111000172, 42.821468353000171 ], [ 19.668695450000143, 42.819911956999988 ], [ 19.670867920000092, 42.818737030000079 ], [ 19.681381225000166, 42.814140320000035 ], [ 19.685092926000095, 42.812286377000191 ], [ 19.690227509000067, 42.809200288000056 ], [ 19.698810577000074, 42.803287506 ], [ 19.703140259000179, 42.80069351200018 ], [ 19.729024887000151, 42.787963868000077 ], [ 19.734874724000179, 42.785514831000057 ], [ 19.746616364000033, 42.782024384000181 ], [ 19.754909515000122, 42.778869629000042 ], [ 19.761545181000088, 42.775707246000081 ], [ 19.769325256000116, 42.772644043000071 ], [ 19.777124404000062, 42.769081116000052 ], [ 19.781766891000075, 42.767288209000128 ], [ 19.787107467000169, 42.7657661450001 ], [ 19.812742233000051, 42.759368898000048 ], [ 19.816350937000038, 42.758819580000079 ], [ 19.820112228000085, 42.758529663000161 ], [ 19.827838898000095, 42.758377076000102 ], [ 19.83554458600014, 42.758674623000104 ], [ 19.841295243000161, 42.75951004 ], [ 19.851270676000127, 42.762027740000178 ], [ 19.853593827000054, 42.762374879 ], [ 19.856153487000142, 42.762424469000052 ], [ 19.858230592000098, 42.762069702000076 ], [ 19.859577180000144, 42.761535644000105 ], [ 19.860933304000071, 42.760543823000035 ], [ 19.861900329000093, 42.75910568300003 ], [ 19.862281799000186, 42.757530212000177 ], [ 19.862197876000096, 42.755863191000174 ], [ 19.861352921000105, 42.753376007000099 ], [ 19.859634400000118, 42.750732423000045 ], [ 19.856050492, 42.747081757000103 ], [ 19.844909668000184, 42.737873078000177 ], [ 19.839714050000168, 42.733039856000119 ], [ 19.837448120999966, 42.729930878000118 ], [ 19.836360932, 42.727798461000134 ], [ 19.835859299000163, 42.725856780000186 ], [ 19.835783005000053, 42.723873139000091 ], [ 19.836109161000024, 42.721900940000069 ], [ 19.836950302000105, 42.719699859000116 ], [ 19.839546204000101, 42.714683534000073 ], [ 19.846359253000116, 42.706691742000032 ], [ 19.85136795, 42.699214936000089 ], [ 19.855047225000078, 42.695426941000107 ], [ 19.858074187000057, 42.693298339000194 ], [ 19.869325637000031, 42.687938691000113 ], [ 19.880193711000061, 42.68152999800003 ], [ 19.887670517000174, 42.677402497000173 ], [ 19.875556946000188, 42.672531129000163 ], [ 19.852546693000136, 42.662296296000022 ], [ 19.84292221000004, 42.657199860000048 ], [ 19.837743759000091, 42.653419495000037 ], [ 19.816234588999976, 42.631000520000043 ], [ 19.809783935000041, 42.622089385000152 ], [ 19.804508210000108, 42.61305999700005 ], [ 19.801021576000096, 42.608016968000129 ], [ 19.796951293000177, 42.603645326000048 ], [ 19.794061660000125, 42.601348878000124 ], [ 19.790487290000101, 42.599205018000191 ], [ 19.785167693000062, 42.596984864000035 ], [ 19.772794724000107, 42.593418122000116 ], [ 19.772214889000054, 42.593212127000072 ] ] ] ] } },
{ "type": "Feature", "properties": { "fid": 3, "GID_1": "MNE.3_1", "GID_0": "MNE", "COUNTRY": "Montenegro", "NAME_1": "Berane", "VARNAME_1": "NA", "NL_NAME_1": "NA", "TYPE_1": "Opština", "ENGTYPE_1": "Municipality", "CC_1": "NA", "HASC_1": "ME.BE", "ISO_1": "ME-03" }, "geometry": { "type": "MultiPolygon", "coordinates": [ [ [ [ 20.001121520000083, 42.764408112000126 ], [ 19.997327805000168, 42.761371612000062 ], [ 19.985303879000014, 42.745708465000178 ], [ 19.982139588000166, 42.739421845000152 ], [ 19.981105805000141, 42.735092163000047 ], [ 19.979396820000034, 42.723556520000102 ], [ 19.979389192000156, 42.720165253000062 ], [ 19.980272293000098, 42.716915131000064 ], [ 19.986871720000181, 42.702766418000124 ], [ 19.9893054960001, 42.699207306000176 ], [ 19.986814500000037, 42.699207306000176 ], [ 19.98316192599998, 42.697532655000089 ], [ 19.974603653000031, 42.690414429000157 ], [ 19.972963333000052, 42.687847138999985 ], [ 19.972642898000061, 42.687343598000155 ], [ 19.972732545000099, 42.686294556000064 ], [ 19.973165513000083, 42.685867309000173 ], [ 19.958059310000124, 42.684638976000031 ], [ 19.935123443000123, 42.68530655 ], [ 19.917469025000116, 42.685474395000142 ], [ 19.910434723000037, 42.685272218000193 ], [ 19.905759812000042, 42.684658052000032 ], [ 19.901397705000136, 42.683441162000065 ], [ 19.887670517000174, 42.677402497000173 ], [ 19.880193711000061, 42.68152999800003 ], [ 19.869325637000031, 42.687938691000113 ], [ 19.858074187000057, 42.693298339000194 ], [ 19.855047225000078, 42.695426941000107 ], [ 19.85136795, 42.699214936000089 ], [ 19.846359253000116, 42.706691742000032 ], [ 19.839546204000101, 42.714683534000073 ], [ 19.836950302000105, 42.719699859000116 ], [ 19.836109161000024, 42.721900940000069 ], [ 19.835783005000053, 42.723873139000091 ], [ 19.835859299000163, 42.725856780000186 ], [ 19.836360932, 42.727798461000134 ], [ 19.837448120999966, 42.729930878000118 ], [ 19.839714050000168, 42.733039856000119 ], [ 19.844909668000184, 42.737873078000177 ], [ 19.856050492, 42.747081757000103 ], [ 19.859634400000118, 42.750732423000045 ], [ 19.861352921000105, 42.753376007000099 ], [ 19.862197876000096, 42.755863191000174 ], [ 19.862281799000186, 42.757530212000177 ], [ 19.861900329000093, 42.75910568300003 ], [ 19.860933304000071, 42.760543823000035 ], [ 19.859577180000144, 42.761535644000105 ], [ 19.858230592000098, 42.762069702000076 ], [ 19.856153487000142, 42.762424469000052 ], [ 19.853593827000054, 42.762374879 ], [ 19.851270676000127, 42.762027740000178 ], [ 19.841295243000161, 42.75951004 ], [ 19.83554458600014, 42.758674623000104 ], [ 19.827838898000095, 42.758377076000102 ], [ 19.820112228000085, 42.758529663000161 ], [ 19.816350937000038, 42.758819580000079 ], [ 19.812742233000051, 42.759368898000048 ], [ 19.787107467000169, 42.7657661450001 ], [ 19.781766891000075, 42.767288209000128 ], [ 19.777124404000062, 42.769081116000052 ], [ 19.769325256000116, 42.772644043000071 ], [ 19.761545181000088, 42.775707246000081 ], [ 19.754909515000122, 42.778869629000042 ], [ 19.746616364000033, 42.782024384000181 ], [ 19.734874724000179, 42.785514831000057 ], [ 19.729024887000151, 42.787963868000077 ], [ 19.703140259000179, 42.80069351200018 ], [ 19.698810577000074, 42.803287506 ], [ 19.690227509000067, 42.809200288000056 ], [ 19.685092926000095, 42.812286377000191 ], [ 19.681381225000166, 42.814140320000035 ], [ 19.670867920000092, 42.818737030000079 ], [ 19.668695450000143, 42.819911956999988 ], [ 19.666479111000172, 42.821468353000171 ], [ 19.665399551000178, 42.826454164000154 ], [ 19.664451599000074, 42.829204560000164 ], [ 19.65885353200008, 42.83932876700004 ], [ 19.658054352000022, 42.840976715000124 ], [ 19.657560349000107, 42.84281540000012 ], [ 19.657264710000049, 42.84669113200016 ], [ 19.657550811000192, 42.86316680900012 ], [ 19.65741157400015, 42.871646882000164 ], [ 19.665821076000157, 42.881801605000078 ], [ 19.668605804000151, 42.884181977000026 ], [ 19.672058106000179, 42.887912751000158 ], [ 19.676029204000088, 42.891029358000026 ], [ 19.685327530000109, 42.897151947000054 ], [ 19.693273545000068, 42.896465302000195 ], [ 19.70125579900008, 42.896221161000142 ], [ 19.708787919000144, 42.896327973000098 ], [ 19.712299346000123, 42.896633148000035 ], [ 19.717254638000156, 42.897472382000046 ], [ 19.72119522100013, 42.898368836000145 ], [ 19.726293564, 42.899738313 ], [ 19.735227585000189, 42.902454375000048 ], [ 19.745645524000167, 42.904666901000155 ], [ 19.750532150000026, 42.906047821000186 ], [ 19.752813340000102, 42.906814575000055 ], [ 19.757064819000107, 42.908752443000139 ], [ 19.76184272800009, 42.911876678999988 ], [ 19.765790940000102, 42.914920807000158 ], [ 19.774244309000096, 42.920581817000141 ], [ 19.782613754000067, 42.927928924000071 ], [ 19.787147521000122, 42.931224823000036 ], [ 19.789623260000042, 42.932460786000036 ], [ 19.792030335000163, 42.933227540000075 ], [ 19.7947273260001, 42.933700562000126 ], [ 19.796722412000179, 42.933795929000155 ], [ 19.798683167000149, 42.933654785000158 ], [ 19.800895690000118, 42.933158874000071 ], [ 19.803823470000111, 42.931755066000107 ], [ 19.809551238999973, 42.928089142000033 ], [ 19.811723710000081, 42.926914216000171 ], [ 19.815185547000056, 42.925281525000173 ], [ 19.819395065000037, 42.923610687000121 ], [ 19.830650330000026, 42.921154022000167 ], [ 19.839866639000093, 42.918609620000097 ], [ 19.846530914000027, 42.917083741000056 ], [ 19.854402542000116, 42.916225433000136 ], [ 19.859901428000171, 42.916305542000089 ], [ 19.864362717000063, 42.917083741000056 ], [ 19.866537094000137, 42.917739869000172 ], [ 19.868021011000053, 42.918395997000118 ], [ 19.869882583000106, 42.919555664000029 ], [ 19.875459672000147, 42.924297334000187 ], [ 19.878757476000146, 42.926197053000067 ], [ 19.885545730000104, 42.928630829000156 ], [ 19.892324447000135, 42.930778503000056 ], [ 19.902185439000107, 42.934989930000086 ], [ 19.904354096000077, 42.935672760000102 ], [ 19.906780242000082, 42.936191559000122 ], [ 19.916078568000103, 42.937789916000099 ], [ 19.924472809000179, 42.938999175000049 ], [ 19.930475235000131, 42.940689087000067 ], [ 19.933830262000185, 42.941856384000118 ], [ 19.938653946000159, 42.944049835000158 ], [ 19.945039750000035, 42.947376250000161 ], [ 19.954486847000169, 42.952804565000122 ], [ 19.96007919200008, 42.955245972000057 ], [ 19.963878632000046, 42.956287385000167 ], [ 19.974121093000065, 42.957431794000115 ], [ 19.977779389000091, 42.958057403000055 ], [ 19.980501174000096, 42.958736420000037 ], [ 19.989751814999977, 42.961830140000018 ], [ 19.99969863900003, 42.965793611000151 ], [ 20.00789833000016, 42.969848633000083 ], [ 20.010610580000048, 42.971729279000101 ], [ 20.013027191000049, 42.973880767000139 ], [ 20.014663697000117, 42.976181030000134 ], [ 20.02091789300016, 42.986972808000075 ], [ 20.022678375000112, 42.990016938000053 ], [ 20.022605897000176, 42.990173341000116 ], [ 20.026304245000119, 42.993305207000049 ], [ 20.033723831000088, 42.985141754999972 ], [ 20.034650802000158, 42.984275819000118 ], [ 20.042814254000064, 42.979785919000051 ], [ 20.061143875000084, 42.967849732 ], [ 20.066160202999981, 42.963634492000097 ], [ 20.07115364200007, 42.957439422 ], [ 20.073871612000062, 42.955116273000101 ], [ 20.077449799000078, 42.953411103000064 ], [ 20.081457137000029, 42.952621461000092 ], [ 20.085124969000105, 42.952823638000041 ], [ 20.087739944000191, 42.953552247000175 ], [ 20.092420578000031, 42.956123353000123 ], [ 20.103130340000121, 42.966186524000079 ], [ 20.106237411000109, 42.967544555000075 ], [ 20.109439851000047, 42.967765808000195 ], [ 20.112405777000106, 42.966682435000166 ], [ 20.120552064000094, 42.960483551999971 ], [ 20.121501923000096, 42.959972383000093 ], [ 20.105087280000021, 42.943199157000095 ], [ 20.100763322000034, 42.937786103000064 ], [ 20.095378875000108, 42.926937103000171 ], [ 20.089834212000085, 42.91744232200017 ], [ 20.086853028000178, 42.909206391000055 ], [ 20.08356475800008, 42.901187896000124 ], [ 20.081354142000123, 42.896705628000177 ], [ 20.077148438000108, 42.889739990000123 ], [ 20.066278458000113, 42.8761520380001 ], [ 20.063734054000065, 42.872241974000019 ], [ 20.061817169, 42.867813110000043 ], [ 20.060579299000096, 42.862983703000054 ], [ 20.059083939000175, 42.851402283000141 ], [ 20.058391571000072, 42.848575593000021 ], [ 20.056074142999989, 42.842922210999973 ], [ 20.053880692000178, 42.838737487000117 ], [ 20.050533295000037, 42.834541321000017 ], [ 20.032102585000075, 42.818073274000028 ], [ 20.02730941700014, 42.813339234000182 ], [ 20.022537231000172, 42.807914735000168 ], [ 20.01926994300004, 42.803165435000153 ], [ 20.018165589000148, 42.800712585000042 ], [ 20.017650605000142, 42.797653199000024 ], [ 20.017824173000122, 42.794830322000166 ], [ 20.018426896000165, 42.791931153000178 ], [ 20.020776749000163, 42.784515381000119 ], [ 20.023672104000184, 42.777259826000147 ], [ 20.000347137, 42.765094756000053 ], [ 20.001121520000083, 42.764408112000126 ] ] ] ] } },
{ "type": "Feature", "properties": { "fid": 4, "GID_1": "MNE.4_1", "GID_0": "MNE", "COUNTRY": "Montenegro", "NAME_1": "Bijelo Polje", "VARNAME_1": "NA", "NL_NAME_1": "NA", "TYPE_1": "Opština", "ENGTYPE_1": "Municipality", "CC_1": "NA", "HASC_1": "ME.BP", "ISO_1": "ME-04" }, "geometry": { "type": "MultiPolygon", "coordinates": [ [ [ [ 20.026304245000119, 42.993305207000049 ], [ 20.022605897000176, 42.990173341000116 ], [ 20.022678375000112, 42.990016938000053 ], [ 20.02091789300016, 42.986972808000075 ], [ 20.014663697000117, 42.976181030000134 ], [ 20.013027191000049, 42.973880767000139 ], [ 20.010610580000048, 42.971729279000101 ], [ 20.00789833000016, 42.969848633000083 ], [ 19.99969863900003, 42.965793611000151 ], [ 19.989751814999977, 42.961830140000018 ], [ 19.980501174000096, 42.958736420000037 ], [ 19.977779389000091, 42.958057403000055 ], [ 19.974121093000065, 42.957431794000115 ], [ 19.963878632000046, 42.956287385000167 ], [ 19.96007919200008, 42.955245972000057 ], [ 19.954486847000169, 42.952804565000122 ], [ 19.945039750000035, 42.947376250000161 ], [ 19.938653946000159, 42.944049835000158 ], [ 19.933830262000185, 42.941856384000118 ], [ 19.930475235000131, 42.940689087000067 ], [ 19.924472809000179, 42.938999175000049 ], [ 19.916078568000103, 42.937789916000099 ], [ 19.906780242000082, 42.936191559000122 ], [ 19.904354096000077, 42.935672760000102 ], [ 19.902185439000107, 42.934989930000086 ], [ 19.892324447000135, 42.930778503000056 ], [ 19.885545730000104, 42.928630829000156 ], [ 19.878757476000146, 42.926197053000067 ], [ 19.875459672000147, 42.924297334000187 ], [ 19.869882583000106, 42.919555664000029 ], [ 19.868021011000053, 42.918395997000118 ], [ 19.866537094000137, 42.917739869000172 ], [ 19.864362717000063, 42.917083741000056 ], [ 19.859901428000171, 42.916305542000089 ], [ 19.854402542000116, 42.916225433000136 ], [ 19.846530914000027, 42.917083741000056 ], [ 19.839866639000093, 42.918609620000097 ], [ 19.830650330000026, 42.921154022000167 ], [ 19.819395065000037, 42.923610687000121 ], [ 19.815185547000056, 42.925281525000173 ], [ 19.811723710000081, 42.926914216000171 ], [ 19.809551238999973, 42.928089142000033 ], [ 19.803823470000111, 42.931755066000107 ], [ 19.800895690000118, 42.933158874000071 ], [ 19.798683167000149, 42.933654785000158 ], [ 19.796722412000179, 42.933795929000155 ], [ 19.7947273260001, 42.933700562000126 ], [ 19.792030335000163, 42.933227540000075 ], [ 19.789623260000042, 42.932460786000036 ], [ 19.787147521000122, 42.931224823000036 ], [ 19.782613754000067, 42.927928924000071 ], [ 19.774244309000096, 42.920581817000141 ], [ 19.765790940000102, 42.914920807000158 ], [ 19.76184272800009, 42.911876678999988 ], [ 19.757064819000107, 42.908752443000139 ], [ 19.752813340000102, 42.906814575000055 ], [ 19.750532150000026, 42.906047821000186 ], [ 19.745645524000167, 42.904666901000155 ], [ 19.735227585000189, 42.902454375000048 ], [ 19.726293564, 42.899738313 ], [ 19.72119522100013, 42.898368836000145 ], [ 19.717254638000156, 42.897472382000046 ], [ 19.712299346000123, 42.896633148000035 ], [ 19.708787919000144, 42.896327973000098 ], [ 19.70125579900008, 42.896221161000142 ], [ 19.693273545000068, 42.896465302000195 ], [ 19.685327530000109, 42.897151947000054 ], [ 19.67126464800009, 42.906250001000046 ], [ 19.664073944000165, 42.910358428000052 ], [ 19.660680770000113, 42.912570954000159 ], [ 19.658437730000117, 42.914405823000038 ], [ 19.652904510999974, 42.919712067000091 ], [ 19.649747848, 42.923183442000038 ], [ 19.648714066000082, 42.924728394000113 ], [ 19.647621155000024, 42.927860260999978 ], [ 19.647539139000173, 42.930244445000085 ], [ 19.648149490000094, 42.932582855000135 ], [ 19.650247574000161, 42.935832977000075 ], [ 19.656396867000126, 42.943012238 ], [ 19.658237458000087, 42.946334839000031 ], [ 19.658914567000068, 42.948791504000155 ], [ 19.659227372000089, 42.951335908000033 ], [ 19.659116744000187, 42.956462861000148 ], [ 19.658592224000131, 42.958942414000035 ], [ 19.657680512000184, 42.961200715000075 ], [ 19.656286239, 42.963706970000089 ], [ 19.651132583000106, 42.970703126000046 ], [ 19.647022247, 42.976806641999985 ], [ 19.643741608000084, 42.980300903 ], [ 19.639448165000033, 42.984409333000144 ], [ 19.635343552000165, 42.987922668000124 ], [ 19.631866455000136, 42.990432740000188 ], [ 19.628944398000044, 42.991958619 ], [ 19.626697540000123, 42.992607117000034 ], [ 19.624050141000168, 42.993041993000134 ], [ 19.615709305000166, 42.993957520000151 ], [ 19.61045265100006, 42.994750977000137 ], [ 19.597747803000118, 42.995609283000078 ], [ 19.593456268000068, 42.996131897000168 ], [ 19.590169906000085, 42.996772767000095 ], [ 19.582214356000179, 42.998935699000185 ], [ 19.57508659400014, 43.000556947 ], [ 19.552774429000124, 43.004783630000077 ], [ 19.550083160000099, 43.005531311000027 ], [ 19.544851302000097, 43.00745391800001 ], [ 19.540079116000129, 43.00951004000018 ], [ 19.53235435400012, 43.013343811000027 ], [ 19.515844345, 43.020858766000174 ], [ 19.511758804000124, 43.022521974000142 ], [ 19.508344649000151, 43.023559569999975 ], [ 19.502342225000177, 43.025074006000068 ], [ 19.499059677, 43.025436401000093 ], [ 19.490924835000158, 43.025783539000088 ], [ 19.487455368000099, 43.026138306000178 ], [ 19.479198456000063, 43.027633666000099 ], [ 19.467992783000113, 43.029212952000023 ], [ 19.463462829000093, 43.030307769000103 ], [ 19.456176757000151, 43.032665252000072 ], [ 19.456800461000057, 43.039844513000162 ], [ 19.45787239100008, 43.046360016 ], [ 19.458866120000152, 43.064270020000038 ], [ 19.459703445000059, 43.06789016700003 ], [ 19.462690352000038, 43.075584413000172 ], [ 19.463626860999966, 43.077518464000036 ], [ 19.465270996000015, 43.079830170000037 ], [ 19.467550278000147, 43.082313538000164 ], [ 19.469865799000161, 43.08436202900009 ], [ 19.475191116000133, 43.088066101000152 ], [ 19.477260590000128, 43.089057922000052 ], [ 19.480356217000065, 43.090301515000192 ], [ 19.483764648000033, 43.091354370000147 ], [ 19.496442794000131, 43.094291687000123 ], [ 19.501035689000105, 43.095577240000125 ], [ 19.505369187000156, 43.097179413000106 ], [ 19.509174348000158, 43.099384308000026 ], [ 19.511095048000072, 43.101001739000026 ], [ 19.512668609000173, 43.102790833000086 ], [ 19.513664246000189, 43.104446411000083 ], [ 19.516338349000023, 43.112148286000092 ], [ 19.517539978000059, 43.114719391999984 ], [ 19.519121169000073, 43.117172242000095 ], [ 19.522453308000024, 43.120841981000069 ], [ 19.529867173000127, 43.128211976000102 ], [ 19.531766892, 43.130378723000092 ], [ 19.533525467000118, 43.133350372 ], [ 19.534591674000183, 43.136714935000157 ], [ 19.534482956000033, 43.14027023400007 ], [ 19.533180238000057, 43.143634797000175 ], [ 19.529314042000124, 43.149440766000112 ], [ 19.528020859000151, 43.152935028000059 ], [ 19.527555467000184, 43.156497955000077 ], [ 19.527761458999976, 43.15885543800016 ], [ 19.528476715000181, 43.16106414800015 ], [ 19.530467988, 43.163993836000088 ], [ 19.539804458000162, 43.172588349000193 ], [ 19.546766282000135, 43.180553437000185 ], [ 19.554222106000111, 43.186763763000158 ], [ 19.560037614000066, 43.192245484000125 ], [ 19.562532426000075, 43.196475983000141 ], [ 19.564340591000189, 43.202007294000111 ], [ 19.564592362000155, 43.206481934000124 ], [ 19.564157487000159, 43.208721162000131 ], [ 19.56216430600017, 43.212974547999977 ], [ 19.557821275000094, 43.21929168700018 ], [ 19.556804657000157, 43.221893311000144 ], [ 19.556461334000062, 43.223400117000097 ], [ 19.559772491000047, 43.222373962000177 ], [ 19.56597709700003, 43.218784333000087 ], [ 19.576005935000126, 43.209735871000191 ], [ 19.58719444400009, 43.197772981000128 ], [ 19.590372085000013, 43.192703246000178 ], [ 19.593919754000183, 43.182201386000031 ], [ 19.596462251000162, 43.179183960000159 ], [ 19.599872588000153, 43.176548004000153 ], [ 19.605196, 43.173965455000086 ], [ 19.62240982100019, 43.169948577000071 ], [ 19.626602173000094, 43.168430329000046 ], [ 19.63179779100011, 43.165557862000185 ], [ 19.641920091000088, 43.158782959000121 ], [ 19.644687653000119, 43.157665252000129 ], [ 19.648828507000076, 43.156620025000052 ], [ 19.655496597000081, 43.155742646000192 ], [ 19.676990509000177, 43.154418945000032 ], [ 19.683996200000081, 43.153507232000152 ], [ 19.699729920000038, 43.149593353000057 ], [ 19.707120896000106, 43.148349763 ], [ 19.714904786000091, 43.148422241000162 ], [ 19.733747482000183, 43.150375367000095 ], [ 19.743717193000066, 43.150928498000155 ], [ 19.744909287000098, 43.135906220000095 ], [ 19.74310493500019, 43.1314849850001 ], [ 19.73889732300006, 43.125797271000067 ], [ 19.73787880000009, 43.122390746000065 ], [ 19.739200592000032, 43.119609833000084 ], [ 19.74204063500008, 43.116966247 ], [ 19.748672486000146, 43.112827301000038 ], [ 19.76185607900004, 43.106468200000108 ], [ 19.766424180000058, 43.105083465000064 ], [ 19.778598785000099, 43.103919983000026 ], [ 19.781875610999975, 43.102951050000058 ], [ 19.785715104000133, 43.100124360000166 ], [ 19.787710190000041, 43.097450257000162 ], [ 19.791637421000189, 43.090209961000085 ], [ 19.793701171, 43.087917328000174 ], [ 19.795528411000078, 43.086772920000158 ], [ 19.797666549000041, 43.086166381000169 ], [ 19.801000595, 43.086307526000041 ], [ 19.804046631000176, 43.087261200000057 ], [ 19.815483094000058, 43.09400177100008 ], [ 19.818847656000116, 43.095436096000185 ], [ 19.822786331000145, 43.096462249000126 ], [ 19.825807572000087, 43.096733094000058 ], [ 19.829439163000075, 43.096294403000059 ], [ 19.834308624000187, 43.094146728000112 ], [ 19.843660354000178, 43.086879730000135 ], [ 19.849594117000095, 43.083515166999973 ], [ 19.860227585000075, 43.079788208000082 ], [ 19.866914749000046, 43.077907562000121 ], [ 19.870859146000157, 43.077171325 ], [ 19.876554488000124, 43.077079773000094 ], [ 19.883380890000069, 43.078285216999973 ], [ 19.899988174000157, 43.083171844000105 ], [ 19.904336930000056, 43.084785462000013 ], [ 19.916580201000102, 43.090450287000067 ], [ 19.919233323000071, 43.09105301000011 ], [ 19.922660828000062, 43.091140747000168 ], [ 19.925628663000055, 43.090343475000111 ], [ 19.92733574000016, 43.089126587000123 ], [ 19.929336549000084, 43.085952759000065 ], [ 19.932281494000108, 43.074985504999972 ], [ 19.933738708000078, 43.071243287000186 ], [ 19.941270828000143, 43.059864044 ], [ 19.947069168000098, 43.047260285000164 ], [ 19.950046539000141, 43.043682098000147 ], [ 19.957874299000139, 43.037273408000146 ], [ 19.963272094000104, 43.033977508000078 ], [ 19.971345902000053, 43.030364991000056 ], [ 19.987674713000104, 43.024059296000132 ], [ 20.003160476000176, 43.016105651000089 ], [ 20.009386063000079, 43.012050628000054 ], [ 20.016635895000036, 43.005264283000145 ], [ 20.025514603000147, 42.994174957999974 ], [ 20.026304245000119, 42.993305207000049 ] ] ] ] } },
{ "type": "Feature", "properties": { "fid": 13, "GID_1": "MNE.13_1", "GID_0": "MNE", "COUNTRY": "Montenegro", "NAME_1": "Plav", "VARNAME_1": "NA", "NL_NAME_1": "NA", "TYPE_1": "Opština", "ENGTYPE_1": "Municipality", "CC_1": "NA", "HASC_1": "ME.PV", "ISO_1": "ME-13" }, "geometry": { "type": "MultiPolygon", "coordinates": [ [ [ [ 20.033109664000165, 42.548316956 ], [ 20.025245667000092, 42.545213701000023 ], [ 20.013879776000181, 42.538475037000069 ], [ 20.010631561000082, 42.535198211000193 ], [ 20.008358002000023, 42.528129577000129 ], [ 20.003997803000118, 42.517078399000013 ], [ 20.000982284000088, 42.514205932000152 ], [ 19.999478436000174, 42.512771581000038 ], [ 19.998010635000128, 42.511371612000119 ], [ 19.99794006400009, 42.511302949000026 ], [ 19.99373054400013, 42.511875153000119 ], [ 19.99233436600008, 42.512069702000133 ], [ 19.990240098000186, 42.512355805000084 ], [ 19.988409042000171, 42.512622833000137 ], [ 19.978685379000069, 42.515476227000136 ], [ 19.973526002000142, 42.515144349000082 ], [ 19.968547821000072, 42.513290405000134 ], [ 19.962108612000122, 42.511531830000195 ], [ 19.95746994000018, 42.510269165000068 ], [ 19.94985580499997, 42.512863159000119 ], [ 19.942153930000188, 42.516227722000053 ], [ 19.941678047000153, 42.516525269000113 ], [ 19.937080384000126, 42.519374847000165 ], [ 19.929990769000028, 42.517757416000165 ], [ 19.906286239000167, 42.507392883000136 ], [ 19.898080827000172, 42.502243042000089 ], [ 19.896576881000044, 42.497406007000166 ], [ 19.896568298000147, 42.497291565000126 ], [ 19.896209717000033, 42.492115022000178 ], [ 19.8956604010001, 42.490386963000105 ], [ 19.895656053000096, 42.490373073000058 ], [ 19.89565029500011, 42.490354678000188 ], [ 19.895092010000042, 42.488571168000078 ], [ 19.890214921000165, 42.485946655000077 ], [ 19.886171341000079, 42.489158631000066 ], [ 19.881347021000067, 42.49378077200015 ], [ 19.873070717000076, 42.494085312000152 ], [ 19.870565415000101, 42.490324021000049 ], [ 19.870415357000127, 42.489835297000127 ], [ 19.869892121000191, 42.486186982000163 ], [ 19.868574142000114, 42.484371186000033 ], [ 19.868114472000059, 42.483753205000141 ], [ 19.858495712000035, 42.481597901000157 ], [ 19.856867155000032, 42.481492361000107 ], [ 19.850620269000046, 42.480447769000193 ], [ 19.846296310000128, 42.479267120000145 ], [ 19.8418560020001, 42.478424073000099 ], [ 19.841026306, 42.47826767100014 ], [ 19.834953309000184, 42.474298478000037 ], [ 19.833229066000058, 42.467416764000177 ], [ 19.82732997300019, 42.467490224000187 ], [ 19.826588912000091, 42.467678955999986 ], [ 19.825914383000111, 42.467552185999978 ], [ 19.823032380000143, 42.468482972000118 ], [ 19.821492196000065, 42.468976975000032 ], [ 19.819952011000112, 42.469470978000118 ], [ 19.805004120000092, 42.476589202000071 ], [ 19.792234422000092, 42.483127594000166 ], [ 19.791658402000053, 42.48342132700003 ], [ 19.791379929000186, 42.483707428000173 ], [ 19.791188800999976, 42.483902003000026 ], [ 19.790428162000012, 42.48467636100014 ], [ 19.784511565000116, 42.490661621000129 ], [ 19.779516221000165, 42.497264863000055 ], [ 19.7740631100001, 42.499225617000093 ], [ 19.773910522000108, 42.499303818999977 ], [ 19.773757934000059, 42.499382020000155 ], [ 19.767381668000098, 42.502643585000101 ], [ 19.766756057000066, 42.503389358999982 ], [ 19.766130446000091, 42.504135133000091 ], [ 19.763097764000179, 42.507755280000026 ], [ 19.762906075000046, 42.509275437000099 ], [ 19.760515213000133, 42.519901276000098 ], [ 19.754390716000046, 42.52720642100013 ], [ 19.750333786000112, 42.534637452000084 ], [ 19.748659135000025, 42.539543152000078 ], [ 19.745723725000175, 42.546279908000088 ], [ 19.743875503000027, 42.549938202000078 ], [ 19.743650436000109, 42.550384522000058 ], [ 19.744554304000133, 42.551622831000088 ], [ 19.747323990000154, 42.558326722000118 ], [ 19.754066468000076, 42.566852569000048 ], [ 19.751272202000166, 42.572448731000179 ], [ 19.751081467000063, 42.57397461000005 ], [ 19.750406264999981, 42.579326629000093 ], [ 19.75358390800011, 42.582996368000067 ], [ 19.760860444000173, 42.587318421000191 ], [ 19.770965576000151, 42.587795257000039 ], [ 19.772807121000028, 42.592218399000046 ], [ 19.772214889000054, 42.593212127000072 ], [ 19.772794724000107, 42.593418122000116 ], [ 19.785167693000062, 42.596984864000035 ], [ 19.790487290000101, 42.599205018000191 ], [ 19.794061660000125, 42.601348878000124 ], [ 19.796951293000177, 42.603645326000048 ], [ 19.801021576000096, 42.608016968000129 ], [ 19.804508210000108, 42.61305999700005 ], [ 19.809783935000041, 42.622089385000152 ], [ 19.816234588999976, 42.631000520000043 ], [ 19.837743759000091, 42.653419495000037 ], [ 19.84292221000004, 42.657199860000048 ], [ 19.852546693000136, 42.662296296000022 ], [ 19.875556946000188, 42.672531129000163 ], [ 19.887670517000174, 42.677402497000173 ], [ 19.901397705000136, 42.683441162000065 ], [ 19.905759812000042, 42.684658052000032 ], [ 19.910434723000037, 42.685272218000193 ], [ 19.917469025000116, 42.685474395000142 ], [ 19.935123443000123, 42.68530655 ], [ 19.958059310000124, 42.684638976000031 ], [ 19.973165513000083, 42.685867309000173 ], [ 19.972732545000099, 42.686294556000064 ], [ 19.972642898000061, 42.687343598000155 ], [ 19.972963333000052, 42.687847138999985 ], [ 19.974603653000031, 42.690414429000157 ], [ 19.98316192599998, 42.697532655000089 ], [ 19.986814500000037, 42.699207306000176 ], [ 19.9893054960001, 42.699207306000176 ], [ 19.989381790000039, 42.699131013000169 ], [ 19.993244171000129, 42.695186615000125 ], [ 20.003759384000034, 42.687263489000031 ], [ 20.01440811100008, 42.6808395380001 ], [ 20.022441864000029, 42.676975250000112 ], [ 20.036266327000135, 42.671260834000122 ], [ 20.039854050000088, 42.669303895000155 ], [ 20.044824601000016, 42.665649414000029 ], [ 20.052051544000165, 42.658843995000154 ], [ 20.057537079000099, 42.654823304000104 ], [ 20.071590423000089, 42.646114351000051 ], [ 20.0632534020001, 42.639873506000185 ], [ 20.055603028, 42.633262634000118 ], [ 20.037746429000038, 42.612667084000122 ], [ 20.033849716000134, 42.6069335950001 ], [ 20.033075333000113, 42.602558137000074 ], [ 20.033964157000071, 42.599708557000042 ], [ 20.036579131999986, 42.594383239000138 ], [ 20.039493561000029, 42.586448670000095 ], [ 20.046258926000121, 42.577693940000131 ], [ 20.046930314000065, 42.574726105000138 ], [ 20.045738221000136, 42.571289062000062 ], [ 20.038810728999977, 42.561786652000194 ], [ 20.033908844000052, 42.551212311000029 ], [ 20.033267974000125, 42.550312042000087 ], [ 20.033109664000165, 42.548316956 ] ] ] ] } },
{ "type": "Feature", "properties": { "fid": 14, "GID_1": "MNE.14_1", "GID_0": "MNE", "COUNTRY": "Montenegro", "NAME_1": "Pljevlja", "VARNAME_1": "NA", "NL_NAME_1": "NA", "TYPE_1": "Opština", "ENGTYPE_1": "Municipality", "CC_1": "NA", "HASC_1": "ME.PL", "ISO_1": "ME-14" }, "geometry": { "type": "MultiPolygon", "coordinates": [ [ [ [ 18.942588806000117, 43.527824402000135 ], [ 18.942897797, 43.528022766000049 ], [ 18.960311889000081, 43.533847809000179 ], [ 18.979692459000091, 43.533370972000057 ], [ 18.983093261000135, 43.539100648000044 ], [ 18.985851288000163, 43.543750763000105 ], [ 18.986005783000053, 43.55157852300016 ], [ 18.986448288000133, 43.560317992000193 ], [ 19.010286331000145, 43.562641144 ], [ 19.011272431, 43.560546875 ], [ 19.01675033600003, 43.548900605000085 ], [ 19.041881561000082, 43.551235199000132 ], [ 19.04594993600017, 43.548995972000057 ], [ 19.058267594000085, 43.542209626000044 ], [ 19.060886384000014, 43.53133392400008 ], [ 19.060958862000177, 43.531028747000164 ], [ 19.078504562000091, 43.521553041000061 ], [ 19.094623565000177, 43.528888702000131 ], [ 19.096038819000057, 43.529533387000072 ], [ 19.098608017000174, 43.530704499000137 ], [ 19.12524414, 43.528465272000062 ], [ 19.141122819000145, 43.535469055000192 ], [ 19.157325745000151, 43.541469574000132 ], [ 19.176752091000083, 43.529758453000056 ], [ 19.185674667000058, 43.535148620000086 ], [ 19.179611205000185, 43.518024445000151 ], [ 19.171781540000097, 43.495918274000076 ], [ 19.170965195000178, 43.492763519000107 ], [ 19.171260834, 43.487476349000133 ], [ 19.173847198000146, 43.480148316000168 ], [ 19.176046371000098, 43.475967407000041 ], [ 19.179483414, 43.471149444000105 ], [ 19.188928604000125, 43.461463928000171 ], [ 19.19520187300003, 43.4566459670001 ], [ 19.215730667, 43.446838380000145 ], [ 19.223098755000024, 43.442504884000016 ], [ 19.233217239, 43.435733795000147 ], [ 19.236072541, 43.434440614000152 ], [ 19.260799407000093, 43.426074982000046 ], [ 19.27312469400016, 43.423580170000037 ], [ 19.277111054000159, 43.422321321000084 ], [ 19.285379409000086, 43.417831421000187 ], [ 19.297134399000186, 43.408481597 ], [ 19.308155061000036, 43.402816772000165 ], [ 19.318464279000182, 43.399360657000102 ], [ 19.329570770000146, 43.397872925000115 ], [ 19.333847045000027, 43.396957397000051 ], [ 19.339584351000099, 43.394844056000068 ], [ 19.348932267000123, 43.389873505000139 ], [ 19.360797883000089, 43.380661011000086 ], [ 19.366861344000029, 43.377933503 ], [ 19.371835708000049, 43.376693725000109 ], [ 19.376880646000188, 43.376049042000147 ], [ 19.388620376000063, 43.375720977000128 ], [ 19.393434524000156, 43.375381469000104 ], [ 19.395597458000054, 43.374866485000098 ], [ 19.396728516000167, 43.366813660000048 ], [ 19.398170471000014, 43.362285615000133 ], [ 19.406543731000056, 43.349411012000076 ], [ 19.411996842000121, 43.338596345000099 ], [ 19.417499542000144, 43.332141877000026 ], [ 19.43093681400012, 43.318912505000185 ], [ 19.437078477000171, 43.31395721500013 ], [ 19.44045066800004, 43.312004089000027 ], [ 19.444639206000033, 43.310222626000154 ], [ 19.454305649000048, 43.307022095000093 ], [ 19.467136383000081, 43.303440095000042 ], [ 19.474981308000054, 43.30067062300003 ], [ 19.480438232000154, 43.297306060000096 ], [ 19.482818603000055, 43.294677735000107 ], [ 19.484243392000053, 43.292110444000059 ], [ 19.484895705000099, 43.28735733100018 ], [ 19.483358383000109, 43.273468018000187 ], [ 19.483226777000027, 43.269096376000164 ], [ 19.483989715000121, 43.264793397000176 ], [ 19.486133576000157, 43.259811401000093 ], [ 19.49449539200009, 43.246513367000091 ], [ 19.49929618800013, 43.242565155000079 ], [ 19.510738374000084, 43.235069276000047 ], [ 19.51573562599998, 43.232250214000032 ], [ 19.522617340000068, 43.230403900000056 ], [ 19.535205840000174, 43.229103089000148 ], [ 19.547573090000071, 43.226158141000042 ], [ 19.556461334000062, 43.223400117000097 ], [ 19.556804657000157, 43.221893311000144 ], [ 19.557821275000094, 43.21929168700018 ], [ 19.56216430600017, 43.212974547999977 ], [ 19.564157487000159, 43.208721162000131 ], [ 19.564592362000155, 43.206481934000124 ], [ 19.564340591000189, 43.202007294000111 ], [ 19.562532426000075, 43.196475983000141 ], [ 19.560037614000066, 43.192245484000125 ], [ 19.554222106000111, 43.186763763000158 ], [ 19.546766282000135, 43.180553437000185 ], [ 19.539804458000162, 43.172588349000193 ], [ 19.530467988, 43.163993836000088 ], [ 19.528476715000181, 43.16106414800015 ], [ 19.527761458999976, 43.15885543800016 ], [ 19.527555467000184, 43.156497955000077 ], [ 19.528020859000151, 43.152935028000059 ], [ 19.529314042000124, 43.149440766000112 ], [ 19.533180238000057, 43.143634797000175 ], [ 19.534482956000033, 43.14027023400007 ], [ 19.534591674000183, 43.136714935000157 ], [ 19.533525467000118, 43.133350372 ], [ 19.531766892, 43.130378723000092 ], [ 19.529867173000127, 43.128211976000102 ], [ 19.522453308000024, 43.120841981000069 ], [ 19.519121169000073, 43.117172242000095 ], [ 19.517539978000059, 43.114719391999984 ], [ 19.516338349000023, 43.112148286000092 ], [ 19.513664246000189, 43.104446411000083 ], [ 19.512668609000173, 43.102790833000086 ], [ 19.511095048000072, 43.101001739000026 ], [ 19.509174348000158, 43.099384308000026 ], [ 19.505369187000156, 43.097179413000106 ], [ 19.501035689000105, 43.095577240000125 ], [ 19.496442794000131, 43.094291687000123 ], [ 19.483764648000033, 43.091354370000147 ], [ 19.480356217000065, 43.090301515000192 ], [ 19.477260590000128, 43.089057922000052 ], [ 19.475191116000133, 43.088066101000152 ], [ 19.469865799000161, 43.08436202900009 ], [ 19.467550278000147, 43.082313538000164 ], [ 19.465270996000015, 43.079830170000037 ], [ 19.463626860999966, 43.077518464000036 ], [ 19.462690352000038, 43.075584413000172 ], [ 19.459703445000059, 43.06789016700003 ], [ 19.458866120000152, 43.064270020000038 ], [ 19.45787239100008, 43.046360016 ], [ 19.456800461000057, 43.039844513000162 ], [ 19.456176757000151, 43.032665252000072 ], [ 19.445701599000074, 43.033672334000073 ], [ 19.42707443300003, 43.033924103 ], [ 19.422241212000074, 43.034130096000126 ], [ 19.4183235160001, 43.034610748000091 ], [ 19.409721375000061, 43.036014556000055 ], [ 19.408876418000091, 43.037345886000082 ], [ 19.40645790200017, 43.039684296000132 ], [ 19.394655227000158, 43.048568727000088 ], [ 19.391574860000105, 43.051532746000078 ], [ 19.377687454000181, 43.070686341000112 ], [ 19.374145508000026, 43.074253083000144 ], [ 19.369205474000012, 43.078186035000158 ], [ 19.365268707000155, 43.080238343000133 ], [ 19.355312348000155, 43.083801270000151 ], [ 19.353239059000146, 43.084743500000116 ], [ 19.350402833000089, 43.086475373000155 ], [ 19.346178055000166, 43.089633940999988 ], [ 19.33363151500015, 43.100086213000111 ], [ 19.322259902000098, 43.10673904500004 ], [ 19.318986893000101, 43.109401703000117 ], [ 19.314590455000143, 43.113883973000043 ], [ 19.310523987000124, 43.117469788 ], [ 19.304256438000152, 43.121589661000087 ], [ 19.291151046999971, 43.128227235000054 ], [ 19.278972626000154, 43.135520934 ], [ 19.267078399000013, 43.141757966000057 ], [ 19.255178451000063, 43.146900177000134 ], [ 19.240898132000041, 43.15215683100007 ], [ 19.229021073000126, 43.156841278000172 ], [ 19.221057891999976, 43.160518646000128 ], [ 19.218051911000032, 43.162223815000061 ], [ 19.211692811000034, 43.167453766000165 ], [ 19.199968339000065, 43.17949295000011 ], [ 19.195211411000116, 43.183063507000043 ], [ 19.191793441000073, 43.185039520000032 ], [ 19.188907623000034, 43.186080933000142 ], [ 19.185436248000144, 43.186904907000098 ], [ 19.180118561000086, 43.18758392400008 ], [ 19.171388627000056, 43.187915802000191 ], [ 19.158235551000132, 43.187675475999981 ], [ 19.154050827000106, 43.187274934000072 ], [ 19.148649215999967, 43.186290741000107 ], [ 19.130207062000125, 43.181549073000156 ], [ 19.123254776000124, 43.180839538000157 ], [ 19.115068435000182, 43.180938720000029 ], [ 19.093721390000042, 43.181938172000116 ], [ 19.086822509000058, 43.18284225400015 ], [ 19.082380294000131, 43.183830261000082 ], [ 19.077217102000134, 43.185550691000117 ], [ 19.071376801000156, 43.187866212000131 ], [ 19.067493439000032, 43.189888000999986 ], [ 19.065513610999972, 43.191150666000112 ], [ 19.061624526000173, 43.194648742000027 ], [ 19.059703826000089, 43.198268890000065 ], [ 19.059144975000095, 43.201900482000156 ], [ 19.059238434000122, 43.212596893000125 ], [ 19.058486939000034, 43.219173431000172 ], [ 19.050899506000064, 43.242462158000137 ], [ 19.050794601000177, 43.242454530000089 ], [ 19.050968169000157, 43.243968963000043 ], [ 19.046459198000036, 43.249771118000069 ], [ 19.040872574000161, 43.255569459000128 ], [ 19.032283784000072, 43.263088227000139 ], [ 19.030220032000045, 43.264739991 ], [ 19.033441543000038, 43.274051666000162 ], [ 19.034992218000184, 43.284263610999972 ], [ 19.050785065000127, 43.28295516999998 ], [ 19.075117111000054, 43.282062531000122 ], [ 19.078304290000062, 43.317226411000092 ], [ 19.073848724000129, 43.32240295400004 ], [ 19.058557510000071, 43.340179444000057 ], [ 19.04889869699997, 43.360187532000168 ], [ 19.050939560000188, 43.378170014000148 ], [ 19.044090272000119, 43.398891450000121 ], [ 19.02653884900019, 43.415504456000122 ], [ 19.019866944000171, 43.42641449000007 ], [ 19.017400741000131, 43.443519592000143 ], [ 18.992231369000024, 43.454524995000099 ], [ 18.975036621000186, 43.46220016500007 ], [ 18.973978042000056, 43.462673187000121 ], [ 18.964275359999988, 43.474342346000128 ], [ 18.961977004000062, 43.48075103900004 ], [ 18.960269929000162, 43.485511779000149 ], [ 18.964601517000062, 43.497390748000043 ], [ 18.957626343000072, 43.502162934000182 ], [ 18.958372115000145, 43.513103485000102 ], [ 18.958541870999966, 43.515575408000075 ], [ 18.951070786000116, 43.514675141000112 ], [ 18.944692612000097, 43.513912200000163 ], [ 18.936552048000181, 43.508632660000103 ], [ 18.926132202000076, 43.500183107000055 ], [ 18.922883986999977, 43.5086059570001 ], [ 18.929475784000147, 43.519378662000179 ], [ 18.942588806000117, 43.527824402000135 ] ] ] ] } },
{ "type": "Feature", "properties": { "fid": 17, "GID_1": "MNE.17_1", "GID_0": "MNE", "COUNTRY": "Montenegro", "NAME_1": "Rožaje", "VARNAME_1": "NA", "NL_NAME_1": "NA", "TYPE_1": "Opština", "ENGTYPE_1": "Municipality", "CC_1": "NA", "HASC_1": "ME.RO", "ISO_1": "NA" }, "geometry": { "type": "MultiPolygon", "coordinates": [ [ [ [ 20.313747407000164, 42.826240539000139 ], [ 20.306541441999968, 42.821071624000126 ], [ 20.30533981300016, 42.820365906000177 ], [ 20.304811478000033, 42.820152283000027 ], [ 20.304252625000061, 42.819984436000084 ], [ 20.303663254000071, 42.819877626000107 ], [ 20.302932740000188, 42.819839479000052 ], [ 20.302169800000115, 42.819873810000161 ], [ 20.300565720000122, 42.820045471000071 ], [ 20.297088623999969, 42.820507050000117 ], [ 20.277368545, 42.819248199000185 ], [ 20.270261764000054, 42.817840576000151 ], [ 20.255798339000023, 42.812419891000047 ], [ 20.241752624000014, 42.808910369000102 ], [ 20.237844468000162, 42.807609558000024 ], [ 20.227367402000141, 42.802875519000111 ], [ 20.223300934000122, 42.799732209000126 ], [ 20.221691131000057, 42.797084808000193 ], [ 20.221248628000126, 42.793434144000116 ], [ 20.225997925000058, 42.77283477900005 ], [ 20.224601745000029, 42.767848968000067 ], [ 20.216569901000184, 42.754951478000123 ], [ 20.211969375000024, 42.748893737000117 ], [ 20.207868576000067, 42.745353699000134 ], [ 20.202751159000059, 42.742118834999985 ], [ 20.196094514000038, 42.739231109000173 ], [ 20.19146919200017, 42.738006592000033 ], [ 20.184688567000023, 42.737064362000069 ], [ 20.17762756400009, 42.73668289200009 ], [ 20.163339614000051, 42.736946107000108 ], [ 20.156383513000151, 42.737613678 ], [ 20.149778366000135, 42.738883973000043 ], [ 20.127740861000063, 42.746894836000195 ], [ 20.121185304000107, 42.748229981000122 ], [ 20.115734101000157, 42.748275758000091 ], [ 20.103948594000144, 42.74631118800005 ], [ 20.099765778000119, 42.746131897000055 ], [ 20.095542907000038, 42.746448517000147 ], [ 20.087713241000188, 42.748203277000187 ], [ 20.07831573500016, 42.751083375000121 ], [ 20.071979523000095, 42.753612518000011 ], [ 20.060266494000075, 42.759094238000102 ], [ 20.055688857000121, 42.760623932000158 ], [ 20.049449920000029, 42.76193618800005 ], [ 20.038274766000143, 42.763259888000164 ], [ 20.02370834400017, 42.766899108000132 ], [ 20.017023086, 42.768047332000151 ], [ 20.011550904000046, 42.767955780000193 ], [ 20.007867814000122, 42.767223358000138 ], [ 20.001474380000104, 42.764690400000177 ], [ 20.001121520000083, 42.764408112000126 ], [ 20.000347137, 42.765094756000053 ], [ 20.023672104000184, 42.777259826000147 ], [ 20.020776749000163, 42.784515381000119 ], [ 20.018426896000165, 42.791931153000178 ], [ 20.017824173000122, 42.794830322000166 ], [ 20.017650605000142, 42.797653199000024 ], [ 20.018165589000148, 42.800712585000042 ], [ 20.01926994300004, 42.803165435000153 ], [ 20.022537231000172, 42.807914735000168 ], [ 20.02730941700014, 42.813339234000182 ], [ 20.032102585000075, 42.818073274000028 ], [ 20.050533295000037, 42.834541321000017 ], [ 20.053880692000178, 42.838737487000117 ], [ 20.056074142999989, 42.842922210999973 ], [ 20.058391571000072, 42.848575593000021 ], [ 20.059083939000175, 42.851402283000141 ], [ 20.060579299000096, 42.862983703000054 ], [ 20.061817169, 42.867813110000043 ], [ 20.063734054000065, 42.872241974000019 ], [ 20.066278458000113, 42.8761520380001 ], [ 20.077148438000108, 42.889739990000123 ], [ 20.081354142000123, 42.896705628000177 ], [ 20.08356475800008, 42.901187896000124 ], [ 20.086853028000178, 42.909206391000055 ], [ 20.089834212000085, 42.91744232200017 ], [ 20.095378875000108, 42.926937103000171 ], [ 20.100763322000034, 42.937786103000064 ], [ 20.105087280000021, 42.943199157000095 ], [ 20.121501923000096, 42.959972383000093 ], [ 20.123029708000104, 42.9591484070001 ], [ 20.132047653000086, 42.955635072000121 ], [ 20.157260894, 42.944118500000059 ], [ 20.167272568000044, 42.94027328500016 ], [ 20.186012269000116, 42.931083679000096 ], [ 20.20294761700012, 42.925220490000186 ], [ 20.22942352300015, 42.914875030000189 ], [ 20.235578537000151, 42.913295746000074 ], [ 20.254028321000078, 42.909732819000055 ], [ 20.27636528000005, 42.903591156000061 ], [ 20.295160294000141, 42.896389008000085 ], [ 20.310773850000089, 42.891204833000074 ], [ 20.313032151000129, 42.889816285000109 ], [ 20.314783096000156, 42.888114929000039 ], [ 20.316350937000095, 42.885417939000149 ], [ 20.317323685000133, 42.881877899000187 ], [ 20.317647935000139, 42.878089906000184 ], [ 20.316755295000178, 42.870292663000157 ], [ 20.31093216, 42.852058411000087 ], [ 20.310628891000079, 42.847454071000129 ], [ 20.313610076000089, 42.831264497000177 ], [ 20.313747407000164, 42.826240539000139 ] ] ] ] } },
{ "type": "Feature", "properties": { "fid": 18, "GID_1": "SRB.9_1", "GID_0": "SRB", "COUNTRY": "Serbia", "NAME_1": "Moravički", "VARNAME_1": null, "NL_NAME_1": "Моравички", "TYPE_1": null, "ENGTYPE_1": null, "CC_1": null, "HASC_1": null, "ISO_1": null }, "geometry": { "type": "MultiPolygon", "coordinates": [ [ [ [ 20.172960282000133, 43.652271271000188 ], [ 20.186647416000142, 43.648559570000145 ], [ 20.189258576000043, 43.647983550000106 ], [ 20.193347930000186, 43.647418976000097 ], [ 20.201526641000157, 43.647010804000047 ], [ 20.229387284000097, 43.64683532700019 ], [ 20.233200072999978, 43.646579742000085 ], [ 20.236841201000175, 43.646034241000166 ], [ 20.238927841000191, 43.645500184000127 ], [ 20.243745804000127, 43.643905639000081 ], [ 20.245615005000104, 43.643093109000176 ], [ 20.249250412000094, 43.641109466000103 ], [ 20.250860215000159, 43.639892578000115 ], [ 20.252103806000093, 43.638462066999978 ], [ 20.253013611000142, 43.636871337000173 ], [ 20.25525665400005, 43.63049316300004 ], [ 20.256196975000137, 43.629039765000016 ], [ 20.257488251000041, 43.627845764000085 ], [ 20.259180070000127, 43.627006532000109 ], [ 20.26116180300005, 43.626514434000057 ], [ 20.263887406000038, 43.626377105000188 ], [ 20.270957947, 43.626960755000141 ], [ 20.274076461000107, 43.626937866000105 ], [ 20.285200118999967, 43.625595093000129 ], [ 20.292909623000185, 43.625366211000028 ], [ 20.300622940000039, 43.625667572000168 ], [ 20.311761857000022, 43.627262116000111 ], [ 20.314886093000041, 43.627388 ], [ 20.320014953000054, 43.627017975000058 ], [ 20.321891784000172, 43.626541138000164 ], [ 20.324012756000172, 43.625324249000073 ], [ 20.324907303000032, 43.624107361000142 ], [ 20.326488493999989, 43.620826722 ], [ 20.328451156000028, 43.618247987000075 ], [ 20.331268311000144, 43.615726471000187 ], [ 20.333049774000017, 43.614803315000188 ], [ 20.340459824000106, 43.61233902000015 ], [ 20.342681885000047, 43.611198426000101 ], [ 20.346349717000123, 43.608821870000099 ], [ 20.350160599000105, 43.606945037000116 ], [ 20.356897354000182, 43.605167389000144 ], [ 20.36923408500013, 43.602909088000047 ], [ 20.368026733000079, 43.599754333000078 ], [ 20.366651536000063, 43.594261170000038 ], [ 20.366407395000067, 43.591220855000131 ], [ 20.366533280000056, 43.588283540000191 ], [ 20.367740632000107, 43.582386016000157 ], [ 20.367788315000098, 43.580223085000171 ], [ 20.367242814000178, 43.578132630000141 ], [ 20.366155624999976, 43.576274872000113 ], [ 20.357368469000164, 43.565341950000175 ], [ 20.354200363000075, 43.559165956000072 ], [ 20.352708816000188, 43.557384492000097 ], [ 20.348834991000047, 43.554141998000034 ], [ 20.343620300000168, 43.550991058000136 ], [ 20.324926376000064, 43.542972565000014 ], [ 20.315309525000089, 43.539463043000069 ], [ 20.309494018000066, 43.537055970000154 ], [ 20.307703019000087, 43.536163330000193 ], [ 20.30585670500011, 43.534767150000107 ], [ 20.305294036000191, 43.533195496000133 ], [ 20.305747985000153, 43.532196045000092 ], [ 20.307413101000066, 43.53067398100012 ], [ 20.312786102000132, 43.526618958000086 ], [ 20.316940307000039, 43.521659850999981 ], [ 20.318759917000136, 43.519985200000065 ], [ 20.326665878000142, 43.515243530000134 ], [ 20.337820053000087, 43.507251740000072 ], [ 20.340312957000151, 43.505691528000114 ], [ 20.343080521000161, 43.504600526000104 ], [ 20.348121643000184, 43.503456115000176 ], [ 20.34993743800004, 43.502826691000166 ], [ 20.352306366000107, 43.501434326000151 ], [ 20.353631974, 43.50035095200019 ], [ 20.354803086000118, 43.499149323000154 ], [ 20.357559205000143, 43.495388032000108 ], [ 20.360008240000184, 43.492813111000089 ], [ 20.362291336999988, 43.490921020000144 ], [ 20.370246887000121, 43.485900880000088 ], [ 20.383487702000082, 43.473995210000169 ], [ 20.385612487000117, 43.470916748000036 ], [ 20.387456894000081, 43.46674728500011 ], [ 20.388631821, 43.46476364199998 ], [ 20.390428543000155, 43.462860108000086 ], [ 20.392686844000082, 43.461166381000169 ], [ 20.398588180000047, 43.457412720000036 ], [ 20.400447845000144, 43.455810547000056 ], [ 20.401893615000063, 43.454059601000154 ], [ 20.402980804000038, 43.45147705200003 ], [ 20.40337753200015, 43.448726653000108 ], [ 20.403291703000093, 43.445922852000024 ], [ 20.402736664000088, 43.443161010000154 ], [ 20.400901794000163, 43.437362671000074 ], [ 20.399684906000175, 43.431770326000048 ], [ 20.39866828900017, 43.429134370000043 ], [ 20.395681381000145, 43.424697877000085 ], [ 20.394729614000141, 43.422576905000085 ], [ 20.39466094900007, 43.421669007000105 ], [ 20.395080566000047, 43.41997528100012 ], [ 20.396581648999984, 43.416557313000112 ], [ 20.397270203000119, 43.412399293000135 ], [ 20.39797782900007, 43.410198213000115 ], [ 20.399997711000026, 43.407829284000115 ], [ 20.404018402000077, 43.404323578000174 ], [ 20.405382156000144, 43.402179719000117 ], [ 20.405725480000115, 43.400264740000068 ], [ 20.405302047000134, 43.398323059000063 ], [ 20.403905869000084, 43.396217347000118 ], [ 20.397844315000043, 43.390129090000016 ], [ 20.396570206000035, 43.388023376000092 ], [ 20.396417618000044, 43.386089325000171 ], [ 20.397729873000173, 43.383403777000012 ], [ 20.39937782200019, 43.381546020000087 ], [ 20.401630403000127, 43.379981994000161 ], [ 20.403715133000105, 43.379150390000063 ], [ 20.41086959800009, 43.377422332000094 ], [ 20.412080765000042, 43.377006530000187 ], [ 20.412403107000102, 43.376686097 ], [ 20.412387847000048, 43.375450134000175 ], [ 20.411542892000057, 43.372936249000077 ], [ 20.409023284000114, 43.366889953000054 ], [ 20.408912659000123, 43.363323211000136 ], [ 20.409639358000106, 43.361095429000045 ], [ 20.410570144000189, 43.359642029000042 ], [ 20.413959503000058, 43.356292724000127 ], [ 20.418865203000053, 43.352954865000072 ], [ 20.420711517000086, 43.351314545999969 ], [ 20.42139244100008, 43.35007858300014 ], [ 20.421451569, 43.34883880700005 ], [ 20.420942307000132, 43.347793579000097 ], [ 20.420017242000085, 43.346832276000043 ], [ 20.41740608200007, 43.344944000000112 ], [ 20.414657593000072, 43.342109680000078 ], [ 20.413970946000063, 43.340885162000177 ], [ 20.413583755000047, 43.339088440000012 ], [ 20.413734435000094, 43.335399628000175 ], [ 20.412729263000074, 43.333496094000054 ], [ 20.41161346500013, 43.332527161000087 ], [ 20.409305572000051, 43.331283570000153 ], [ 20.407627106000064, 43.330688477000194 ], [ 20.405824662000157, 43.330307007000044 ], [ 20.397256851000066, 43.330368042000032 ], [ 20.395034791000114, 43.330154419000053 ], [ 20.392528534000121, 43.329467775000069 ], [ 20.390176773000121, 43.328414918000078 ], [ 20.387973785000099, 43.32710647600004 ], [ 20.384138108000059, 43.324001313000053 ], [ 20.382665634000091, 43.322242736000135 ], [ 20.378698348000114, 43.314819335999971 ], [ 20.373390197000106, 43.309284211000033 ], [ 20.369020462000151, 43.302909850000106 ], [ 20.366170884000098, 43.300315856000054 ], [ 20.361148834000062, 43.296558380000022 ], [ 20.359344482000154, 43.295650483000145 ], [ 20.35033035400005, 43.292369844000063 ], [ 20.345031738000046, 43.289390564000087 ], [ 20.338533401000177, 43.286411285000042 ], [ 20.337038041000085, 43.285461425000165 ], [ 20.335796356000117, 43.284370422000052 ], [ 20.334484101000157, 43.282390594 ], [ 20.333587647000058, 43.275402069000052 ], [ 20.328319550000174, 43.260746002000076 ], [ 20.326238632000127, 43.260036469000056 ], [ 20.323333741, 43.259845735000056 ], [ 20.321037291999971, 43.260021210000104 ], [ 20.318906784000092, 43.260513306000178 ], [ 20.316291809000177, 43.261840821000135 ], [ 20.313228608000145, 43.263938904000099 ], [ 20.31061363300006, 43.265045166000164 ], [ 20.302461623, 43.267448426000044 ], [ 20.30040168700009, 43.268386840000062 ], [ 20.297889709000117, 43.270072937 ], [ 20.293205262000185, 43.273700714000086 ], [ 20.287046433000171, 43.276947021000183 ], [ 20.285095215000183, 43.278762819000121 ], [ 20.281694413000025, 43.284156799000016 ], [ 20.277824401000089, 43.289020539000148 ], [ 20.267396928000153, 43.298534393000182 ], [ 20.266906737, 43.302291871000079 ], [ 20.26595306500019, 43.304611207000107 ], [ 20.264429093, 43.30667114400012 ], [ 20.259023666000132, 43.310745240000074 ], [ 20.256378174000076, 43.313220978000061 ], [ 20.254089356000065, 43.314785004000157 ], [ 20.252246858000035, 43.315540314000145 ], [ 20.244682311000076, 43.317516327000135 ], [ 20.241920471000128, 43.31788253700006 ], [ 20.240627287999985, 43.317821504000051 ], [ 20.237951278000082, 43.317188264000038 ], [ 20.232492447000084, 43.315105439000149 ], [ 20.228925705, 43.314323425000055 ], [ 20.217323304000047, 43.312789918000135 ], [ 20.20613670400013, 43.309974671000134 ], [ 20.202247620000037, 43.309455872000115 ], [ 20.198190690000104, 43.309226989000081 ], [ 20.181575776000102, 43.30897522000015 ], [ 20.177562713000157, 43.308677673000147 ], [ 20.173767090000069, 43.308021545000031 ], [ 20.165981293000073, 43.305175781000116 ], [ 20.159099578000109, 43.303127288000155 ], [ 20.155401230000166, 43.302566529000046 ], [ 20.143693924000104, 43.301914216000171 ], [ 20.137647628000082, 43.301200868000137 ], [ 20.135541916000136, 43.30064010600006 ], [ 20.128021239000191, 43.297260285000107 ], [ 20.125600816000031, 43.296550750000108 ], [ 20.123617173000127, 43.296356201000094 ], [ 20.121654511000088, 43.296516418000124 ], [ 20.118953704000035, 43.297416688000169 ], [ 20.117288589000168, 43.298454284000059 ], [ 20.109619142000042, 43.304634094000164 ], [ 20.106868743000121, 43.306098937000115 ], [ 20.100416183000164, 43.309009551000031 ], [ 20.09599685600017, 43.311939241000175 ], [ 20.093315125000061, 43.314434053000184 ], [ 20.091924668000047, 43.316329957 ], [ 20.090507507000098, 43.319042206000177 ], [ 20.09025192200005, 43.320976257000041 ], [ 20.090513229000067, 43.32237625200014 ], [ 20.091194153000117, 43.323654175000115 ], [ 20.092958451000072, 43.325256348000039 ], [ 20.095691682000165, 43.327213287000063 ], [ 20.097026824000125, 43.328903197999978 ], [ 20.097747803, 43.330852509000067 ], [ 20.097806931000093, 43.332859039000027 ], [ 20.097183227000187, 43.334850312000185 ], [ 20.095739364, 43.336853028000178 ], [ 20.087352753000062, 43.344371796000189 ], [ 20.085754394000048, 43.346324920000143 ], [ 20.083461761000137, 43.351543427000195 ], [ 20.078710556000033, 43.357334138000112 ], [ 20.077489854000135, 43.359287262000066 ], [ 20.076986313000134, 43.361186981000174 ], [ 20.076869965000071, 43.363864899000021 ], [ 20.076339722000171, 43.365764618000128 ], [ 20.075044632000129, 43.367710114000147 ], [ 20.065113069000063, 43.377361299000142 ], [ 20.057285309000065, 43.383491516000106 ], [ 20.054933547000132, 43.385612488000106 ], [ 20.05306243900003, 43.387870789000146 ], [ 20.052024841000161, 43.389949799000021 ], [ 20.04959106400014, 43.396423340000183 ], [ 20.048242568000148, 43.398315431000128 ], [ 20.043319703000066, 43.403495789000146 ], [ 20.035644531000059, 43.410484314000087 ], [ 20.028245926000125, 43.419334411000193 ], [ 20.029056549000131, 43.419681550000064 ], [ 20.029291153000145, 43.420475007000107 ], [ 20.028230668000106, 43.421852111000135 ], [ 20.023937225, 43.425331117000042 ], [ 20.022113799000124, 43.427310944000169 ], [ 20.018335342000057, 43.432285310000168 ], [ 20.011863709000068, 43.442428588000098 ], [ 20.011064529, 43.445018769000114 ], [ 20.010824203000027, 43.447772981000071 ], [ 20.011003494000022, 43.450557709000122 ], [ 20.013158799000109, 43.458156584999983 ], [ 20.013113022000141, 43.460479736000138 ], [ 20.012096405000136, 43.462490083000091 ], [ 20.011047363000046, 43.463642120000088 ], [ 20.007045745000028, 43.466796875000114 ], [ 20.0056247710001, 43.468582154000103 ], [ 20.004650116000164, 43.470642090000183 ], [ 20.002878190000104, 43.478965760000051 ], [ 20.001791001000129, 43.481552124000132 ], [ 19.99955749500009, 43.484027862000175 ], [ 19.997194291000085, 43.485565187000134 ], [ 19.99529266400009, 43.486297608000029 ], [ 19.98604965200019, 43.488426208000135 ], [ 19.978473664000035, 43.489048005000143 ], [ 19.966928483000061, 43.489379883000083 ], [ 19.963443757, 43.489768982000044 ], [ 19.961450576, 43.490226745000143 ], [ 19.959758759000124, 43.490936279000096 ], [ 19.958044052000105, 43.492420196000182 ], [ 19.956863404000103, 43.494304657000043 ], [ 19.95519828800019, 43.498352051000097 ], [ 19.954074860000105, 43.500308990000121 ], [ 19.952482224000164, 43.501941682 ], [ 19.950939179000102, 43.502838134000115 ], [ 19.942001341999969, 43.506381990000079 ], [ 19.93856239400003, 43.507308961000092 ], [ 19.934692383000026, 43.507869720000031 ], [ 19.926521302000083, 43.508491516000163 ], [ 19.922485351000034, 43.508995057000163 ], [ 19.917694091000101, 43.510265352000033 ], [ 19.914779664000093, 43.511562348000041 ], [ 19.909505845000069, 43.514812470000038 ], [ 19.904972077000139, 43.518524171000081 ], [ 19.903200149000043, 43.52054595900006 ], [ 19.899705888000028, 43.526607513000101 ], [ 19.894628525000144, 43.532791137000174 ], [ 19.89368057300004, 43.534748077000074 ], [ 19.893663407000076, 43.536613464000141 ], [ 19.894725800000117, 43.538581849000025 ], [ 19.896671296000136, 43.540328980000083 ], [ 19.899099350000142, 43.54191970800008 ], [ 19.906646728000055, 43.545104982000169 ], [ 19.908412933000079, 43.546108246000074 ], [ 19.909788133000177, 43.547313690000124 ], [ 19.910781860000043, 43.54866027800017 ], [ 19.911331178000012, 43.54993057300004 ], [ 19.911304474000133, 43.552200317000086 ], [ 19.910631180000053, 43.554122925000172 ], [ 19.907468797000092, 43.559806823000088 ], [ 19.90680885300003, 43.561374664000027 ], [ 19.906337739000151, 43.563747406000061 ], [ 19.906452179000041, 43.566825867000148 ], [ 19.906991959000095, 43.569705962000114 ], [ 19.908851624000022, 43.575828552000132 ], [ 19.925165176000178, 43.568504333000078 ], [ 19.939077377999979, 43.560512544000119 ], [ 19.945804596000073, 43.555831909000176 ], [ 19.949645996000129, 43.554180145000089 ], [ 19.953636170000038, 43.553432465000071 ], [ 19.956750869000132, 43.55377578800011 ], [ 19.966112137000152, 43.556613921 ], [ 19.973659516000168, 43.55848693900009 ], [ 19.975309371000151, 43.559265138000114 ], [ 19.977010728000153, 43.560779571000069 ], [ 19.980869294, 43.567401887000187 ], [ 19.996646881000117, 43.580345153000167 ], [ 19.998397828000122, 43.581497191999972 ], [ 20.000381470000093, 43.582443237 ], [ 20.007713317000025, 43.584831238000163 ], [ 20.012765884000032, 43.587043762000064 ], [ 20.018407823000132, 43.59052276500006 ], [ 20.03280067500009, 43.600692749000075 ], [ 20.038402557000154, 43.604080200000169 ], [ 20.041196823000064, 43.605247498000097 ], [ 20.043401719000087, 43.6058006290001 ], [ 20.045665740000061, 43.606037140000069 ], [ 20.04852676400003, 43.605827332000104 ], [ 20.051128388000166, 43.605136872000173 ], [ 20.05626487700016, 43.603221893000125 ], [ 20.061054229000149, 43.601814269000158 ], [ 20.06304931699998, 43.60142517100013 ], [ 20.065921784000068, 43.60131454600014 ], [ 20.069980622000173, 43.60192489700006 ], [ 20.075214387000074, 43.603229523000039 ], [ 20.077415466, 43.604053497000166 ], [ 20.080112457000155, 43.605442047000111 ], [ 20.082479477000049, 43.607067108000194 ], [ 20.084413528000141, 43.608848571000067 ], [ 20.08567619300004, 43.610771179000153 ], [ 20.085983277000082, 43.612697602000139 ], [ 20.084917069000142, 43.616905214000099 ], [ 20.08478164600001, 43.619018555000082 ], [ 20.085670472, 43.625053406000177 ], [ 20.085781097000051, 43.637893677000022 ], [ 20.083402633000048, 43.640338897000049 ], [ 20.082767486000023, 43.641101838000168 ], [ 20.08254051300014, 43.641498566000166 ], [ 20.082338333000109, 43.642368317000091 ], [ 20.082292556000141, 43.64326477100019 ], [ 20.082340241000111, 43.644126892000031 ], [ 20.082445144000133, 43.644508362000124 ], [ 20.082675934000065, 43.644802094000113 ], [ 20.083103179000148, 43.644966126000156 ], [ 20.084325791000083, 43.645057678000114 ], [ 20.087392808000061, 43.644996643000127 ], [ 20.088525771000093, 43.64500045799997 ], [ 20.089008331000059, 43.644931794000172 ], [ 20.089223861000164, 43.644847871000081 ], [ 20.092468261000022, 43.642608643000074 ], [ 20.097501754000177, 43.641712189000145 ], [ 20.100467682999977, 43.641815186000031 ], [ 20.107482909000112, 43.643676758000083 ], [ 20.110393523000084, 43.643806457000039 ], [ 20.124109268000097, 43.642112732000157 ], [ 20.129383088000168, 43.641132354000035 ], [ 20.132368088000078, 43.640380859000118 ], [ 20.135324479000133, 43.63922500700005 ], [ 20.145175933000075, 43.634536743000126 ], [ 20.150802612000177, 43.632476806000113 ], [ 20.153673171000094, 43.631851197000117 ], [ 20.155855179000127, 43.63190078700012 ], [ 20.157997131000059, 43.632377624000071 ], [ 20.160669327000051, 43.633590698000091 ], [ 20.16305732800015, 43.63525009100016 ], [ 20.16443824800001, 43.636547088999976 ], [ 20.165569306000179, 43.637985229000151 ], [ 20.166660310000054, 43.640270234000127 ], [ 20.1685314180001, 43.645790100000113 ], [ 20.169689179000102, 43.647994996000136 ], [ 20.171031952000078, 43.650012970000148 ], [ 20.172960282000133, 43.652271271000188 ] ] ] ] } },
{ "type": "Feature", "properties": { "fid": 19, "GID_1": "SRB.16_1", "GID_0": "SRB", "COUNTRY": "Serbia", "NAME_1": "Raški", "VARNAME_1": null, "NL_NAME_1": "Рашки", "TYPE_1": null, "ENGTYPE_1": null, "CC_1": null, "HASC_1": null, "ISO_1": null }, "geometry": { "type": "MultiPolygon", "coordinates": [ [ [ [ 20.573122024000099, 43.185501099000135 ], [ 20.568096161000028, 43.185516357000154 ], [ 20.5669689180001, 43.185512544000119 ], [ 20.566488266000135, 43.185581206999984 ], [ 20.566276550000055, 43.185661316000164 ], [ 20.563056945000028, 43.18788147000015 ], [ 20.562143327000058, 43.187732696000126 ], [ 20.560365676000174, 43.18703460800009 ], [ 20.558658601000047, 43.186077118000071 ], [ 20.557163238000044, 43.184898378000071 ], [ 20.555688857000177, 43.182804107000095 ], [ 20.555484772000113, 43.181373595000025 ], [ 20.555942536000146, 43.18004608300015 ], [ 20.557134627000096, 43.178833008000026 ], [ 20.564554215000101, 43.174697877000142 ], [ 20.569620132000125, 43.17129898100012 ], [ 20.572290420000058, 43.168754579000051 ], [ 20.574428558000022, 43.165454863999969 ], [ 20.574977876000048, 43.164058686000089 ], [ 20.575136185000076, 43.162048340000013 ], [ 20.574560166000083, 43.160083770000028 ], [ 20.573711396000022, 43.158779144000107 ], [ 20.570793152000192, 43.155693053999983 ], [ 20.569398879000175, 43.153644561000078 ], [ 20.569078445000116, 43.152446747000056 ], [ 20.569326401000069, 43.151145935999978 ], [ 20.570199967, 43.149974824000083 ], [ 20.571645737000097, 43.14901351900005 ], [ 20.57349777200011, 43.148231507000162 ], [ 20.580249785000035, 43.146358490000182 ], [ 20.583364486000107, 43.14590072600015 ], [ 20.59312057600016, 43.145088195000142 ], [ 20.596252442000093, 43.144611360000056 ], [ 20.600442886000053, 43.143508911000026 ], [ 20.603349685000126, 43.142620087000068 ], [ 20.609556198000064, 43.140171052000028 ], [ 20.614444733000141, 43.137680053000054 ], [ 20.616954803000169, 43.13600921699998 ], [ 20.620697021000183, 43.13272857600009 ], [ 20.621974945000034, 43.130924226000161 ], [ 20.622673035000048, 43.128860474000135 ], [ 20.622821808000026, 43.126720429000102 ], [ 20.621788024000125, 43.121688843000129 ], [ 20.621690750000084, 43.119644165000068 ], [ 20.622211456000173, 43.117675781000116 ], [ 20.62369346600002, 43.115722656000059 ], [ 20.62603187600007, 43.114116669000111 ], [ 20.638166426999987, 43.108409881000114 ], [ 20.640733719000139, 43.106853486000034 ], [ 20.642974854000045, 43.105110169000113 ], [ 20.650094986000113, 43.098217011000145 ], [ 20.654838563000112, 43.092758178000111 ], [ 20.656084061000172, 43.090896606000115 ], [ 20.65689277700011, 43.088779449000185 ], [ 20.657278060000067, 43.086570740000127 ], [ 20.657190323000179, 43.082069397000112 ], [ 20.653869630000145, 43.070304871000133 ], [ 20.652935029, 43.068267823000156 ], [ 20.65121460000006, 43.066268921000187 ], [ 20.648771286, 43.06463623000019 ], [ 20.63952636800019, 43.060420990000068 ], [ 20.63682174600001, 43.059478761000037 ], [ 20.627391814000134, 43.057399751000162 ], [ 20.624340057000154, 43.056491851000146 ], [ 20.621711731000119, 43.055324554000094 ], [ 20.62034988400012, 43.054344178000179 ], [ 20.619426726000142, 43.053211212000065 ], [ 20.619035720000113, 43.051883697000108 ], [ 20.619253158000163, 43.050498963000109 ], [ 20.620697021000183, 43.04852295000012 ], [ 20.623252868000179, 43.046825410000167 ], [ 20.62777710000006, 43.044559479000156 ], [ 20.630561828000054, 43.042808532000151 ], [ 20.632709503000058, 43.041149139000083 ], [ 20.633413314000109, 43.040256500000055 ], [ 20.630853654000077, 43.034366609000017 ], [ 20.628572464000115, 43.03097915800015 ], [ 20.627988815000094, 43.029609681000068 ], [ 20.628210068000158, 43.028240204000042 ], [ 20.630380630000161, 43.025569917000155 ], [ 20.633033753000063, 43.02132034300007 ], [ 20.633430480000129, 43.019313813000167 ], [ 20.633623124000053, 43.015964509000128 ], [ 20.623882295000101, 43.01155090300017 ], [ 20.621757508000087, 43.010387420000086 ], [ 20.616214753000065, 43.006454468000129 ], [ 20.608795166000164, 43.003807067000025 ], [ 20.606613158000073, 43.002380369999969 ], [ 20.605632782000157, 43.001125336000086 ], [ 20.60321998600017, 42.995632172000114 ], [ 20.59988403300008, 42.991024018000076 ], [ 20.598056792000023, 42.989410400000111 ], [ 20.59640312200014, 42.988491059000182 ], [ 20.590869903000169, 42.986278533000075 ], [ 20.584100723000176, 42.984615325000107 ], [ 20.581167221000101, 42.984481812000183 ], [ 20.578233718000092, 42.984817505000137 ], [ 20.57622146600005, 42.985343934000127 ], [ 20.572027207000019, 42.986877441000047 ], [ 20.563398361000168, 42.991107942000099 ], [ 20.560365676000174, 42.992015839000146 ], [ 20.558225631000141, 42.992244720000144 ], [ 20.556076050000172, 42.992160797000054 ], [ 20.552989960000104, 42.991474152000194 ], [ 20.550191879000124, 42.990238189000138 ], [ 20.54644584600004, 42.987350464000031 ], [ 20.541887283000108, 42.982170106000069 ], [ 20.539817811000091, 42.980361937999987 ], [ 20.536634444000072, 42.978321075000167 ], [ 20.534416198000031, 42.976604462000182 ], [ 20.531881331000136, 42.974170686000036 ], [ 20.522016526000073, 42.962436676000152 ], [ 20.518960953000146, 42.957595826000158 ], [ 20.517316819000143, 42.953330994000055 ], [ 20.51544380100006, 42.949913024000068 ], [ 20.513017655000056, 42.947414399000195 ], [ 20.511476517000119, 42.946430206 ], [ 20.509656907000192, 42.94585800200008 ], [ 20.507654191000029, 42.945762635000108 ], [ 20.505800247000082, 42.946117401000151 ], [ 20.503906250000171, 42.946796418000133 ], [ 20.500892639000142, 42.948348999000075 ], [ 20.492855072000054, 42.953937530000189 ], [ 20.489437103000171, 42.955760956000063 ], [ 20.492874146000077, 42.964309693000132 ], [ 20.493635177000044, 42.96717834500015 ], [ 20.494173049000153, 42.972911834000172 ], [ 20.49391937200005, 42.978431703000069 ], [ 20.493431092000151, 42.981052398000145 ], [ 20.49251556400003, 42.983516694000116 ], [ 20.489454270000067, 42.988067627000135 ], [ 20.488422395000043, 42.990272523000158 ], [ 20.488410949000183, 42.992160797000054 ], [ 20.490613936999978, 42.996379852000189 ], [ 20.491346359000033, 42.998367310000106 ], [ 20.491146087000175, 42.999622346000081 ], [ 20.490364076000048, 43.000713349000193 ], [ 20.489057542000126, 43.00153350800008 ], [ 20.487415313000042, 43.002075196000135 ], [ 20.484586715000091, 43.00225448700013 ], [ 20.481994629000042, 43.001644135000106 ], [ 20.476514817000123, 42.999561310000161 ], [ 20.47293472400014, 42.998737335000101 ], [ 20.465269090000049, 42.997638703000177 ], [ 20.461629867000113, 42.996852876000048 ], [ 20.455301285000132, 42.99473571700014 ], [ 20.453252792000058, 42.994220733000134 ], [ 20.449567794000131, 42.993659974000025 ], [ 20.441816331000155, 42.993316650000054 ], [ 20.437974931000099, 42.993423463000056 ], [ 20.434329987000126, 42.993782045000103 ], [ 20.432237625000027, 42.994209290000185 ], [ 20.43037414500003, 42.994869233000145 ], [ 20.428241730000082, 42.996234895000157 ], [ 20.417499542000144, 43.005588531000114 ], [ 20.409671784000125, 43.010631562000071 ], [ 20.403467179000017, 43.016345977000071 ], [ 20.393817902000023, 43.023925782000106 ], [ 20.392026900000189, 43.025810243000137 ], [ 20.39109992900012, 43.027709962000188 ], [ 20.391107560000137, 43.028568267000082 ], [ 20.392013550000115, 43.030345918000194 ], [ 20.393718719999981, 43.032062531000179 ], [ 20.40367698600005, 43.04007339400016 ], [ 20.404823303000171, 43.041542053000057 ], [ 20.405603409000037, 43.043132782000157 ], [ 20.406061173000069, 43.045246124000073 ], [ 20.405992507000065, 43.04739379900019 ], [ 20.405384064000089, 43.049495698000101 ], [ 20.404283524000164, 43.051372528000172 ], [ 20.398559571000078, 43.058624268000131 ], [ 20.39660835300009, 43.060024261000024 ], [ 20.394800185000065, 43.060691833000192 ], [ 20.392730713000049, 43.06111908000014 ], [ 20.380912782000053, 43.062023163000049 ], [ 20.377105713000049, 43.062576294000053 ], [ 20.371366500000136, 43.06443405300007 ], [ 20.369705199000066, 43.065299988 ], [ 20.367879869000035, 43.066867829000159 ], [ 20.363262177000024, 43.072319030000074 ], [ 20.359283448000099, 43.075580598000101 ], [ 20.354772567000168, 43.07859420900013 ], [ 20.345531463999976, 43.083698273000039 ], [ 20.341527939000116, 43.086585999000079 ], [ 20.334344865000162, 43.093460083000025 ], [ 20.332550048000087, 43.095394134000117 ], [ 20.331220626000061, 43.097404480000193 ], [ 20.330627441000047, 43.099411012000076 ], [ 20.330917359000068, 43.104225160000169 ], [ 20.330703734000053, 43.106174469000052 ], [ 20.330064774000164, 43.10764694300002 ], [ 20.32900238000019, 43.108997346000137 ], [ 20.325794219000045, 43.111289979000048 ], [ 20.318729401000098, 43.115493775000061 ], [ 20.315605164000146, 43.118167878000065 ], [ 20.31128692700014, 43.122589111000025 ], [ 20.307048798000039, 43.126377106000177 ], [ 20.299390792000054, 43.132640839000032 ], [ 20.294048309000061, 43.13617324900008 ], [ 20.292800903000057, 43.137886047000052 ], [ 20.289638520000153, 43.146759033000194 ], [ 20.282115937000071, 43.156898498000089 ], [ 20.278646470000126, 43.160018922000177 ], [ 20.276180267000086, 43.162605286000087 ], [ 20.273996352000154, 43.16532898100013 ], [ 20.271419526000102, 43.169265748000157 ], [ 20.269529343000102, 43.171398163000106 ], [ 20.26716232400014, 43.173069001000158 ], [ 20.264585496000052, 43.17407989600008 ], [ 20.258977890999972, 43.175697327000023 ], [ 20.256080627000074, 43.176952363000169 ], [ 20.248516083000027, 43.181846620000158 ], [ 20.246427535, 43.182712555000137 ], [ 20.244171142000141, 43.183387757000048 ], [ 20.238178253000115, 43.18469619800004 ], [ 20.23377037, 43.186111450000112 ], [ 20.231206894000024, 43.187568665000128 ], [ 20.229351045000044, 43.189460754000095 ], [ 20.226060868000047, 43.195434571000078 ], [ 20.223585130000174, 43.197959900000058 ], [ 20.221233367000025, 43.19961166500002 ], [ 20.218557357000122, 43.20100784300007 ], [ 20.216379165000035, 43.201839447000168 ], [ 20.20934867800014, 43.203907013000162 ], [ 20.207649231000119, 43.204708099000186 ], [ 20.205896378000148, 43.206249238000055 ], [ 20.204683304000127, 43.208160400000111 ], [ 20.201646804000063, 43.21649169900013 ], [ 20.201175690000184, 43.218482972000118 ], [ 20.201274872000056, 43.219402314000149 ], [ 20.202056886000094, 43.220989227000132 ], [ 20.203464507000092, 43.222442627000078 ], [ 20.205112457000041, 43.223575593000078 ], [ 20.21173858700007, 43.227298737000069 ], [ 20.21845817500008, 43.230613708000192 ], [ 20.227743149000048, 43.235607147000053 ], [ 20.231330872000171, 43.237815857000044 ], [ 20.232854844000144, 43.239292144000046 ], [ 20.234148025000081, 43.241909027000133 ], [ 20.234737397000174, 43.251644135000049 ], [ 20.235412597000106, 43.254367828000056 ], [ 20.239391328000067, 43.262176514000089 ], [ 20.241903305000164, 43.268306732000156 ], [ 20.245855331000143, 43.274246216999984 ], [ 20.248989105000078, 43.280189515000075 ], [ 20.260086060000106, 43.291519166000171 ], [ 20.267396928000153, 43.298534393000182 ], [ 20.277824401000089, 43.289020539000148 ], [ 20.281694413000025, 43.284156799000016 ], [ 20.285095215000183, 43.278762819000121 ], [ 20.287046433000171, 43.276947021000183 ], [ 20.293205262000185, 43.273700714000086 ], [ 20.297889709000117, 43.270072937 ], [ 20.30040168700009, 43.268386840000062 ], [ 20.302461623, 43.267448426000044 ], [ 20.31061363300006, 43.265045166000164 ], [ 20.313228608000145, 43.263938904000099 ], [ 20.316291809000177, 43.261840821000135 ], [ 20.318906784000092, 43.260513306000178 ], [ 20.321037291999971, 43.260021210000104 ], [ 20.323333741, 43.259845735000056 ], [ 20.326238632000127, 43.260036469000056 ], [ 20.328319550000174, 43.260746002000076 ], [ 20.344566346000079, 43.265857697000115 ], [ 20.357997893000061, 43.270416260000104 ], [ 20.365087508000158, 43.272365571000194 ], [ 20.368791579000117, 43.272884368 ], [ 20.376583099000186, 43.273208618000012 ], [ 20.416507720000141, 43.27319336 ], [ 20.424274444000105, 43.273448945000098 ], [ 20.432014466000112, 43.273967744000117 ], [ 20.434244156000034, 43.273746491000054 ], [ 20.436422348000121, 43.273208618000012 ], [ 20.439195633000168, 43.272060395000153 ], [ 20.441850662000036, 43.270591736000029 ], [ 20.459262848000094, 43.259288788999982 ], [ 20.468305587000032, 43.251342774000079 ], [ 20.473964692000095, 43.248306274000186 ], [ 20.484178543000098, 43.243595123000034 ], [ 20.48604393100004, 43.242496492000157 ], [ 20.491716384000028, 43.238193513 ], [ 20.494489669000075, 43.236682891999976 ], [ 20.500743867000097, 43.234073640000133 ], [ 20.505571366000083, 43.232421875000114 ], [ 20.509653092000121, 43.231197357000099 ], [ 20.515705108000134, 43.229858399000136 ], [ 20.520336150000105, 43.228427888000169 ], [ 20.525888443000099, 43.225547790000064 ], [ 20.534688950000032, 43.219612122000115 ], [ 20.561504364000086, 43.200386048000098 ], [ 20.567216872000188, 43.195537567000088 ], [ 20.569726945000127, 43.192562104000046 ], [ 20.572389602000101, 43.189792632000035 ], [ 20.572982787000058, 43.188999175 ], [ 20.573127747000171, 43.188133240000013 ], [ 20.573122024000099, 43.185501099000135 ] ] ] ] } },
{ "type": "Feature", "properties": { "fid": 20, "GID_1": "SRB.16_1", "GID_0": "SRB", "COUNTRY": "Serbia", "NAME_1": "Raški", "VARNAME_1": null, "NL_NAME_1": "Рашки", "TYPE_1": null, "ENGTYPE_1": null, "CC_1": null, "HASC_1": null, "ISO_1": null }, "geometry": { "type": "MultiPolygon", "coordinates": [ [ [ [ 20.798416138000107, 43.244068146000188 ], [ 20.78836822500017, 43.245540619000053 ], [ 20.783903121000037, 43.245903016000113 ], [ 20.77519226000004, 43.246131897000112 ], [ 20.771081925000033, 43.245979310000052 ], [ 20.767234802000132, 43.245532989000139 ], [ 20.764820099000133, 43.244979858000136 ], [ 20.762645722000059, 43.244209290000128 ], [ 20.760215759000175, 43.242828370000097 ], [ 20.758445740000184, 43.241157532000045 ], [ 20.757738112000084, 43.239913941000111 ], [ 20.757553101000155, 43.238021850000109 ], [ 20.759719848000088, 43.231601716000057 ], [ 20.760007859000041, 43.227157593000129 ], [ 20.759620666000046, 43.225074768000184 ], [ 20.758703232000187, 43.223209381000117 ], [ 20.757158280000056, 43.221828461000086 ], [ 20.755577088000166, 43.221263887000077 ], [ 20.75372505200005, 43.2210350040001 ], [ 20.75104141300011, 43.22117233300014 ], [ 20.740152358000046, 43.223579408000091 ], [ 20.737155915000187, 43.223857881000129 ], [ 20.734134674000074, 43.223785400000111 ], [ 20.725980759000151, 43.222965241000168 ], [ 20.721963883000114, 43.222915649000186 ], [ 20.717960358000084, 43.223136902000078 ], [ 20.714103698000031, 43.223728180000137 ], [ 20.712024688000156, 43.224277496000127 ], [ 20.699399948000064, 43.228744507000158 ], [ 20.69655227700008, 43.229194641000106 ], [ 20.693742751000116, 43.229213715000071 ], [ 20.691774369000143, 43.228935241000158 ], [ 20.690032959000121, 43.228355407000095 ], [ 20.688114166999981, 43.227020264000032 ], [ 20.685504913000102, 43.223995210000055 ], [ 20.682510377000142, 43.218544007000105 ], [ 20.680236816000047, 43.215568543000131 ], [ 20.659463882000125, 43.200996400000122 ], [ 20.654287336999971, 43.196033477000071 ], [ 20.65053367600018, 43.193084717000033 ], [ 20.64583778400015, 43.190635682000163 ], [ 20.641685486000142, 43.189147949000073 ], [ 20.639656067000146, 43.188625335000154 ], [ 20.636659621000035, 43.188232422000056 ], [ 20.633584977000169, 43.188175201000035 ], [ 20.623310088000096, 43.189277648000029 ], [ 20.620300292000138, 43.18926239000001 ], [ 20.617403031000151, 43.188957215000073 ], [ 20.605701446000126, 43.186534882000103 ], [ 20.602809905000072, 43.186256409000066 ], [ 20.592254638000099, 43.186882018000063 ], [ 20.588918686000113, 43.186714173000155 ], [ 20.580604554000161, 43.185756683000136 ], [ 20.573122024000099, 43.185501099000135 ], [ 20.573127747000171, 43.188133240000013 ], [ 20.572982787000058, 43.188999175 ], [ 20.572389602000101, 43.189792632000035 ], [ 20.569726945000127, 43.192562104000046 ], [ 20.567216872000188, 43.195537567000088 ], [ 20.561504364000086, 43.200386048000098 ], [ 20.534688950000032, 43.219612122000115 ], [ 20.525888443000099, 43.225547790000064 ], [ 20.520336150000105, 43.228427888000169 ], [ 20.515705108000134, 43.229858399000136 ], [ 20.509653092000121, 43.231197357000099 ], [ 20.505571366000083, 43.232421875000114 ], [ 20.500743867000097, 43.234073640000133 ], [ 20.494489669000075, 43.236682891999976 ], [ 20.491716384000028, 43.238193513 ], [ 20.48604393100004, 43.242496492000157 ], [ 20.484178543000098, 43.243595123000034 ], [ 20.473964692000095, 43.248306274000186 ], [ 20.468305587000032, 43.251342774000079 ], [ 20.459262848000094, 43.259288788999982 ], [ 20.441850662000036, 43.270591736000029 ], [ 20.439195633000168, 43.272060395000153 ], [ 20.436422348000121, 43.273208618000012 ], [ 20.434244156000034, 43.273746491000054 ], [ 20.432014466000112, 43.273967744000117 ], [ 20.424274444000105, 43.273448945000098 ], [ 20.416507720000141, 43.27319336 ], [ 20.376583099000186, 43.273208618000012 ], [ 20.368791579000117, 43.272884368 ], [ 20.365087508000158, 43.272365571000194 ], [ 20.357997893000061, 43.270416260000104 ], [ 20.344566346000079, 43.265857697000115 ], [ 20.328319550000174, 43.260746002000076 ], [ 20.333587647000058, 43.275402069000052 ], [ 20.334484101000157, 43.282390594 ], [ 20.335796356000117, 43.284370422000052 ], [ 20.337038041000085, 43.285461425000165 ], [ 20.338533401000177, 43.286411285000042 ], [ 20.345031738000046, 43.289390564000087 ], [ 20.35033035400005, 43.292369844000063 ], [ 20.359344482000154, 43.295650483000145 ], [ 20.361148834000062, 43.296558380000022 ], [ 20.366170884000098, 43.300315856000054 ], [ 20.369020462000151, 43.302909850000106 ], [ 20.373390197000106, 43.309284211000033 ], [ 20.378698348000114, 43.314819335999971 ], [ 20.382665634000091, 43.322242736000135 ], [ 20.384138108000059, 43.324001313000053 ], [ 20.387973785000099, 43.32710647600004 ], [ 20.390176773000121, 43.328414918000078 ], [ 20.392528534000121, 43.329467775000069 ], [ 20.395034791000114, 43.330154419000053 ], [ 20.397256851000066, 43.330368042000032 ], [ 20.405824662000157, 43.330307007000044 ], [ 20.407627106000064, 43.330688477000194 ], [ 20.409305572000051, 43.331283570000153 ], [ 20.41161346500013, 43.332527161000087 ], [ 20.412729263000074, 43.333496094000054 ], [ 20.413734435000094, 43.335399628000175 ], [ 20.413583755000047, 43.339088440000012 ], [ 20.413970946000063, 43.340885162000177 ], [ 20.414657593000072, 43.342109680000078 ], [ 20.41740608200007, 43.344944000000112 ], [ 20.420017242000085, 43.346832276000043 ], [ 20.420942307000132, 43.347793579000097 ], [ 20.421451569, 43.34883880700005 ], [ 20.42139244100008, 43.35007858300014 ], [ 20.420711517000086, 43.351314545999969 ], [ 20.418865203000053, 43.352954865000072 ], [ 20.413959503000058, 43.356292724000127 ], [ 20.410570144000189, 43.359642029000042 ], [ 20.409639358000106, 43.361095429000045 ], [ 20.408912659000123, 43.363323211000136 ], [ 20.409023284000114, 43.366889953000054 ], [ 20.411542892000057, 43.372936249000077 ], [ 20.412387847000048, 43.375450134000175 ], [ 20.412403107000102, 43.376686097 ], [ 20.41791153000014, 43.376361847 ], [ 20.426725388000023, 43.375308990000065 ], [ 20.430898667000065, 43.374382019000166 ], [ 20.441013336000026, 43.371105194000052 ], [ 20.444362640000065, 43.370613098000149 ], [ 20.447269439000138, 43.370754242000146 ], [ 20.451093673000173, 43.371841430000188 ], [ 20.454971313000044, 43.373748780000085 ], [ 20.462547302000075, 43.380004883000026 ], [ 20.464248657000098, 43.381160737000073 ], [ 20.468276978000063, 43.382854462000125 ], [ 20.47497749200005, 43.38498687900011 ], [ 20.477464676000125, 43.386470796000026 ], [ 20.480190277000133, 43.388759613000161 ], [ 20.485912322000104, 43.394287110000164 ], [ 20.487592696000036, 43.39541244500009 ], [ 20.489557266000077, 43.396286011000086 ], [ 20.491758346000097, 43.396911620000083 ], [ 20.495407105000083, 43.397472381 ], [ 20.507152557000097, 43.398216249000086 ], [ 20.51851654, 43.399719239000149 ], [ 20.524848939000037, 43.399864196000124 ], [ 20.527816773000097, 43.39967346200018 ], [ 20.531579971999975, 43.398872375000053 ], [ 20.53337669400014, 43.397674561000031 ], [ 20.53391265900018, 43.396518707000155 ], [ 20.534002303000136, 43.392749787000071 ], [ 20.534465790000183, 43.391365051999969 ], [ 20.535406114000182, 43.390071870000099 ], [ 20.53681755000008, 43.388938904000156 ], [ 20.540273667000179, 43.387081147000174 ], [ 20.544944763000103, 43.385566711000138 ], [ 20.55189323400009, 43.384281158000078 ], [ 20.554752350000058, 43.384315490000063 ], [ 20.556940078000082, 43.384716034000178 ], [ 20.558982849000074, 43.385425567000141 ], [ 20.561574935000124, 43.386890411000195 ], [ 20.565681457999972, 43.389694214000144 ], [ 20.574098587000037, 43.394531251000046 ], [ 20.578798295000183, 43.398223877000191 ], [ 20.581277848000127, 43.399902343000178 ], [ 20.583265304000065, 43.40086364800004 ], [ 20.592327119000117, 43.403625489000035 ], [ 20.601438523000127, 43.405265809000014 ], [ 20.603717805000031, 43.405879975000062 ], [ 20.605850220000036, 43.406665802000134 ], [ 20.611360550000143, 43.409385682000106 ], [ 20.615814209000121, 43.410682678000171 ], [ 20.61968612600009, 43.411140442000033 ], [ 20.623695374000022, 43.411235809000175 ], [ 20.627706527000157, 43.411022185999968 ], [ 20.631601334000095, 43.410449982000102 ], [ 20.642839431000141, 43.407211303000054 ], [ 20.65282821600016, 43.405082703000176 ], [ 20.655593871000065, 43.404964447000168 ], [ 20.657520294000051, 43.405189515000131 ], [ 20.659204483000053, 43.405723573000103 ], [ 20.660974503000148, 43.406997680000075 ], [ 20.66226387100005, 43.408653260000108 ], [ 20.66328811600016, 43.411132812000062 ], [ 20.663093567000146, 43.412933351000106 ], [ 20.660875321000105, 43.416679381999984 ], [ 20.660282135000045, 43.418510437000066 ], [ 20.66085624700014, 43.420387268000184 ], [ 20.661815643000068, 43.421474456000112 ], [ 20.663137437000046, 43.42244338900008 ], [ 20.665792466000084, 43.42366790900013 ], [ 20.669153214000119, 43.424598695000043 ], [ 20.672857285000077, 43.425086975000113 ], [ 20.680736542000034, 43.425197601000036 ], [ 20.684669496000026, 43.424972535000052 ], [ 20.692716598000061, 43.423900605000028 ], [ 20.69645500300004, 43.423763276000102 ], [ 20.700048446000039, 43.424224853 ], [ 20.701940537000041, 43.424793244000057 ], [ 20.708349228000145, 43.427524567000034 ], [ 20.721960068000101, 43.430927277000194 ], [ 20.729700088000129, 43.433944703000066 ], [ 20.736658097000031, 43.436031341000046 ], [ 20.740446092000184, 43.43661117500011 ], [ 20.744461060000049, 43.436889649000193 ], [ 20.762002945000063, 43.437217714000099 ], [ 20.774608613000169, 43.437934875000167 ], [ 20.771455765000098, 43.429248810000104 ], [ 20.77010726900005, 43.42436981200018 ], [ 20.770128250000084, 43.422157288000108 ], [ 20.771148681000057, 43.417808532000151 ], [ 20.770978928000147, 43.415821076000043 ], [ 20.770326615000101, 43.414325714000142 ], [ 20.769245149000142, 43.41295623700006 ], [ 20.763351440000179, 43.408546448000152 ], [ 20.761690140000042, 43.406887055000084 ], [ 20.761135101000036, 43.405124665000073 ], [ 20.761514664000117, 43.404003143000182 ], [ 20.762342453000088, 43.402904511000088 ], [ 20.766130448000069, 43.399353027000188 ], [ 20.767288207000036, 43.39789199900008 ], [ 20.770158767000055, 43.392227172999981 ], [ 20.771413803000144, 43.390304566000168 ], [ 20.773149490000151, 43.388721466000106 ], [ 20.774818420000031, 43.387870789000146 ], [ 20.782745362000071, 43.385330200000169 ], [ 20.791124344000082, 43.382106781000175 ], [ 20.793769836000081, 43.381397247999985 ], [ 20.79595375100007, 43.381164552000143 ], [ 20.798173905000056, 43.381233215 ], [ 20.801443100000142, 43.381881713000041 ], [ 20.809642791999977, 43.384750366000162 ], [ 20.812129974000072, 43.38531112700008 ], [ 20.814720155000089, 43.385597230000087 ], [ 20.818061829000158, 43.38547515900018 ], [ 20.820400238000104, 43.385074616000168 ], [ 20.829084396000098, 43.383045198000104 ], [ 20.830455780000079, 43.371269226000095 ], [ 20.832590102000097, 43.362533569 ], [ 20.83248710700019, 43.361591340000132 ], [ 20.831632615, 43.359672547000059 ], [ 20.829231262000178, 43.355911253999977 ], [ 20.828903199000138, 43.354049682000152 ], [ 20.829069136999976, 43.35268402000014 ], [ 20.830919266000024, 43.343093873000043 ], [ 20.831966400000169, 43.340507507000098 ], [ 20.833583831000169, 43.338283538000042 ], [ 20.83719635000017, 43.334735871000078 ], [ 20.837913514000036, 43.333583832000045 ], [ 20.838148118000049, 43.33188629100016 ], [ 20.836465836000116, 43.328182220000031 ], [ 20.833068847000163, 43.323764800000106 ], [ 20.831052780000107, 43.321830749000071 ], [ 20.823743820000175, 43.316703797000059 ], [ 20.821403503000056, 43.313758851000102 ], [ 20.819255830000088, 43.309772492000036 ], [ 20.818193435000069, 43.308315278000066 ], [ 20.816862105000041, 43.307018280000079 ], [ 20.814479828000174, 43.30554199300019 ], [ 20.81094169500011, 43.303920745000028 ], [ 20.808652878000146, 43.302474975000109 ], [ 20.807491303000063, 43.301288604000092 ], [ 20.805759430000023, 43.29869079499997 ], [ 20.805170060000137, 43.297348022000165 ], [ 20.804864883000164, 43.295349121000072 ], [ 20.805170060000137, 43.293315888000166 ], [ 20.808788299000071, 43.285564423000153 ], [ 20.809326172000112, 43.283439636000139 ], [ 20.809452058000034, 43.281276704000049 ], [ 20.808105470000157, 43.274002076000158 ], [ 20.808120728000176, 43.271808625000119 ], [ 20.809806824000077, 43.264373780000028 ], [ 20.809694290000152, 43.259761811000089 ], [ 20.809066772000108, 43.257461548000094 ], [ 20.8060703270001, 43.251960755000141 ], [ 20.804103852000026, 43.249298096000189 ], [ 20.80175972, 43.246871949000081 ], [ 20.798416138000107, 43.244068146000188 ] ] ] ] } },
{ "type": "Feature", "properties": { "fid": 21, "GID_1": "SRB.16_1", "GID_0": "SRB", "COUNTRY": "Serbia", "NAME_1": "Raški", "VARNAME_1": null, "NL_NAME_1": "Рашки", "TYPE_1": null, "ENGTYPE_1": null, "CC_1": null, "HASC_1": null, "ISO_1": null }, "geometry": { "type": "MultiPolygon", "coordinates": [ [ [ [ 20.489437103000171, 42.955760956000063 ], [ 20.480907440000067, 42.950874329000101 ], [ 20.474920272000134, 42.947052002000135 ], [ 20.465999604000103, 42.940887451000151 ], [ 20.460994720000031, 42.936706543000071 ], [ 20.459196090000091, 42.934440614000096 ], [ 20.458198548000155, 42.932071686000029 ], [ 20.456455232000167, 42.92467880200013 ], [ 20.455127716999982, 42.921745301000101 ], [ 20.454256059000159, 42.920345306 ], [ 20.451139450000142, 42.916580200000055 ], [ 20.45049476500003, 42.914749146000077 ], [ 20.45050811800013, 42.912860869999975 ], [ 20.451202393000131, 42.911067964000154 ], [ 20.452255250000121, 42.909786224000129 ], [ 20.457748413000104, 42.90421676800014 ], [ 20.46471977200008, 42.89994049000012 ], [ 20.466114044000165, 42.898620606000179 ], [ 20.469411849000039, 42.893798827000126 ], [ 20.47222709600004, 42.888244629000098 ], [ 20.473228455000026, 42.886695862000124 ], [ 20.474512100000084, 42.885280610000052 ], [ 20.476871491000168, 42.883583069000053 ], [ 20.483350754000071, 42.880096435000041 ], [ 20.486505508000164, 42.878009797000061 ], [ 20.489345551000042, 42.876701356000069 ], [ 20.497365951000177, 42.874019623000152 ], [ 20.500835419000168, 42.872520447000056 ], [ 20.508684159000154, 42.868183137000187 ], [ 20.499450684000124, 42.866264344000172 ], [ 20.491363525000054, 42.864086152000084 ], [ 20.486183167000036, 42.861850738000044 ], [ 20.4790554060001, 42.857517242000085 ], [ 20.476913453000066, 42.856700897000167 ], [ 20.474599837000142, 42.856109619000108 ], [ 20.471513748000177, 42.85562896800019 ], [ 20.462078095000095, 42.854545593000182 ], [ 20.452051163000192, 42.852233887000011 ], [ 20.448247910000191, 42.850772858000028 ], [ 20.444360733000167, 42.848770142000035 ], [ 20.435651779000068, 42.842132569 ], [ 20.428739548000067, 42.838539123000089 ], [ 20.424177169000131, 42.835720063000053 ], [ 20.420671463000133, 42.832935333000194 ], [ 20.415229798000098, 42.827198029000158 ], [ 20.412235260000159, 42.824462891000167 ], [ 20.40618896400008, 42.821002961000033 ], [ 20.403768539999987, 42.81992721600011 ], [ 20.401235580000048, 42.819152832000157 ], [ 20.398393630999976, 42.818836212000065 ], [ 20.395517349000045, 42.819030761000135 ], [ 20.393533706000142, 42.819461824000143 ], [ 20.388811112000042, 42.821006776000104 ], [ 20.379432678000114, 42.825855256000182 ], [ 20.372186661, 42.830127716000163 ], [ 20.370080947000076, 42.830936432000101 ], [ 20.367813110999975, 42.831504823000159 ], [ 20.364795684000171, 42.831890106000174 ], [ 20.361715317000119, 42.831962585000042 ], [ 20.358676910000156, 42.831760407000161 ], [ 20.35579681500019, 42.831226350000122 ], [ 20.349479674000179, 42.829139710000106 ], [ 20.344295501000147, 42.828075410000167 ], [ 20.33754539500012, 42.827518464000093 ], [ 20.313747407000164, 42.826240539000139 ], [ 20.313610076000089, 42.831264497000177 ], [ 20.310628891000079, 42.847454071000129 ], [ 20.31093216, 42.852058411000087 ], [ 20.316755295000178, 42.870292663000157 ], [ 20.317647935000139, 42.878089906000184 ], [ 20.317323685000133, 42.881877899000187 ], [ 20.316350937000095, 42.885417939000149 ], [ 20.314783096000156, 42.888114929000039 ], [ 20.313032151000129, 42.889816285000109 ], [ 20.310773850000089, 42.891204833000074 ], [ 20.295160294000141, 42.896389008000085 ], [ 20.27636528000005, 42.903591156000061 ], [ 20.254028321000078, 42.909732819000055 ], [ 20.235578537000151, 42.913295746000074 ], [ 20.22942352300015, 42.914875030000189 ], [ 20.20294761700012, 42.925220490000186 ], [ 20.186012269000116, 42.931083679000096 ], [ 20.167272568000044, 42.94027328500016 ], [ 20.157260894, 42.944118500000059 ], [ 20.132047653000086, 42.955635072000121 ], [ 20.123029708000104, 42.9591484070001 ], [ 20.121501923000096, 42.959972383000093 ], [ 20.120552064000094, 42.960483551999971 ], [ 20.112405777000106, 42.966682435000166 ], [ 20.109439851000047, 42.967765808000195 ], [ 20.106237411000109, 42.967544555000075 ], [ 20.103130340000121, 42.966186524000079 ], [ 20.092420578000031, 42.956123353000123 ], [ 20.087739944000191, 42.953552247000175 ], [ 20.085124969000105, 42.952823638000041 ], [ 20.081457137000029, 42.952621461000092 ], [ 20.077449799000078, 42.953411103000064 ], [ 20.073871612000062, 42.955116273000101 ], [ 20.07115364200007, 42.957439422 ], [ 20.066160202999981, 42.963634492000097 ], [ 20.061143875000084, 42.967849732 ], [ 20.042814254000064, 42.979785919000051 ], [ 20.034650802000158, 42.984275819000118 ], [ 20.033723831000088, 42.985141754999972 ], [ 20.037490845000036, 42.991622926000048 ], [ 20.042453767000154, 42.999252319000107 ], [ 20.043605803999981, 43.001548766000099 ], [ 20.044385910000074, 43.003917695000098 ], [ 20.045867920000092, 43.012535096000136 ], [ 20.046955108000191, 43.015171052000142 ], [ 20.048765183000114, 43.017414092000081 ], [ 20.058397294000144, 43.025642395000091 ], [ 20.060167312000033, 43.027881623000098 ], [ 20.061185836999982, 43.030391693000126 ], [ 20.062387466000018, 43.038463593000074 ], [ 20.06309890700004, 43.041065216000163 ], [ 20.069129944000167, 43.052947997000047 ], [ 20.071235656000113, 43.055976867000027 ], [ 20.075231553000037, 43.059761047000109 ], [ 20.076393127000074, 43.06122970500013 ], [ 20.080179215000157, 43.068309784000178 ], [ 20.083992004000038, 43.073417664000033 ], [ 20.090480805000027, 43.080520629000034 ], [ 20.095720291000134, 43.085655212000063 ], [ 20.097921371000155, 43.087352752000186 ], [ 20.100486756000066, 43.088798522000047 ], [ 20.102621079000187, 43.089679718000127 ], [ 20.11107635500008, 43.092334748000098 ], [ 20.117174148, 43.094753266000168 ], [ 20.120313645000181, 43.095729827000071 ], [ 20.124986649000107, 43.096397401000047 ], [ 20.127937318000079, 43.096290588000045 ], [ 20.133876801000099, 43.095375061000027 ], [ 20.136598586000162, 43.095432281000171 ], [ 20.138418199000171, 43.095806123000159 ], [ 20.140296937000187, 43.096477509000124 ], [ 20.14188766400008, 43.097419739000088 ], [ 20.143056869000077, 43.098655701000041 ], [ 20.143798828000115, 43.100112915000182 ], [ 20.144159318000106, 43.102142335000053 ], [ 20.143968582000127, 43.104259492000153 ], [ 20.143230439000035, 43.106342317000099 ], [ 20.140016556000148, 43.110855103000119 ], [ 20.138885497999979, 43.113040923000142 ], [ 20.13888931300005, 43.114898682999979 ], [ 20.13994217000004, 43.11677551300005 ], [ 20.141714096000101, 43.118549346000179 ], [ 20.143638611000085, 43.120044709000183 ], [ 20.151252748000104, 43.124649047000105 ], [ 20.153032303000145, 43.126289369000119 ], [ 20.155956268000068, 43.129962921000129 ], [ 20.157867433000035, 43.131904602000134 ], [ 20.165645600000119, 43.139225005000185 ], [ 20.167631150000091, 43.14040756300011 ], [ 20.169361114000026, 43.140846253000177 ], [ 20.171276093000131, 43.140945436000152 ], [ 20.18271255500008, 43.139961242000084 ], [ 20.194791793000149, 43.139629364000143 ], [ 20.206874847, 43.139636994000057 ], [ 20.210777282000038, 43.139842987000122 ], [ 20.214508057000103, 43.140327454000158 ], [ 20.218940735000047, 43.141651154000101 ], [ 20.224344253000027, 43.144485474000135 ], [ 20.226425170000141, 43.145359040000073 ], [ 20.236122132000105, 43.148475646000065 ], [ 20.243959427000107, 43.151767730000131 ], [ 20.246320725000089, 43.152473451000162 ], [ 20.252088548000074, 43.153450012000064 ], [ 20.265302657000177, 43.154525757000158 ], [ 20.282115937000071, 43.156898498000089 ], [ 20.289638520000153, 43.146759033000194 ], [ 20.292800903000057, 43.137886047000052 ], [ 20.294048309000061, 43.13617324900008 ], [ 20.299390792000054, 43.132640839000032 ], [ 20.307048798000039, 43.126377106000177 ], [ 20.31128692700014, 43.122589111000025 ], [ 20.315605164000146, 43.118167878000065 ], [ 20.318729401000098, 43.115493775000061 ], [ 20.325794219000045, 43.111289979000048 ], [ 20.32900238000019, 43.108997346000137 ], [ 20.330064774000164, 43.10764694300002 ], [ 20.330703734000053, 43.106174469000052 ], [ 20.330917359000068, 43.104225160000169 ], [ 20.330627441000047, 43.099411012000076 ], [ 20.331220626000061, 43.097404480000193 ], [ 20.332550048000087, 43.095394134000117 ], [ 20.334344865000162, 43.093460083000025 ], [ 20.341527939000116, 43.086585999000079 ], [ 20.345531463999976, 43.083698273000039 ], [ 20.354772567000168, 43.07859420900013 ], [ 20.359283448000099, 43.075580598000101 ], [ 20.363262177000024, 43.072319030000074 ], [ 20.367879869000035, 43.066867829000159 ], [ 20.369705199000066, 43.065299988 ], [ 20.371366500000136, 43.06443405300007 ], [ 20.377105713000049, 43.062576294000053 ], [ 20.380912782000053, 43.062023163000049 ], [ 20.392730713000049, 43.06111908000014 ], [ 20.394800185000065, 43.060691833000192 ], [ 20.39660835300009, 43.060024261000024 ], [ 20.398559571000078, 43.058624268000131 ], [ 20.404283524000164, 43.051372528000172 ], [ 20.405384064000089, 43.049495698000101 ], [ 20.405992507000065, 43.04739379900019 ], [ 20.406061173000069, 43.045246124000073 ], [ 20.405603409000037, 43.043132782000157 ], [ 20.404823303000171, 43.041542053000057 ], [ 20.40367698600005, 43.04007339400016 ], [ 20.393718719999981, 43.032062531000179 ], [ 20.392013550000115, 43.030345918000194 ], [ 20.391107560000137, 43.028568267000082 ], [ 20.39109992900012, 43.027709962000188 ], [ 20.392026900000189, 43.025810243000137 ], [ 20.393817902000023, 43.023925782000106 ], [ 20.403467179000017, 43.016345977000071 ], [ 20.409671784000125, 43.010631562000071 ], [ 20.417499542000144, 43.005588531000114 ], [ 20.428241730000082, 42.996234895000157 ], [ 20.43037414500003, 42.994869233000145 ], [ 20.432237625000027, 42.994209290000185 ], [ 20.434329987000126, 42.993782045000103 ], [ 20.437974931000099, 42.993423463000056 ], [ 20.441816331000155, 42.993316650000054 ], [ 20.449567794000131, 42.993659974000025 ], [ 20.453252792000058, 42.994220733000134 ], [ 20.455301285000132, 42.99473571700014 ], [ 20.461629867000113, 42.996852876000048 ], [ 20.465269090000049, 42.997638703000177 ], [ 20.47293472400014, 42.998737335000101 ], [ 20.476514817000123, 42.999561310000161 ], [ 20.481994629000042, 43.001644135000106 ], [ 20.484586715000091, 43.00225448700013 ], [ 20.487415313000042, 43.002075196000135 ], [ 20.489057542000126, 43.00153350800008 ], [ 20.490364076000048, 43.000713349000193 ], [ 20.491146087000175, 42.999622346000081 ], [ 20.491346359000033, 42.998367310000106 ], [ 20.490613936999978, 42.996379852000189 ], [ 20.488410949000183, 42.992160797000054 ], [ 20.488422395000043, 42.990272523000158 ], [ 20.489454270000067, 42.988067627000135 ], [ 20.49251556400003, 42.983516694000116 ], [ 20.493431092000151, 42.981052398000145 ], [ 20.49391937200005, 42.978431703000069 ], [ 20.494173049000153, 42.972911834000172 ], [ 20.493635177000044, 42.96717834500015 ], [ 20.492874146000077, 42.964309693000132 ], [ 20.489437103000171, 42.955760956000063 ] ] ] ] } },
{ "type": "Feature", "properties": { "fid": 22, "GID_1": "SRB.25_1", "GID_0": "SRB", "COUNTRY": "Serbia", "NAME_1": "Zlatiborski", "VARNAME_1": null, "NL_NAME_1": "Златиборски", "TYPE_1": null, "ENGTYPE_1": null, "CC_1": null, "HASC_1": null, "ISO_1": null }, "geometry": { "type": "MultiPolygon", "coordinates": [ [ [ [ 19.908851624000022, 43.575828552000132 ], [ 19.906991959000095, 43.569705962000114 ], [ 19.906452179000041, 43.566825867000148 ], [ 19.906337739000151, 43.563747406000061 ], [ 19.90680885300003, 43.561374664000027 ], [ 19.907468797000092, 43.559806823000088 ], [ 19.910631180000053, 43.554122925000172 ], [ 19.911304474000133, 43.552200317000086 ], [ 19.911331178000012, 43.54993057300004 ], [ 19.910781860000043, 43.54866027800017 ], [ 19.909788133000177, 43.547313690000124 ], [ 19.908412933000079, 43.546108246000074 ], [ 19.906646728000055, 43.545104982000169 ], [ 19.899099350000142, 43.54191970800008 ], [ 19.896671296000136, 43.540328980000083 ], [ 19.894725800000117, 43.538581849000025 ], [ 19.893663407000076, 43.536613464000141 ], [ 19.89368057300004, 43.534748077000074 ], [ 19.894628525000144, 43.532791137000174 ], [ 19.899705888000028, 43.526607513000101 ], [ 19.903200149000043, 43.52054595900006 ], [ 19.904972077000139, 43.518524171000081 ], [ 19.909505845000069, 43.514812470000038 ], [ 19.914779664000093, 43.511562348000041 ], [ 19.917694091000101, 43.510265352000033 ], [ 19.922485351000034, 43.508995057000163 ], [ 19.926521302000083, 43.508491516000163 ], [ 19.934692383000026, 43.507869720000031 ], [ 19.93856239400003, 43.507308961000092 ], [ 19.942001341999969, 43.506381990000079 ], [ 19.950939179000102, 43.502838134000115 ], [ 19.952482224000164, 43.501941682 ], [ 19.954074860000105, 43.500308990000121 ], [ 19.95519828800019, 43.498352051000097 ], [ 19.956863404000103, 43.494304657000043 ], [ 19.958044052000105, 43.492420196000182 ], [ 19.959758759000124, 43.490936279000096 ], [ 19.961450576, 43.490226745000143 ], [ 19.963443757, 43.489768982000044 ], [ 19.966928483000061, 43.489379883000083 ], [ 19.978473664000035, 43.489048005000143 ], [ 19.98604965200019, 43.488426208000135 ], [ 19.99529266400009, 43.486297608000029 ], [ 19.997194291000085, 43.485565187000134 ], [ 19.99955749500009, 43.484027862000175 ], [ 20.001791001000129, 43.481552124000132 ], [ 20.002878190000104, 43.478965760000051 ], [ 20.004650116000164, 43.470642090000183 ], [ 20.0056247710001, 43.468582154000103 ], [ 20.007045745000028, 43.466796875000114 ], [ 20.011047363000046, 43.463642120000088 ], [ 20.012096405000136, 43.462490083000091 ], [ 20.013113022000141, 43.460479736000138 ], [ 20.013158799000109, 43.458156584999983 ], [ 20.011003494000022, 43.450557709000122 ], [ 20.010824203000027, 43.447772981000071 ], [ 20.011064529, 43.445018769000114 ], [ 20.011863709000068, 43.442428588000098 ], [ 20.018335342000057, 43.432285310000168 ], [ 20.022113799000124, 43.427310944000169 ], [ 20.023937225, 43.425331117000042 ], [ 20.028230668000106, 43.421852111000135 ], [ 20.029291153000145, 43.420475007000107 ], [ 20.029056549000131, 43.419681550000064 ], [ 20.028245926000125, 43.419334411000193 ], [ 20.016670226000144, 43.415172578000011 ], [ 20.013769150000087, 43.413433074000181 ], [ 20.001409530999979, 43.40404892000015 ], [ 19.997890472000051, 43.40168380800003 ], [ 19.993629456000122, 43.400161743000126 ], [ 19.987733841000022, 43.399017334000064 ], [ 19.983680725000056, 43.397861482000167 ], [ 19.981220245000031, 43.396419525000113 ], [ 19.979864121000105, 43.395317078000119 ], [ 19.975778580000167, 43.390506745000096 ], [ 19.973978043000159, 43.388984681000125 ], [ 19.970468521000043, 43.387561798999968 ], [ 19.965108870000051, 43.386177062000058 ], [ 19.962383270000089, 43.385826111000085 ], [ 19.96109771700003, 43.385894776000157 ], [ 19.958406449000108, 43.386547089000032 ], [ 19.952905655999984, 43.388732910000158 ], [ 19.950088501000039, 43.38949203500016 ], [ 19.941089630000079, 43.39128494400012 ], [ 19.935882568000181, 43.392856598000094 ], [ 19.933340072000135, 43.393367767000029 ], [ 19.930629730000021, 43.393333435000045 ], [ 19.928146363000167, 43.392738342000087 ], [ 19.921195985000111, 43.389694214000144 ], [ 19.917446137000184, 43.387603759000058 ], [ 19.910926819000053, 43.382820130000141 ], [ 19.899766921000037, 43.376598358000138 ], [ 19.89479255800012, 43.372947692000082 ], [ 19.89245414800007, 43.3720321670001 ], [ 19.887151717000052, 43.370506288000058 ], [ 19.884452821000025, 43.369251251000037 ], [ 19.882673263000015, 43.367908478 ], [ 19.881311416000074, 43.366333007000151 ], [ 19.880304336000052, 43.364410400000168 ], [ 19.879272461000028, 43.361064911000028 ], [ 19.879169463000039, 43.359718322000049 ], [ 19.879537583000115, 43.358222962000127 ], [ 19.880376815000091, 43.356788635000044 ], [ 19.884044647000167, 43.352981567000143 ], [ 19.885086060000106, 43.351486206000175 ], [ 19.885795594000172, 43.349895477000075 ], [ 19.886142730000131, 43.347805024000024 ], [ 19.885868072000164, 43.345718384000065 ], [ 19.884506226000099, 43.342895509000186 ], [ 19.883186341000055, 43.340953828000181 ], [ 19.880626679000159, 43.338420869000117 ], [ 19.878122329000064, 43.336662292000028 ], [ 19.875089645000173, 43.335269929 ], [ 19.872671126000171, 43.334510804000161 ], [ 19.870082855000135, 43.333908081000118 ], [ 19.857183456000143, 43.331729888000098 ], [ 19.8466014870001, 43.329170228000066 ], [ 19.843397140000093, 43.331813812000121 ], [ 19.840497971000104, 43.333606721000081 ], [ 19.835237502000155, 43.336273194000171 ], [ 19.83290863000019, 43.33804702700013 ], [ 19.831417083000133, 43.340530396000133 ], [ 19.829338073000088, 43.350162507000164 ], [ 19.828420640000104, 43.352241517000039 ], [ 19.823776245000147, 43.357746125 ], [ 19.82204055800014, 43.35937500100016 ], [ 19.820030212000063, 43.360599518000129 ], [ 19.818256379000104, 43.361076356000126 ], [ 19.816289902000051, 43.361221313000158 ], [ 19.81354141300011, 43.360958100000119 ], [ 19.805620194000085, 43.358676911000146 ], [ 19.802570344000173, 43.358196259000124 ], [ 19.799442292000151, 43.358055114000081 ], [ 19.79636192300012, 43.358257294000111 ], [ 19.794052124000189, 43.358692169000165 ], [ 19.791940688000125, 43.359367371000076 ], [ 19.789497376000099, 43.36075210600012 ], [ 19.787952424000025, 43.362625123000157 ], [ 19.787382127000171, 43.364578247000111 ], [ 19.787431717000175, 43.366638184000067 ], [ 19.788351060000139, 43.371734620000041 ], [ 19.788179397000022, 43.373886109000182 ], [ 19.787477494000143, 43.375949860000105 ], [ 19.785453797000116, 43.378582001000041 ], [ 19.783283233000134, 43.380420685000104 ], [ 19.774806975999979, 43.385086061000152 ], [ 19.773387909000121, 43.386672973000145 ], [ 19.770160675000056, 43.391891480000027 ], [ 19.768823623000117, 43.393249511000192 ], [ 19.760320664000062, 43.398738861000027 ], [ 19.758798600000091, 43.399963378000166 ], [ 19.757663727000079, 43.401359559000127 ], [ 19.756929398000182, 43.402896881000117 ], [ 19.75655174200017, 43.404960632000098 ], [ 19.757501602000048, 43.412109375000171 ], [ 19.757131577000109, 43.414188385000045 ], [ 19.756397247999985, 43.41573715200019 ], [ 19.755260467000028, 43.417140961000086 ], [ 19.753715515000067, 43.41835785000012 ], [ 19.748363494000159, 43.421283722000112 ], [ 19.742052078000029, 43.423999787000071 ], [ 19.739164353000092, 43.424976350000122 ], [ 19.737096786, 43.425273896000022 ], [ 19.734954833000188, 43.425258636000194 ], [ 19.732692719000056, 43.42491912800017 ], [ 19.730487824000136, 43.424282075000121 ], [ 19.727676392000035, 43.423034669000117 ], [ 19.71879577600015, 43.417758942000148 ], [ 19.716026306000117, 43.416389465000066 ], [ 19.71386146500015, 43.415599823000093 ], [ 19.709676743000102, 43.414707184000065 ], [ 19.70686340400016, 43.414737701000035 ], [ 19.703935624, 43.415344239000092 ], [ 19.693988801000103, 43.418102265000073 ], [ 19.690097808000132, 43.418716432000167 ], [ 19.682006837000074, 43.419460297000171 ], [ 19.678070068000068, 43.420032501000037 ], [ 19.67352294900013, 43.42140579300019 ], [ 19.670890808000024, 43.422798158000035 ], [ 19.66862106200017, 43.424472809000122 ], [ 19.663879395000151, 43.428615571000023 ], [ 19.66136932400002, 43.430355072000168 ], [ 19.658481597000105, 43.431789399000081 ], [ 19.656257630000027, 43.432624816000043 ], [ 19.644071579000126, 43.436511993000067 ], [ 19.637336731000119, 43.439044952000131 ], [ 19.632492066000111, 43.441474916000061 ], [ 19.6285438540001, 43.443893432000152 ], [ 19.627096176000066, 43.445068359000118 ], [ 19.626071931000126, 43.446384431000126 ], [ 19.625471115000153, 43.44778823900009 ], [ 19.625078202000054, 43.450382233000141 ], [ 19.624454498000148, 43.452266694 ], [ 19.622987746000092, 43.454349519000118 ], [ 19.616462708000086, 43.460514068000123 ], [ 19.614452361000076, 43.46272659400006 ], [ 19.607704163000051, 43.472476959000062 ], [ 19.606218338000133, 43.47531890900018 ], [ 19.604021072000023, 43.48178482000003 ], [ 19.604991913000163, 43.482589722000057 ], [ 19.606418610000162, 43.484558105000076 ], [ 19.607530594000139, 43.486827851000157 ], [ 19.609754563000024, 43.494159699000136 ], [ 19.610729217000028, 43.496387482000159 ], [ 19.613132477000136, 43.500095368000189 ], [ 19.614429473000143, 43.502624511000135 ], [ 19.616247178000151, 43.509277343000065 ], [ 19.617893220000099, 43.513031006000062 ], [ 19.619068145000085, 43.514511108000136 ], [ 19.62554550100009, 43.519958496000186 ], [ 19.627168655000105, 43.521915435000039 ], [ 19.628189087000123, 43.523914337 ], [ 19.629661559000112, 43.52797317400001 ], [ 19.631334305000166, 43.530578614000149 ], [ 19.633464812000113, 43.531955718000063 ], [ 19.640651704000049, 43.534439087000067 ], [ 19.648063659, 43.538394928000116 ], [ 19.657253265000122, 43.541824341000051 ], [ 19.662597657000163, 43.544834137000066 ], [ 19.665189744000145, 43.54674148600003 ], [ 19.667339325000114, 43.548767091000059 ], [ 19.668720244000042, 43.550922394000111 ], [ 19.668954850000091, 43.551879882000094 ], [ 19.668516159000092, 43.555297852000137 ], [ 19.667348862000097, 43.558815002000188 ], [ 19.666912079000099, 43.561553955000193 ], [ 19.666757583999981, 43.567501069000059 ], [ 19.667167664000033, 43.573928833000025 ], [ 19.668998717000079, 43.573516846000132 ], [ 19.672481538000056, 43.573486329000048 ], [ 19.675216674000012, 43.574031830000138 ], [ 19.677684784000121, 43.575065613000106 ], [ 19.679456710000181, 43.576293946000078 ], [ 19.685588837000182, 43.582199097000057 ], [ 19.688022613999976, 43.584110260000045 ], [ 19.693338395000069, 43.587467194000112 ], [ 19.695669174000102, 43.589244843000017 ], [ 19.696962357000075, 43.59066772400007 ], [ 19.699960708000106, 43.595577240000068 ], [ 19.701030731000117, 43.596897125999988 ], [ 19.703224181000053, 43.598571777000132 ], [ 19.709621429000151, 43.602252960000158 ], [ 19.711950302000048, 43.604099274000134 ], [ 19.71454238900003, 43.606655121000131 ], [ 19.719911574999969, 43.613075257000048 ], [ 19.721176147000165, 43.614253997000048 ], [ 19.722570420000181, 43.61528778100012 ], [ 19.725025177000134, 43.616516113000159 ], [ 19.726905823000152, 43.616912842000033 ], [ 19.728904724000074, 43.616962434000015 ], [ 19.730829239000059, 43.616737366000052 ], [ 19.734149933000026, 43.615970612000069 ], [ 19.736864090000154, 43.61508941600016 ], [ 19.739753723000035, 43.613815309000131 ], [ 19.743787765000036, 43.611827851000044 ], [ 19.746288299000184, 43.610160828 ], [ 19.748195648000149, 43.608154296000066 ], [ 19.754550934000179, 43.598228454000036 ], [ 19.755443573000036, 43.595813751000151 ], [ 19.755897522000055, 43.59322738700007 ], [ 19.75655555700007, 43.585147858000084 ], [ 19.757070542000122, 43.582557679000104 ], [ 19.75810432500009, 43.580184936000137 ], [ 19.759544373000097, 43.578502655000136 ], [ 19.761390687000073, 43.577117920000035 ], [ 19.76352119400002, 43.576126098000032 ], [ 19.765447617000177, 43.575695038000049 ], [ 19.767381668000098, 43.575691223000035 ], [ 19.769998550000082, 43.576423645000034 ], [ 19.772567748000029, 43.577636719000054 ], [ 19.774881364000123, 43.579181671000185 ], [ 19.777439118000189, 43.581623078000121 ], [ 19.779602050000108, 43.583297729000037 ], [ 19.781337739000094, 43.584201814000153 ], [ 19.786935806000088, 43.586425781 ], [ 19.791646957000069, 43.587673187 ], [ 19.793613434000122, 43.587985993000132 ], [ 19.796445847000086, 43.587989807000099 ], [ 19.798646927000163, 43.587619782000161 ], [ 19.80074119600016, 43.586963653000112 ], [ 19.806245804000127, 43.584354401000041 ], [ 19.808391571000129, 43.583633422000162 ], [ 19.81068420400004, 43.583148957000162 ], [ 19.813709258000017, 43.582904816000109 ], [ 19.816774369000086, 43.583057403000055 ], [ 19.819156646000067, 43.583457947000113 ], [ 19.821460724000133, 43.584075928 ], [ 19.829177856000058, 43.586894990000019 ], [ 19.831373216000145, 43.587341309000124 ], [ 19.833578109000086, 43.587459564000028 ], [ 19.837472917000071, 43.586845398000037 ], [ 19.842126847000031, 43.58535385100015 ], [ 19.847957611000027, 43.582485199000132 ], [ 19.851444244000106, 43.580104827000184 ], [ 19.854112624000095, 43.578647614000147 ], [ 19.856201172000056, 43.577972412 ], [ 19.862768172000017, 43.576988221000022 ], [ 19.875659943000073, 43.57570266800019 ], [ 19.882757186000163, 43.574367523000092 ], [ 19.901424408000139, 43.581184387000121 ], [ 19.903577804000122, 43.580909730000087 ], [ 19.906766891000132, 43.579521180000086 ], [ 19.908037186000172, 43.578109741000105 ], [ 19.908851624000022, 43.575828552000132 ] ] ] ] } },
{ "type": "Feature", "properties": { "fid": 23, "GID_1": "SRB.25_1", "GID_0": "SRB", "COUNTRY": "Serbia", "NAME_1": "Zlatiborski", "VARNAME_1": null, "NL_NAME_1": "Златиборски", "TYPE_1": null, "ENGTYPE_1": null, "CC_1": null, "HASC_1": null, "ISO_1": null }, "geometry": { "type": "MultiPolygon", "coordinates": [ [ [ [ 19.185674667000058, 43.535148620000086 ], [ 19.192043305000141, 43.538997651000159 ], [ 19.213195801000097, 43.525543213000162 ], [ 19.23266983100001, 43.520240784000123 ], [ 19.240543365000121, 43.528625489000092 ], [ 19.247079849000045, 43.537975311000082 ], [ 19.249183655000024, 43.552864075000116 ], [ 19.249191285000109, 43.553165437000189 ], [ 19.24954986500012, 43.566387177000081 ], [ 19.248601913000186, 43.583957672000167 ], [ 19.256292343000041, 43.59691620000018 ], [ 19.274290084000143, 43.60020828200004 ], [ 19.276025773000129, 43.599987031000126 ], [ 19.278638840000099, 43.599651338000172 ], [ 19.299669266000024, 43.596954346000132 ], [ 19.323749542000087, 43.596782684000118 ], [ 19.341917038000076, 43.602657319000116 ], [ 19.351619719999974, 43.609539031000168 ], [ 19.360105514999987, 43.604461671000195 ], [ 19.358411788000126, 43.590934754000159 ], [ 19.357559204000097, 43.569858552000142 ], [ 19.375358582000047, 43.564338683000074 ], [ 19.392328262999968, 43.579711914000086 ], [ 19.393444062000015, 43.566875457000151 ], [ 19.401279450000118, 43.548553466000044 ], [ 19.430843353000114, 43.549293518000184 ], [ 19.431560516000047, 43.559665679000091 ], [ 19.43522453300011, 43.568084716000101 ], [ 19.435091019000026, 43.571590423000032 ], [ 19.434741975000122, 43.580810547000112 ], [ 19.449928284000123, 43.580955507000056 ], [ 19.46418380700004, 43.581092835000049 ], [ 19.482866288000139, 43.569190978000165 ], [ 19.500328064000087, 43.576831818000187 ], [ 19.492898939999975, 43.583152772 ], [ 19.480077744000027, 43.594020844000056 ], [ 19.481477738000024, 43.603416444000118 ], [ 19.482051849000186, 43.607269287000122 ], [ 19.486320495000029, 43.614711761000081 ], [ 19.492586136000057, 43.613861084000121 ], [ 19.495550155000046, 43.613265991000162 ], [ 19.507064819000107, 43.610191345000146 ], [ 19.510833741000056, 43.609634400000175 ], [ 19.52256965600003, 43.608837128000118 ], [ 19.534420013000101, 43.607208252000135 ], [ 19.545953751000127, 43.606678010000167 ], [ 19.549745559000144, 43.606403351999973 ], [ 19.553390503000116, 43.605869294000058 ], [ 19.560468674, 43.603942871000072 ], [ 19.576261521000106, 43.599052429999972 ], [ 19.578149795000058, 43.598289489000194 ], [ 19.580514908000055, 43.596729279000044 ], [ 19.58177948000008, 43.595554351000033 ], [ 19.582826614, 43.594261170000038 ], [ 19.583890914000165, 43.592254639000032 ], [ 19.585681915000123, 43.588092804000041 ], [ 19.587207794000165, 43.585979462000125 ], [ 19.589298248000091, 43.584220887000185 ], [ 19.598823547000109, 43.579730987000119 ], [ 19.607448578000117, 43.573959351000099 ], [ 19.614454269000078, 43.570209503000171 ], [ 19.616687774000013, 43.568756103000169 ], [ 19.618652343000122, 43.567165375000172 ], [ 19.620260238000014, 43.565460206000012 ], [ 19.623308181000084, 43.561061860000109 ], [ 19.625154495000061, 43.559909821000076 ], [ 19.626825333000113, 43.55971527100013 ], [ 19.628677368000126, 43.559982299000183 ], [ 19.63096618700007, 43.56076812800012 ], [ 19.639589309000144, 43.565223694000167 ], [ 19.641809463000186, 43.566905976000101 ], [ 19.643476486000168, 43.568790437000132 ], [ 19.645765304000179, 43.574020387000132 ], [ 19.646764755000049, 43.575290681000126 ], [ 19.648519515000089, 43.576824188000046 ], [ 19.650651932000017, 43.578102113 ], [ 19.653106690000129, 43.578994752000085 ], [ 19.655990600000166, 43.579349519 ], [ 19.658924103000118, 43.579097747000162 ], [ 19.661582947000056, 43.578216553000061 ], [ 19.663265228000057, 43.577117920000035 ], [ 19.667167664000033, 43.573928833000025 ], [ 19.666757583999981, 43.567501069000059 ], [ 19.666912079000099, 43.561553955000193 ], [ 19.667348862000097, 43.558815002000188 ], [ 19.668516159000092, 43.555297852000137 ], [ 19.668954850000091, 43.551879882000094 ], [ 19.668720244000042, 43.550922394000111 ], [ 19.667339325000114, 43.548767091000059 ], [ 19.665189744000145, 43.54674148600003 ], [ 19.662597657000163, 43.544834137000066 ], [ 19.657253265000122, 43.541824341000051 ], [ 19.648063659, 43.538394928000116 ], [ 19.640651704000049, 43.534439087000067 ], [ 19.633464812000113, 43.531955718000063 ], [ 19.631334305000166, 43.530578614000149 ], [ 19.629661559000112, 43.52797317400001 ], [ 19.628189087000123, 43.523914337 ], [ 19.627168655000105, 43.521915435000039 ], [ 19.62554550100009, 43.519958496000186 ], [ 19.619068145000085, 43.514511108000136 ], [ 19.617893220000099, 43.513031006000062 ], [ 19.616247178000151, 43.509277343000065 ], [ 19.614429473000143, 43.502624511000135 ], [ 19.613132477000136, 43.500095368000189 ], [ 19.610729217000028, 43.496387482000159 ], [ 19.609754563000024, 43.494159699000136 ], [ 19.607530594000139, 43.486827851000157 ], [ 19.606418610000162, 43.484558105000076 ], [ 19.604991913000163, 43.482589722000057 ], [ 19.604021072000023, 43.48178482000003 ], [ 19.59685134900019, 43.481079102000081 ], [ 19.587289811000062, 43.48077011200013 ], [ 19.583967208000047, 43.480331422000063 ], [ 19.58174705600004, 43.479820252000025 ], [ 19.576604843000098, 43.47829055800014 ], [ 19.570306778000088, 43.475784301000147 ], [ 19.560583114000053, 43.470905305000031 ], [ 19.551177978999988, 43.466583252000078 ], [ 19.54851531900016, 43.465682983000136 ], [ 19.544872283000188, 43.465015411000138 ], [ 19.541040421000048, 43.464740754000047 ], [ 19.537143706000109, 43.464740754000047 ], [ 19.533281325000189, 43.464988708000135 ], [ 19.529565811000055, 43.465572357000042 ], [ 19.527481078000164, 43.466121673000032 ], [ 19.522596359000033, 43.467708588000107 ], [ 19.514741897000135, 43.470748902000139 ], [ 19.50344657900007, 43.473411560000045 ], [ 19.501304627000138, 43.474239349000015 ], [ 19.495737076000182, 43.477046968000082 ], [ 19.493566514000179, 43.477832795000154 ], [ 19.49123573300011, 43.478412629 ], [ 19.487478256000031, 43.478935241000102 ], [ 19.483572006000088, 43.479164124000079 ], [ 19.47569465700019, 43.479045869000174 ], [ 19.459447860000182, 43.47689056500019 ], [ 19.457439423000153, 43.476379394000105 ], [ 19.455018998000185, 43.47508239800004 ], [ 19.453317643000162, 43.473693848000096 ], [ 19.444717407000041, 43.464378356999987 ], [ 19.443309784000178, 43.462329865000186 ], [ 19.441284178999979, 43.455928803000063 ], [ 19.440200806000178, 43.45430374200015 ], [ 19.438634873000183, 43.45284652600003 ], [ 19.433170319000112, 43.449794770000153 ], [ 19.423810958000104, 43.445735931000115 ], [ 19.406740188000072, 43.437637329000097 ], [ 19.40431785700008, 43.435993194000048 ], [ 19.402687073000152, 43.433990478000055 ], [ 19.401947021000069, 43.431964875000062 ], [ 19.401744842000085, 43.429832458000078 ], [ 19.402000428000122, 43.427696228000116 ], [ 19.402748108000139, 43.425643921000187 ], [ 19.403627395000171, 43.424293518000127 ], [ 19.404384613000104, 43.423389436000093 ], [ 19.409627914000055, 43.418834687000071 ], [ 19.414602279000178, 43.41383743300014 ], [ 19.427154542000039, 43.402366638000046 ], [ 19.428800582000122, 43.400497436000137 ], [ 19.429405213000166, 43.399112701000035 ], [ 19.429449082000133, 43.396259307000037 ], [ 19.428939818000117, 43.39425277800018 ], [ 19.427993774000186, 43.392314912000074 ], [ 19.425682068000015, 43.389907837000123 ], [ 19.423231126000132, 43.388378143000011 ], [ 19.42055892999997, 43.387424468000063 ], [ 19.414596558000142, 43.385848999000189 ], [ 19.411399841000048, 43.384563446000129 ], [ 19.395597458000054, 43.374866485000098 ], [ 19.393434524000156, 43.375381469000104 ], [ 19.388620376000063, 43.375720977000128 ], [ 19.376880646000188, 43.376049042000147 ], [ 19.371835708000049, 43.376693725000109 ], [ 19.366861344000029, 43.377933503 ], [ 19.360797883000089, 43.380661011000086 ], [ 19.348932267000123, 43.389873505000139 ], [ 19.339584351000099, 43.394844056000068 ], [ 19.333847045000027, 43.396957397000051 ], [ 19.329570770000146, 43.397872925000115 ], [ 19.318464279000182, 43.399360657000102 ], [ 19.308155061000036, 43.402816772000165 ], [ 19.297134399000186, 43.408481597 ], [ 19.285379409000086, 43.417831421000187 ], [ 19.277111054000159, 43.422321321000084 ], [ 19.27312469400016, 43.423580170000037 ], [ 19.260799407000093, 43.426074982000046 ], [ 19.236072541, 43.434440614000152 ], [ 19.233217239, 43.435733795000147 ], [ 19.223098755000024, 43.442504884000016 ], [ 19.215730667, 43.446838380000145 ], [ 19.19520187300003, 43.4566459670001 ], [ 19.188928604000125, 43.461463928000171 ], [ 19.179483414, 43.471149444000105 ], [ 19.176046371000098, 43.475967407000041 ], [ 19.173847198000146, 43.480148316000168 ], [ 19.171260834, 43.487476349000133 ], [ 19.170965195000178, 43.492763519000107 ], [ 19.171781540000097, 43.495918274000076 ], [ 19.179611205000185, 43.518024445000151 ], [ 19.185674667000058, 43.535148620000086 ] ] ] ] } },
{ "type": "Feature", "properties": { "fid": 24, "GID_1": "SRB.25_1", "GID_0": "SRB", "COUNTRY": "Serbia", "NAME_1": "Zlatiborski", "VARNAME_1": null, "NL_NAME_1": "Златиборски", "TYPE_1": null, "ENGTYPE_1": null, "CC_1": null, "HASC_1": null, "ISO_1": null }, "geometry": { "type": "MultiPolygon", "coordinates": [ [ [ [ 19.743717193000066, 43.150928498000155 ], [ 19.733747482000183, 43.150375367000095 ], [ 19.714904786000091, 43.148422241000162 ], [ 19.707120896000106, 43.148349763 ], [ 19.699729920000038, 43.149593353000057 ], [ 19.683996200000081, 43.153507232000152 ], [ 19.676990509000177, 43.154418945000032 ], [ 19.655496597000081, 43.155742646000192 ], [ 19.648828507000076, 43.156620025000052 ], [ 19.644687653000119, 43.157665252000129 ], [ 19.641920091000088, 43.158782959000121 ], [ 19.63179779100011, 43.165557862000185 ], [ 19.626602173000094, 43.168430329000046 ], [ 19.62240982100019, 43.169948577000071 ], [ 19.605196, 43.173965455000086 ], [ 19.599872588000153, 43.176548004000153 ], [ 19.596462251000162, 43.179183960000159 ], [ 19.593919754000183, 43.182201386000031 ], [ 19.590372085000013, 43.192703246000178 ], [ 19.58719444400009, 43.197772981000128 ], [ 19.576005935000126, 43.209735871000191 ], [ 19.56597709700003, 43.218784333000087 ], [ 19.559772491000047, 43.222373962000177 ], [ 19.556461334000062, 43.223400117000097 ], [ 19.547573090000071, 43.226158141000042 ], [ 19.535205840000174, 43.229103089000148 ], [ 19.522617340000068, 43.230403900000056 ], [ 19.51573562599998, 43.232250214000032 ], [ 19.510738374000084, 43.235069276000047 ], [ 19.49929618800013, 43.242565155000079 ], [ 19.49449539200009, 43.246513367000091 ], [ 19.486133576000157, 43.259811401000093 ], [ 19.483989715000121, 43.264793397000176 ], [ 19.483226777000027, 43.269096376000164 ], [ 19.483358383000109, 43.273468018000187 ], [ 19.484895705000099, 43.28735733100018 ], [ 19.484243392000053, 43.292110444000059 ], [ 19.482818603000055, 43.294677735000107 ], [ 19.480438232000154, 43.297306060000096 ], [ 19.474981308000054, 43.30067062300003 ], [ 19.467136383000081, 43.303440095000042 ], [ 19.454305649000048, 43.307022095000093 ], [ 19.444639206000033, 43.310222626000154 ], [ 19.44045066800004, 43.312004089000027 ], [ 19.437078477000171, 43.31395721500013 ], [ 19.43093681400012, 43.318912505000185 ], [ 19.417499542000144, 43.332141877000026 ], [ 19.411996842000121, 43.338596345000099 ], [ 19.406543731000056, 43.349411012000076 ], [ 19.398170471000014, 43.362285615000133 ], [ 19.396728516000167, 43.366813660000048 ], [ 19.395597458000054, 43.374866485000098 ], [ 19.411399841000048, 43.384563446000129 ], [ 19.414596558000142, 43.385848999000189 ], [ 19.42055892999997, 43.387424468000063 ], [ 19.423231126000132, 43.388378143000011 ], [ 19.425682068000015, 43.389907837000123 ], [ 19.427993774000186, 43.392314912000074 ], [ 19.428939818000117, 43.39425277800018 ], [ 19.429449082000133, 43.396259307000037 ], [ 19.429405213000166, 43.399112701000035 ], [ 19.428800582000122, 43.400497436000137 ], [ 19.427154542000039, 43.402366638000046 ], [ 19.414602279000178, 43.41383743300014 ], [ 19.409627914000055, 43.418834687000071 ], [ 19.404384613000104, 43.423389436000093 ], [ 19.403627395000171, 43.424293518000127 ], [ 19.402748108000139, 43.425643921000187 ], [ 19.402000428000122, 43.427696228000116 ], [ 19.401744842000085, 43.429832458000078 ], [ 19.401947021000069, 43.431964875000062 ], [ 19.402687073000152, 43.433990478000055 ], [ 19.40431785700008, 43.435993194000048 ], [ 19.406740188000072, 43.437637329000097 ], [ 19.423810958000104, 43.445735931000115 ], [ 19.433170319000112, 43.449794770000153 ], [ 19.438634873000183, 43.45284652600003 ], [ 19.440200806000178, 43.45430374200015 ], [ 19.441284178999979, 43.455928803000063 ], [ 19.443309784000178, 43.462329865000186 ], [ 19.444717407000041, 43.464378356999987 ], [ 19.453317643000162, 43.473693848000096 ], [ 19.455018998000185, 43.47508239800004 ], [ 19.457439423000153, 43.476379394000105 ], [ 19.459447860000182, 43.47689056500019 ], [ 19.47569465700019, 43.479045869000174 ], [ 19.483572006000088, 43.479164124000079 ], [ 19.487478256000031, 43.478935241000102 ], [ 19.49123573300011, 43.478412629 ], [ 19.493566514000179, 43.477832795000154 ], [ 19.495737076000182, 43.477046968000082 ], [ 19.501304627000138, 43.474239349000015 ], [ 19.50344657900007, 43.473411560000045 ], [ 19.514741897000135, 43.470748902000139 ], [ 19.522596359000033, 43.467708588000107 ], [ 19.527481078000164, 43.466121673000032 ], [ 19.529565811000055, 43.465572357000042 ], [ 19.533281325000189, 43.464988708000135 ], [ 19.537143706000109, 43.464740754000047 ], [ 19.541040421000048, 43.464740754000047 ], [ 19.544872283000188, 43.465015411000138 ], [ 19.54851531900016, 43.465682983000136 ], [ 19.551177978999988, 43.466583252000078 ], [ 19.560583114000053, 43.470905305000031 ], [ 19.570306778000088, 43.475784301000147 ], [ 19.576604843000098, 43.47829055800014 ], [ 19.58174705600004, 43.479820252000025 ], [ 19.583967208000047, 43.480331422000063 ], [ 19.587289811000062, 43.48077011200013 ], [ 19.59685134900019, 43.481079102000081 ], [ 19.604021072000023, 43.48178482000003 ], [ 19.606218338000133, 43.47531890900018 ], [ 19.607704163000051, 43.472476959000062 ], [ 19.614452361000076, 43.46272659400006 ], [ 19.616462708000086, 43.460514068000123 ], [ 19.622987746000092, 43.454349519000118 ], [ 19.624454498000148, 43.452266694 ], [ 19.625078202000054, 43.450382233000141 ], [ 19.625471115000153, 43.44778823900009 ], [ 19.626071931000126, 43.446384431000126 ], [ 19.627096176000066, 43.445068359000118 ], [ 19.6285438540001, 43.443893432000152 ], [ 19.632492066000111, 43.441474916000061 ], [ 19.637336731000119, 43.439044952000131 ], [ 19.644071579000126, 43.436511993000067 ], [ 19.656257630000027, 43.432624816000043 ], [ 19.658481597000105, 43.431789399000081 ], [ 19.66136932400002, 43.430355072000168 ], [ 19.663879395000151, 43.428615571000023 ], [ 19.66862106200017, 43.424472809000122 ], [ 19.670890808000024, 43.422798158000035 ], [ 19.67352294900013, 43.42140579300019 ], [ 19.678070068000068, 43.420032501000037 ], [ 19.682006837000074, 43.419460297000171 ], [ 19.690097808000132, 43.418716432000167 ], [ 19.693988801000103, 43.418102265000073 ], [ 19.703935624, 43.415344239000092 ], [ 19.70686340400016, 43.414737701000035 ], [ 19.709676743000102, 43.414707184000065 ], [ 19.71386146500015, 43.415599823000093 ], [ 19.716026306000117, 43.416389465000066 ], [ 19.71879577600015, 43.417758942000148 ], [ 19.727676392000035, 43.423034669000117 ], [ 19.730487824000136, 43.424282075000121 ], [ 19.732692719000056, 43.42491912800017 ], [ 19.734954833000188, 43.425258636000194 ], [ 19.737096786, 43.425273896000022 ], [ 19.739164353000092, 43.424976350000122 ], [ 19.742052078000029, 43.423999787000071 ], [ 19.748363494000159, 43.421283722000112 ], [ 19.753715515000067, 43.41835785000012 ], [ 19.755260467000028, 43.417140961000086 ], [ 19.756397247999985, 43.41573715200019 ], [ 19.757131577000109, 43.414188385000045 ], [ 19.757501602000048, 43.412109375000171 ], [ 19.75655174200017, 43.404960632000098 ], [ 19.756929398000182, 43.402896881000117 ], [ 19.757663727000079, 43.401359559000127 ], [ 19.758798600000091, 43.399963378000166 ], [ 19.760320664000062, 43.398738861000027 ], [ 19.768823623000117, 43.393249511000192 ], [ 19.770160675000056, 43.391891480000027 ], [ 19.773387909000121, 43.386672973000145 ], [ 19.774806975999979, 43.385086061000152 ], [ 19.783283233000134, 43.380420685000104 ], [ 19.785453797000116, 43.378582001000041 ], [ 19.787477494000143, 43.375949860000105 ], [ 19.788179397000022, 43.373886109000182 ], [ 19.788351060000139, 43.371734620000041 ], [ 19.787431717000175, 43.366638184000067 ], [ 19.787382127000171, 43.364578247000111 ], [ 19.787952424000025, 43.362625123000157 ], [ 19.789497376000099, 43.36075210600012 ], [ 19.791940688000125, 43.359367371000076 ], [ 19.794052124000189, 43.358692169000165 ], [ 19.79636192300012, 43.358257294000111 ], [ 19.799442292000151, 43.358055114000081 ], [ 19.802570344000173, 43.358196259000124 ], [ 19.805620194000085, 43.358676911000146 ], [ 19.81354141300011, 43.360958100000119 ], [ 19.816289902000051, 43.361221313000158 ], [ 19.818256379000104, 43.361076356000126 ], [ 19.820030212000063, 43.360599518000129 ], [ 19.82204055800014, 43.35937500100016 ], [ 19.823776245000147, 43.357746125 ], [ 19.828420640000104, 43.352241517000039 ], [ 19.829338073000088, 43.350162507000164 ], [ 19.831417083000133, 43.340530396000133 ], [ 19.83290863000019, 43.33804702700013 ], [ 19.835237502000155, 43.336273194000171 ], [ 19.840497971000104, 43.333606721000081 ], [ 19.843397140000093, 43.331813812000121 ], [ 19.8466014870001, 43.329170228000066 ], [ 19.846780778000095, 43.325408935000155 ], [ 19.84645271300019, 43.31909179600018 ], [ 19.845077515000128, 43.312801361000083 ], [ 19.844968796000103, 43.310661316000051 ], [ 19.845411301000183, 43.308677673000147 ], [ 19.846492767000143, 43.306976318000125 ], [ 19.851585388000046, 43.303405761000192 ], [ 19.852964400000133, 43.302120208000133 ], [ 19.854991913000106, 43.29949188300003 ], [ 19.855543136000165, 43.29822540300006 ], [ 19.855560302000129, 43.296432494000101 ], [ 19.854612350000082, 43.294517517000031 ], [ 19.853307724000103, 43.292819977000079 ], [ 19.851308823000181, 43.291015625000171 ], [ 19.846763610000096, 43.287570954000159 ], [ 19.844953537000151, 43.286510467000085 ], [ 19.842887878000056, 43.285694123000042 ], [ 19.840599061000091, 43.285114289000035 ], [ 19.836948395000036, 43.284633636000137 ], [ 19.821456909000062, 43.283996582000043 ], [ 19.817785264000122, 43.283496858000035 ], [ 19.810819625000136, 43.281452179999974 ], [ 19.805971146000161, 43.2791252130001 ], [ 19.802112580000085, 43.27673721400015 ], [ 19.800758361000078, 43.275562286000081 ], [ 19.799879075000149, 43.274242402000141 ], [ 19.79951477100019, 43.272819520000155 ], [ 19.800695419000192, 43.266723632000094 ], [ 19.800828934000151, 43.264663696000184 ], [ 19.800439834000088, 43.259670257000153 ], [ 19.800640106000117, 43.257595062000121 ], [ 19.803718567000033, 43.248653413000056 ], [ 19.805248260000042, 43.233104707000166 ], [ 19.807411193, 43.226478575999977 ], [ 19.80740165800006, 43.224506379000161 ], [ 19.805366517000152, 43.21820449900008 ], [ 19.805376053000032, 43.213851929000043 ], [ 19.805973053000059, 43.211753846000079 ], [ 19.806840895999983, 43.210205079000104 ], [ 19.808080672000074, 43.208808898000143 ], [ 19.809698105000052, 43.207592011000088 ], [ 19.81927299400013, 43.202381135000053 ], [ 19.830045701000188, 43.19578170800014 ], [ 19.832189559000085, 43.194107057000053 ], [ 19.833356857000069, 43.192218781000122 ], [ 19.833349228000031, 43.190456391000168 ], [ 19.83274459800009, 43.189258575000167 ], [ 19.831766129000073, 43.188125611000032 ], [ 19.829677581999988, 43.18651580900007 ], [ 19.818302154000094, 43.181011201000047 ], [ 19.813098907000096, 43.177661896000131 ], [ 19.808406830000081, 43.175525666000112 ], [ 19.804962157999967, 43.174633027000084 ], [ 19.801961898000059, 43.174301149000144 ], [ 19.798892974000182, 43.174324035000097 ], [ 19.795864105000135, 43.174678804000052 ], [ 19.784597397000141, 43.177520752000191 ], [ 19.780956268000068, 43.178100587000131 ], [ 19.76570129400011, 43.179073335000112 ], [ 19.757909776000076, 43.1798515320001 ], [ 19.755033494000145, 43.179775238000047 ], [ 19.753057479000176, 43.179458618000126 ], [ 19.746812821000049, 43.177673339000137 ], [ 19.73640441800012, 43.175594330000138 ], [ 19.734901428000114, 43.174903870000037 ], [ 19.733663559999968, 43.17352676500002 ], [ 19.733421326000041, 43.171848297000054 ], [ 19.733861924000053, 43.170642852000071 ], [ 19.735528945000056, 43.168598174000181 ], [ 19.743772506000084, 43.162612916000057 ], [ 19.74575805700016, 43.160694123000155 ], [ 19.746875763999981, 43.15861511300011 ], [ 19.746969223000178, 43.157585145000155 ], [ 19.746305465000148, 43.155384065000078 ], [ 19.743717193000066, 43.150928498000155 ] ] ] ] } },
{ "type": "Feature", "properties": { "fid": 25, "GID_1": "SRB.25_1", "GID_0": "SRB", "COUNTRY": "Serbia", "NAME_1": "Zlatiborski", "VARNAME_1": null, "NL_NAME_1": "Златиборски", "TYPE_1": null, "ENGTYPE_1": null, "CC_1": null, "HASC_1": null, "ISO_1": null }, "geometry": { "type": "MultiPolygon", "coordinates": [ [ [ [ 20.033723831000088, 42.985141754999972 ], [ 20.026304245000119, 42.993305207000049 ], [ 20.025514603000147, 42.994174957999974 ], [ 20.016635895000036, 43.005264283000145 ], [ 20.009386063000079, 43.012050628000054 ], [ 20.003160476000176, 43.016105651000089 ], [ 19.987674713000104, 43.024059296000132 ], [ 19.971345902000053, 43.030364991000056 ], [ 19.963272094000104, 43.033977508000078 ], [ 19.957874299000139, 43.037273408000146 ], [ 19.950046539000141, 43.043682098000147 ], [ 19.947069168000098, 43.047260285000164 ], [ 19.941270828000143, 43.059864044 ], [ 19.933738708000078, 43.071243287000186 ], [ 19.932281494000108, 43.074985504999972 ], [ 19.929336549000084, 43.085952759000065 ], [ 19.92733574000016, 43.089126587000123 ], [ 19.925628663000055, 43.090343475000111 ], [ 19.922660828000062, 43.091140747000168 ], [ 19.919233323000071, 43.09105301000011 ], [ 19.916580201000102, 43.090450287000067 ], [ 19.904336930000056, 43.084785462000013 ], [ 19.899988174000157, 43.083171844000105 ], [ 19.883380890000069, 43.078285216999973 ], [ 19.876554488000124, 43.077079773000094 ], [ 19.870859146000157, 43.077171325 ], [ 19.866914749000046, 43.077907562000121 ], [ 19.860227585000075, 43.079788208000082 ], [ 19.849594117000095, 43.083515166999973 ], [ 19.843660354000178, 43.086879730000135 ], [ 19.834308624000187, 43.094146728000112 ], [ 19.829439163000075, 43.096294403000059 ], [ 19.825807572000087, 43.096733094000058 ], [ 19.822786331000145, 43.096462249000126 ], [ 19.818847656000116, 43.095436096000185 ], [ 19.815483094000058, 43.09400177100008 ], [ 19.804046631000176, 43.087261200000057 ], [ 19.801000595, 43.086307526000041 ], [ 19.797666549000041, 43.086166381000169 ], [ 19.795528411000078, 43.086772920000158 ], [ 19.793701171, 43.087917328000174 ], [ 19.791637421000189, 43.090209961000085 ], [ 19.787710190000041, 43.097450257000162 ], [ 19.785715104000133, 43.100124360000166 ], [ 19.781875610999975, 43.102951050000058 ], [ 19.778598785000099, 43.103919983000026 ], [ 19.766424180000058, 43.105083465000064 ], [ 19.76185607900004, 43.106468200000108 ], [ 19.748672486000146, 43.112827301000038 ], [ 19.74204063500008, 43.116966247 ], [ 19.739200592000032, 43.119609833000084 ], [ 19.73787880000009, 43.122390746000065 ], [ 19.73889732300006, 43.125797271000067 ], [ 19.74310493500019, 43.1314849850001 ], [ 19.744909287000098, 43.135906220000095 ], [ 19.743717193000066, 43.150928498000155 ], [ 19.746305465000148, 43.155384065000078 ], [ 19.746969223000178, 43.157585145000155 ], [ 19.746875763999981, 43.15861511300011 ], [ 19.74575805700016, 43.160694123000155 ], [ 19.743772506000084, 43.162612916000057 ], [ 19.735528945000056, 43.168598174000181 ], [ 19.733861924000053, 43.170642852000071 ], [ 19.733421326000041, 43.171848297000054 ], [ 19.733663559999968, 43.17352676500002 ], [ 19.734901428000114, 43.174903870000037 ], [ 19.73640441800012, 43.175594330000138 ], [ 19.746812821000049, 43.177673339000137 ], [ 19.753057479000176, 43.179458618000126 ], [ 19.755033494000145, 43.179775238000047 ], [ 19.757909776000076, 43.1798515320001 ], [ 19.76570129400011, 43.179073335000112 ], [ 19.780956268000068, 43.178100587000131 ], [ 19.784597397000141, 43.177520752000191 ], [ 19.795864105000135, 43.174678804000052 ], [ 19.798892974000182, 43.174324035000097 ], [ 19.801961898000059, 43.174301149000144 ], [ 19.804962157999967, 43.174633027000084 ], [ 19.808406830000081, 43.175525666000112 ], [ 19.813098907000096, 43.177661896000131 ], [ 19.818302154000094, 43.181011201000047 ], [ 19.829677581999988, 43.18651580900007 ], [ 19.831766129000073, 43.188125611000032 ], [ 19.83274459800009, 43.189258575000167 ], [ 19.833349228000031, 43.190456391000168 ], [ 19.833356857000069, 43.192218781000122 ], [ 19.832189559000085, 43.194107057000053 ], [ 19.830045701000188, 43.19578170800014 ], [ 19.81927299400013, 43.202381135000053 ], [ 19.809698105000052, 43.207592011000088 ], [ 19.808080672000074, 43.208808898000143 ], [ 19.806840895999983, 43.210205079000104 ], [ 19.805973053000059, 43.211753846000079 ], [ 19.805376053000032, 43.213851929000043 ], [ 19.805366517000152, 43.21820449900008 ], [ 19.80740165800006, 43.224506379000161 ], [ 19.807411193, 43.226478575999977 ], [ 19.805248260000042, 43.233104707000166 ], [ 19.803718567000033, 43.248653413000056 ], [ 19.800640106000117, 43.257595062000121 ], [ 19.800439834000088, 43.259670257000153 ], [ 19.800828934000151, 43.264663696000184 ], [ 19.800695419000192, 43.266723632000094 ], [ 19.79951477100019, 43.272819520000155 ], [ 19.799879075000149, 43.274242402000141 ], [ 19.800758361000078, 43.275562286000081 ], [ 19.802112580000085, 43.27673721400015 ], [ 19.805971146000161, 43.2791252130001 ], [ 19.810819625000136, 43.281452179999974 ], [ 19.817785264000122, 43.283496858000035 ], [ 19.821456909000062, 43.283996582000043 ], [ 19.836948395000036, 43.284633636000137 ], [ 19.840599061000091, 43.285114289000035 ], [ 19.842887878000056, 43.285694123000042 ], [ 19.844953537000151, 43.286510467000085 ], [ 19.846763610000096, 43.287570954000159 ], [ 19.851308823000181, 43.291015625000171 ], [ 19.853307724000103, 43.292819977000079 ], [ 19.854612350000082, 43.294517517000031 ], [ 19.855560302000129, 43.296432494000101 ], [ 19.855543136000165, 43.29822540300006 ], [ 19.854991913000106, 43.29949188300003 ], [ 19.852964400000133, 43.302120208000133 ], [ 19.851585388000046, 43.303405761000192 ], [ 19.846492767000143, 43.306976318000125 ], [ 19.845411301000183, 43.308677673000147 ], [ 19.844968796000103, 43.310661316000051 ], [ 19.845077515000128, 43.312801361000083 ], [ 19.84645271300019, 43.31909179600018 ], [ 19.846780778000095, 43.325408935000155 ], [ 19.8466014870001, 43.329170228000066 ], [ 19.857183456000143, 43.331729888000098 ], [ 19.870082855000135, 43.333908081000118 ], [ 19.872671126000171, 43.334510804000161 ], [ 19.875089645000173, 43.335269929 ], [ 19.878122329000064, 43.336662292000028 ], [ 19.880626679000159, 43.338420869000117 ], [ 19.883186341000055, 43.340953828000181 ], [ 19.884506226000099, 43.342895509000186 ], [ 19.885868072000164, 43.345718384000065 ], [ 19.886142730000131, 43.347805024000024 ], [ 19.885795594000172, 43.349895477000075 ], [ 19.885086060000106, 43.351486206000175 ], [ 19.884044647000167, 43.352981567000143 ], [ 19.880376815000091, 43.356788635000044 ], [ 19.879537583000115, 43.358222962000127 ], [ 19.879169463000039, 43.359718322000049 ], [ 19.879272461000028, 43.361064911000028 ], [ 19.880304336000052, 43.364410400000168 ], [ 19.881311416000074, 43.366333007000151 ], [ 19.882673263000015, 43.367908478 ], [ 19.884452821000025, 43.369251251000037 ], [ 19.887151717000052, 43.370506288000058 ], [ 19.89245414800007, 43.3720321670001 ], [ 19.89479255800012, 43.372947692000082 ], [ 19.899766921000037, 43.376598358000138 ], [ 19.910926819000053, 43.382820130000141 ], [ 19.917446137000184, 43.387603759000058 ], [ 19.921195985000111, 43.389694214000144 ], [ 19.928146363000167, 43.392738342000087 ], [ 19.930629730000021, 43.393333435000045 ], [ 19.933340072000135, 43.393367767000029 ], [ 19.935882568000181, 43.392856598000094 ], [ 19.941089630000079, 43.39128494400012 ], [ 19.950088501000039, 43.38949203500016 ], [ 19.952905655999984, 43.388732910000158 ], [ 19.958406449000108, 43.386547089000032 ], [ 19.96109771700003, 43.385894776000157 ], [ 19.962383270000089, 43.385826111000085 ], [ 19.965108870000051, 43.386177062000058 ], [ 19.970468521000043, 43.387561798999968 ], [ 19.973978043000159, 43.388984681000125 ], [ 19.975778580000167, 43.390506745000096 ], [ 19.979864121000105, 43.395317078000119 ], [ 19.981220245000031, 43.396419525000113 ], [ 19.983680725000056, 43.397861482000167 ], [ 19.987733841000022, 43.399017334000064 ], [ 19.993629456000122, 43.400161743000126 ], [ 19.997890472000051, 43.40168380800003 ], [ 20.001409530999979, 43.40404892000015 ], [ 20.013769150000087, 43.413433074000181 ], [ 20.016670226000144, 43.415172578000011 ], [ 20.028245926000125, 43.419334411000193 ], [ 20.035644531000059, 43.410484314000087 ], [ 20.043319703000066, 43.403495789000146 ], [ 20.048242568000148, 43.398315431000128 ], [ 20.04959106400014, 43.396423340000183 ], [ 20.052024841000161, 43.389949799000021 ], [ 20.05306243900003, 43.387870789000146 ], [ 20.054933547000132, 43.385612488000106 ], [ 20.057285309000065, 43.383491516000106 ], [ 20.065113069000063, 43.377361299000142 ], [ 20.075044632000129, 43.367710114000147 ], [ 20.076339722000171, 43.365764618000128 ], [ 20.076869965000071, 43.363864899000021 ], [ 20.076986313000134, 43.361186981000174 ], [ 20.077489854000135, 43.359287262000066 ], [ 20.078710556000033, 43.357334138000112 ], [ 20.083461761000137, 43.351543427000195 ], [ 20.085754394000048, 43.346324920000143 ], [ 20.087352753000062, 43.344371796000189 ], [ 20.095739364, 43.336853028000178 ], [ 20.097183227000187, 43.334850312000185 ], [ 20.097806931000093, 43.332859039000027 ], [ 20.097747803, 43.330852509000067 ], [ 20.097026824000125, 43.328903197999978 ], [ 20.095691682000165, 43.327213287000063 ], [ 20.092958451000072, 43.325256348000039 ], [ 20.091194153000117, 43.323654175000115 ], [ 20.090513229000067, 43.32237625200014 ], [ 20.09025192200005, 43.320976257000041 ], [ 20.090507507000098, 43.319042206000177 ], [ 20.091924668000047, 43.316329957 ], [ 20.093315125000061, 43.314434053000184 ], [ 20.09599685600017, 43.311939241000175 ], [ 20.100416183000164, 43.309009551000031 ], [ 20.106868743000121, 43.306098937000115 ], [ 20.109619142000042, 43.304634094000164 ], [ 20.117288589000168, 43.298454284000059 ], [ 20.118953704000035, 43.297416688000169 ], [ 20.121654511000088, 43.296516418000124 ], [ 20.123617173000127, 43.296356201000094 ], [ 20.125600816000031, 43.296550750000108 ], [ 20.128021239000191, 43.297260285000107 ], [ 20.135541916000136, 43.30064010600006 ], [ 20.137647628000082, 43.301200868000137 ], [ 20.143693924000104, 43.301914216000171 ], [ 20.155401230000166, 43.302566529000046 ], [ 20.159099578000109, 43.303127288000155 ], [ 20.165981293000073, 43.305175781000116 ], [ 20.173767090000069, 43.308021545000031 ], [ 20.177562713000157, 43.308677673000147 ], [ 20.181575776000102, 43.30897522000015 ], [ 20.198190690000104, 43.309226989000081 ], [ 20.202247620000037, 43.309455872000115 ], [ 20.20613670400013, 43.309974671000134 ], [ 20.217323304000047, 43.312789918000135 ], [ 20.228925705, 43.314323425000055 ], [ 20.232492447000084, 43.315105439000149 ], [ 20.237951278000082, 43.317188264000038 ], [ 20.240627287999985, 43.317821504000051 ], [ 20.241920471000128, 43.31788253700006 ], [ 20.244682311000076, 43.317516327000135 ], [ 20.252246858000035, 43.315540314000145 ], [ 20.254089356000065, 43.314785004000157 ], [ 20.256378174000076, 43.313220978000061 ], [ 20.259023666000132, 43.310745240000074 ], [ 20.264429093, 43.30667114400012 ], [ 20.26595306500019, 43.304611207000107 ], [ 20.266906737, 43.302291871000079 ], [ 20.267396928000153, 43.298534393000182 ], [ 20.260086060000106, 43.291519166000171 ], [ 20.248989105000078, 43.280189515000075 ], [ 20.245855331000143, 43.274246216999984 ], [ 20.241903305000164, 43.268306732000156 ], [ 20.239391328000067, 43.262176514000089 ], [ 20.235412597000106, 43.254367828000056 ], [ 20.234737397000174, 43.251644135000049 ], [ 20.234148025000081, 43.241909027000133 ], [ 20.232854844000144, 43.239292144000046 ], [ 20.231330872000171, 43.237815857000044 ], [ 20.227743149000048, 43.235607147000053 ], [ 20.21845817500008, 43.230613708000192 ], [ 20.21173858700007, 43.227298737000069 ], [ 20.205112457000041, 43.223575593000078 ], [ 20.203464507000092, 43.222442627000078 ], [ 20.202056886000094, 43.220989227000132 ], [ 20.201274872000056, 43.219402314000149 ], [ 20.201175690000184, 43.218482972000118 ], [ 20.201646804000063, 43.21649169900013 ], [ 20.204683304000127, 43.208160400000111 ], [ 20.205896378000148, 43.206249238000055 ], [ 20.207649231000119, 43.204708099000186 ], [ 20.20934867800014, 43.203907013000162 ], [ 20.216379165000035, 43.201839447000168 ], [ 20.218557357000122, 43.20100784300007 ], [ 20.221233367000025, 43.19961166500002 ], [ 20.223585130000174, 43.197959900000058 ], [ 20.226060868000047, 43.195434571000078 ], [ 20.229351045000044, 43.189460754000095 ], [ 20.231206894000024, 43.187568665000128 ], [ 20.23377037, 43.186111450000112 ], [ 20.238178253000115, 43.18469619800004 ], [ 20.244171142000141, 43.183387757000048 ], [ 20.246427535, 43.182712555000137 ], [ 20.248516083000027, 43.181846620000158 ], [ 20.256080627000074, 43.176952363000169 ], [ 20.258977890999972, 43.175697327000023 ], [ 20.264585496000052, 43.17407989600008 ], [ 20.26716232400014, 43.173069001000158 ], [ 20.269529343000102, 43.171398163000106 ], [ 20.271419526000102, 43.169265748000157 ], [ 20.273996352000154, 43.16532898100013 ], [ 20.276180267000086, 43.162605286000087 ], [ 20.278646470000126, 43.160018922000177 ], [ 20.282115937000071, 43.156898498000089 ], [ 20.265302657000177, 43.154525757000158 ], [ 20.252088548000074, 43.153450012000064 ], [ 20.246320725000089, 43.152473451000162 ], [ 20.243959427000107, 43.151767730000131 ], [ 20.236122132000105, 43.148475646000065 ], [ 20.226425170000141, 43.145359040000073 ], [ 20.224344253000027, 43.144485474000135 ], [ 20.218940735000047, 43.141651154000101 ], [ 20.214508057000103, 43.140327454000158 ], [ 20.210777282000038, 43.139842987000122 ], [ 20.206874847, 43.139636994000057 ], [ 20.194791793000149, 43.139629364000143 ], [ 20.18271255500008, 43.139961242000084 ], [ 20.171276093000131, 43.140945436000152 ], [ 20.169361114000026, 43.140846253000177 ], [ 20.167631150000091, 43.14040756300011 ], [ 20.165645600000119, 43.139225005000185 ], [ 20.157867433000035, 43.131904602000134 ], [ 20.155956268000068, 43.129962921000129 ], [ 20.153032303000145, 43.126289369000119 ], [ 20.151252748000104, 43.124649047000105 ], [ 20.143638611000085, 43.120044709000183 ], [ 20.141714096000101, 43.118549346000179 ], [ 20.13994217000004, 43.11677551300005 ], [ 20.13888931300005, 43.114898682999979 ], [ 20.138885497999979, 43.113040923000142 ], [ 20.140016556000148, 43.110855103000119 ], [ 20.143230439000035, 43.106342317000099 ], [ 20.143968582000127, 43.104259492000153 ], [ 20.144159318000106, 43.102142335000053 ], [ 20.143798828000115, 43.100112915000182 ], [ 20.143056869000077, 43.098655701000041 ], [ 20.14188766400008, 43.097419739000088 ], [ 20.140296937000187, 43.096477509000124 ], [ 20.138418199000171, 43.095806123000159 ], [ 20.136598586000162, 43.095432281000171 ], [ 20.133876801000099, 43.095375061000027 ], [ 20.127937318000079, 43.096290588000045 ], [ 20.124986649000107, 43.096397401000047 ], [ 20.120313645000181, 43.095729827000071 ], [ 20.117174148, 43.094753266000168 ], [ 20.11107635500008, 43.092334748000098 ], [ 20.102621079000187, 43.089679718000127 ], [ 20.100486756000066, 43.088798522000047 ], [ 20.097921371000155, 43.087352752000186 ], [ 20.095720291000134, 43.085655212000063 ], [ 20.090480805000027, 43.080520629000034 ], [ 20.083992004000038, 43.073417664000033 ], [ 20.080179215000157, 43.068309784000178 ], [ 20.076393127000074, 43.06122970500013 ], [ 20.075231553000037, 43.059761047000109 ], [ 20.071235656000113, 43.055976867000027 ], [ 20.069129944000167, 43.052947997000047 ], [ 20.06309890700004, 43.041065216000163 ], [ 20.062387466000018, 43.038463593000074 ], [ 20.061185836999982, 43.030391693000126 ], [ 20.060167312000033, 43.027881623000098 ], [ 20.058397294000144, 43.025642395000091 ], [ 20.048765183000114, 43.017414092000081 ], [ 20.046955108000191, 43.015171052000142 ], [ 20.045867920000092, 43.012535096000136 ], [ 20.044385910000074, 43.003917695000098 ], [ 20.043605803999981, 43.001548766000099 ], [ 20.042453767000154, 42.999252319000107 ], [ 20.037490845000036, 42.991622926000048 ], [ 20.033723831000088, 42.985141754999972 ] ] ] ] } }
]
}
