{
"type": "FeatureCollection",
"name": "TK-35",
"crs": { "type": "name", "properties": { "name": "urn:ogc:def:crs:OGC:1.3:CRS84" } },
"features": [
{ "type": "Feature", "properties": { "fid": 1, "GID_2": "SRB.1.1_1", "GID_0": "SRB", "COUNTRY": "Serbia", "GID_1": "SRB.1_1", "NAME_1": "Borski", "NL_NAME_1": "Борски", "NAME_2": "Bor", "VARNAME_2": "NA", "NL_NAME_2": "Бор", "TYPE_2": "Opštine", "ENGTYPE_2": "Town|Municipal", "CC_2": "NA", "HASC_2": "NA" }, "geometry": { "type": "MultiPolygon", "coordinates": [ [ [ [ 21.955434800000148, 44.177864075000059 ], [ 21.961221694000074, 44.178146363000167 ], [ 21.970567702000096, 44.178253173000087 ], [ 21.975116730000082, 44.17803573600014 ], [ 21.985746383, 44.176734925000062 ], [ 21.991176605000078, 44.17695999200015 ], [ 21.993278504000159, 44.177394868000079 ], [ 21.995952606000117, 44.178539277000141 ], [ 22.00062942600016, 44.182632446000184 ], [ 22.004213334000042, 44.186523438000052 ], [ 22.005249024000136, 44.188995362000128 ], [ 22.005693436000115, 44.191665649000186 ], [ 22.005668640000181, 44.197135926000101 ], [ 22.005109788000141, 44.202575683000134 ], [ 22.005468368000152, 44.204090119 ], [ 22.006259917000023, 44.205532074000018 ], [ 22.009759903000031, 44.20934295700016 ], [ 22.011613846000046, 44.212482452000131 ], [ 22.01236152600012, 44.215126038000164 ], [ 22.012742996000043, 44.217891693000126 ], [ 22.013032914000064, 44.226467133000028 ], [ 22.01270675700016, 44.235042572000168 ], [ 22.012258530000111, 44.237815857000044 ], [ 22.011388780000061, 44.240470886000026 ], [ 22.008350372000052, 44.245441437000181 ], [ 22.005577088000109, 44.249126434000175 ], [ 22.004562378000173, 44.250980378000065 ], [ 22.004182815000092, 44.25299453800011 ], [ 22.004577636000192, 44.254955292000147 ], [ 22.005994797000085, 44.256923675000053 ], [ 22.008310318000099, 44.258522034000066 ], [ 22.010292053, 44.25946426400003 ], [ 22.016336442000181, 44.261543274000076 ], [ 22.019212724000113, 44.261997223000094 ], [ 22.022674561000144, 44.261985779000042 ], [ 22.025222778000057, 44.26144027700019 ], [ 22.027717590000066, 44.260555267000143 ], [ 22.035474776000058, 44.257068634000063 ], [ 22.037820816000192, 44.25630569599997 ], [ 22.040269851000062, 44.255718231000117 ], [ 22.044284821000076, 44.255153657000164 ], [ 22.052358627000046, 44.254810333000137 ], [ 22.058292388000098, 44.255149842000094 ], [ 22.060201645000063, 44.255622864000145 ], [ 22.062368394000032, 44.256893158000082 ], [ 22.064771652000104, 44.25913238600009 ], [ 22.06692123400012, 44.260643006 ], [ 22.07065391500015, 44.261981964000142 ], [ 22.07733345000014, 44.263420104000147 ], [ 22.080146789000082, 44.263530732000049 ], [ 22.082191468000076, 44.26331329400017 ], [ 22.084093094000025, 44.26280975300017 ], [ 22.086547852000081, 44.261505127000021 ], [ 22.089176178000173, 44.259365082000159 ], [ 22.091535568000154, 44.257003784000176 ], [ 22.093685151000102, 44.255695342000138 ], [ 22.095586778000154, 44.255195619000062 ], [ 22.097742081000035, 44.254932404000044 ], [ 22.106979369000157, 44.254302979000101 ], [ 22.110065461000033, 44.253887177000138 ], [ 22.115022659000033, 44.252655030000085 ], [ 22.118209838000041, 44.251354218000131 ], [ 22.123094559000037, 44.248348236000083 ], [ 22.130884170000172, 44.242904663000047 ], [ 22.135650635000104, 44.237201691000166 ], [ 22.137796401000173, 44.235366822000174 ], [ 22.140991211000028, 44.233341217000145 ], [ 22.144609452000168, 44.231876373000091 ], [ 22.147439957000131, 44.23140716600011 ], [ 22.150373460000139, 44.231369019000056 ], [ 22.157611847000112, 44.231891632000043 ], [ 22.168430329000159, 44.231113435000054 ], [ 22.171842576000131, 44.231220244999975 ], [ 22.175300598000092, 44.231643677000193 ], [ 22.17889404400006, 44.232437135000112 ], [ 22.190074921000132, 44.235366822000174 ], [ 22.193574905000162, 44.234169006000172 ], [ 22.194156869000153, 44.233855810000193 ], [ 22.19609800000012, 44.232811 ], [ 22.198524000000134, 44.230915 ], [ 22.200540000000103, 44.228930000000105 ], [ 22.200670242000058, 44.228801727000075 ], [ 22.200721581000153, 44.228745094000089 ], [ 22.203325930000062, 44.225871801000153 ], [ 22.2033330000001, 44.225864000000115 ], [ 22.205673000000104, 44.222761 ], [ 22.206015642000182, 44.222307644000182 ], [ 22.20603179800014, 44.222286224000186 ], [ 22.210006714000031, 44.215744020000159 ], [ 22.211473974000114, 44.210321976000046 ], [ 22.213862999000128, 44.201491999000154 ], [ 22.213949718000151, 44.200265099000092 ], [ 22.214025000000163, 44.199200000000133 ], [ 22.21384837800008, 44.19682311300005 ], [ 22.213683999000068, 44.194611 ], [ 22.212219000000118, 44.189415 ], [ 22.212009000000137, 44.187321000000111 ], [ 22.212238, 44.185787 ], [ 22.212873, 44.184341000000131 ], [ 22.214362000000108, 44.182714000000146 ], [ 22.21464, 44.182411000000116 ], [ 22.217037687000072, 44.180764872000168 ], [ 22.219435000000146, 44.179118999000139 ], [ 22.219474962000049, 44.179101668000044 ], [ 22.230703001000109, 44.174231999000085 ], [ 22.231286015000023, 44.173924762000183 ], [ 22.232519, 44.173275 ], [ 22.233814, 44.172176 ], [ 22.234352000000172, 44.170532 ], [ 22.234345, 44.170518000000186 ], [ 22.234041545000139, 44.169897917000128 ], [ 22.233722775000047, 44.169246854 ], [ 22.232852, 44.16868200000016 ], [ 22.232739663000075, 44.168608935000066 ], [ 22.232728959000042, 44.16860199100006 ], [ 22.229906082000184, 44.16523742600009 ], [ 22.227783203000115, 44.162105561000033 ], [ 22.225454331000151, 44.156978607000042 ], [ 22.223869324000191, 44.152141572000119 ], [ 22.222795486000166, 44.149909973000149 ], [ 22.221160889000032, 44.147747041000059 ], [ 22.215494156000034, 44.1416893 ], [ 22.212720872000034, 44.137802125000178 ], [ 22.211532593000072, 44.136543274000189 ], [ 22.207880020000118, 44.13372421400004 ], [ 22.204397202000052, 44.131938935000164 ], [ 22.202032088000124, 44.130428315000074 ], [ 22.200742721000097, 44.129211425000108 ], [ 22.192865371000096, 44.119819642000095 ], [ 22.191812514999981, 44.118003845000032 ], [ 22.191387177000138, 44.115512848000094 ], [ 22.192136764999987, 44.113136292000092 ], [ 22.193843842000092, 44.111263275999988 ], [ 22.195234300000038, 44.110153199000081 ], [ 22.199407578000034, 44.107597352000084 ], [ 22.206844329000091, 44.104797364000035 ], [ 22.209823608000136, 44.103443145000028 ], [ 22.212066651000043, 44.102073669000049 ], [ 22.213979721000044, 44.100509643000123 ], [ 22.215442657000096, 44.098751068000183 ], [ 22.21653556800004, 44.096126557 ], [ 22.217136383000081, 44.090354919000106 ], [ 22.216775894000023, 44.081439972000112 ], [ 22.215879440000094, 44.074436188000107 ], [ 22.215829850000091, 44.073070527000141 ], [ 22.216228486000034, 44.071594238000159 ], [ 22.217109680000078, 44.070213318000071 ], [ 22.223560332000034, 44.06502914500004 ], [ 22.225179673000184, 44.062950135000165 ], [ 22.226095199000099, 44.060882568000068 ], [ 22.22812271100014, 44.054389954000044 ], [ 22.229036331000088, 44.052806855000085 ], [ 22.230258941000159, 44.051361085000167 ], [ 22.237350463000155, 44.04574584900007 ], [ 22.238864899000077, 44.044044494000104 ], [ 22.239959718000136, 44.041881561000082 ], [ 22.240146637000066, 44.039428710999971 ], [ 22.239877702000115, 44.037319184000182 ], [ 22.238334657000053, 44.032215118000067 ], [ 22.237934113000165, 44.03004074100005 ], [ 22.23790550200016, 44.027824402000078 ], [ 22.238229752000166, 44.025634766000053 ], [ 22.239072799000041, 44.022609710000097 ], [ 22.239370346000044, 44.020431518000123 ], [ 22.239263535000191, 44.018257141000106 ], [ 22.238679886000114, 44.016166688000055 ], [ 22.236974716000077, 44.013481140000067 ], [ 22.235378266000168, 44.011734010000112 ], [ 22.233381272000145, 44.010345460000167 ], [ 22.231550217000063, 44.009677887000066 ], [ 22.229469299000186, 44.009231568000189 ], [ 22.223415375000059, 44.008441926000046 ], [ 22.218460083000025, 44.007389069000055 ], [ 22.214769363000187, 44.006034851000095 ], [ 22.21318817100007, 44.00514602700008 ], [ 22.211593629000163, 44.003509522000115 ], [ 22.2105350490001, 44.001518249000128 ], [ 22.208734512000092, 43.994983673000036 ], [ 22.207782745000145, 43.99287414600019 ], [ 22.205978393000066, 43.99059295700016 ], [ 22.203676223000173, 43.988456727000141 ], [ 22.196069717000171, 43.982280732000106 ], [ 22.193912505000185, 43.98011398400007 ], [ 22.190618516000086, 43.975341797 ], [ 22.187984467000149, 43.968978882000158 ], [ 22.186166763000074, 43.966152192000038 ], [ 22.184698106000099, 43.96420669600019 ], [ 22.182661056000143, 43.962120056 ], [ 22.175764085000139, 43.956096650000063 ], [ 22.173919678000061, 43.953968047999979 ], [ 22.1708107, 43.947952271000077 ], [ 22.167137146000186, 43.941967011000088 ], [ 22.166584015000183, 43.939964295000152 ], [ 22.166498183000158, 43.937858581000171 ], [ 22.16837120100007, 43.92995834300018 ], [ 22.168413163000139, 43.924255371000129 ], [ 22.167812347000165, 43.921482086000083 ], [ 22.16570091300008, 43.916347503000054 ], [ 22.164768219, 43.914241791999984 ], [ 22.161951065000153, 43.909427644000118 ], [ 22.160564422999983, 43.907554626000035 ], [ 22.158761977999973, 43.906005859000061 ], [ 22.157077789000027, 43.905181885000104 ], [ 22.144615173000034, 43.900974275000124 ], [ 22.136604310000052, 43.899440766000168 ], [ 22.134704591000173, 43.898899078000113 ], [ 22.132499695000149, 43.897670744999971 ], [ 22.131530762000182, 43.896484375000057 ], [ 22.129846573000179, 43.893260956000063 ], [ 22.125640869, 43.886844635000045 ], [ 22.124498368000104, 43.884544373000153 ], [ 22.123241424000184, 43.881225587000188 ], [ 22.121725083000058, 43.87563705499997 ], [ 22.117528916000026, 43.87769317700014 ], [ 22.111013413000137, 43.881309509 ], [ 22.103578567000113, 43.886585235999974 ], [ 22.101074220000157, 43.887569427000187 ], [ 22.095384598000123, 43.889041901000155 ], [ 22.077632904000041, 43.894680023000149 ], [ 22.072034837000047, 43.896244049000074 ], [ 22.066749572000163, 43.898357392000037 ], [ 22.062614440000118, 43.90052795400004 ], [ 22.061193466000134, 43.901519776000043 ], [ 22.059743881000031, 43.903247834000013 ], [ 22.058795929000098, 43.905292510000095 ], [ 22.057405471000152, 43.911949157000095 ], [ 22.056022644000052, 43.915779114000031 ], [ 22.05501556400003, 43.917304993000073 ], [ 22.051595689000123, 43.921142578000058 ], [ 22.050796509000122, 43.922576904999971 ], [ 22.050394058000109, 43.924068452000029 ], [ 22.050191878000078, 43.928806303999977 ], [ 22.049501418000148, 43.930809021000073 ], [ 22.047985077000192, 43.93296051100009 ], [ 22.041723251000064, 43.939220430000148 ], [ 22.040021897000145, 43.941448212000068 ], [ 22.037414551999973, 43.947795869000117 ], [ 22.036241532000076, 43.949737550000066 ], [ 22.034530639000025, 43.951263429000107 ], [ 22.032846450000022, 43.951999664000027 ], [ 22.030874253000036, 43.952476501000149 ], [ 22.027988433000132, 43.952831268000068 ], [ 22.024993897000172, 43.95296096900006 ], [ 22.019929885000067, 43.952682496000023 ], [ 22.018043519000116, 43.952178955000193 ], [ 22.015949249000016, 43.950798035000162 ], [ 22.010318757000107, 43.943489075000116 ], [ 22.008535386000062, 43.941490174000194 ], [ 22.005113601000176, 43.93837738000019 ], [ 22.003519059000041, 43.937351227000136 ], [ 22.00092888000006, 43.936523438000108 ], [ 21.997901916000103, 43.936561585000163 ], [ 21.98814392100013, 43.938961029999973 ], [ 21.985940933000109, 43.939682007000044 ], [ 21.983852387000184, 43.940555572000108 ], [ 21.978372573000058, 43.943439485000056 ], [ 21.973897933000046, 43.944820405000144 ], [ 21.969995498000173, 43.945388794000166 ], [ 21.961887360000048, 43.946037291999971 ], [ 21.957935333000023, 43.946559906000061 ], [ 21.955564499000161, 43.947101594000117 ], [ 21.9533290870001, 43.947830201000102 ], [ 21.950412750000112, 43.949138642000094 ], [ 21.942199708000032, 43.953216553000061 ], [ 21.940530777000049, 43.95419311600017 ], [ 21.938575745000094, 43.955814362000183 ], [ 21.931781769, 43.962249756000119 ], [ 21.926261900999975, 43.966381073000036 ], [ 21.922496795000029, 43.968341827000131 ], [ 21.913803100000052, 43.970874786000195 ], [ 21.911706924000157, 43.972183227000187 ], [ 21.910776138000074, 43.973403931000064 ], [ 21.909025193000048, 43.976657867000029 ], [ 21.905584335000128, 43.980545044000053 ], [ 21.899633408000057, 43.985992432000103 ], [ 21.897520064000162, 43.987400055000137 ], [ 21.895669937000093, 43.988105773000086 ], [ 21.893604278000169, 43.988605499000016 ], [ 21.884584428000096, 43.990074158000141 ], [ 21.877613069000176, 43.991756439000142 ], [ 21.873624802000165, 43.992481233000092 ], [ 21.870773316000111, 43.99251175 ], [ 21.863815307000039, 43.991336822000164 ], [ 21.8497734070001, 43.987586976000046 ], [ 21.845893860000047, 43.987052918000074 ], [ 21.841869354000096, 43.986885071000131 ], [ 21.837812424000163, 43.987010957000109 ], [ 21.833826065000096, 43.98748397900016 ], [ 21.831392288000075, 43.988021851000042 ], [ 21.829053878000025, 43.988742828000113 ], [ 21.82118034400014, 43.991950988000156 ], [ 21.816511153000079, 43.993019103000165 ], [ 21.813468933000081, 43.993167878000122 ], [ 21.810468674999981, 43.992877961000033 ], [ 21.806407929000102, 43.99180221600011 ], [ 21.798881532000053, 43.989227295000148 ], [ 21.79561233600009, 43.988601684000173 ], [ 21.793157578000034, 43.988578797000116 ], [ 21.790615082000159, 43.98885345500014 ], [ 21.778247833000023, 43.991046906000179 ], [ 21.772457124000027, 43.991867067000044 ], [ 21.772907257000099, 44.003562927000189 ], [ 21.773767470000109, 44.007904053000061 ], [ 21.7746295930001, 44.009830476000161 ], [ 21.776363372000105, 44.01193618700006 ], [ 21.778713227000139, 44.013618469000164 ], [ 21.782869339000115, 44.015937805000021 ], [ 21.784200669000143, 44.016948700000114 ], [ 21.785350800000174, 44.01865005500008 ], [ 21.785980225000117, 44.020656586000143 ], [ 21.786361695000039, 44.023406982000154 ], [ 21.787115098000129, 44.031860351000148 ], [ 21.788299560999974, 44.034664155000144 ], [ 21.79006767400017, 44.03613662600003 ], [ 21.791812896000181, 44.036746980000089 ], [ 21.796661378000067, 44.037693024000191 ], [ 21.801147461000085, 44.038990020000028 ], [ 21.80390358000011, 44.040283203000172 ], [ 21.806371688000013, 44.041839601000163 ], [ 21.808450698000115, 44.043598176000103 ], [ 21.809936523000033, 44.045536042000037 ], [ 21.810579300000029, 44.047519685000111 ], [ 21.810728072000074, 44.050457 ], [ 21.811151504000122, 44.052658081000175 ], [ 21.811813355000083, 44.054298402000086 ], [ 21.81775665400005, 44.065551757000151 ], [ 21.819238663000192, 44.065471649000074 ], [ 21.822254180000186, 44.065765382000109 ], [ 21.824321747000113, 44.066135407000104 ], [ 21.833356857000183, 44.068515778000176 ], [ 21.836595534000026, 44.068817140000021 ], [ 21.839799882000136, 44.068695069000171 ], [ 21.84729385300011, 44.067897797000114 ], [ 21.850372315000129, 44.067977906000067 ], [ 21.852581023000084, 44.068264007000039 ], [ 21.854629517000092, 44.068805695000094 ], [ 21.857332229000065, 44.070137024000189 ], [ 21.86046981800007, 44.072311401000036 ], [ 21.867294312000013, 44.078411102000189 ], [ 21.869758606000175, 44.080097199000136 ], [ 21.880487441000128, 44.085968019000063 ], [ 21.885185240999988, 44.088211059 ], [ 21.89129829500007, 44.090740205000031 ], [ 21.898067475000062, 44.093128203999981 ], [ 21.902976990000127, 44.094554900999981 ], [ 21.905063630000086, 44.095050812000068 ], [ 21.908794403000172, 44.09555816600016 ], [ 21.912698745000057, 44.095771790000072 ], [ 21.932962417000169, 44.095657348000032 ], [ 21.940929413000163, 44.095882416000165 ], [ 21.94466209300009, 44.096382142000095 ], [ 21.946920394000188, 44.096988678 ], [ 21.948944090999987, 44.097854614000084 ], [ 21.95067978000003, 44.098991394000166 ], [ 21.953580856000031, 44.101528168000129 ], [ 21.958799363000082, 44.107105255000135 ], [ 21.960308074000125, 44.108943940000131 ], [ 21.960767745000055, 44.110137939000083 ], [ 21.960372924000183, 44.112083435000102 ], [ 21.958896637000123, 44.113960266000049 ], [ 21.951810836000163, 44.119094849000078 ], [ 21.950559617000124, 44.120567322000113 ], [ 21.949644089, 44.122188569000059 ], [ 21.948806762000117, 44.124832153000114 ], [ 21.947513579000145, 44.133121491000168 ], [ 21.946704864000083, 44.135719300000062 ], [ 21.944801330000189, 44.139373779000039 ], [ 21.944313049000186, 44.141094207000094 ], [ 21.944557191000115, 44.142509461000088 ], [ 21.945390702000054, 44.143840791000116 ], [ 21.947420120000118, 44.145511627000189 ], [ 21.952554703000146, 44.148735047000059 ], [ 21.954801558000156, 44.150634766000167 ], [ 21.95698738100009, 44.153316497000048 ], [ 21.957784653000147, 44.155429841000114 ], [ 21.958007813000165, 44.157665253000175 ], [ 21.957738876000178, 44.159942628000067 ], [ 21.956743239000161, 44.163208008000026 ], [ 21.955881119000026, 44.168270111000083 ], [ 21.955434800000148, 44.177864075000059 ] ] ] ] } },
{ "type": "Feature", "properties": { "fid": 2, "GID_2": "SRB.1.2_1", "GID_0": "SRB", "COUNTRY": "Serbia", "GID_1": "SRB.1_1", "NAME_1": "Borski", "NL_NAME_1": "Борски", "NAME_2": "Kladovo", "VARNAME_2": "Claudia|Kladowo", "NL_NAME_2": "Кладово", "TYPE_2": "Opštine", "ENGTYPE_2": "Town|Municipal", "CC_2": "NA", "HASC_2": "NA" }, "geometry": { "type": "MultiPolygon", "coordinates": [ [ [ [ 22.649213789999976, 44.541130067000154 ], [ 22.64846420300006, 44.541664125000125 ], [ 22.646818161000112, 44.542850495000039 ], [ 22.643997193000132, 44.544982910000158 ], [ 22.639764785000068, 44.546062469000049 ], [ 22.636171342000182, 44.546585083000139 ], [ 22.63195800699998, 44.548164367000084 ], [ 22.628246308000087, 44.550262451000094 ], [ 22.625001908000058, 44.551280976000101 ], [ 22.622375487999989, 44.552047729000037 ], [ 22.616825103000053, 44.552768708000087 ], [ 22.607614516000126, 44.552661895000028 ], [ 22.601095199999975, 44.552474976000099 ], [ 22.595888137000031, 44.551998139000034 ], [ 22.593753814000081, 44.551685334000183 ], [ 22.590581893000092, 44.551288606000185 ], [ 22.583715439000059, 44.54965209900007 ], [ 22.578901291000136, 44.547130586000037 ], [ 22.574050903000114, 44.543830871000182 ], [ 22.571538926000187, 44.54166793800016 ], [ 22.570169449000105, 44.540531159000182 ], [ 22.566596984000057, 44.537097931000119 ], [ 22.564422607000154, 44.533515931000068 ], [ 22.564104080000163, 44.532173157000159 ], [ 22.563274383000191, 44.528663636000147 ], [ 22.562503815000184, 44.525058747000173 ], [ 22.562103271000126, 44.52304840000005 ], [ 22.561990738000134, 44.520832061000078 ], [ 22.561929703000146, 44.519935609000129 ], [ 22.56172943100006, 44.515861511000026 ], [ 22.561962127000129, 44.511150360000045 ], [ 22.562147141000025, 44.507671357000049 ], [ 22.561916352000026, 44.505504608000081 ], [ 22.56036567700005, 44.501907349000078 ], [ 22.559534073000179, 44.500000000000114 ], [ 22.559200287000067, 44.499042510000095 ], [ 22.558300018000125, 44.494915009000067 ], [ 22.557872772999986, 44.493263244000104 ], [ 22.556722641000079, 44.490119935000166 ], [ 22.552715301000148, 44.484592438000163 ], [ 22.549785614000143, 44.482067107000034 ], [ 22.545389175000082, 44.480136872000116 ], [ 22.543594361000089, 44.47942352300015 ], [ 22.542819977000136, 44.479164124000079 ], [ 22.541292191000025, 44.478534699000136 ], [ 22.538928985000041, 44.477546693000079 ], [ 22.537326813000163, 44.477127076000102 ], [ 22.536603928000147, 44.476936342000158 ], [ 22.533496856000113, 44.475914001000035 ], [ 22.531566620000092, 44.475124359000063 ], [ 22.531253815000071, 44.475032807000105 ], [ 22.531082153000057, 44.474960327000133 ], [ 22.527774810000039, 44.473571777000188 ], [ 22.523548127000026, 44.472362518000068 ], [ 22.518363954000165, 44.472007751000092 ], [ 22.514663696000071, 44.472652436000089 ], [ 22.511613845000056, 44.473571777000188 ], [ 22.508892060000164, 44.474781036000138 ], [ 22.50607681300005, 44.475513458000194 ], [ 22.50243187000018, 44.476539613000114 ], [ 22.500307083000109, 44.477230073000044 ], [ 22.500001908000172, 44.477333068000121 ], [ 22.498041154000134, 44.477912903 ], [ 22.493919373000097, 44.478366851000089 ], [ 22.487215042, 44.479167939000149 ], [ 22.486595153000167, 44.479244232000156 ], [ 22.482107162000148, 44.479946138000116 ], [ 22.478612899000154, 44.480445861000192 ], [ 22.475465774000099, 44.480968476000157 ], [ 22.473037720000093, 44.480911255000137 ], [ 22.471141816000056, 44.480762481000056 ], [ 22.46893692000009, 44.480503082000041 ], [ 22.468751907000126, 44.480461122000122 ], [ 22.467193604000045, 44.480068206000112 ], [ 22.466014861000133, 44.479564667000091 ], [ 22.465225219, 44.479164124000079 ], [ 22.464595794000047, 44.478858947000163 ], [ 22.462530135000122, 44.477817536000032 ], [ 22.461093903000119, 44.476428986000087 ], [ 22.459598540000115, 44.474758147000102 ], [ 22.458894730000168, 44.473331453000014 ], [ 22.458269120000068, 44.472114563000048 ], [ 22.457538604000035, 44.47037506200013 ], [ 22.457731248000186, 44.466377259000183 ], [ 22.450357, 44.46508 ], [ 22.448633, 44.45818 ], [ 22.44761300000016, 44.454094 ], [ 22.451332, 44.445694000000117 ], [ 22.453243, 44.441376 ], [ 22.466634999000121, 44.42606699900017 ], [ 22.467161727000189, 44.425439795000159 ], [ 22.472354241000119, 44.419256207000103 ], [ 22.475488000000155, 44.415524000000119 ], [ 22.46671647200003, 44.411649996000051 ], [ 22.464811714000177, 44.410807294000108 ], [ 22.460356000000104, 44.408836000000122 ], [ 22.456045526000139, 44.40638828699997 ], [ 22.452007, 44.404095001000144 ], [ 22.449155656000073, 44.402910411000164 ], [ 22.447489, 44.402218000000175 ], [ 22.444642111000121, 44.401541026000132 ], [ 22.441795001000116, 44.400864001000116 ], [ 22.434420000000159, 44.399670000000185 ], [ 22.43238553700013, 44.399690339000188 ], [ 22.43141937200005, 44.399700165000127 ], [ 22.431092349000096, 44.3997536 ], [ 22.430578, 44.399838 ], [ 22.429085000000157, 44.400082001000101 ], [ 22.426827253000113, 44.400743213999988 ], [ 22.42542200000014, 44.401364 ], [ 22.424720611000112, 44.401673565000181 ], [ 22.423980713000162, 44.402000428000122 ], [ 22.415769577000049, 44.40663147000015 ], [ 22.412571265999986, 44.408165985000153 ], [ 22.40638, 44.411137 ], [ 22.403728625000156, 44.41214133 ], [ 22.401276000000166, 44.412748000000136 ], [ 22.39671878200005, 44.41387437800006 ], [ 22.394754409000143, 44.414360047000173 ], [ 22.394335461000082, 44.414518175000126 ], [ 22.393984, 44.414651 ], [ 22.392117, 44.415356 ], [ 22.387165, 44.417767 ], [ 22.383413, 44.419884 ], [ 22.383354000000168, 44.419932000000188 ], [ 22.382670601000029, 44.420482621000133 ], [ 22.382093429000065, 44.420948028000055 ], [ 22.381116952000184, 44.422096153999973 ], [ 22.380505, 44.42403000000013 ], [ 22.381180001000132, 44.425934 ], [ 22.38166824200016, 44.426500969000188 ], [ 22.38415375000011, 44.429387260000169 ], [ 22.384163000000171, 44.429398 ], [ 22.384752, 44.431210000000192 ], [ 22.383987000000161, 44.432968000000187 ], [ 22.382109000000185, 44.434366000000182 ], [ 22.381077, 44.435135 ], [ 22.373652000000163, 44.439156 ], [ 22.371147, 44.440781000000186 ], [ 22.361478445000046, 44.449481036000066 ], [ 22.358349, 44.452297 ], [ 22.356869909000125, 44.45308876100006 ], [ 22.352627000000155, 44.455360000000155 ], [ 22.346308, 44.45757 ], [ 22.345886000000178, 44.457718 ], [ 22.345627, 44.457781 ], [ 22.343821, 44.458221 ], [ 22.340757000000167, 44.458618 ], [ 22.33760500000011, 44.45869400000015 ], [ 22.335717, 44.458569 ], [ 22.334452, 44.458485 ], [ 22.334394433000114, 44.458477020000146 ], [ 22.332324260000178, 44.458190071999979 ], [ 22.33004379200014, 44.457874298000149 ], [ 22.329164816000059, 44.457816321000053 ], [ 22.328474, 44.45777100000015 ], [ 22.326804999000103, 44.457661 ], [ 22.323481000000186, 44.457745000000102 ], [ 22.316641000000175, 44.4583 ], [ 22.315720107000118, 44.458373997000194 ], [ 22.314652, 44.458373 ], [ 22.30399100000011, 44.458359000000144 ], [ 22.299858093000012, 44.464008331000116 ], [ 22.29222870000018, 44.473167420000038 ], [ 22.290655136, 44.475555420000092 ], [ 22.289432526000098, 44.478439332000164 ], [ 22.289552689000175, 44.480430603000173 ], [ 22.290588378000166, 44.48244857800006 ], [ 22.293661117000113, 44.486351013000103 ], [ 22.294845580000185, 44.488349914000025 ], [ 22.295312882000133, 44.490306854000096 ], [ 22.295526504000179, 44.495101928 ], [ 22.2962818150001, 44.497055054000157 ], [ 22.297182082000063, 44.498348235000094 ], [ 22.301900863000128, 44.503150940000012 ], [ 22.30287742600018, 44.504985809000061 ], [ 22.302986144000101, 44.50587844800009 ], [ 22.302623749000077, 44.507583618000183 ], [ 22.301256180000166, 44.511123657000041 ], [ 22.301080704000015, 44.513134003000118 ], [ 22.301820754000175, 44.516670226000031 ], [ 22.302911758, 44.519664764000026 ], [ 22.305137635000051, 44.52846527100013 ], [ 22.306257247000133, 44.530357360000096 ], [ 22.307943344000137, 44.531784057000095 ], [ 22.309608459000117, 44.532409669000174 ], [ 22.311550140000122, 44.532737732000044 ], [ 22.314382553000087, 44.532817840000121 ], [ 22.324247360000186, 44.531520844000113 ], [ 22.326229096000191, 44.531467437 ], [ 22.327604295000185, 44.531585693000068 ], [ 22.330411911000112, 44.532310486000085 ], [ 22.340318681000042, 44.536891937000121 ], [ 22.345838547000028, 44.540081023000027 ], [ 22.347305297999981, 44.541400910000107 ], [ 22.349340439000059, 44.544101714000078 ], [ 22.34984970000005, 44.545406343000138 ], [ 22.349763871000107, 44.547248841000169 ], [ 22.349119186000166, 44.548480987000175 ], [ 22.348108291000074, 44.549636841000051 ], [ 22.345954895000091, 44.551235199000132 ], [ 22.340248108000139, 44.553501130000143 ], [ 22.331157684000118, 44.556228637000117 ], [ 22.320209503000115, 44.562316895000095 ], [ 22.317781447000129, 44.564018250000061 ], [ 22.316253663000168, 44.565578461000086 ], [ 22.315195084000095, 44.567283630000077 ], [ 22.313421250000033, 44.573936462 ], [ 22.311853409000094, 44.576828003000116 ], [ 22.309352875000116, 44.580173492000029 ], [ 22.305665970000177, 44.583343506000176 ], [ 22.302888870000061, 44.584938050000119 ], [ 22.294656754000187, 44.588287354000101 ], [ 22.289945603000035, 44.589397431 ], [ 22.288055419000102, 44.589561462000177 ], [ 22.285974502000158, 44.589366913000163 ], [ 22.283994674000155, 44.588787078000053 ], [ 22.281454087000157, 44.587413789000038 ], [ 22.276369094000131, 44.584117889000026 ], [ 22.273265839000146, 44.582893372000058 ], [ 22.266670227000134, 44.581539154000097 ], [ 22.249937058, 44.579193116000113 ], [ 22.250003814000024, 44.579261779000035 ], [ 22.250808716000051, 44.580036163000159 ], [ 22.253599167000061, 44.583332062000068 ], [ 22.254806519000113, 44.584758759000124 ], [ 22.257295608000106, 44.587688446000129 ], [ 22.258237839000174, 44.588493347 ], [ 22.260934831000043, 44.590770721000126 ], [ 22.261903764000181, 44.591686249000077 ], [ 22.264627456000142, 44.594543458000089 ], [ 22.266052246000072, 44.596553802000187 ], [ 22.266643524000131, 44.598114015000021 ], [ 22.267766953000091, 44.600517273000094 ], [ 22.268997191000096, 44.60343933200005 ], [ 22.269376754000177, 44.604167939000035 ], [ 22.26977539000012, 44.604991913000163 ], [ 22.272106172000065, 44.608692169000051 ], [ 22.27255630500008, 44.609710694000057 ], [ 22.273214341000141, 44.611415863 ], [ 22.273841858000139, 44.613262177000195 ], [ 22.274541856000155, 44.616207123000152 ], [ 22.274526595, 44.618457794000108 ], [ 22.274524688000156, 44.620117188000108 ], [ 22.274635315000126, 44.621253967000087 ], [ 22.274789810000016, 44.622810365000078 ], [ 22.275169373000097, 44.624313355000083 ], [ 22.275541305000161, 44.625000000000171 ], [ 22.27593994200015, 44.625770569000053 ], [ 22.277803421000101, 44.62747573900009 ], [ 22.279556274000072, 44.628570557000103 ], [ 22.281251908000058, 44.629104615000074 ], [ 22.282958985000164, 44.629596710000158 ], [ 22.283863068000073, 44.629772186000139 ], [ 22.285778045000143, 44.630302429000039 ], [ 22.288259506000031, 44.631698609000068 ], [ 22.289730073000101, 44.632766724000078 ], [ 22.293992995000053, 44.63561630200013 ], [ 22.295629502, 44.636188507000156 ], [ 22.29871368400012, 44.637115478 ], [ 22.301465988000132, 44.638999939000087 ], [ 22.302495956000087, 44.640186309000171 ], [ 22.30354309, 44.642398835000108 ], [ 22.304012299000192, 44.644794465000075 ], [ 22.303968430000054, 44.645832061000135 ], [ 22.303941726000119, 44.645915985000158 ], [ 22.303590775000146, 44.647666932000163 ], [ 22.303442001000121, 44.649513244000161 ], [ 22.304986953000025, 44.653541565000126 ], [ 22.305881500000055, 44.654773713000111 ], [ 22.308116912000116, 44.657341003000056 ], [ 22.308732986000109, 44.65790176400003 ], [ 22.31000709500006, 44.659053803000063 ], [ 22.312501907000069, 44.660701753000126 ], [ 22.314153672000089, 44.661838531000058 ], [ 22.317741393000176, 44.663963318000071 ], [ 22.320320129000038, 44.665496827000027 ], [ 22.321840287000043, 44.666667938000046 ], [ 22.322767258000113, 44.667381286000079 ], [ 22.327608108000049, 44.671859741 ], [ 22.331541062000042, 44.674674988000163 ], [ 22.33319664000004, 44.675601959 ], [ 22.337768554000149, 44.676414489000081 ], [ 22.340784073000179, 44.67685318000008 ], [ 22.343751907000069, 44.676071168000192 ], [ 22.348451614000169, 44.674858094 ], [ 22.352663039, 44.673946381000178 ], [ 22.358804702000043, 44.673004150000111 ], [ 22.366418839000062, 44.67261123600008 ], [ 22.369470597000145, 44.672599793000131 ], [ 22.373502731000144, 44.673095704000048 ], [ 22.375003814000081, 44.673446655000021 ], [ 22.375852586000178, 44.673618316000102 ], [ 22.377830506000066, 44.67423248200015 ], [ 22.382307053000147, 44.675998687000174 ], [ 22.385972977000051, 44.677810670000099 ], [ 22.386497497000107, 44.678009034000127 ], [ 22.389028548, 44.678958893000129 ], [ 22.39171409700009, 44.679969788 ], [ 22.395875931000035, 44.68193817100007 ], [ 22.398662567000031, 44.683750153000062 ], [ 22.401966095000148, 44.6861495980001 ], [ 22.403842925000163, 44.687500000999989 ], [ 22.405803680000133, 44.688949584000113 ], [ 22.406253815000184, 44.689495087000068 ], [ 22.408391953000148, 44.692188263000162 ], [ 22.408573151000041, 44.692432405000091 ], [ 22.410610199000189, 44.695190429000036 ], [ 22.414897918000122, 44.699520112000073 ], [ 22.416097642000125, 44.700553895000098 ], [ 22.419672012000092, 44.703533173000039 ], [ 22.422449111999981, 44.705505372000061 ], [ 22.427919388000191, 44.708332062000181 ], [ 22.42827606200018, 44.70851516800019 ], [ 22.432353973000033, 44.710494996000079 ], [ 22.436201096000104, 44.710582733000138 ], [ 22.437501907000183, 44.709926605000192 ], [ 22.439765931000068, 44.710144042000138 ], [ 22.444858552000028, 44.710678100000109 ], [ 22.448089601000106, 44.711917878000179 ], [ 22.44965171900003, 44.712699890000067 ], [ 22.451812745000097, 44.71311187900011 ], [ 22.456108094000172, 44.712951661000034 ], [ 22.458320618000073, 44.71401214600013 ], [ 22.462968826000122, 44.715568544000121 ], [ 22.46753692700014, 44.715373991999968 ], [ 22.468753814000024, 44.715095519000101 ], [ 22.470180511000024, 44.714771271000131 ], [ 22.472061157000041, 44.714046478000114 ], [ 22.473039627000162, 44.713672638000105 ], [ 22.477184296000189, 44.711521149000134 ], [ 22.479532242000118, 44.71047592300016 ], [ 22.481769562000125, 44.709735871000021 ], [ 22.484930039000062, 44.70856094300018 ], [ 22.485246659000154, 44.708332062000181 ], [ 22.486190796000187, 44.707462311000029 ], [ 22.488500595000062, 44.704399108000189 ], [ 22.490316392000125, 44.702411652000023 ], [ 22.492132187000152, 44.70098877099997 ], [ 22.494234086000063, 44.699874878000116 ], [ 22.496452332000104, 44.698451997000063 ], [ 22.499738694000087, 44.696525574000077 ], [ 22.500003813999967, 44.696388245000037 ], [ 22.50589943000017, 44.693759919000172 ], [ 22.5074729910001, 44.692630769000175 ], [ 22.509538650000025, 44.690849305000029 ], [ 22.511899948000178, 44.687500000999989 ], [ 22.512145995000026, 44.687198639000144 ], [ 22.513013840000156, 44.686016084000073 ], [ 22.514299393000044, 44.683975221000026 ], [ 22.515489579000075, 44.682830810000155 ], [ 22.517705918000047, 44.680606843000078 ], [ 22.521266937000121, 44.677692414000035 ], [ 22.525278091000132, 44.676609039000027 ], [ 22.527214051000101, 44.674816132000103 ], [ 22.531253815000071, 44.67176437400019 ], [ 22.534534454000152, 44.669296265000185 ], [ 22.537649155000054, 44.666915894000113 ], [ 22.537813187000097, 44.666667938000046 ], [ 22.538431167000056, 44.666255951000153 ], [ 22.542314529000066, 44.662822725000126 ], [ 22.545967102000191, 44.660507202000133 ], [ 22.549224853000169, 44.658065797000177 ], [ 22.552400589000058, 44.654926300000056 ], [ 22.55514907800017, 44.652877809000074 ], [ 22.560552598000129, 44.65018844500014 ], [ 22.562503815000184, 44.649215699000138 ], [ 22.563608169000076, 44.648670197000115 ], [ 22.566019059000098, 44.646575928000118 ], [ 22.566303253000171, 44.645832061000135 ], [ 22.567174911000166, 44.64389038000013 ], [ 22.56771659900005, 44.642089843000122 ], [ 22.567897797000114, 44.639972687000068 ], [ 22.568412781000063, 44.639209748000098 ], [ 22.570350647, 44.637462616000164 ], [ 22.573768615, 44.635269166 ], [ 22.576900482000099, 44.633743287000186 ], [ 22.580610276000073, 44.632892610000056 ], [ 22.582496644000173, 44.632389069 ], [ 22.584594727000137, 44.631183625000119 ], [ 22.587144852, 44.62975692800012 ], [ 22.590915681000183, 44.628192902000194 ], [ 22.593753814000081, 44.626846314000147 ], [ 22.595586777000108, 44.625991821000071 ], [ 22.597024917000113, 44.62535476700009 ], [ 22.597408295000037, 44.625205994000169 ], [ 22.597940445000177, 44.625000000000171 ], [ 22.598564147000104, 44.624694825000063 ], [ 22.598896027000023, 44.624538421000068 ], [ 22.599079131000053, 44.62444686900011 ], [ 22.59965515100015, 44.624183654000092 ], [ 22.600635529000044, 44.623683931000073 ], [ 22.602024079000046, 44.622974395000142 ], [ 22.603200912000148, 44.622375489000149 ], [ 22.603757858000051, 44.622234345000038 ], [ 22.605211258000054, 44.621646881000117 ], [ 22.606672287000038, 44.621116638 ], [ 22.606920243000104, 44.620929719000117 ], [ 22.608160019000024, 44.62057113700007 ], [ 22.609037400000091, 44.620246887000064 ], [ 22.609270096000159, 44.620147705000022 ], [ 22.611747742000148, 44.61919021500006 ], [ 22.612808227000073, 44.618785859000184 ], [ 22.613479614000084, 44.618518829000095 ], [ 22.614130021000165, 44.618232728000123 ], [ 22.615545273, 44.617610931000115 ], [ 22.616630554000039, 44.6171607980001 ], [ 22.617633820000094, 44.616722107000101 ], [ 22.618635178000147, 44.616298675000053 ], [ 22.619159699000136, 44.616092682000158 ], [ 22.619356156000151, 44.616027832000157 ], [ 22.620075225000051, 44.615768432000152 ], [ 22.620817185000135, 44.615554810000106 ], [ 22.621582031000173, 44.615356446000192 ], [ 22.622369765000144, 44.615142822999985 ], [ 22.623132706000149, 44.614994049000131 ], [ 22.623495103000039, 44.614910127000144 ], [ 22.624280930000111, 44.614803315000188 ], [ 22.62468719400016, 44.614742279000097 ], [ 22.62500381600006, 44.614746094000111 ], [ 22.625806809000153, 44.614627839000036 ], [ 22.626735687000064, 44.614528657000164 ], [ 22.627628326000149, 44.614448548000041 ], [ 22.628484726000124, 44.614391328000067 ], [ 22.629375458000084, 44.614368439000089 ], [ 22.630241394000166, 44.614368439000089 ], [ 22.631898879000062, 44.614372254000102 ], [ 22.63370323100014, 44.61449051000011 ], [ 22.635896683999988, 44.614616394000052 ], [ 22.638498306000145, 44.614768983000147 ], [ 22.639188766000075, 44.614791871000079 ], [ 22.63938522300009, 44.614860535000105 ], [ 22.640617370000143, 44.615047456000184 ], [ 22.642284393000182, 44.615303040000015 ], [ 22.643943786000079, 44.615558625000119 ], [ 22.644376754000177, 44.615623475000177 ], [ 22.644773483000051, 44.615722657000049 ], [ 22.646802902, 44.616088867000144 ], [ 22.648468018000131, 44.616374970999971 ], [ 22.650030136000055, 44.616661072000113 ], [ 22.650362014000166, 44.616722107000101 ], [ 22.650829316000113, 44.616806031000124 ], [ 22.651679993000016, 44.616958618000069 ], [ 22.652479171000095, 44.617095947000166 ], [ 22.653242112000044, 44.617210388000103 ], [ 22.654487610000103, 44.617355347000114 ], [ 22.655303956000125, 44.617469787000175 ], [ 22.655979157000104, 44.617549896000128 ], [ 22.656253815000127, 44.617622376999975 ], [ 22.65669250600007, 44.617713928 ], [ 22.6568355550001, 44.617752075000055 ], [ 22.66247177200006, 44.618392945000153 ], [ 22.663757324000017, 44.618602753000118 ], [ 22.667678833000025, 44.619186402000025 ], [ 22.668842315000063, 44.619453430000078 ], [ 22.669004440000037, 44.619419098000094 ], [ 22.669656753000083, 44.619567871000015 ], [ 22.671716690000096, 44.619571686000086 ], [ 22.672092438000107, 44.619556427000134 ], [ 22.673814773000061, 44.619255066000164 ], [ 22.674179078000066, 44.619239807000042 ], [ 22.676097870000035, 44.618724823000093 ], [ 22.676925659000062, 44.618522644000166 ], [ 22.67718887400008, 44.618408204000104 ], [ 22.677913665000119, 44.618144989000086 ], [ 22.679618835000156, 44.617404939000153 ], [ 22.679960251000125, 44.617229461000193 ], [ 22.680284501000131, 44.617008210000051 ], [ 22.680505752000045, 44.616786957000159 ], [ 22.680629730000192, 44.616523743000073 ], [ 22.680948257000182, 44.615055084000119 ], [ 22.68086624100016, 44.614944459000128 ], [ 22.681062698000119, 44.614204407000159 ], [ 22.681167603, 44.613597871000081 ], [ 22.68155670100009, 44.612491609000188 ], [ 22.681640625000114, 44.612388611000029 ], [ 22.682695389000116, 44.610870361000025 ], [ 22.683036805000143, 44.610374452000087 ], [ 22.684217453000144, 44.609180451000157 ], [ 22.684356690000186, 44.609195709000176 ], [ 22.684509277000132, 44.608974457000159 ], [ 22.685173035000162, 44.608650209000132 ], [ 22.686294556000121, 44.60793686 ], [ 22.686460496000166, 44.607883453000113 ], [ 22.687089920000062, 44.607517243000189 ], [ 22.687501907000126, 44.607345580000128 ], [ 22.689424515000042, 44.60662460400016 ], [ 22.690053939000052, 44.606449128 ], [ 22.692354202000047, 44.60574340800008 ], [ 22.692853927999977, 44.60560226400014 ], [ 22.693513871000164, 44.605449676000092 ], [ 22.695789338000054, 44.605022431000179 ], [ 22.695926667000151, 44.605026246000079 ], [ 22.700513839000052, 44.604331971000079 ], [ 22.70079612700016, 44.604290009000181 ], [ 22.701923370000088, 44.604225159000123 ], [ 22.702877045000037, 44.604164124000135 ], [ 22.704231261000189, 44.604080200000112 ], [ 22.707859039000141, 44.603645324000013 ], [ 22.710857391000047, 44.602237700999979 ], [ 22.714206696000133, 44.599815370000044 ], [ 22.717071533000137, 44.59752655 ], [ 22.718751907000069, 44.596107483000139 ], [ 22.721258164000062, 44.594013215000189 ], [ 22.721420289000037, 44.593864441000164 ], [ 22.725343705000171, 44.590816498000095 ], [ 22.725416184000039, 44.590751648000094 ], [ 22.727075577000107, 44.589164733000132 ], [ 22.729156494000051, 44.587417604000109 ], [ 22.729476928999986, 44.587154389000091 ], [ 22.733066559000179, 44.584331512000176 ], [ 22.733186723000188, 44.584259033000137 ], [ 22.73430442800003, 44.583526612000185 ], [ 22.734556197000131, 44.583332062000068 ], [ 22.735466004000045, 44.582645417000037 ], [ 22.738451004000069, 44.579853057000093 ], [ 22.741216659000031, 44.577259063000042 ], [ 22.741340637000178, 44.57718276900016 ], [ 22.745420456000147, 44.574153900000056 ], [ 22.745521546000134, 44.57405471800007 ], [ 22.749246598000184, 44.570747375000053 ], [ 22.749782563, 44.570255280000083 ], [ 22.749853134000091, 44.570182801000044 ], [ 22.750001908000115, 44.570049285000039 ], [ 22.751634597000134, 44.568649292000089 ], [ 22.751766206000127, 44.568496705000143 ], [ 22.754608154000039, 44.565841675000058 ], [ 22.754735947000086, 44.565689088000113 ], [ 22.757257461000165, 44.563049317000093 ], [ 22.757463455000163, 44.56282424900013 ], [ 22.757749557000182, 44.562500001000103 ], [ 22.758352280000054, 44.561908721000066 ], [ 22.759410859000127, 44.560646057000042 ], [ 22.760446548000118, 44.559368134000067 ], [ 22.761011124000106, 44.558597566000117 ], [ 22.761369706000153, 44.558052063000162 ], [ 22.762769699000046, 44.55562210100004 ], [ 22.763113022000141, 44.555088044000172 ], [ 22.76339340300018, 44.554199220000157 ], [ 22.764019013000052, 44.552200318000132 ], [ 22.764282227000137, 44.551006318000134 ], [ 22.764404298000045, 44.550807953000117 ], [ 22.764448165000033, 44.550445556000057 ], [ 22.764986038000018, 44.549022675 ], [ 22.765232087000072, 44.548175812000011 ], [ 22.76540374700005, 44.54701233000003 ], [ 22.765550614, 44.546054841000114 ], [ 22.765491486000087, 44.545856476000154 ], [ 22.76546096800007, 44.544689179000102 ], [ 22.765375136000102, 44.543518067000036 ], [ 22.765214921000052, 44.542633058000092 ], [ 22.765270234000127, 44.542377473000158 ], [ 22.765113831000065, 44.542045593000068 ], [ 22.765064239000026, 44.54166793800016 ], [ 22.764814377000107, 44.540554048 ], [ 22.763484955000081, 44.539081574000022 ], [ 22.762948990000041, 44.538635253000166 ], [ 22.761766434000094, 44.537811278999982 ], [ 22.759517669000104, 44.536540985000045 ], [ 22.75881767400017, 44.536212922000175 ], [ 22.757761002000166, 44.53581619300013 ], [ 22.755170823000185, 44.534812927000075 ], [ 22.750970841000083, 44.533664703000113 ], [ 22.750291824000158, 44.533432007000044 ], [ 22.750001908000115, 44.533344270000157 ], [ 22.747066498000095, 44.532451631000129 ], [ 22.747030259000041, 44.532440185000041 ], [ 22.743289948000097, 44.531314850000115 ], [ 22.739719391000165, 44.530117036000092 ], [ 22.735391616000072, 44.52863311699997 ], [ 22.73182487400004, 44.527427673000091 ], [ 22.728334428000039, 44.526092530000028 ], [ 22.723268508000103, 44.524211884000181 ], [ 22.719539643000076, 44.522838593000188 ], [ 22.718992233000051, 44.522632598000087 ], [ 22.718753814000138, 44.522331239000096 ], [ 22.717613220000089, 44.521762847000161 ], [ 22.71513175900003, 44.520832061000078 ], [ 22.713062287000071, 44.519897462000074 ], [ 22.709571839000091, 44.518924714000093 ], [ 22.705638885000099, 44.518009185999972 ], [ 22.701038361000144, 44.517158509000069 ], [ 22.700223923000067, 44.51710510200013 ], [ 22.697471619000055, 44.516925813000171 ], [ 22.693431855000142, 44.517539979000162 ], [ 22.689214707000076, 44.518829345000086 ], [ 22.687501907000126, 44.519535065000014 ], [ 22.685846329000071, 44.520130158000143 ], [ 22.684408187000088, 44.520832061000078 ], [ 22.682395935000045, 44.521850586000028 ], [ 22.677406311000027, 44.524662018000129 ], [ 22.672580718000177, 44.527175903000057 ], [ 22.667905807000182, 44.529861450000112 ], [ 22.662698745000114, 44.533008576999976 ], [ 22.659568786000023, 44.534557342000141 ], [ 22.656412125000088, 44.53622055000011 ], [ 22.656253815000127, 44.536338806000117 ], [ 22.652633668000192, 44.538661957000045 ], [ 22.650062560000038, 44.540523529000041 ], [ 22.649213789999976, 44.541130067000154 ] ] ] ] } },
{ "type": "Feature", "properties": { "fid": 3, "GID_2": "SRB.1.3_1", "GID_0": "SRB", "COUNTRY": "Serbia", "GID_1": "SRB.1_1", "NAME_1": "Borski", "NL_NAME_1": "Борски", "NAME_2": "Majdanpek", "VARNAME_2": "NA", "NL_NAME_2": "Мајданпек", "TYPE_2": "Opštine", "ENGTYPE_2": "Town|Municipal", "CC_2": "NA", "HASC_2": "NA" }, "geometry": { "type": "MultiPolygon", "coordinates": [ [ [ [ 22.191474914000025, 44.498542787000076 ], [ 22.192476273000011, 44.500000000000114 ], [ 22.19342994800013, 44.501308441000106 ], [ 22.194177628000034, 44.50313186700015 ], [ 22.194879531000083, 44.506263733000083 ], [ 22.195217132000039, 44.507629395000151 ], [ 22.196691513000076, 44.510166169000058 ], [ 22.19778823900009, 44.511272431000123 ], [ 22.20041847300007, 44.513889313000107 ], [ 22.202001572000086, 44.515228271000012 ], [ 22.204038620000063, 44.517112732000101 ], [ 22.20577812099998, 44.519271851000099 ], [ 22.206901551000044, 44.520832061000078 ], [ 22.208986282000126, 44.523887634000175 ], [ 22.210042954000187, 44.525600434000182 ], [ 22.212219238000102, 44.530220031 ], [ 22.213327408000168, 44.532455444000163 ], [ 22.21431732200017, 44.534034730000087 ], [ 22.215711594000084, 44.536754608000081 ], [ 22.216812133000076, 44.538204193000183 ], [ 22.218753814000081, 44.54040145800019 ], [ 22.219249725000168, 44.540916443000071 ], [ 22.219743728000083, 44.541664125000125 ], [ 22.221321107000108, 44.544445038000106 ], [ 22.221857070000169, 44.545806884000115 ], [ 22.223758697, 44.549713135000161 ], [ 22.226684571000192, 44.553630828 ], [ 22.228677749000042, 44.556015015000185 ], [ 22.229478837000102, 44.557704926000156 ], [ 22.231021882000107, 44.560588837000068 ], [ 22.23178100500013, 44.561721802000136 ], [ 22.232578277000187, 44.562500001000103 ], [ 22.234146118000183, 44.564064027000029 ], [ 22.236356734000083, 44.566108703000111 ], [ 22.238929750000182, 44.567993164000143 ], [ 22.242744446000188, 44.571144104000098 ], [ 22.244087219000164, 44.572875977000137 ], [ 22.245985031000146, 44.575122833000023 ], [ 22.249937058, 44.579193116000113 ], [ 22.266670227000134, 44.581539154000097 ], [ 22.273265839000146, 44.582893372000058 ], [ 22.276369094000131, 44.584117889000026 ], [ 22.281454087000157, 44.587413789000038 ], [ 22.283994674000155, 44.588787078000053 ], [ 22.285974502000158, 44.589366913000163 ], [ 22.288055419000102, 44.589561462000177 ], [ 22.289945603000035, 44.589397431 ], [ 22.294656754000187, 44.588287354000101 ], [ 22.302888870000061, 44.584938050000119 ], [ 22.305665970000177, 44.583343506000176 ], [ 22.309352875000116, 44.580173492000029 ], [ 22.311853409000094, 44.576828003000116 ], [ 22.313421250000033, 44.573936462 ], [ 22.315195084000095, 44.567283630000077 ], [ 22.316253663000168, 44.565578461000086 ], [ 22.317781447000129, 44.564018250000061 ], [ 22.320209503000115, 44.562316895000095 ], [ 22.331157684000118, 44.556228637000117 ], [ 22.340248108000139, 44.553501130000143 ], [ 22.345954895000091, 44.551235199000132 ], [ 22.348108291000074, 44.549636841000051 ], [ 22.349119186000166, 44.548480987000175 ], [ 22.349763871000107, 44.547248841000169 ], [ 22.34984970000005, 44.545406343000138 ], [ 22.349340439000059, 44.544101714000078 ], [ 22.347305297999981, 44.541400910000107 ], [ 22.345838547000028, 44.540081023000027 ], [ 22.340318681000042, 44.536891937000121 ], [ 22.330411911000112, 44.532310486000085 ], [ 22.327604295000185, 44.531585693000068 ], [ 22.326229096000191, 44.531467437 ], [ 22.324247360000186, 44.531520844000113 ], [ 22.314382553000087, 44.532817840000121 ], [ 22.311550140000122, 44.532737732000044 ], [ 22.309608459000117, 44.532409669000174 ], [ 22.307943344000137, 44.531784057000095 ], [ 22.306257247000133, 44.530357360000096 ], [ 22.305137635000051, 44.52846527100013 ], [ 22.302911758, 44.519664764000026 ], [ 22.301820754000175, 44.516670226000031 ], [ 22.301080704000015, 44.513134003000118 ], [ 22.301256180000166, 44.511123657000041 ], [ 22.302623749000077, 44.507583618000183 ], [ 22.302986144000101, 44.50587844800009 ], [ 22.30287742600018, 44.504985809000061 ], [ 22.301900863000128, 44.503150940000012 ], [ 22.297182082000063, 44.498348235000094 ], [ 22.2962818150001, 44.497055054000157 ], [ 22.295526504000179, 44.495101928 ], [ 22.295312882000133, 44.490306854000096 ], [ 22.294845580000185, 44.488349914000025 ], [ 22.293661117000113, 44.486351013000103 ], [ 22.290588378000166, 44.48244857800006 ], [ 22.289552689000175, 44.480430603000173 ], [ 22.289432526000098, 44.478439332000164 ], [ 22.290655136, 44.475555420000092 ], [ 22.29222870000018, 44.473167420000038 ], [ 22.299858093000012, 44.464008331000116 ], [ 22.30399100000011, 44.458359000000144 ], [ 22.303682442000024, 44.458231124 ], [ 22.301940004000073, 44.457509259000062 ], [ 22.301237000000185, 44.457218 ], [ 22.297554000000105, 44.455401000000165 ], [ 22.292537080000102, 44.452925454000138 ], [ 22.292524001000174, 44.452919001000055 ], [ 22.291164091000098, 44.452681197000118 ], [ 22.289506498000037, 44.452394299000161 ], [ 22.287591894000059, 44.452656216000094 ], [ 22.286592483000049, 44.452793121000127 ], [ 22.28120200800015, 44.454772997000134 ], [ 22.278297000000123, 44.455185 ], [ 22.275308850000158, 44.454753944000117 ], [ 22.275209, 44.454717 ], [ 22.272539000000165, 44.453732000000116 ], [ 22.270639000000131, 44.452763 ], [ 22.269852, 44.452362 ], [ 22.266681, 44.450339 ], [ 22.263964000000101, 44.4486050000001 ], [ 22.263863005000189, 44.44850989400004 ], [ 22.262129000000186, 44.446877 ], [ 22.261888000000113, 44.446454 ], [ 22.26108, 44.44503 ], [ 22.261031777000085, 44.444650926000122 ], [ 22.260965000000169, 44.444126 ], [ 22.261354, 44.442406000000176 ], [ 22.262886, 44.438857999000163 ], [ 22.263248, 44.436890000000119 ], [ 22.263402678000034, 44.433822105000047 ], [ 22.263488986000084, 44.432110273000148 ], [ 22.263869, 44.430602000000135 ], [ 22.264524582000149, 44.428006612000161 ], [ 22.26437845200013, 44.427099772000076 ], [ 22.264202000000125, 44.426022000000103 ], [ 22.263091676000045, 44.424159720000034 ], [ 22.262877582000101, 44.423975208000059 ], [ 22.261051179000106, 44.422401429000104 ], [ 22.25329971300016, 44.417716979000147 ], [ 22.250661850000142, 44.416458130000137 ], [ 22.250423416000103, 44.41639678700011 ], [ 22.250015, 44.416292 ], [ 22.248631000000159, 44.415936000000102 ], [ 22.246500594000111, 44.415788073000044 ], [ 22.244782820000069, 44.416037258000131 ], [ 22.242620468000041, 44.416351318000181 ], [ 22.229951859000153, 44.419605255000022 ], [ 22.226911544000188, 44.420246125000119 ], [ 22.226566386000059, 44.420272404000059 ], [ 22.224857, 44.420403001000125 ], [ 22.222839, 44.420269000000133 ], [ 22.221978, 44.420061 ], [ 22.220862976000149, 44.419791989000032 ], [ 22.220833000000141, 44.419778 ], [ 22.219158000000107, 44.418961000000138 ], [ 22.218935956000053, 44.418761161000191 ], [ 22.217847996000103, 44.417781994000109 ], [ 22.21690000000018, 44.416336000000172 ], [ 22.216614000000106, 44.415474 ], [ 22.216037220000032, 44.413735787000064 ], [ 22.216028000000108, 44.413708000000156 ], [ 22.215637000000129, 44.410873 ], [ 22.215636936000124, 44.41085406600007 ], [ 22.21561800000012, 44.405216 ], [ 22.216125000000147, 44.402702 ], [ 22.216771000000165, 44.401546000000167 ], [ 22.217110000000105, 44.400940000000105 ], [ 22.218082, 44.39980300000019 ], [ 22.218512910000015, 44.399300105000066 ], [ 22.219646890000092, 44.398231506 ], [ 22.222553253000115, 44.395492553000167 ], [ 22.223590851000154, 44.393997193000075 ], [ 22.224271775000034, 44.392402648000029 ], [ 22.224467863000086, 44.391191063000065 ], [ 22.224613, 44.390293 ], [ 22.224555004000081, 44.38957828000008 ], [ 22.224439621000045, 44.388160707000111 ], [ 22.22347254400006, 44.384057410000025 ], [ 22.223214999000163, 44.382965 ], [ 22.223159549000172, 44.382068599000036 ], [ 22.223076000000106, 44.380718001 ], [ 22.223077401000126, 44.380707818000133 ], [ 22.223307968000142, 44.379032068000072 ], [ 22.223688, 44.376270000000147 ], [ 22.226839, 44.369049 ], [ 22.229156934000173, 44.365578525000046 ], [ 22.230085, 44.364189000000124 ], [ 22.234325, 44.358597000000145 ], [ 22.234824809000088, 44.357482603000051 ], [ 22.235282898999969, 44.356460571000071 ], [ 22.238336562000143, 44.346920014000148 ], [ 22.238636617000168, 44.344522289999986 ], [ 22.238723000000164, 44.343831000000193 ], [ 22.238759967000078, 44.343536265000068 ], [ 22.238741369000138, 44.343460014000073 ], [ 22.2386580000001, 44.34312000000017 ], [ 22.238530999000147, 44.34259799900002 ], [ 22.238289762000022, 44.342197954000085 ], [ 22.237573624000049, 44.341011047 ], [ 22.23602294900013, 44.339607239000031 ], [ 22.235361778000026, 44.339216123000028 ], [ 22.234262000000172, 44.338566000000128 ], [ 22.230413, 44.336884 ], [ 22.223848, 44.334823 ], [ 22.22204, 44.334255 ], [ 22.222019392000107, 44.334240127000044 ], [ 22.221810000000175, 44.334089 ], [ 22.220207, 44.332932 ], [ 22.219891000000189, 44.332235000000139 ], [ 22.219645, 44.331692000000146 ], [ 22.219557, 44.330261 ], [ 22.220167000000117, 44.327809 ], [ 22.22146000000015, 44.32261300000016 ], [ 22.221644999000091, 44.319744001 ], [ 22.221519913000066, 44.318336892000048 ], [ 22.221391678000032, 44.316898345000141 ], [ 22.221145769000032, 44.316143016000069 ], [ 22.220999, 44.315693000000124 ], [ 22.220512, 44.314198001000136 ], [ 22.219853760000149, 44.313133932000142 ], [ 22.219640731000027, 44.312789917000032 ], [ 22.218986840000184, 44.312094063000188 ], [ 22.218404, 44.311474 ], [ 22.216589661000171, 44.309543344000076 ], [ 22.216578999000149, 44.309532 ], [ 22.214241, 44.307957000000101 ], [ 22.211475000000178, 44.30693100100018 ], [ 22.207447078000143, 44.306316410000022 ], [ 22.205569508000053, 44.306029886000147 ], [ 22.204737, 44.305836000000113 ], [ 22.203676, 44.305588000000171 ], [ 22.202017000000126, 44.304909000000123 ], [ 22.201557, 44.304533000000106 ], [ 22.200278940000032, 44.303489300000081 ], [ 22.20027000000016, 44.303482 ], [ 22.19936515500018, 44.302180754000176 ], [ 22.198994, 44.301647 ], [ 22.196095, 44.296021000000167 ], [ 22.195710000000133, 44.295523000000173 ], [ 22.194935000000157, 44.294518000000153 ], [ 22.193321, 44.292880000000139 ], [ 22.19107836500018, 44.290603536000049 ], [ 22.191067, 44.290592000000174 ], [ 22.19106079800008, 44.290582902000153 ], [ 22.19008, 44.289144 ], [ 22.190027000000157, 44.289066 ], [ 22.189906, 44.288796000000104 ], [ 22.189297000000124, 44.287437 ], [ 22.188897481000026, 44.285603112000047 ], [ 22.188826, 44.285275 ], [ 22.188825290000182, 44.285235711000098 ], [ 22.188786000000164, 44.283062000000143 ], [ 22.18904, 44.281494 ], [ 22.189142000000118, 44.280865 ], [ 22.189778504000174, 44.278697708000152 ], [ 22.190861140000038, 44.275011338000127 ], [ 22.191514233000191, 44.271824041000116 ], [ 22.192032000000154, 44.269295 ], [ 22.19298, 44.266552000000104 ], [ 22.195366, 44.262211 ], [ 22.195795, 44.260866000000192 ], [ 22.196474000000137, 44.258739 ], [ 22.196413, 44.257535 ], [ 22.196389871000179, 44.257077620000075 ], [ 22.196372986000142, 44.256744384000058 ], [ 22.196174549000148, 44.256253612000137 ], [ 22.195768000000157, 44.255249000000106 ], [ 22.195249, 44.254582 ], [ 22.194882104000044, 44.254109097000025 ], [ 22.194715500000143, 44.253894805000073 ], [ 22.192546844000105, 44.252304078000179 ], [ 22.191513642000075, 44.251734156000111 ], [ 22.189165, 44.250439 ], [ 22.187744, 44.249405000000138 ], [ 22.18659616400015, 44.248210990000075 ], [ 22.185925, 44.246745000000146 ], [ 22.185604000000126, 44.246044 ], [ 22.185926000000109, 44.243393 ], [ 22.18885100000017, 44.237734000000103 ], [ 22.189702338000131, 44.236087662000102 ], [ 22.190074921000132, 44.235366822000174 ], [ 22.17889404400006, 44.232437135000112 ], [ 22.175300598000092, 44.231643677000193 ], [ 22.171842576000131, 44.231220244999975 ], [ 22.168430329000159, 44.231113435000054 ], [ 22.157611847000112, 44.231891632000043 ], [ 22.150373460000139, 44.231369019000056 ], [ 22.147439957000131, 44.23140716600011 ], [ 22.144609452000168, 44.231876373000091 ], [ 22.140991211000028, 44.233341217000145 ], [ 22.137796401000173, 44.235366822000174 ], [ 22.135650635000104, 44.237201691000166 ], [ 22.130884170000172, 44.242904663000047 ], [ 22.123094559000037, 44.248348236000083 ], [ 22.118209838000041, 44.251354218000131 ], [ 22.115022659000033, 44.252655030000085 ], [ 22.110065461000033, 44.253887177000138 ], [ 22.106979369000157, 44.254302979000101 ], [ 22.097742081000035, 44.254932404000044 ], [ 22.095586778000154, 44.255195619000062 ], [ 22.093685151000102, 44.255695342000138 ], [ 22.091535568000154, 44.257003784000176 ], [ 22.089176178000173, 44.259365082000159 ], [ 22.086547852000081, 44.261505127000021 ], [ 22.084093094000025, 44.26280975300017 ], [ 22.082191468000076, 44.26331329400017 ], [ 22.080146789000082, 44.263530732000049 ], [ 22.07733345000014, 44.263420104000147 ], [ 22.07065391500015, 44.261981964000142 ], [ 22.06692123400012, 44.260643006 ], [ 22.064771652000104, 44.25913238600009 ], [ 22.062368394000032, 44.256893158000082 ], [ 22.060201645000063, 44.255622864000145 ], [ 22.058292388000098, 44.255149842000094 ], [ 22.052358627000046, 44.254810333000137 ], [ 22.044284821000076, 44.255153657000164 ], [ 22.040269851000062, 44.255718231000117 ], [ 22.037820816000192, 44.25630569599997 ], [ 22.035474776000058, 44.257068634000063 ], [ 22.027717590000066, 44.260555267000143 ], [ 22.025222778000057, 44.26144027700019 ], [ 22.022674561000144, 44.261985779000042 ], [ 22.019212724000113, 44.261997223000094 ], [ 22.016336442000181, 44.261543274000076 ], [ 22.010292053, 44.25946426400003 ], [ 22.008310318000099, 44.258522034000066 ], [ 22.005994797000085, 44.256923675000053 ], [ 22.004577636000192, 44.254955292000147 ], [ 22.004182815000092, 44.25299453800011 ], [ 22.004562378000173, 44.250980378000065 ], [ 22.005577088000109, 44.249126434000175 ], [ 22.008350372000052, 44.245441437000181 ], [ 22.011388780000061, 44.240470886000026 ], [ 22.012258530000111, 44.237815857000044 ], [ 22.01270675700016, 44.235042572000168 ], [ 22.013032914000064, 44.226467133000028 ], [ 22.012742996000043, 44.217891693000126 ], [ 22.01236152600012, 44.215126038000164 ], [ 22.011613846000046, 44.212482452000131 ], [ 22.009759903000031, 44.20934295700016 ], [ 22.006259917000023, 44.205532074000018 ], [ 22.005468368000152, 44.204090119 ], [ 22.005109788000141, 44.202575683000134 ], [ 22.005668640000181, 44.197135926000101 ], [ 22.005693436000115, 44.191665649000186 ], [ 22.005249024000136, 44.188995362000128 ], [ 22.004213334000042, 44.186523438000052 ], [ 22.00062942600016, 44.182632446000184 ], [ 21.995952606000117, 44.178539277000141 ], [ 21.993278504000159, 44.177394868000079 ], [ 21.991176605000078, 44.17695999200015 ], [ 21.985746383, 44.176734925000062 ], [ 21.975116730000082, 44.17803573600014 ], [ 21.970567702000096, 44.178253173000087 ], [ 21.961221694000074, 44.178146363000167 ], [ 21.955434800000148, 44.177864075000059 ], [ 21.956039429000157, 44.182655335 ], [ 21.957695007000041, 44.187839508000025 ], [ 21.958194732000095, 44.190322875999982 ], [ 21.958320618000187, 44.192790985000045 ], [ 21.958089828000084, 44.195198060000166 ], [ 21.956724166000072, 44.199031830000081 ], [ 21.952899932000037, 44.205513001000156 ], [ 21.951236724000069, 44.208972930000186 ], [ 21.950822829, 44.21038818400001 ], [ 21.950859071000025, 44.212394715000073 ], [ 21.951417922000132, 44.213932038000166 ], [ 21.952381135000167, 44.215366365000079 ], [ 21.956083298000181, 44.219120026000041 ], [ 21.956842422000079, 44.220371247000116 ], [ 21.957170487000155, 44.221748352000077 ], [ 21.956985473000088, 44.223114013000043 ], [ 21.955743790000156, 44.224952699000085 ], [ 21.954259873000183, 44.226001740000129 ], [ 21.952463151000018, 44.22686767600004 ], [ 21.948858262000101, 44.227886199000181 ], [ 21.946109771000181, 44.227909088000047 ], [ 21.944162369000139, 44.227542878000122 ], [ 21.940055847000167, 44.226165771000126 ], [ 21.937967300000139, 44.225204468000072 ], [ 21.935407639000175, 44.223628997 ], [ 21.933176039999978, 44.221797944000116 ], [ 21.926261900999975, 44.215087892000042 ], [ 21.92241096500004, 44.212116242000036 ], [ 21.920080184000028, 44.210552216999986 ], [ 21.917690277000077, 44.209491730000082 ], [ 21.915981291999969, 44.209278107000102 ], [ 21.914279937000174, 44.209503175000066 ], [ 21.911939620000055, 44.210578918000181 ], [ 21.909227370000167, 44.212661743000126 ], [ 21.905328750000024, 44.216228485000158 ], [ 21.898536682000099, 44.220134735999977 ], [ 21.897197724000137, 44.221141815000124 ], [ 21.896070481000038, 44.222831727000141 ], [ 21.895530701000155, 44.224815370000044 ], [ 21.895576478000123, 44.229171754000049 ], [ 21.897163392000152, 44.23442840600012 ], [ 21.897766112999989, 44.237216949000185 ], [ 21.897943496000039, 44.240047454000035 ], [ 21.897726059000092, 44.242828369000165 ], [ 21.89701652500014, 44.245441437000181 ], [ 21.895420075000061, 44.248950959000126 ], [ 21.895126341999969, 44.250450134000062 ], [ 21.895399094000027, 44.253402710000159 ], [ 21.8966712940001, 44.25822830300018 ], [ 21.896636963, 44.260231017000137 ], [ 21.894002914000112, 44.267845154000156 ], [ 21.893867493000187, 44.269866944000114 ], [ 21.894353866000188, 44.274837494000167 ], [ 21.89396858300006, 44.276943208000091 ], [ 21.891588211000055, 44.281883239000194 ], [ 21.889249802000109, 44.284931182000037 ], [ 21.879716873000177, 44.292381286000079 ], [ 21.876195907000181, 44.29434204100005 ], [ 21.871665954999969, 44.295799256000066 ], [ 21.865688325000121, 44.296951295000099 ], [ 21.861694335000038, 44.298088074000134 ], [ 21.856475831000125, 44.301422120000097 ], [ 21.854005813000185, 44.302421569000103 ], [ 21.851112367000042, 44.303054809000116 ], [ 21.848060609000129, 44.303321839000148 ], [ 21.844879150000111, 44.303283692000093 ], [ 21.841674805000082, 44.302928925000174 ], [ 21.827268600000139, 44.299804687000119 ], [ 21.815656663000084, 44.298110962000067 ], [ 21.812902451000127, 44.303359986000032 ], [ 21.807846069000107, 44.310955049000086 ], [ 21.807102202000067, 44.313102722000053 ], [ 21.807235718000129, 44.315227509000067 ], [ 21.808345795000037, 44.317295074000185 ], [ 21.811668396000073, 44.321277618000181 ], [ 21.812931060000096, 44.323326111000142 ], [ 21.813365936000025, 44.325355529000149 ], [ 21.81302833500007, 44.327377319000107 ], [ 21.811346054000012, 44.330074310000043 ], [ 21.808523179000133, 44.332836152000141 ], [ 21.799358367000025, 44.338253021000071 ], [ 21.797704697000142, 44.339492799000141 ], [ 21.796421052000085, 44.340919495000094 ], [ 21.79549789400005, 44.342514038000104 ], [ 21.794706344000133, 44.345073700000171 ], [ 21.7942657480001, 44.35052108800005 ], [ 21.794773102000136, 44.355957031000116 ], [ 21.795591355000056, 44.358486176000042 ], [ 21.797325134000062, 44.361240388 ], [ 21.799663544000111, 44.363784790000068 ], [ 21.802154540000174, 44.365192413000102 ], [ 21.809083938000072, 44.367923736000193 ], [ 21.811582565000151, 44.369430541999975 ], [ 21.813657762000162, 44.37120056200007 ], [ 21.815177918000188, 44.373073578000174 ], [ 21.816911697000023, 44.375919343000135 ], [ 21.817691803000059, 44.378494264000153 ], [ 21.818656921000184, 44.389514923000092 ], [ 21.819372177000048, 44.392089844000054 ], [ 21.820247651000159, 44.393676758000083 ], [ 21.821493149, 44.395069123000098 ], [ 21.823139191000166, 44.396209717000147 ], [ 21.826906205000057, 44.397880555000029 ], [ 21.828868867000097, 44.398429871000189 ], [ 21.831838609000158, 44.398796082 ], [ 21.83490562500009, 44.398757936000038 ], [ 21.837917328000117, 44.398334504 ], [ 21.847414016000016, 44.395397185999968 ], [ 21.849174499000128, 44.395046234000063 ], [ 21.852165221000121, 44.395233155000028 ], [ 21.854043962000048, 44.395809173000032 ], [ 21.855730056000141, 44.396694184000182 ], [ 21.857118606000085, 44.397891997999977 ], [ 21.858257294000168, 44.399307252000028 ], [ 21.863170624000077, 44.407505036000089 ], [ 21.864208221000013, 44.408817292000151 ], [ 21.86632537800017, 44.41043090800008 ], [ 21.869619369000134, 44.412307739000028 ], [ 21.87184333800019, 44.414016724000135 ], [ 21.874269485000127, 44.416522981000071 ], [ 21.877017976000047, 44.42041778600003 ], [ 21.878232955000158, 44.421710969000173 ], [ 21.882030488, 44.424514770000087 ], [ 21.884725570000057, 44.425773622000179 ], [ 21.886930465000148, 44.426399231000119 ], [ 21.889247894000164, 44.426731109000059 ], [ 21.892246247000173, 44.42671585100004 ], [ 21.899690627999973, 44.425739288000159 ], [ 21.902957916000162, 44.42550659200009 ], [ 21.909442903000183, 44.425441741000157 ], [ 21.912477493000097, 44.425693513000169 ], [ 21.914537429000177, 44.426097870000149 ], [ 21.916315080000061, 44.426765443000079 ], [ 21.918176652000113, 44.428215026000032 ], [ 21.919561387000158, 44.430068970000093 ], [ 21.923757553000087, 44.437622070000145 ], [ 21.924619674000098, 44.439723968000123 ], [ 21.924716949000072, 44.441753388000166 ], [ 21.923826217000112, 44.444637298000032 ], [ 21.922071457000186, 44.448852539000029 ], [ 21.917598725000119, 44.456790925000121 ], [ 21.916973113000097, 44.458980560000043 ], [ 21.916751863000059, 44.46123123100017 ], [ 21.916891097000018, 44.463478089000091 ], [ 21.917434692000143, 44.465660096000079 ], [ 21.918220519000101, 44.467296600000111 ], [ 21.91931533800016, 44.468818664000139 ], [ 21.923309325000105, 44.472721099000182 ], [ 21.924446106000119, 44.474243163000153 ], [ 21.925310134000028, 44.475883485000168 ], [ 21.927106858000172, 44.482597352000084 ], [ 21.92864227300015, 44.486446380000075 ], [ 21.929725648000158, 44.487972259000117 ], [ 21.933444977000136, 44.491802216 ], [ 21.93434333700003, 44.493255616 ], [ 21.934820175000084, 44.494781495000041 ], [ 21.934944153000174, 44.499736785000096 ], [ 21.935367585000051, 44.502864837000061 ], [ 21.934959411000023, 44.506145478000178 ], [ 21.933803559000125, 44.508808135000152 ], [ 21.932197571000131, 44.511352539000143 ], [ 21.92982101500013, 44.514411926000093 ], [ 21.932769776000157, 44.516784669 ], [ 21.935609817, 44.518421173000092 ], [ 21.938335419000111, 44.519599916000175 ], [ 21.943698882999968, 44.521072388000164 ], [ 21.950014114000169, 44.521640777000187 ], [ 21.951829911000061, 44.521968842000035 ], [ 21.953350068000134, 44.522590638000167 ], [ 21.954786300000137, 44.52398681700015 ], [ 21.95555686900002, 44.525787353000055 ], [ 21.955669404000048, 44.530429841000171 ], [ 21.956117630000165, 44.532348633000083 ], [ 21.957862854000155, 44.534877777000133 ], [ 21.961446762000037, 44.538467408000031 ], [ 21.970136642000114, 44.54619217000004 ], [ 21.978397369000163, 44.551677704000042 ], [ 21.987892151000096, 44.559223175000056 ], [ 22.001344682000024, 44.569358825000108 ], [ 22.026399613000137, 44.592128754000157 ], [ 22.026885986000138, 44.591300966000063 ], [ 22.028074264000054, 44.588176727000132 ], [ 22.029020309000089, 44.585819244000163 ], [ 22.029495239000141, 44.584655762000182 ], [ 22.029880524000134, 44.583408356000177 ], [ 22.029838562, 44.583332062000068 ], [ 22.029760361000058, 44.582828521000067 ], [ 22.029140472000165, 44.581188202000192 ], [ 22.029056550000178, 44.578254700000116 ], [ 22.029359817000113, 44.575939179000102 ], [ 22.029384613000047, 44.574794770000153 ], [ 22.029357910000044, 44.574142457000107 ], [ 22.029418945000032, 44.573101043000122 ], [ 22.029415130000189, 44.570419312000183 ], [ 22.028808594000054, 44.56948089600013 ], [ 22.027748109000186, 44.567920685000104 ], [ 22.026924133000023, 44.566223145000151 ], [ 22.027196883000045, 44.564590454000154 ], [ 22.027914047000024, 44.562500001000103 ], [ 22.028539658, 44.560558320000155 ], [ 22.028953553000065, 44.559654236000142 ], [ 22.030471802000022, 44.557247162000067 ], [ 22.031040191000045, 44.556404113000042 ], [ 22.031251908000058, 44.556118012000127 ], [ 22.032550812000068, 44.554401397000106 ], [ 22.034044266000024, 44.552154541000164 ], [ 22.034967422000022, 44.548904419 ], [ 22.035579681000115, 44.547328950000121 ], [ 22.036542893000103, 44.545509338000045 ], [ 22.037059783000018, 44.544548035000162 ], [ 22.039339065000149, 44.541664125000125 ], [ 22.039438247000191, 44.541496277000078 ], [ 22.040487289000112, 44.540641785000105 ], [ 22.041553498000155, 44.539867401000151 ], [ 22.044633865000037, 44.538173676000042 ], [ 22.045484543000043, 44.537769317000084 ], [ 22.046463013, 44.537345887000072 ], [ 22.049768448000066, 44.536182403000055 ], [ 22.053371430000084, 44.53501129100016 ], [ 22.056447984000101, 44.533950806000064 ], [ 22.05803108300006, 44.533210754000095 ], [ 22.059087753000085, 44.532630921000191 ], [ 22.059906006, 44.532173157000159 ], [ 22.062501907000126, 44.530345917000147 ], [ 22.062595367000085, 44.530277252000076 ], [ 22.067525863000185, 44.527091980000137 ], [ 22.07149124100016, 44.524375915000178 ], [ 22.072973251000064, 44.522891998000034 ], [ 22.073936463000166, 44.520832061000078 ], [ 22.07451629600007, 44.519626617000142 ], [ 22.075714112000071, 44.517559053000127 ], [ 22.077341080000053, 44.515262605000032 ], [ 22.077972412000065, 44.514430999000126 ], [ 22.078651429, 44.5133094790001 ], [ 22.078985215000102, 44.512516022000057 ], [ 22.080162048000034, 44.508510589000025 ], [ 22.080516814000077, 44.505985260000045 ], [ 22.081943511000077, 44.504505157999972 ], [ 22.083225251000101, 44.502540589000091 ], [ 22.083972931000119, 44.501712800000064 ], [ 22.084114075000059, 44.500946045000148 ], [ 22.085622788000137, 44.500312805000135 ], [ 22.086002349000182, 44.500000000000114 ], [ 22.08675193900001, 44.499507904000041 ], [ 22.08810806200006, 44.498950958000137 ], [ 22.092214585000079, 44.497440338000047 ], [ 22.093751907000126, 44.49680328300019 ], [ 22.096424102000128, 44.495563507000099 ], [ 22.101264954000101, 44.492797852000137 ], [ 22.106512070000122, 44.489444733000084 ], [ 22.110599519000175, 44.486724853000112 ], [ 22.114313125000137, 44.483909606000168 ], [ 22.117429734000154, 44.481525422000061 ], [ 22.121089935000043, 44.479255676000037 ], [ 22.121225357000071, 44.479164124000079 ], [ 22.124450683000134, 44.477222443000073 ], [ 22.125003814000138, 44.476902008000138 ], [ 22.126665114000104, 44.475891113000102 ], [ 22.130516052000075, 44.473918915000127 ], [ 22.133651734000182, 44.472534180000082 ], [ 22.136173247000158, 44.471599579000099 ], [ 22.139875413000084, 44.470901489000084 ], [ 22.142063141000051, 44.470737457000155 ], [ 22.146900177000077, 44.470954894000101 ], [ 22.153478623000126, 44.471538544000111 ], [ 22.155567169000051, 44.471694946000071 ], [ 22.156253815000014, 44.471786500000178 ], [ 22.159370422000052, 44.471866607000152 ], [ 22.162658691000104, 44.47257232700008 ], [ 22.164810181000121, 44.47333908100012 ], [ 22.168022155000131, 44.474605560000043 ], [ 22.168233872000144, 44.474689484000066 ], [ 22.173791885000014, 44.476894380000033 ], [ 22.179752349000069, 44.479164124000079 ], [ 22.181060791000164, 44.479679108000084 ], [ 22.183153153000092, 44.481460571000127 ], [ 22.184446334000086, 44.482990265000183 ], [ 22.185218811000141, 44.484294892000037 ], [ 22.186353684000153, 44.487071992000153 ], [ 22.186843872000054, 44.488155365000182 ], [ 22.187503815000184, 44.489540100000056 ], [ 22.189298629000177, 44.493175508000149 ], [ 22.190776826, 44.496528625 ], [ 22.191085815000065, 44.497375489000092 ], [ 22.191377639000052, 44.498401643000079 ], [ 22.191474914000025, 44.498542787000076 ] ] ] ] } },
{ "type": "Feature", "properties": { "fid": 4, "GID_2": "SRB.1.4_1", "GID_0": "SRB", "COUNTRY": "Serbia", "GID_1": "SRB.1_1", "NAME_1": "Borski", "NL_NAME_1": "Борски", "NAME_2": "Negotin", "VARNAME_2": "NA", "NL_NAME_2": "Неготин", "TYPE_2": "Opštine", "ENGTYPE_2": "Town|Municipal", "CC_2": "NA", "HASC_2": "NA" }, "geometry": { "type": "MultiPolygon", "coordinates": [ [ [ [ 22.685110124000175, 44.209884044000034 ], [ 22.685081481000054, 44.209808349000127 ], [ 22.685081481000054, 44.209716797000169 ], [ 22.685104232000072, 44.209501943000134 ], [ 22.685116000000164, 44.209392999000045 ], [ 22.685249227000043, 44.209163482000122 ], [ 22.685318000000166, 44.209045000000117 ], [ 22.685589, 44.208656 ], [ 22.685781, 44.208321 ], [ 22.685820337000052, 44.208137431000068 ], [ 22.685835000000111, 44.208068999000091 ], [ 22.685832564000123, 44.207931945000098 ], [ 22.685831000000121, 44.207844000000193 ], [ 22.685793675000184, 44.207778338000082 ], [ 22.68569399900008, 44.207603000000177 ], [ 22.685320000000161, 44.207485000000133 ], [ 22.684856001000014, 44.20760700000011 ], [ 22.684355, 44.207832000999986 ], [ 22.684102942000152, 44.207967554000106 ], [ 22.683786, 44.208138001000123 ], [ 22.683378001000108, 44.208443 ], [ 22.683319099000073, 44.208495152000069 ], [ 22.68309, 44.208697999000094 ], [ 22.683018572000151, 44.208767671000146 ], [ 22.682968, 44.208817 ], [ 22.682734, 44.209251001000155 ], [ 22.68262500100019, 44.209644001000186 ], [ 22.682651999000086, 44.210120999000026 ], [ 22.68272405700003, 44.210512419999986 ], [ 22.682777001000147, 44.210800000000177 ], [ 22.68289662799998, 44.210938624000107 ], [ 22.683073044000025, 44.211143494000169 ], [ 22.68315696600007, 44.211235046000127 ], [ 22.684946060000129, 44.210079194000059 ], [ 22.685134884000092, 44.209949218000133 ], [ 22.685110124000175, 44.209884044000034 ] ] ], [ [ [ 22.604502395000111, 44.055714830000056 ], [ 22.603818999000055, 44.055598999000154 ], [ 22.602968, 44.0555 ], [ 22.602013000000113, 44.055492 ], [ 22.601556789000085, 44.055509899000072 ], [ 22.601018999000189, 44.055531000000144 ], [ 22.600483629000109, 44.055575889000181 ], [ 22.600208001000055, 44.055598999000154 ], [ 22.5994, 44.055679000000112 ], [ 22.598998, 44.055723 ], [ 22.598528, 44.055775 ], [ 22.597715404000155, 44.055840338000166 ], [ 22.59742400000016, 44.055902000000117 ], [ 22.597128, 44.055965000000128 ], [ 22.596565000000169, 44.056095 ], [ 22.595961000000102, 44.056194000000119 ], [ 22.595736186000124, 44.056200539000031 ], [ 22.595411302000116, 44.056209564000142 ], [ 22.594802856, 44.056186676000038 ], [ 22.59432220500014, 44.056163787000173 ], [ 22.594051922000062, 44.05609105100018 ], [ 22.593837, 44.056033 ], [ 22.593694705000075, 44.055994577000035 ], [ 22.593536208000046, 44.055942032000189 ], [ 22.593147278000174, 44.055812835999973 ], [ 22.592554093000047, 44.0556259170001 ], [ 22.59243640800014, 44.055577636000066 ], [ 22.592306000000178, 44.055524000000105 ], [ 22.592033001000061, 44.055411999000114 ], [ 22.591684863000069, 44.055312713000092 ], [ 22.591486, 44.055256 ], [ 22.590963000000102, 44.055153000000132 ], [ 22.590796000000125, 44.055114 ], [ 22.590485000000172, 44.055042000000185 ], [ 22.59010300000017, 44.054994 ], [ 22.589603000000182, 44.054931999000019 ], [ 22.589046901000074, 44.054840175000095 ], [ 22.588954999000123, 44.054825000000164 ], [ 22.588731845000154, 44.054826910000145 ], [ 22.588136999000142, 44.054832 ], [ 22.587185000000147, 44.054873999000051 ], [ 22.586669439000048, 44.054858698000089 ], [ 22.586302102000104, 44.054847941 ], [ 22.585613458000125, 44.054841905000046 ], [ 22.585395999000184, 44.05483999900008 ], [ 22.5844609990001, 44.05483999900008 ], [ 22.584113916000035, 44.054858652000121 ], [ 22.583604813000136, 44.054885865000131 ], [ 22.582811356000093, 44.054912568000134 ], [ 22.582171553000023, 44.054903589000162 ], [ 22.581724001000111, 44.054897 ], [ 22.581706447999977, 44.054896277000125 ], [ 22.581261527000038, 44.054877948000069 ], [ 22.580868703000021, 44.054863713000088 ], [ 22.580848694000053, 44.054862976000095 ], [ 22.580049514000052, 44.054828644000111 ], [ 22.579412460000071, 44.054748536000034 ], [ 22.579042321000088, 44.054691954000134 ], [ 22.578751, 44.054647000000159 ], [ 22.578514000000155, 44.054611000000193 ], [ 22.578217000000109, 44.054576000000168 ], [ 22.578119061000109, 44.054564502000119 ], [ 22.577739716000053, 44.054519653 ], [ 22.577539862000037, 44.054477893000126 ], [ 22.577355000000182, 44.054439000000173 ], [ 22.577101000000141, 44.054386 ], [ 22.577045497000086, 44.054374499000119 ], [ 22.57699, 44.054363000000137 ], [ 22.576481000000172, 44.054260000000113 ], [ 22.576147001000152, 44.054134 ], [ 22.575911, 44.05389 ], [ 22.575865000000192, 44.053787 ], [ 22.575699000000157, 44.053406000000166 ], [ 22.575499, 44.052699999000083 ], [ 22.575499, 44.052181 ], [ 22.575457, 44.051879 ], [ 22.57541800100006, 44.051601 ], [ 22.575176001000102, 44.051101999000025 ], [ 22.574924373000101, 44.050423869000042 ], [ 22.574917, 44.050404000000128 ], [ 22.574888, 44.050342000000114 ], [ 22.574689865000039, 44.049918495000156 ], [ 22.574653233000049, 44.049780852000083 ], [ 22.574554444000114, 44.049407958000131 ], [ 22.574529550000022, 44.049303087000055 ], [ 22.574499000000174, 44.049172000000112 ], [ 22.574465, 44.04903000000013 ], [ 22.574379000000192, 44.048561 ], [ 22.574327000000153, 44.048357 ], [ 22.574211000000105, 44.047905000000128 ], [ 22.574068000000182, 44.047516 ], [ 22.573940000000107, 44.047028000000182 ], [ 22.573883, 44.046839 ], [ 22.573792, 44.046535 ], [ 22.573761, 44.046211 ], [ 22.573583746999986, 44.046001026000113 ], [ 22.573295899000186, 44.046030892000147 ], [ 22.57302475, 44.046058656000127 ], [ 22.572275161999983, 44.046138763000101 ], [ 22.57119751, 44.046222686000192 ], [ 22.570436476999987, 44.046279907000041 ], [ 22.570418105000101, 44.046281290000081 ], [ 22.570325000000139, 44.046288 ], [ 22.569727, 44.046333 ], [ 22.569151875000102, 44.046352766000098 ], [ 22.568825000000174, 44.04636399900005 ], [ 22.568169, 44.046428999000113 ], [ 22.567284658000062, 44.0465511270001 ], [ 22.566801, 44.046597 ], [ 22.566333999000051, 44.046641999000144 ], [ 22.565577607000137, 44.046821915000123 ], [ 22.565531000000135, 44.046833 ], [ 22.564756000000102, 44.046982000000128 ], [ 22.563997, 44.047070000000133 ], [ 22.563347220000082, 44.047186214000135 ], [ 22.563230999000154, 44.047207 ], [ 22.562566999000126, 44.047393999000178 ], [ 22.56199800100012, 44.047481999000183 ], [ 22.561441000000116, 44.047576999000057 ], [ 22.561407920000192, 44.047583014000111 ], [ 22.560811958000102, 44.047691294000174 ], [ 22.560446000000184, 44.047744000000137 ], [ 22.560317390000023, 44.047762683000144 ], [ 22.560150147000172, 44.047786712000118 ], [ 22.559543159000043, 44.047858973000132 ], [ 22.559372436, 44.047879221000187 ], [ 22.559349, 44.047882000000186 ], [ 22.558722, 44.048004000000105 ], [ 22.558527, 44.048026000000164 ], [ 22.558280794000098, 44.048054362000016 ], [ 22.558118819000128, 44.048072815000069 ], [ 22.557866624000098, 44.04807757400016 ], [ 22.557512, 44.048083999000085 ], [ 22.557234602000051, 44.048125944000105 ], [ 22.556724549000023, 44.048202514000025 ], [ 22.556106544000158, 44.048256778000109 ], [ 22.555943000000127, 44.048270999000124 ], [ 22.555046000000175, 44.048374000000194 ], [ 22.554799000000173, 44.048399000000131 ], [ 22.554659664000155, 44.048413230000051 ], [ 22.554328919000056, 44.048446656000181 ], [ 22.553957171000036, 44.048480622000113 ], [ 22.553577000000132, 44.048515000000123 ], [ 22.55293300000011, 44.048557 ], [ 22.552835715000128, 44.048563652000098 ], [ 22.552816391000135, 44.048564911000085 ], [ 22.552394865999986, 44.048629762000019 ], [ 22.551952363000055, 44.04866790799997 ], [ 22.551823239000043, 44.048671156000069 ], [ 22.551748000000146, 44.048673 ], [ 22.551346, 44.048683 ], [ 22.551093, 44.048557 ], [ 22.55084000100004, 44.048431000000107 ], [ 22.550303001000032, 44.048053999000103 ], [ 22.549977908000017, 44.047817570000177 ], [ 22.549840896999967, 44.047717932000069 ], [ 22.549772947000065, 44.047672523000131 ], [ 22.549419000000171, 44.047436 ], [ 22.548923000000173, 44.047043 ], [ 22.548523126000134, 44.046790561000194 ], [ 22.548367001000088, 44.046692000000121 ], [ 22.547953411000151, 44.04642058100012 ], [ 22.547855378000122, 44.046356202000027 ], [ 22.547832078000113, 44.046338022000157 ], [ 22.547753000000171, 44.046276000000148 ], [ 22.54743, 44.046024000000102 ], [ 22.546946000000162, 44.045631 ], [ 22.54653100000013, 44.045339 ], [ 22.546376765000048, 44.045230848000188 ], [ 22.546184876000098, 44.045106632000056 ], [ 22.545946, 44.044951999000091 ], [ 22.545468999000093, 44.044646999000122 ], [ 22.545401511000023, 44.044612522000193 ], [ 22.545193, 44.044506 ], [ 22.544554000000176, 44.044418 ], [ 22.543080698000097, 44.044352904 ], [ 22.542120284000021, 44.044312577000142 ], [ 22.541915893000123, 44.044303894000052 ], [ 22.541844555000068, 44.044298120000121 ], [ 22.541673000000173, 44.044284000000175 ], [ 22.540785, 44.044212 ], [ 22.539885, 44.044216 ], [ 22.538973, 44.044174000000112 ], [ 22.538381072000107, 44.044151827000178 ], [ 22.538359001000117, 44.04415100000017 ], [ 22.538018819000058, 44.044096811000031 ], [ 22.537906647, 44.044078826000089 ], [ 22.537753524000038, 44.044053738000116 ], [ 22.537585000000149, 44.044026000000144 ], [ 22.537231000000133, 44.04396800000012 ], [ 22.53618, 44.0438 ], [ 22.535761219000165, 44.043736958000011 ], [ 22.535342683000124, 44.043673957000067 ], [ 22.534928, 44.043618000000151 ], [ 22.534555, 44.043568000000107 ], [ 22.534235503000048, 44.04353350000008 ], [ 22.533915999000044, 44.043498999000178 ], [ 22.533588127000087, 44.043465858000161 ], [ 22.533085000000142, 44.043414999000106 ], [ 22.532295835000127, 44.043351164000114 ], [ 22.532232, 44.043346 ], [ 22.531699, 44.043323 ], [ 22.531627123000192, 44.043319951000058 ], [ 22.531534196000052, 44.043315888 ], [ 22.531375937, 44.043303184000195 ], [ 22.531238, 44.043292000000179 ], [ 22.530964000000154, 44.04327000000012 ], [ 22.530779000000109, 44.043251000000168 ], [ 22.529964000000177, 44.043125 ], [ 22.528974892000065, 44.043063983000025 ], [ 22.528723843000137, 44.043023602000176 ], [ 22.528030395000144, 44.042911529000037 ], [ 22.527537401000018, 44.042831685000181 ], [ 22.527016955000136, 44.042746749000059 ], [ 22.526594, 44.042645000000107 ], [ 22.526416410000081, 44.042602741000053 ], [ 22.52624130300012, 44.042560577000131 ], [ 22.525435725000079, 44.042344682000135 ], [ 22.52528800000016, 44.042305 ], [ 22.524893994000081, 44.042211498000142 ], [ 22.52450000000016, 44.042117999000084 ], [ 22.523706, 44.041862000000151 ], [ 22.52326, 44.041704 ], [ 22.523047430000076, 44.041628950000074 ], [ 22.522769928, 44.041530609000176 ], [ 22.52216720500013, 44.041137696000078 ], [ 22.521778106, 44.040809632000105 ], [ 22.521651277000103, 44.040719740000156 ], [ 22.521566, 44.040659000000119 ], [ 22.521235, 44.040423999000097 ], [ 22.520904788000053, 44.040175556000065 ], [ 22.520814896000104, 44.04010772700002 ], [ 22.520290374000012, 44.039653778000059 ], [ 22.520225414000151, 44.039570079000157 ], [ 22.520133000000158, 44.03945 ], [ 22.520091392000097, 44.039397232000169 ], [ 22.520035, 44.039326000000131 ], [ 22.520014160000073, 44.039299736000089 ], [ 22.519962311000143, 44.039234161000081 ], [ 22.519857406000085, 44.03876113900003 ], [ 22.519862199000045, 44.038628141000174 ], [ 22.519866, 44.038531 ], [ 22.519872977000034, 44.038338641000053 ], [ 22.520035, 44.038086000000192 ], [ 22.520158, 44.037989000000152 ], [ 22.520189200000175, 44.037964354000053 ], [ 22.520277023000062, 44.037895203000119 ], [ 22.520363760000066, 44.037827440000115 ], [ 22.52039886200015, 44.037800106000134 ], [ 22.520967, 44.037701000000141 ], [ 22.521662, 44.037487000000169 ], [ 22.521683000000166, 44.037483 ], [ 22.52212, 44.037395 ], [ 22.522373965000043, 44.037313467000104 ], [ 22.522580854000182, 44.037247046000061 ], [ 22.522721480000087, 44.037200505000044 ], [ 22.523146, 44.0370600010001 ], [ 22.523396000000105, 44.036997000000156 ], [ 22.523586, 44.036949000000106 ], [ 22.523796000000175, 44.036766 ], [ 22.523980000000108, 44.036631 ], [ 22.524210000000153, 44.036461 ], [ 22.524316332000069, 44.036285188000022 ], [ 22.524487001000068, 44.03600300100004 ], [ 22.524797, 44.035706 ], [ 22.525108, 44.035439 ], [ 22.525351, 44.03533 ], [ 22.525450862000127, 44.035284881000166 ], [ 22.52551650900017, 44.035255432000099 ], [ 22.525807970000017, 44.035172375000059 ], [ 22.526253000000111, 44.035046000000193 ], [ 22.526777001000028, 44.034897000000115 ], [ 22.527029, 44.034829000000173 ], [ 22.527479780000135, 44.034706332000155 ], [ 22.52789992400011, 44.034552057999974 ], [ 22.528310999000098, 44.034401001000049 ], [ 22.529081000000133, 44.034264000000121 ], [ 22.529835000000162, 44.033993000000123 ], [ 22.529956, 44.033823 ], [ 22.530002646000185, 44.033757209000044 ], [ 22.530090331000054, 44.033634186000086 ], [ 22.530439377000164, 44.033187866000105 ], [ 22.530602156000043, 44.032982480000157 ], [ 22.530723594000165, 44.03282950900001 ], [ 22.530917321000118, 44.032553187000076 ], [ 22.531031, 44.032391 ], [ 22.531174000000135, 44.032166000000132 ], [ 22.530964000000154, 44.031857000000116 ], [ 22.530554000000166, 44.031521 ], [ 22.530241, 44.031277000000102 ], [ 22.530109301000039, 44.031138868000028 ], [ 22.529852000000176, 44.030869000000109 ], [ 22.52957711200014, 44.030635928000152 ], [ 22.529451, 44.030529 ], [ 22.528932, 44.030075000000124 ], [ 22.52886200100005, 44.030014 ], [ 22.528823229000011, 44.029977666000036 ], [ 22.528337479000186, 44.029521942000031 ], [ 22.528124275000096, 44.029308737000065 ], [ 22.527941000000112, 44.029125000000192 ], [ 22.527411000000143, 44.028732 ], [ 22.526911000000155, 44.028263 ], [ 22.52700013000009, 44.028199273000098 ], [ 22.527310999000122, 44.027977001000181 ], [ 22.527430477000053, 44.027880243000141 ], [ 22.527758, 44.027615001000072 ], [ 22.528261305000058, 44.027210459000173 ], [ 22.528395, 44.027103001000171 ], [ 22.52903700100012, 44.026657000000114 ], [ 22.529226069000117, 44.026499213000079 ], [ 22.529447183000116, 44.026314681000088 ], [ 22.529985000000124, 44.025906000000134 ], [ 22.530109, 44.025831000000153 ], [ 22.530483000000117, 44.025604 ], [ 22.530773000000124, 44.02537000000018 ], [ 22.530884, 44.02528 ], [ 22.531504, 44.024876000000177 ], [ 22.531637057000125, 44.024779506000186 ], [ 22.531988000000126, 44.024525 ], [ 22.53203660700018, 44.024487411000109 ], [ 22.532062531000179, 44.024467469000058 ], [ 22.532361574000163, 44.024263033000182 ], [ 22.532407000000148, 44.024232 ], [ 22.532587000000149, 44.024109000000124 ], [ 22.532699337000111, 44.023932019000142 ], [ 22.532491, 44.023624000000154 ], [ 22.532331000000113, 44.023388000000182 ], [ 22.532036794000078, 44.023127190000082 ], [ 22.53177410100011, 44.022894255000097 ], [ 22.531244128000026, 44.022406861000093 ], [ 22.531191, 44.022358 ], [ 22.531140017000041, 44.022325821000095 ], [ 22.530683518000046, 44.022037506000174 ], [ 22.530569115000048, 44.021962049000024 ], [ 22.530504000000121, 44.021919000000139 ], [ 22.530237693000174, 44.021714398000086 ], [ 22.530175999000051, 44.021666999000161 ], [ 22.530118972000025, 44.021621509000113 ], [ 22.529741058000013, 44.021320047000017 ], [ 22.52958107000012, 44.021110535000105 ], [ 22.529551903000083, 44.021003964000101 ], [ 22.529525, 44.020905 ], [ 22.529482, 44.020748 ], [ 22.529380993000188, 44.020262006000166 ], [ 22.529360000000111, 44.020160999000041 ], [ 22.529356139000072, 44.019969373000038 ], [ 22.529352000000188, 44.01976400000018 ], [ 22.529272000000105, 44.019367000000159 ], [ 22.529210309000064, 44.019059658000174 ], [ 22.529160829000091, 44.018813105000106 ], [ 22.529089, 44.018438 ], [ 22.529070001000036, 44.018341000000191 ], [ 22.529039376000071, 44.018207278000148 ], [ 22.528979849, 44.017947746000175 ], [ 22.528887, 44.017791000000159 ], [ 22.528723000000184, 44.017517 ], [ 22.528460000000109, 44.017056 ], [ 22.528275, 44.016506 ], [ 22.528080000000102, 44.015987000000109 ], [ 22.527979, 44.015795 ], [ 22.527952000000141, 44.015743000000157 ], [ 22.527466, 44.015625000000171 ], [ 22.527015692000134, 44.01558292500016 ], [ 22.52656696300005, 44.015540996000141 ], [ 22.526524000000109, 44.015536000000111 ], [ 22.526343466000128, 44.015515598000036 ], [ 22.525762558000167, 44.015449524000076 ], [ 22.52523742700015, 44.015350753000121 ], [ 22.5251540000001, 44.015334999000061 ], [ 22.525018333000162, 44.01531661000007 ], [ 22.524313000000177, 44.015221000000167 ], [ 22.524072839000098, 44.015198546000079 ], [ 22.52357495800004, 44.015151994000121 ], [ 22.523554008000076, 44.015148536000027 ], [ 22.522860001000083, 44.015033999000025 ], [ 22.522496000999979, 44.015002728000013 ], [ 22.522278, 44.014984 ], [ 22.52195, 44.014940000000195 ], [ 22.521859241000072, 44.014928318000102 ], [ 22.521848679000072, 44.014926910000156 ], [ 22.52132034300007, 44.014865875000169 ], [ 22.521241269000086, 44.014656609000099 ], [ 22.521132, 44.014366000000109 ], [ 22.520862447000184, 44.013757694000049 ], [ 22.520780223000145, 44.013414309000154 ], [ 22.520704000000137, 44.013096000000189 ], [ 22.520521292000126, 44.012700391000067 ], [ 22.520468000000164, 44.012585000000172 ], [ 22.520258000000183, 44.011955000000114 ], [ 22.520074766000107, 44.011588298000163 ], [ 22.520030000000133, 44.011454 ], [ 22.519918000000132, 44.011116000000129 ], [ 22.51976400000018, 44.010689000000184 ], [ 22.519691, 44.010506000000134 ], [ 22.519368982000174, 44.010414495000077 ], [ 22.519047000000171, 44.010323 ], [ 22.518568986000048, 44.010185496000076 ], [ 22.518090048000033, 44.010047707000126 ], [ 22.517773, 44.009950000000117 ], [ 22.517136000000164, 44.009753999000168 ], [ 22.51668852600011, 44.00960700800016 ], [ 22.516241, 44.009460000000104 ], [ 22.515585000000101, 44.009270000000186 ], [ 22.515569688000085, 44.009265900000173 ], [ 22.514717103000123, 44.009082794000108 ], [ 22.51441033500015, 44.008969552000167 ], [ 22.514025000000174, 44.00882700000011 ], [ 22.513123000000121, 44.008682000000192 ], [ 22.512791, 44.008612 ], [ 22.512487500000134, 44.008548787000109 ], [ 22.512064, 44.008523 ], [ 22.511594295, 44.008494024000072 ], [ 22.510799393000184, 44.008357904000036 ], [ 22.510689000000184, 44.008338999000159 ], [ 22.509869, 44.008277999000086 ], [ 22.509853765000059, 44.008276687000148 ], [ 22.509695, 44.00826300000017 ], [ 22.509068000000184, 44.008209000000136 ], [ 22.508416, 44.008104000000174 ], [ 22.508210108000071, 44.008071818000133 ], [ 22.507652, 44.008051000000194 ], [ 22.507595000000151, 44.008049 ], [ 22.506754, 44.007984000000192 ], [ 22.505805836000093, 44.007965370000022 ], [ 22.505787000000112, 44.007965000000183 ], [ 22.505035, 44.008003000000144 ], [ 22.504546000000119, 44.00803100000013 ], [ 22.504168000000107, 44.008053000000189 ], [ 22.503963, 44.008075 ], [ 22.503547999000034, 44.008121000000131 ], [ 22.503133170000126, 44.00816659200018 ], [ 22.502811432000101, 44.008201600000064 ], [ 22.502111435000188, 44.008243562000132 ], [ 22.500993728000026, 44.008197785000164 ], [ 22.500074387000041, 44.00813674900013 ], [ 22.499691038000037, 44.008131587000037 ], [ 22.499507999000116, 44.008128999000178 ], [ 22.499489908000101, 44.00812392500012 ], [ 22.499337282000113, 44.008081116000028 ], [ 22.49888420100018, 44.007953643000064 ], [ 22.498414994000143, 44.007705689000147 ], [ 22.498237196, 44.007617098000026 ], [ 22.498041000000114, 44.007519 ], [ 22.497864, 44.007431 ], [ 22.497261, 44.007156 ], [ 22.497011480000026, 44.00720194000013 ], [ 22.496656645000087, 44.007187762000171 ], [ 22.496162, 44.007168000000149 ], [ 22.495192296000141, 44.007149352000056 ], [ 22.495173846000057, 44.007149019999986 ], [ 22.494865447, 44.007188685000187 ], [ 22.494170999000119, 44.007278 ], [ 22.494129355000041, 44.00728235400004 ], [ 22.493728349000094, 44.007324169000185 ], [ 22.493449000000169, 44.007342000000165 ], [ 22.492880000000127, 44.007378000000131 ], [ 22.49217950100018, 44.007542095000133 ], [ 22.491679, 44.007637 ], [ 22.491480000000138, 44.007674999000074 ], [ 22.491078106000089, 44.007690794000041 ], [ 22.490792922000139, 44.007702031000179 ], [ 22.49073, 44.007727 ], [ 22.490196, 44.007942 ], [ 22.490089997000155, 44.007996014000071 ], [ 22.489882, 44.008101999000075 ], [ 22.489599000000112, 44.008232 ], [ 22.489519410000071, 44.008266584000125 ], [ 22.489431380999974, 44.008304597000119 ], [ 22.488904953000144, 44.008323670000038 ], [ 22.488619486000061, 44.008330207000142 ], [ 22.488537000000179, 44.008332000000166 ], [ 22.488405, 44.008335000000102 ], [ 22.48813547900005, 44.008358570000098 ], [ 22.487878126000169, 44.008381196000187 ], [ 22.487683045000097, 44.008424717000139 ], [ 22.487368, 44.008495000000153 ], [ 22.486911899000063, 44.008602023000037 ], [ 22.486838137000177, 44.008618802000115 ], [ 22.48649, 44.008698 ], [ 22.48610900000017, 44.008797000000129 ], [ 22.485703000000171, 44.008896000000107 ], [ 22.485459389000141, 44.008957028000054 ], [ 22.485216, 44.009018 ], [ 22.484994025, 44.00907899300006 ], [ 22.484772000000191, 44.00914 ], [ 22.484276, 44.009293000000127 ], [ 22.484004746000153, 44.009377517000075 ], [ 22.483801000000142, 44.009441 ], [ 22.483782947000179, 44.009447621000049 ], [ 22.483421511000131, 44.009580172000085 ], [ 22.483331680000049, 44.009613038000111 ], [ 22.483311849000074, 44.009617741000056 ], [ 22.483145, 44.009657 ], [ 22.482737, 44.009754 ], [ 22.482094000000131, 44.00993300000016 ], [ 22.481457, 44.010105000000181 ], [ 22.480894000000148, 44.01025 ], [ 22.480718000000138, 44.010294000000158 ], [ 22.480463403000158, 44.01035846700006 ], [ 22.480137, 44.01044400000012 ], [ 22.480019, 44.010475 ], [ 22.479856, 44.010515000000169 ], [ 22.479572631000167, 44.010585842000125 ], [ 22.479496002000133, 44.010604860000115 ], [ 22.479238064000072, 44.010663871000133 ], [ 22.478979001000084, 44.010722999000052 ], [ 22.478659011000047, 44.010800917000097 ], [ 22.47855600000014, 44.010826000000122 ], [ 22.478304, 44.010877000000107 ], [ 22.478155217000108, 44.010907687000042 ], [ 22.478143845000091, 44.010910003000049 ], [ 22.478109549000067, 44.010910643000102 ], [ 22.477716446000159, 44.01091766400009 ], [ 22.47714615000001, 44.010814667000147 ], [ 22.47689530700012, 44.010768519000067 ], [ 22.476817000000153, 44.01075400000019 ], [ 22.476502999, 44.01069599900012 ], [ 22.47588, 44.010559 ], [ 22.475299675000088, 44.010432914000091 ], [ 22.475062, 44.01037 ], [ 22.474939981000034, 44.010337871000161 ], [ 22.474723816000164, 44.010280610000109 ], [ 22.474208832000159, 44.010089875000062 ], [ 22.473655701000155, 44.009929658000033 ], [ 22.473167419000049, 44.009704590000069 ], [ 22.47292958100013, 44.009620755000128 ], [ 22.472826000000168, 44.009584 ], [ 22.47267, 44.0095290000001 ], [ 22.472237000000121, 44.009315000000186 ], [ 22.471737000000132, 44.009109000000194 ], [ 22.471632771000088, 44.009064066000178 ], [ 22.471287001000121, 44.008914999000183 ], [ 22.471277542000109, 44.008910143000151 ], [ 22.470804, 44.008667000000173 ], [ 22.470647333000102, 44.008586730000104 ], [ 22.470506714000123, 44.008529587999988 ], [ 22.470018000000152, 44.008331000000112 ], [ 22.469886881000093, 44.008251124000083 ], [ 22.469463, 44.008698 ], [ 22.468238999000164, 44.009838000000116 ], [ 22.468178551000108, 44.009910814000079 ], [ 22.467628000000104, 44.010573999000144 ], [ 22.466944999000191, 44.011086952000028 ], [ 22.466652000000181, 44.011307000000158 ], [ 22.466122, 44.011635 ], [ 22.46548300000012, 44.012188 ], [ 22.465384657000072, 44.012251607000053 ], [ 22.465264448000141, 44.012329535999982 ], [ 22.465055721, 44.01253189300013 ], [ 22.464970000000108, 44.012615 ], [ 22.464806, 44.012951000000101 ], [ 22.464715524000042, 44.013605011000095 ], [ 22.464701, 44.013710000000174 ], [ 22.464701, 44.014507 ], [ 22.464745000000164, 44.015316 ], [ 22.464911, 44.016121000000169 ], [ 22.465221648000181, 44.016713560000028 ], [ 22.465310999000167, 44.016884001000165 ], [ 22.466397644000097, 44.01837341800001 ], [ 22.466462997000122, 44.018463009000072 ], [ 22.464962000000185, 44.0226550000001 ], [ 22.464182000000108, 44.024242000000129 ], [ 22.464175305000026, 44.02425060000013 ], [ 22.463281587000154, 44.025398397000174 ], [ 22.463073894000104, 44.025665073000027 ], [ 22.461883000000114, 44.026485 ], [ 22.460703, 44.027298 ], [ 22.455793, 44.029282 ], [ 22.455230000000142, 44.029627000000175 ], [ 22.453905000000134, 44.030441 ], [ 22.452869000000192, 44.032051000000195 ], [ 22.452518000000111, 44.033958 ], [ 22.45267100000018, 44.035984000000155 ], [ 22.45332100000013, 44.038879 ], [ 22.453407000000141, 44.040993000000185 ], [ 22.453191472000071, 44.042049638000037 ], [ 22.452975999000103, 44.043106 ], [ 22.452971683999976, 44.043115307000051 ], [ 22.451000000000136, 44.047367000000179 ], [ 22.44998, 44.049568 ], [ 22.448895, 44.053158 ], [ 22.448624000000166, 44.05518 ], [ 22.448630876000038, 44.055277898000156 ], [ 22.448729000000128, 44.056675 ], [ 22.449282, 44.058006 ], [ 22.449860016000116, 44.058567016000154 ], [ 22.450438000000133, 44.059128 ], [ 22.452032, 44.060108000000128 ], [ 22.455473, 44.061626000000103 ], [ 22.462191, 44.063789 ], [ 22.464731, 44.065273 ], [ 22.466171, 44.066383 ], [ 22.471754, 44.072338001000105 ], [ 22.472019525000121, 44.072549288000118 ], [ 22.476400000000126, 44.076035 ], [ 22.478827, 44.078479000000129 ], [ 22.478932034000024, 44.078584757000044 ], [ 22.479263306000064, 44.078918458000032 ], [ 22.481489181000086, 44.081596374000128 ], [ 22.481506988000092, 44.081628352999985 ], [ 22.481633, 44.081855000000189 ], [ 22.483339000000115, 44.084919 ], [ 22.483621, 44.085842 ], [ 22.483716320999974, 44.086152829000071 ], [ 22.483758927000167, 44.08629226700009 ], [ 22.483655930000054, 44.08824915200006 ], [ 22.48359458800013, 44.088380514000107 ], [ 22.482814788000098, 44.090049745000101 ], [ 22.480178623000029, 44.093861792000098 ], [ 22.479085, 44.095443 ], [ 22.477949489000139, 44.097085984999978 ], [ 22.476401845000169, 44.099723513000072 ], [ 22.47387886000007, 44.104022980000138 ], [ 22.472698530000116, 44.105360576000123 ], [ 22.471158999000181, 44.107104999000114 ], [ 22.470521994000137, 44.107556759000033 ], [ 22.469167709000089, 44.10851669300007 ], [ 22.467353821000074, 44.109195710000165 ], [ 22.465280534000044, 44.109642028000167 ], [ 22.465244759000029, 44.109645906000139 ], [ 22.464613, 44.109714 ], [ 22.45285719900005, 44.1109884010001 ], [ 22.452824, 44.110992000000124 ], [ 22.447658599000135, 44.112035480000145 ], [ 22.442493, 44.113079000000141 ], [ 22.432287, 44.115402000000131 ], [ 22.429634308000118, 44.116252383000074 ], [ 22.42573, 44.117503999000064 ], [ 22.425707511000041, 44.117514586000141 ], [ 22.423751999000046, 44.118435 ], [ 22.422844687000122, 44.119020873000181 ], [ 22.422032999000123, 44.11954500000013 ], [ 22.420676999000023, 44.12088 ], [ 22.420670016000031, 44.120891062999988 ], [ 22.416314, 44.127791 ], [ 22.41630179800012, 44.127811190000159 ], [ 22.415688849000105, 44.128387782000061 ], [ 22.412845612000126, 44.131061554000155 ], [ 22.411023721000106, 44.132219514000042 ], [ 22.410186999000189, 44.132751000000155 ], [ 22.399236999000095, 44.138373999000066 ], [ 22.396609906000094, 44.139484558000049 ], [ 22.39413, 44.140146 ], [ 22.39313997000005, 44.140410324000072 ], [ 22.391834260000167, 44.140758514000083 ], [ 22.384487153000066, 44.141452789000084 ], [ 22.381373676000123, 44.141507742000101 ], [ 22.376923, 44.141586000000189 ], [ 22.373943000000111, 44.14152700000011 ], [ 22.372356052000043, 44.141495808000172 ], [ 22.36941528400007, 44.141437531000065 ], [ 22.365781784000035, 44.141166688000112 ], [ 22.363581117000081, 44.140821962000189 ], [ 22.362733000000162, 44.140689 ], [ 22.36232334400006, 44.140624808000041 ], [ 22.361194101000137, 44.140294526000105 ], [ 22.358334000000184, 44.139457999000058 ], [ 22.354443000000117, 44.137936000000138 ], [ 22.351974, 44.136379 ], [ 22.346458, 44.13192000000015 ], [ 22.34403, 44.130867 ], [ 22.342610139000101, 44.130552531000035 ], [ 22.34119, 44.130238 ], [ 22.338215000000162, 44.130005000000153 ], [ 22.335161, 44.130089000000169 ], [ 22.334133, 44.130225 ], [ 22.332144, 44.130489 ], [ 22.326494, 44.131962 ], [ 22.323105568000187, 44.132845939000106 ], [ 22.32095146100005, 44.133407592000083 ], [ 22.317396164000115, 44.133960725000122 ], [ 22.29871368400012, 44.135047913000051 ], [ 22.298335480000105, 44.135109322000062 ], [ 22.297856, 44.135187 ], [ 22.295237, 44.135612 ], [ 22.287434000000133, 44.137760000000185 ], [ 22.284640999000032, 44.138000000000147 ], [ 22.282643612000072, 44.137938604 ], [ 22.280671270000141, 44.137878040000146 ], [ 22.27855798700017, 44.137992843000177 ], [ 22.277782000000173, 44.138035000000173 ], [ 22.275902374000054, 44.138371502000155 ], [ 22.275501405000057, 44.13844347600002 ], [ 22.27502351000004, 44.138585936000084 ], [ 22.273297221000064, 44.13910055000008 ], [ 22.273283148000075, 44.139105615 ], [ 22.270989105000069, 44.140130561000092 ], [ 22.270489000000168, 44.140354 ], [ 22.267813505000049, 44.141883072000041 ], [ 22.261146, 44.146440000000155 ], [ 22.253332367000041, 44.15177923300007 ], [ 22.253321, 44.151787 ], [ 22.244022, 44.157475000000147 ], [ 22.241863, 44.159403000000168 ], [ 22.238367000000153, 44.162525000000187 ], [ 22.233680000000163, 44.167577 ], [ 22.232748293000043, 44.168581206000169 ], [ 22.232728959000042, 44.16860199100006 ], [ 22.232739663000075, 44.168608935000066 ], [ 22.232852, 44.16868200000016 ], [ 22.233722775000047, 44.169246854 ], [ 22.234041545000139, 44.169897917000128 ], [ 22.234345, 44.170518000000186 ], [ 22.234352000000172, 44.170532 ], [ 22.233814, 44.172176 ], [ 22.232519, 44.173275 ], [ 22.231286015000023, 44.173924762000183 ], [ 22.230703001000109, 44.174231999000085 ], [ 22.219474962000049, 44.179101668000044 ], [ 22.219435000000146, 44.179118999000139 ], [ 22.217037687000072, 44.180764872000168 ], [ 22.21464, 44.182411000000116 ], [ 22.214362000000108, 44.182714000000146 ], [ 22.212873, 44.184341000000131 ], [ 22.212238, 44.185787 ], [ 22.212009000000137, 44.187321000000111 ], [ 22.212219000000118, 44.189415 ], [ 22.213683999000068, 44.194611 ], [ 22.21384837800008, 44.19682311300005 ], [ 22.214025000000163, 44.199200000000133 ], [ 22.213949718000151, 44.200265099000092 ], [ 22.213862999000128, 44.201491999000154 ], [ 22.211473974000114, 44.210321976000046 ], [ 22.210006714000031, 44.215744020000159 ], [ 22.20603179800014, 44.222286224000186 ], [ 22.206015642000182, 44.222307644000182 ], [ 22.205673000000104, 44.222761 ], [ 22.2033330000001, 44.225864000000115 ], [ 22.203325930000062, 44.225871801000153 ], [ 22.200721581000153, 44.228745094000089 ], [ 22.200670242000058, 44.228801727000075 ], [ 22.200540000000103, 44.228930000000105 ], [ 22.198524000000134, 44.230915 ], [ 22.19609800000012, 44.232811 ], [ 22.194156869000153, 44.233855810000193 ], [ 22.193574905000162, 44.234169006000172 ], [ 22.190074921000132, 44.235366822000174 ], [ 22.189702338000131, 44.236087662000102 ], [ 22.18885100000017, 44.237734000000103 ], [ 22.185926000000109, 44.243393 ], [ 22.185604000000126, 44.246044 ], [ 22.185925, 44.246745000000146 ], [ 22.18659616400015, 44.248210990000075 ], [ 22.187744, 44.249405000000138 ], [ 22.189165, 44.250439 ], [ 22.191513642000075, 44.251734156000111 ], [ 22.192546844000105, 44.252304078000179 ], [ 22.194715500000143, 44.253894805000073 ], [ 22.194882104000044, 44.254109097000025 ], [ 22.195249, 44.254582 ], [ 22.195768000000157, 44.255249000000106 ], [ 22.196174549000148, 44.256253612000137 ], [ 22.196372986000142, 44.256744384000058 ], [ 22.196389871000179, 44.257077620000075 ], [ 22.196413, 44.257535 ], [ 22.196474000000137, 44.258739 ], [ 22.195795, 44.260866000000192 ], [ 22.195366, 44.262211 ], [ 22.19298, 44.266552000000104 ], [ 22.192032000000154, 44.269295 ], [ 22.191514233000191, 44.271824041000116 ], [ 22.190861140000038, 44.275011338000127 ], [ 22.189778504000174, 44.278697708000152 ], [ 22.189142000000118, 44.280865 ], [ 22.18904, 44.281494 ], [ 22.188786000000164, 44.283062000000143 ], [ 22.188825290000182, 44.285235711000098 ], [ 22.188826, 44.285275 ], [ 22.188897481000026, 44.285603112000047 ], [ 22.189297000000124, 44.287437 ], [ 22.189906, 44.288796000000104 ], [ 22.190027000000157, 44.289066 ], [ 22.19008, 44.289144 ], [ 22.19106079800008, 44.290582902000153 ], [ 22.191067, 44.290592000000174 ], [ 22.19107836500018, 44.290603536000049 ], [ 22.193321, 44.292880000000139 ], [ 22.194935000000157, 44.294518000000153 ], [ 22.195710000000133, 44.295523000000173 ], [ 22.196095, 44.296021000000167 ], [ 22.198994, 44.301647 ], [ 22.19936515500018, 44.302180754000176 ], [ 22.20027000000016, 44.303482 ], [ 22.200278940000032, 44.303489300000081 ], [ 22.201557, 44.304533000000106 ], [ 22.202017000000126, 44.304909000000123 ], [ 22.203676, 44.305588000000171 ], [ 22.204737, 44.305836000000113 ], [ 22.205569508000053, 44.306029886000147 ], [ 22.207447078000143, 44.306316410000022 ], [ 22.211475000000178, 44.30693100100018 ], [ 22.214241, 44.307957000000101 ], [ 22.216578999000149, 44.309532 ], [ 22.216589661000171, 44.309543344000076 ], [ 22.218404, 44.311474 ], [ 22.218986840000184, 44.312094063000188 ], [ 22.219640731000027, 44.312789917000032 ], [ 22.219853760000149, 44.313133932000142 ], [ 22.220512, 44.314198001000136 ], [ 22.220999, 44.315693000000124 ], [ 22.221145769000032, 44.316143016000069 ], [ 22.221391678000032, 44.316898345000141 ], [ 22.221519913000066, 44.318336892000048 ], [ 22.221644999000091, 44.319744001 ], [ 22.22146000000015, 44.32261300000016 ], [ 22.220167000000117, 44.327809 ], [ 22.219557, 44.330261 ], [ 22.219645, 44.331692000000146 ], [ 22.219891000000189, 44.332235000000139 ], [ 22.220207, 44.332932 ], [ 22.221810000000175, 44.334089 ], [ 22.222019392000107, 44.334240127000044 ], [ 22.22204, 44.334255 ], [ 22.223848, 44.334823 ], [ 22.230413, 44.336884 ], [ 22.234262000000172, 44.338566000000128 ], [ 22.235361778000026, 44.339216123000028 ], [ 22.23602294900013, 44.339607239000031 ], [ 22.237573624000049, 44.341011047 ], [ 22.238289762000022, 44.342197954000085 ], [ 22.238530999000147, 44.34259799900002 ], [ 22.2386580000001, 44.34312000000017 ], [ 22.238741369000138, 44.343460014000073 ], [ 22.238759967000078, 44.343536265000068 ], [ 22.238723000000164, 44.343831000000193 ], [ 22.238636617000168, 44.344522289999986 ], [ 22.238336562000143, 44.346920014000148 ], [ 22.235282898999969, 44.356460571000071 ], [ 22.234824809000088, 44.357482603000051 ], [ 22.234325, 44.358597000000145 ], [ 22.230085, 44.364189000000124 ], [ 22.229156934000173, 44.365578525000046 ], [ 22.226839, 44.369049 ], [ 22.223688, 44.376270000000147 ], [ 22.223307968000142, 44.379032068000072 ], [ 22.223077401000126, 44.380707818000133 ], [ 22.223076000000106, 44.380718001 ], [ 22.223159549000172, 44.382068599000036 ], [ 22.223214999000163, 44.382965 ], [ 22.22347254400006, 44.384057410000025 ], [ 22.224439621000045, 44.388160707000111 ], [ 22.224555004000081, 44.38957828000008 ], [ 22.224613, 44.390293 ], [ 22.224467863000086, 44.391191063000065 ], [ 22.224271775000034, 44.392402648000029 ], [ 22.223590851000154, 44.393997193000075 ], [ 22.222553253000115, 44.395492553000167 ], [ 22.219646890000092, 44.398231506 ], [ 22.218512910000015, 44.399300105000066 ], [ 22.218082, 44.39980300000019 ], [ 22.217110000000105, 44.400940000000105 ], [ 22.216771000000165, 44.401546000000167 ], [ 22.216125000000147, 44.402702 ], [ 22.21561800000012, 44.405216 ], [ 22.215636936000124, 44.41085406600007 ], [ 22.215637000000129, 44.410873 ], [ 22.216028000000108, 44.413708000000156 ], [ 22.216037220000032, 44.413735787000064 ], [ 22.216614000000106, 44.415474 ], [ 22.21690000000018, 44.416336000000172 ], [ 22.217847996000103, 44.417781994000109 ], [ 22.218935956000053, 44.418761161000191 ], [ 22.219158000000107, 44.418961000000138 ], [ 22.220833000000141, 44.419778 ], [ 22.220862976000149, 44.419791989000032 ], [ 22.221978, 44.420061 ], [ 22.222839, 44.420269000000133 ], [ 22.224857, 44.420403001000125 ], [ 22.226566386000059, 44.420272404000059 ], [ 22.226911544000188, 44.420246125000119 ], [ 22.229951859000153, 44.419605255000022 ], [ 22.242620468000041, 44.416351318000181 ], [ 22.244782820000069, 44.416037258000131 ], [ 22.246500594000111, 44.415788073000044 ], [ 22.248631000000159, 44.415936000000102 ], [ 22.250015, 44.416292 ], [ 22.250423416000103, 44.41639678700011 ], [ 22.250661850000142, 44.416458130000137 ], [ 22.25329971300016, 44.417716979000147 ], [ 22.261051179000106, 44.422401429000104 ], [ 22.262877582000101, 44.423975208000059 ], [ 22.263091676000045, 44.424159720000034 ], [ 22.264202000000125, 44.426022000000103 ], [ 22.26437845200013, 44.427099772000076 ], [ 22.264524582000149, 44.428006612000161 ], [ 22.263869, 44.430602000000135 ], [ 22.263488986000084, 44.432110273000148 ], [ 22.263402678000034, 44.433822105000047 ], [ 22.263248, 44.436890000000119 ], [ 22.262886, 44.438857999000163 ], [ 22.261354, 44.442406000000176 ], [ 22.260965000000169, 44.444126 ], [ 22.261031777000085, 44.444650926000122 ], [ 22.26108, 44.44503 ], [ 22.261888000000113, 44.446454 ], [ 22.262129000000186, 44.446877 ], [ 22.263863005000189, 44.44850989400004 ], [ 22.263964000000101, 44.4486050000001 ], [ 22.266681, 44.450339 ], [ 22.269852, 44.452362 ], [ 22.270639000000131, 44.452763 ], [ 22.272539000000165, 44.453732000000116 ], [ 22.275209, 44.454717 ], [ 22.275308850000158, 44.454753944000117 ], [ 22.278297000000123, 44.455185 ], [ 22.28120200800015, 44.454772997000134 ], [ 22.286592483000049, 44.452793121000127 ], [ 22.287591894000059, 44.452656216000094 ], [ 22.289506498000037, 44.452394299000161 ], [ 22.291164091000098, 44.452681197000118 ], [ 22.292524001000174, 44.452919001000055 ], [ 22.292537080000102, 44.452925454000138 ], [ 22.297554000000105, 44.455401000000165 ], [ 22.301237000000185, 44.457218 ], [ 22.301940004000073, 44.457509259000062 ], [ 22.303682442000024, 44.458231124 ], [ 22.30399100000011, 44.458359000000144 ], [ 22.314652, 44.458373 ], [ 22.315720107000118, 44.458373997000194 ], [ 22.316641000000175, 44.4583 ], [ 22.323481000000186, 44.457745000000102 ], [ 22.326804999000103, 44.457661 ], [ 22.328474, 44.45777100000015 ], [ 22.329164816000059, 44.457816321000053 ], [ 22.33004379200014, 44.457874298000149 ], [ 22.332324260000178, 44.458190071999979 ], [ 22.334394433000114, 44.458477020000146 ], [ 22.334452, 44.458485 ], [ 22.335717, 44.458569 ], [ 22.33760500000011, 44.45869400000015 ], [ 22.340757000000167, 44.458618 ], [ 22.343821, 44.458221 ], [ 22.345627, 44.457781 ], [ 22.345886000000178, 44.457718 ], [ 22.346308, 44.45757 ], [ 22.352627000000155, 44.455360000000155 ], [ 22.356869909000125, 44.45308876100006 ], [ 22.358349, 44.452297 ], [ 22.361478445000046, 44.449481036000066 ], [ 22.371147, 44.440781000000186 ], [ 22.373652000000163, 44.439156 ], [ 22.381077, 44.435135 ], [ 22.382109000000185, 44.434366000000182 ], [ 22.383987000000161, 44.432968000000187 ], [ 22.384752, 44.431210000000192 ], [ 22.384163000000171, 44.429398 ], [ 22.38415375000011, 44.429387260000169 ], [ 22.38166824200016, 44.426500969000188 ], [ 22.381180001000132, 44.425934 ], [ 22.380505, 44.42403000000013 ], [ 22.381116952000184, 44.422096153999973 ], [ 22.382093429000065, 44.420948028000055 ], [ 22.382670601000029, 44.420482621000133 ], [ 22.383354000000168, 44.419932000000188 ], [ 22.383413, 44.419884 ], [ 22.387165, 44.417767 ], [ 22.392117, 44.415356 ], [ 22.393984, 44.414651 ], [ 22.394335461000082, 44.414518175000126 ], [ 22.394754409000143, 44.414360047000173 ], [ 22.39671878200005, 44.41387437800006 ], [ 22.401276000000166, 44.412748000000136 ], [ 22.403728625000156, 44.41214133 ], [ 22.40638, 44.411137 ], [ 22.412571265999986, 44.408165985000153 ], [ 22.415769577000049, 44.40663147000015 ], [ 22.423980713000162, 44.402000428000122 ], [ 22.424720611000112, 44.401673565000181 ], [ 22.42542200000014, 44.401364 ], [ 22.426827253000113, 44.400743213999988 ], [ 22.429085000000157, 44.400082001000101 ], [ 22.430578, 44.399838 ], [ 22.431092349000096, 44.3997536 ], [ 22.43141937200005, 44.399700165000127 ], [ 22.43238553700013, 44.399690339000188 ], [ 22.434420000000159, 44.399670000000185 ], [ 22.441795001000116, 44.400864001000116 ], [ 22.444642111000121, 44.401541026000132 ], [ 22.447489, 44.402218000000175 ], [ 22.449155656000073, 44.402910411000164 ], [ 22.452007, 44.404095001000144 ], [ 22.456045526000139, 44.40638828699997 ], [ 22.460356000000104, 44.408836000000122 ], [ 22.464811714000177, 44.410807294000108 ], [ 22.46671647200003, 44.411649996000051 ], [ 22.475488000000155, 44.415524000000119 ], [ 22.472354241000119, 44.419256207000103 ], [ 22.467161727000189, 44.425439795000159 ], [ 22.466634999000121, 44.42606699900017 ], [ 22.453243, 44.441376 ], [ 22.451332, 44.445694000000117 ], [ 22.44761300000016, 44.454094 ], [ 22.448633, 44.45818 ], [ 22.450357, 44.46508 ], [ 22.457731248000186, 44.466377259000183 ], [ 22.457786060999979, 44.465223105000064 ], [ 22.457799992000162, 44.464931193999973 ], [ 22.458614349000129, 44.461925506000171 ], [ 22.459232330000191, 44.459411621000072 ], [ 22.459751130000143, 44.458332062000011 ], [ 22.459950993000064, 44.457873246000077 ], [ 22.460190001000115, 44.457325 ], [ 22.461030787000084, 44.456371455000067 ], [ 22.462427001000094, 44.454788001000168 ], [ 22.46298000000013, 44.453983 ], [ 22.463125, 44.453447000000153 ], [ 22.463218872000027, 44.453097367000055 ], [ 22.463028319000159, 44.452151088000051 ], [ 22.46298408600012, 44.451931000000116 ], [ 22.463041306000036, 44.450630189000037 ], [ 22.463703293000037, 44.449474040000041 ], [ 22.46385400000014, 44.449211000000105 ], [ 22.46426400100006, 44.448185000000137 ], [ 22.46495231900019, 44.446925817000135 ], [ 22.465311359000054, 44.446269 ], [ 22.465350000000115, 44.44619200000011 ], [ 22.46583301600009, 44.445211996000182 ], [ 22.467007001000184, 44.443424 ], [ 22.467298, 44.44308000000018 ], [ 22.467626721000101, 44.442691040000113 ], [ 22.468313216000183, 44.441879272000108 ], [ 22.468751907000126, 44.441406250000057 ], [ 22.468887328000051, 44.44126892100013 ], [ 22.46958317800005, 44.440601249000167 ], [ 22.470136, 44.440071 ], [ 22.472278534000168, 44.438015447000055 ], [ 22.472801, 44.437607000000128 ], [ 22.472911999000075, 44.437505488000056 ], [ 22.473202122000032, 44.437270026000135 ], [ 22.473384856000052, 44.437122346000194 ], [ 22.476455688000101, 44.435333252000135 ], [ 22.47744430500012, 44.435020271000042 ], [ 22.479986000000167, 44.434216001000152 ], [ 22.481183407, 44.433692190000045 ], [ 22.48265600100018, 44.433048 ], [ 22.483567937000146, 44.432307806000097 ], [ 22.485603, 44.43065600000017 ], [ 22.487925000000132, 44.428474000000108 ], [ 22.490915, 44.426220000000114 ], [ 22.490930526000113, 44.426210852000111 ], [ 22.493772786000136, 44.424536417000184 ], [ 22.495033, 44.423794000000157 ], [ 22.495327032000091, 44.423631066000155 ], [ 22.498534913000071, 44.421853468000165 ], [ 22.498552000000132, 44.421844 ], [ 22.498669131000156, 44.421740656000054 ], [ 22.499546001000056, 44.420967000000189 ], [ 22.499665164000021, 44.420861887000115 ], [ 22.500004, 44.420563000000129 ], [ 22.503201, 44.41758 ], [ 22.502926000000173, 44.416664000000139 ], [ 22.502883000000168, 44.416536000000178 ], [ 22.502748, 44.41613400000017 ], [ 22.501299191000157, 44.414075065000077 ], [ 22.500504005000096, 44.412944967000158 ], [ 22.500458327000047, 44.412022199000035 ], [ 22.500416, 44.411167 ], [ 22.500416709000149, 44.411154991000046 ], [ 22.500604272000089, 44.407983865 ], [ 22.501041412000063, 44.400600434000069 ], [ 22.50126472200003, 44.398787855000137 ], [ 22.501511000000164, 44.396793000000173 ], [ 22.50162874200015, 44.395834102000094 ], [ 22.501736000000164, 44.395023 ], [ 22.502025083000149, 44.393496660000096 ], [ 22.502504348000116, 44.390968323000095 ], [ 22.502950225000177, 44.389428577000047 ], [ 22.503339300000107, 44.388086312000098 ], [ 22.503685575000077, 44.386844740000072 ], [ 22.504162000000122, 44.385136 ], [ 22.505293000000108, 44.380829 ], [ 22.506533, 44.378407 ], [ 22.50756100000018, 44.377026000000171 ], [ 22.50882234300019, 44.375696407000191 ], [ 22.509483, 44.375 ], [ 22.509675000000129, 44.374792 ], [ 22.510159, 44.374268 ], [ 22.510186901000111, 44.374211912000192 ], [ 22.51142300000015, 44.371727000000135 ], [ 22.511516350000079, 44.371539296000037 ], [ 22.511795044000053, 44.370979309000177 ], [ 22.51211633000014, 44.370385451000061 ], [ 22.512711000000138, 44.369287 ], [ 22.51338, 44.368050000000153 ], [ 22.515660284000091, 44.363575424000146 ], [ 22.517941001000054, 44.359100001000115 ], [ 22.519069362999971, 44.356454106000115 ], [ 22.520046235000166, 44.354164124000192 ], [ 22.520542029000183, 44.353004657000099 ], [ 22.52064200000018, 44.352771 ], [ 22.521252000000175, 44.351345 ], [ 22.522173342000031, 44.348973043000115 ], [ 22.523231854000073, 44.346247949000087 ], [ 22.523772613000119, 44.344378838000068 ], [ 22.524313000000177, 44.342510001000051 ], [ 22.524479447000147, 44.34201760100018 ], [ 22.525198474000035, 44.339890511000192 ], [ 22.527094, 44.337891 ], [ 22.528607, 44.336693 ], [ 22.528912027000104, 44.336451437000051 ], [ 22.530443192000064, 44.335239410000042 ], [ 22.531253815000071, 44.334766387000059 ], [ 22.531977510000161, 44.334328913000093 ], [ 22.53261300000014, 44.333945 ], [ 22.533627, 44.333332000000155 ], [ 22.535379, 44.33231000000012 ], [ 22.53565319900008, 44.332159139000169 ], [ 22.538507001000141, 44.330589 ], [ 22.540554620000023, 44.329258493000168 ], [ 22.542416000000173, 44.328049000000192 ], [ 22.544548000000191, 44.326585000000193 ], [ 22.545238, 44.326111 ], [ 22.546627733000037, 44.325033471000154 ], [ 22.547385133000034, 44.324446222000176 ], [ 22.547657285000128, 44.324242900000058 ], [ 22.54933124400003, 44.322992804000137 ], [ 22.54933957500009, 44.322984376000193 ], [ 22.552488, 44.319114 ], [ 22.553089, 44.318375000000174 ], [ 22.555359000000124, 44.31454100000019 ], [ 22.556746000000146, 44.312500000000114 ], [ 22.55704109200019, 44.312025215000176 ], [ 22.557104111000172, 44.311923982000053 ], [ 22.557823078000069, 44.311149347000139 ], [ 22.55942, 44.309429001000126 ], [ 22.561253, 44.308022000000108 ], [ 22.562502000000165, 44.307354 ], [ 22.56296, 44.307099000000164 ], [ 22.564033111000072, 44.306500516000028 ], [ 22.565177918000018, 44.305862428000125 ], [ 22.56852722300016, 44.305140330000086 ], [ 22.568965, 44.305046000000118 ], [ 22.569329206000134, 44.304967465000061 ], [ 22.570619655000087, 44.304857487000049 ], [ 22.571903000000134, 44.304749 ], [ 22.576468, 44.30449700000014 ], [ 22.578841, 44.304070000000138 ], [ 22.579533236000145, 44.303944935 ], [ 22.579710006000028, 44.303913117000036 ], [ 22.583396911000136, 44.302528382000162 ], [ 22.585631424000042, 44.301870067000152 ], [ 22.587255, 44.301392 ], [ 22.592342000000144, 44.300274000000115 ], [ 22.592399225000179, 44.300257304000183 ], [ 22.593751409000163, 44.299862755000106 ], [ 22.594494, 44.299628000000155 ], [ 22.595140505000131, 44.299422818000039 ], [ 22.595392228000094, 44.299343110000052 ], [ 22.60659408600003, 44.295921327000144 ], [ 22.606687453000063, 44.295892245000061 ], [ 22.60673700000018, 44.295877000000132 ], [ 22.606827000000123, 44.295849000000146 ], [ 22.614945, 44.294348 ], [ 22.61821659400016, 44.293742598000108 ], [ 22.618997574000105, 44.293598176000046 ], [ 22.625001908000058, 44.293697358000088 ], [ 22.626188907000142, 44.293739119000065 ], [ 22.626410999000029, 44.293747001000042 ], [ 22.6267, 44.293746 ], [ 22.627112722000106, 44.293744417000141 ], [ 22.628524781000124, 44.293739319999986 ], [ 22.630866397000091, 44.293829969000114 ], [ 22.632952000000103, 44.293911 ], [ 22.638477, 44.294125000000122 ], [ 22.642595, 44.293599000000142 ], [ 22.643883000000187, 44.293434000000161 ], [ 22.645636, 44.293079 ], [ 22.645941000000107, 44.293019 ], [ 22.646287801000085, 44.292950040000051 ], [ 22.648555, 44.292064 ], [ 22.649009140000146, 44.291886428000169 ], [ 22.649578095000038, 44.291664123000146 ], [ 22.652725220000093, 44.290508271000078 ], [ 22.65529441800004, 44.289813996000134 ], [ 22.655334346000132, 44.289802406000035 ], [ 22.655468, 44.289764 ], [ 22.656254, 44.289536 ], [ 22.662176000000102, 44.287560000000155 ], [ 22.662202492000176, 44.287551655000073 ], [ 22.664575666000076, 44.286804223000047 ], [ 22.667050995000125, 44.286024615000031 ], [ 22.667072000000189, 44.286018 ], [ 22.672228000000132, 44.284304000000191 ], [ 22.673422351999989, 44.283906878000039 ], [ 22.677628, 44.281292 ], [ 22.678815000000156, 44.280059000000165 ], [ 22.680349, 44.278465 ], [ 22.684778, 44.271572000000162 ], [ 22.684866, 44.271303000000103 ], [ 22.685018874000093, 44.270832388000031 ], [ 22.686768, 44.265659 ], [ 22.687096000000167, 44.260490000000175 ], [ 22.687117000000171, 44.258694 ], [ 22.687128561000122, 44.257670412000095 ], [ 22.68714141800001, 44.256568908000077 ], [ 22.687143325000079, 44.256381988999976 ], [ 22.686605453000027, 44.252670288000104 ], [ 22.685337066000159, 44.250000000000171 ], [ 22.684494019000113, 44.248157501000037 ], [ 22.680976869000062, 44.242305755000075 ], [ 22.678236008000056, 44.238391876000151 ], [ 22.678185172999974, 44.238306965000163 ], [ 22.677817000000175, 44.237691 ], [ 22.67598, 44.234623 ], [ 22.675353913000038, 44.233504609000192 ], [ 22.674562453000078, 44.232089996000127 ], [ 22.674292265000133, 44.231240678000177 ], [ 22.674051000000134, 44.230481 ], [ 22.673632000000111, 44.229164000000139 ], [ 22.673625, 44.22910000000013 ], [ 22.673621573000048, 44.229073270000072 ], [ 22.673620224000047, 44.229061127000023 ], [ 22.673294067000143, 44.222690582999974 ], [ 22.673298092000039, 44.222664196000039 ], [ 22.673775, 44.219540000000165 ], [ 22.674533306000114, 44.217990135000093 ], [ 22.674938201000089, 44.217163086000141 ], [ 22.677200317000029, 44.215080261000026 ], [ 22.678932109000186, 44.213961832000109 ], [ 22.679505, 44.213592 ], [ 22.680921891000139, 44.212676857000133 ], [ 22.680833260000156, 44.212561206000032 ], [ 22.680758000000139, 44.212463000000128 ], [ 22.680294000000117, 44.21200000000016 ], [ 22.680215679000128, 44.211921702999973 ], [ 22.680058000000145, 44.2117760000001 ], [ 22.67981, 44.211548 ], [ 22.679455000000189, 44.211239 ], [ 22.679194969000037, 44.211042065000015 ], [ 22.679046609000068, 44.21092966700013 ], [ 22.678836000000103, 44.210750000000132 ], [ 22.678651508000144, 44.210593462000134 ], [ 22.67857170100018, 44.210525513000107 ], [ 22.678430579000064, 44.210396529000093 ], [ 22.678217, 44.210201000000154 ], [ 22.677765542000031, 44.209914104000063 ], [ 22.67746635900005, 44.209729889000187 ], [ 22.677308999000161, 44.209632999000178 ], [ 22.677086782000174, 44.209537503999968 ], [ 22.676697, 44.209370000000149 ], [ 22.676389469000128, 44.20925498400004 ], [ 22.676197, 44.209183000000166 ], [ 22.675891000000149, 44.209132000000182 ], [ 22.675646000000143, 44.209091000000171 ], [ 22.675229464000154, 44.209005535000131 ], [ 22.675144000000159, 44.208988 ], [ 22.674549000000127, 44.208797000000175 ], [ 22.674295, 44.208693 ], [ 22.674278412000149, 44.208686212000089 ], [ 22.673992157000157, 44.208568574000083 ], [ 22.673753439000109, 44.208426942000131 ], [ 22.673594, 44.208332 ], [ 22.67341, 44.208209000000181 ], [ 22.673340352000139, 44.208162568000091 ], [ 22.673143387000096, 44.208030701000098 ], [ 22.673063258000127, 44.20774549600003 ], [ 22.673031000000151, 44.20763 ], [ 22.673033439000051, 44.207464624000067 ], [ 22.673040001000061, 44.20702000100016 ], [ 22.673052119000033, 44.206795006999982 ], [ 22.673063000000127, 44.206593 ], [ 22.673029000000156, 44.206384000000185 ], [ 22.672995000000185, 44.206177000000139 ], [ 22.672991830000115, 44.206159188000072 ], [ 22.672974, 44.206059 ], [ 22.67284436500006, 44.205642643000033 ], [ 22.672804, 44.205513 ], [ 22.672562, 44.205017 ], [ 22.672213000000113, 44.20458600000012 ], [ 22.67203300000017, 44.204454 ], [ 22.671745000000158, 44.204243000000133 ], [ 22.671728308000183, 44.204234903000099 ], [ 22.671241621000149, 44.203998787000103 ], [ 22.671139000999972, 44.203949000000136 ], [ 22.671074635000025, 44.203932593000104 ], [ 22.670525624000163, 44.20379283900013 ], [ 22.670133485000122, 44.20374673800012 ], [ 22.669872001000158, 44.203716 ], [ 22.669681339000192, 44.203672840000024 ], [ 22.66947, 44.203625000000159 ], [ 22.669385925000086, 44.203611922000164 ], [ 22.668930000000103, 44.203541000000143 ], [ 22.668461, 44.203606 ], [ 22.668175000000133, 44.203766 ], [ 22.668009, 44.204128 ], [ 22.667942051000182, 44.204551680000122 ], [ 22.667848586000162, 44.20499038600019 ], [ 22.667765109000072, 44.205261693000125 ], [ 22.667761, 44.205275 ], [ 22.66771402, 44.205427216000089 ], [ 22.667711029000031, 44.205436903000077 ], [ 22.667627058000107, 44.205509527000061 ], [ 22.66735799900016, 44.205741999000111 ], [ 22.667194986000084, 44.205821595000089 ], [ 22.666889191000109, 44.205970765000188 ], [ 22.666292191000082, 44.206283569000163 ], [ 22.665739060000021, 44.206531526000163 ], [ 22.66548368500014, 44.206644825000183 ], [ 22.665214000000105, 44.206764000000192 ], [ 22.665197011000032, 44.206771995000054 ], [ 22.665139189000058, 44.206801785000039 ], [ 22.664670664000084, 44.207043203000126 ], [ 22.664507, 44.207142 ], [ 22.664188000000138, 44.207336000000112 ], [ 22.663565156000118, 44.207603950000077 ], [ 22.663195827000038, 44.207793986000127 ], [ 22.663017272000104, 44.207885742000087 ], [ 22.662492753000095, 44.208095551000156 ], [ 22.661998048000157, 44.20816466499997 ], [ 22.6619740000001, 44.208168000000171 ], [ 22.661421000000189, 44.208168000000171 ], [ 22.660925000000191, 44.208000000000141 ], [ 22.660684000000117, 44.207895000000178 ], [ 22.660586912999975, 44.207852850000052 ], [ 22.660478764000175, 44.207805708000024 ], [ 22.660262475000138, 44.207538376000116 ], [ 22.660228982000149, 44.207496958000092 ], [ 22.660076080000067, 44.207130192000136 ], [ 22.659975052000107, 44.206733703000054 ], [ 22.659975052000107, 44.206306457999972 ], [ 22.660268783000163, 44.205833436000091 ], [ 22.660530091000112, 44.205390930000078 ], [ 22.660894026000108, 44.204986982000037 ], [ 22.661019738, 44.204894214000035 ], [ 22.661328999000091, 44.204666001000078 ], [ 22.66148800000019, 44.204534 ], [ 22.661686, 44.204369 ], [ 22.661966221000057, 44.204245081000067 ], [ 22.662136, 44.204170000000147 ], [ 22.66259, 44.203979000000174 ], [ 22.662874001000034, 44.20371200000011 ], [ 22.662927457000023, 44.203576418000068 ], [ 22.663011945999983, 44.203362136000067 ], [ 22.663052209000057, 44.203141473000017 ], [ 22.663075934000119, 44.203011359000129 ], [ 22.662973000000136, 44.202446000000123 ], [ 22.662922, 44.202274000000102 ], [ 22.66284800000011, 44.202026 ], [ 22.662756000000115, 44.201765 ], [ 22.662685000000124, 44.201565 ], [ 22.662382, 44.201256000000114 ], [ 22.662054989000126, 44.201042493000102 ], [ 22.661728001000085, 44.20082899900018 ], [ 22.661276343, 44.200602772000025 ], [ 22.661163073000068, 44.200546037000038 ], [ 22.660896, 44.200268 ], [ 22.660726, 44.200110000000109 ], [ 22.660599, 44.199993 ], [ 22.660560695000129, 44.199890311000161 ], [ 22.660458001000165, 44.199615 ], [ 22.660361469000179, 44.19906144100014 ], [ 22.66034500000012, 44.198967 ], [ 22.660383, 44.198425001000089 ], [ 22.660360000000139, 44.198150000000112 ], [ 22.660332000000153, 44.197823 ], [ 22.660315000000139, 44.197678000000167 ], [ 22.660269, 44.197308 ], [ 22.660022907000041, 44.196773850000113 ], [ 22.659889240999973, 44.196557416000189 ], [ 22.659720762000177, 44.196284686000183 ], [ 22.659576147000053, 44.196093587000064 ], [ 22.659441000000129, 44.195914999000024 ], [ 22.659329114000116, 44.195814709000103 ], [ 22.659084, 44.195595000000139 ], [ 22.658546000000172, 44.195099000000141 ], [ 22.658299978000059, 44.194906483000068 ], [ 22.658053239000139, 44.194713427000124 ], [ 22.657690405000153, 44.1944398280001 ], [ 22.657623000000171, 44.194389000000172 ], [ 22.657383992000121, 44.194161993000137 ], [ 22.657145001000117, 44.193935 ], [ 22.656943919000184, 44.193709048000017 ], [ 22.656765, 44.193508000000122 ], [ 22.65663343000017, 44.193292634000045 ], [ 22.656418001000191, 44.192940000000192 ], [ 22.656395148000172, 44.192890664000174 ], [ 22.656160354000122, 44.192382813000165 ], [ 22.65607226100019, 44.192114530000083 ], [ 22.65599266900017, 44.191871341000137 ], [ 22.655869000000166, 44.191625000000101 ], [ 22.65579600000018, 44.191479 ], [ 22.655500000000188, 44.191223 ], [ 22.655465000000106, 44.191201 ], [ 22.655325733000041, 44.191115826000043 ], [ 22.654889, 44.191056 ], [ 22.654520000000105, 44.191006 ], [ 22.654202, 44.19098 ], [ 22.653849, 44.190952 ], [ 22.653834323000126, 44.190951677000044 ], [ 22.653168000000164, 44.190936999000087 ], [ 22.653103908000162, 44.190935838000087 ], [ 22.652561187000117, 44.190925599000025 ], [ 22.652212786000177, 44.190866043000085 ], [ 22.652108, 44.19084800000013 ], [ 22.651892, 44.190811 ], [ 22.651596, 44.190669 ], [ 22.651503180000077, 44.190624950000142 ], [ 22.651477814000089, 44.190612793000071 ], [ 22.65105628900011, 44.190364838000107 ], [ 22.6508404920001, 44.190209634000041 ], [ 22.650669000000164, 44.190086000000122 ], [ 22.650406, 44.189818999000124 ], [ 22.650212983000188, 44.189620924000167 ], [ 22.650138856000183, 44.189544677000185 ], [ 22.649908065000147, 44.189228058000026 ], [ 22.649863419000042, 44.189097796000055 ], [ 22.649845, 44.189044 ], [ 22.649745955000071, 44.188754749 ], [ 22.649730360000092, 44.188665012000115 ], [ 22.64967727700008, 44.188358307000101 ], [ 22.649742314000036, 44.188108706000094 ], [ 22.649747925000042, 44.188087289 ], [ 22.649864196000181, 44.187820434000059 ], [ 22.650036416000034, 44.187688267000055 ], [ 22.650131, 44.187616 ], [ 22.650191810000081, 44.187569147000147 ], [ 22.650446001000091, 44.187386001000107 ], [ 22.650663000000179, 44.187287 ], [ 22.650749849000192, 44.187246816000027 ], [ 22.650796890000095, 44.187225341000101 ], [ 22.651143215000047, 44.187142032000054 ], [ 22.651352001000078, 44.187092000000177 ], [ 22.651540266000097, 44.187062028000184 ], [ 22.65195465100004, 44.186996460000103 ], [ 22.652151108000055, 44.186981202000084 ], [ 22.652637481000056, 44.186958314000151 ], [ 22.652956443000164, 44.186930296000128 ], [ 22.653202000000135, 44.186909000000128 ], [ 22.653556, 44.186871 ], [ 22.653881000000183, 44.186836000000142 ], [ 22.654445923000083, 44.186745507000012 ], [ 22.654524, 44.186733000000174 ], [ 22.655037, 44.186588 ], [ 22.655452000000139, 44.186379000000159 ], [ 22.655633615000113, 44.186287195000148 ], [ 22.655795448000106, 44.186005419000082 ], [ 22.655888000000118, 44.185844000000145 ], [ 22.655947269000137, 44.185486435000144 ], [ 22.655979, 44.185295 ], [ 22.656076, 44.184807000000148 ], [ 22.655964, 44.184453000000133 ], [ 22.655907001, 44.184272999000086 ], [ 22.655877295000039, 44.184164281000164 ], [ 22.655807, 44.183907 ], [ 22.655603, 44.183636 ], [ 22.655533, 44.183544 ], [ 22.655117000000132, 44.183029 ], [ 22.654558, 44.18251400000014 ], [ 22.654173000000185, 44.182144 ], [ 22.653845, 44.181793000000141 ], [ 22.653397, 44.181411999000147 ], [ 22.653059, 44.181007000000136 ], [ 22.652673, 44.180876000000126 ], [ 22.652577995000115, 44.180844090000164 ], [ 22.652542114000028, 44.180831909000119 ], [ 22.652038575000063, 44.180778504000045 ], [ 22.651460648000125, 44.180652618000124 ], [ 22.651359749, 44.180587793000029 ], [ 22.651093, 44.180415999000161 ], [ 22.65080290800006, 44.180207789000178 ], [ 22.650721, 44.180149 ], [ 22.650426, 44.179981000000168 ], [ 22.650152000000162, 44.179825 ], [ 22.649912163000124, 44.179729545000043 ], [ 22.649645322000026, 44.179625138 ], [ 22.649342000000104, 44.179586000000143 ], [ 22.649008, 44.179543000000137 ], [ 22.648541000000137, 44.17957 ], [ 22.648493, 44.179573000000175 ], [ 22.648408000000131, 44.179582 ], [ 22.648075000000119, 44.179619 ], [ 22.647703, 44.179787 ], [ 22.647516, 44.179925000000139 ], [ 22.647274629000037, 44.180104219000157 ], [ 22.647226308000029, 44.180147174000069 ], [ 22.647094725999978, 44.180263520000096 ], [ 22.64701251300005, 44.180313908000187 ], [ 22.646975588000089, 44.180336572999977 ], [ 22.646742000000131, 44.1806610000001 ], [ 22.64661400000017, 44.18084000000016 ], [ 22.646333712000114, 44.181229563000159 ], [ 22.646175, 44.18154 ], [ 22.646112112000026, 44.181663778000143 ], [ 22.645757676000017, 44.181949616000168 ], [ 22.645460129000185, 44.182128907000163 ], [ 22.644874572000163, 44.182273864000138 ], [ 22.644685614000139, 44.182296879000035 ], [ 22.644279, 44.182345999000177 ], [ 22.643959027000164, 44.182317502000046 ], [ 22.643639, 44.182289 ], [ 22.643015974000036, 44.182214023000085 ], [ 22.642941001000111, 44.182205000000124 ], [ 22.642835525000123, 44.182188482000186 ], [ 22.642162, 44.182083 ], [ 22.641850199000089, 44.182055743000149 ], [ 22.641345686000022, 44.181893697000078 ], [ 22.641246795000086, 44.181861877000074 ], [ 22.640846253000177, 44.181632996000076 ], [ 22.640596389000109, 44.181316377000087 ], [ 22.64057825600014, 44.181165508000106 ], [ 22.640569, 44.181087 ], [ 22.640549000000192, 44.18092 ], [ 22.640726, 44.180653000000177 ], [ 22.641068000000132, 44.180416 ], [ 22.6415310000001, 44.180134 ], [ 22.641664217000027, 44.180069464000042 ], [ 22.641981, 44.179916000000105 ], [ 22.642422, 44.179714000000104 ], [ 22.642813000000103, 44.179443 ], [ 22.643160001000126, 44.179106661000048 ], [ 22.643171, 44.179096000000129 ], [ 22.643318000000136, 44.178650000000175 ], [ 22.64338940600004, 44.17837747599998 ], [ 22.643427, 44.178234 ], [ 22.643648, 44.177895 ], [ 22.643899363, 44.177708912000128 ], [ 22.644086838000192, 44.177570344000173 ], [ 22.644685746000164, 44.177280425000106 ], [ 22.644815658000084, 44.177239234000126 ], [ 22.64491500000014, 44.177208 ], [ 22.645154093000087, 44.177132287000063 ], [ 22.645281174000047, 44.177096173000109 ], [ 22.645317000000148, 44.177086 ], [ 22.645580538000104, 44.177022256000157 ], [ 22.645933000000127, 44.17693700000018 ], [ 22.646255000000167, 44.176791 ], [ 22.646505, 44.176678 ], [ 22.646935, 44.176388 ], [ 22.647360000000106, 44.175949000000173 ], [ 22.647454, 44.175504000000103 ], [ 22.64745900000014, 44.17548 ], [ 22.647516, 44.174908000000187 ], [ 22.647503209000149, 44.174626595000063 ], [ 22.647491001, 44.17435800100003 ], [ 22.647286358000031, 44.173990695000043 ], [ 22.647179, 44.173798000000147 ], [ 22.647091481000189, 44.173665791000133 ], [ 22.646944000000133, 44.173443 ], [ 22.646505, 44.172878 ], [ 22.646329495000032, 44.172620493000181 ], [ 22.646154000000138, 44.172362999000029 ], [ 22.645962824000151, 44.172158555000124 ], [ 22.645765, 44.171947000000159 ], [ 22.645296, 44.171646000000123 ], [ 22.645114, 44.171551 ], [ 22.644945000000121, 44.171463 ], [ 22.644508, 44.171403 ], [ 22.64406, 44.171497 ], [ 22.643539000000146, 44.171642000000134 ], [ 22.643356, 44.171784000000173 ], [ 22.643280287000152, 44.171843212000056 ], [ 22.643199921000075, 44.171905518000074 ], [ 22.643047847000105, 44.171962820000033 ], [ 22.642959000000133, 44.171996 ], [ 22.64280500000018, 44.172054000000117 ], [ 22.642277000000149, 44.172222000000147 ], [ 22.641897, 44.172256000000118 ], [ 22.641584676999969, 44.172297746000027 ], [ 22.64149284400014, 44.172309875000053 ], [ 22.640647889000093, 44.1722297660001 ], [ 22.640141789000154, 44.172158197000101 ], [ 22.63994300000013, 44.17213 ], [ 22.639893001000189, 44.172122999000067 ], [ 22.639534018000063, 44.172028996000165 ], [ 22.639324000000101, 44.171974 ], [ 22.63911800000011, 44.17188700000014 ], [ 22.638982934000126, 44.171830038000053 ], [ 22.638574600000084, 44.171657562000178 ], [ 22.638048172000026, 44.171241760000044 ], [ 22.637693405000107, 44.170768738000163 ], [ 22.637735367000175, 44.170341492000148 ], [ 22.637920772000143, 44.170075347000079 ], [ 22.637935, 44.170055000000104 ], [ 22.637972000000104, 44.170002000000125 ], [ 22.638155000000154, 44.169863000000191 ], [ 22.638212, 44.169819 ], [ 22.638409347000163, 44.169526925000184 ], [ 22.638459247000014, 44.169453052 ], [ 22.638466261000076, 44.169394055 ], [ 22.638490784000055, 44.16907473100008 ], [ 22.638353, 44.168903000000171 ], [ 22.638218, 44.168736000000195 ], [ 22.637733, 44.16851800000012 ], [ 22.63767200000018, 44.168503000000101 ], [ 22.637109533000114, 44.168368328000156 ], [ 22.636867848000065, 44.168331969000064 ], [ 22.636661530000083, 44.168300629000157 ], [ 22.636651842000163, 44.168294228000036 ], [ 22.636542000000134, 44.168221 ], [ 22.636233178000168, 44.168017405000171 ], [ 22.636071, 44.167900000000145 ], [ 22.635675001000038, 44.167614 ], [ 22.635179999000115, 44.167354999000054 ], [ 22.634842986000024, 44.167359626000177 ], [ 22.634670000000142, 44.167362 ], [ 22.634266, 44.167667 ], [ 22.634129488000156, 44.167858016000025 ], [ 22.633992915000135, 44.168049131000146 ], [ 22.633958000000177, 44.168103 ], [ 22.633755, 44.168419 ], [ 22.633663492000153, 44.168625018000057 ], [ 22.633571810000035, 44.168831516000125 ], [ 22.633472, 44.169103000000177 ], [ 22.63339, 44.169327 ], [ 22.633022, 44.169788 ], [ 22.632662, 44.170200000000193 ], [ 22.632504000000154, 44.170298000000116 ], [ 22.632348997000179, 44.170394877000035 ], [ 22.632207871000048, 44.170482636000145 ], [ 22.631696702000113, 44.170722963 ], [ 22.63096618600008, 44.170814515000131 ], [ 22.630474795, 44.170788950000087 ], [ 22.630306001000065, 44.17078 ], [ 22.630196817000126, 44.170748515000184 ], [ 22.629713059000039, 44.17060852000003 ], [ 22.629102708000119, 44.17036056600017 ], [ 22.62883740500007, 44.170234422000192 ], [ 22.628740000000107, 44.170188 ], [ 22.628597000000184, 44.170120000000111 ], [ 22.628480008000111, 44.170048586000064 ], [ 22.628116607000152, 44.169826508000028 ], [ 22.62771987800005, 44.169612886000095 ], [ 22.627222062000101, 44.169269562000125 ], [ 22.62684249900002, 44.168926239000029 ], [ 22.626501084000154, 44.168502809000188 ], [ 22.626132966000057, 44.168071746000123 ], [ 22.625862121000125, 44.167598724000072 ], [ 22.625673295000126, 44.167083740000066 ], [ 22.625513077000164, 44.166652680000141 ], [ 22.62551449800003, 44.166599856 ], [ 22.625523, 44.166298009000172 ], [ 22.625624, 44.16581 ], [ 22.625753304000057, 44.165569864000076 ], [ 22.625813, 44.165459000000112 ], [ 22.625822501000187, 44.165325483000174 ], [ 22.625832000000173, 44.165192 ], [ 22.625806000000182, 44.164986 ], [ 22.625792249000028, 44.164879432000134 ], [ 22.625774384000067, 44.164737702000139 ], [ 22.625806402000023, 44.164476979000142 ], [ 22.625828, 44.164303 ], [ 22.62572299500016, 44.163875990000065 ], [ 22.625718599000152, 44.163866910000195 ], [ 22.625662000000148, 44.163750000000107 ], [ 22.625546381999982, 44.16351130400011 ], [ 22.625538, 44.163494 ], [ 22.6252080000001, 44.163124 ], [ 22.624697, 44.162853000000155 ], [ 22.624406000000135, 44.162733000000173 ], [ 22.624172000000158, 44.162636000000134 ], [ 22.623973, 44.162606000000153 ], [ 22.623528000000135, 44.16254 ], [ 22.62298, 44.162567000000138 ], [ 22.622452000000123, 44.1625820000001 ], [ 22.621878, 44.162548000000129 ], [ 22.621713480000153, 44.162418046000028 ], [ 22.621501943000112, 44.162250534000066 ], [ 22.621445000000108, 44.161789 ], [ 22.621495000000152, 44.161631000000114 ], [ 22.621520254000131, 44.161549696000122 ], [ 22.621536256000013, 44.161499023000147 ], [ 22.621950083000058, 44.160987937000129 ], [ 22.62223085100004, 44.160774114000105 ], [ 22.622737885000049, 44.160587311000029 ], [ 22.623249054000155, 44.160461427000087 ], [ 22.623446828, 44.160397880000062 ], [ 22.623506000000134, 44.160379 ], [ 22.623828586000172, 44.160275772000091 ], [ 22.624142996000046, 44.160006068000143 ], [ 22.624186, 44.159969000000103 ], [ 22.624280949000024, 44.159614724000107 ], [ 22.624187470000038, 44.159126281999988 ], [ 22.624130250000064, 44.158653260000108 ], [ 22.624189378000153, 44.158271789000082 ], [ 22.62445640500016, 44.15803527800017 ], [ 22.624877930000139, 44.15784835900007 ], [ 22.625600814000052, 44.157703400000059 ], [ 22.626340945000095, 44.157958993000136 ], [ 22.626361, 44.157960000000116 ], [ 22.626452069000095, 44.157964337000067 ], [ 22.627054214000054, 44.157993316000045 ], [ 22.627349446000153, 44.15805974400007 ], [ 22.627687, 44.158136000000127 ], [ 22.6278165760001, 44.158164905000149 ], [ 22.62792700000017, 44.158214 ], [ 22.628160986000182, 44.158316905000106 ], [ 22.628309251000076, 44.158382416999984 ], [ 22.628765107000163, 44.158649445000094 ], [ 22.628932884000051, 44.158766023000112 ], [ 22.629171, 44.158932000000107 ], [ 22.629568, 44.159157001000153 ], [ 22.629735116000177, 44.159243343000185 ], [ 22.629988000000139, 44.159374001000174 ], [ 22.630208327000162, 44.159424424000179 ], [ 22.63039, 44.159466 ], [ 22.630506581000191, 44.159446389000095 ], [ 22.630711000000133, 44.159412 ], [ 22.630812000000105, 44.159366000000148 ], [ 22.630951, 44.159302000000139 ], [ 22.630957, 44.158905000000175 ], [ 22.630887993000101, 44.158339940000133 ], [ 22.630869, 44.158186000000171 ], [ 22.630838064000159, 44.15794109300009 ], [ 22.630821228000173, 44.157806397000115 ], [ 22.630840302000138, 44.157360077000135 ], [ 22.630901337000125, 44.156986237000126 ], [ 22.630907058000162, 44.156623840000066 ], [ 22.630917096000132, 44.156571635000091 ], [ 22.630990679000092, 44.156190033000144 ], [ 22.63099300000016, 44.156178000000125 ], [ 22.631032960000084, 44.15574643400015 ], [ 22.6312541960001, 44.155387879000045 ], [ 22.631315, 44.155337 ], [ 22.631544000000133, 44.155144 ], [ 22.631609427000114, 44.155099171000131 ], [ 22.631868363000024, 44.1549224850001 ], [ 22.632284165000158, 44.154785156000173 ], [ 22.632696151000118, 44.154682159000117 ], [ 22.632881165000185, 44.154636384000128 ], [ 22.633520127000111, 44.154655457 ], [ 22.633768060000079, 44.154686257000094 ], [ 22.633893000000114, 44.154702 ], [ 22.634134000000188, 44.154732 ], [ 22.634243445000095, 44.154771581000034 ], [ 22.634546000000171, 44.154881001000035 ], [ 22.634726000000114, 44.154980000000137 ], [ 22.634886, 44.155067 ], [ 22.635164934000045, 44.155176001000086 ], [ 22.635298, 44.155228 ], [ 22.635463000000186, 44.155268000000149 ], [ 22.635658000000149, 44.155315000000144 ], [ 22.635874687000069, 44.155323416000101 ], [ 22.635966999000061, 44.15532700100016 ], [ 22.636475, 44.155136 ], [ 22.63660746000005, 44.15488812000018 ], [ 22.636646, 44.154816001000142 ], [ 22.636650852000059, 44.154776853000101 ], [ 22.636690000000101, 44.154461 ], [ 22.636663000000169, 44.153805 ], [ 22.636561, 44.153354 ], [ 22.636549001000049, 44.15330099900001 ], [ 22.636535361000028, 44.153075617000013 ], [ 22.636528, 44.152954000000193 ], [ 22.636513, 44.152916 ], [ 22.636377000000152, 44.152580000000171 ], [ 22.63606586200018, 44.152190881000195 ], [ 22.63564657500018, 44.15182739800008 ], [ 22.635540436000042, 44.151757216000135 ], [ 22.635221001000161, 44.151546 ], [ 22.635087858000077, 44.151439054999969 ], [ 22.634789000000183, 44.151199000000133 ], [ 22.634785, 44.150986 ], [ 22.634683000000109, 44.150486000000114 ], [ 22.634654842000089, 44.150348495000173 ], [ 22.634618000000103, 44.150231000000133 ], [ 22.63448, 44.149792 ], [ 22.634323, 44.149419 ], [ 22.634258000000159, 44.149265000000128 ], [ 22.634052000000167, 44.148804 ], [ 22.633826000000113, 44.148476 ], [ 22.633798887000069, 44.148437665000188 ], [ 22.633750334000069, 44.148292707000053 ], [ 22.633661269000072, 44.148025512000061 ], [ 22.633501054000021, 44.147571563000099 ], [ 22.633501620000061, 44.147544110000013 ], [ 22.633502000000135, 44.147527 ], [ 22.633509000000174, 44.147202000000163 ], [ 22.633577000000116, 44.146923000000186 ], [ 22.633602, 44.146820000000162 ], [ 22.633783000000108, 44.146412000000169 ], [ 22.633907, 44.145935000000122 ], [ 22.633905, 44.145716000000107 ], [ 22.633902, 44.14543500700006 ], [ 22.633907393000186, 44.145392774000186 ], [ 22.633955001, 44.145020000999978 ], [ 22.634104001000082, 44.144669000000192 ], [ 22.634074376000058, 44.144423982000148 ], [ 22.634056000000101, 44.144272 ], [ 22.634032383000033, 44.14414121700014 ], [ 22.633963, 44.143757 ], [ 22.633592971000098, 44.143333000000155 ], [ 22.633085, 44.143328 ], [ 22.632982438000113, 44.143327096000178 ], [ 22.63285827600015, 44.143325806000064 ], [ 22.632188797000083, 44.143222809000179 ], [ 22.631591797000056, 44.14309692300003 ], [ 22.631569068000033, 44.143089529000122 ], [ 22.63119266200016, 44.142966896000019 ], [ 22.631015410000089, 44.142911602000083 ], [ 22.630632000000162, 44.142792000000156 ], [ 22.630491363000147, 44.142749753000089 ], [ 22.629878766000161, 44.142565761000128 ], [ 22.62958900000018, 44.142481000000146 ], [ 22.629202000000134, 44.142368 ], [ 22.628473, 44.142223000000115 ], [ 22.628052, 44.141993999000078 ], [ 22.627699347000089, 44.141400944000168 ], [ 22.627653001000112, 44.141323000000114 ], [ 22.627258001000143, 44.14068600000013 ], [ 22.62692845000015, 44.140088924000111 ], [ 22.626724, 44.139815 ], [ 22.626528, 44.139553 ], [ 22.626414, 44.139375 ], [ 22.626293000000146, 44.139187000000106 ], [ 22.625879000000168, 44.138580000000161 ], [ 22.625824, 44.138482 ], [ 22.625546467000106, 44.137989378000157 ], [ 22.625538136000046, 44.137977067000065 ], [ 22.625184, 44.137498000000164 ], [ 22.625152447000175, 44.137455403999979 ], [ 22.625123977000158, 44.137416840000185 ], [ 22.625032395, 44.137254147000135 ], [ 22.62479912900011, 44.136839992000091 ], [ 22.624438477000069, 44.136422138000114 ], [ 22.624427985000125, 44.136409978000188 ], [ 22.624392222999973, 44.136359217000177 ], [ 22.624006272000145, 44.135810852000191 ], [ 22.623864220000087, 44.135491480000042 ], [ 22.623729597000079, 44.135188462000031 ], [ 22.623518, 44.134906000000115 ], [ 22.623457131000066, 44.134824841000068 ], [ 22.623287201000039, 44.13459777800017 ], [ 22.62315229800015, 44.134324513000195 ], [ 22.62299, 44.133995 ], [ 22.622800460000178, 44.133692670000073 ], [ 22.622543335000159, 44.13328170799997 ], [ 22.622415387000046, 44.132977345000143 ], [ 22.622401, 44.132943 ], [ 22.622292, 44.132683 ], [ 22.622061, 44.132161000000167 ], [ 22.62199915400015, 44.13202184700009 ], [ 22.621969224000168, 44.131954194000116 ], [ 22.621677398000145, 44.131126405000089 ], [ 22.621435166000026, 44.130443573000093 ], [ 22.62118721000013, 44.129882812000119 ], [ 22.620897292999985, 44.129058838000162 ], [ 22.620716095000091, 44.128425598000035 ], [ 22.620487214000093, 44.127857209000126 ], [ 22.620446671000025, 44.127721778000023 ], [ 22.620402000000126, 44.1275720000001 ], [ 22.620307868000168, 44.127257646000032 ], [ 22.620238328000084, 44.127070353000079 ], [ 22.620008469000027, 44.126449586000092 ], [ 22.619661331000088, 44.125579835000167 ], [ 22.619464255000082, 44.124965077000127 ], [ 22.619406, 44.124783 ], [ 22.61939871800007, 44.124764494000146 ], [ 22.619188083000154, 44.124229182000079 ], [ 22.619068145000028, 44.123924255000134 ], [ 22.619031130000053, 44.123809339000047 ], [ 22.618813001000035, 44.123131000000171 ], [ 22.618658511000035, 44.122772526000176 ], [ 22.618502750000061, 44.122411368000144 ], [ 22.618351917000098, 44.12209357100005 ], [ 22.61815834000015, 44.121685028000059 ], [ 22.618094482000174, 44.121419768000123 ], [ 22.61801000000014, 44.121066999000163 ], [ 22.617743, 44.120341999000061 ], [ 22.617434, 44.119362 ], [ 22.617316, 44.119024000000138 ], [ 22.617188000000169, 44.118656000000101 ], [ 22.617097568000133, 44.118260458000066 ], [ 22.617073, 44.118153 ], [ 22.616966720000107, 44.117925129000128 ], [ 22.616955, 44.1179 ], [ 22.616690000000176, 44.117332000000147 ], [ 22.616523, 44.116876 ], [ 22.616451, 44.11668 ], [ 22.616307, 44.116298 ], [ 22.616169, 44.1159320000001 ], [ 22.61606023700017, 44.115625884 ], [ 22.615894, 44.115157999000132 ], [ 22.615791304000027, 44.114918610000132 ], [ 22.615601, 44.114475 ], [ 22.61537600000014, 44.113831000000175 ], [ 22.61533347600016, 44.113710515000093 ], [ 22.615322112000115, 44.113677980000148 ], [ 22.614994049000074, 44.112728120000043 ], [ 22.614719391000108, 44.111930847999986 ], [ 22.614450454000121, 44.111286163000045 ], [ 22.614227296000138, 44.110759734999988 ], [ 22.614200046000178, 44.11066486500016 ], [ 22.614176000000157, 44.110580000000141 ], [ 22.614103515000124, 44.110380041000042 ], [ 22.614031, 44.110179999000195 ], [ 22.613846, 44.109631000000149 ], [ 22.613596001000019, 44.108955000000151 ], [ 22.613297001000149, 44.108231000000103 ], [ 22.613028001000089, 44.107334000000151 ], [ 22.612791344000186, 44.106707410000183 ], [ 22.612747192000086, 44.106590270000083 ], [ 22.612708484000052, 44.106482508000056 ], [ 22.612594000000172, 44.106163 ], [ 22.612509, 44.105927 ], [ 22.612450007000064, 44.105614036000134 ], [ 22.612391001000162, 44.1053010010001 ], [ 22.612260385000184, 44.104938307000111 ], [ 22.612167359000125, 44.104679108000028 ], [ 22.612146186000075, 44.104386198000157 ], [ 22.612122001000103, 44.104046 ], [ 22.612146, 44.103698 ], [ 22.612151974000028, 44.103607388000171 ], [ 22.612060696000128, 44.103089611000087 ], [ 22.612046836000047, 44.103011140000035 ], [ 22.611973000000148, 44.102623000000108 ], [ 22.61191, 44.10229100000015 ], [ 22.611669487000142, 44.101709044000131 ], [ 22.611605, 44.101463 ], [ 22.611595639000086, 44.10142739500003 ], [ 22.611549378000063, 44.101249695000092 ], [ 22.611548503999984, 44.101118499000052 ], [ 22.611548000000141, 44.100985 ], [ 22.611546001000079, 44.100676999000086 ], [ 22.611571, 44.100260000000162 ], [ 22.611574945000143, 44.100188991000039 ], [ 22.611576079000088, 44.100170137000077 ], [ 22.611583866999979, 44.100137256000153 ], [ 22.611613, 44.100016 ], [ 22.611662000000138, 44.099808 ], [ 22.611828, 44.099434 ], [ 22.611881431000086, 44.099318703000165 ], [ 22.611980000000187, 44.099106 ], [ 22.612232, 44.098667000000148 ], [ 22.612436, 44.098145000000159 ], [ 22.612531000000104, 44.097965000000158 ], [ 22.612688807000097, 44.097665845 ], [ 22.612694001000023, 44.097656 ], [ 22.613060000000189, 44.097172000000114 ], [ 22.613306000000136, 44.096581 ], [ 22.613466978000133, 44.096418137000171 ], [ 22.613733293000053, 44.096149446000027 ], [ 22.61387634600004, 44.096009797000136 ], [ 22.613906, 44.095981000000165 ], [ 22.614053044000116, 44.095837930000187 ], [ 22.614391000000182, 44.095552000000168 ], [ 22.614466763000166, 44.09548728600015 ], [ 22.614486693000174, 44.095470429000102 ], [ 22.615135193000185, 44.095146179000096 ], [ 22.615695952000124, 44.094753265000065 ], [ 22.616283416999977, 44.094360352000137 ], [ 22.616635268000039, 44.094120514000053 ], [ 22.616789000000153, 44.094016 ], [ 22.617026899000052, 44.093893062000063 ], [ 22.617348510000113, 44.093728146000103 ], [ 22.61738, 44.093712000000153 ], [ 22.617449447000183, 44.093677809000098 ], [ 22.618032455000105, 44.093391419 ], [ 22.618698120000033, 44.093025207000096 ], [ 22.618917742000065, 44.09297993399997 ], [ 22.619288000000154, 44.092904 ], [ 22.619567137999979, 44.092846179000048 ], [ 22.619712000000106, 44.092803000000117 ], [ 22.620081, 44.092693 ], [ 22.620237, 44.09224300000011 ], [ 22.620159000000115, 44.091343000000109 ], [ 22.620111001000168, 44.09051499900005 ], [ 22.620121043000097, 44.090151206000087 ], [ 22.620128997000052, 44.089862931000084 ], [ 22.620101418000161, 44.089133494000066 ], [ 22.620100021000098, 44.089096070000153 ], [ 22.620031358000062, 44.088542939000149 ], [ 22.619974379000041, 44.087931181000158 ], [ 22.619959000999984, 44.087765000000161 ], [ 22.619944, 44.087284000000125 ], [ 22.619944, 44.086758001000078 ], [ 22.619923000000142, 44.086299000000167 ], [ 22.619911, 44.086051999000063 ], [ 22.619910305000076, 44.086031693000166 ], [ 22.61989, 44.085438000000181 ], [ 22.619807600000172, 44.085108400000081 ], [ 22.619786780000027, 44.085025460000168 ], [ 22.619591000000185, 44.084546000000103 ], [ 22.619562, 44.084476000000166 ], [ 22.619316040000172, 44.083946086000026 ], [ 22.619109905000073, 44.083395824000149 ], [ 22.619083000000103, 44.083324 ], [ 22.618829, 44.08276700000016 ], [ 22.618822071000068, 44.082752151000079 ], [ 22.618800404000126, 44.082692151000117 ], [ 22.618598882000185, 44.082133790000171 ], [ 22.618473330000086, 44.081909754000094 ], [ 22.618329412999969, 44.081648950000044 ], [ 22.618325, 44.081611 ], [ 22.618294022000157, 44.081367170000135 ], [ 22.618336757000066, 44.081314324000061 ], [ 22.618544001000146, 44.081059 ], [ 22.618576624000127, 44.081028016000175 ], [ 22.618902, 44.080719000000158 ], [ 22.618942000000118, 44.080681 ], [ 22.619192, 44.080383 ], [ 22.619206241000086, 44.080241130000047 ], [ 22.619246, 44.079845001000081 ], [ 22.619238346000145, 44.079783655000142 ], [ 22.619177, 44.079292 ], [ 22.619057515000179, 44.078732479000053 ], [ 22.619032000000118, 44.078613000000189 ], [ 22.618949, 44.078311 ], [ 22.618841000000145, 44.077923000000112 ], [ 22.618637000000149, 44.077429000000109 ], [ 22.618557, 44.077236 ], [ 22.618519356000149, 44.077135242000111 ], [ 22.618322, 44.076607000000138 ], [ 22.618046000000106, 44.07610000000011 ], [ 22.617981, 44.075981000000183 ], [ 22.617888176000179, 44.075844647000167 ], [ 22.617659, 44.075508000000127 ], [ 22.617378, 44.075130000000115 ], [ 22.617217, 44.074989000000187 ], [ 22.616930000000139, 44.074738 ], [ 22.616672000000108, 44.074551000000156 ], [ 22.616525650000028, 44.074447725000084 ], [ 22.616321849000144, 44.074356905000172 ], [ 22.616076792000058, 44.07424770200015 ], [ 22.616064, 44.074242 ], [ 22.615692, 44.074074000000167 ], [ 22.615531555000132, 44.074011631000019 ], [ 22.615337000000125, 44.073936000000117 ], [ 22.615026000000114, 44.073829000000103 ], [ 22.614958690000094, 44.073805883000091 ], [ 22.614728927000158, 44.073726655000087 ], [ 22.61459935, 44.073666714000183 ], [ 22.614372, 44.073561000000154 ], [ 22.614168, 44.073467 ], [ 22.6140108190001, 44.073406295000041 ], [ 22.613733005000029, 44.073299002000169 ], [ 22.613590241000111, 44.073097228000165 ], [ 22.613670350000064, 44.07278442400019 ], [ 22.613851072999978, 44.072520292000036 ], [ 22.61396800000017, 44.072350000000142 ], [ 22.614115, 44.072054000000151 ], [ 22.614230851000173, 44.071819301000176 ], [ 22.614429000000143, 44.071259000000111 ], [ 22.614533, 44.07099 ], [ 22.61463, 44.070736000000181 ], [ 22.614811, 44.070430000000101 ], [ 22.614847717000032, 44.070367057000112 ], [ 22.614852905000134, 44.070358277000082 ], [ 22.614866490000111, 44.07034079500005 ], [ 22.614922, 44.070270000000164 ], [ 22.615099000000157, 44.070042000000115 ], [ 22.615455000000111, 44.069797000000108 ], [ 22.61565392600005, 44.06971035100014 ], [ 22.615966797000112, 44.069576263000044 ], [ 22.616474151000148, 44.06939697200005 ], [ 22.616531319000103, 44.069383421000111 ], [ 22.616989, 44.069275 ], [ 22.617064523000124, 44.069251424000072 ], [ 22.617540359000088, 44.069103241000164 ], [ 22.618162155, 44.068984986000089 ], [ 22.618749618000038, 44.068836213000111 ], [ 22.618870683000182, 44.068808494000052 ], [ 22.619316, 44.068707000000188 ], [ 22.619877, 44.068516000000159 ], [ 22.620159198000124, 44.06837813900006 ], [ 22.620487, 44.068218 ], [ 22.62108000000012, 44.068027 ], [ 22.621658000000139, 44.067829000000188 ], [ 22.622072000000117, 44.067539000000181 ], [ 22.62218200000018, 44.067406000000176 ], [ 22.622348948000138, 44.067203834000111 ], [ 22.622291000000132, 44.06701900000013 ], [ 22.62226100200013, 44.066925008000169 ], [ 22.621721, 44.066669000000104 ], [ 22.621161, 44.066326000000174 ], [ 22.620668000000137, 44.065929000000153 ], [ 22.620194426000012, 44.065648533000171 ], [ 22.620153426000172, 44.065624238000169 ], [ 22.620134540000038, 44.065607877000161 ], [ 22.620074, 44.065555000000131 ], [ 22.619797000000176, 44.065315000000169 ], [ 22.619555486000081, 44.065160491000086 ], [ 22.619314, 44.065005999000107 ], [ 22.619082526000057, 44.064844018000088 ], [ 22.618851, 44.064682 ], [ 22.618672000000174, 44.064554000000101 ], [ 22.618358101000069, 44.064331825000068 ], [ 22.617998, 44.064138000000128 ], [ 22.617853001000185, 44.06406 ], [ 22.617505215, 44.063766361000035 ], [ 22.617126000000155, 44.063563000000158 ], [ 22.617106411000066, 44.063552500000185 ], [ 22.617000581000184, 44.063495636000084 ], [ 22.616613388000189, 44.063175201000149 ], [ 22.616565385000058, 44.063069767000115 ], [ 22.616494000000102, 44.062912 ], [ 22.616400001000045, 44.062706000000105 ], [ 22.616338994000046, 44.062419972999976 ], [ 22.616278, 44.062134 ], [ 22.616274, 44.061634 ], [ 22.616301000000135, 44.061134 ], [ 22.616292000000101, 44.0607 ], [ 22.616290692000177, 44.060639846000072 ], [ 22.616289138000184, 44.060562133000133 ], [ 22.616287232000047, 44.060077668000076 ], [ 22.616392135000126, 44.059593201000041 ], [ 22.616476059000149, 44.059200287000067 ], [ 22.616699009000115, 44.058822989000078 ], [ 22.616930000000139, 44.05851 ], [ 22.617201000000136, 44.058083 ], [ 22.617389, 44.05783 ], [ 22.617561, 44.057598 ], [ 22.617694172000085, 44.057240493000108 ], [ 22.61770901400007, 44.057200589000161 ], [ 22.617352, 44.057030000000168 ], [ 22.617064, 44.057046 ], [ 22.616822996000167, 44.057060000000149 ], [ 22.616559000000166, 44.0570570000001 ], [ 22.61612610200001, 44.057053871999983 ], [ 22.615586675000088, 44.057121953000035 ], [ 22.61541080100011, 44.057143951000114 ], [ 22.614968864000048, 44.057125626000072 ], [ 22.61459200000013, 44.057110000000193 ], [ 22.614330000000109, 44.057120000000168 ], [ 22.613815231000046, 44.057139487000086 ], [ 22.613348976000111, 44.057075873000144 ], [ 22.613152000000184, 44.05704900000012 ], [ 22.61264, 44.057030000000168 ], [ 22.612046000000134, 44.057005 ], [ 22.6119920000001, 44.057003 ], [ 22.611938, 44.056995 ], [ 22.611741450000181, 44.05696724500001 ], [ 22.611591340000189, 44.05694580100004 ], [ 22.611341389000188, 44.056838952000192 ], [ 22.611092001000145, 44.056732000000181 ], [ 22.610936677000097, 44.056662383000059 ], [ 22.610590000000116, 44.056507 ], [ 22.610066569000026, 44.056292825000185 ], [ 22.609881919000031, 44.056217713000194 ], [ 22.60971300000017, 44.056149000000119 ], [ 22.609456316000092, 44.056072641000071 ], [ 22.609275998999976, 44.056018999000116 ], [ 22.60916779400003, 44.055993708000017 ], [ 22.608784, 44.055904 ], [ 22.60849599200003, 44.055887 ], [ 22.608208, 44.05587 ], [ 22.607861510000134, 44.055856500000061 ], [ 22.607513775000029, 44.055843022000033 ], [ 22.607063755000127, 44.055850637 ], [ 22.606805801000064, 44.055854798000098 ], [ 22.606701408000049, 44.055855872000166 ], [ 22.606566, 44.055857000000117 ], [ 22.606064, 44.055862000000161 ], [ 22.605211, 44.05582800000019 ], [ 22.604821, 44.055766 ], [ 22.604615338000087, 44.05573361900008 ], [ 22.604585647000079, 44.055728912000177 ], [ 22.604502395000111, 44.055714830000056 ] ] ] ] } },
{ "type": "Feature", "properties": { "fid": 144, "GID_2": "SRB.23.1_1", "GID_0": "SRB", "COUNTRY": "Serbia", "GID_1": "SRB.23_1", "NAME_1": "Zaječarski", "NL_NAME_1": "Зајечарски", "NAME_2": "Boljevac", "VARNAME_2": "NA", "NL_NAME_2": "Бољевац", "TYPE_2": "Opštine", "ENGTYPE_2": "Town|Municipal", "CC_2": "NA", "HASC_2": "NA" }, "geometry": { "type": "MultiPolygon", "coordinates": [ [ [ [ 21.772457124000027, 43.991867067000044 ], [ 21.778247833000023, 43.991046906000179 ], [ 21.790615082000159, 43.98885345500014 ], [ 21.793157578000034, 43.988578797000116 ], [ 21.79561233600009, 43.988601684000173 ], [ 21.798881532000053, 43.989227295000148 ], [ 21.806407929000102, 43.99180221600011 ], [ 21.810468674999981, 43.992877961000033 ], [ 21.813468933000081, 43.993167878000122 ], [ 21.816511153000079, 43.993019103000165 ], [ 21.82118034400014, 43.991950988000156 ], [ 21.829053878000025, 43.988742828000113 ], [ 21.831392288000075, 43.988021851000042 ], [ 21.833826065000096, 43.98748397900016 ], [ 21.837812424000163, 43.987010957000109 ], [ 21.841869354000096, 43.986885071000131 ], [ 21.845893860000047, 43.987052918000074 ], [ 21.8497734070001, 43.987586976000046 ], [ 21.863815307000039, 43.991336822000164 ], [ 21.870773316000111, 43.99251175 ], [ 21.873624802000165, 43.992481233000092 ], [ 21.877613069000176, 43.991756439000142 ], [ 21.884584428000096, 43.990074158000141 ], [ 21.893604278000169, 43.988605499000016 ], [ 21.895669937000093, 43.988105773000086 ], [ 21.897520064000162, 43.987400055000137 ], [ 21.899633408000057, 43.985992432000103 ], [ 21.905584335000128, 43.980545044000053 ], [ 21.909025193000048, 43.976657867000029 ], [ 21.910776138000074, 43.973403931000064 ], [ 21.911706924000157, 43.972183227000187 ], [ 21.913803100000052, 43.970874786000195 ], [ 21.922496795000029, 43.968341827000131 ], [ 21.926261900999975, 43.966381073000036 ], [ 21.931781769, 43.962249756000119 ], [ 21.938575745000094, 43.955814362000183 ], [ 21.940530777000049, 43.95419311600017 ], [ 21.942199708000032, 43.953216553000061 ], [ 21.950412750000112, 43.949138642000094 ], [ 21.9533290870001, 43.947830201000102 ], [ 21.955564499000161, 43.947101594000117 ], [ 21.957935333000023, 43.946559906000061 ], [ 21.961887360000048, 43.946037291999971 ], [ 21.969995498000173, 43.945388794000166 ], [ 21.973897933000046, 43.944820405000144 ], [ 21.978372573000058, 43.943439485000056 ], [ 21.983852387000184, 43.940555572000108 ], [ 21.985940933000109, 43.939682007000044 ], [ 21.98814392100013, 43.938961029999973 ], [ 21.997901916000103, 43.936561585000163 ], [ 22.00092888000006, 43.936523438000108 ], [ 22.003519059000041, 43.937351227000136 ], [ 22.005113601000176, 43.93837738000019 ], [ 22.008535386000062, 43.941490174000194 ], [ 22.010318757000107, 43.943489075000116 ], [ 22.015949249000016, 43.950798035000162 ], [ 22.018043519000116, 43.952178955000193 ], [ 22.019929885000067, 43.952682496000023 ], [ 22.024993897000172, 43.95296096900006 ], [ 22.027988433000132, 43.952831268000068 ], [ 22.030874253000036, 43.952476501000149 ], [ 22.032846450000022, 43.951999664000027 ], [ 22.034530639000025, 43.951263429000107 ], [ 22.036241532000076, 43.949737550000066 ], [ 22.037414551999973, 43.947795869000117 ], [ 22.040021897000145, 43.941448212000068 ], [ 22.041723251000064, 43.939220430000148 ], [ 22.047985077000192, 43.93296051100009 ], [ 22.049501418000148, 43.930809021000073 ], [ 22.050191878000078, 43.928806303999977 ], [ 22.050394058000109, 43.924068452000029 ], [ 22.050796509000122, 43.922576904999971 ], [ 22.051595689000123, 43.921142578000058 ], [ 22.05501556400003, 43.917304993000073 ], [ 22.056022644000052, 43.915779114000031 ], [ 22.057405471000152, 43.911949157000095 ], [ 22.058795929000098, 43.905292510000095 ], [ 22.059743881000031, 43.903247834000013 ], [ 22.061193466000134, 43.901519776000043 ], [ 22.062614440000118, 43.90052795400004 ], [ 22.066749572000163, 43.898357392000037 ], [ 22.072034837000047, 43.896244049000074 ], [ 22.077632904000041, 43.894680023000149 ], [ 22.095384598000123, 43.889041901000155 ], [ 22.101074220000157, 43.887569427000187 ], [ 22.103578567000113, 43.886585235999974 ], [ 22.111013413000137, 43.881309509 ], [ 22.117528916000026, 43.87769317700014 ], [ 22.121725083000058, 43.87563705499997 ], [ 22.123107910000158, 43.870922089000146 ], [ 22.123655318000147, 43.867961883000191 ], [ 22.12348556500001, 43.865608215000123 ], [ 22.122804641000187, 43.863903046000189 ], [ 22.121643066000104, 43.862411498000029 ], [ 22.120040894000056, 43.861171723000041 ], [ 22.116306304000148, 43.859279634000075 ], [ 22.114377976000071, 43.858570098000143 ], [ 22.106641769000078, 43.85661697400019 ], [ 22.104833603000088, 43.855892182000105 ], [ 22.102655411000114, 43.854377747000115 ], [ 22.100246429000151, 43.851947785000164 ], [ 22.098110199000132, 43.850265504000106 ], [ 22.096265792, 43.849288941000054 ], [ 22.084840774000099, 43.84506225500013 ], [ 22.081054687000062, 43.843410493000022 ], [ 22.077070235000122, 43.841320037000116 ], [ 22.063644409000176, 43.830799102000071 ], [ 22.061603546000129, 43.828681945000142 ], [ 22.059425353000165, 43.825366975000122 ], [ 22.058860779000156, 43.824005128000181 ], [ 22.058689117000142, 43.822109222000165 ], [ 22.059316636000119, 43.820346831999984 ], [ 22.060739517000172, 43.819007874000079 ], [ 22.062295913000128, 43.818443298000091 ], [ 22.064165115000094, 43.818183898000086 ], [ 22.066930770000056, 43.818229675000055 ], [ 22.074895858000048, 43.819202423000092 ], [ 22.078853606000109, 43.819404603000123 ], [ 22.086784363000049, 43.819213867000144 ], [ 22.090557097000101, 43.818641662000118 ], [ 22.09265708800001, 43.818073273000095 ], [ 22.099117278000051, 43.815570831000173 ], [ 22.101823807000073, 43.814067840000064 ], [ 22.105794906000085, 43.811161042000094 ], [ 22.111877441000047, 43.804420471000014 ], [ 22.113010407000161, 43.802547455000138 ], [ 22.113645554000072, 43.80044555700016 ], [ 22.113765717000149, 43.798278808000191 ], [ 22.113435744000128, 43.796119689000136 ], [ 22.109882355000025, 43.784320831000173 ], [ 22.105623246000107, 43.776447297000118 ], [ 22.103059768000094, 43.770057678000171 ], [ 22.099826812000117, 43.765262603000167 ], [ 22.097982407000188, 43.76328277600004 ], [ 22.089776993000044, 43.755931854000039 ], [ 22.08747100800008, 43.754299164000145 ], [ 22.084802628000148, 43.752956391000168 ], [ 22.080205917, 43.751632690000179 ], [ 22.070692062000035, 43.750244142000042 ], [ 22.068286896000131, 43.749694824000017 ], [ 22.066022873000122, 43.748962402000188 ], [ 22.063285827000186, 43.747676849000129 ], [ 22.060911178000083, 43.746139527000139 ], [ 22.058994293000183, 43.744419099000083 ], [ 22.057746887000178, 43.742553712000188 ], [ 22.057474137000156, 43.741626741000118 ], [ 22.057252884000093, 43.735752106000177 ], [ 22.056205750000117, 43.732124328 ], [ 22.05519294700008, 43.730030060000104 ], [ 22.052877426000066, 43.727268220000042 ], [ 22.039104461000079, 43.713779451000164 ], [ 22.036323548000155, 43.713485717000026 ], [ 22.033603668000183, 43.713283540000077 ], [ 22.032798768000191, 43.71316528400007 ], [ 22.032102585000018, 43.712951660000158 ], [ 22.031490327000029, 43.712554931000057 ], [ 22.031007767000062, 43.712047577000192 ], [ 22.030626296000037, 43.711475373000098 ], [ 22.030353546000185, 43.710865022000121 ], [ 22.030199051000125, 43.71017456200002 ], [ 22.030044556000178, 43.708786012000076 ], [ 22.029897690000098, 43.708137512000064 ], [ 22.029582977000132, 43.707561492000025 ], [ 22.029054642000176, 43.707130432000042 ], [ 22.02613449100005, 43.705642700000055 ], [ 22.024730683000087, 43.70474624700006 ], [ 22.021333694000134, 43.702411651000148 ], [ 22.019908904000033, 43.701541900000052 ], [ 22.009904861000166, 43.696647643000176 ], [ 21.992752074000123, 43.69704437200005 ], [ 21.988185883000085, 43.696502686000031 ], [ 21.98233413600002, 43.694576264000148 ], [ 21.980258941000045, 43.694175720000032 ], [ 21.966369628000052, 43.693260194000118 ], [ 21.964460373000065, 43.693389893000131 ], [ 21.962715149000076, 43.69383239800004 ], [ 21.960552215000178, 43.695091248000097 ], [ 21.95800972100011, 43.697315216999982 ], [ 21.955713271000036, 43.698921204000101 ], [ 21.948734284000125, 43.702613830000075 ], [ 21.946216583000137, 43.704246522000176 ], [ 21.943218231000174, 43.706573486000138 ], [ 21.940572739000118, 43.709102631000064 ], [ 21.930438994000042, 43.722244263000107 ], [ 21.927892685000131, 43.726196290000189 ], [ 21.927026749000049, 43.728782654000099 ], [ 21.925504685000078, 43.73701477000003 ], [ 21.924520492000056, 43.73902511600005 ], [ 21.92299080000015, 43.740715028000125 ], [ 21.921470642000145, 43.741672516000108 ], [ 21.913890839000146, 43.745300293000128 ], [ 21.910625458000027, 43.747428895000041 ], [ 21.907287597000163, 43.750034332000041 ], [ 21.90392494200006, 43.752098084000124 ], [ 21.887512207000157, 43.758377076000045 ], [ 21.882125855000027, 43.759979248000093 ], [ 21.879434586000173, 43.760189056000058 ], [ 21.876691818000097, 43.759906770000157 ], [ 21.874187470000152, 43.759201049000126 ], [ 21.866651535000074, 43.756473541000048 ], [ 21.863746644000116, 43.755687714000089 ], [ 21.861700058000054, 43.75543594300018 ], [ 21.859596252000074, 43.755428315000074 ], [ 21.85256767300001, 43.756004334000181 ], [ 21.849506379000047, 43.755962372000113 ], [ 21.846477509000067, 43.755661011000143 ], [ 21.836416244000077, 43.753501892000088 ], [ 21.821815491000052, 43.748359681000125 ], [ 21.818181991000131, 43.747680664000029 ], [ 21.806695938000018, 43.746631623000155 ], [ 21.803035736000083, 43.745990753000058 ], [ 21.795000075000189, 43.743583680000143 ], [ 21.792007447000174, 43.743133546000195 ], [ 21.788936616000058, 43.743007660000103 ], [ 21.785871505000159, 43.743179321000184 ], [ 21.78290748600017, 43.743694305000133 ], [ 21.775142670000037, 43.746566772000051 ], [ 21.76829147300009, 43.74875641 ], [ 21.756002425000077, 43.750801086000081 ], [ 21.744770049000067, 43.753723145000038 ], [ 21.741189956000085, 43.754257203000122 ], [ 21.737436295000066, 43.754550934 ], [ 21.721544266000137, 43.755180358000075 ], [ 21.709312440000076, 43.756649017000143 ], [ 21.70496368400012, 43.756584167000142 ], [ 21.703887940000129, 43.756328582000037 ], [ 21.692760467000028, 43.766056061000086 ], [ 21.686584472000163, 43.772422791 ], [ 21.68393898100004, 43.774650573000145 ], [ 21.679763795000099, 43.777061463000109 ], [ 21.667005540000048, 43.782524110000111 ], [ 21.664257049000128, 43.784095764000142 ], [ 21.662075044000119, 43.786045075000061 ], [ 21.645996093000178, 43.802940369000169 ], [ 21.647436143000107, 43.805587768000066 ], [ 21.650154113000099, 43.808467865000068 ], [ 21.652080536000085, 43.80985260000017 ], [ 21.662010193000185, 43.815845489000139 ], [ 21.675281525000116, 43.827861787000131 ], [ 21.676271439000118, 43.829319 ], [ 21.676904679000131, 43.830856324000194 ], [ 21.677270889000056, 43.835559845000091 ], [ 21.677850723000063, 43.837440491000109 ], [ 21.679082871000048, 43.839099883000074 ], [ 21.680803299000104, 43.840641023000046 ], [ 21.686393738, 43.844280243000071 ], [ 21.688346862000117, 43.845893859000171 ], [ 21.689525605000085, 43.847660064000195 ], [ 21.689584733000174, 43.849426270000151 ], [ 21.688373566000053, 43.851493836000145 ], [ 21.686281203000192, 43.853519439000138 ], [ 21.683723451000162, 43.85551834000006 ], [ 21.672794341000042, 43.863224029000037 ], [ 21.671476364000114, 43.864482880000025 ], [ 21.669803619, 43.866832733000194 ], [ 21.66887664800015, 43.869396210000104 ], [ 21.668495177000125, 43.872093202000144 ], [ 21.668827058000147, 43.87747573900009 ], [ 21.669647216000158, 43.879951477000077 ], [ 21.672847748000095, 43.885478974000137 ], [ 21.675077438000187, 43.888118745000156 ], [ 21.676708222000116, 43.889228822000064 ], [ 21.680360793000091, 43.891078949000132 ], [ 21.685003281000149, 43.892841339000086 ], [ 21.694852830000059, 43.895759583000142 ], [ 21.702653885000075, 43.898666382000044 ], [ 21.705450059000157, 43.899471282000036 ], [ 21.709392548000096, 43.900341033000132 ], [ 21.718078613000159, 43.900600433000079 ], [ 21.719989777000023, 43.901020050000113 ], [ 21.722530364000022, 43.902198792000092 ], [ 21.724000931000091, 43.903175353000165 ], [ 21.728855133000081, 43.907844544000056 ], [ 21.730276107000066, 43.910053253000115 ], [ 21.730691909000029, 43.911411286000089 ], [ 21.730516433000048, 43.913368226000046 ], [ 21.729829789000064, 43.914726257000041 ], [ 21.725065231000031, 43.920131683000193 ], [ 21.723993300000075, 43.922241212000188 ], [ 21.724103927999977, 43.92457199100005 ], [ 21.725280761000135, 43.926403047000179 ], [ 21.726032258000032, 43.926761628000122 ], [ 21.736743928000067, 43.935085296000125 ], [ 21.739334107000104, 43.937236787000074 ], [ 21.741434097000138, 43.939510346000134 ], [ 21.743015289000027, 43.941867829000046 ], [ 21.744045257000153, 43.944236755000134 ], [ 21.744749070000012, 43.949058533000141 ], [ 21.745328903000143, 43.95051193200004 ], [ 21.746324539000113, 43.951858520000087 ], [ 21.748382568000125, 43.953525543000069 ], [ 21.754289627000105, 43.957180024000195 ], [ 21.75925254800012, 43.961315155000136 ], [ 21.770822525000085, 43.96746063300003 ], [ 21.773185730000137, 43.969085694000114 ], [ 21.77504158, 43.970924378000177 ], [ 21.776189804000182, 43.972839355000076 ], [ 21.776689530000112, 43.974250794000056 ], [ 21.776807785000017, 43.976314545000037 ], [ 21.77648162800017, 43.977790832000039 ], [ 21.774784088000047, 43.98132324300002 ], [ 21.77037620599998, 43.987232209000069 ], [ 21.76990508900019, 43.989341736000085 ], [ 21.770666122000023, 43.991046906000179 ], [ 21.771163941000054, 43.991474151000091 ], [ 21.772457124000027, 43.991867067000044 ] ] ] ] } },
{ "type": "Feature", "properties": { "fid": 145, "GID_2": "SRB.23.2_1", "GID_0": "SRB", "COUNTRY": "Serbia", "GID_1": "SRB.23_1", "NAME_1": "Zaječarski", "NL_NAME_1": "Зајечарски", "NAME_2": "Knjaževac", "VARNAME_2": "NA", "NL_NAME_2": "Књажевац", "TYPE_2": "Opštine", "ENGTYPE_2": "Town|Municipal", "CC_2": "NA", "HASC_2": "NA" }, "geometry": { "type": "MultiPolygon", "coordinates": [ [ [ [ 22.402818680000053, 43.675224304000153 ], [ 22.402669907000131, 43.674713135000047 ], [ 22.402515411000138, 43.674312592000035 ], [ 22.402494430000047, 43.674026490000188 ], [ 22.402671815000076, 43.673656462999986 ], [ 22.403108596000095, 43.673297882000099 ], [ 22.403701783000031, 43.672813416000167 ], [ 22.404241561000106, 43.672405242000139 ], [ 22.404863358000114, 43.671997070000089 ], [ 22.405218123999987, 43.671703339000032 ], [ 22.405729293000093, 43.671302795000145 ], [ 22.406393052000055, 43.670833588000107 ], [ 22.407056808000107, 43.670459748000098 ], [ 22.407667159000027, 43.670101166000109 ], [ 22.408298492000142, 43.669834137000123 ], [ 22.40899086100012, 43.669509889000096 ], [ 22.409654617000172, 43.669235229000151 ], [ 22.410314561000064, 43.669010163000166 ], [ 22.410978317000115, 43.66879654000013 ], [ 22.411651611000025, 43.668533326000045 ], [ 22.412466049000102, 43.668251037000061 ], [ 22.413232803000142, 43.668037415000128 ], [ 22.414365768000152, 43.667591094000045 ], [ 22.415344239000035, 43.66722488400012 ], [ 22.416110992000142, 43.666999816000157 ], [ 22.416692734000151, 43.66678619400011 ], [ 22.416938781000169, 43.666694642000152 ], [ 22.417692184000032, 43.666393280000079 ], [ 22.418390274000103, 43.666183473000046 ], [ 22.418777465000062, 43.666072845000144 ], [ 22.419384003000118, 43.666053772000055 ], [ 22.420007705000046, 43.665992737000067 ], [ 22.420801162000089, 43.665943147000064 ], [ 22.42145919800015, 43.665943147000064 ], [ 22.422046661000024, 43.66587448100006 ], [ 22.422424316000104, 43.665699005000079 ], [ 22.422719955000105, 43.665504456000065 ], [ 22.42298316900002, 43.665222168000184 ], [ 22.423254012000143, 43.664852143000189 ], [ 22.423454284000059, 43.66447830300018 ], [ 22.423866271000122, 43.663959504000161 ], [ 22.424179078000122, 43.663478851000093 ], [ 22.424564361000137, 43.663043976000097 ], [ 22.424961090000181, 43.662734986000089 ], [ 22.425327302000085, 43.662418366000168 ], [ 22.425817490000156, 43.662189483000134 ], [ 22.426172256000029, 43.661846162000074 ], [ 22.426599502000045, 43.661388398000042 ], [ 22.426750183000138, 43.661090852000143 ], [ 22.427043915000127, 43.660675050000179 ], [ 22.427118301000064, 43.660541534000117 ], [ 22.427305222000143, 43.660198212000182 ], [ 22.427610396000034, 43.659755707000045 ], [ 22.427875519000168, 43.659412383000074 ], [ 22.4281291960001, 43.659084320000034 ], [ 22.428577424000082, 43.658821106000062 ], [ 22.429109574000051, 43.658535004000044 ], [ 22.429719925000029, 43.658248901000093 ], [ 22.43018913200001, 43.658058167000092 ], [ 22.430791855000052, 43.657791137000061 ], [ 22.431404114000031, 43.657421112000065 ], [ 22.431921006000152, 43.657024384000124 ], [ 22.432319642000095, 43.656681060000096 ], [ 22.432767868000042, 43.656337739000037 ], [ 22.433298110000067, 43.656009674000188 ], [ 22.433818817000088, 43.655578614000035 ], [ 22.434539796000138, 43.655216217000145 ], [ 22.435285567999983, 43.654811860000166 ], [ 22.435966493000137, 43.654434205000086 ], [ 22.436517715999969, 43.654174805000139 ], [ 22.437181472000191, 43.653911591000053 ], [ 22.437944413000025, 43.653575897000167 ], [ 22.438547134000032, 43.653270721000126 ], [ 22.439098357000091, 43.652900696000131 ], [ 22.440076828000144, 43.652462005000189 ], [ 22.44071960500014, 43.652156831000127 ], [ 22.441289902000165, 43.65187835800009 ], [ 22.44177818300011, 43.651702882000166 ], [ 22.442321778000064, 43.651603700000123 ], [ 22.442852020000089, 43.651493072000051 ], [ 22.443128586000057, 43.651470184000061 ], [ 22.443597793000038, 43.651401520000093 ], [ 22.444425582000065, 43.651279450000118 ], [ 22.445049286000142, 43.651271819000101 ], [ 22.445571900000061, 43.651214599000184 ], [ 22.446142197000086, 43.651103974000137 ], [ 22.44688224700019, 43.650959015000183 ], [ 22.447515487000032, 43.650791169000115 ], [ 22.448322297000175, 43.6505775440001 ], [ 22.449071884000091, 43.650428772000055 ], [ 22.449686051000185, 43.650337220000154 ], [ 22.450313568000183, 43.650245666000046 ], [ 22.450828552000132, 43.650180816000159 ], [ 22.451480865000178, 43.650085449000187 ], [ 22.452255249000132, 43.650020600000062 ], [ 22.453083038000159, 43.649955750000174 ], [ 22.453939438000134, 43.649940492000155 ], [ 22.454612732000044, 43.649925231000054 ], [ 22.455402374000016, 43.64992141800019 ], [ 22.456031800000062, 43.649940492000155 ], [ 22.456739426000183, 43.649940492000155 ], [ 22.457321166000156, 43.649909973000035 ], [ 22.457782745000088, 43.649856568000132 ], [ 22.458211898000172, 43.649803163000115 ], [ 22.458833694000077, 43.649715424000192 ], [ 22.459484100000054, 43.649570465000181 ], [ 22.460105896000186, 43.649353027000132 ], [ 22.460571288000153, 43.649177551000037 ], [ 22.460998536000147, 43.649024964000091 ], [ 22.461404800000025, 43.648807526000041 ], [ 22.461910248000095, 43.648582458000078 ], [ 22.462242127000081, 43.648418425999978 ], [ 22.462587357000075, 43.648200988000156 ], [ 22.463031769000054, 43.647884368000064 ], [ 22.463506698000174, 43.647586822000108 ], [ 22.463867188000165, 43.647258759000067 ], [ 22.464250564999986, 43.646930696000027 ], [ 22.464651107000122, 43.646465302000024 ], [ 22.464984893000178, 43.646087646000069 ], [ 22.465333939000118, 43.645603181000013 ], [ 22.465614319000053, 43.645103455000083 ], [ 22.465944290000095, 43.644580841000163 ], [ 22.466171265000128, 43.644149781000067 ], [ 22.466463089000115, 43.64361953800011 ], [ 22.466691970000113, 43.643093109000176 ], [ 22.46681976300016, 43.642650604999972 ], [ 22.466936111000166, 43.642150879000042 ], [ 22.467086791000042, 43.641716004000045 ], [ 22.467020035000189, 43.641288757000098 ], [ 22.466995239000084, 43.640716552000129 ], [ 22.466981888000134, 43.640262604000043 ], [ 22.466985702000102, 43.639755250000121 ], [ 22.466997147000086, 43.639297486000089 ], [ 22.467075348000037, 43.638816833000021 ], [ 22.46718216, 43.638412476000042 ], [ 22.467353821000074, 43.63815689200004 ], [ 22.467552185000159, 43.637897492000093 ], [ 22.467887879000045, 43.637672425 ], [ 22.468200683000191, 43.637454987000183 ], [ 22.468536377000078, 43.63732528800017 ], [ 22.468898773000035, 43.637172699000075 ], [ 22.469339371000046, 43.636997223000094 ], [ 22.469749451000041, 43.636844636000035 ], [ 22.470130921000191, 43.636688233000143 ], [ 22.47051811200015, 43.636547088999976 ], [ 22.470998764000115, 43.6363334670001 ], [ 22.471382142000039, 43.636077882000166 ], [ 22.47173118600017, 43.635818482000047 ], [ 22.472072601999969, 43.635501863 ], [ 22.472406388000081, 43.635246278000125 ], [ 22.472610475000181, 43.634956360000103 ], [ 22.472841263000078, 43.634574890000181 ], [ 22.472986222000088, 43.634304047000057 ], [ 22.473178864000033, 43.633972169000117 ], [ 22.473373413000047, 43.633735657000102 ], [ 22.473546981000027, 43.633434296000132 ], [ 22.473737717000176, 43.633090972000105 ], [ 22.47394561700014, 43.632728578000183 ], [ 22.474100112000087, 43.632469178000179 ], [ 22.474264145000063, 43.632198333000076 ], [ 22.474451066000142, 43.631786346000183 ], [ 22.47452545200008, 43.631504058000075 ], [ 22.474643708000087, 43.631141663000051 ], [ 22.47466659600002, 43.630847932000165 ], [ 22.474645615000156, 43.630466462000015 ], [ 22.474599838000188, 43.630008697999983 ], [ 22.474603653000088, 43.629688263000048 ], [ 22.474557876000119, 43.629257203000066 ], [ 22.474496841000132, 43.628849029000037 ], [ 22.474418640000124, 43.6285438540001 ], [ 22.474285126000098, 43.628143311000088 ], [ 22.47416687000009, 43.627815247000171 ], [ 22.473960876000092, 43.627475739000147 ], [ 22.473783492000166, 43.627216339000142 ], [ 22.473602294000102, 43.62697601300016 ], [ 22.473398209000152, 43.626747132000162 ], [ 22.473096848000182, 43.626506806000179 ], [ 22.472747804000107, 43.6261291510001 ], [ 22.472509384999967, 43.625843048000149 ], [ 22.472240448000036, 43.625476838 ], [ 22.471847534, 43.625183107000169 ], [ 22.471536637000156, 43.624828337999986 ], [ 22.471231460000013, 43.624515533000135 ], [ 22.470882416000109, 43.624160766000045 ], [ 22.47044181800004, 43.623710632999973 ], [ 22.470212937000042, 43.623367309000173 ], [ 22.469829560000051, 43.623115540000072 ], [ 22.469512940000129, 43.622772216000044 ], [ 22.469209671000158, 43.622497558000077 ], [ 22.468925477000084, 43.622203827000192 ], [ 22.468683243000157, 43.621974946000194 ], [ 22.468362808000165, 43.621719360000156 ], [ 22.468017577000126, 43.621448517000033 ], [ 22.46764755200013, 43.621192932000156 ], [ 22.467287063000072, 43.620956421000187 ], [ 22.466955185000131, 43.620765687000016 ], [ 22.466606141000057, 43.620582581000178 ], [ 22.466291429000137, 43.620422364000149 ], [ 22.465923309000061, 43.620250703000067 ], [ 22.465625763000105, 43.620067597000173 ], [ 22.465349197000137, 43.619926453000062 ], [ 22.465112686, 43.619789124000135 ], [ 22.464916229000039, 43.619640350000111 ], [ 22.46467971800007, 43.619480134000185 ], [ 22.464357376000066, 43.619239807999975 ], [ 22.464090348000184, 43.619049072000053 ], [ 22.463813782000045, 43.618869781 ], [ 22.46356010400018, 43.618583680000086 ], [ 22.46343994199998, 43.618267060000164 ], [ 22.463407516000132, 43.618003845000146 ], [ 22.463418961000116, 43.617736817999969 ], [ 22.463367462000065, 43.617427825999982 ], [ 22.46346664400005, 43.61720657300009 ], [ 22.463678359000085, 43.616970062000121 ], [ 22.463941574000103, 43.616764070000158 ], [ 22.464214324000125, 43.616577149000022 ], [ 22.46467971800007, 43.616226197000117 ], [ 22.46508407500005, 43.615859985000043 ], [ 22.465625763000105, 43.615367889000026 ], [ 22.466089249000106, 43.614963533000093 ], [ 22.466442108000081, 43.614559174000135 ], [ 22.46697425800005, 43.614124298000036 ], [ 22.467458726000132, 43.613681793000126 ], [ 22.46767807100008, 43.613452912000071 ], [ 22.468057632000125, 43.612976075000176 ], [ 22.468515395999987, 43.612419129000102 ], [ 22.468908309000085, 43.612022400000058 ], [ 22.469268797999973, 43.61157226600011 ], [ 22.469554902000027, 43.61119461100003 ], [ 22.469861984000033, 43.610633850000056 ], [ 22.470115660999966, 43.610256195000034 ], [ 22.470319748000065, 43.609863281000173 ], [ 22.470375060000038, 43.60948181100008 ], [ 22.470514297000136, 43.609169006 ], [ 22.470720291000077, 43.60860443200005 ], [ 22.470930099000043, 43.60808181800013 ], [ 22.471044541000083, 43.607658386000082 ], [ 22.471233368000185, 43.607101440000179 ], [ 22.471395492999989, 43.606578827000192 ], [ 22.471637727000143, 43.606105805000141 ], [ 22.471754075000035, 43.605735778000167 ], [ 22.47191620000018, 43.605281829000035 ], [ 22.472070694000024, 43.604877473000101 ], [ 22.472234725000192, 43.604465486000038 ], [ 22.472351075, 43.604095459000064 ], [ 22.472497940000039, 43.603691102000084 ], [ 22.472608567000179, 43.603176118000135 ], [ 22.472761154000125, 43.602703096000084 ], [ 22.472747804000107, 43.602222443000187 ], [ 22.472631454000066, 43.601734161000081 ], [ 22.47254943900009, 43.601291657000104 ], [ 22.472446442000034, 43.600864410000156 ], [ 22.472370148000095, 43.600383759000124 ], [ 22.472324371000127, 43.600109102000033 ], [ 22.47239112900013, 43.599765778000062 ], [ 22.47254943900009, 43.599403381000172 ], [ 22.472747804000107, 43.599052429999972 ], [ 22.472942353000121, 43.598720552000088 ], [ 22.47312545900013, 43.598552704000042 ], [ 22.473306655000044, 43.598236084000121 ], [ 22.473636628000065, 43.597736358000191 ], [ 22.473949433000143, 43.597305298000038 ], [ 22.474174500000174, 43.59688568100006 ], [ 22.47444915799997, 43.596527099000014 ], [ 22.474588395000069, 43.596225740000079 ], [ 22.47471618600008, 43.595893859000057 ], [ 22.474906922, 43.595584870000152 ], [ 22.475021363000167, 43.595188141000108 ], [ 22.475170135000042, 43.5948791510001 ], [ 22.475217819000079, 43.594493866000107 ], [ 22.475185393000061, 43.594036102000075 ], [ 22.475172043000043, 43.59358596900006 ], [ 22.475162507000107, 43.59322357200017 ], [ 22.47504234400003, 43.592811585000106 ], [ 22.474964142000147, 43.592700959000183 ], [ 22.474817276000067, 43.592491150000171 ], [ 22.474473952000096, 43.59209823600014 ], [ 22.47425651500015, 43.591796875000171 ], [ 22.47399330200011, 43.591537475 ], [ 22.473718644000144, 43.591171265000071 ], [ 22.473484039000141, 43.590869904000101 ], [ 22.473089217000165, 43.590431213000159 ], [ 22.472784043000161, 43.59005737300015 ], [ 22.472490312000104, 43.58970642200012 ], [ 22.472215652000102, 43.589351654999973 ], [ 22.472002029000123, 43.589054109000074 ], [ 22.471668243000181, 43.588710785000103 ], [ 22.471454621000134, 43.588390350000111 ], [ 22.471189498000115, 43.588016510000102 ], [ 22.470956802000046, 43.587745667000149 ], [ 22.470643998000071, 43.587409974000025 ], [ 22.470390321000139, 43.587120056000174 ], [ 22.470157623000091, 43.586776734000182 ], [ 22.469905853000057, 43.586467743000128 ], [ 22.46961021400017, 43.586082459000068 ], [ 22.469379426000103, 43.585834503000115 ], [ 22.469167709000089, 43.585594177000132 ], [ 22.468994140000177, 43.585304261000147 ], [ 22.468805314000178, 43.5851364130001 ], [ 22.468580246000045, 43.584877015000131 ], [ 22.468410493000135, 43.584629059000065 ], [ 22.468317031000026, 43.584430695000151 ], [ 22.468311311000093, 43.584209442000031 ], [ 22.468349458000148, 43.584045411000091 ], [ 22.468431472000191, 43.583774566000159 ], [ 22.468540192000091, 43.583412169999974 ], [ 22.46872901800009, 43.583011628000065 ], [ 22.468858719000082, 43.582660674000181 ], [ 22.46907806400003, 43.582351685000106 ], [ 22.469316483000114, 43.581989288000045 ], [ 22.469497681000178, 43.581680298000038 ], [ 22.469793320000065, 43.581302643000129 ], [ 22.470155715000089, 43.580722809000122 ], [ 22.470352174000084, 43.580303191000041 ], [ 22.470668794000176, 43.579994202000137 ], [ 22.471015930000135, 43.579650878000166 ], [ 22.471517563000191, 43.57920456 ], [ 22.472002029000123, 43.578933717000098 ], [ 22.472446442000034, 43.57859039300007 ], [ 22.47309494000001, 43.578212738000047 ], [ 22.473472595000089, 43.578010559000063 ], [ 22.473966598, 43.577739716000167 ], [ 22.47438430800014, 43.577514647999976 ], [ 22.47484016400017, 43.577323914000033 ], [ 22.475509643000066, 43.576957702000072 ], [ 22.476013184000067, 43.576736451000158 ], [ 22.476362228000028, 43.576560974000131 ], [ 22.476583481000091, 43.576362609000171 ], [ 22.476774215000091, 43.576103212000078 ], [ 22.476934433000167, 43.575744630000088 ], [ 22.47694778500005, 43.575458527000137 ], [ 22.476959229000101, 43.575164795000148 ], [ 22.476991653000141, 43.57479095500014 ], [ 22.477006913000139, 43.574535371000138 ], [ 22.476980210000136, 43.574222564000081 ], [ 22.476873397000134, 43.57378387600005 ], [ 22.476827622000144, 43.573383332000105 ], [ 22.476709367000012, 43.57306289700017 ], [ 22.476488114000119, 43.572532654000099 ], [ 22.476371766000057, 43.572101594000117 ], [ 22.47615623400003, 43.571693420000088 ], [ 22.476064682000072, 43.571334838999974 ], [ 22.475959777000185, 43.570964814000035 ], [ 22.475765228000171, 43.57061386200013 ], [ 22.475513458000137, 43.57020187300003 ], [ 22.475223542000094, 43.569797516000051 ], [ 22.474914550000108, 43.569484712000133 ], [ 22.474624634000122, 43.569202423000149 ], [ 22.474229813000022, 43.568866730000138 ], [ 22.473949433000143, 43.568515779000165 ], [ 22.473661422000191, 43.56819152900016 ], [ 22.473430633000191, 43.567882539000152 ], [ 22.473218918000157, 43.567539216000114 ], [ 22.473047255999973, 43.567169191000119 ], [ 22.472925187000101, 43.566860199000132 ], [ 22.472801209000124, 43.566493989000037 ], [ 22.472688676000189, 43.566135407000047 ], [ 22.47256279000004, 43.565643312000077 ], [ 22.472448349999979, 43.565235138000048 ], [ 22.472295760000179, 43.564773561000152 ], [ 22.472211839000067, 43.56449890100015 ], [ 22.472091675000058, 43.564128875999984 ], [ 22.471977233000189, 43.563770294000165 ], [ 22.471826553000142, 43.563461304000043 ], [ 22.471647262000147, 43.563159943000016 ], [ 22.471414566000078, 43.562759399000129 ], [ 22.471147537000093, 43.562427521000188 ], [ 22.470899582000129, 43.56222534200009 ], [ 22.470630645000142, 43.561885833000133 ], [ 22.470373153000139, 43.561576844000058 ], [ 22.470144272000141, 43.56131362900004 ], [ 22.469877242000052, 43.561065675000123 ], [ 22.469629288000135, 43.56081390300011 ], [ 22.469459535000055, 43.560516357000154 ], [ 22.469337463999977, 43.560214997000116 ], [ 22.469244002000096, 43.559806823000088 ], [ 22.469249725000111, 43.559421540000073 ], [ 22.469282151000129, 43.559089660000154 ], [ 22.469377518000101, 43.558685303000175 ], [ 22.469430923000175, 43.558441162000122 ], [ 22.469495774000109, 43.558158874000071 ], [ 22.469490051000093, 43.557815552000079 ], [ 22.469524383000078, 43.557460786000036 ], [ 22.469568252000101, 43.557044984000072 ], [ 22.469593047999979, 43.556686402000082 ], [ 22.469625473000121, 43.556133271000078 ], [ 22.469675065000104, 43.555595398000037 ], [ 22.469715119000057, 43.554946900000061 ], [ 22.469730377000076, 43.554416656000058 ], [ 22.469762802, 43.553970337000123 ], [ 22.469814301000099, 43.553508758000078 ], [ 22.469829560000051, 43.553092956000114 ], [ 22.469842910000068, 43.552555084 ], [ 22.469863891000102, 43.552055360000054 ], [ 22.469839095, 43.55157852300016 ], [ 22.469892502000107, 43.551082612000073 ], [ 22.469846725000139, 43.550472261000095 ], [ 22.469888687000036, 43.550033570000096 ], [ 22.46995353799997, 43.549591065000186 ], [ 22.469966888000044, 43.549125673000049 ], [ 22.46994209200011, 43.548606873000097 ], [ 22.469976424000095, 43.548263550000058 ], [ 22.469970704000161, 43.547805785999969 ], [ 22.470026016000133, 43.547603607000042 ], [ 22.470172883000089, 43.547466278000172 ], [ 22.470411302, 43.54730987500011 ], [ 22.470781327000168, 43.547103883000091 ], [ 22.471126556000058, 43.546932220000031 ], [ 22.471601485000178, 43.546722413000168 ], [ 22.472026825, 43.546558380000192 ], [ 22.472415923000085, 43.546398163000163 ], [ 22.472751617000142, 43.546184540000127 ], [ 22.473062516000027, 43.545925140000179 ], [ 22.473321915000042, 43.545700073000091 ], [ 22.473579408000148, 43.545291901000098 ], [ 22.473756790999971, 43.544769286000133 ], [ 22.473880767000139, 43.54437256000017 ], [ 22.473991394000109, 43.543972016000055 ], [ 22.474056245000099, 43.543678285000169 ], [ 22.47414970400007, 43.543376923000096 ], [ 22.474252702000058, 43.543025970000087 ], [ 22.474401474000103, 43.542530061000036 ], [ 22.474514007000096, 43.542125702000021 ], [ 22.474693298000091, 43.541683197000111 ], [ 22.474922181000125, 43.541263580000134 ], [ 22.475296021000133, 43.540714264000144 ], [ 22.475639344000058, 43.540267945000096 ], [ 22.475994111000034, 43.539962768000123 ], [ 22.476512908000018, 43.539409638000052 ], [ 22.476856231000113, 43.538959504000104 ], [ 22.477212906000034, 43.538593292000144 ], [ 22.477577210000163, 43.538177490000066 ], [ 22.477920531000052, 43.537799835000158 ], [ 22.478286743000183, 43.537475587000131 ], [ 22.478605271000049, 43.537208557000099 ], [ 22.478883744000086, 43.537044524000066 ], [ 22.479339600000174, 43.536182404000158 ], [ 22.47961425800014, 43.535694122999985 ], [ 22.479719163000027, 43.53551483200016 ], [ 22.480234146999976, 43.534793854000043 ], [ 22.480665207000129, 43.534217834000174 ], [ 22.481132507000098, 43.533569336000141 ], [ 22.481466293000153, 43.533100129000161 ], [ 22.481761931000108, 43.532653808000077 ], [ 22.48192214900007, 43.53224182200006 ], [ 22.482168198000068, 43.531726837000178 ], [ 22.482376098000032, 43.531143188000158 ], [ 22.482536315000061, 43.53067016600005 ], [ 22.482532502000026, 43.530235290000178 ], [ 22.482486725000058, 43.529697418000069 ], [ 22.482305527000165, 43.529121400000179 ], [ 22.482086181000113, 43.528610229000094 ], [ 22.481906891000051, 43.528076172000056 ], [ 22.481777192000038, 43.527565002000188 ], [ 22.481597901000043, 43.527023315000065 ], [ 22.481477738000137, 43.526573181000117 ], [ 22.481491089000087, 43.526199341000108 ], [ 22.481710434000036, 43.525859833000084 ], [ 22.481950760000188, 43.525489808000088 ], [ 22.482053757000074, 43.525043487000175 ], [ 22.482067108000024, 43.524425508000149 ], [ 22.482042312000146, 43.523937225000168 ], [ 22.481834412000183, 43.523365021000075 ], [ 22.481666564000136, 43.522941591000176 ], [ 22.48135948200013, 43.522499085000163 ], [ 22.481161118000045, 43.522006989000147 ], [ 22.480936050000082, 43.521495820000041 ], [ 22.48085403400006, 43.521125793000067 ], [ 22.480804444, 43.520698548000155 ], [ 22.480779648000123, 43.520282746000191 ], [ 22.480875015000095, 43.519958496000186 ], [ 22.481094360000043, 43.519710542000098 ], [ 22.481409072000133, 43.519393922000177 ], [ 22.481628418000184, 43.518974305000029 ], [ 22.481916428000034, 43.518535614000029 ], [ 22.482200622000107, 43.518062591999978 ], [ 22.482498168000177, 43.517566681000062 ], [ 22.482782364000059, 43.517044067000029 ], [ 22.483049392000169, 43.516574860000162 ], [ 22.483360291, 43.515911102000132 ], [ 22.483560563000083, 43.515338897000163 ], [ 22.483749389000081, 43.514816285000052 ], [ 22.483947754000042, 43.514202119000061 ], [ 22.484231949000048, 43.513580322000053 ], [ 22.484437942000113, 43.512893677000136 ], [ 22.484510422000085, 43.512409210000101 ], [ 22.484651566000025, 43.51179504400011 ], [ 22.484724045000064, 43.511215211000035 ], [ 22.484910964000164, 43.510593415000073 ], [ 22.485002518000101, 43.510028838000153 ], [ 22.48501777600012, 43.509498596000185 ], [ 22.48501396100005, 43.50897216900006 ], [ 22.484970092000083, 43.508453369000108 ], [ 22.484968186000117, 43.508075714000029 ], [ 22.48506164600019, 43.507736206000175 ], [ 22.48528289900014, 43.507404328000064 ], [ 22.485519410000052, 43.507045746000074 ], [ 22.485837937000042, 43.506801605000021 ], [ 22.486326218000045, 43.506458283000086 ], [ 22.486757278000141, 43.506042481000122 ], [ 22.487245560000076, 43.505649568000194 ], [ 22.487781526000163, 43.50509262200012 ], [ 22.488271714000064, 43.504619599000137 ], [ 22.488700866000045, 43.504245757000149 ], [ 22.489112853000108, 43.503749847000165 ], [ 22.48957061700014, 43.503292085000112 ], [ 22.490087509000091, 43.502838134000115 ], [ 22.490690232000134, 43.502388000000167 ], [ 22.491199493000067, 43.502056122000056 ], [ 22.491638184000067, 43.50173187200005 ], [ 22.491973877000021, 43.501445771000078 ], [ 22.492347717000087, 43.501152040000022 ], [ 22.492519378000168, 43.500911713000164 ], [ 22.492614747000118, 43.500591278000172 ], [ 22.492631913000139, 43.500175476000095 ], [ 22.492559432000064, 43.499774933000083 ], [ 22.492391587000157, 43.499263764000148 ], [ 22.492300033000049, 43.498706818000073 ], [ 22.492248535000044, 43.498134613000047 ], [ 22.492227554000181, 43.497798920000093 ], [ 22.492242813000075, 43.497432708000133 ], [ 22.492383957000015, 43.497039795000035 ], [ 22.492536544000131, 43.496738433000189 ], [ 22.492870332000052, 43.496334076000039 ], [ 22.493156433000024, 43.49595642100013 ], [ 22.493471145000115, 43.49546432600016 ], [ 22.493900300000178, 43.494998932000044 ], [ 22.49430084100004, 43.49458313000008 ], [ 22.494598388000043, 43.494163513000103 ], [ 22.494977951000067, 43.493728637000174 ], [ 22.495340347000024, 43.493251800000053 ], [ 22.495828628000027, 43.492774964000034 ], [ 22.496229172000142, 43.492340089000038 ], [ 22.496791840000128, 43.491886138000041 ], [ 22.497156142999984, 43.491542817000152 ], [ 22.497297287000151, 43.49141311600016 ], [ 22.498132706000092, 43.49108886800019 ], [ 22.498844147000057, 43.49094390900018 ], [ 22.499563218000105, 43.490737914000078 ], [ 22.499956131000033, 43.490528107000046 ], [ 22.500396729000101, 43.490161895000142 ], [ 22.50059318600006, 43.489620209000066 ], [ 22.500984192000089, 43.489089967000098 ], [ 22.501375198000119, 43.488685608000083 ], [ 22.501815796000187, 43.488384247000113 ], [ 22.502216340000075, 43.488105774000076 ], [ 22.502531052, 43.487892151000096 ], [ 22.502681732000042, 43.487510681000117 ], [ 22.502880096000126, 43.486885071000074 ], [ 22.503030778000152, 43.486351014000036 ], [ 22.503187180000111, 43.485748291000164 ], [ 22.50326347400005, 43.485271453000166 ], [ 22.503383637000127, 43.484706879000157 ], [ 22.503492355000049, 43.483978272000172 ], [ 22.503488542000184, 43.483470916000101 ], [ 22.503486634000012, 43.482933044 ], [ 22.503559113000108, 43.482357026000159 ], [ 22.503515242999981, 43.481529235000153 ], [ 22.503395080000075, 43.480960846000073 ], [ 22.503431319000185, 43.48039245700005 ], [ 22.503463746000079, 43.479530334 ], [ 22.503421784000182, 43.478961945000151 ], [ 22.50341987600018, 43.478546143000017 ], [ 22.503492355000049, 43.47813034100011 ], [ 22.50365448000008, 43.47762680000011 ], [ 22.503765107000049, 43.477153778000059 ], [ 22.503925323000033, 43.476650239000037 ], [ 22.504278184000157, 43.476284027000077 ], [ 22.50463295000003, 43.475875855000083 ], [ 22.504985809000175, 43.475540162000129 ], [ 22.505500794000056, 43.475227355000072 ], [ 22.505979538000076, 43.474761963000105 ], [ 22.506380082000192, 43.474399566000045 ], [ 22.506883621000156, 43.473869324000077 ], [ 22.507438659000115, 43.473339081000177 ], [ 22.508230209000033, 43.472667695000041 ], [ 22.508783340000036, 43.471908569000107 ], [ 22.509412764999979, 43.471233368000071 ], [ 22.509927749000155, 43.470771789000025 ], [ 22.510278702000164, 43.470241546000125 ], [ 22.510679244000073, 43.469806671000072 ], [ 22.510955811000144, 43.469467163000047 ], [ 22.511230469000111, 43.469120026000041 ], [ 22.51138305700016, 43.46864318900009 ], [ 22.511581421000187, 43.468231202000027 ], [ 22.511695861000078, 43.467758180000146 ], [ 22.511741638000046, 43.467353821000188 ], [ 22.511661529999969, 43.466873169 ], [ 22.511659622000025, 43.466293336000092 ], [ 22.511569978000068, 43.465755463000107 ], [ 22.511615753, 43.465248107000036 ], [ 22.511613845000056, 43.464710235000098 ], [ 22.511611938000158, 43.46432495200014 ], [ 22.511676787999988, 43.463951111000029 ], [ 22.511724473000129, 43.463668823000091 ], [ 22.511798859000066, 43.463222505000147 ], [ 22.511959076000096, 43.462806703000183 ], [ 22.512113570999986, 43.462436676000038 ], [ 22.512350082000125, 43.462028503999989 ], [ 22.512624740000092, 43.461688996000134 ], [ 22.513217925000049, 43.461380006000184 ], [ 22.51377105600011, 43.461048126000094 ], [ 22.514478684000039, 43.460617065000179 ], [ 22.515235900000164, 43.460220337000067 ], [ 22.516304017000152, 43.459678651000161 ], [ 22.517135621000023, 43.459251404000099 ], [ 22.518003464000174, 43.458797455000081 ], [ 22.518632889000116, 43.458591461000083 ], [ 22.519187927000189, 43.458316803000116 ], [ 22.519704818999969, 43.458179474000019 ], [ 22.52057266200012, 43.457847596000136 ], [ 22.521404266000161, 43.457553864000147 ], [ 22.522195816000135, 43.457214356000122 ], [ 22.523027420000176, 43.456829071000129 ], [ 22.523782730000164, 43.45656585800009 ], [ 22.524534225000082, 43.456230165000136 ], [ 22.525201797000079, 43.455963135000047 ], [ 22.525995254000065, 43.455726624000135 ], [ 22.526737213999979, 43.455490113000167 ], [ 22.527292252000109, 43.455249786000081 ], [ 22.527921677000052, 43.455043794000119 ], [ 22.528398514000173, 43.454830169000104 ], [ 22.528875351000067, 43.454559325999981 ], [ 22.529378890000089, 43.454154968000125 ], [ 22.529951097000094, 43.453857421000123 ], [ 22.530292509999981, 43.453548432000048 ], [ 22.530847548999986, 43.453144073000033 ], [ 22.531398772000045, 43.452934265000124 ], [ 22.532104493000077, 43.452972412000122 ], [ 22.532936097000174, 43.453075409000064 ], [ 22.533653260000051, 43.453216553000175 ], [ 22.534244538000166, 43.453323364000028 ], [ 22.534721375000061, 43.453529358000026 ], [ 22.535190582000098, 43.453853608000031 ], [ 22.535631180000109, 43.454101563000052 ], [ 22.536106110000162, 43.454326630000082 ], [ 22.536537170000145, 43.454467774000079 ], [ 22.536977768000156, 43.45463180500002 ], [ 22.537567138999975, 43.454780579000101 ], [ 22.538200378000056, 43.454887390000124 ], [ 22.538829803, 43.455001832 ], [ 22.539583206000088, 43.455112457000041 ], [ 22.540412902000185, 43.455192566000164 ], [ 22.541242599000157, 43.45518493600008 ], [ 22.542110444000116, 43.455177308000145 ], [ 22.542940140000042, 43.455226898000149 ], [ 22.543884277000075, 43.455249786000081 ], [ 22.544750213000157, 43.455272675000117 ], [ 22.545740127000158, 43.455329895000091 ], [ 22.546409608000033, 43.45534515300011 ], [ 22.546884538000086, 43.45535659900014 ], [ 22.547828674000186, 43.455348969000056 ], [ 22.54893493600008, 43.455375672000059 ], [ 22.549964905000138, 43.455371857000159 ], [ 22.550716400000056, 43.455417634000128 ], [ 22.551258088000111, 43.45540237400013 ], [ 22.551696778000178, 43.455352784000127 ], [ 22.552095412000085, 43.455139161000091 ], [ 22.552484513000024, 43.454864503000124 ], [ 22.552759171000048, 43.454524995000099 ], [ 22.553070068000068, 43.454116821000071 ], [ 22.553382873000146, 43.453678130000071 ], [ 22.553657532000045, 43.453380584000172 ], [ 22.55389404400006, 43.45301818900009 ], [ 22.554206847999978, 43.45257949900008 ], [ 22.554677963000188, 43.452053071000194 ], [ 22.555065156000126, 43.45152282700019 ], [ 22.555473328000176, 43.451114655000026 ], [ 22.55581283600003, 43.450706481000168 ], [ 22.556200027000159, 43.45031356800007 ], [ 22.55667304900004, 43.449966431 ], [ 22.557100296000158, 43.449573518000136 ], [ 22.557651520000093, 43.449169159000121 ], [ 22.558210373000065, 43.448703766999984 ], [ 22.558712005000189, 43.44815063600015 ], [ 22.55910873300013, 43.447845459000064 ], [ 22.559459687000015, 43.447498321000126 ], [ 22.559934617000067, 43.447174073000099 ], [ 22.560483933000057, 43.446727752000186 ], [ 22.561107635000155, 43.446041107000156 ], [ 22.561656952000192, 43.445446014000026 ], [ 22.562164306000113, 43.444736481 ], [ 22.562513352, 43.44391250700005 ], [ 22.563024521000102, 43.443069458000025 ], [ 22.563535691000141, 43.442188264000151 ], [ 22.564033509000126, 43.441410065000127 ], [ 22.564315797, 43.440742494000062 ], [ 22.56474113500002, 43.440025330000026 ], [ 22.565090179000151, 43.439403534000121 ], [ 22.565286635000064, 43.438602448999973 ], [ 22.565401078000036, 43.437911987000064 ], [ 22.565446852999969, 43.437305450000053 ], [ 22.565483094000058, 43.436542512000187 ], [ 22.565555573000097, 43.435813903 ], [ 22.565670013000158, 43.435115815000188 ], [ 22.565715790000127, 43.434158325000169 ], [ 22.56582641600005, 43.433307648000039 ], [ 22.56582641600005, 43.432735444000116 ], [ 22.565864562000172, 43.432159424000076 ], [ 22.56649017400008, 43.431728364000094 ], [ 22.567201615000045, 43.431213380000145 ], [ 22.567825317000143, 43.43065261900017 ], [ 22.56861114600008, 43.430160523000154 ], [ 22.569229125000106, 43.42960739200015 ], [ 22.570026397, 43.428924560000098 ], [ 22.570812226000101, 43.428405761000079 ], [ 22.571512222000138, 43.42781066800012 ], [ 22.572183608000046, 43.427318573000036 ], [ 22.573198317999982, 43.42718124400011 ], [ 22.57453346300008, 43.427032471000132 ], [ 22.575593948000176, 43.426925659000176 ], [ 22.576652528000182, 43.426799773000084 ], [ 22.577476501000035, 43.426727295000148 ], [ 22.577743531000124, 43.426647186000139 ], [ 22.578100205000112, 43.426540376000048 ], [ 22.5788784020001, 43.426334381000117 ], [ 22.579898835000108, 43.426013946000182 ], [ 22.581079483000053, 43.425655365000068 ], [ 22.582046508000076, 43.425304413000163 ], [ 22.583274841000161, 43.424884796000185 ], [ 22.584758758000135, 43.424476624000135 ], [ 22.586004258000173, 43.424129486000027 ], [ 22.587184906000118, 43.423770904000037 ], [ 22.588392258, 43.423484803000065 ], [ 22.589723588000027, 43.423130036000089 ], [ 22.590967178000085, 43.42278671300005 ], [ 22.592185973000142, 43.422275544000115 ], [ 22.593507767000062, 43.42173767100013 ], [ 22.594760894000103, 43.421413421000125 ], [ 22.595542908000141, 43.421207429000106 ], [ 22.596324920000029, 43.421005249000075 ], [ 22.597257613000181, 43.420772553000177 ], [ 22.598077774000103, 43.420627594000166 ], [ 22.599048615000015, 43.420654298000102 ], [ 22.599988936000102, 43.420776368000077 ], [ 22.600683211000103, 43.420856477000029 ], [ 22.60146522500014, 43.421005249000075 ], [ 22.602283479000164, 43.421211244000176 ], [ 22.603187561000027, 43.421527863000165 ], [ 22.603761673000065, 43.421817780000083 ], [ 22.604503633000036, 43.422222138000109 ], [ 22.605255128000124, 43.422714234000182 ], [ 22.606178284000123, 43.423187256000062 ], [ 22.606958390000159, 43.423652648000029 ], [ 22.607627869000055, 43.424076081000123 ], [ 22.608324052, 43.424610138 ], [ 22.608943939000085, 43.425167084000066 ], [ 22.609527588000105, 43.425659180000139 ], [ 22.610036850000142, 43.42608642700003 ], [ 22.610580445000096, 43.426475525000058 ], [ 22.611013413000023, 43.426769257000046 ], [ 22.611398696000037, 43.427036287000135 ], [ 22.612102509000124, 43.426826477000134 ], [ 22.612756729000068, 43.426425933000075 ], [ 22.613422393000064, 43.426036835 ], [ 22.614227296000138, 43.425575256000116 ], [ 22.614696503000118, 43.425334930000133 ], [ 22.615474702000142, 43.425117492000084 ], [ 22.616317749000189, 43.424926758000083 ], [ 22.617027282000151, 43.424709320000034 ], [ 22.617952348000131, 43.424606323000148 ], [ 22.618841172000145, 43.424476624000135 ], [ 22.61934852600001, 43.424388885000099 ], [ 22.619966507000072, 43.424087524000129 ], [ 22.62043380700004, 43.423721314000034 ], [ 22.621171951000179, 43.423294067000086 ], [ 22.621900558000164, 43.422863006000057 ], [ 22.622564316000023, 43.42244338900008 ], [ 22.623292923000179, 43.422134400000175 ], [ 22.624143601000185, 43.421798706000118 ], [ 22.625192642000059, 43.421478271000126 ], [ 22.62604141200012, 43.42121505700004 ], [ 22.627014160000101, 43.420982361000142 ], [ 22.627864838000164, 43.420749665000073 ], [ 22.628799439000147, 43.420578004000163 ], [ 22.629022599000109, 43.420509338000159 ], [ 22.629568100000029, 43.420345306000115 ], [ 22.630071641000086, 43.420070648000092 ], [ 22.630500793000067, 43.419631957000149 ], [ 22.630922317999989, 43.419269563000171 ], [ 22.6312294, 43.418827057000158 ], [ 22.631423949000066, 43.418262483000149 ], [ 22.631383895000113, 43.417743684000129 ], [ 22.631290436000086, 43.417079925 ], [ 22.631185531000028, 43.416500093000025 ], [ 22.631074905000105, 43.416088104000096 ], [ 22.630914688000075, 43.415603638000164 ], [ 22.630998612000099, 43.415252685000155 ], [ 22.631185531000028, 43.414718627000013 ], [ 22.631530762000068, 43.413799286000085 ], [ 22.631925583000168, 43.412925721000192 ], [ 22.63230705300009, 43.412170410000158 ], [ 22.632663727000136, 43.411567689000094 ], [ 22.632961274000138, 43.411026001000039 ], [ 22.633272171000044, 43.410537721000139 ], [ 22.633699416000127, 43.410068512000123 ], [ 22.634170533000088, 43.409507753000184 ], [ 22.634552001000031, 43.409008027000027 ], [ 22.634908675000077, 43.408569336000085 ], [ 22.635290146000102, 43.408222198000146 ], [ 22.635757447000117, 43.407817841000167 ], [ 22.636255263000123, 43.407363891999978 ], [ 22.636646271000131, 43.406852723000043 ], [ 22.636920929000098, 43.406196595000154 ], [ 22.637229919000106, 43.405788421000125 ], [ 22.637390136000135, 43.405311584000174 ], [ 22.637615204000099, 43.404716491000045 ], [ 22.637739182000075, 43.404075623000153 ], [ 22.637855530000081, 43.403285981000181 ], [ 22.637931824000191, 43.402584076000096 ], [ 22.638021469000023, 43.401794434000124 ], [ 22.638025284000094, 43.400917053000114 ], [ 22.638103485000102, 43.400203705000081 ], [ 22.638034821000076, 43.399398804000157 ], [ 22.638038634000111, 43.398441314000195 ], [ 22.637964248, 43.397266389000038 ], [ 22.637861251000118, 43.396335603000125 ], [ 22.638715744000024, 43.395622254000159 ], [ 22.639888762999988, 43.394721985 ], [ 22.640659332000098, 43.394039154999973 ], [ 22.641246795000086, 43.393421174000139 ], [ 22.641609192000146, 43.392784119000055 ], [ 22.642158507000033, 43.392135621000079 ], [ 22.642583847000083, 43.391540528000121 ], [ 22.643096924000133, 43.390911102000075 ], [ 22.643571854000186, 43.390441895000095 ], [ 22.644079208000051, 43.390064239000083 ], [ 22.644502640000098, 43.389759065000078 ], [ 22.645051956000088, 43.38935470600012 ], [ 22.645376206000094, 43.389152527000135 ], [ 22.643505096000183, 43.387538911000036 ], [ 22.638519287, 43.383838655000147 ], [ 22.634323120000033, 43.379642486000137 ], [ 22.629863739000086, 43.374664307000103 ], [ 22.624586106000152, 43.369525909000174 ], [ 22.622373580000044, 43.367839813000103 ], [ 22.619804382000098, 43.36640930100009 ], [ 22.617681503000028, 43.365539550000108 ], [ 22.605758667000146, 43.361778259000062 ], [ 22.601629258000116, 43.360034942000141 ], [ 22.586727142000086, 43.349376678000056 ], [ 22.58121681200015, 43.345176696000181 ], [ 22.578979492000144, 43.34300994900002 ], [ 22.577564240000129, 43.340740203000166 ], [ 22.577371597000081, 43.338806152000132 ], [ 22.577730178000138, 43.337429048000047 ], [ 22.580600738000157, 43.331287385000167 ], [ 22.581104279000158, 43.329391479000151 ], [ 22.581119537000177, 43.32801055900012 ], [ 22.580642700000112, 43.326843262000068 ], [ 22.578882217000171, 43.325725555000076 ], [ 22.577175140000065, 43.325351715000068 ], [ 22.575214385000095, 43.325229645999968 ], [ 22.572406769000168, 43.325408935000155 ], [ 22.554750442000056, 43.328414918000078 ], [ 22.551675797000087, 43.328792573000158 ], [ 22.541412354000101, 43.329315185000098 ], [ 22.539434434000043, 43.32974243200016 ], [ 22.532909393000068, 43.332572938000055 ], [ 22.524597168000014, 43.335460663000163 ], [ 22.52082061700014, 43.338096619000112 ], [ 22.515371323000068, 43.343875885000102 ], [ 22.505086899, 43.350574494000057 ], [ 22.502540588000102, 43.353466034000178 ], [ 22.49782562200005, 43.36025238000019 ], [ 22.495571136000024, 43.362915040000075 ], [ 22.492820739000138, 43.365497590000018 ], [ 22.49140358, 43.366329194000116 ], [ 22.489875794000056, 43.366851807000103 ], [ 22.487337111999977, 43.36694336100004 ], [ 22.48570823600005, 43.366619111000034 ], [ 22.484304428000087, 43.365978241000107 ], [ 22.482952117000025, 43.36457443200004 ], [ 22.477931977000139, 43.355903626000099 ], [ 22.474283218000096, 43.351211549000084 ], [ 22.47152709900007, 43.348854066000172 ], [ 22.468896866000136, 43.347423554000102 ], [ 22.466821671000105, 43.346820831000059 ], [ 22.464540482000132, 43.346469879000153 ], [ 22.461301803000083, 43.346294403 ], [ 22.451705932999971, 43.346549988000106 ], [ 22.448566436000192, 43.346065522000174 ], [ 22.44603538500013, 43.345344544000056 ], [ 22.444944381000084, 43.344760894000046 ], [ 22.421579361000056, 43.357608796000136 ], [ 22.416267395000034, 43.360786438000162 ], [ 22.41424179, 43.361606598000151 ], [ 22.410198213000058, 43.362556458000029 ], [ 22.407430648000116, 43.362617493000016 ], [ 22.401584624000122, 43.361831666000114 ], [ 22.398710252000114, 43.361812593000025 ], [ 22.394187927000132, 43.362644197000122 ], [ 22.384126664000178, 43.366329194000116 ], [ 22.375617980000129, 43.368263245000151 ], [ 22.371061324000038, 43.369750977000137 ], [ 22.367467880000106, 43.371654511000088 ], [ 22.362123490000045, 43.375015259000179 ], [ 22.359933853000143, 43.375976562 ], [ 22.337272643000063, 43.38234710800009 ], [ 22.336502075000112, 43.382873535000044 ], [ 22.336431504000188, 43.384761811000146 ], [ 22.337013244, 43.385993958000029 ], [ 22.339916229000153, 43.389991761000147 ], [ 22.34083557200006, 43.392059325000162 ], [ 22.34083557200006, 43.394485474000078 ], [ 22.339944839, 43.398445130000141 ], [ 22.339782715000126, 43.400585175000174 ], [ 22.34001731900014, 43.402709962000017 ], [ 22.340713502000085, 43.404743195000151 ], [ 22.341526032, 43.406082153000057 ], [ 22.346050262000063, 43.410751344000118 ], [ 22.347738266000135, 43.41298675600018 ], [ 22.348749161000171, 43.415000915000121 ], [ 22.350833893000186, 43.42066192599998 ], [ 22.35154533400015, 43.424236298000153 ], [ 22.350862503000087, 43.427803040000072 ], [ 22.348472595000032, 43.433410645000151 ], [ 22.345037460000128, 43.438068391000058 ], [ 22.342283248000115, 43.440494537000063 ], [ 22.339828491000162, 43.442092895000144 ], [ 22.337095260000069, 43.443454743000189 ], [ 22.332550049000133, 43.444934845000091 ], [ 22.326564789000145, 43.446365357000161 ], [ 22.322229386000174, 43.44797515800019 ], [ 22.315391540000178, 43.45240783800017 ], [ 22.311626434000061, 43.454547883000032 ], [ 22.303533554000126, 43.458522797000114 ], [ 22.300476074000073, 43.45939636300011 ], [ 22.297832490000019, 43.459487915000011 ], [ 22.296005249000132, 43.45917892500006 ], [ 22.29403305000011, 43.458557129000098 ], [ 22.29221725400015, 43.45766449000007 ], [ 22.29062652500005, 43.456504822000056 ], [ 22.286844253000083, 43.45251846300016 ], [ 22.283071518000156, 43.447025299000018 ], [ 22.278268813000011, 43.441513062000013 ], [ 22.276916505000031, 43.440216064000026 ], [ 22.27481460600012, 43.438816071000076 ], [ 22.272430420000035, 43.438224793000188 ], [ 22.270879745000059, 43.438354491999974 ], [ 22.268335343000047, 43.439327240000182 ], [ 22.257333755000161, 43.447467804000155 ], [ 22.254409790000068, 43.44899749800004 ], [ 22.250932694000142, 43.44995498600008 ], [ 22.247249602000068, 43.45042801000011 ], [ 22.24247550900003, 43.450477600000113 ], [ 22.242494584000099, 43.452835083000082 ], [ 22.242637634, 43.453762054000094 ], [ 22.242280959000084, 43.455574036000087 ], [ 22.241195678999986, 43.457527161000144 ], [ 22.239704131000053, 43.458900452000194 ], [ 22.23778152400007, 43.460105896000073 ], [ 22.234634399000129, 43.461589813000046 ], [ 22.231224061000091, 43.462852478000173 ], [ 22.22001647899998, 43.465824127000076 ], [ 22.211946488000137, 43.468494415000066 ], [ 22.208953858000143, 43.468975067000031 ], [ 22.205896376999988, 43.46913146900016 ], [ 22.200693131000094, 43.468681336000145 ], [ 22.198644637000029, 43.468151093000074 ], [ 22.189704896000137, 43.463817598000048 ], [ 22.187665939999988, 43.463180543000192 ], [ 22.175334930000076, 43.460891723000032 ], [ 22.172283172000164, 43.460620880000079 ], [ 22.169195175000027, 43.460624696000025 ], [ 22.166141509000113, 43.460899353000116 ], [ 22.152757644000019, 43.463157654000156 ], [ 22.142713546000152, 43.465667725000117 ], [ 22.140708922000044, 43.466342926000095 ], [ 22.13441658000005, 43.468894958000078 ], [ 22.13159942599998, 43.470405579000101 ], [ 22.122829437000121, 43.477085114000033 ], [ 22.118928909000147, 43.479099274000077 ], [ 22.115093232000106, 43.480537414000025 ], [ 22.106185912000115, 43.482440948000146 ], [ 22.103935242000091, 43.483089448000158 ], [ 22.10183334300018, 43.483917237000185 ], [ 22.094469070000059, 43.487884521000183 ], [ 22.088445663000186, 43.490200044000176 ], [ 22.085489272000075, 43.490886689000035 ], [ 22.07732009900019, 43.49229812700014 ], [ 22.072187424000106, 43.492809296000075 ], [ 22.069141388000162, 43.492671967000149 ], [ 22.066183090000152, 43.492191315000184 ], [ 22.059726715000011, 43.490032196000129 ], [ 22.056520462000037, 43.489200592000088 ], [ 22.053718566000043, 43.489067078000062 ], [ 22.051746368000067, 43.489311218000182 ], [ 22.047433854000133, 43.490512849000027 ], [ 22.044729232000179, 43.49185180700016 ], [ 22.042539597000086, 43.493560791000164 ], [ 22.040544511000064, 43.495967865000182 ], [ 22.039869309000153, 43.497722626000154 ], [ 22.039752959000111, 43.498905182000101 ], [ 22.039911269000072, 43.499694824000073 ], [ 22.041961670000148, 43.503391267000154 ], [ 22.041378020000025, 43.504966736000029 ], [ 22.039676666000105, 43.506484985000156 ], [ 22.03491211000005, 43.509616852000192 ], [ 22.030059815000129, 43.51333618100017 ], [ 22.024576188000026, 43.517105102000187 ], [ 22.022842407000155, 43.518733979000046 ], [ 22.022283553000136, 43.519802094000056 ], [ 22.022230148000062, 43.520576477000077 ], [ 22.022615433000055, 43.521659850999981 ], [ 22.025239944000191, 43.525131226000099 ], [ 22.025808335000079, 43.526470184 ], [ 22.026063920000183, 43.527881622000109 ], [ 22.025899887000037, 43.531147003000171 ], [ 22.02559852600001, 43.53259277300009 ], [ 22.024951935000104, 43.533897399000182 ], [ 22.023178100000166, 43.535423278000053 ], [ 22.018253327000082, 43.538036346000069 ], [ 22.013128281000036, 43.541343687999984 ], [ 22.003551483000081, 43.545734406 ], [ 21.998737335000044, 43.548870086000136 ], [ 21.995996476000187, 43.551124574000141 ], [ 21.99376487700016, 43.553489685000159 ], [ 21.992519378000054, 43.555793763000054 ], [ 21.992473603000121, 43.557220459000121 ], [ 21.992961884000067, 43.557891846000189 ], [ 21.996744156000034, 43.562099458000148 ], [ 21.998905182000158, 43.564960480000082 ], [ 22.000421523999989, 43.567619324000134 ], [ 22.002531052000109, 43.573558808000087 ], [ 22.003595352000048, 43.575706483000033 ], [ 22.005430221000097, 43.577785493000135 ], [ 22.007955551000123, 43.579448701000047 ], [ 22.010002137000185, 43.580455781000069 ], [ 22.026506423000114, 43.587333680000086 ], [ 22.034391403000029, 43.589057922000109 ], [ 22.036434174000078, 43.589324951000094 ], [ 22.039367676000097, 43.589298248000091 ], [ 22.041669846000161, 43.588920593000012 ], [ 22.043905258000052, 43.588268280000136 ], [ 22.055187225000111, 43.582820892000086 ], [ 22.057487488000106, 43.582103730000085 ], [ 22.059881210000128, 43.581626893000134 ], [ 22.062990188000128, 43.581394195000087 ], [ 22.066089631000182, 43.581546784000182 ], [ 22.068233491000115, 43.581874847000051 ], [ 22.076349259000153, 43.583480835000103 ], [ 22.078477859000031, 43.584140778000062 ], [ 22.080299377000131, 43.584980011000141 ], [ 22.081537247000028, 43.585891723000088 ], [ 22.08230972299998, 43.58692550700016 ], [ 22.082452775000093, 43.588695527000084 ], [ 22.081989288000045, 43.589851379000152 ], [ 22.081069945000081, 43.590862274000187 ], [ 22.079072952000161, 43.591861725 ], [ 22.073797227000171, 43.593544007000105 ], [ 22.071271896000042, 43.594635010000047 ], [ 22.066482544000053, 43.597385407000161 ], [ 22.062141418000067, 43.600547790000064 ], [ 22.056444169000031, 43.606258392000086 ], [ 22.054622651000159, 43.60838699400017 ], [ 22.053541183000164, 43.610542298000155 ], [ 22.053649903000121, 43.612400055000137 ], [ 22.054815292000171, 43.614311218000068 ], [ 22.062976837000178, 43.621707916000105 ], [ 22.064350129000104, 43.623672486000146 ], [ 22.064807892999966, 43.6256256100001 ], [ 22.064424515000042, 43.627586364000138 ], [ 22.063018799000076, 43.629692078000119 ], [ 22.056747435999966, 43.63575363200016 ], [ 22.055227279000064, 43.637889862000179 ], [ 22.054620743000157, 43.639904022 ], [ 22.054647445000057, 43.641967773000147 ], [ 22.05578231800007, 43.647056579000036 ], [ 22.055830002000107, 43.65151596100003 ], [ 22.053936004000093, 43.659431457000039 ], [ 22.053081513000166, 43.667766572 ], [ 22.052394867000032, 43.670467376000033 ], [ 22.05121994100017, 43.672847748000152 ], [ 22.049562454000068, 43.675064087000123 ], [ 22.047426224000048, 43.677032471000075 ], [ 22.044759751000129, 43.67867279100011 ], [ 22.038602830000059, 43.68167114400012 ], [ 22.030723571000181, 43.685943604000158 ], [ 22.009904861000166, 43.696647643000176 ], [ 22.019908904000033, 43.701541900000052 ], [ 22.021333694000134, 43.702411651000148 ], [ 22.024730683000087, 43.70474624700006 ], [ 22.02613449100005, 43.705642700000055 ], [ 22.029054642000176, 43.707130432000042 ], [ 22.029582977000132, 43.707561492000025 ], [ 22.029897690000098, 43.708137512000064 ], [ 22.030044556000178, 43.708786012000076 ], [ 22.030199051000125, 43.71017456200002 ], [ 22.030353546000185, 43.710865022000121 ], [ 22.030626296000037, 43.711475373000098 ], [ 22.031007767000062, 43.712047577000192 ], [ 22.031490327000029, 43.712554931000057 ], [ 22.032102585000018, 43.712951660000158 ], [ 22.032798768000191, 43.71316528400007 ], [ 22.033603668000183, 43.713283540000077 ], [ 22.036323548000155, 43.713485717000026 ], [ 22.039104461000079, 43.713779451000164 ], [ 22.042774201000157, 43.711814881000123 ], [ 22.048521042000061, 43.708267212000123 ], [ 22.05347824200004, 43.704467774000193 ], [ 22.056070328000089, 43.702930450000167 ], [ 22.058111192000013, 43.702251435000051 ], [ 22.06033515900009, 43.701793671000189 ], [ 22.069795609000039, 43.700588227000082 ], [ 22.072807313000169, 43.699958801000037 ], [ 22.079235077000135, 43.697662353000112 ], [ 22.082401275000109, 43.696807861000138 ], [ 22.085180283, 43.696651458000076 ], [ 22.087150573000145, 43.696849823000036 ], [ 22.08992958000016, 43.697395325000059 ], [ 22.094966889000091, 43.698955536000085 ], [ 22.097482682000134, 43.699523925000165 ], [ 22.10019874600016, 43.699604034000117 ], [ 22.10228538399997, 43.699264526000093 ], [ 22.104227065000146, 43.69861602800006 ], [ 22.109205246000045, 43.695922852000194 ], [ 22.110837937000042, 43.69530105500013 ], [ 22.113519668000151, 43.694927215000121 ], [ 22.11605453500016, 43.695407867000085 ], [ 22.130117416000132, 43.701599122000175 ], [ 22.141824722000138, 43.707492829000103 ], [ 22.150079727000048, 43.71206283500004 ], [ 22.152957916000105, 43.713321687000132 ], [ 22.155237198, 43.714000701000145 ], [ 22.157602311000062, 43.714431764000039 ], [ 22.160654067000166, 43.714603424000188 ], [ 22.163675308000109, 43.714366913000106 ], [ 22.170715331000054, 43.712722779000103 ], [ 22.173635483000055, 43.711803435999968 ], [ 22.176309585000183, 43.710617065000122 ], [ 22.183555603000173, 43.705341340000189 ], [ 22.185472488000073, 43.704257965000124 ], [ 22.189334869000163, 43.702449800000181 ], [ 22.195817947000137, 43.700099945000034 ], [ 22.197576522000077, 43.699275971000077 ], [ 22.19961357, 43.697772981000014 ], [ 22.209024429000181, 43.689571381000178 ], [ 22.21092605500013, 43.688217163000047 ], [ 22.213497163000056, 43.686973572000113 ], [ 22.215578078000192, 43.686531067000146 ], [ 22.220903397000029, 43.686298371000078 ], [ 22.227216721000161, 43.686634064000089 ], [ 22.230291367000177, 43.68710708600014 ], [ 22.234743119000086, 43.688499451000155 ], [ 22.240255357000024, 43.691326141000047 ], [ 22.242401123000093, 43.69211578300019 ], [ 22.244718551000176, 43.69269943300003 ], [ 22.248214722000171, 43.693202972 ], [ 22.25185585000014, 43.693450928000118 ], [ 22.259328843000048, 43.693576814000039 ], [ 22.270458222000116, 43.693172455000081 ], [ 22.273981095000181, 43.6927261350001 ], [ 22.286371231000032, 43.690311431000111 ], [ 22.288396835000128, 43.689678192000031 ], [ 22.29714202800011, 43.685096742000042 ], [ 22.299137116000168, 43.684406282000111 ], [ 22.308221817000174, 43.682079315000067 ], [ 22.317276001000039, 43.680389404000096 ], [ 22.324155808000057, 43.678638459000126 ], [ 22.328079225000067, 43.677906037000071 ], [ 22.330883026000151, 43.677898407000157 ], [ 22.332851411000036, 43.678184510000108 ], [ 22.341800690000184, 43.680213928000171 ], [ 22.345516204000091, 43.680725097000106 ], [ 22.357244491000188, 43.681388855000137 ], [ 22.361055375000035, 43.681789399000024 ], [ 22.364141465000102, 43.682418824000194 ], [ 22.36693954500015, 43.683383942000091 ], [ 22.37314033600012, 43.686981202000027 ], [ 22.375448227, 43.687889100000177 ], [ 22.390750884000056, 43.692626952000126 ], [ 22.39067840600012, 43.692272186000082 ], [ 22.390497207000124, 43.691711427000143 ], [ 22.39045715300017, 43.691074372000116 ], [ 22.39034462, 43.690490722000106 ], [ 22.390214919000016, 43.689998627000193 ], [ 22.390239715000121, 43.689643860000047 ], [ 22.390213014000153, 43.689170838000166 ], [ 22.390096664000112, 43.688491821000014 ], [ 22.390115737000031, 43.688079834000121 ], [ 22.390115737000031, 43.687713624000025 ], [ 22.390197753000052, 43.687404632000039 ], [ 22.390420914000117, 43.687099458000034 ], [ 22.390695572000084, 43.686744689000079 ], [ 22.391204833000074, 43.686317444000167 ], [ 22.391607284000031, 43.685970307000105 ], [ 22.391920089000109, 43.685611726000047 ], [ 22.392133714000067, 43.685466767000037 ], [ 22.392507554000133, 43.685031891000108 ], [ 22.392820358000051, 43.684722902000033 ], [ 22.39325141900008, 43.68428039600019 ], [ 22.393537522000088, 43.683826447 ], [ 22.393978118000121, 43.683265686000084 ], [ 22.394374847000165, 43.682807922000052 ], [ 22.394729615000188, 43.682502748 ], [ 22.39523124700014, 43.681980133000025 ], [ 22.395944595000174, 43.681442261000086 ], [ 22.396699905000162, 43.680915833000086 ], [ 22.397415161000026, 43.680351257000098 ], [ 22.397975922000114, 43.679939269999977 ], [ 22.398628235, 43.679439544000047 ], [ 22.399240494000139, 43.678890228000057 ], [ 22.399852753000062, 43.678432465000128 ], [ 22.400596618000066, 43.677894592000087 ], [ 22.401189803000022, 43.677486420000093 ], [ 22.401771545000031, 43.677036286000146 ], [ 22.402280807000068, 43.676685333000137 ], [ 22.402473451, 43.676277161000144 ], [ 22.402656555000078, 43.675724030000083 ], [ 22.402818680000053, 43.675224304000153 ] ] ] ] } },
{ "type": "Feature", "properties": { "fid": 146, "GID_2": "SRB.23.3_1", "GID_0": "SRB", "COUNTRY": "Serbia", "GID_1": "SRB.23_1", "NAME_1": "Zaječarski", "NL_NAME_1": "Зајечарски", "NAME_2": "Sokobanja", "VARNAME_2": "NA", "NL_NAME_2": "Сокобања", "TYPE_2": "Opštine", "ENGTYPE_2": "Town|Municipal", "CC_2": "NA", "HASC_2": "NA" }, "geometry": { "type": "MultiPolygon", "coordinates": [ [ [ [ 21.912700653000059, 43.513587952000137 ], [ 21.910137176000148, 43.516281129000106 ], [ 21.904542923000122, 43.523448945000041 ], [ 21.903097153000033, 43.524806976000093 ], [ 21.899421691000043, 43.527244568000128 ], [ 21.88726425100009, 43.534320832000162 ], [ 21.884847640000032, 43.536102295000035 ], [ 21.883491517000039, 43.537532807000105 ], [ 21.879632951000133, 43.543994905000091 ], [ 21.877384186000143, 43.550457000000165 ], [ 21.871122360000015, 43.562503815000127 ], [ 21.86783981300016, 43.567199707000157 ], [ 21.865793227999973, 43.569080353000174 ], [ 21.863145828000143, 43.570549012000072 ], [ 21.858762741000135, 43.57201004000018 ], [ 21.851848602000132, 43.573314666000101 ], [ 21.848991395000098, 43.573253631000114 ], [ 21.846998214000109, 43.572910310000054 ], [ 21.838211060000106, 43.57064056400003 ], [ 21.835371017000057, 43.570140840000079 ], [ 21.833379746000048, 43.569969177000132 ], [ 21.830593108000016, 43.570163725999976 ], [ 21.827766418000124, 43.570964814000035 ], [ 21.822984696000049, 43.573040008000135 ], [ 21.815919876000123, 43.576908112000069 ], [ 21.813922882000099, 43.577526093000131 ], [ 21.811813355000083, 43.577808380000135 ], [ 21.792537690000074, 43.576675416000171 ], [ 21.784458161000146, 43.575458527000137 ], [ 21.781372071000021, 43.5751800540001 ], [ 21.778270721000126, 43.575195312000119 ], [ 21.775253295000027, 43.575534820000144 ], [ 21.773006439000085, 43.576087951000147 ], [ 21.77094459500006, 43.576900482000156 ], [ 21.768398286000149, 43.578460693000181 ], [ 21.763540268000156, 43.581943513000056 ], [ 21.754783631000123, 43.586410522000108 ], [ 21.75152969300018, 43.588680269000065 ], [ 21.750480652000135, 43.590042115000131 ], [ 21.749889374000077, 43.591541290000066 ], [ 21.749782561000018, 43.593532563000053 ], [ 21.750656127000184, 43.598529815000177 ], [ 21.750534057000039, 43.600681306000126 ], [ 21.749921798000116, 43.602775574000191 ], [ 21.747358323000185, 43.606430053000167 ], [ 21.744155885000055, 43.610092162 ], [ 21.742355346000068, 43.611797332000094 ], [ 21.738176345000056, 43.615005493000012 ], [ 21.733568191000131, 43.617965699000194 ], [ 21.724180222000086, 43.622924806000071 ], [ 21.721845627000107, 43.624759674000188 ], [ 21.719383239000138, 43.627323152000031 ], [ 21.716667175000111, 43.631240845000093 ], [ 21.714624404000119, 43.633434296000132 ], [ 21.704912186000115, 43.641792298000098 ], [ 21.70314407300009, 43.644069672000057 ], [ 21.702239991000113, 43.646179200000176 ], [ 21.700876237000045, 43.652877807000095 ], [ 21.700187682000035, 43.655033113000115 ], [ 21.699327468999968, 43.656627655000023 ], [ 21.698139191000053, 43.658084869000163 ], [ 21.691183090000152, 43.663326264000148 ], [ 21.689554214000054, 43.665405274000022 ], [ 21.688619613000071, 43.667812347000165 ], [ 21.688169479000123, 43.67039489800004 ], [ 21.68743515, 43.686416626000039 ], [ 21.685985564000191, 43.692310333000137 ], [ 21.683866499999965, 43.698036193000121 ], [ 21.683271407000063, 43.698631286000079 ], [ 21.682872773000099, 43.700038910000046 ], [ 21.683061599999974, 43.701358796000193 ], [ 21.683805464999978, 43.70260620199997 ], [ 21.68568420500003, 43.703971864000039 ], [ 21.690591812000093, 43.706489564000151 ], [ 21.695390702000111, 43.709278107000046 ], [ 21.698778153000035, 43.711711884000067 ], [ 21.69986152700011, 43.713134766000167 ], [ 21.700454712000067, 43.714675903000057 ], [ 21.700473786000089, 43.716697693000185 ], [ 21.699928283000133, 43.718265534000182 ], [ 21.69895362900013, 43.719753266000168 ], [ 21.694858550000163, 43.723575592000032 ], [ 21.690683364, 43.728397371000142 ], [ 21.688501357000064, 43.730258943000138 ], [ 21.685739518000048, 43.731731415000127 ], [ 21.678520202000129, 43.73415756300011 ], [ 21.67656135500016, 43.734951020000153 ], [ 21.674995422000165, 43.735919953000121 ], [ 21.673997880000059, 43.737106324000138 ], [ 21.673625945000083, 43.738433838000162 ], [ 21.673841477000167, 43.739673614000083 ], [ 21.675586700000053, 43.742748261000031 ], [ 21.676750184000014, 43.743953705000081 ], [ 21.67814636200012, 43.745071412000129 ], [ 21.680742264000116, 43.746551514000032 ], [ 21.682804108000028, 43.747238159000062 ], [ 21.691255569000191, 43.748931885000047 ], [ 21.694032669000137, 43.749877930000082 ], [ 21.703887940000129, 43.756328582000037 ], [ 21.70496368400012, 43.756584167000142 ], [ 21.709312440000076, 43.756649017000143 ], [ 21.721544266000137, 43.755180358000075 ], [ 21.737436295000066, 43.754550934 ], [ 21.741189956000085, 43.754257203000122 ], [ 21.744770049000067, 43.753723145000038 ], [ 21.756002425000077, 43.750801086000081 ], [ 21.76829147300009, 43.74875641 ], [ 21.775142670000037, 43.746566772000051 ], [ 21.78290748600017, 43.743694305000133 ], [ 21.785871505000159, 43.743179321000184 ], [ 21.788936616000058, 43.743007660000103 ], [ 21.792007447000174, 43.743133546000195 ], [ 21.795000075000189, 43.743583680000143 ], [ 21.803035736000083, 43.745990753000058 ], [ 21.806695938000018, 43.746631623000155 ], [ 21.818181991000131, 43.747680664000029 ], [ 21.821815491000052, 43.748359681000125 ], [ 21.836416244000077, 43.753501892000088 ], [ 21.846477509000067, 43.755661011000143 ], [ 21.849506379000047, 43.755962372000113 ], [ 21.85256767300001, 43.756004334000181 ], [ 21.859596252000074, 43.755428315000074 ], [ 21.861700058000054, 43.75543594300018 ], [ 21.863746644000116, 43.755687714000089 ], [ 21.866651535000074, 43.756473541000048 ], [ 21.874187470000152, 43.759201049000126 ], [ 21.876691818000097, 43.759906770000157 ], [ 21.879434586000173, 43.760189056000058 ], [ 21.882125855000027, 43.759979248000093 ], [ 21.887512207000157, 43.758377076000045 ], [ 21.90392494200006, 43.752098084000124 ], [ 21.907287597000163, 43.750034332000041 ], [ 21.910625458000027, 43.747428895000041 ], [ 21.913890839000146, 43.745300293000128 ], [ 21.921470642000145, 43.741672516000108 ], [ 21.92299080000015, 43.740715028000125 ], [ 21.924520492000056, 43.73902511600005 ], [ 21.925504685000078, 43.73701477000003 ], [ 21.927026749000049, 43.728782654000099 ], [ 21.927892685000131, 43.726196290000189 ], [ 21.930438994000042, 43.722244263000107 ], [ 21.940572739000118, 43.709102631000064 ], [ 21.943218231000174, 43.706573486000138 ], [ 21.946216583000137, 43.704246522000176 ], [ 21.948734284000125, 43.702613830000075 ], [ 21.955713271000036, 43.698921204000101 ], [ 21.95800972100011, 43.697315216999982 ], [ 21.960552215000178, 43.695091248000097 ], [ 21.962715149000076, 43.69383239800004 ], [ 21.964460373000065, 43.693389893000131 ], [ 21.966369628000052, 43.693260194000118 ], [ 21.980258941000045, 43.694175720000032 ], [ 21.98233413600002, 43.694576264000148 ], [ 21.988185883000085, 43.696502686000031 ], [ 21.992752074000123, 43.69704437200005 ], [ 22.009904861000166, 43.696647643000176 ], [ 22.030723571000181, 43.685943604000158 ], [ 22.038602830000059, 43.68167114400012 ], [ 22.044759751000129, 43.67867279100011 ], [ 22.047426224000048, 43.677032471000075 ], [ 22.049562454000068, 43.675064087000123 ], [ 22.05121994100017, 43.672847748000152 ], [ 22.052394867000032, 43.670467376000033 ], [ 22.053081513000166, 43.667766572 ], [ 22.053936004000093, 43.659431457000039 ], [ 22.055830002000107, 43.65151596100003 ], [ 22.05578231800007, 43.647056579000036 ], [ 22.054647445000057, 43.641967773000147 ], [ 22.054620743000157, 43.639904022 ], [ 22.055227279000064, 43.637889862000179 ], [ 22.056747435999966, 43.63575363200016 ], [ 22.063018799000076, 43.629692078000119 ], [ 22.064424515000042, 43.627586364000138 ], [ 22.064807892999966, 43.6256256100001 ], [ 22.064350129000104, 43.623672486000146 ], [ 22.062976837000178, 43.621707916000105 ], [ 22.054815292000171, 43.614311218000068 ], [ 22.053649903000121, 43.612400055000137 ], [ 22.053541183000164, 43.610542298000155 ], [ 22.054622651000159, 43.60838699400017 ], [ 22.056444169000031, 43.606258392000086 ], [ 22.062141418000067, 43.600547790000064 ], [ 22.066482544000053, 43.597385407000161 ], [ 22.071271896000042, 43.594635010000047 ], [ 22.073797227000171, 43.593544007000105 ], [ 22.079072952000161, 43.591861725 ], [ 22.081069945000081, 43.590862274000187 ], [ 22.081989288000045, 43.589851379000152 ], [ 22.082452775000093, 43.588695527000084 ], [ 22.08230972299998, 43.58692550700016 ], [ 22.081537247000028, 43.585891723000088 ], [ 22.080299377000131, 43.584980011000141 ], [ 22.078477859000031, 43.584140778000062 ], [ 22.076349259000153, 43.583480835000103 ], [ 22.068233491000115, 43.581874847000051 ], [ 22.066089631000182, 43.581546784000182 ], [ 22.062990188000128, 43.581394195000087 ], [ 22.059881210000128, 43.581626893000134 ], [ 22.057487488000106, 43.582103730000085 ], [ 22.055187225000111, 43.582820892000086 ], [ 22.043905258000052, 43.588268280000136 ], [ 22.041669846000161, 43.588920593000012 ], [ 22.039367676000097, 43.589298248000091 ], [ 22.036434174000078, 43.589324951000094 ], [ 22.034391403000029, 43.589057922000109 ], [ 22.026506423000114, 43.587333680000086 ], [ 22.010002137000185, 43.580455781000069 ], [ 22.007955551000123, 43.579448701000047 ], [ 22.005430221000097, 43.577785493000135 ], [ 22.003595352000048, 43.575706483000033 ], [ 22.002531052000109, 43.573558808000087 ], [ 22.000421523999989, 43.567619324000134 ], [ 21.998905182000158, 43.564960480000082 ], [ 21.996744156000034, 43.562099458000148 ], [ 21.992961884000067, 43.557891846000189 ], [ 21.977354050000088, 43.570011139000087 ], [ 21.973653794000029, 43.571949005000192 ], [ 21.970432281000171, 43.572746277000078 ], [ 21.967037201000096, 43.572830201000102 ], [ 21.959100722000073, 43.571975708000025 ], [ 21.955091477000053, 43.570999145000087 ], [ 21.952943801000174, 43.569709777000185 ], [ 21.952030181000111, 43.56847381700004 ], [ 21.948881149000158, 43.561092376000147 ], [ 21.948822021000012, 43.559135437000123 ], [ 21.950103760000104, 43.555068969000104 ], [ 21.950656891000165, 43.550518036000028 ], [ 21.951223373000118, 43.54909896900017 ], [ 21.952232360000039, 43.547763824000072 ], [ 21.953664780000054, 43.546554565000122 ], [ 21.964056014999983, 43.53930664 ], [ 21.97200965900015, 43.532714844000168 ], [ 21.974248887000101, 43.531322479000153 ], [ 21.976684571000021, 43.530143738000049 ], [ 21.983684539000137, 43.527549744000169 ], [ 21.985387802000105, 43.526649475 ], [ 21.986608506000039, 43.525615693000134 ], [ 21.987138748, 43.524478913 ], [ 21.987060547000056, 43.523269654000046 ], [ 21.98586845400007, 43.521560669000166 ], [ 21.984367371000133, 43.520530700000108 ], [ 21.982513427000015, 43.519626618000075 ], [ 21.978712081000083, 43.518333435000102 ], [ 21.975704193000126, 43.517864228000121 ], [ 21.972570419000135, 43.517738341999973 ], [ 21.967184066000073, 43.518230438000046 ], [ 21.965063094000129, 43.518768310000098 ], [ 21.957458494999969, 43.522041321000131 ], [ 21.955013276000102, 43.52263259900019 ], [ 21.952886581000087, 43.522674561000144 ], [ 21.950735093000048, 43.522331237000117 ], [ 21.948211670000092, 43.521526337000125 ], [ 21.940780639000138, 43.518436432000044 ], [ 21.934017182000161, 43.516181946000188 ], [ 21.927553177000107, 43.51512909000013 ], [ 21.912700653000059, 43.513587952000137 ] ] ] ] } },
{ "type": "Feature", "properties": { "fid": 147, "GID_2": "SRB.23.4_1", "GID_0": "SRB", "COUNTRY": "Serbia", "GID_1": "SRB.23_1", "NAME_1": "Zaječarski", "NL_NAME_1": "Зајечарски", "NAME_2": "Zaječar", "VARNAME_2": "Zăii-cer|Zăiceri|Zăicear.", "NL_NAME_2": "Зајечар", "TYPE_2": "Opštine", "ENGTYPE_2": "Town|Municipal", "CC_2": "NA", "HASC_2": "NA" }, "geometry": { "type": "MultiPolygon", "coordinates": [ [ [ [ 22.469886881000093, 44.008251124000083 ], [ 22.469438554000192, 44.0079765320001 ], [ 22.469013213999972, 44.00773239200015 ], [ 22.468620300000168, 44.007431031000181 ], [ 22.46824455300009, 44.007202148000147 ], [ 22.467773438000108, 44.006870270000036 ], [ 22.467292786000087, 44.006538392000095 ], [ 22.466846467000039, 44.006324769000116 ], [ 22.466310502000169, 44.006118775000118 ], [ 22.465801238000154, 44.005912780000017 ], [ 22.465286253999977, 44.005790712000078 ], [ 22.464796066000133, 44.005680084000119 ], [ 22.464311599000098, 44.005546570000092 ], [ 22.463745117000087, 44.005466462000072 ], [ 22.463180543000135, 44.005405426000152 ], [ 22.462596893000125, 44.005367279000097 ], [ 22.461980819000132, 44.00531005900018 ], [ 22.461484909000148, 44.00531005900018 ], [ 22.460954666000077, 44.005439758000136 ], [ 22.460494995000147, 44.005535125000165 ], [ 22.459976196000127, 44.005706788000055 ], [ 22.459377290000134, 44.005832671000064 ], [ 22.458873749000134, 44.00597000200014 ], [ 22.458351134000111, 44.006076813 ], [ 22.457834245000072, 44.006202698000038 ], [ 22.457256318000134, 44.006305696000027 ], [ 22.456695556999989, 44.006412506000174 ], [ 22.456104279000101, 44.006526946000065 ], [ 22.455270767000059, 44.006568908000133 ], [ 22.454355240000098, 44.006675721000192 ], [ 22.453611374000161, 44.006725311000025 ], [ 22.453018189000034, 44.006778718000078 ], [ 22.45194244400011, 44.006881712999984 ], [ 22.451042174000065, 44.007015229000046 ], [ 22.45003891000016, 44.007106781000175 ], [ 22.449180602000013, 44.007148743000073 ], [ 22.448335647000192, 44.007247925000115 ], [ 22.447536468000067, 44.007320404000154 ], [ 22.446966171000042, 44.007389069000055 ], [ 22.446439742999985, 44.007431031000181 ], [ 22.446247102000143, 44.007461548000094 ], [ 22.445823670000095, 44.007469178 ], [ 22.445373536000147, 44.007476806000113 ], [ 22.444686889000081, 44.007381439000142 ], [ 22.444089889000111, 44.007308960000103 ], [ 22.443502426000066, 44.007232667000096 ], [ 22.442777634000151, 44.007156373000157 ], [ 22.442176819000053, 44.007061003999979 ], [ 22.441480636000108, 44.006984710000097 ], [ 22.440938951000135, 44.006889343000125 ], [ 22.440364839000097, 44.006790161000083 ], [ 22.440010070000142, 44.006748199000128 ], [ 22.439579010000159, 44.00670623700006 ], [ 22.439104080000106, 44.006641389000038 ], [ 22.438808441000106, 44.006587982000099 ], [ 22.438804626000035, 44.006118775000118 ], [ 22.438795090000156, 44.005580902000133 ], [ 22.438779832000137, 44.005081176000147 ], [ 22.438758851000046, 44.00464630100015 ], [ 22.438758851000046, 44.004222871000081 ], [ 22.438695908000113, 44.0037345880001 ], [ 22.438640595000038, 44.003349305000143 ], [ 22.438600541000085, 44.002914429000043 ], [ 22.438476563000165, 44.002506256000061 ], [ 22.438337326000067, 44.002040863000047 ], [ 22.43826675300005, 44.0016136160001 ], [ 22.438156128, 44.001262665000127 ], [ 22.437995910000097, 44.000976563000108 ], [ 22.437791824000101, 44.00077056900011 ], [ 22.437496185000043, 44.000606536000134 ], [ 22.436983108000106, 44.000518800000123 ], [ 22.436422349000168, 44.000434876000099 ], [ 22.435859680000078, 44.000339509000128 ], [ 22.43532562300004, 44.000240327000085 ], [ 22.434713364000118, 44.000114441000164 ], [ 22.434228897000082, 44.000015259000122 ], [ 22.433578491000048, 43.999931335000099 ], [ 22.432865143000186, 43.999813079000091 ], [ 22.432262421000075, 43.999725342000033 ], [ 22.431568146000075, 43.999599456999988 ], [ 22.430875779000075, 43.999481201000151 ], [ 22.430339814000092, 43.999393464000093 ], [ 22.429721833000031, 43.999256133000188 ], [ 22.429079055000102, 43.99917221100003 ], [ 22.428365707000069, 43.999061584000174 ], [ 22.427654266000104, 43.998985290000064 ], [ 22.42707061800013, 43.998928070000147 ], [ 22.426610947000029, 43.998832703000176 ], [ 22.426000596000051, 43.998672486000146 ], [ 22.425426484000127, 43.99848556500001 ], [ 22.424940109000147, 43.99831771900017 ], [ 22.424453736000146, 43.998115540000072 ], [ 22.42409896900017, 43.998008727000183 ], [ 22.423418045000119, 43.997734069000046 ], [ 22.422708511000053, 43.997482300000058 ], [ 22.421976090000101, 43.997184754000159 ], [ 22.421281815000157, 43.996860504000153 ], [ 22.420749665000187, 43.996608734000063 ], [ 22.420576096000104, 43.99653244000018 ], [ 22.420188904000042, 43.99636840800008 ], [ 22.41970062300004, 43.996166229000153 ], [ 22.419166565000069, 43.995903016000113 ], [ 22.418601989000081, 43.995735168000124 ], [ 22.41814613300005, 43.995700836000083 ], [ 22.417325974000107, 43.995704652000086 ], [ 22.416379928000026, 43.995727540000189 ], [ 22.415426255000057, 43.995780945000092 ], [ 22.414783478000061, 43.995796203999987 ], [ 22.414056777999974, 43.995864869000116 ], [ 22.413438797000083, 43.995903016000113 ], [ 22.412696838000102, 43.995937348000155 ], [ 22.412033081000175, 43.995933531999981 ], [ 22.411338806000174, 43.995925904000103 ], [ 22.410806656000034, 43.99583816500018 ], [ 22.410099030000083, 43.995647431000066 ], [ 22.409513473000061, 43.995498657000155 ], [ 22.408975601000122, 43.995357513000044 ], [ 22.408451081000067, 43.995231629000102 ], [ 22.407726287000116, 43.99509811300004 ], [ 22.407138824000128, 43.994949341 ], [ 22.406509400000061, 43.994777680000084 ], [ 22.405801774000167, 43.994655610000109 ], [ 22.405227662000073, 43.994518281000069 ], [ 22.404781340999989, 43.994380952000142 ], [ 22.404434205000086, 43.994274140000186 ], [ 22.404567719000113, 43.9937782290001 ], [ 22.404735564000021, 43.993358612000122 ], [ 22.404809953000097, 43.993206025000177 ], [ 22.404899597000053, 43.99301529000013 ], [ 22.405025483000145, 43.992687225000054 ], [ 22.40516471900014, 43.992416382000158 ], [ 22.405294418000096, 43.992149353000173 ], [ 22.405445100000122, 43.991760254000042 ], [ 22.405633926000121, 43.99135971100003 ], [ 22.405845641000155, 43.990882872999975 ], [ 22.405986786000028, 43.990379334000181 ], [ 22.406208038000045, 43.98987197800011 ], [ 22.406354905000171, 43.989418030000195 ], [ 22.40656852799998, 43.988986969000166 ], [ 22.406724930000166, 43.988563537000118 ], [ 22.406806946000188, 43.988460542000041 ], [ 22.407133102000159, 43.987667085 ], [ 22.406606674000159, 43.987228394000056 ], [ 22.406200408000075, 43.986839294000163 ], [ 22.405733109000096, 43.986423492000085 ], [ 22.405363084000101, 43.986099244000059 ], [ 22.404998779000039, 43.985713959000066 ], [ 22.405439377000107, 43.985397339000144 ], [ 22.406421661000024, 43.98478317200005 ], [ 22.40710830800009, 43.984313965000069 ], [ 22.407680512000184, 43.983936310000161 ], [ 22.4081764230001, 43.983566285000165 ], [ 22.408748627000023, 43.983207703000176 ], [ 22.409219742000175, 43.982891084000187 ], [ 22.40972709600004, 43.982479097000123 ], [ 22.410070419000135, 43.982101441000111 ], [ 22.410381317000088, 43.981666566000115 ], [ 22.410549164000031, 43.981304169000055 ], [ 22.410663604999968, 43.980873109000072 ], [ 22.410606384000118, 43.980529786000034 ], [ 22.4100894930001, 43.980182647000163 ], [ 22.409517288000075, 43.979797363999978 ], [ 22.408824921000075, 43.979358673000036 ], [ 22.408163070000114, 43.978939056000058 ], [ 22.407470703000115, 43.978530884000179 ], [ 22.406723022000165, 43.978130341000167 ], [ 22.405988693000097, 43.977672577000135 ], [ 22.405242920000092, 43.977302551999969 ], [ 22.404582977000132, 43.976802826000039 ], [ 22.404045105000023, 43.976467133000028 ], [ 22.403497696000102, 43.976150513000164 ], [ 22.402990340000088, 43.975826263000158 ], [ 22.402700424000045, 43.97551727300015 ], [ 22.40251731799998, 43.975067139000032 ], [ 22.402719497000135, 43.974594117000152 ], [ 22.403001786000118, 43.974296571000025 ], [ 22.403440476000185, 43.973873139000034 ], [ 22.403648376000149, 43.973346711000147 ], [ 22.403789520000089, 43.972896576000096 ], [ 22.403732300000172, 43.972419738000099 ], [ 22.403610229000094, 43.971958161000032 ], [ 22.403339385999971, 43.971504212000184 ], [ 22.403078079000124, 43.971065522000117 ], [ 22.402791976000174, 43.970672608000143 ], [ 22.402559280000105, 43.970214844999987 ], [ 22.402473451, 43.969852448000154 ], [ 22.402555465000034, 43.969509124000126 ], [ 22.403028489000121, 43.969287873000042 ], [ 22.40363693300003, 43.969062806000181 ], [ 22.404336928000077, 43.968860626000151 ], [ 22.40480232200008, 43.968654632000153 ], [ 22.405099869000082, 43.968482971000071 ], [ 22.405412674000104, 43.968120574000181 ], [ 22.405567168000118, 43.96784210300018 ], [ 22.405626296000037, 43.967498780000085 ], [ 22.405530929000065, 43.967025758000034 ], [ 22.405485154000075, 43.966484070000149 ], [ 22.405344010000135, 43.965923309 ], [ 22.405172347000018, 43.965393066000104 ], [ 22.404899597000053, 43.96453475900006 ], [ 22.404630662000045, 43.963642121000078 ], [ 22.404441833000192, 43.963111877000131 ], [ 22.404350281000063, 43.962467194000169 ], [ 22.404533387000129, 43.96208572400019 ], [ 22.404869080000083, 43.961673737000126 ], [ 22.405223847000059, 43.961250305000078 ], [ 22.405490875000112, 43.960857391000104 ], [ 22.405853272000172, 43.96030044500003 ], [ 22.406028747, 43.959758760000057 ], [ 22.406000138000024, 43.959075928000061 ], [ 22.40589523400007, 43.958526612000071 ], [ 22.405759812000042, 43.957839965000176 ], [ 22.405544282000164, 43.957042695000098 ], [ 22.405225755000174, 43.956245423000041 ], [ 22.404993057000127, 43.955558778000182 ], [ 22.404691697000032, 43.954757690000122 ], [ 22.404518127000074, 43.954208375000064 ], [ 22.404424667000171, 43.953750611000032 ], [ 22.404197694000118, 43.953159333000144 ], [ 22.40397834900017, 43.952514648000033 ], [ 22.403835297000057, 43.951873780000085 ], [ 22.403654099000164, 43.95133209200003 ], [ 22.403450012000064, 43.950637817000086 ], [ 22.4032421120001, 43.949928284000066 ], [ 22.40305328300019, 43.949287414000139 ], [ 22.402935028000115, 43.94861221300016 ], [ 22.402835845000141, 43.947906494000108 ], [ 22.40275192200005, 43.947170257000039 ], [ 22.402723311999978, 43.946640015000014 ], [ 22.402814864000106, 43.94594574000007 ], [ 22.402839661000144, 43.945384979000096 ], [ 22.402870179000161, 43.944782258000089 ], [ 22.402902602999973, 43.944171907000111 ], [ 22.402952193000033, 43.943485260000045 ], [ 22.402927399000077, 43.943004607000148 ], [ 22.402795791000017, 43.942382813000052 ], [ 22.402595519000158, 43.941772462000074 ], [ 22.402257918000032, 43.941085815 ], [ 22.40187835800009, 43.940578461000143 ], [ 22.401559830000167, 43.940097809000179 ], [ 22.401004792000094, 43.939567566000107 ], [ 22.400428772000055, 43.938987732000044 ], [ 22.39985466000013, 43.938423157000159 ], [ 22.399366378000082, 43.937965393000127 ], [ 22.398899078000113, 43.937438964000194 ], [ 22.398485184000151, 43.936878205000028 ], [ 22.397853852000139, 43.936275481999985 ], [ 22.39746284600011, 43.935871125000062 ], [ 22.397251129000097, 43.935413360999974 ], [ 22.397241593000047, 43.934791565000069 ], [ 22.397344590000102, 43.93435668900014 ], [ 22.397449493000181, 43.933929444000057 ], [ 22.397588730000052, 43.933677673000091 ], [ 22.397819520000155, 43.933395387000189 ], [ 22.39800834700003, 43.933086395000032 ], [ 22.398164749000046, 43.932754517000092 ], [ 22.398334504000104, 43.932434082000157 ], [ 22.398403168000129, 43.932067872000061 ], [ 22.398557662000144, 43.93159103500011 ], [ 22.398597717000143, 43.93122863800005 ], [ 22.398559570000089, 43.930831909000176 ], [ 22.398538589000054, 43.930301666999981 ], [ 22.398456573000033, 43.929763794000166 ], [ 22.398391724000078, 43.929252625000061 ], [ 22.398403168000129, 43.928909302000193 ], [ 22.398485184000151, 43.92860794000012 ], [ 22.398664475000146, 43.928398133000087 ], [ 22.398818970000093, 43.928180695000037 ], [ 22.398956299000133, 43.927856445000032 ], [ 22.399005891000172, 43.927608491000115 ], [ 22.399057388000074, 43.92721176200007 ], [ 22.399040222000053, 43.926731110000048 ], [ 22.398963929000047, 43.926258087000122 ], [ 22.398820877000162, 43.925765992000152 ], [ 22.398681641000167, 43.925403595000091 ], [ 22.398401260000128, 43.925018312000134 ], [ 22.398046493000038, 43.924625396000124 ], [ 22.397657395000124, 43.924354553000171 ], [ 22.397153854000123, 43.923980713000162 ], [ 22.396734237000146, 43.923694609999984 ], [ 22.39638328500007, 43.923538208000025 ], [ 22.395811081000147, 43.923236848000158 ], [ 22.395154953000031, 43.923011780000195 ], [ 22.394958496000015, 43.922916413 ], [ 22.394557953, 43.922744750000106 ], [ 22.393848419000108, 43.922504426000103 ], [ 22.393121720000124, 43.922256470000036 ], [ 22.392305374000102, 43.922069549000128 ], [ 22.391897202000052, 43.921829225000124 ], [ 22.391216278, 43.921501160000048 ], [ 22.390626908000115, 43.921146393000129 ], [ 22.390098571000181, 43.920753479000098 ], [ 22.389707565000151, 43.92038726800007 ], [ 22.389173508000113, 43.919921875000057 ], [ 22.388883591000024, 43.919746400000179 ], [ 22.388212205000059, 43.919445038000106 ], [ 22.387580871000068, 43.91915512200012 ], [ 22.386819840000044, 43.918811798000149 ], [ 22.386224747000142, 43.918510437000123 ], [ 22.38552856400014, 43.918190002000188 ], [ 22.384864808000145, 43.917865754 ], [ 22.384252547000187, 43.917522431000123 ], [ 22.383733750000147, 43.917232514000034 ], [ 22.383167265999987, 43.916870117000144 ], [ 22.382696152000108, 43.916419984000129 ], [ 22.382595062000064, 43.916412353999988 ], [ 22.382127762000152, 43.916057587000068 ], [ 22.381654740000101, 43.91565322800011 ], [ 22.38128852799997, 43.915279388000044 ], [ 22.380836487000181, 43.914894105000087 ], [ 22.380498886, 43.914501191000056 ], [ 22.380174636, 43.914043427000195 ], [ 22.379909516000112, 43.913825990000078 ], [ 22.379367828000056, 43.913295745000141 ], [ 22.378906249000124, 43.912788391000106 ], [ 22.378477096000097, 43.91235351600011 ], [ 22.378284455000028, 43.911968231000117 ], [ 22.378156661000105, 43.911441803000059 ], [ 22.378179550000141, 43.911003113000163 ], [ 22.37822914200018, 43.910537721000026 ], [ 22.378274917000113, 43.910144807000052 ], [ 22.378406525000173, 43.909656525000116 ], [ 22.378526688000079, 43.909099579000042 ], [ 22.378694534000147, 43.908363341999973 ], [ 22.378953934000094, 43.907794952000017 ], [ 22.379211426000097, 43.9072341910001 ], [ 22.379524231000119, 43.906642913000042 ], [ 22.379808426000068, 43.906082154000046 ], [ 22.380153655000129, 43.905555725000113 ], [ 22.38043975800008, 43.905025482000042 ], [ 22.380870819000165, 43.904342651000093 ], [ 22.381315232000077, 43.903728484 ], [ 22.381866455000136, 43.90316772500006 ], [ 22.382335662000116, 43.902656556000125 ], [ 22.382371902000102, 43.902416230000142 ], [ 22.382310868000047, 43.902053833000082 ], [ 22.382156371000121, 43.901576996000188 ], [ 22.381940841000073, 43.901256561000025 ], [ 22.381639480000047, 43.900913240000136 ], [ 22.381334305000109, 43.900634767000099 ], [ 22.381128311000168, 43.900115967000147 ], [ 22.381067275000078, 43.899730682000154 ], [ 22.381025313000123, 43.899276733000193 ], [ 22.381162642000049, 43.898921967000149 ], [ 22.38128852799997, 43.898559570000089 ], [ 22.381597520000128, 43.898078919 ], [ 22.381912232000104, 43.897663117000093 ], [ 22.38223266500006, 43.897296905000132 ], [ 22.382541657000047, 43.896839142000033 ], [ 22.382633209000119, 43.896423340000069 ], [ 22.382677078000143, 43.896015168000076 ], [ 22.382766725000181, 43.895580292000147 ], [ 22.382801056000062, 43.895050050000123 ], [ 22.382812500000114, 43.894573213000058 ], [ 22.382787704000066, 43.894004821000067 ], [ 22.382646562000104, 43.893360138000105 ], [ 22.382472991000043, 43.892860413000051 ], [ 22.382293700000048, 43.892383575000053 ], [ 22.382049561000144, 43.89180755600006 ], [ 22.381738662000089, 43.891223908000086 ], [ 22.381448746000103, 43.890739441000107 ], [ 22.381160737000187, 43.890190125000117 ], [ 22.380910873000118, 43.889713287000063 ], [ 22.380567552, 43.889186860000166 ], [ 22.380277633000105, 43.888710023000044 ], [ 22.380031586000086, 43.888294221000081 ], [ 22.379695893000132, 43.887779237000132 ], [ 22.379503250000084, 43.887367248000032 ], [ 22.379186630000163, 43.886775970000144 ], [ 22.378883363, 43.886104583000133 ], [ 22.378730773000029, 43.88545227000003 ], [ 22.378623963000052, 43.884746552000081 ], [ 22.378431319000128, 43.884014130000082 ], [ 22.378183365000041, 43.883075714000029 ], [ 22.377965927000162, 43.882247925000058 ], [ 22.377901077000104, 43.881629944000167 ], [ 22.377874375000033, 43.881011962000173 ], [ 22.377786636000167, 43.880199432000097 ], [ 22.37772369400011, 43.879653931000178 ], [ 22.377624511000135, 43.878868104000105 ], [ 22.377408981000087, 43.877922058000138 ], [ 22.377262115000178, 43.877063752000026 ], [ 22.377140046000136, 43.876461029000154 ], [ 22.377023696000094, 43.87571334900008 ], [ 22.376930236000135, 43.875171661000195 ], [ 22.376836777000165, 43.874553680000133 ], [ 22.376720429000102, 43.873767853000061 ], [ 22.376565934000041, 43.87288665900013 ], [ 22.376417160000187, 43.872016908000035 ], [ 22.376350402000128, 43.871044160000054 ], [ 22.376346589000093, 43.870296478000171 ], [ 22.376312255000073, 43.869621276000089 ], [ 22.376247407000051, 43.868785859000127 ], [ 22.376150132000078, 43.868049622000058 ], [ 22.376117706000059, 43.867279054000051 ], [ 22.37623214600012, 43.86658859400012 ], [ 22.376226426000187, 43.86572647100013 ], [ 22.376192092, 43.865051269000048 ], [ 22.376068116000056, 43.864509584000075 ], [ 22.375864029000127, 43.863739012999986 ], [ 22.375537871000176, 43.863113404000046 ], [ 22.375181197000131, 43.862434387000064 ], [ 22.374797821000186, 43.861797332000037 ], [ 22.374473571000181, 43.861251831000118 ], [ 22.37414932300004, 43.860851288000106 ], [ 22.37385749800012, 43.86047744800004 ], [ 22.37370300300006, 43.85991668600019 ], [ 22.373619079000036, 43.859279634000075 ], [ 22.373607636000031, 43.8591804510001 ], [ 22.373523712, 43.858543397000176 ], [ 22.373338699999977, 43.857868195000094 ], [ 22.373245238999971, 43.857322692000139 ], [ 22.373243331000026, 43.856845855000074 ], [ 22.373359679000032, 43.856315613000049 ], [ 22.373353959000099, 43.855812074000028 ], [ 22.373319625000136, 43.855209350999985 ], [ 22.373258592000127, 43.854782105000027 ], [ 22.373083114000167, 43.853939056000172 ], [ 22.372987747000025, 43.853313447000176 ], [ 22.372835158999976, 43.852752686000031 ], [ 22.372600556, 43.852207185000111 ], [ 22.372547149000127, 43.851799011000082 ], [ 22.372453689000054, 43.851417543000139 ], [ 22.372331619000079, 43.850936890000071 ], [ 22.372156143000097, 43.850330352000185 ], [ 22.372030258999985, 43.849605561000146 ], [ 22.37187767000006, 43.848960878000184 ], [ 22.371702194000136, 43.848323823000158 ], [ 22.371517180000126, 43.847625733000143 ], [ 22.371282577000159, 43.846920014000091 ], [ 22.370927810000182, 43.846240998000042 ], [ 22.370630264000056, 43.845615386000134 ], [ 22.370397567999987, 43.845069885000044 ], [ 22.370243073000097, 43.844478608000031 ], [ 22.370037078000053, 43.843944550000117 ], [ 22.369884491000107, 43.843399047000162 ], [ 22.369710923000127, 43.842803955000136 ], [ 22.369495393000079, 43.842067720000045 ], [ 22.36929130600015, 43.841449738000108 ], [ 22.369106292000083, 43.840908051000099 ], [ 22.36893272400016, 43.840435028000172 ], [ 22.368810653000082, 43.84003448500016 ], [ 22.368715286000111, 43.839553832000092 ], [ 22.368602753000118, 43.838901519 ], [ 22.368568420000031, 43.838367462000122 ], [ 22.368595122999977, 43.837825776000102 ], [ 22.368501664000178, 43.837444306000123 ], [ 22.368408202000069, 43.836853028000064 ], [ 22.368114471000183, 43.836288452000076 ], [ 22.367761612000038, 43.835853576000147 ], [ 22.367408753000063, 43.835453035000114 ], [ 22.367084503000058, 43.835102081000059 ], [ 22.366790771000126, 43.834648132000041 ], [ 22.366575241000191, 43.834228515000063 ], [ 22.366432190000182, 43.83370590300018 ], [ 22.366371154000092, 43.833255767000082 ], [ 22.366397858000028, 43.832805633000135 ], [ 22.36648368900012, 43.832130432000099 ], [ 22.366540909000037, 43.83177566500018 ], [ 22.366678238000134, 43.831386567000095 ], [ 22.36679458600014, 43.830959319000101 ], [ 22.366792679000071, 43.830696107 ], [ 22.366701127000169, 43.830303193000191 ], [ 22.366548538000018, 43.829895019000162 ], [ 22.366405488000112, 43.82966995400011 ], [ 22.366142273000094, 43.829288483000084 ], [ 22.365810395000153, 43.828857423000102 ], [ 22.365375520000157, 43.828357697000172 ], [ 22.365022658999976, 43.827945710000108 ], [ 22.364728927000044, 43.827564240000129 ], [ 22.364435196000159, 43.827205658000139 ], [ 22.364082337000184, 43.826885222999977 ], [ 22.363668442000119, 43.826473237000187 ], [ 22.363376617000029, 43.825996399000189 ], [ 22.363142013000186, 43.825565339000036 ], [ 22.36298942600007, 43.825134277000075 ], [ 22.362865447000047, 43.824665069000162 ], [ 22.362752915000158, 43.824283599000012 ], [ 22.362459183000169, 43.823944093000193 ], [ 22.362146378000148, 43.82350158700018 ], [ 22.361854553000057, 43.82320022600004 ], [ 22.361600876000125, 43.822902678999981 ], [ 22.361358642000141, 43.822643280000136 ], [ 22.361015320000149, 43.822303771000179 ], [ 22.360773087000098, 43.821891784000115 ], [ 22.36050987200008, 43.821571350000056 ], [ 22.360277176000181, 43.821121216000108 ], [ 22.359983445000125, 43.820716859000129 ], [ 22.359708787000159, 43.820327759000122 ], [ 22.359596252000188, 43.820121766000057 ], [ 22.359323501000063, 43.81964874200014 ], [ 22.359142303000169, 43.819133758000191 ], [ 22.358936311000036, 43.818500518000178 ], [ 22.358619691000115, 43.817680359000065 ], [ 22.358434677000048, 43.817165375000116 ], [ 22.35837364200006, 43.816734315000133 ], [ 22.358289718000094, 43.816173554000045 ], [ 22.358196259000067, 43.815673828000058 ], [ 22.358072280000044, 43.815231323000148 ], [ 22.357807160000107, 43.814903259000175 ], [ 22.357454299000153, 43.814571381000064 ], [ 22.357122421000042, 43.814178468000136 ], [ 22.356918336000092, 43.813819886000147 ], [ 22.356746673000032, 43.813407899000083 ], [ 22.356594086000086, 43.813091279000162 ], [ 22.356399537000073, 43.812641144000168 ], [ 22.356246947000045, 43.812126159000059 ], [ 22.356063843000186, 43.811676026000043 ], [ 22.355821610000135, 43.811286927000083 ], [ 22.355556487000115, 43.810832978000121 ], [ 22.355293275, 43.810535432000165 ], [ 22.354879378000135, 43.810077668000133 ], [ 22.354497910000021, 43.809715271000073 ], [ 22.354154587000153, 43.809284211000147 ], [ 22.353731155000105, 43.808921814000087 ], [ 22.35330772400016, 43.808525086000088 ], [ 22.352823257000125, 43.808193207000102 ], [ 22.352411270000061, 43.807914734000065 ], [ 22.352039337000122, 43.80773544300007 ], [ 22.351184845000091, 43.807430267000029 ], [ 22.350450516000024, 43.807083130000194 ], [ 22.34964943000017, 43.806697844999974 ], [ 22.348932267000066, 43.806373597000174 ], [ 22.348281861000089, 43.806091309000067 ], [ 22.347698212000182, 43.805950165000127 ], [ 22.347234725000135, 43.805763244000048 ], [ 22.3470230100001, 43.80545425400004 ], [ 22.346940994000079, 43.805023194000057 ], [ 22.346937179000179, 43.804553987000077 ], [ 22.347076415000174, 43.804279327000074 ], [ 22.347303391000082, 43.80394363400012 ], [ 22.347393035000039, 43.803668976000097 ], [ 22.347330094000085, 43.80333328200004 ], [ 22.347099303999983, 43.803043366000054 ], [ 22.346866608000141, 43.802722931000119 ], [ 22.346593857000187, 43.802402496000127 ], [ 22.346300126000131, 43.802154542000039 ], [ 22.346239091000143, 43.801856995000037 ], [ 22.34620475700018, 43.801345826000102 ], [ 22.346200944000088, 43.800804139000149 ], [ 22.346147537000036, 43.800170899000136 ], [ 22.34617233300014, 43.799629211000081 ], [ 22.346221925000179, 43.799209594000104 ], [ 22.346277237000095, 43.798759460000156 ], [ 22.346275330000026, 43.798351289000038 ], [ 22.346164702000124, 43.798034669000117 ], [ 22.345949172000076, 43.797672272000113 ], [ 22.345741272000112, 43.797367095000141 ], [ 22.345335006000028, 43.796981812000183 ], [ 22.344921112000065, 43.796680450999986 ], [ 22.34457016000016, 43.79640960800009 ], [ 22.344308853000143, 43.796051026000043 ], [ 22.344078064000144, 43.795764923000092 ], [ 22.343898773000149, 43.795413971000187 ], [ 22.343778610000072, 43.795104981 ], [ 22.343776703000174, 43.794750215000192 ], [ 22.343751907000069, 43.794120788000043 ], [ 22.343748092, 43.793575287000124 ], [ 22.343828200000075, 43.792961121000133 ], [ 22.34406471200009, 43.792255401000148 ], [ 22.344293595000124, 43.791778566000062 ], [ 22.344579696000096, 43.791313172000116 ], [ 22.344835282000076, 43.791057587000182 ], [ 22.345100402000185, 43.790840149000132 ], [ 22.345397949000187, 43.790554046000182 ], [ 22.345817566000164, 43.790252687000191 ], [ 22.346130371000015, 43.790019989000143 ], [ 22.346445083000162, 43.789733887000068 ], [ 22.346918105000043, 43.789417268000079 ], [ 22.347206116000166, 43.789222718000133 ], [ 22.347442627000078, 43.788742066000168 ], [ 22.347650527000042, 43.788124085000106 ], [ 22.347812652000073, 43.787712098000043 ], [ 22.347993850000137, 43.787212372000056 ], [ 22.348129272000165, 43.786712646000126 ], [ 22.348283767000055, 43.785934449000138 ], [ 22.348365783000077, 43.785190582000098 ], [ 22.348474503000034, 43.784542084000122 ], [ 22.348531723000121, 43.783859252000127 ], [ 22.348632813000165, 43.783191681 ], [ 22.34876823400009, 43.782752990000063 ], [ 22.348922729000151, 43.782379150000054 ], [ 22.349208832000102, 43.781970979000107 ], [ 22.349523545000125, 43.781742096000073 ], [ 22.350036621000129, 43.781402587000116 ], [ 22.350606918000153, 43.781158448000099 ], [ 22.351051331000065, 43.780879975000062 ], [ 22.351493835000099, 43.780651092000028 ], [ 22.351778030000048, 43.780368806000126 ], [ 22.352100373000155, 43.780094146000124 ], [ 22.352342606000036, 43.779777526000089 ], [ 22.352533341000139, 43.779399873000159 ], [ 22.352819442000055, 43.778911590000178 ], [ 22.353067398000178, 43.778530120000084 ], [ 22.353305817000091, 43.778095245000031 ], [ 22.353513717000055, 43.777668000000119 ], [ 22.353673934000085, 43.777221679000093 ], [ 22.353851318000181, 43.776683808000087 ], [ 22.353879929000129, 43.776298523000094 ], [ 22.353891372000135, 43.775997161000191 ], [ 22.353885651000098, 43.775630951999972 ], [ 22.353982926000072, 43.775230408000084 ], [ 22.354200364000121, 43.774776459000066 ], [ 22.35453033400006, 43.774456024000131 ], [ 22.354814530000112, 43.773914336000075 ], [ 22.355159759000173, 43.773258210000108 ], [ 22.35556602500003, 43.772708892000139 ], [ 22.35579681400003, 43.771930696000084 ], [ 22.355983735000166, 43.771385193000128 ], [ 22.356224061000148, 43.77112197800011 ], [ 22.3564929960001, 43.770877839000093 ], [ 22.356912613000077, 43.770584107000104 ], [ 22.357477187000086, 43.770351409000057 ], [ 22.35795021000007, 43.770030976000101 ], [ 22.358371734000116, 43.769664765000073 ], [ 22.358669281000118, 43.76922225900006 ], [ 22.359060287000148, 43.76886367700007 ], [ 22.359289170000181, 43.768447875000106 ], [ 22.359483719000025, 43.768066407000163 ], [ 22.359758377000162, 43.767597198000146 ], [ 22.360023499000079, 43.767021178000107 ], [ 22.360286712000118, 43.766445161000149 ], [ 22.360477448000097, 43.765823365000017 ], [ 22.36066818200004, 43.765186310000161 ], [ 22.360862731000054, 43.764614105000192 ], [ 22.361074448000068, 43.764057159000117 ], [ 22.361265182000068, 43.763629913999978 ], [ 22.361505509000153, 43.76322555500019 ], [ 22.361772536000103, 43.762729645000036 ], [ 22.362157822000029, 43.76218795900013 ], [ 22.362424851000185, 43.76166916000011 ], [ 22.362745284000141, 43.76105880900019 ], [ 22.363039018000109, 43.760509491 ], [ 22.36348152100004, 43.759944916000109 ], [ 22.363948823000158, 43.759441375999984 ], [ 22.36450386100006, 43.758926391000102 ], [ 22.365234376000046, 43.758533478 ], [ 22.365617751000059, 43.758369445000028 ], [ 22.366184235, 43.758113861000027 ], [ 22.366609573, 43.757827760000055 ], [ 22.366975785000136, 43.757495880000135 ], [ 22.367221832000155, 43.757171632000166 ], [ 22.367473603000121, 43.756820678000054 ], [ 22.367506027000104, 43.756385803000057 ], [ 22.367570878000095, 43.755805970000154 ], [ 22.367727280000054, 43.755279541000164 ], [ 22.368030549000025, 43.754924774000074 ], [ 22.368335724000133, 43.754615784000066 ], [ 22.368722917000071, 43.75431823800011 ], [ 22.369390488000192, 43.754062653000062 ], [ 22.370050431000152, 43.75381851200018 ], [ 22.370618821000107, 43.753566743000022 ], [ 22.371185302000185, 43.753242493000016 ], [ 22.371868134000181, 43.75289154100011 ], [ 22.372493744000053, 43.752548218000072 ], [ 22.373115540000185, 43.752128601000038 ], [ 22.373853684000153, 43.751617431000057 ], [ 22.374448775000076, 43.751281738000046 ], [ 22.374700547000145, 43.751094819000173 ], [ 22.375326156000142, 43.75047302300004 ], [ 22.375942230000135, 43.749965669000176 ], [ 22.376335144000109, 43.749542237000128 ], [ 22.376836777000165, 43.749038696000127 ], [ 22.37733459500015, 43.748500825000121 ], [ 22.377962112000091, 43.74796295200008 ], [ 22.378435134000142, 43.747505189000151 ], [ 22.378772735000098, 43.747188569000059 ], [ 22.379108429000155, 43.746887207000157 ], [ 22.379478456000129, 43.746604919000106 ], [ 22.379941940000151, 43.746414185000106 ], [ 22.380460739000171, 43.746360780000032 ], [ 22.380914688000132, 43.746345520000034 ], [ 22.381029129000126, 43.746341706000067 ], [ 22.381654740000101, 43.746475220000093 ], [ 22.382217407000041, 43.746547699000132 ], [ 22.382772445000114, 43.746627808000142 ], [ 22.383535386000062, 43.746749878000116 ], [ 22.384204865000129, 43.746761322000168 ], [ 22.384935379000183, 43.746726990000127 ], [ 22.385723114000086, 43.746707916000162 ], [ 22.386180877000015, 43.746677400000124 ], [ 22.386680603000173, 43.746665954000093 ], [ 22.387090683000167, 43.746635438000055 ], [ 22.387195587000178, 43.746513367000148 ], [ 22.38689613300005, 43.74625015200013 ], [ 22.38662529100003, 43.745971679000093 ], [ 22.386354446000098, 43.745609285000114 ], [ 22.386066437000181, 43.745174407000036 ], [ 22.385702133000052, 43.744754792000037 ], [ 22.385345458000131, 43.744297028000176 ], [ 22.384969711, 43.743877411000028 ], [ 22.384674072000166, 43.743499756000119 ], [ 22.384389878000093, 43.743133546000195 ], [ 22.38414573700004, 43.742755891000115 ], [ 22.383842468000068, 43.742477418000078 ], [ 22.383556367000153, 43.742042542000149 ], [ 22.383369446000017, 43.741611480000188 ], [ 22.383262633000186, 43.741226197 ], [ 22.383148193000125, 43.740837096000064 ], [ 22.383033752000131, 43.740520477000075 ], [ 22.382986068000093, 43.740085601000146 ], [ 22.382934570000089, 43.739566804000106 ], [ 22.382978439999988, 43.739166260000047 ], [ 22.383069992000117, 43.738731385 ], [ 22.38323783900006, 43.738357545000156 ], [ 22.383279801000185, 43.737964628999976 ], [ 22.383401870000057, 43.737457275000111 ], [ 22.383445739000024, 43.737133025000105 ], [ 22.383466720000115, 43.736923218000072 ], [ 22.383483886000079, 43.736579894000101 ], [ 22.383560180000188, 43.73599243200016 ], [ 22.383581161000052, 43.735534668000128 ], [ 22.38361358700007, 43.735145569000167 ], [ 22.383583068000121, 43.734657287000061 ], [ 22.383541106000052, 43.734199525000065 ], [ 22.383420943000147, 43.733734131000062 ], [ 22.38329887500015, 43.733226777000027 ], [ 22.383205413000042, 43.732757568000181 ], [ 22.383106231, 43.732364654000037 ], [ 22.383058548000065, 43.731964111000025 ], [ 22.383003236000093, 43.731418610000048 ], [ 22.383010864000028, 43.730945588 ], [ 22.382991790000062, 43.730487824000136 ], [ 22.383079529000099, 43.730018617000155 ], [ 22.383190155000023, 43.72961425799997 ], [ 22.383274079000046, 43.729251861000137 ], [ 22.38342857300006, 43.728839874000073 ], [ 22.383630753000091, 43.728382109999984 ], [ 22.383745193000152, 43.728015900000059 ], [ 22.383892060000107, 43.727733612000179 ], [ 22.38400840800017, 43.727405549000139 ], [ 22.384170533000145, 43.726966859000072 ], [ 22.384191514000179, 43.726558685000043 ], [ 22.384122848, 43.7261772170001 ], [ 22.38391494800004, 43.725650787000063 ], [ 22.383604049000155, 43.725158692000093 ], [ 22.383316040000068, 43.724739074000013 ], [ 22.382926940000175, 43.724266052000132 ], [ 22.382555008000168, 43.723834992000036 ], [ 22.38221549900004, 43.723423005000143 ], [ 22.382099150999977, 43.723266603000127 ], [ 22.381851197000117, 43.722927094000056 ], [ 22.381549835000044, 43.722507477000022 ], [ 22.381282806000058, 43.721958161000089 ], [ 22.381015778000176, 43.721393585000044 ], [ 22.380651473000114, 43.720867158000146 ], [ 22.380178451000063, 43.720188141000165 ], [ 22.379915237000148, 43.719806671000015 ], [ 22.37977027900007, 43.71945953400018 ], [ 22.37970352100001, 43.719085694000171 ], [ 22.379726410000046, 43.718757629000095 ], [ 22.379869461000055, 43.718421936000141 ], [ 22.380075454000178, 43.718070984000065 ], [ 22.380273818000035, 43.717784881000114 ], [ 22.380527497000173, 43.717552185000045 ], [ 22.380865098000129, 43.717327117000025 ], [ 22.381187438000154, 43.717002869000055 ], [ 22.381576539000093, 43.716621399000076 ], [ 22.382026673000041, 43.716175080000028 ], [ 22.382440567000174, 43.715869903999987 ], [ 22.382856369000137, 43.715553284000123 ], [ 22.383373261000088, 43.715209961000028 ], [ 22.383707046000097, 43.714931488000161 ], [ 22.384157180000045, 43.714630128000124 ], [ 22.384643555000025, 43.714279174000183 ], [ 22.385196686000029, 43.713878632999979 ], [ 22.385438920000183, 43.713581086000147 ], [ 22.385667801000068, 43.713317872000061 ], [ 22.385858535000182, 43.712993622000056 ], [ 22.385887146000186, 43.712711334000119 ], [ 22.385896682000066, 43.712619782000047 ], [ 22.385957717000053, 43.712253572000122 ], [ 22.386186600000087, 43.71159362800006 ], [ 22.386325837000129, 43.711154938000163 ], [ 22.38645362800014, 43.710704804000045 ], [ 22.386543274000076, 43.710189820000039 ], [ 22.386735916000021, 43.709735871000078 ], [ 22.386964799000054, 43.709274292000146 ], [ 22.387174606000087, 43.708808900000179 ], [ 22.38734817500017, 43.708427430000086 ], [ 22.387493134000181, 43.707958221000069 ], [ 22.38764953600014, 43.707595825999988 ], [ 22.387788773000011, 43.707176209000181 ], [ 22.387935639000091, 43.706718445000149 ], [ 22.387922287000038, 43.70634460500014 ], [ 22.387912751000158, 43.705749512000182 ], [ 22.387859344000105, 43.705398560000106 ], [ 22.387771607000047, 43.704887389000191 ], [ 22.387727737000148, 43.704498291000164 ], [ 22.387702941000043, 43.704143524000187 ], [ 22.387638093000191, 43.703838348000147 ], [ 22.387613297000087, 43.703479768000136 ], [ 22.387592316000053, 43.703182222000066 ], [ 22.387548446000153, 43.702896118000183 ], [ 22.387603759000172, 43.7024688730001 ], [ 22.387613297000087, 43.702018737000174 ], [ 22.387619019, 43.701545715000066 ], [ 22.38779068000008, 43.701145172000054 ], [ 22.388046265000185, 43.700733185 ], [ 22.388412475000109, 43.700275421000129 ], [ 22.388776779000068, 43.699916839000139 ], [ 22.389169693000042, 43.699485778999986 ], [ 22.38957977400014, 43.699043275000179 ], [ 22.389795304000074, 43.698669433000134 ], [ 22.389989853000088, 43.69830703800011 ], [ 22.390108109000096, 43.697738647000051 ], [ 22.390304566000111, 43.697265625000171 ], [ 22.39049148700019, 43.696781159000068 ], [ 22.390562058000057, 43.696445466000057 ], [ 22.390672683000105, 43.695983887000182 ], [ 22.39077186500009, 43.69544982900004 ], [ 22.390844346000165, 43.695014953999987 ], [ 22.390844346000165, 43.69459915200008 ], [ 22.390855789000113, 43.694194793000122 ], [ 22.390827180000144, 43.693874360000166 ], [ 22.390800476000095, 43.693508148000035 ], [ 22.390766145000157, 43.69310379000018 ], [ 22.390750884000056, 43.692626952000126 ], [ 22.375448227, 43.687889100000177 ], [ 22.37314033600012, 43.686981202000027 ], [ 22.36693954500015, 43.683383942000091 ], [ 22.364141465000102, 43.682418824000194 ], [ 22.361055375000035, 43.681789399000024 ], [ 22.357244491000188, 43.681388855000137 ], [ 22.345516204000091, 43.680725097000106 ], [ 22.341800690000184, 43.680213928000171 ], [ 22.332851411000036, 43.678184510000108 ], [ 22.330883026000151, 43.677898407000157 ], [ 22.328079225000067, 43.677906037000071 ], [ 22.324155808000057, 43.678638459000126 ], [ 22.317276001000039, 43.680389404000096 ], [ 22.308221817000174, 43.682079315000067 ], [ 22.299137116000168, 43.684406282000111 ], [ 22.29714202800011, 43.685096742000042 ], [ 22.288396835000128, 43.689678192000031 ], [ 22.286371231000032, 43.690311431000111 ], [ 22.273981095000181, 43.6927261350001 ], [ 22.270458222000116, 43.693172455000081 ], [ 22.259328843000048, 43.693576814000039 ], [ 22.25185585000014, 43.693450928000118 ], [ 22.248214722000171, 43.693202972 ], [ 22.244718551000176, 43.69269943300003 ], [ 22.242401123000093, 43.69211578300019 ], [ 22.240255357000024, 43.691326141000047 ], [ 22.234743119000086, 43.688499451000155 ], [ 22.230291367000177, 43.68710708600014 ], [ 22.227216721000161, 43.686634064000089 ], [ 22.220903397000029, 43.686298371000078 ], [ 22.215578078000192, 43.686531067000146 ], [ 22.213497163000056, 43.686973572000113 ], [ 22.21092605500013, 43.688217163000047 ], [ 22.209024429000181, 43.689571381000178 ], [ 22.19961357, 43.697772981000014 ], [ 22.197576522000077, 43.699275971000077 ], [ 22.195817947000137, 43.700099945000034 ], [ 22.189334869000163, 43.702449800000181 ], [ 22.185472488000073, 43.704257965000124 ], [ 22.183555603000173, 43.705341340000189 ], [ 22.176309585000183, 43.710617065000122 ], [ 22.173635483000055, 43.711803435999968 ], [ 22.170715331000054, 43.712722779000103 ], [ 22.163675308000109, 43.714366913000106 ], [ 22.160654067000166, 43.714603424000188 ], [ 22.157602311000062, 43.714431764000039 ], [ 22.155237198, 43.714000701000145 ], [ 22.152957916000105, 43.713321687000132 ], [ 22.150079727000048, 43.71206283500004 ], [ 22.141824722000138, 43.707492829000103 ], [ 22.130117416000132, 43.701599122000175 ], [ 22.11605453500016, 43.695407867000085 ], [ 22.113519668000151, 43.694927215000121 ], [ 22.110837937000042, 43.69530105500013 ], [ 22.109205246000045, 43.695922852000194 ], [ 22.104227065000146, 43.69861602800006 ], [ 22.10228538399997, 43.699264526000093 ], [ 22.10019874600016, 43.699604034000117 ], [ 22.097482682000134, 43.699523925000165 ], [ 22.094966889000091, 43.698955536000085 ], [ 22.08992958000016, 43.697395325000059 ], [ 22.087150573000145, 43.696849823000036 ], [ 22.085180283, 43.696651458000076 ], [ 22.082401275000109, 43.696807861000138 ], [ 22.079235077000135, 43.697662353000112 ], [ 22.072807313000169, 43.699958801000037 ], [ 22.069795609000039, 43.700588227000082 ], [ 22.06033515900009, 43.701793671000189 ], [ 22.058111192000013, 43.702251435000051 ], [ 22.056070328000089, 43.702930450000167 ], [ 22.05347824200004, 43.704467774000193 ], [ 22.048521042000061, 43.708267212000123 ], [ 22.042774201000157, 43.711814881000123 ], [ 22.039104461000079, 43.713779451000164 ], [ 22.052877426000066, 43.727268220000042 ], [ 22.05519294700008, 43.730030060000104 ], [ 22.056205750000117, 43.732124328 ], [ 22.057252884000093, 43.735752106000177 ], [ 22.057474137000156, 43.741626741000118 ], [ 22.057746887000178, 43.742553712000188 ], [ 22.058994293000183, 43.744419099000083 ], [ 22.060911178000083, 43.746139527000139 ], [ 22.063285827000186, 43.747676849000129 ], [ 22.066022873000122, 43.748962402000188 ], [ 22.068286896000131, 43.749694824000017 ], [ 22.070692062000035, 43.750244142000042 ], [ 22.080205917, 43.751632690000179 ], [ 22.084802628000148, 43.752956391000168 ], [ 22.08747100800008, 43.754299164000145 ], [ 22.089776993000044, 43.755931854000039 ], [ 22.097982407000188, 43.76328277600004 ], [ 22.099826812000117, 43.765262603000167 ], [ 22.103059768000094, 43.770057678000171 ], [ 22.105623246000107, 43.776447297000118 ], [ 22.109882355000025, 43.784320831000173 ], [ 22.113435744000128, 43.796119689000136 ], [ 22.113765717000149, 43.798278808000191 ], [ 22.113645554000072, 43.80044555700016 ], [ 22.113010407000161, 43.802547455000138 ], [ 22.111877441000047, 43.804420471000014 ], [ 22.105794906000085, 43.811161042000094 ], [ 22.101823807000073, 43.814067840000064 ], [ 22.099117278000051, 43.815570831000173 ], [ 22.09265708800001, 43.818073273000095 ], [ 22.090557097000101, 43.818641662000118 ], [ 22.086784363000049, 43.819213867000144 ], [ 22.078853606000109, 43.819404603000123 ], [ 22.074895858000048, 43.819202423000092 ], [ 22.066930770000056, 43.818229675000055 ], [ 22.064165115000094, 43.818183898000086 ], [ 22.062295913000128, 43.818443298000091 ], [ 22.060739517000172, 43.819007874000079 ], [ 22.059316636000119, 43.820346831999984 ], [ 22.058689117000142, 43.822109222000165 ], [ 22.058860779000156, 43.824005128000181 ], [ 22.059425353000165, 43.825366975000122 ], [ 22.061603546000129, 43.828681945000142 ], [ 22.063644409000176, 43.830799102000071 ], [ 22.077070235000122, 43.841320037000116 ], [ 22.081054687000062, 43.843410493000022 ], [ 22.084840774000099, 43.84506225500013 ], [ 22.096265792, 43.849288941000054 ], [ 22.098110199000132, 43.850265504000106 ], [ 22.100246429000151, 43.851947785000164 ], [ 22.102655411000114, 43.854377747000115 ], [ 22.104833603000088, 43.855892182000105 ], [ 22.106641769000078, 43.85661697400019 ], [ 22.114377976000071, 43.858570098000143 ], [ 22.116306304000148, 43.859279634000075 ], [ 22.120040894000056, 43.861171723000041 ], [ 22.121643066000104, 43.862411498000029 ], [ 22.122804641000187, 43.863903046000189 ], [ 22.12348556500001, 43.865608215000123 ], [ 22.123655318000147, 43.867961883000191 ], [ 22.123107910000158, 43.870922089000146 ], [ 22.121725083000058, 43.87563705499997 ], [ 22.123241424000184, 43.881225587000188 ], [ 22.124498368000104, 43.884544373000153 ], [ 22.125640869, 43.886844635000045 ], [ 22.129846573000179, 43.893260956000063 ], [ 22.131530762000182, 43.896484375000057 ], [ 22.132499695000149, 43.897670744999971 ], [ 22.134704591000173, 43.898899078000113 ], [ 22.136604310000052, 43.899440766000168 ], [ 22.144615173000034, 43.900974275000124 ], [ 22.157077789000027, 43.905181885000104 ], [ 22.158761977999973, 43.906005859000061 ], [ 22.160564422999983, 43.907554626000035 ], [ 22.161951065000153, 43.909427644000118 ], [ 22.164768219, 43.914241791999984 ], [ 22.16570091300008, 43.916347503000054 ], [ 22.167812347000165, 43.921482086000083 ], [ 22.168413163000139, 43.924255371000129 ], [ 22.16837120100007, 43.92995834300018 ], [ 22.166498183000158, 43.937858581000171 ], [ 22.166584015000183, 43.939964295000152 ], [ 22.167137146000186, 43.941967011000088 ], [ 22.1708107, 43.947952271000077 ], [ 22.173919678000061, 43.953968047999979 ], [ 22.175764085000139, 43.956096650000063 ], [ 22.182661056000143, 43.962120056 ], [ 22.184698106000099, 43.96420669600019 ], [ 22.186166763000074, 43.966152192000038 ], [ 22.187984467000149, 43.968978882000158 ], [ 22.190618516000086, 43.975341797 ], [ 22.193912505000185, 43.98011398400007 ], [ 22.196069717000171, 43.982280732000106 ], [ 22.203676223000173, 43.988456727000141 ], [ 22.205978393000066, 43.99059295700016 ], [ 22.207782745000145, 43.99287414600019 ], [ 22.208734512000092, 43.994983673000036 ], [ 22.2105350490001, 44.001518249000128 ], [ 22.211593629000163, 44.003509522000115 ], [ 22.21318817100007, 44.00514602700008 ], [ 22.214769363000187, 44.006034851000095 ], [ 22.218460083000025, 44.007389069000055 ], [ 22.223415375000059, 44.008441926000046 ], [ 22.229469299000186, 44.009231568000189 ], [ 22.231550217000063, 44.009677887000066 ], [ 22.233381272000145, 44.010345460000167 ], [ 22.235378266000168, 44.011734010000112 ], [ 22.236974716000077, 44.013481140000067 ], [ 22.238679886000114, 44.016166688000055 ], [ 22.239263535000191, 44.018257141000106 ], [ 22.239370346000044, 44.020431518000123 ], [ 22.239072799000041, 44.022609710000097 ], [ 22.238229752000166, 44.025634766000053 ], [ 22.23790550200016, 44.027824402000078 ], [ 22.237934113000165, 44.03004074100005 ], [ 22.238334657000053, 44.032215118000067 ], [ 22.239877702000115, 44.037319184000182 ], [ 22.240146637000066, 44.039428710999971 ], [ 22.239959718000136, 44.041881561000082 ], [ 22.238864899000077, 44.044044494000104 ], [ 22.237350463000155, 44.04574584900007 ], [ 22.230258941000159, 44.051361085000167 ], [ 22.229036331000088, 44.052806855000085 ], [ 22.22812271100014, 44.054389954000044 ], [ 22.226095199000099, 44.060882568000068 ], [ 22.225179673000184, 44.062950135000165 ], [ 22.223560332000034, 44.06502914500004 ], [ 22.217109680000078, 44.070213318000071 ], [ 22.216228486000034, 44.071594238000159 ], [ 22.215829850000091, 44.073070527000141 ], [ 22.215879440000094, 44.074436188000107 ], [ 22.216775894000023, 44.081439972000112 ], [ 22.217136383000081, 44.090354919000106 ], [ 22.21653556800004, 44.096126557 ], [ 22.215442657000096, 44.098751068000183 ], [ 22.213979721000044, 44.100509643000123 ], [ 22.212066651000043, 44.102073669000049 ], [ 22.209823608000136, 44.103443145000028 ], [ 22.206844329000091, 44.104797364000035 ], [ 22.199407578000034, 44.107597352000084 ], [ 22.195234300000038, 44.110153199000081 ], [ 22.193843842000092, 44.111263275999988 ], [ 22.192136764999987, 44.113136292000092 ], [ 22.191387177000138, 44.115512848000094 ], [ 22.191812514999981, 44.118003845000032 ], [ 22.192865371000096, 44.119819642000095 ], [ 22.200742721000097, 44.129211425000108 ], [ 22.202032088000124, 44.130428315000074 ], [ 22.204397202000052, 44.131938935000164 ], [ 22.207880020000118, 44.13372421400004 ], [ 22.211532593000072, 44.136543274000189 ], [ 22.212720872000034, 44.137802125000178 ], [ 22.215494156000034, 44.1416893 ], [ 22.221160889000032, 44.147747041000059 ], [ 22.222795486000166, 44.149909973000149 ], [ 22.223869324000191, 44.152141572000119 ], [ 22.225454331000151, 44.156978607000042 ], [ 22.227783203000115, 44.162105561000033 ], [ 22.229906082000184, 44.16523742600009 ], [ 22.232728959000042, 44.16860199100006 ], [ 22.232748293000043, 44.168581206000169 ], [ 22.233680000000163, 44.167577 ], [ 22.238367000000153, 44.162525000000187 ], [ 22.241863, 44.159403000000168 ], [ 22.244022, 44.157475000000147 ], [ 22.253321, 44.151787 ], [ 22.253332367000041, 44.15177923300007 ], [ 22.261146, 44.146440000000155 ], [ 22.267813505000049, 44.141883072000041 ], [ 22.270489000000168, 44.140354 ], [ 22.270989105000069, 44.140130561000092 ], [ 22.273283148000075, 44.139105615 ], [ 22.273297221000064, 44.13910055000008 ], [ 22.27502351000004, 44.138585936000084 ], [ 22.275501405000057, 44.13844347600002 ], [ 22.275902374000054, 44.138371502000155 ], [ 22.277782000000173, 44.138035000000173 ], [ 22.27855798700017, 44.137992843000177 ], [ 22.280671270000141, 44.137878040000146 ], [ 22.282643612000072, 44.137938604 ], [ 22.284640999000032, 44.138000000000147 ], [ 22.287434000000133, 44.137760000000185 ], [ 22.295237, 44.135612 ], [ 22.297856, 44.135187 ], [ 22.298335480000105, 44.135109322000062 ], [ 22.29871368400012, 44.135047913000051 ], [ 22.317396164000115, 44.133960725000122 ], [ 22.32095146100005, 44.133407592000083 ], [ 22.323105568000187, 44.132845939000106 ], [ 22.326494, 44.131962 ], [ 22.332144, 44.130489 ], [ 22.334133, 44.130225 ], [ 22.335161, 44.130089000000169 ], [ 22.338215000000162, 44.130005000000153 ], [ 22.34119, 44.130238 ], [ 22.342610139000101, 44.130552531000035 ], [ 22.34403, 44.130867 ], [ 22.346458, 44.13192000000015 ], [ 22.351974, 44.136379 ], [ 22.354443000000117, 44.137936000000138 ], [ 22.358334000000184, 44.139457999000058 ], [ 22.361194101000137, 44.140294526000105 ], [ 22.36232334400006, 44.140624808000041 ], [ 22.362733000000162, 44.140689 ], [ 22.363581117000081, 44.140821962000189 ], [ 22.365781784000035, 44.141166688000112 ], [ 22.36941528400007, 44.141437531000065 ], [ 22.372356052000043, 44.141495808000172 ], [ 22.373943000000111, 44.14152700000011 ], [ 22.376923, 44.141586000000189 ], [ 22.381373676000123, 44.141507742000101 ], [ 22.384487153000066, 44.141452789000084 ], [ 22.391834260000167, 44.140758514000083 ], [ 22.39313997000005, 44.140410324000072 ], [ 22.39413, 44.140146 ], [ 22.396609906000094, 44.139484558000049 ], [ 22.399236999000095, 44.138373999000066 ], [ 22.410186999000189, 44.132751000000155 ], [ 22.411023721000106, 44.132219514000042 ], [ 22.412845612000126, 44.131061554000155 ], [ 22.415688849000105, 44.128387782000061 ], [ 22.41630179800012, 44.127811190000159 ], [ 22.416314, 44.127791 ], [ 22.420670016000031, 44.120891062999988 ], [ 22.420676999000023, 44.12088 ], [ 22.422032999000123, 44.11954500000013 ], [ 22.422844687000122, 44.119020873000181 ], [ 22.423751999000046, 44.118435 ], [ 22.425707511000041, 44.117514586000141 ], [ 22.42573, 44.117503999000064 ], [ 22.429634308000118, 44.116252383000074 ], [ 22.432287, 44.115402000000131 ], [ 22.442493, 44.113079000000141 ], [ 22.447658599000135, 44.112035480000145 ], [ 22.452824, 44.110992000000124 ], [ 22.45285719900005, 44.1109884010001 ], [ 22.464613, 44.109714 ], [ 22.465244759000029, 44.109645906000139 ], [ 22.465280534000044, 44.109642028000167 ], [ 22.467353821000074, 44.109195710000165 ], [ 22.469167709000089, 44.10851669300007 ], [ 22.470521994000137, 44.107556759000033 ], [ 22.471158999000181, 44.107104999000114 ], [ 22.472698530000116, 44.105360576000123 ], [ 22.47387886000007, 44.104022980000138 ], [ 22.476401845000169, 44.099723513000072 ], [ 22.477949489000139, 44.097085984999978 ], [ 22.479085, 44.095443 ], [ 22.480178623000029, 44.093861792000098 ], [ 22.482814788000098, 44.090049745000101 ], [ 22.48359458800013, 44.088380514000107 ], [ 22.483655930000054, 44.08824915200006 ], [ 22.483758927000167, 44.08629226700009 ], [ 22.483716320999974, 44.086152829000071 ], [ 22.483621, 44.085842 ], [ 22.483339000000115, 44.084919 ], [ 22.481633, 44.081855000000189 ], [ 22.481506988000092, 44.081628352999985 ], [ 22.481489181000086, 44.081596374000128 ], [ 22.479263306000064, 44.078918458000032 ], [ 22.478932034000024, 44.078584757000044 ], [ 22.478827, 44.078479000000129 ], [ 22.476400000000126, 44.076035 ], [ 22.472019525000121, 44.072549288000118 ], [ 22.471754, 44.072338001000105 ], [ 22.466171, 44.066383 ], [ 22.464731, 44.065273 ], [ 22.462191, 44.063789 ], [ 22.455473, 44.061626000000103 ], [ 22.452032, 44.060108000000128 ], [ 22.450438000000133, 44.059128 ], [ 22.449860016000116, 44.058567016000154 ], [ 22.449282, 44.058006 ], [ 22.448729000000128, 44.056675 ], [ 22.448630876000038, 44.055277898000156 ], [ 22.448624000000166, 44.05518 ], [ 22.448895, 44.053158 ], [ 22.44998, 44.049568 ], [ 22.451000000000136, 44.047367000000179 ], [ 22.452971683999976, 44.043115307000051 ], [ 22.452975999000103, 44.043106 ], [ 22.453191472000071, 44.042049638000037 ], [ 22.453407000000141, 44.040993000000185 ], [ 22.45332100000013, 44.038879 ], [ 22.45267100000018, 44.035984000000155 ], [ 22.452518000000111, 44.033958 ], [ 22.452869000000192, 44.032051000000195 ], [ 22.453905000000134, 44.030441 ], [ 22.455230000000142, 44.029627000000175 ], [ 22.455793, 44.029282 ], [ 22.460703, 44.027298 ], [ 22.461883000000114, 44.026485 ], [ 22.463073894000104, 44.025665073000027 ], [ 22.463281587000154, 44.025398397000174 ], [ 22.464175305000026, 44.02425060000013 ], [ 22.464182000000108, 44.024242000000129 ], [ 22.464962000000185, 44.0226550000001 ], [ 22.466462997000122, 44.018463009000072 ], [ 22.466397644000097, 44.01837341800001 ], [ 22.465310999000167, 44.016884001000165 ], [ 22.465221648000181, 44.016713560000028 ], [ 22.464911, 44.016121000000169 ], [ 22.464745000000164, 44.015316 ], [ 22.464701, 44.014507 ], [ 22.464701, 44.013710000000174 ], [ 22.464715524000042, 44.013605011000095 ], [ 22.464806, 44.012951000000101 ], [ 22.464970000000108, 44.012615 ], [ 22.465055721, 44.01253189300013 ], [ 22.465264448000141, 44.012329535999982 ], [ 22.465384657000072, 44.012251607000053 ], [ 22.46548300000012, 44.012188 ], [ 22.466122, 44.011635 ], [ 22.466652000000181, 44.011307000000158 ], [ 22.466944999000191, 44.011086952000028 ], [ 22.467628000000104, 44.010573999000144 ], [ 22.468178551000108, 44.009910814000079 ], [ 22.468238999000164, 44.009838000000116 ], [ 22.469463, 44.008698 ], [ 22.469886881000093, 44.008251124000083 ] ] ] ] } },
{ "type": "Feature", "properties": { "fid": 148, "GID_2": "SRB.2.8_1", "GID_0": "SRB", "COUNTRY": "Serbia", "GID_1": "SRB.2_1", "NAME_1": "Braničevski", "NL_NAME_1": "Браничевски", "NAME_2": "Žagubica", "VARNAME_2": "Jagubiţa", "NL_NAME_2": "Жагубица", "TYPE_2": "Opštine", "ENGTYPE_2": "Town|Municipal", "CC_2": "NA", "HASC_2": "NA" }, "geometry": { "type": "MultiPolygon", "coordinates": [ [ [ [ 21.955434800000148, 44.177864075000059 ], [ 21.955881119000026, 44.168270111000083 ], [ 21.956743239000161, 44.163208008000026 ], [ 21.957738876000178, 44.159942628000067 ], [ 21.958007813000165, 44.157665253000175 ], [ 21.957784653000147, 44.155429841000114 ], [ 21.95698738100009, 44.153316497000048 ], [ 21.954801558000156, 44.150634766000167 ], [ 21.952554703000146, 44.148735047000059 ], [ 21.947420120000118, 44.145511627000189 ], [ 21.945390702000054, 44.143840791000116 ], [ 21.944557191000115, 44.142509461000088 ], [ 21.944313049000186, 44.141094207000094 ], [ 21.944801330000189, 44.139373779000039 ], [ 21.946704864000083, 44.135719300000062 ], [ 21.947513579000145, 44.133121491000168 ], [ 21.948806762000117, 44.124832153000114 ], [ 21.949644089, 44.122188569000059 ], [ 21.950559617000124, 44.120567322000113 ], [ 21.951810836000163, 44.119094849000078 ], [ 21.958896637000123, 44.113960266000049 ], [ 21.960372924000183, 44.112083435000102 ], [ 21.960767745000055, 44.110137939000083 ], [ 21.960308074000125, 44.108943940000131 ], [ 21.958799363000082, 44.107105255000135 ], [ 21.953580856000031, 44.101528168000129 ], [ 21.95067978000003, 44.098991394000166 ], [ 21.948944090999987, 44.097854614000084 ], [ 21.946920394000188, 44.096988678 ], [ 21.94466209300009, 44.096382142000095 ], [ 21.940929413000163, 44.095882416000165 ], [ 21.932962417000169, 44.095657348000032 ], [ 21.912698745000057, 44.095771790000072 ], [ 21.908794403000172, 44.09555816600016 ], [ 21.905063630000086, 44.095050812000068 ], [ 21.902976990000127, 44.094554900999981 ], [ 21.898067475000062, 44.093128203999981 ], [ 21.89129829500007, 44.090740205000031 ], [ 21.885185240999988, 44.088211059 ], [ 21.880487441000128, 44.085968019000063 ], [ 21.869758606000175, 44.080097199000136 ], [ 21.867294312000013, 44.078411102000189 ], [ 21.86046981800007, 44.072311401000036 ], [ 21.857332229000065, 44.070137024000189 ], [ 21.854629517000092, 44.068805695000094 ], [ 21.852581023000084, 44.068264007000039 ], [ 21.850372315000129, 44.067977906000067 ], [ 21.84729385300011, 44.067897797000114 ], [ 21.839799882000136, 44.068695069000171 ], [ 21.836595534000026, 44.068817140000021 ], [ 21.833356857000183, 44.068515778000176 ], [ 21.824321747000113, 44.066135407000104 ], [ 21.822254180000186, 44.065765382000109 ], [ 21.819238663000192, 44.065471649000074 ], [ 21.81775665400005, 44.065551757000151 ], [ 21.808965682000064, 44.069274902000075 ], [ 21.798479081000096, 44.074554444000114 ], [ 21.795473100000152, 44.075119018000123 ], [ 21.792400361000034, 44.074829102000081 ], [ 21.780918120000024, 44.071163178000177 ], [ 21.777978897000139, 44.07048034800016 ], [ 21.7751331340001, 44.070316315000184 ], [ 21.773120880000079, 44.070484161000195 ], [ 21.768295289000037, 44.071498871000131 ], [ 21.761724473000129, 44.073753357000157 ], [ 21.756334306000099, 44.076293945000032 ], [ 21.75030136100014, 44.081462860000102 ], [ 21.745117188000108, 44.086524963000159 ], [ 21.743061066000166, 44.087947846000191 ], [ 21.741254807000189, 44.088676453000176 ], [ 21.736318588000074, 44.089687348000041 ], [ 21.726186753000093, 44.090850830000022 ], [ 21.72330856300016, 44.090732575000118 ], [ 21.721099854000101, 44.090309142000137 ], [ 21.719011307000073, 44.089614867000193 ], [ 21.711574554000151, 44.085754394000048 ], [ 21.70555114800004, 44.083446503000175 ], [ 21.702657700000088, 44.082813263000162 ], [ 21.697732925000025, 44.082286834000058 ], [ 21.693634033000023, 44.082645416000048 ], [ 21.688137055000084, 44.084480286000144 ], [ 21.680210114000147, 44.086315155000193 ], [ 21.678241729000092, 44.087085724000076 ], [ 21.675899506000178, 44.088462831000072 ], [ 21.674015046000022, 44.090145112000073 ], [ 21.673089980000043, 44.091400146000183 ], [ 21.670732497000131, 44.098804475000065 ], [ 21.669563294000113, 44.100486756000066 ], [ 21.667985916000191, 44.101985932000161 ], [ 21.656665803000124, 44.108402253000179 ], [ 21.653699874000097, 44.109722137000119 ], [ 21.649124145000144, 44.111167907000038 ], [ 21.644058227000016, 44.112400055000194 ], [ 21.638887405000105, 44.113136292000092 ], [ 21.635778427000105, 44.113178254 ], [ 21.628444671000125, 44.112438202000078 ], [ 21.622287750000055, 44.112319946000071 ], [ 21.619253159000039, 44.112663270000041 ], [ 21.608079911000175, 44.115203859000189 ], [ 21.604053497000109, 44.115608215000066 ], [ 21.60003089900016, 44.115509033000194 ], [ 21.596252442000093, 44.114879609000184 ], [ 21.590770722, 44.113025666000169 ], [ 21.5880947120001, 44.112483979000046 ], [ 21.586811065000063, 44.112453460000097 ], [ 21.584081649000154, 44.112876892000145 ], [ 21.581298829000104, 44.113662719000047 ], [ 21.570941926000046, 44.117145539000092 ], [ 21.563083648000145, 44.118118286000026 ], [ 21.558326722, 44.119197846000134 ], [ 21.554636002000166, 44.120899201000157 ], [ 21.553108215000179, 44.122196198999973 ], [ 21.552110671000037, 44.123661042000151 ], [ 21.551092148000066, 44.127079010000159 ], [ 21.548065186000088, 44.133525850000126 ], [ 21.546545028000082, 44.139362336000033 ], [ 21.545757293000179, 44.140682220000031 ], [ 21.543886185000076, 44.142387390000067 ], [ 21.540746689000173, 44.144161225000175 ], [ 21.534408569000163, 44.146640777000187 ], [ 21.531944276000104, 44.148170471000071 ], [ 21.529237747000082, 44.150482177000015 ], [ 21.524780273000033, 44.155029297000056 ], [ 21.52116584800018, 44.157367707000049 ], [ 21.513641358000029, 44.161609651000049 ], [ 21.499856950000094, 44.170574188000046 ], [ 21.493005752000101, 44.17734527600004 ], [ 21.487827301000152, 44.181690217000096 ], [ 21.491411209000034, 44.183341979000147 ], [ 21.497962950999977, 44.185840606000056 ], [ 21.506933212000149, 44.18832397500006 ], [ 21.511928558000079, 44.189987183000028 ], [ 21.514936447000025, 44.191417695000098 ], [ 21.524848938000105, 44.19728851300016 ], [ 21.52766609300005, 44.198699951000094 ], [ 21.535730361000105, 44.201396943000134 ], [ 21.538106917000107, 44.202945710000108 ], [ 21.540325164000024, 44.205402375000062 ], [ 21.541133881000064, 44.207401276000155 ], [ 21.541385651000098, 44.209503175000066 ], [ 21.541145325000116, 44.211570740000184 ], [ 21.540611266999974, 44.213020325000116 ], [ 21.539682389000063, 44.214309693000018 ], [ 21.537460327000076, 44.215827942000146 ], [ 21.530437470000095, 44.218669892000094 ], [ 21.524789811000119, 44.221710205000079 ], [ 21.516750336000086, 44.226879119000159 ], [ 21.511774063000189, 44.230480195000041 ], [ 21.510517120000031, 44.231735229000151 ], [ 21.509063721000075, 44.234050750000165 ], [ 21.50861549300015, 44.23608398500005 ], [ 21.508876800000166, 44.23812484900003 ], [ 21.509595871000101, 44.23965835600012 ], [ 21.510761261000027, 44.24105834900007 ], [ 21.512351990000127, 44.242275238000104 ], [ 21.517862321000166, 44.245349885000053 ], [ 21.527057647000163, 44.24963760300011 ], [ 21.532686233000106, 44.251556396000126 ], [ 21.540477753000118, 44.253578186000084 ], [ 21.542583465000121, 44.254383088000054 ], [ 21.54503250200014, 44.255844117000095 ], [ 21.546571731000029, 44.257743836000145 ], [ 21.547126770000034, 44.259700775000169 ], [ 21.547056199000167, 44.261756896000179 ], [ 21.54604339600013, 44.266845704000048 ], [ 21.546146394000118, 44.268993378000118 ], [ 21.546726226000146, 44.271057129000098 ], [ 21.54814147999997, 44.273326873000144 ], [ 21.551858902000106, 44.277130127000191 ], [ 21.553405762000182, 44.279430389000083 ], [ 21.554361344000029, 44.282089234000125 ], [ 21.55551529000013, 44.287712097 ], [ 21.556486131000042, 44.290374757000052 ], [ 21.558420182000134, 44.293003083000087 ], [ 21.559747696000159, 44.294269562000181 ], [ 21.561281203000135, 44.295303344999979 ], [ 21.56309318600006, 44.295989990000066 ], [ 21.565092087000153, 44.296333314000037 ], [ 21.571775437000156, 44.296409607000044 ], [ 21.574663162999968, 44.296813964000194 ], [ 21.577285766000159, 44.297554016000163 ], [ 21.589225770000098, 44.301868438000099 ], [ 21.601415634000091, 44.30569839500015 ], [ 21.603649139000026, 44.306526184000177 ], [ 21.606529236000029, 44.30796432600016 ], [ 21.610340119000114, 44.311035156000059 ], [ 21.611551284000086, 44.31238937400019 ], [ 21.614423751000174, 44.31656646700003 ], [ 21.616350174000104, 44.318767548000153 ], [ 21.624214172000109, 44.326011657000095 ], [ 21.628332138000133, 44.330501557000161 ], [ 21.638334274000101, 44.332481385 ], [ 21.649412155000164, 44.334976197 ], [ 21.652809142000137, 44.335449219000054 ], [ 21.659591675000115, 44.335678100000109 ], [ 21.66286659300016, 44.335479736000025 ], [ 21.665964126000063, 44.335002899000074 ], [ 21.668224335000104, 44.334354401000098 ], [ 21.670248032000131, 44.333446503000118 ], [ 21.671997071000135, 44.332275391 ], [ 21.677354812000146, 44.327522278000117 ], [ 21.682479858000022, 44.321971893000182 ], [ 21.686237336000033, 44.318572998000036 ], [ 21.689605714000038, 44.316123963000166 ], [ 21.691616058000079, 44.315265656000122 ], [ 21.693841935000137, 44.314689637000185 ], [ 21.69685363800005, 44.314342498000144 ], [ 21.699951171000066, 44.314361573000042 ], [ 21.703008652, 44.314720153 ], [ 21.707452775000093, 44.316036225 ], [ 21.712781907000135, 44.318603515000177 ], [ 21.715562820000116, 44.319221496000068 ], [ 21.718381882000131, 44.319004059000065 ], [ 21.720275879000098, 44.318450928000061 ], [ 21.721958160000099, 44.317604065000069 ], [ 21.726675033, 44.313556671000015 ], [ 21.737602233000132, 44.307033540000077 ], [ 21.740911483000048, 44.304595948000156 ], [ 21.743413925000141, 44.303096771000185 ], [ 21.745336533000057, 44.302352906000181 ], [ 21.752443313000128, 44.300258638000116 ], [ 21.754533769000034, 44.29940033000014 ], [ 21.759981156000038, 44.296562195000092 ], [ 21.762121199999967, 44.295806884000172 ], [ 21.764417649, 44.295280457000047 ], [ 21.76747322000017, 44.294940949000022 ], [ 21.770599364000191, 44.294914245000143 ], [ 21.781177520000028, 44.296165466 ], [ 21.784404754000036, 44.296268463000104 ], [ 21.790794372999983, 44.295829773000037 ], [ 21.797193528000037, 44.294742584000062 ], [ 21.800292968000122, 44.29478836100003 ], [ 21.803613663000192, 44.295417786000144 ], [ 21.811246871000094, 44.297298432000161 ], [ 21.815656663000084, 44.298110962000067 ], [ 21.827268600000139, 44.299804687000119 ], [ 21.841674805000082, 44.302928925000174 ], [ 21.844879150000111, 44.303283692000093 ], [ 21.848060609000129, 44.303321839000148 ], [ 21.851112367000042, 44.303054809000116 ], [ 21.854005813000185, 44.302421569000103 ], [ 21.856475831000125, 44.301422120000097 ], [ 21.861694335000038, 44.298088074000134 ], [ 21.865688325000121, 44.296951295000099 ], [ 21.871665954999969, 44.295799256000066 ], [ 21.876195907000181, 44.29434204100005 ], [ 21.879716873000177, 44.292381286000079 ], [ 21.889249802000109, 44.284931182000037 ], [ 21.891588211000055, 44.281883239000194 ], [ 21.89396858300006, 44.276943208000091 ], [ 21.894353866000188, 44.274837494000167 ], [ 21.893867493000187, 44.269866944000114 ], [ 21.894002914000112, 44.267845154000156 ], [ 21.896636963, 44.260231017000137 ], [ 21.8966712940001, 44.25822830300018 ], [ 21.895399094000027, 44.253402710000159 ], [ 21.895126341999969, 44.250450134000062 ], [ 21.895420075000061, 44.248950959000126 ], [ 21.89701652500014, 44.245441437000181 ], [ 21.897726059000092, 44.242828369000165 ], [ 21.897943496000039, 44.240047454000035 ], [ 21.897766112999989, 44.237216949000185 ], [ 21.897163392000152, 44.23442840600012 ], [ 21.895576478000123, 44.229171754000049 ], [ 21.895530701000155, 44.224815370000044 ], [ 21.896070481000038, 44.222831727000141 ], [ 21.897197724000137, 44.221141815000124 ], [ 21.898536682000099, 44.220134735999977 ], [ 21.905328750000024, 44.216228485000158 ], [ 21.909227370000167, 44.212661743000126 ], [ 21.911939620000055, 44.210578918000181 ], [ 21.914279937000174, 44.209503175000066 ], [ 21.915981291999969, 44.209278107000102 ], [ 21.917690277000077, 44.209491730000082 ], [ 21.920080184000028, 44.210552216999986 ], [ 21.92241096500004, 44.212116242000036 ], [ 21.926261900999975, 44.215087892000042 ], [ 21.933176039999978, 44.221797944000116 ], [ 21.935407639000175, 44.223628997 ], [ 21.937967300000139, 44.225204468000072 ], [ 21.940055847000167, 44.226165771000126 ], [ 21.944162369000139, 44.227542878000122 ], [ 21.946109771000181, 44.227909088000047 ], [ 21.948858262000101, 44.227886199000181 ], [ 21.952463151000018, 44.22686767600004 ], [ 21.954259873000183, 44.226001740000129 ], [ 21.955743790000156, 44.224952699000085 ], [ 21.956985473000088, 44.223114013000043 ], [ 21.957170487000155, 44.221748352000077 ], [ 21.956842422000079, 44.220371247000116 ], [ 21.956083298000181, 44.219120026000041 ], [ 21.952381135000167, 44.215366365000079 ], [ 21.951417922000132, 44.213932038000166 ], [ 21.950859071000025, 44.212394715000073 ], [ 21.950822829, 44.21038818400001 ], [ 21.951236724000069, 44.208972930000186 ], [ 21.952899932000037, 44.205513001000156 ], [ 21.956724166000072, 44.199031830000081 ], [ 21.958089828000084, 44.195198060000166 ], [ 21.958320618000187, 44.192790985000045 ], [ 21.958194732000095, 44.190322875999982 ], [ 21.957695007000041, 44.187839508000025 ], [ 21.956039429000157, 44.182655335 ], [ 21.955434800000148, 44.177864075000059 ] ] ] ] } }
]
}
